method,membership,doc_id,score
loss,member,https://atlanticcityweekly.com/weather/weather-small-coastal-storm-to-bring-rain-some-wind-into-wednesday/article_934982b8-b43b-11ec-a607-1f21f73c5828.html,2.961350938473193
loss,member,https://atlanticcityweekly.com/arts_and_entertainment/things-to-do-for-all-of-you/article_189384be-f96a-11ec-a828-9f0bba8b8de5.html,2.2964213239780116
loss,member,https://atlanticcityweekly.com/arts_and_entertainment/10-things-to-do-on-the-ocean-city-boardwalk/article_3e9bb56e-0c48-11ed-90d3-7bbff19becd1.html,2.6940967931281787
loss,member,https://atlanticcityweekly.com/arts_and_entertainment/headliner-spotlight/article_c2f5ade6-ca36-11ec-8c92-93fd0227696b.html,2.2205673493822817
loss,member,https://atlanticcityweekly.com/arts_and_entertainment/rock-and-roll-hall-of-famers-celebrate-six-decades-at-borgata/article_6e66d7b6-bd0a-11ec-94bb-7f7ae869482d.html,2.789592508252268
loss,member,https://atlanticcityweekly.com/attheshore/nightlife/roulette-pivot-point-cant-guarantee-riches/article_0289135e-f92f-11ec-bed3-778c741a408c.html,3.406598973802351
loss,member,https://atlanticcityweekly.com/attheshore/dining/a-c-weekly-to-celebrate-mankind-s-greatest-dish-at-burger-bash-v/article_48e2f00e-dc47-11ec-a6fd-d381d8364dec.html,2.8196589211009098
loss,member,https://atlanticcityweekly.com/attheshore/dining/the-grills-were-alive-at-burger-bash-v/article_0c9b1dee-f162-11ec-9bc1-f39bd220dc93.html,2.737250366815484
loss,member,https://atlanticcityweekly.com/attheshore/dining/on-a-roll-at-taco-caballito-tequileria/article_21c217f2-cf95-11ec-ab12-6731e831409c.html,2.6698406120646307
loss,member,https://atlanticcityweekly.com/arts_and_entertainment/ann-wilson-flies-solo-as-her-tour-rolls-into-atlantic-city/article_14c1a234-0c08-11ed-9fff-c7f592684e9b.html,2.6985611007211
loss,member,https://atlanticcityweekly.com/attheshore/nightlife/bigger-bets-for-better-rules-can-damage-your-bankroll/article_6c153fb4-dabc-11ec-a08a-5b093cf8f755.html,3.230965880237935
loss,member,https://atlanticcityweekly.com/attheshore/dining/sundaes-in-the-summer-at-the-sunryser/article_cdc05c04-1e5e-11ed-a7d8-a76cfb06641f.html,2.877516012945868
loss,member,https://atlanticcityweekly.com/attheshore/dining/sundaes-in-the-summer-at-skipper-dipper/article_5bdc44ce-fed1-11ec-ab08-fb71cc365a71.html,2.741562107058823
loss,member,https://atlanticcityweekly.com/arts_and_entertainment/things-to-do-for-all-of-you/article_114b38c0-ddc0-11ec-ad79-eb5faa6475f9.html,2.4666576481178133
loss,member,https://atlanticcityweekly.com/attheshore/events/hellzapoppin-circus-sideshow-comes-to-a-c-for-a-night-of-shock-and-awe/article_a643364e-ca33-11ec-80b1-93e89928b733.html,2.820159961387949
loss,member,https://atlanticcityweekly.com/8-day-nj-heat-wave-was-longest-since-2018-longest-96f-stretch-on-record/article_970de9e2-0d42-11ed-80fd-97c61d43c14d.html,2.8896174579203855
loss,member,https://atlanticcityweekly.com/attheshore/dining/tracking-down-south-jersey-s-best-dining-options-for-easter-grub/article_11018572-ba70-11ec-b4d5-a3cc04cea4d3.html,2.5107104026836247
loss,member,https://atlanticcityweekly.com/arts_and_entertainment/things-to-do-for-all-of-you/article_9c952368-2254-11ed-8d27-37d592bdb826.html,2.328137508583143
loss,member,https://atlanticcityweekly.com/arts_and_entertainment/things-to-do-for-all-of-you/article_ef3230f6-3038-11ed-b56d-7be485f0a9ae.html,2.3896174233812446
loss,member,https://atlanticcityweekly.com/arts_and_entertainment/things-to-do-for-all-of-you/article_1b527e2a-11b7-11ed-bead-df88e3124d14.html,2.186284436744764
loss,member,https://atlanticcityweekly.com/attheshore/dining/crossroads-bar-grill-scores-big-with-wild-twists-on-american-bar-food/article_a9e69f82-0cf2-11ed-a2d7-d30a906d7a31.html,2.7016458723805252
loss,member,https://atlanticcityweekly.com/arts_and_entertainment/things-to-do-for-all-of-you/article_2fb8427a-d524-11ec-9520-f3985c59c91f.html,2.527516772293042
loss,member,https://atlanticcityweekly.com/arts_and_entertainment/5-questions-with-magician-trickster-michael-carbonaro/article_8c4c5a12-ca5c-11ec-8e49-0b3a72d4e9fe.html,2.6520047661019537
loss,member,https://atlanticcityweekly.com/arts_and_entertainment/headliner-spotlight/article_09651faa-2a0e-11ed-aadd-b33710b1193d.html,2.135552998252397
loss,member,https://atlanticcityweekly.com/attheshore/dining/famed-philly-chef-teams-with-cookie-till-for-week-long-presence-charitable-event/article_22bdc036-1278-11ed-97e7-fba03a2e2c4b.html,2.5315294813298186
loss,member,https://atlanticcityweekly.com/attheshore/nightlife/5-great-spots-to-get-a-beer-for-national-beer-day/article_47251b5a-b412-11ec-95b5-d32af5350346.html,3.0398486869706662
loss,member,https://atlanticcityweekly.com/arts_and_entertainment/absecon-lighthouse-welcomes-all-to-its-annual-spring-festival/article_a0df388a-caef-11ec-80e6-27c920639258.html,2.691687420995521
loss,member,https://atlanticcityweekly.com/attheshore/events/42nd-national-sports-collectors-convention-returns-to-a-c/article_19381bdc-0464-11ed-999f-935db2616c44.html,2.6484743261300143
loss,member,https://atlanticcityweekly.com/arts_and_entertainment/ocean-casino-steps-up-its-fantasy-football-game-at-topgolf/article_2f118b7c-2882-11ed-95ab-0f441b7dc513.html,3.2212514920642104
loss,member,https://atlanticcityweekly.com/attheshore/nightlife/tidalwave-music-festival-brings-monsoon-of-country-music-to-a-c-beach-this-weekend/article_9dcbe94a-1801-11ed-9c0b-cb7d55629015.html,2.539021694238195
loss,member,https://atlanticcityweekly.com/attheshore/dining/5-spots-to-celebrate-the-return-of-baseball/article_9152d674-bf5a-11ec-b969-6bb67b868857.html,2.7146288939581487
loss,member,https://atlanticcityweekly.com/nightlife/5-reasons-to-check-out-moe-s-pop-up-bar-in-wildwood/article_47f7ead4-0391-11ed-b72c-97fd2252d53f.html,2.7822529464832066
loss,member,https://atlanticcityweekly.com/attheshore/nightlife/blackjack-has-34-starting-hands-or-more-if-composition-matters/article_cee86d6e-0690-11ed-954d-13c3878f1324.html,3.6389003746537387
loss,member,https://atlanticcityweekly.com/arts_and_entertainment/reversible-royals-bring-larger-but-rarer-jackpots/article_dfab461a-f085-11ec-ba5e-77745a051447.html,3.5889954049588226
loss,member,https://atlanticcityweekly.com/attheshore/nightlife/5-spots-to-enjoy-before-the-summer-crowds-come/article_7f84e2e8-cf95-11ec-afd1-83ec7974c926.html,2.6829919810239535
loss,member,https://atlanticcityweekly.com/attheshore/dining/5-reasons-to-go-to-tequila-week-at-bally-s/article_c6f44400-f968-11ec-93d2-e7004dc812c1.html,2.413492345894031
loss,member,https://atlanticcityweekly.com/arts_and_entertainment/barefoot-country-music-fest-returns-to-wildwood-beach/article_1b04c982-ebe7-11ec-abbc-f7850f2c0b5a.html,2.4488820302504584
loss,member,https://atlanticcityweekly.com/arts_and_entertainment/tropicana-s-boogie-nights-celebrates-10-years-of-partying-like-its-1999/article_f9f10f08-c571-11ec-bdab-0fa1df62cb5f.html,2.665588672298504
loss,member,https://atlanticcityweekly.com/attheshore/events/a-c-beach-hosts-three-nights-of-the-world-s-biggest-jam-band/article_a460565e-11b9-11ed-beed-473535620265.html,2.8404167847095314
loss,member,https://atlanticcityweekly.com/attheshore/dining/3-great-bars-to-watch-week-1-of-the-nfl/article_45b31d5e-2df1-11ed-84b4-d7e7b2d0631e.html,2.758923744622336
loss,member,https://atlanticcityweekly.com/sponsored/give-the-gift-of-life---a-kidney-for-avram/article_96636352-ec1b-11ec-afad-af2b631451b1.html,2.374955862201456
loss,member,https://atlanticcityweekly.com/blogs/casino_answer_man/players-find-up-and-down-sides-of-streaks-at-craps-and-roulette/article_838b4b5a-e059-11ec-8a46-53177fa68b4e.html,3.2235316996202688
loss,member,https://atlanticcityweekly.com/blogs/casino_answer_man/vplayers-find-up-and-down-sides-of-streaks-at-craps-and-roulette/article_838b4b5a-e059-11ec-8a46-53177fa68b4e.html,3.2235316996202688
loss,member,https://atlanticcityweekly.com/arts_and_entertainment/things-to-do-for-all-of-you/article_b299de10-2a24-11ed-98e2-a314b2c540a8.html,2.3143253726665836
loss,member,https://atlanticcityweekly.com/arts_and_entertainment/drummer-shows-artistic-side-at-hard-rock-performs-with-lynyrd-skynyrd-at-ocean-casino/article_a00fd08a-fc82-11ec-be86-9f1b4a6d113b.html,2.736332162766369
loss,member,https://atlanticcityweekly.com/arts_and_entertainment/fireworks-around-south-jersey-and-independence-day-events/article_5b119ff0-f6dc-11ec-af44-d7963461b70d.html,2.332152764680186
loss,member,https://atlanticcityweekly.com/arts_and_entertainment/things-to-do-for-all-of-you/article_a0a56db0-1ccc-11ed-8cff-dbe0f63cef13.html,2.2444943709821046
loss,member,https://atlanticcityweekly.com/attheshore/dining/10-great-spots-to-bring-your-pop-on-father-s-day/article_d0d06be8-eb30-11ec-bb9d-cb3720af2358.html,2.40038276984609
loss,member,https://atlanticcityweekly.com/ats-cover-6-16-22/article_47ecd3f6-ebdb-11ec-9763-7b01cf4822b8.html,4.784733707657825
loss,member,https://atlanticcityweekly.com/attheshore/dining/ocean-casino-s-makai-brings-island-flavors-to-atlantic-city/article_255d15da-2e02-11ed-9585-8bf51c151278.html,3.1019340467927803
loss,member,https://atlanticcityweekly.com/attheshore/dining/newly-opened-moonshiners-bar-and-grill-in-mays-landing-is-here-to-stay/article_2e4d63c6-db7c-11ec-b02c-3719ce31f867.html,2.5093904305685246
loss,member,https://atlanticcityweekly.com/attheshore/dining/girasole-celebrates-three-decades-of-inspired-italian-cuisine/article_82e5edbc-e668-11ec-a3a1-63550687ef73.html,2.786991262845604
loss,member,https://atlanticcityweekly.com/arts_and_entertainment/new-comedy-concept-combines-hypnosis-and-improv-into-one-sidesplitting-good-time/article_557e1eec-e683-11ec-8553-e72891da63cc.html,2.5754318987604874
loss,member,https://atlanticcityweekly.com/attheshore/dining/appy-hour-at-the-point/article_bee5e010-daa6-11ec-98b7-2bb20e469a25.html,3.212999215151016
loss,member,https://atlanticcityweekly.com/weather/weather-boom-or-bust-scenario-for-severe-weather-tuesday-comfy-weekend-ahead/article_0b8042c2-fb30-11ec-9bd4-674e9cbe3b3e.html,2.7142183437157925
loss,member,https://atlanticcityweekly.com/the-chatterbox-in-ocean-city-roars-back-to-life-under-new-ownership/article_28b831ce-17eb-11ed-944c-43c5b498c53e.html,2.722749275849
loss,member,https://atlanticcityweekly.com/arts_and_entertainment/big-developments-define-summer-2022-for-ocean-casino/article_1e30aa5a-daac-11ec-86da-17c9830fabe5.html,2.1985060861836505
loss,member,https://atlanticcityweekly.com/sponsored/north-beach-atlantic-city-fireworks-celebration-set-for-sept-4th/article_e9c2aaa4-287e-11ed-b794-c7ff847eabef.html,2.710764840435732
loss,member,https://atlanticcityweekly.com/arts_and_entertainment/things-to-do-for-all-of-you/article_7df7d468-daac-11ec-9c5a-83fc8d7b6c90.html,2.4022231052129945
loss,member,https://atlanticcityweekly.com/attheshore/dining/honor-thy-burger-at-burger-bash-v/article_58eb6e30-d531-11ec-ad42-274e02ab81b7.html,2.788755806759089
loss,member,https://atlanticcityweekly.com/attheshore/dining/trop-opens-brand-new-japanese-tavern-concept/article_3ef4d788-0f73-11ed-a85c-9725dbf88c32.html,2.5537168282748164
loss,member,https://atlanticcityweekly.com/arts_and_entertainment/this-a-c-wrestling-tournament-is-a-real-game-changer/article_96b81e48-dd2e-11ec-92e0-1b7729b2d59c.html,2.5098754465494792
loss,member,https://atlanticcityweekly.com/attheshore/events/the-downbeach-seafood-festival-makes-for-a-shucking-fun-weekend-in-south-jersey/article_e53e5e38-3387-11ed-a473-3bec6d3fa639.html,2.7602798240513113
loss,member,https://atlanticcityweekly.com/arts_and_entertainment/5-great-bars-to-watch-the-fireworks-at-this-weekend/article_7098372e-f70b-11ec-86b1-5307ec4e44eb.html,2.396173460742019
loss,member,https://atlanticcityweekly.com/arts_and_entertainment/things-to-do-for-all-of-you/article_323e1508-ca2d-11ec-83d5-0382e60f893c.html,2.4755011176879536
loss,member,https://atlanticcityweekly.com/attheshore/nightlife/despite-low-frequency-points-pass-wins-more-often-than-place/article_2d722ac0-2d31-11ed-b321-6745aafd829a.html,3.098704826946184
loss,member,https://atlanticcityweekly.com/arts_and_entertainment/nj-horror-con-screams-its-way-back-to-showboat/article_9fcb8cee-b412-11ec-a51b-db469cb24955.html,2.4687463029339263
loss,member,https://atlanticcityweekly.com/arts_and_entertainment/wwe-sunday-stunner-returns-to-atlantic-city/article_a0f56120-17f0-11ed-9bb1-7ba84fe27d75.html,1.8251619338829408
loss,member,https://atlanticcityweekly.com/arts_and_entertainment/jurassic-quest-brings-dino-sized-fun-for-family-to-a-c/article_4b7500c4-11ca-11ed-83f2-0f4f37b56480.html,2.5617965233424944
loss,member,https://atlanticcityweekly.com/attheshore/nightlife/rakin-bacon-monopoly-cheat-edition-amp-up-entertainment-fun-at-slots/article_0bf2fa7a-ea68-11ec-9cd3-ff5b31a74dae.html,3.5791407675994966
loss,member,https://atlanticcityweekly.com/arts_and_entertainment/311-keep-creative-journey-flowing-as-fall-tour-heads-to-a-c/article_7eb82abe-3327-11ed-8649-47a2aa0a5e54.html,2.4117043773727347
loss,member,https://atlanticcityweekly.com/food_and_drink/5-things-to-know-about-the-vue-rooftop-bar-and-lounge/article_15038cb0-2ebf-11ed-aeab-2f70629e95a5.html,2.6408419808391135
loss,member,https://atlanticcityweekly.com/arts_and_entertainment/things-to-do-for-all-of-you/article_ab69b47a-c4ae-11ec-98ee-df4549e88bac.html,2.3941754063171254
loss,member,https://atlanticcityweekly.com/attheshore/dining/michael-s-summer-wine-picks/article_ce5a70f2-0462-11ed-b063-4f6cc561d1c4.html,2.8513874118445335
loss,member,https://atlanticcityweekly.com/arts_and_entertainment/things-to-do-for-all-of-you/article_0498ab48-172d-11ed-abcd-7376c5e93891.html,2.3452574377576743
loss,member,https://atlanticcityweekly.com/arts_and_entertainment/two-very-different-styles-of-circus-return-to-showboat/article_c2fb0fc4-01eb-11ed-8e78-4ff5a7de765e.html,2.664512990819029
loss,member,https://atlanticcityweekly.com/attheshore/nightlife/four-card-poker-finds-expanded-niche-online/article_17c5c99c-2215-11ed-9f19-e7d8f92a75df.html,2.8547500776844235
loss,member,https://atlanticcityweekly.com/acw-cover-photos/article_1ae199b6-e67f-11ec-b885-c391ff186d4a.html,3.213804631887262
loss,member,https://atlanticcityweekly.com/attheshore/nightlife/blackjack-bobs-right-plays-cant-overcome-wrong-cards/article_9f844d02-b8e0-11ec-b095-231ae46c9b11.html,3.150156216041761
loss,member,https://atlanticcityweekly.com/attheshore/nightlife/5-reasons-to-see-red-perform-at-golden-nugget-every-monday/article_cba1ffe2-0f5c-11ed-b949-77f44c55f97f.html,2.775622432430255
loss,member,https://atlanticcityweekly.com/arts_and_entertainment/free-concert-with-the-singing-lifeguard/article_59cdccd8-ddf8-11ec-b9c3-7fb4967c24d5.html,2.7316569801837365
loss,member,https://atlanticcityweekly.com/attheshore/dining/on-a-roll-at-el-pueblo-taqueria/article_1653e25e-bf16-11ec-9f58-5be08602154a.html,2.8118525597663795
loss,member,https://atlanticcityweekly.com/arts_and_entertainment/things-to-do-for-all-of-you/article_323cbe4c-b420-11ec-af3f-3f302d736094.html,2.550444371798216
loss,member,https://atlanticcityweekly.com/arts_and_entertainment/headliner-spotlight/article_3e523e88-feed-11ec-9e3f-bbea6c57599b.html,2.1315408476248683
loss,member,https://atlanticcityweekly.com/attheshore/headliners/ocean-casino-brings-in-a-new-kind-of-tribute-act-with-magical-mystery-doors/article_b594132a-0156-11ed-9a02-7bd2faf45444.html,2.543643349419473
loss,member,https://atlanticcityweekly.com/arts_and_entertainment/o-c-pops-honor-famed-film-composer-with-star-wars-performance/article_e564f4de-01f1-11ed-b1f6-9784283e34b4.html,2.405373834087372
loss,member,https://atlanticcityweekly.com/arts_and_entertainment/things-to-do-for-all-of-you/article_94170cfc-bf16-11ec-b021-8b293e50d88a.html,2.35362666431509
loss,member,https://atlanticcityweekly.com/attheshore/nightlife/weekly-horoscopes/article_dd621a62-2214-11ed-8acc-7be50355f817.html,1.997544168308845
loss,member,https://atlanticcityweekly.com/blogs/casino_answer_man/when-dealt-card-lands-on-chair-does-employee-have-to-fetch/article_86bd5166-bf15-11ec-953e-4baacb6ccfdd.html,3.1499816031162253
loss,member,https://atlanticcityweekly.com/arts_and_entertainment/millennium-era-nu-metal-rockers-staind-head-to-atlantic-city/article_f0266e52-2a28-11ed-806c-8ba1a1932451.html,2.4885893556123815
loss,member,https://atlanticcityweekly.com/arts_and_entertainment/bally-s-new-renovations-offerings-make-park-place-and-boardwalk-legendary-again/article_392bf548-dada-11ec-8ba5-ff47879e9919.html,2.779344710426748
loss,member,https://atlanticcityweekly.com/attheshore/dining/borgata-announces-new-steakhouse-concept-to-open/article_98f5ed3c-ec12-11ec-aa30-ffbb8c54aee0.html,2.6961807468321872
loss,member,https://atlanticcityweekly.com/arts_and_entertainment/atlantic-city-airshow-gives-sky-salute-to-those-who-serve/article_de31e514-1a38-11ed-ae0f-df760cb27307.html,2.4056194412045033
loss,member,https://atlanticcityweekly.com/things-to-do-for-all-of-you/article_3ecbc38c-cfb0-11ec-8851-a71321d75413.html,2.345926718788537
loss,member,https://atlanticcityweekly.com/attheshore/dining/after-a-far-too-long-gap-burger-bash-is-back/article_5fc5f6b8-b41f-11ec-a822-afa35f30d884.html,3.0187133500943886
loss,member,https://atlanticcityweekly.com/arts_and_entertainment/things-to-do-for-all-of-you/article_af9d6428-ef3e-11ec-ab00-674f704ed556.html,2.3571353079232966
loss,member,https://atlanticcityweekly.com/arts_and_entertainment/exit-zero-jazz-festival-celebrates-10th-anniversary-with-stellar-lineup/article_3f40cc94-d074-11ec-9c9f-a76c3e6feb0c.html,2.7101695424912244
loss,member,https://atlanticcityweekly.com/attheshore/dining/sundaes-in-the-summer-at-fine-fellows-creamery/article_407f5e20-dd23-11ec-92fd-d78cc59bb709.html,2.990010039121407
loss,member,https://atlanticcityweekly.com/arts_and_entertainment/night-in-venice-continues-tradition-with-former-villanova-basketball-coach/article_d5ba1510-044d-11ed-bb17-8ff797fca53c.html,2.4010408144085673
loss,member,https://atlanticcityweekly.com/attheshore/nightlife/pass-line-edge-never-disappears-no-matter-how-big-the-odds-bet/article_2da1f448-1199-11ed-bb65-0f8c3c7700c0.html,3.3742264437201643
loss,member,https://atlanticcityweekly.com/attheshore/dining/brigantine-s-new-fast-casual-spot-kook-burger-continues-to-sizzle/article_04ae27fc-f15d-11ec-991b-67fe6cfcea14.html,2.588905144464169
loss,member,https://atlanticcityweekly.com/attheshore/nightlife/weekly-horoscopes/article_44ddbcea-a926-11ec-ba7e-ffa615200150.html,2.1256521261540944
loss,member,https://atlanticcityweekly.com/arts_and_entertainment/casinos-dge-join-forces-for-june-2-job-fair/article_2e8244bc-e1bf-11ec-896d-434e3f8c3827.html,2.001616114898452
loss,member,https://atlanticcityweekly.com/attheshore/dining/shandies-blondes-and-pilsners-oh-my-summer-beer-season-is-here/article_0c652bae-ca29-11ec-9276-8b8b07fb2b32.html,3.430407010137145
loss,member,https://atlanticcityweekly.com/attheshore/events/more-on-the-right-notes/article_4beae908-336f-11ed-8730-b343b3fdcebb.html,2.520361004181968
loss,member,https://atlanticcityweekly.com/arts_and_entertainment/things-to-do-for-all-of-you/article_3ecbc38c-cfb0-11ec-8851-a71321d75413.html,2.3515143801636977
loss,member,https://atlanticcityweekly.com/arts_and_entertainment/headliner-spotlight/article_5e35c49e-f886-11ec-bdaa-4f3c2b0e32ea.html,2.2324634276800746
loss,member,https://atlanticcityweekly.com/attheshore/dining/june-is-here-for-beer/article_bb84d134-dd2f-11ec-bea6-df8dac681c79.html,3.6620913258412826
loss,member,https://atlanticcityweekly.com/arts_and_entertainment/firefighting-convention-expo-and-parade-return-to-wildwoods/article_5e519ab0-2f91-11ed-85a4-0f90314c111d.html,2.3789099025968308
loss,member,https://atlanticcityweekly.com/arts_and_entertainment/things-to-do-for-all-of-you/article_1cd635d4-f6ff-11ec-8e7f-a78df9855e6a.html,2.2485382736045763
loss,member,https://atlanticcityweekly.com/attheshore/headliners/good-draw-on-wrong-game-vexes-video-poker-player/article_376c81d2-d50d-11ec-8e6f-7bd17781974e.html,3.3140268033749356
loss,member,https://atlanticcityweekly.com/attheshore/dining/sundaes-in-the-summer-at-anna-lee-s-cookies-and-cream/article_79fdeb82-f6ee-11ec-bbbe-132766dfaaa9.html,2.5590023471332053
loss,member,https://atlanticcityweekly.com/arts_and_entertainment/black-crowes-patch-things-up-and-bring-shake-your-money-maker-to-borgata/article_5a96bde8-f6f1-11ec-9de6-af239cbe5ae4.html,2.8355597646549526
loss,member,https://atlanticcityweekly.com/arts_and_entertainment/high-tech-hard-rock-exhibit-offers-unique-perspective-on-vincent-van-gogh/article_11c88dee-f95d-11ec-b6b5-a31f631afb01.html,2.737946558589505
loss,member,https://atlanticcityweekly.com/arts_and_entertainment/things-to-do-for-all-of-you/article_f8b95594-ea99-11ec-aebe-8f850b715f94.html,2.3732937373032867
loss,member,https://atlanticcityweekly.com/arts_and_entertainment/black-excellence-festival-returns-to-showboat-for-federal-holiday/article_7d19f2d2-ea9d-11ec-9a40-9b47fcd64093.html,2.788609360597214
loss,member,https://atlanticcityweekly.com/arts_and_entertainment/favorito-brings-old-school-rickles-style-comedy-to-ocean-casino/article_92a024da-0c50-11ed-b7ce-7735d69bda48.html,2.59170610147613
loss,member,https://atlanticcityweekly.com/attheshore/dining/burger-bash-v-brings-the-fire-to-golden-nugget/article_bcfae8a6-bf60-11ec-8b1f-7bd8d6b8cb9e.html,2.822807743337747
loss,member,https://atlanticcityweekly.com/food_and_drink/serendipity3-brings-over-the-top-desserts-bites-drinks-and-celebrations-to-ocean-casino/article_c242df36-06d1-11ed-bd3a-d3243d1d9689.html,2.9285690199093
loss,member,https://atlanticcityweekly.com/la-mesa-mr-gordo-offer-new-dining-options-for-mexican-holiday/article_80d2fb6a-caf1-11ec-890e-df55d5203777.html,2.6925704497523237
loss,member,https://atlanticcityweekly.com/arts_and_entertainment/headliner-spotlight/article_e133d752-b40f-11ec-804b-3fc8784e4b3d.html,2.0664315322331706
loss,member,https://atlanticcityweekly.com/food_and_drink/girasole-celebrates-three-decades-of-inspired-italian-cuisine/article_3720dc9c-e669-11ec-b789-f38926431134.html,2.786991262845604
loss,member,https://atlanticcityweekly.com/night-in-venice-continues-tradition-with-former-villanova-basketball-coach/article_0bf227e6-06b8-11ed-9717-77c5b4426168.html,2.409415472608565
loss,member,https://atlanticcityweekly.com/acw-cover-artwork/article_27cebef4-338e-11ed-b705-87fd076570f6.html,3.91355584580822
loss,member,https://atlanticcityweekly.com/attheshore/dining/spring-beer-season-means-plenty-of-events-and-unique-styles/article_dc12a266-b45b-11ec-b42f-bf4396f587e6.html,3.4698865631272366
loss,member,https://atlanticcityweekly.com/arts_and_entertainment/headliner-spotlight/article_b9d7ad8a-e5bc-11ec-ade8-0b761171f793.html,2.2606492205030317
loss,member,https://atlanticcityweekly.com/attheshore/dining/a-scrumptious-search-for-the-tastiest-appetizers-in-south-jersey/article_75da2cb0-bfde-11ec-a398-cff8134dbce8.html,2.825665586897037
loss,member,https://atlanticcityweekly.com/arts_and_entertainment/headliner-spotlight/article_b6af85f4-d529-11ec-81eb-e3f12d793c89.html,2.361277462177904
loss,member,https://atlanticcityweekly.com/arts_and_entertainment/showboat-debuts-indoor-go-kart-experience/article_c45d8264-daba-11ec-b9f4-dbbac7c5982a.html,2.736551325001923
loss,member,https://atlanticcityweekly.com/attheshore/dining/a-c-weekly-s-burger-bash-event-prepares-to-sizzle-after-a-three-year-hiatus/article_9ea74b2a-eb56-11ec-87f6-779fa13b4fd8.html,2.827760212055189
loss,member,https://atlanticcityweekly.com/attheshore/dining/new-jersey-breweries-need-your-support-after-absurd-regulations/article_2be4c80c-0f5e-11ed-a243-f3043737cb5e.html,3.565362330608574
loss,member,https://atlanticcityweekly.com/attheshore/nightlife/5-great-spots-to-enjoy-a-fresh-margarita-on-cinco-de-mayo/article_16f70eee-ca32-11ec-aadc-cf53668ae978.html,2.529822299547391
loss,member,https://atlanticcityweekly.com/attheshore/dining/first-ever-atlantic-city-seafood-music-festival-looks-to-be-a-shuckin-good-time/article_5e248028-ef3d-11ec-97f8-f77be3d3afea.html,2.524497664990162
loss,member,https://atlanticcityweekly.com/attheshore/dining/la-mesa-mr-gordo-offer-new-dining-options-for-mexican-holiday/article_7a95270e-ca57-11ec-858e-a36563b948f5.html,2.694066923380109
loss,member,https://atlanticcityweekly.com/acw-cover-concept-72822/article_1b7d12fe-0cfb-11ed-9027-5b4f3c706339.html,3.760167246894719
loss,member,https://atlanticcityweekly.com/arts_and_entertainment/primus-pay-tribute-to-prog-rock-forefathers-as-a-tribute-to-kings-tour-rolls-into/article_7455ee38-d852-11ec-be86-1fca7fcedf04.html,2.6602371896905748
loss,member,https://atlanticcityweekly.com/attheshore/dining/what-you-need-to-know-about-natural-organic-and-vegan-wines/article_aafe8884-bd0c-11ec-9480-e7666321cb62.html,2.8028320259779873
loss,member,https://atlanticcityweekly.com/attheshore/dining/the-chatterbox-in-ocean-city-roars-back-to-life-under-new-ownership/article_7a9b4afa-17e4-11ed-b41c-ab9968c3f524.html,2.7172980574278935
loss,member,https://atlanticcityweekly.com/attheshore/nightlife/weekly-horoscopes/article_bcc68bd4-dde1-11ec-82a9-0b654f59d66c.html,2.206418614898727
loss,member,https://atlanticcityweekly.com/attheshore/dining/ocean-casino-offers-a-choco-tribute/article_e9bfeb08-11a8-11ed-a531-9f484657ffc4.html,3.1349706937167516
loss,member,https://atlanticcityweekly.com/attheshore/nightlife/5-reasons-to-check-out-coral-lounge-bar-at-resorts/article_0d02eed8-e5aa-11ec-a6d9-778392356120.html,2.76871996358671
loss,member,https://atlanticcityweekly.com/attheshore/dining/appy-hour-at-harry-s-ocean-bar-grille/article_6323cd80-ef3e-11ec-9e25-53067c363be8.html,2.927047178366285
loss,member,https://atlanticcityweekly.com/arts_and_entertainment/a-fusion-of-top-shelf-talent-visits-ocean-casino-s-ovation-hall-for-the-third/article_53c593d6-332d-11ed-8efc-ff74f8c86174.html,2.5727981274515184
loss,member,https://atlanticcityweekly.com/arts_and_entertainment/things-to-do-for-all-of-you/article_48f40220-0449-11ed-828f-5f926710e0ca.html,2.2698501424569537
loss,member,https://atlanticcityweekly.com/attheshore/dining/sundaes-in-the-summer-at-peace-pie/article_3f2a00a0-e743-11ec-abfc-bf515eb8ca79.html,2.8207322382437723
loss,member,https://atlanticcityweekly.com/attheshore/dining/appy-hour-at-hotel-lbi/article_2b4b5a1e-1742-11ed-bc91-c70ff26b20ee.html,2.9866255447524694
loss,member,https://atlanticcityweekly.com/arts_and_entertainment/with-a-wealth-of-new-businesses-and-teamwork-north-beach-now-hottest-spot-in-a/article_f80f6d30-0cff-11ed-8ff1-bb736a2cf94e.html,2.7451524694531018
loss,member,https://atlanticcityweekly.com/sponsored/meet-the-business---one-stop-xteriors/article_0da709f4-dd22-11ec-ac34-b3f2e1fbf572.html,3.116629091904577
loss,member,https://atlanticcityweekly.com/arts_and_entertainment/boy-band-what-a-rush-reunites-in-a-c/article_c020022a-f70d-11ec-8f73-a30e3ede1a34.html,2.303351333505845
loss,member,https://atlanticcityweekly.com/ats-cover-4-28-22/article_661c8de2-c4c8-11ec-9c0b-4b7ec50fa571.html,3.061108717314985
loss,member,https://atlanticcityweekly.com/arts_and_entertainment/things-to-do-for-all-of-you/article_0e55b5bc-012b-11ed-9aee-efe1626087a1.html,2.384753533415227
loss,member,https://atlanticcityweekly.com/attheshore/events/don-t-get-faked-out-at-this-year-s-fakefest-at-golden-nugget/article_552390b4-ef3c-11ec-a8f8-9fd812f479e3.html,2.439835480030586
loss,member,https://atlanticcityweekly.com/arts_and_entertainment/headliner-spotlight/article_8545a318-b9a9-11ec-b6ba-db0c77773b95.html,2.2278461770797797
loss,member,https://atlanticcityweekly.com/arts_and_entertainment/headliner-spotlight/article_74365b02-221e-11ed-9f03-37517144e6bb.html,2.190380753003143
loss,member,https://atlanticcityweekly.com/attheshore/dining/oh-my-dear---the-pumpkin-beers-are-here/article_9b838b4e-2872-11ed-9420-5b193f301a75.html,3.6436322556000467
loss,member,https://atlanticcityweekly.com/blogs/casino_answer_man/slot-players-need-not-fear-mid-game-switch-via-server/article_2e282360-b41a-11ec-964c-b30bde973c53.html,3.383500314083121
loss,member,https://atlanticcityweekly.com/arts_and_entertainment/headliner-spotlight/article_3dde292a-d851-11ec-8ad7-1f4893bce4b4.html,2.1577365583953534
loss,member,https://atlanticcityweekly.com/arts_and_entertainment/headliner-spotlight/article_5e481624-045e-11ed-9fef-f7b0c59f60ec.html,2.200391106985478
loss,member,https://atlanticcityweekly.com/arts_and_entertainment/mummers-close-the-summer-with-the-annual-new-years-in-north-wildwood/article_2e0b2aa0-29f2-11ed-95f4-47d98f35e00b.html,2.5903434689436713
loss,member,https://atlanticcityweekly.com/arts_and_entertainment/headliner-spotlight/article_d9f0a736-172e-11ed-8161-73005ae40156.html,2.2765210725530394
loss,member,https://atlanticcityweekly.com/attheshore/nightlife/tidalwave-music-festival-brings-monsoon-of-country-music-to-a-c-beach-this-weekend/article_cc8697fa-1809-11ed-9bf7-b3dd59fd9080.html,2.539021694238195
loss,member,https://atlanticcityweekly.com/arts_and_entertainment/headliner-spotlight/article_f17ce35a-2f8a-11ed-af59-4741d5195105.html,2.1568792252322218
loss,member,https://atlanticcityweekly.com/arts_and_entertainment/10-cool-things-to-discover-on-wildwood-boardwalk/article_3344f206-004b-11ed-9005-2390cc45c4b2.html,2.2026578356482527
loss,member,https://atlanticcityweekly.com/attheshore/nightlife/5-great-spots-to-bar-hop-with-a-beverage-in-hand/article_9c2f775c-d54c-11ec-848f-9fc003c89049.html,2.875495614666339
loss,member,https://atlanticcityweekly.com/arts_and_entertainment/john-cafferty-and-the-beaver-brown-band-to-perform-double-header-of-live-shows/article_b5642202-27a6-11ed-836d-b310ddc65c30.html,2.3836705403030067
loss,member,https://atlanticcityweekly.com/attheshore/events/a-c-s-rock-fest-hosts-stacked-deck-of-bands-from-80s-to-present/article_48c3627e-e5f3-11ec-97e3-c7dcb6cc9662.html,2.5644157538583854
loss,member,https://atlanticcityweekly.com/arts_and_entertainment/things-to-do-for-all-of-you/article_e4434a5e-253e-11ed-8f2c-574bc19c39a1.html,2.0882628731648056
loss,member,https://atlanticcityweekly.com/arts_and_entertainment/art-music-and-wellness-celebrated-for-a-good-cause/article_f344d966-e662-11ec-a1b7-efa9ed3f5979.html,2.6996343930336777
loss,member,https://atlanticcityweekly.com/attheshore/dining/burger-bash-chefs-bring-their-a-game-to-the-nugget-at-burger-bash-v/article_50e251c6-daa5-11ec-92fd-efd21528c340.html,2.7293600510436753
loss,member,https://atlanticcityweekly.com/attheshore/dining/just-in-time-for-higher-temperatures-your-guide-to-summer-sippers/article_19d84b72-ea9f-11ec-86be-0b5fc0f7989a.html,2.545828355749906
loss,member,https://atlanticcityweekly.com/celeb-chef-returns-to-a-c-with-fast-casual-burger-concept/article_390335b8-c720-11ec-9d45-7f6f1d51a9c1.html,2.6529373520887845
loss,member,https://atlanticcityweekly.com/attheshore/nightlife/5-reasons-to-check-out-bally-s-new-carousel-bar/article_ab7b524a-dc49-11ec-ae2b-476eee9f9a39.html,2.698008691920491
loss,member,https://atlanticcityweekly.com/attheshore/nightlife/5-places-that-are-back-in-full-swing-for-the-summer/article_e01cca6a-d857-11ec-8c93-7376318e2ae8.html,2.715998229322124
loss,member,https://atlanticcityweekly.com/attheshore/dining/south-jersey-prepares-for-burger-bash-v/article_f059c2f8-ba6a-11ec-86cc-0feeadbf5b22.html,3.0337263088756625
loss,member,https://atlanticcityweekly.com/arts_and_entertainment/5-things-to-know-about-the-pool-at-harrahs/article_104f1b66-29fc-11ed-9f19-e35d1ff1ec5e.html,2.6973593485526255
loss,member,https://atlanticcityweekly.com/arts_and_entertainment/summer-s-unofficial-kickoff-is-a-weekend-worth-celebrating-in-south-jersey/article_ff365b40-db6e-11ec-8e7c-579040121510.html,2.6139899994238114
loss,member,https://atlanticcityweekly.com/attheshore/nightlife/4-spots-to-pre-and-post-game-for-tidal-wave-festival/article_30a84ea0-17fa-11ed-902a-87cb86b85156.html,2.3271782486110855
loss,member,https://atlanticcityweekly.com/060922-acw-acwcoverphotos/article_6d0dbac6-e67f-11ec-8c08-33ca211193ad.html,3.2581321824378078
loss,member,https://atlanticcityweekly.com/arts_and_entertainment/chili-knockout-spicy-food-fest-brings-the-burn-to-a-c/article_9c13a1e2-d5f3-11ec-97ae-ff9ff3d2735f.html,2.7604462374250947
loss,member,https://atlanticcityweekly.com/serindipity3-brings-over-the-top-desserts-bites-drinks-and-celebrations-to-ocean-casino/article_c242df36-06d1-11ed-bd3a-d3243d1d9689.html,2.955289289793619
loss,member,https://atlanticcityweekly.com/arts_and_entertainment/a-full-lineup-of-new-bars-restaurants-and-gaming-concepts-are-headed-to-trop-this/article_95d249a2-bc06-11ec-a002-1f427fc39c74.html,2.726756313134714
loss,member,https://atlanticcityweekly.com/attheshore/dining/two-seafood-buffets-bring-all-you-can-eat-options-to-family-fun-locations/article_1a52f9ec-f703-11ec-923f-f3b3c4c74a30.html,2.9298070762365565
loss,member,https://atlanticcityweekly.com/arts_and_entertainment/tito-puente-jr-brings-the-spirit-of-his-father-s-music-to-somers-point/article_d6312a58-dd22-11ec-81b2-2b7c78c6a543.html,2.4640439627111688
loss,member,https://atlanticcityweekly.com/attheshore/dining/ossu-japanese-tavern-the-latest-hit-in-trop-s-dining-re-imaginings/article_a4a4e780-2305-11ed-b86b-f7fbed36d9d7.html,3.3187200237499574
loss,member,https://atlanticcityweekly.com/exit-zero-jazz-festival-celebrates-10th-anniversary-with-stellar-lineup/article_79ca0898-d07f-11ec-b72d-57b4112654bd.html,2.7267299301311816
loss,member,https://atlanticcityweekly.com/arts_and_entertainment/the-genesis-show-brings-the-duke-tour-to-levoy-theatre/article_6e6de534-2a1e-11ed-b675-278865971c33.html,2.799823944512172
loss,member,https://atlanticcityweekly.com/arts_and_entertainment/headliner-spotlight/article_25b9e83e-dd15-11ec-ba1c-5f176eaaf51b.html,2.107756766523919
loss,member,https://atlanticcityweekly.com/attheshore/dining/spring-is-here-but-there-are-no-rules-when-you-can-enjoy-any-type-of/article_da4ae6c0-d52e-11ec-8532-8b32fcab291c.html,2.854870556568797
loss,member,https://atlanticcityweekly.com/attheshore/events/the-right-notes-2022-honoring-jayne-bray/article_604c316a-1d65-11ed-9d98-ef6a3661c516.html,2.3922076708546074
loss,member,https://atlanticcityweekly.com/attheshore/dining/sundaes-in-the-summer-at-drip-n-scoop/article_d5b56380-0f5b-11ed-9534-37f0085acc21.html,2.9570442830237798
loss,member,https://atlanticcityweekly.com/arts_and_entertainment/local-winery-hosts-country-music-festival-for-holiday-weekend/article_f357144e-f6e5-11ec-aede-cb28e179b739.html,2.690759924897386
loss,member,https://atlanticcityweekly.com/arts_and_entertainment/headliner-spotlight/article_fcf61e50-0c2f-11ed-a30c-f31e9f370d76.html,2.0850768062784533
loss,member,https://atlanticcityweekly.com/arts_and_entertainment/headliner-spotlight/article_aa4f44a2-ea9b-11ec-bd17-3bf49578de70.html,2.1327060408254894
loss,member,https://atlanticcityweekly.com/attheshore/dining/from-crepes-to-quiche-asbury-kitchen-worth-checking-out/article_e6bfe950-01ed-11ed-9754-b33e90dc2edf.html,2.717840061560815
loss,member,https://atlanticcityweekly.com/attheshore/nightlife/crowd-size-day-of-the-week-all-the-same-for-slot-payouts/article_b05a8848-3294-11ed-b2a2-67c0a45d43e8.html,3.1534521240491116
loss,member,https://atlanticcityweekly.com/attheshore/dining/appy-hour-at-izzy-s-river-landing/article_fa90d9fa-e5ad-11ec-99d3-8b9f1c60ab4b.html,2.8278359282342014
loss,member,https://atlanticcityweekly.com/arts_and_entertainment/legendary-comic-steven-wright-returns-to-a-c/article_7c1ef9f8-d603-11ec-aaae-4fb2b586c540.html,2.6587932029921175
loss,member,https://atlanticcityweekly.com/attheshore/dining/appy-hour-at-laguna-grill-and-rum-bar/article_8694fefc-0ced-11ed-be23-7f78a7ad05c4.html,2.8961651940159405
loss,member,https://atlanticcityweekly.com/attheshore/dining/manco-manco-opens-a-location-at-citizens-bank-park/article_73a4fae4-b433-11ec-a89b-7bc23b90aae1.html,2.4745714736948234
loss,member,https://atlanticcityweekly.com/attheshore/dining/all-kinds-of-competition-are-set-to-go-down-at-burger-bash-v/article_024d63e2-e668-11ec-8c05-33a7aeb8c7e5.html,2.7358820682865033
loss,member,https://atlanticcityweekly.com/arts_and_entertainment/headliner-spotlight/article_589ce962-0f4d-11ed-960a-875dd7e7bf05.html,2.2495814522651805
loss,member,https://atlanticcityweekly.com/arts_and_entertainment/concert-review-the-black-crowes-tear-it-up-at-their-saturday-night-rock-n-roll/article_f150728e-fae2-11ec-9d5c-13f4f22ac4f4.html,2.862502834914215
loss,member,https://atlanticcityweekly.com/attheshore/headliners/headliner-spotlight/article_cbb08398-cf95-11ec-b3d9-1bac664d3da8.html,2.158973349209809
loss,member,https://atlanticcityweekly.com/attheshore/dining/sundaes-in-the-summer-at-royale-crown/article_9b039e3a-0693-11ed-a8ea-4f475c83bf28.html,2.9922601017918926
loss,member,https://atlanticcityweekly.com/attheshore/dining/manco-manco-opens-a-location-at-citizen-bank-park/article_73a4fae4-b433-11ec-a89b-7bc23b90aae1.html,2.893464042894406
loss,member,https://atlanticcityweekly.com/attheshore/dining/foodie-friendly-charity-events-come-to-south-jersey-this-week/article_18717df6-c57b-11ec-beb7-37e9a27b9977.html,2.2895358816976805
loss,member,https://atlanticcityweekly.com/attheshore/events/a-c-s-rock-fest-hosts-stacked-deck-of-bands-from-80s-to-present/article_33cf1976-e670-11ec-b19e-cfa8af8d150b.html,2.5644157538583854
loss,member,https://atlanticcityweekly.com/attheshore/dining/on-a-roll-at-vic-s-subs/article_77674ad4-b9be-11ec-9989-9fc754b73f73.html,2.798781115133986
loss,member,https://atlanticcityweekly.com/attheshore/dining/appy-hour-at-buckets-margarita-bar-cantina/article_82e07804-f7b7-11ec-97a4-d7977ffabcbc.html,2.727060287176081
loss,member,https://atlanticcityweekly.com/arts_and_entertainment/a-weekend-full-of-firefighting-fun/article_5e519ab0-2f91-11ed-85a4-0f90314c111d.html,2.375518907001472
loss,member,https://atlanticcityweekly.com/attheshore/dining/our-picks-for-where-to-wine-and-dine-mom-this-mother-s-day/article_3aabea8c-caf3-11ec-8321-4347195e5772.html,2.454153334072115
loss,member,https://atlanticcityweekly.com/attheshore/dining/exit-zero-transforms-cape-may-s-ferry-park-into-a-destination-of-its-own/article_157671c4-d5fc-11ec-a0b8-577a3f86b352.html,2.8279686142485434
loss,member,https://atlanticcityweekly.com/attheshore/events/3-places-to-grab-a-drink-and-watch-the-atlantic-city-airshow/article_6e32b418-1d72-11ed-bc12-93c14905474f.html,2.6318422324315978
loss,member,https://atlanticcityweekly.com/attheshore/dining/andy-s-pizza-in-hammonton-is-buzzing-with-breakfast-brilliance/article_c8935cd0-c4c3-11ec-b8d2-c7357ffc7406.html,2.6165420159452397
loss,member,https://atlanticcityweekly.com/attheshore/events/a-c-hosts-free-concerts-on-the-boardwalk-each-week-through-the-summer/article_a8636d5c-11b1-11ed-b46c-a330bbd45646.html,2.791535831046239
loss,member,https://atlanticcityweekly.com/arts_and_entertainment/jersey-legend-southside-johnny-enjoying-being-back-on-road-again/article_41fd3996-d532-11ec-a1f2-23a01a7a06b0.html,2.5230086290168035
loss,member,https://atlanticcityweekly.com/blogs/casino_answer_man/cards-in-hand-have-impact-on-possibilities-for-draw/article_7e60a106-279a-11ed-bd8c-d7b304d0621a.html,3.216245277256557
loss,member,https://atlanticcityweekly.com/attheshore/events/5-places-to-hang-out-before-and-after-barefoot-music-fest-in-wildwoods/article_eba730f6-eb3e-11ec-94d0-4b237bc8099a.html,2.581725183037616
loss,member,https://atlanticcityweekly.com/blogs/gaming_guru/millions-of-hands-played-few-never-to-be-forgotten/article_e543836e-1711-11ed-bf36-e3ec9f19b5b9.html,3.32239042617709
loss,member,https://atlanticcityweekly.com/arts_and_entertainment/skato-with-kato-briefing/article_cd1d9382-e12a-11ec-ab7d-1f996f6c6c4d.html,2.8042721691758303
loss,member,https://atlanticcityweekly.com/attheshore/dining/building-the-perfect-labor-day-weekend/article_48f8d450-24a9-11ed-af6c-c32f9ee5e88f.html,2.7994514662421808
loss,member,https://atlanticcityweekly.com/arts_and_entertainment/5-albums-to-play-before-summer-ends/article_1d614c2c-281f-11ed-ad42-0f92d2ee8cb4.html,2.5013173720706843
loss,member,https://atlanticcityweekly.com/attheshore/dining/on-a-roll-at-the-cheese-board/article_3b455716-b415-11ec-9f7e-e7f83196c882.html,2.963799399567121
loss,member,https://atlanticcityweekly.com/arts_and_entertainment/masters-of-illusion-brings-mind-bending-magic-mayhem-and-macabre-to-harrah-s/article_be92a904-f185-11ec-91fa-93917aee798b.html,2.689916667243876
loss,member,https://atlanticcityweekly.com/arts_and_entertainment/scaggs-brings-influential-trilogy-to-ocean-casino/article_b026bc54-0f4c-11ed-8de7-4b43cefbde9d.html,2.7010793988892874
loss,member,https://atlanticcityweekly.com/arts_and_entertainment/melissa-manchester-brings-hits-to-benefit-south-jersey-arts/article_466d27fc-11d2-11ed-b952-ef7216fce5cf.html,2.743950985404669
loss,member,https://atlanticcityweekly.com/attheshore/dining/on-a-roll-at-the-anchorage-tavern-in-somers-point/article_77775516-c27c-11ec-a433-b32d86fbf139.html,2.8383284899972496
loss,member,https://atlanticcityweekly.com/attheshore/nightlife/5-places-to-dance-through-the-night/article_a81f8cb4-24a7-11ed-b5c4-879548f61a38.html,2.907101746846996
loss,member,https://atlanticcityweekly.com/arts_and_entertainment/north-wildwood-s-annual-festival-celebrating-live-blues-and-bbq-prepares-to-sizzle/article_79f48678-f95f-11ec-b70c-23f5571d3ed7.html,2.6436009247311287
loss,member,https://atlanticcityweekly.com/attheshore/dining/don-t-behave-like-a-bunch-of-asses-make-sure-to-grab-your-burger-bash/article_7bc3ec16-cfc8-11ec-b4b3-97daa69de175.html,2.806516174845907
loss,member,https://atlanticcityweekly.com/after-a-bit-of-downtime-burlesque-show-returns-to-borgata-with-a-bang/article_c3de8278-d071-11ec-be94-87f487e52057.html,2.500534676552562
loss,member,https://atlanticcityweekly.com/food_and_drink/few-spots-left-for-late-night-dining-in-atlantic-city/article_d30ca9d0-1d80-11ed-a0db-b79e22601e38.html,2.80959230318663
loss,member,https://atlanticcityweekly.com/arts_and_entertainment/jazz-society-hosts-jazzy-warm-up-act-for-return-of-somers-point-s-biggest-fest/article_98a22448-bf64-11ec-bd5c-934a3d378c6e.html,2.4455696965628975
loss,member,https://atlanticcityweekly.com/just_for_fun/stockton-s-walking-tours-return-to-showcase-a-c-s-rich-history/article_815dbe86-f962-11ec-8a5d-d7b7a687aa3d.html,2.6063044524450976
loss,member,https://atlanticcityweekly.com/arts_and_entertainment/headliner-spotlight/article_4f613ad6-2539-11ed-b6fb-bbad2fc3e492.html,2.2154232684487813
loss,member,https://atlanticcityweekly.com/arts_and_entertainment/south-jersey-is-hopping-with-holiday-events/article_b27181f2-b9a1-11ec-bad4-a712d3d7851a.html,2.5816269337515156
loss,member,https://atlanticcityweekly.com/attheshore/nightlife/how-increased-tax-form-trigger-would-affect-big-slot-winners/article_7406dd5e-0118-11ed-9597-7fb9b7ff4ed0.html,3.2426636931851047
loss,member,https://atlanticcityweekly.com/arts_and_entertainment/smithville-village-s-mayfest-means-another-weekend-of-fabulous-family-fun/article_13bcb0b6-d073-11ec-a0a9-2f8a6ba00476.html,2.5811235513157067
loss,member,https://atlanticcityweekly.com/arts_and_entertainment/things-to-do-for-all-of-you/article_ae169994-e5b6-11ec-b9b5-2febcb289f1d.html,2.4017417495057027
loss,member,https://atlanticcityweekly.com/arts_and_entertainment/phanatic-and-special-guests-to-visit-ocean-city-boardwalk-for-phillies-day-at-manco-manco/article_73cd4d64-eccd-11ec-acf9-5fc677e77d31.html,2.502027842717394
loss,member,https://atlanticcityweekly.com/5-wineries-to-visit-in-the-area-and-what-makes-them-so-special/article_0d567418-0c10-11ed-ad9c-33f405e1130a.html,2.554248131973302
loss,member,https://atlanticcityweekly.com/ats-cover-pics-42122/article_642b71ba-bf64-11ec-8269-a73d00580020.html,3.3644223285686348
loss,member,https://atlanticcityweekly.com/attheshore/dining/the-chicken-sandwich-wars-rage-on-picking-the-top-bird-in-a-fast-food-face/article_ebf74e30-287c-11ed-8ec0-6b410caf185a.html,2.8107180293334677
loss,member,https://atlanticcityweekly.com/attheshore/dining/5-reasons-to-check-out-bally-s-locally-loved-week/article_92adffda-b9bf-11ec-8b4e-cbb2ab99103f.html,3.045194309427952
loss,member,https://atlanticcityweekly.com/blogs/casino_answer_man/player-yearns-for-charlies-after-push-on-low-card-run/article_f086b05a-c3df-11ec-8992-cb2f82f753b3.html,3.027900067082743
loss,member,https://atlanticcityweekly.com/ossu-japanese-tavern-the-latest-hit-in-trop-s-dining-re-imaginings/article_7b69408a-2311-11ed-bf76-e7ce6912d77f.html,3.285281722341278
loss,member,https://atlanticcityweekly.com/attheshore/nightlife/can-you-own-your-own-slot-machine-rules-depend-on-your-home-state/article_6aeaeb78-e595-11ec-862f-0f3f1283a5b3.html,3.164598743702506
loss,member,https://atlanticcityweekly.com/arts_and_entertainment/5-questions-with-kenny-wayne-shepherd/article_00722c30-1d6b-11ed-8db7-8fed48dfef86.html,2.328706261466905
loss,member,https://atlanticcityweekly.com/attheshore/dining/a-q-a-with-chef-bob-hettmannsperger-of-essl-s-dugout/article_ae69b5c0-29fe-11ed-a990-b3d4c8745473.html,2.1913016079402654
loss,member,https://atlanticcityweekly.com/attheshore/nightlife/blackjack-bob-gives-thumbs-up-to-zappit-as-change-of-pace-game/article_6331b29a-0c14-11ed-9a5b-8f193fdf89de.html,3.0966752210100275
loss,member,https://atlanticcityweekly.com/arts_and_entertainment/all-you-need-to-know-about-ocean-s-draft-day-party/article_fc25aea2-c4bb-11ec-aadb-872a80550e92.html,2.7974600013347595
loss,member,https://atlanticcityweekly.com/arts_and_entertainment/iconic-director-john-waters-brings-one-man-show-to-a-c/article_2bd684a2-bf33-11ec-a0ee-8baf97f08373.html,2.7753086684801302
loss,member,https://atlanticcityweekly.com/arts_and_entertainment/after-a-bit-of-downtime-burlesque-show-returns-to-borgata-with-a-bang/article_3c0365e6-cf93-11ec-9224-0f2e5d59fbe9.html,2.500534676552562
loss,member,https://atlanticcityweekly.com/attheshore/nightlife/weekly-horoscopes/article_5d46207e-0c27-11ed-b9ee-2f15b9ca8857.html,2.3272579243350155
loss,member,https://atlanticcityweekly.com/arts_and_entertainment/headliner-spotlight/article_3afa4f60-c27e-11ec-b1f4-a3f8f9e8d0e8.html,2.196019044997425
loss,member,https://atlanticcityweekly.com/attheshore/dining/on-a-roll-at-sack-o-subs/article_4cb4c374-d530-11ec-9ead-671ddc51a979.html,2.827203383990164
loss,member,https://atlanticcityweekly.com/attheshore/dining/serindipity3-brings-over-the-top-desserts-bites-drinks-and-celebrations-to-ocean-casino/article_8a7359ba-06bc-11ed-b98e-c328deb3af2e.html,2.9289225550431897
loss,member,https://atlanticcityweekly.com/attheshore/nightlife/table-game-jackpot-odds-vary-with-number-of-decks/article_cdd61a1c-ca0d-11ec-a3ec-cb06dd7d0a56.html,3.231620400208479
loss,member,https://atlanticcityweekly.com/weekly-horoscopes/article_e2effe24-b46c-11ec-9f20-4bc684f93741.html,2.1272277339242764
loss,member,https://atlanticcityweekly.com/attheshore/dining/cape-may-s-taco-caballito-shines-bright-under-youthful-new-owners/article_f5c9dfae-ddbd-11ec-ae69-6f7ec70da37a.html,2.5957519760307637
loss,member,https://atlanticcityweekly.com/attheshore/nightlife/5-places-to-grab-a-hot-dog-and-a-beer/article_8480b660-004a-11ed-a89b-4b1be25b1460.html,2.3288836176639642
loss,member,https://atlanticcityweekly.com/arts_and_entertainment/headliner-spotlight/article_abe4b70e-ef3a-11ec-a5e0-8f37627ae22f.html,2.212057572244089
loss,member,https://atlanticcityweekly.com/attheshore/dining/sundaes-in-the-summer-at-juli-s-pink-ice-cream/article_ec9cfb2a-2fa0-11ed-8a0c-3b1069c99b29.html,2.761588940474051
loss,member,https://atlanticcityweekly.com/attheshore/dining/burger-bash-v-returns-to-the-nugget/article_aaba2af2-c268-11ec-965b-0f8c63cf301d.html,3.034896257758281
loss,member,https://atlanticcityweekly.com/arts_and_entertainment/headliner-spotlight/article_0f4bec20-bd0b-11ec-b4c6-a731583a4d92.html,2.0618141427663463
loss,member,https://atlanticcityweekly.com/attheshore/dining/ain-t-no-cure-but-the-summertime-brews/article_fe207d9a-f95e-11ec-8919-37bb230ee72e.html,3.7716673325761065
loss,member,https://atlanticcityweekly.com/arts_and_entertainment/5-questions-with-stephen-pearcy-the-voice-of-ratt/article_08cadc6a-e73d-11ec-ac95-ab0868cf1084.html,2.7290997801615418
loss,member,https://atlanticcityweekly.com/arts_and_entertainment/ocean-casino-hosts-a-night-celebrating-the-chairman-of-the-board/article_fec0f628-2288-11ed-9ee8-bb5a6341d8c3.html,2.4170864779038252
loss,member,https://atlanticcityweekly.com/arts_and_entertainment/things-to-do-for-all-of-you/article_6840bbda-b9b9-11ec-bb54-537b52472319.html,2.45598310094462
loss,member,https://atlanticcityweekly.com/attheshore/nightlife/5-reasons-to-check-out-classic-rewind-weekend-at-showboat/article_d7a535c2-f0ba-11ec-8a23-ffce935db711.html,2.508128942294003
loss,member,https://atlanticcityweekly.com/arts_and_entertainment/things-to-do-for-all-of-you/article_813e288e-0c43-11ed-bdda-139c52738ac7.html,2.288074429372932
loss,member,https://atlanticcityweekly.com/arts_and_entertainment/somers-point-s-biggest-festival-rises-again-as-bayfest-returns-for-2022/article_98afea96-c4c4-11ec-80b8-57ec3b1efe8e.html,2.1779508100634954
loss,member,https://atlanticcityweekly.com/arts_and_entertainment/a-c-beer-music-fest-returns-to-bader-field-for-another-year-in-the-sun/article_f0581b2c-e0e1-11ec-bd7b-73bc9dff5623.html,2.8016653848657778
loss,member,https://atlanticcityweekly.com/sponsored/north-beach-atlantic-city-fireworks-celebration-set-for-july-1/article_0003cb8e-ebff-11ec-bc67-dfcb4a2b74e6.html,2.4400693414104087
loss,nonmember,https://atlanticcityweekly.com/weather/weather-small-coastal-storm-to-bring-rain-some-wind-into-wednesday/article_934982b8-b43b-11ec-a607-1f21f73c5828.html,2.961350938473193
loss,nonmember,https://atlanticcityweekly.com/arts_and_entertainment/things-to-do-for-all-of-you/article_189384be-f96a-11ec-a828-9f0bba8b8de5.html,2.2964213239780116
loss,nonmember,https://atlanticcityweekly.com/arts_and_entertainment/10-things-to-do-on-the-ocean-city-boardwalk/article_3e9bb56e-0c48-11ed-90d3-7bbff19becd1.html,2.6940967931281787
loss,nonmember,https://atlanticcityweekly.com/arts_and_entertainment/headliner-spotlight/article_c2f5ade6-ca36-11ec-8c92-93fd0227696b.html,2.2205673493822817
loss,nonmember,https://atlanticcityweekly.com/arts_and_entertainment/rock-and-roll-hall-of-famers-celebrate-six-decades-at-borgata/article_6e66d7b6-bd0a-11ec-94bb-7f7ae869482d.html,2.789592508252268
loss,nonmember,https://atlanticcityweekly.com/attheshore/nightlife/roulette-pivot-point-cant-guarantee-riches/article_0289135e-f92f-11ec-bed3-778c741a408c.html,3.406598973802351
loss,nonmember,https://atlanticcityweekly.com/attheshore/dining/a-c-weekly-to-celebrate-mankind-s-greatest-dish-at-burger-bash-v/article_48e2f00e-dc47-11ec-a6fd-d381d8364dec.html,2.8196589211009098
loss,nonmember,https://atlanticcityweekly.com/attheshore/dining/the-grills-were-alive-at-burger-bash-v/article_0c9b1dee-f162-11ec-9bc1-f39bd220dc93.html,2.737250366815484
loss,nonmember,https://atlanticcityweekly.com/attheshore/dining/on-a-roll-at-taco-caballito-tequileria/article_21c217f2-cf95-11ec-ab12-6731e831409c.html,2.6698406120646307
loss,nonmember,https://atlanticcityweekly.com/arts_and_entertainment/ann-wilson-flies-solo-as-her-tour-rolls-into-atlantic-city/article_14c1a234-0c08-11ed-9fff-c7f592684e9b.html,2.6985611007211
loss,nonmember,https://atlanticcityweekly.com/attheshore/nightlife/bigger-bets-for-better-rules-can-damage-your-bankroll/article_6c153fb4-dabc-11ec-a08a-5b093cf8f755.html,3.230965880237935
loss,nonmember,https://atlanticcityweekly.com/attheshore/dining/sundaes-in-the-summer-at-the-sunryser/article_cdc05c04-1e5e-11ed-a7d8-a76cfb06641f.html,2.877516012945868
loss,nonmember,https://atlanticcityweekly.com/attheshore/dining/sundaes-in-the-summer-at-skipper-dipper/article_5bdc44ce-fed1-11ec-ab08-fb71cc365a71.html,2.741562107058823
loss,nonmember,https://atlanticcityweekly.com/arts_and_entertainment/things-to-do-for-all-of-you/article_114b38c0-ddc0-11ec-ad79-eb5faa6475f9.html,2.4666576481178133
loss,nonmember,https://atlanticcityweekly.com/attheshore/events/hellzapoppin-circus-sideshow-comes-to-a-c-for-a-night-of-shock-and-awe/article_a643364e-ca33-11ec-80b1-93e89928b733.html,2.820159961387949
loss,nonmember,https://atlanticcityweekly.com/8-day-nj-heat-wave-was-longest-since-2018-longest-96f-stretch-on-record/article_970de9e2-0d42-11ed-80fd-97c61d43c14d.html,2.8896174579203855
loss,nonmember,https://atlanticcityweekly.com/attheshore/dining/tracking-down-south-jersey-s-best-dining-options-for-easter-grub/article_11018572-ba70-11ec-b4d5-a3cc04cea4d3.html,2.5107104026836247
loss,nonmember,https://atlanticcityweekly.com/arts_and_entertainment/things-to-do-for-all-of-you/article_9c952368-2254-11ed-8d27-37d592bdb826.html,2.328137508583143
loss,nonmember,https://atlanticcityweekly.com/arts_and_entertainment/things-to-do-for-all-of-you/article_ef3230f6-3038-11ed-b56d-7be485f0a9ae.html,2.3896174233812446
loss,nonmember,https://atlanticcityweekly.com/arts_and_entertainment/things-to-do-for-all-of-you/article_1b527e2a-11b7-11ed-bead-df88e3124d14.html,2.186284436744764
loss,nonmember,https://atlanticcityweekly.com/attheshore/dining/crossroads-bar-grill-scores-big-with-wild-twists-on-american-bar-food/article_a9e69f82-0cf2-11ed-a2d7-d30a906d7a31.html,2.7016458723805252
loss,nonmember,https://atlanticcityweekly.com/arts_and_entertainment/things-to-do-for-all-of-you/article_2fb8427a-d524-11ec-9520-f3985c59c91f.html,2.527516772293042
loss,nonmember,https://atlanticcityweekly.com/arts_and_entertainment/5-questions-with-magician-trickster-michael-carbonaro/article_8c4c5a12-ca5c-11ec-8e49-0b3a72d4e9fe.html,2.6520047661019537
loss,nonmember,https://atlanticcityweekly.com/arts_and_entertainment/headliner-spotlight/article_09651faa-2a0e-11ed-aadd-b33710b1193d.html,2.135552998252397
loss,nonmember,https://atlanticcityweekly.com/attheshore/dining/famed-philly-chef-teams-with-cookie-till-for-week-long-presence-charitable-event/article_22bdc036-1278-11ed-97e7-fba03a2e2c4b.html,2.5315294813298186
loss,nonmember,https://atlanticcityweekly.com/attheshore/nightlife/5-great-spots-to-get-a-beer-for-national-beer-day/article_47251b5a-b412-11ec-95b5-d32af5350346.html,3.0398486869706662
loss,nonmember,https://atlanticcityweekly.com/arts_and_entertainment/absecon-lighthouse-welcomes-all-to-its-annual-spring-festival/article_a0df388a-caef-11ec-80e6-27c920639258.html,2.691687420995521
loss,nonmember,https://atlanticcityweekly.com/attheshore/events/42nd-national-sports-collectors-convention-returns-to-a-c/article_19381bdc-0464-11ed-999f-935db2616c44.html,2.6484743261300143
loss,nonmember,https://atlanticcityweekly.com/arts_and_entertainment/ocean-casino-steps-up-its-fantasy-football-game-at-topgolf/article_2f118b7c-2882-11ed-95ab-0f441b7dc513.html,3.2212514920642104
loss,nonmember,https://atlanticcityweekly.com/attheshore/nightlife/tidalwave-music-festival-brings-monsoon-of-country-music-to-a-c-beach-this-weekend/article_9dcbe94a-1801-11ed-9c0b-cb7d55629015.html,2.539021694238195
loss,nonmember,https://atlanticcityweekly.com/attheshore/dining/5-spots-to-celebrate-the-return-of-baseball/article_9152d674-bf5a-11ec-b969-6bb67b868857.html,2.7146288939581487
loss,nonmember,https://atlanticcityweekly.com/nightlife/5-reasons-to-check-out-moe-s-pop-up-bar-in-wildwood/article_47f7ead4-0391-11ed-b72c-97fd2252d53f.html,2.7822529464832066
loss,nonmember,https://atlanticcityweekly.com/attheshore/nightlife/blackjack-has-34-starting-hands-or-more-if-composition-matters/article_cee86d6e-0690-11ed-954d-13c3878f1324.html,3.6389003746537387
loss,nonmember,https://atlanticcityweekly.com/arts_and_entertainment/reversible-royals-bring-larger-but-rarer-jackpots/article_dfab461a-f085-11ec-ba5e-77745a051447.html,3.5889954049588226
loss,nonmember,https://atlanticcityweekly.com/attheshore/nightlife/5-spots-to-enjoy-before-the-summer-crowds-come/article_7f84e2e8-cf95-11ec-afd1-83ec7974c926.html,2.6829919810239535
loss,nonmember,https://atlanticcityweekly.com/attheshore/dining/5-reasons-to-go-to-tequila-week-at-bally-s/article_c6f44400-f968-11ec-93d2-e7004dc812c1.html,2.413492345894031
loss,nonmember,https://atlanticcityweekly.com/arts_and_entertainment/barefoot-country-music-fest-returns-to-wildwood-beach/article_1b04c982-ebe7-11ec-abbc-f7850f2c0b5a.html,2.4488820302504584
loss,nonmember,https://atlanticcityweekly.com/arts_and_entertainment/tropicana-s-boogie-nights-celebrates-10-years-of-partying-like-its-1999/article_f9f10f08-c571-11ec-bdab-0fa1df62cb5f.html,2.665588672298504
loss,nonmember,https://atlanticcityweekly.com/attheshore/events/a-c-beach-hosts-three-nights-of-the-world-s-biggest-jam-band/article_a460565e-11b9-11ed-beed-473535620265.html,2.8404167847095314
loss,nonmember,https://atlanticcityweekly.com/attheshore/dining/3-great-bars-to-watch-week-1-of-the-nfl/article_45b31d5e-2df1-11ed-84b4-d7e7b2d0631e.html,2.758923744622336
loss,nonmember,https://atlanticcityweekly.com/sponsored/give-the-gift-of-life---a-kidney-for-avram/article_96636352-ec1b-11ec-afad-af2b631451b1.html,2.374955862201456
loss,nonmember,https://atlanticcityweekly.com/blogs/casino_answer_man/players-find-up-and-down-sides-of-streaks-at-craps-and-roulette/article_838b4b5a-e059-11ec-8a46-53177fa68b4e.html,3.2235316996202688
loss,nonmember,https://atlanticcityweekly.com/blogs/casino_answer_man/vplayers-find-up-and-down-sides-of-streaks-at-craps-and-roulette/article_838b4b5a-e059-11ec-8a46-53177fa68b4e.html,3.2235316996202688
loss,nonmember,https://atlanticcityweekly.com/arts_and_entertainment/things-to-do-for-all-of-you/article_b299de10-2a24-11ed-98e2-a314b2c540a8.html,2.3143253726665836
loss,nonmember,https://atlanticcityweekly.com/arts_and_entertainment/drummer-shows-artistic-side-at-hard-rock-performs-with-lynyrd-skynyrd-at-ocean-casino/article_a00fd08a-fc82-11ec-be86-9f1b4a6d113b.html,2.736332162766369
loss,nonmember,https://atlanticcityweekly.com/arts_and_entertainment/fireworks-around-south-jersey-and-independence-day-events/article_5b119ff0-f6dc-11ec-af44-d7963461b70d.html,2.332152764680186
loss,nonmember,https://atlanticcityweekly.com/arts_and_entertainment/things-to-do-for-all-of-you/article_a0a56db0-1ccc-11ed-8cff-dbe0f63cef13.html,2.2444943709821046
loss,nonmember,https://atlanticcityweekly.com/attheshore/dining/10-great-spots-to-bring-your-pop-on-father-s-day/article_d0d06be8-eb30-11ec-bb9d-cb3720af2358.html,2.40038276984609
loss,nonmember,https://atlanticcityweekly.com/ats-cover-6-16-22/article_47ecd3f6-ebdb-11ec-9763-7b01cf4822b8.html,4.784733707657825
loss,nonmember,https://atlanticcityweekly.com/attheshore/dining/ocean-casino-s-makai-brings-island-flavors-to-atlantic-city/article_255d15da-2e02-11ed-9585-8bf51c151278.html,3.1019340467927803
loss,nonmember,https://atlanticcityweekly.com/attheshore/dining/newly-opened-moonshiners-bar-and-grill-in-mays-landing-is-here-to-stay/article_2e4d63c6-db7c-11ec-b02c-3719ce31f867.html,2.5093904305685246
loss,nonmember,https://atlanticcityweekly.com/attheshore/dining/girasole-celebrates-three-decades-of-inspired-italian-cuisine/article_82e5edbc-e668-11ec-a3a1-63550687ef73.html,2.786991262845604
loss,nonmember,https://atlanticcityweekly.com/arts_and_entertainment/new-comedy-concept-combines-hypnosis-and-improv-into-one-sidesplitting-good-time/article_557e1eec-e683-11ec-8553-e72891da63cc.html,2.5754318987604874
loss,nonmember,https://atlanticcityweekly.com/attheshore/dining/appy-hour-at-the-point/article_bee5e010-daa6-11ec-98b7-2bb20e469a25.html,3.212999215151016
loss,nonmember,https://atlanticcityweekly.com/weather/weather-boom-or-bust-scenario-for-severe-weather-tuesday-comfy-weekend-ahead/article_0b8042c2-fb30-11ec-9bd4-674e9cbe3b3e.html,2.7142183437157925
loss,nonmember,https://atlanticcityweekly.com/the-chatterbox-in-ocean-city-roars-back-to-life-under-new-ownership/article_28b831ce-17eb-11ed-944c-43c5b498c53e.html,2.722749275849
loss,nonmember,https://atlanticcityweekly.com/arts_and_entertainment/big-developments-define-summer-2022-for-ocean-casino/article_1e30aa5a-daac-11ec-86da-17c9830fabe5.html,2.1985060861836505
loss,nonmember,https://atlanticcityweekly.com/sponsored/north-beach-atlantic-city-fireworks-celebration-set-for-sept-4th/article_e9c2aaa4-287e-11ed-b794-c7ff847eabef.html,2.710764840435732
loss,nonmember,https://atlanticcityweekly.com/arts_and_entertainment/things-to-do-for-all-of-you/article_7df7d468-daac-11ec-9c5a-83fc8d7b6c90.html,2.4022231052129945
loss,nonmember,https://atlanticcityweekly.com/attheshore/dining/honor-thy-burger-at-burger-bash-v/article_58eb6e30-d531-11ec-ad42-274e02ab81b7.html,2.788755806759089
loss,nonmember,https://atlanticcityweekly.com/attheshore/dining/trop-opens-brand-new-japanese-tavern-concept/article_3ef4d788-0f73-11ed-a85c-9725dbf88c32.html,2.5537168282748164
loss,nonmember,https://atlanticcityweekly.com/arts_and_entertainment/this-a-c-wrestling-tournament-is-a-real-game-changer/article_96b81e48-dd2e-11ec-92e0-1b7729b2d59c.html,2.5098754465494792
loss,nonmember,https://atlanticcityweekly.com/attheshore/events/the-downbeach-seafood-festival-makes-for-a-shucking-fun-weekend-in-south-jersey/article_e53e5e38-3387-11ed-a473-3bec6d3fa639.html,2.7602798240513113
loss,nonmember,https://atlanticcityweekly.com/arts_and_entertainment/5-great-bars-to-watch-the-fireworks-at-this-weekend/article_7098372e-f70b-11ec-86b1-5307ec4e44eb.html,2.396173460742019
loss,nonmember,https://atlanticcityweekly.com/arts_and_entertainment/things-to-do-for-all-of-you/article_323e1508-ca2d-11ec-83d5-0382e60f893c.html,2.4755011176879536
loss,nonmember,https://atlanticcityweekly.com/attheshore/nightlife/despite-low-frequency-points-pass-wins-more-often-than-place/article_2d722ac0-2d31-11ed-b321-6745aafd829a.html,3.098704826946184
loss,nonmember,https://atlanticcityweekly.com/arts_and_entertainment/nj-horror-con-screams-its-way-back-to-showboat/article_9fcb8cee-b412-11ec-a51b-db469cb24955.html,2.4687463029339263
loss,nonmember,https://atlanticcityweekly.com/arts_and_entertainment/wwe-sunday-stunner-returns-to-atlantic-city/article_a0f56120-17f0-11ed-9bb1-7ba84fe27d75.html,1.8251619338829408
loss,nonmember,https://atlanticcityweekly.com/arts_and_entertainment/jurassic-quest-brings-dino-sized-fun-for-family-to-a-c/article_4b7500c4-11ca-11ed-83f2-0f4f37b56480.html,2.5617965233424944
loss,nonmember,https://atlanticcityweekly.com/attheshore/nightlife/rakin-bacon-monopoly-cheat-edition-amp-up-entertainment-fun-at-slots/article_0bf2fa7a-ea68-11ec-9cd3-ff5b31a74dae.html,3.5791407675994966
loss,nonmember,https://atlanticcityweekly.com/arts_and_entertainment/311-keep-creative-journey-flowing-as-fall-tour-heads-to-a-c/article_7eb82abe-3327-11ed-8649-47a2aa0a5e54.html,2.4117043773727347
loss,nonmember,https://atlanticcityweekly.com/food_and_drink/5-things-to-know-about-the-vue-rooftop-bar-and-lounge/article_15038cb0-2ebf-11ed-aeab-2f70629e95a5.html,2.6408419808391135
loss,nonmember,https://atlanticcityweekly.com/arts_and_entertainment/things-to-do-for-all-of-you/article_ab69b47a-c4ae-11ec-98ee-df4549e88bac.html,2.3941754063171254
loss,nonmember,https://atlanticcityweekly.com/attheshore/dining/michael-s-summer-wine-picks/article_ce5a70f2-0462-11ed-b063-4f6cc561d1c4.html,2.8513874118445335
loss,nonmember,https://atlanticcityweekly.com/arts_and_entertainment/things-to-do-for-all-of-you/article_0498ab48-172d-11ed-abcd-7376c5e93891.html,2.3452574377576743
loss,nonmember,https://atlanticcityweekly.com/arts_and_entertainment/two-very-different-styles-of-circus-return-to-showboat/article_c2fb0fc4-01eb-11ed-8e78-4ff5a7de765e.html,2.664512990819029
loss,nonmember,https://atlanticcityweekly.com/attheshore/nightlife/four-card-poker-finds-expanded-niche-online/article_17c5c99c-2215-11ed-9f19-e7d8f92a75df.html,2.8547500776844235
loss,nonmember,https://atlanticcityweekly.com/acw-cover-photos/article_1ae199b6-e67f-11ec-b885-c391ff186d4a.html,3.213804631887262
loss,nonmember,https://atlanticcityweekly.com/attheshore/nightlife/blackjack-bobs-right-plays-cant-overcome-wrong-cards/article_9f844d02-b8e0-11ec-b095-231ae46c9b11.html,3.150156216041761
loss,nonmember,https://atlanticcityweekly.com/attheshore/nightlife/5-reasons-to-see-red-perform-at-golden-nugget-every-monday/article_cba1ffe2-0f5c-11ed-b949-77f44c55f97f.html,2.775622432430255
loss,nonmember,https://atlanticcityweekly.com/arts_and_entertainment/free-concert-with-the-singing-lifeguard/article_59cdccd8-ddf8-11ec-b9c3-7fb4967c24d5.html,2.7316569801837365
loss,nonmember,https://atlanticcityweekly.com/attheshore/dining/on-a-roll-at-el-pueblo-taqueria/article_1653e25e-bf16-11ec-9f58-5be08602154a.html,2.8118525597663795
loss,nonmember,https://atlanticcityweekly.com/arts_and_entertainment/things-to-do-for-all-of-you/article_323cbe4c-b420-11ec-af3f-3f302d736094.html,2.550444371798216
loss,nonmember,https://atlanticcityweekly.com/arts_and_entertainment/headliner-spotlight/article_3e523e88-feed-11ec-9e3f-bbea6c57599b.html,2.1315408476248683
loss,nonmember,https://atlanticcityweekly.com/attheshore/headliners/ocean-casino-brings-in-a-new-kind-of-tribute-act-with-magical-mystery-doors/article_b594132a-0156-11ed-9a02-7bd2faf45444.html,2.543643349419473
loss,nonmember,https://atlanticcityweekly.com/arts_and_entertainment/o-c-pops-honor-famed-film-composer-with-star-wars-performance/article_e564f4de-01f1-11ed-b1f6-9784283e34b4.html,2.405373834087372
loss,nonmember,https://atlanticcityweekly.com/arts_and_entertainment/things-to-do-for-all-of-you/article_94170cfc-bf16-11ec-b021-8b293e50d88a.html,2.35362666431509
loss,nonmember,https://atlanticcityweekly.com/attheshore/nightlife/weekly-horoscopes/article_dd621a62-2214-11ed-8acc-7be50355f817.html,1.997544168308845
loss,nonmember,https://atlanticcityweekly.com/blogs/casino_answer_man/when-dealt-card-lands-on-chair-does-employee-have-to-fetch/article_86bd5166-bf15-11ec-953e-4baacb6ccfdd.html,3.1499816031162253
loss,nonmember,https://atlanticcityweekly.com/arts_and_entertainment/millennium-era-nu-metal-rockers-staind-head-to-atlantic-city/article_f0266e52-2a28-11ed-806c-8ba1a1932451.html,2.4885893556123815
loss,nonmember,https://atlanticcityweekly.com/arts_and_entertainment/bally-s-new-renovations-offerings-make-park-place-and-boardwalk-legendary-again/article_392bf548-dada-11ec-8ba5-ff47879e9919.html,2.779344710426748
loss,nonmember,https://atlanticcityweekly.com/attheshore/dining/borgata-announces-new-steakhouse-concept-to-open/article_98f5ed3c-ec12-11ec-aa30-ffbb8c54aee0.html,2.6961807468321872
loss,nonmember,https://atlanticcityweekly.com/arts_and_entertainment/atlantic-city-airshow-gives-sky-salute-to-those-who-serve/article_de31e514-1a38-11ed-ae0f-df760cb27307.html,2.4056194412045033
loss,nonmember,https://atlanticcityweekly.com/things-to-do-for-all-of-you/article_3ecbc38c-cfb0-11ec-8851-a71321d75413.html,2.345926718788537
loss,nonmember,https://atlanticcityweekly.com/attheshore/dining/after-a-far-too-long-gap-burger-bash-is-back/article_5fc5f6b8-b41f-11ec-a822-afa35f30d884.html,3.0187133500943886
loss,nonmember,https://atlanticcityweekly.com/arts_and_entertainment/things-to-do-for-all-of-you/article_af9d6428-ef3e-11ec-ab00-674f704ed556.html,2.3571353079232966
loss,nonmember,https://atlanticcityweekly.com/arts_and_entertainment/exit-zero-jazz-festival-celebrates-10th-anniversary-with-stellar-lineup/article_3f40cc94-d074-11ec-9c9f-a76c3e6feb0c.html,2.7101695424912244
loss,nonmember,https://atlanticcityweekly.com/attheshore/dining/sundaes-in-the-summer-at-fine-fellows-creamery/article_407f5e20-dd23-11ec-92fd-d78cc59bb709.html,2.990010039121407
loss,nonmember,https://atlanticcityweekly.com/arts_and_entertainment/night-in-venice-continues-tradition-with-former-villanova-basketball-coach/article_d5ba1510-044d-11ed-bb17-8ff797fca53c.html,2.4010408144085673
loss,nonmember,https://atlanticcityweekly.com/attheshore/nightlife/pass-line-edge-never-disappears-no-matter-how-big-the-odds-bet/article_2da1f448-1199-11ed-bb65-0f8c3c7700c0.html,3.3742264437201643
loss,nonmember,https://atlanticcityweekly.com/attheshore/dining/brigantine-s-new-fast-casual-spot-kook-burger-continues-to-sizzle/article_04ae27fc-f15d-11ec-991b-67fe6cfcea14.html,2.588905144464169
loss,nonmember,https://atlanticcityweekly.com/attheshore/nightlife/weekly-horoscopes/article_44ddbcea-a926-11ec-ba7e-ffa615200150.html,2.1256521261540944
loss,nonmember,https://atlanticcityweekly.com/arts_and_entertainment/casinos-dge-join-forces-for-june-2-job-fair/article_2e8244bc-e1bf-11ec-896d-434e3f8c3827.html,2.001616114898452
loss,nonmember,https://atlanticcityweekly.com/attheshore/dining/shandies-blondes-and-pilsners-oh-my-summer-beer-season-is-here/article_0c652bae-ca29-11ec-9276-8b8b07fb2b32.html,3.430407010137145
loss,nonmember,https://atlanticcityweekly.com/attheshore/events/more-on-the-right-notes/article_4beae908-336f-11ed-8730-b343b3fdcebb.html,2.520361004181968
loss,nonmember,https://atlanticcityweekly.com/arts_and_entertainment/things-to-do-for-all-of-you/article_3ecbc38c-cfb0-11ec-8851-a71321d75413.html,2.3515143801636977
loss,nonmember,https://atlanticcityweekly.com/arts_and_entertainment/headliner-spotlight/article_5e35c49e-f886-11ec-bdaa-4f3c2b0e32ea.html,2.2324634276800746
loss,nonmember,https://atlanticcityweekly.com/attheshore/dining/june-is-here-for-beer/article_bb84d134-dd2f-11ec-bea6-df8dac681c79.html,3.6620913258412826
loss,nonmember,https://atlanticcityweekly.com/arts_and_entertainment/firefighting-convention-expo-and-parade-return-to-wildwoods/article_5e519ab0-2f91-11ed-85a4-0f90314c111d.html,2.3789099025968308
loss,nonmember,https://atlanticcityweekly.com/arts_and_entertainment/things-to-do-for-all-of-you/article_1cd635d4-f6ff-11ec-8e7f-a78df9855e6a.html,2.2485382736045763
loss,nonmember,https://atlanticcityweekly.com/attheshore/headliners/good-draw-on-wrong-game-vexes-video-poker-player/article_376c81d2-d50d-11ec-8e6f-7bd17781974e.html,3.3140268033749356
loss,nonmember,https://atlanticcityweekly.com/attheshore/dining/sundaes-in-the-summer-at-anna-lee-s-cookies-and-cream/article_79fdeb82-f6ee-11ec-bbbe-132766dfaaa9.html,2.5590023471332053
loss,nonmember,https://atlanticcityweekly.com/arts_and_entertainment/black-crowes-patch-things-up-and-bring-shake-your-money-maker-to-borgata/article_5a96bde8-f6f1-11ec-9de6-af239cbe5ae4.html,2.8355597646549526
loss,nonmember,https://atlanticcityweekly.com/arts_and_entertainment/high-tech-hard-rock-exhibit-offers-unique-perspective-on-vincent-van-gogh/article_11c88dee-f95d-11ec-b6b5-a31f631afb01.html,2.737946558589505
loss,nonmember,https://atlanticcityweekly.com/arts_and_entertainment/things-to-do-for-all-of-you/article_f8b95594-ea99-11ec-aebe-8f850b715f94.html,2.3732937373032867
loss,nonmember,https://atlanticcityweekly.com/arts_and_entertainment/black-excellence-festival-returns-to-showboat-for-federal-holiday/article_7d19f2d2-ea9d-11ec-9a40-9b47fcd64093.html,2.788609360597214
loss,nonmember,https://atlanticcityweekly.com/arts_and_entertainment/favorito-brings-old-school-rickles-style-comedy-to-ocean-casino/article_92a024da-0c50-11ed-b7ce-7735d69bda48.html,2.59170610147613
loss,nonmember,https://atlanticcityweekly.com/attheshore/dining/burger-bash-v-brings-the-fire-to-golden-nugget/article_bcfae8a6-bf60-11ec-8b1f-7bd8d6b8cb9e.html,2.822807743337747
loss,nonmember,https://atlanticcityweekly.com/food_and_drink/serendipity3-brings-over-the-top-desserts-bites-drinks-and-celebrations-to-ocean-casino/article_c242df36-06d1-11ed-bd3a-d3243d1d9689.html,2.9285690199093
loss,nonmember,https://atlanticcityweekly.com/la-mesa-mr-gordo-offer-new-dining-options-for-mexican-holiday/article_80d2fb6a-caf1-11ec-890e-df55d5203777.html,2.6925704497523237
loss,nonmember,https://atlanticcityweekly.com/arts_and_entertainment/headliner-spotlight/article_e133d752-b40f-11ec-804b-3fc8784e4b3d.html,2.0664315322331706
loss,nonmember,https://atlanticcityweekly.com/food_and_drink/girasole-celebrates-three-decades-of-inspired-italian-cuisine/article_3720dc9c-e669-11ec-b789-f38926431134.html,2.786991262845604
loss,nonmember,https://atlanticcityweekly.com/night-in-venice-continues-tradition-with-former-villanova-basketball-coach/article_0bf227e6-06b8-11ed-9717-77c5b4426168.html,2.409415472608565
loss,nonmember,https://atlanticcityweekly.com/acw-cover-artwork/article_27cebef4-338e-11ed-b705-87fd076570f6.html,3.91355584580822
loss,nonmember,https://atlanticcityweekly.com/attheshore/dining/spring-beer-season-means-plenty-of-events-and-unique-styles/article_dc12a266-b45b-11ec-b42f-bf4396f587e6.html,3.4698865631272366
loss,nonmember,https://atlanticcityweekly.com/arts_and_entertainment/headliner-spotlight/article_b9d7ad8a-e5bc-11ec-ade8-0b761171f793.html,2.2606492205030317
loss,nonmember,https://atlanticcityweekly.com/attheshore/dining/a-scrumptious-search-for-the-tastiest-appetizers-in-south-jersey/article_75da2cb0-bfde-11ec-a398-cff8134dbce8.html,2.825665586897037
loss,nonmember,https://atlanticcityweekly.com/arts_and_entertainment/headliner-spotlight/article_b6af85f4-d529-11ec-81eb-e3f12d793c89.html,2.361277462177904
loss,nonmember,https://atlanticcityweekly.com/arts_and_entertainment/showboat-debuts-indoor-go-kart-experience/article_c45d8264-daba-11ec-b9f4-dbbac7c5982a.html,2.736551325001923
loss,nonmember,https://atlanticcityweekly.com/attheshore/dining/a-c-weekly-s-burger-bash-event-prepares-to-sizzle-after-a-three-year-hiatus/article_9ea74b2a-eb56-11ec-87f6-779fa13b4fd8.html,2.827760212055189
loss,nonmember,https://atlanticcityweekly.com/attheshore/dining/new-jersey-breweries-need-your-support-after-absurd-regulations/article_2be4c80c-0f5e-11ed-a243-f3043737cb5e.html,3.565362330608574
loss,nonmember,https://atlanticcityweekly.com/attheshore/nightlife/5-great-spots-to-enjoy-a-fresh-margarita-on-cinco-de-mayo/article_16f70eee-ca32-11ec-aadc-cf53668ae978.html,2.529822299547391
loss,nonmember,https://atlanticcityweekly.com/attheshore/dining/first-ever-atlantic-city-seafood-music-festival-looks-to-be-a-shuckin-good-time/article_5e248028-ef3d-11ec-97f8-f77be3d3afea.html,2.524497664990162
loss,nonmember,https://atlanticcityweekly.com/attheshore/dining/la-mesa-mr-gordo-offer-new-dining-options-for-mexican-holiday/article_7a95270e-ca57-11ec-858e-a36563b948f5.html,2.694066923380109
loss,nonmember,https://atlanticcityweekly.com/acw-cover-concept-72822/article_1b7d12fe-0cfb-11ed-9027-5b4f3c706339.html,3.760167246894719
loss,nonmember,https://atlanticcityweekly.com/arts_and_entertainment/primus-pay-tribute-to-prog-rock-forefathers-as-a-tribute-to-kings-tour-rolls-into/article_7455ee38-d852-11ec-be86-1fca7fcedf04.html,2.6602371896905748
loss,nonmember,https://atlanticcityweekly.com/attheshore/dining/what-you-need-to-know-about-natural-organic-and-vegan-wines/article_aafe8884-bd0c-11ec-9480-e7666321cb62.html,2.8028320259779873
loss,nonmember,https://atlanticcityweekly.com/attheshore/dining/the-chatterbox-in-ocean-city-roars-back-to-life-under-new-ownership/article_7a9b4afa-17e4-11ed-b41c-ab9968c3f524.html,2.7172980574278935
loss,nonmember,https://atlanticcityweekly.com/attheshore/nightlife/weekly-horoscopes/article_bcc68bd4-dde1-11ec-82a9-0b654f59d66c.html,2.206418614898727
loss,nonmember,https://atlanticcityweekly.com/attheshore/dining/ocean-casino-offers-a-choco-tribute/article_e9bfeb08-11a8-11ed-a531-9f484657ffc4.html,3.1349706937167516
loss,nonmember,https://atlanticcityweekly.com/attheshore/nightlife/5-reasons-to-check-out-coral-lounge-bar-at-resorts/article_0d02eed8-e5aa-11ec-a6d9-778392356120.html,2.76871996358671
loss,nonmember,https://atlanticcityweekly.com/attheshore/dining/appy-hour-at-harry-s-ocean-bar-grille/article_6323cd80-ef3e-11ec-9e25-53067c363be8.html,2.927047178366285
loss,nonmember,https://atlanticcityweekly.com/arts_and_entertainment/a-fusion-of-top-shelf-talent-visits-ocean-casino-s-ovation-hall-for-the-third/article_53c593d6-332d-11ed-8efc-ff74f8c86174.html,2.5727981274515184
loss,nonmember,https://atlanticcityweekly.com/arts_and_entertainment/things-to-do-for-all-of-you/article_48f40220-0449-11ed-828f-5f926710e0ca.html,2.2698501424569537
loss,nonmember,https://atlanticcityweekly.com/attheshore/dining/sundaes-in-the-summer-at-peace-pie/article_3f2a00a0-e743-11ec-abfc-bf515eb8ca79.html,2.8207322382437723
loss,nonmember,https://atlanticcityweekly.com/attheshore/dining/appy-hour-at-hotel-lbi/article_2b4b5a1e-1742-11ed-bc91-c70ff26b20ee.html,2.9866255447524694
loss,nonmember,https://atlanticcityweekly.com/arts_and_entertainment/with-a-wealth-of-new-businesses-and-teamwork-north-beach-now-hottest-spot-in-a/article_f80f6d30-0cff-11ed-8ff1-bb736a2cf94e.html,2.7451524694531018
loss,nonmember,https://atlanticcityweekly.com/sponsored/meet-the-business---one-stop-xteriors/article_0da709f4-dd22-11ec-ac34-b3f2e1fbf572.html,3.116629091904577
loss,nonmember,https://atlanticcityweekly.com/arts_and_entertainment/boy-band-what-a-rush-reunites-in-a-c/article_c020022a-f70d-11ec-8f73-a30e3ede1a34.html,2.303351333505845
loss,nonmember,https://atlanticcityweekly.com/ats-cover-4-28-22/article_661c8de2-c4c8-11ec-9c0b-4b7ec50fa571.html,3.061108717314985
loss,nonmember,https://atlanticcityweekly.com/arts_and_entertainment/things-to-do-for-all-of-you/article_0e55b5bc-012b-11ed-9aee-efe1626087a1.html,2.384753533415227
loss,nonmember,https://atlanticcityweekly.com/attheshore/events/don-t-get-faked-out-at-this-year-s-fakefest-at-golden-nugget/article_552390b4-ef3c-11ec-a8f8-9fd812f479e3.html,2.439835480030586
loss,nonmember,https://atlanticcityweekly.com/arts_and_entertainment/headliner-spotlight/article_8545a318-b9a9-11ec-b6ba-db0c77773b95.html,2.2278461770797797
loss,nonmember,https://atlanticcityweekly.com/arts_and_entertainment/headliner-spotlight/article_74365b02-221e-11ed-9f03-37517144e6bb.html,2.190380753003143
loss,nonmember,https://atlanticcityweekly.com/attheshore/dining/oh-my-dear---the-pumpkin-beers-are-here/article_9b838b4e-2872-11ed-9420-5b193f301a75.html,3.6436322556000467
loss,nonmember,https://atlanticcityweekly.com/blogs/casino_answer_man/slot-players-need-not-fear-mid-game-switch-via-server/article_2e282360-b41a-11ec-964c-b30bde973c53.html,3.383500314083121
loss,nonmember,https://atlanticcityweekly.com/arts_and_entertainment/headliner-spotlight/article_3dde292a-d851-11ec-8ad7-1f4893bce4b4.html,2.1577365583953534
loss,nonmember,https://atlanticcityweekly.com/arts_and_entertainment/headliner-spotlight/article_5e481624-045e-11ed-9fef-f7b0c59f60ec.html,2.200391106985478
loss,nonmember,https://atlanticcityweekly.com/arts_and_entertainment/mummers-close-the-summer-with-the-annual-new-years-in-north-wildwood/article_2e0b2aa0-29f2-11ed-95f4-47d98f35e00b.html,2.5903434689436713
loss,nonmember,https://atlanticcityweekly.com/arts_and_entertainment/headliner-spotlight/article_d9f0a736-172e-11ed-8161-73005ae40156.html,2.2765210725530394
loss,nonmember,https://atlanticcityweekly.com/attheshore/nightlife/tidalwave-music-festival-brings-monsoon-of-country-music-to-a-c-beach-this-weekend/article_cc8697fa-1809-11ed-9bf7-b3dd59fd9080.html,2.539021694238195
loss,nonmember,https://atlanticcityweekly.com/arts_and_entertainment/headliner-spotlight/article_f17ce35a-2f8a-11ed-af59-4741d5195105.html,2.1568792252322218
loss,nonmember,https://atlanticcityweekly.com/arts_and_entertainment/10-cool-things-to-discover-on-wildwood-boardwalk/article_3344f206-004b-11ed-9005-2390cc45c4b2.html,2.2026578356482527
loss,nonmember,https://atlanticcityweekly.com/attheshore/nightlife/5-great-spots-to-bar-hop-with-a-beverage-in-hand/article_9c2f775c-d54c-11ec-848f-9fc003c89049.html,2.875495614666339
loss,nonmember,https://atlanticcityweekly.com/arts_and_entertainment/john-cafferty-and-the-beaver-brown-band-to-perform-double-header-of-live-shows/article_b5642202-27a6-11ed-836d-b310ddc65c30.html,2.3836705403030067
loss,nonmember,https://atlanticcityweekly.com/attheshore/events/a-c-s-rock-fest-hosts-stacked-deck-of-bands-from-80s-to-present/article_48c3627e-e5f3-11ec-97e3-c7dcb6cc9662.html,2.5644157538583854
loss,nonmember,https://atlanticcityweekly.com/arts_and_entertainment/things-to-do-for-all-of-you/article_e4434a5e-253e-11ed-8f2c-574bc19c39a1.html,2.0882628731648056
loss,nonmember,https://atlanticcityweekly.com/arts_and_entertainment/art-music-and-wellness-celebrated-for-a-good-cause/article_f344d966-e662-11ec-a1b7-efa9ed3f5979.html,2.6996343930336777
loss,nonmember,https://atlanticcityweekly.com/attheshore/dining/burger-bash-chefs-bring-their-a-game-to-the-nugget-at-burger-bash-v/article_50e251c6-daa5-11ec-92fd-efd21528c340.html,2.7293600510436753
loss,nonmember,https://atlanticcityweekly.com/attheshore/dining/just-in-time-for-higher-temperatures-your-guide-to-summer-sippers/article_19d84b72-ea9f-11ec-86be-0b5fc0f7989a.html,2.545828355749906
loss,nonmember,https://atlanticcityweekly.com/celeb-chef-returns-to-a-c-with-fast-casual-burger-concept/article_390335b8-c720-11ec-9d45-7f6f1d51a9c1.html,2.6529373520887845
loss,nonmember,https://atlanticcityweekly.com/attheshore/nightlife/5-reasons-to-check-out-bally-s-new-carousel-bar/article_ab7b524a-dc49-11ec-ae2b-476eee9f9a39.html,2.698008691920491
loss,nonmember,https://atlanticcityweekly.com/attheshore/nightlife/5-places-that-are-back-in-full-swing-for-the-summer/article_e01cca6a-d857-11ec-8c93-7376318e2ae8.html,2.715998229322124
loss,nonmember,https://atlanticcityweekly.com/attheshore/dining/south-jersey-prepares-for-burger-bash-v/article_f059c2f8-ba6a-11ec-86cc-0feeadbf5b22.html,3.0337263088756625
loss,nonmember,https://atlanticcityweekly.com/arts_and_entertainment/5-things-to-know-about-the-pool-at-harrahs/article_104f1b66-29fc-11ed-9f19-e35d1ff1ec5e.html,2.6973593485526255
loss,nonmember,https://atlanticcityweekly.com/arts_and_entertainment/summer-s-unofficial-kickoff-is-a-weekend-worth-celebrating-in-south-jersey/article_ff365b40-db6e-11ec-8e7c-579040121510.html,2.6139899994238114
loss,nonmember,https://atlanticcityweekly.com/attheshore/nightlife/4-spots-to-pre-and-post-game-for-tidal-wave-festival/article_30a84ea0-17fa-11ed-902a-87cb86b85156.html,2.3271782486110855
loss,nonmember,https://atlanticcityweekly.com/060922-acw-acwcoverphotos/article_6d0dbac6-e67f-11ec-8c08-33ca211193ad.html,3.2581321824378078
loss,nonmember,https://atlanticcityweekly.com/arts_and_entertainment/chili-knockout-spicy-food-fest-brings-the-burn-to-a-c/article_9c13a1e2-d5f3-11ec-97ae-ff9ff3d2735f.html,2.7604462374250947
loss,nonmember,https://atlanticcityweekly.com/serindipity3-brings-over-the-top-desserts-bites-drinks-and-celebrations-to-ocean-casino/article_c242df36-06d1-11ed-bd3a-d3243d1d9689.html,2.955289289793619
loss,nonmember,https://atlanticcityweekly.com/arts_and_entertainment/a-full-lineup-of-new-bars-restaurants-and-gaming-concepts-are-headed-to-trop-this/article_95d249a2-bc06-11ec-a002-1f427fc39c74.html,2.726756313134714
loss,nonmember,https://atlanticcityweekly.com/attheshore/dining/two-seafood-buffets-bring-all-you-can-eat-options-to-family-fun-locations/article_1a52f9ec-f703-11ec-923f-f3b3c4c74a30.html,2.9298070762365565
loss,nonmember,https://atlanticcityweekly.com/arts_and_entertainment/tito-puente-jr-brings-the-spirit-of-his-father-s-music-to-somers-point/article_d6312a58-dd22-11ec-81b2-2b7c78c6a543.html,2.4640439627111688
loss,nonmember,https://atlanticcityweekly.com/attheshore/dining/ossu-japanese-tavern-the-latest-hit-in-trop-s-dining-re-imaginings/article_a4a4e780-2305-11ed-b86b-f7fbed36d9d7.html,3.3187200237499574
loss,nonmember,https://atlanticcityweekly.com/exit-zero-jazz-festival-celebrates-10th-anniversary-with-stellar-lineup/article_79ca0898-d07f-11ec-b72d-57b4112654bd.html,2.7267299301311816
loss,nonmember,https://atlanticcityweekly.com/arts_and_entertainment/the-genesis-show-brings-the-duke-tour-to-levoy-theatre/article_6e6de534-2a1e-11ed-b675-278865971c33.html,2.799823944512172
loss,nonmember,https://atlanticcityweekly.com/arts_and_entertainment/headliner-spotlight/article_25b9e83e-dd15-11ec-ba1c-5f176eaaf51b.html,2.107756766523919
loss,nonmember,https://atlanticcityweekly.com/attheshore/dining/spring-is-here-but-there-are-no-rules-when-you-can-enjoy-any-type-of/article_da4ae6c0-d52e-11ec-8532-8b32fcab291c.html,2.854870556568797
loss,nonmember,https://atlanticcityweekly.com/attheshore/events/the-right-notes-2022-honoring-jayne-bray/article_604c316a-1d65-11ed-9d98-ef6a3661c516.html,2.3922076708546074
loss,nonmember,https://atlanticcityweekly.com/attheshore/dining/sundaes-in-the-summer-at-drip-n-scoop/article_d5b56380-0f5b-11ed-9534-37f0085acc21.html,2.9570442830237798
loss,nonmember,https://atlanticcityweekly.com/arts_and_entertainment/local-winery-hosts-country-music-festival-for-holiday-weekend/article_f357144e-f6e5-11ec-aede-cb28e179b739.html,2.690759924897386
loss,nonmember,https://atlanticcityweekly.com/arts_and_entertainment/headliner-spotlight/article_fcf61e50-0c2f-11ed-a30c-f31e9f370d76.html,2.0850768062784533
loss,nonmember,https://atlanticcityweekly.com/arts_and_entertainment/headliner-spotlight/article_aa4f44a2-ea9b-11ec-bd17-3bf49578de70.html,2.1327060408254894
loss,nonmember,https://atlanticcityweekly.com/attheshore/dining/from-crepes-to-quiche-asbury-kitchen-worth-checking-out/article_e6bfe950-01ed-11ed-9754-b33e90dc2edf.html,2.717840061560815
loss,nonmember,https://atlanticcityweekly.com/attheshore/nightlife/crowd-size-day-of-the-week-all-the-same-for-slot-payouts/article_b05a8848-3294-11ed-b2a2-67c0a45d43e8.html,3.1534521240491116
loss,nonmember,https://atlanticcityweekly.com/attheshore/dining/appy-hour-at-izzy-s-river-landing/article_fa90d9fa-e5ad-11ec-99d3-8b9f1c60ab4b.html,2.8278359282342014
loss,nonmember,https://atlanticcityweekly.com/arts_and_entertainment/legendary-comic-steven-wright-returns-to-a-c/article_7c1ef9f8-d603-11ec-aaae-4fb2b586c540.html,2.6587932029921175
loss,nonmember,https://atlanticcityweekly.com/attheshore/dining/appy-hour-at-laguna-grill-and-rum-bar/article_8694fefc-0ced-11ed-be23-7f78a7ad05c4.html,2.8961651940159405
loss,nonmember,https://atlanticcityweekly.com/attheshore/dining/manco-manco-opens-a-location-at-citizens-bank-park/article_73a4fae4-b433-11ec-a89b-7bc23b90aae1.html,2.4745714736948234
loss,nonmember,https://atlanticcityweekly.com/attheshore/dining/all-kinds-of-competition-are-set-to-go-down-at-burger-bash-v/article_024d63e2-e668-11ec-8c05-33a7aeb8c7e5.html,2.7358820682865033
loss,nonmember,https://atlanticcityweekly.com/arts_and_entertainment/headliner-spotlight/article_589ce962-0f4d-11ed-960a-875dd7e7bf05.html,2.2495814522651805
loss,nonmember,https://atlanticcityweekly.com/arts_and_entertainment/concert-review-the-black-crowes-tear-it-up-at-their-saturday-night-rock-n-roll/article_f150728e-fae2-11ec-9d5c-13f4f22ac4f4.html,2.862502834914215
loss,nonmember,https://atlanticcityweekly.com/attheshore/headliners/headliner-spotlight/article_cbb08398-cf95-11ec-b3d9-1bac664d3da8.html,2.158973349209809
loss,nonmember,https://atlanticcityweekly.com/attheshore/dining/sundaes-in-the-summer-at-royale-crown/article_9b039e3a-0693-11ed-a8ea-4f475c83bf28.html,2.9922601017918926
loss,nonmember,https://atlanticcityweekly.com/attheshore/dining/manco-manco-opens-a-location-at-citizen-bank-park/article_73a4fae4-b433-11ec-a89b-7bc23b90aae1.html,2.893464042894406
loss,nonmember,https://atlanticcityweekly.com/attheshore/dining/foodie-friendly-charity-events-come-to-south-jersey-this-week/article_18717df6-c57b-11ec-beb7-37e9a27b9977.html,2.2895358816976805
loss,nonmember,https://atlanticcityweekly.com/attheshore/events/a-c-s-rock-fest-hosts-stacked-deck-of-bands-from-80s-to-present/article_33cf1976-e670-11ec-b19e-cfa8af8d150b.html,2.5644157538583854
loss,nonmember,https://atlanticcityweekly.com/attheshore/dining/on-a-roll-at-vic-s-subs/article_77674ad4-b9be-11ec-9989-9fc754b73f73.html,2.798781115133986
loss,nonmember,https://atlanticcityweekly.com/attheshore/dining/appy-hour-at-buckets-margarita-bar-cantina/article_82e07804-f7b7-11ec-97a4-d7977ffabcbc.html,2.727060287176081
loss,nonmember,https://atlanticcityweekly.com/arts_and_entertainment/a-weekend-full-of-firefighting-fun/article_5e519ab0-2f91-11ed-85a4-0f90314c111d.html,2.375518907001472
loss,nonmember,https://atlanticcityweekly.com/attheshore/dining/our-picks-for-where-to-wine-and-dine-mom-this-mother-s-day/article_3aabea8c-caf3-11ec-8321-4347195e5772.html,2.454153334072115
loss,nonmember,https://atlanticcityweekly.com/attheshore/dining/exit-zero-transforms-cape-may-s-ferry-park-into-a-destination-of-its-own/article_157671c4-d5fc-11ec-a0b8-577a3f86b352.html,2.8279686142485434
loss,nonmember,https://atlanticcityweekly.com/attheshore/events/3-places-to-grab-a-drink-and-watch-the-atlantic-city-airshow/article_6e32b418-1d72-11ed-bc12-93c14905474f.html,2.6318422324315978
loss,nonmember,https://atlanticcityweekly.com/attheshore/dining/andy-s-pizza-in-hammonton-is-buzzing-with-breakfast-brilliance/article_c8935cd0-c4c3-11ec-b8d2-c7357ffc7406.html,2.6165420159452397
loss,nonmember,https://atlanticcityweekly.com/attheshore/events/a-c-hosts-free-concerts-on-the-boardwalk-each-week-through-the-summer/article_a8636d5c-11b1-11ed-b46c-a330bbd45646.html,2.791535831046239
loss,nonmember,https://atlanticcityweekly.com/arts_and_entertainment/jersey-legend-southside-johnny-enjoying-being-back-on-road-again/article_41fd3996-d532-11ec-a1f2-23a01a7a06b0.html,2.5230086290168035
loss,nonmember,https://atlanticcityweekly.com/blogs/casino_answer_man/cards-in-hand-have-impact-on-possibilities-for-draw/article_7e60a106-279a-11ed-bd8c-d7b304d0621a.html,3.216245277256557
loss,nonmember,https://atlanticcityweekly.com/attheshore/events/5-places-to-hang-out-before-and-after-barefoot-music-fest-in-wildwoods/article_eba730f6-eb3e-11ec-94d0-4b237bc8099a.html,2.581725183037616
loss,nonmember,https://atlanticcityweekly.com/blogs/gaming_guru/millions-of-hands-played-few-never-to-be-forgotten/article_e543836e-1711-11ed-bf36-e3ec9f19b5b9.html,3.32239042617709
loss,nonmember,https://atlanticcityweekly.com/arts_and_entertainment/skato-with-kato-briefing/article_cd1d9382-e12a-11ec-ab7d-1f996f6c6c4d.html,2.8042721691758303
loss,nonmember,https://atlanticcityweekly.com/attheshore/dining/building-the-perfect-labor-day-weekend/article_48f8d450-24a9-11ed-af6c-c32f9ee5e88f.html,2.7994514662421808
loss,nonmember,https://atlanticcityweekly.com/arts_and_entertainment/5-albums-to-play-before-summer-ends/article_1d614c2c-281f-11ed-ad42-0f92d2ee8cb4.html,2.5013173720706843
loss,nonmember,https://atlanticcityweekly.com/attheshore/dining/on-a-roll-at-the-cheese-board/article_3b455716-b415-11ec-9f7e-e7f83196c882.html,2.963799399567121
loss,nonmember,https://atlanticcityweekly.com/arts_and_entertainment/masters-of-illusion-brings-mind-bending-magic-mayhem-and-macabre-to-harrah-s/article_be92a904-f185-11ec-91fa-93917aee798b.html,2.689916667243876
loss,nonmember,https://atlanticcityweekly.com/arts_and_entertainment/scaggs-brings-influential-trilogy-to-ocean-casino/article_b026bc54-0f4c-11ed-8de7-4b43cefbde9d.html,2.7010793988892874
loss,nonmember,https://atlanticcityweekly.com/arts_and_entertainment/melissa-manchester-brings-hits-to-benefit-south-jersey-arts/article_466d27fc-11d2-11ed-b952-ef7216fce5cf.html,2.743950985404669
loss,nonmember,https://atlanticcityweekly.com/attheshore/dining/on-a-roll-at-the-anchorage-tavern-in-somers-point/article_77775516-c27c-11ec-a433-b32d86fbf139.html,2.8383284899972496
loss,nonmember,https://atlanticcityweekly.com/attheshore/nightlife/5-places-to-dance-through-the-night/article_a81f8cb4-24a7-11ed-b5c4-879548f61a38.html,2.907101746846996
loss,nonmember,https://atlanticcityweekly.com/arts_and_entertainment/north-wildwood-s-annual-festival-celebrating-live-blues-and-bbq-prepares-to-sizzle/article_79f48678-f95f-11ec-b70c-23f5571d3ed7.html,2.6436009247311287
loss,nonmember,https://atlanticcityweekly.com/attheshore/dining/don-t-behave-like-a-bunch-of-asses-make-sure-to-grab-your-burger-bash/article_7bc3ec16-cfc8-11ec-b4b3-97daa69de175.html,2.806516174845907
loss,nonmember,https://atlanticcityweekly.com/after-a-bit-of-downtime-burlesque-show-returns-to-borgata-with-a-bang/article_c3de8278-d071-11ec-be94-87f487e52057.html,2.500534676552562
loss,nonmember,https://atlanticcityweekly.com/food_and_drink/few-spots-left-for-late-night-dining-in-atlantic-city/article_d30ca9d0-1d80-11ed-a0db-b79e22601e38.html,2.80959230318663
loss,nonmember,https://atlanticcityweekly.com/arts_and_entertainment/jazz-society-hosts-jazzy-warm-up-act-for-return-of-somers-point-s-biggest-fest/article_98a22448-bf64-11ec-bd5c-934a3d378c6e.html,2.4455696965628975
loss,nonmember,https://atlanticcityweekly.com/just_for_fun/stockton-s-walking-tours-return-to-showcase-a-c-s-rich-history/article_815dbe86-f962-11ec-8a5d-d7b7a687aa3d.html,2.6063044524450976
loss,nonmember,https://atlanticcityweekly.com/arts_and_entertainment/headliner-spotlight/article_4f613ad6-2539-11ed-b6fb-bbad2fc3e492.html,2.2154232684487813
loss,nonmember,https://atlanticcityweekly.com/arts_and_entertainment/south-jersey-is-hopping-with-holiday-events/article_b27181f2-b9a1-11ec-bad4-a712d3d7851a.html,2.5816269337515156
loss,nonmember,https://atlanticcityweekly.com/attheshore/nightlife/how-increased-tax-form-trigger-would-affect-big-slot-winners/article_7406dd5e-0118-11ed-9597-7fb9b7ff4ed0.html,3.2426636931851047
loss,nonmember,https://atlanticcityweekly.com/arts_and_entertainment/smithville-village-s-mayfest-means-another-weekend-of-fabulous-family-fun/article_13bcb0b6-d073-11ec-a0a9-2f8a6ba00476.html,2.5811235513157067
loss,nonmember,https://atlanticcityweekly.com/arts_and_entertainment/things-to-do-for-all-of-you/article_ae169994-e5b6-11ec-b9b5-2febcb289f1d.html,2.4017417495057027
loss,nonmember,https://atlanticcityweekly.com/arts_and_entertainment/phanatic-and-special-guests-to-visit-ocean-city-boardwalk-for-phillies-day-at-manco-manco/article_73cd4d64-eccd-11ec-acf9-5fc677e77d31.html,2.502027842717394
loss,nonmember,https://atlanticcityweekly.com/5-wineries-to-visit-in-the-area-and-what-makes-them-so-special/article_0d567418-0c10-11ed-ad9c-33f405e1130a.html,2.554248131973302
loss,nonmember,https://atlanticcityweekly.com/ats-cover-pics-42122/article_642b71ba-bf64-11ec-8269-a73d00580020.html,3.3644223285686348
loss,nonmember,https://atlanticcityweekly.com/attheshore/dining/the-chicken-sandwich-wars-rage-on-picking-the-top-bird-in-a-fast-food-face/article_ebf74e30-287c-11ed-8ec0-6b410caf185a.html,2.8107180293334677
loss,nonmember,https://atlanticcityweekly.com/attheshore/dining/5-reasons-to-check-out-bally-s-locally-loved-week/article_92adffda-b9bf-11ec-8b4e-cbb2ab99103f.html,3.045194309427952
loss,nonmember,https://atlanticcityweekly.com/blogs/casino_answer_man/player-yearns-for-charlies-after-push-on-low-card-run/article_f086b05a-c3df-11ec-8992-cb2f82f753b3.html,3.027900067082743
loss,nonmember,https://atlanticcityweekly.com/ossu-japanese-tavern-the-latest-hit-in-trop-s-dining-re-imaginings/article_7b69408a-2311-11ed-bf76-e7ce6912d77f.html,3.285281722341278
loss,nonmember,https://atlanticcityweekly.com/attheshore/nightlife/can-you-own-your-own-slot-machine-rules-depend-on-your-home-state/article_6aeaeb78-e595-11ec-862f-0f3f1283a5b3.html,3.164598743702506
loss,nonmember,https://atlanticcityweekly.com/arts_and_entertainment/5-questions-with-kenny-wayne-shepherd/article_00722c30-1d6b-11ed-8db7-8fed48dfef86.html,2.328706261466905
loss,nonmember,https://atlanticcityweekly.com/attheshore/dining/a-q-a-with-chef-bob-hettmannsperger-of-essl-s-dugout/article_ae69b5c0-29fe-11ed-a990-b3d4c8745473.html,2.1913016079402654
loss,nonmember,https://atlanticcityweekly.com/attheshore/nightlife/blackjack-bob-gives-thumbs-up-to-zappit-as-change-of-pace-game/article_6331b29a-0c14-11ed-9a5b-8f193fdf89de.html,3.0966752210100275
loss,nonmember,https://atlanticcityweekly.com/arts_and_entertainment/all-you-need-to-know-about-ocean-s-draft-day-party/article_fc25aea2-c4bb-11ec-aadb-872a80550e92.html,2.7974600013347595
loss,nonmember,https://atlanticcityweekly.com/arts_and_entertainment/iconic-director-john-waters-brings-one-man-show-to-a-c/article_2bd684a2-bf33-11ec-a0ee-8baf97f08373.html,2.7753086684801302
loss,nonmember,https://atlanticcityweekly.com/arts_and_entertainment/after-a-bit-of-downtime-burlesque-show-returns-to-borgata-with-a-bang/article_3c0365e6-cf93-11ec-9224-0f2e5d59fbe9.html,2.500534676552562
loss,nonmember,https://atlanticcityweekly.com/attheshore/nightlife/weekly-horoscopes/article_5d46207e-0c27-11ed-b9ee-2f15b9ca8857.html,2.3272579243350155
loss,nonmember,https://atlanticcityweekly.com/arts_and_entertainment/headliner-spotlight/article_3afa4f60-c27e-11ec-b1f4-a3f8f9e8d0e8.html,2.196019044997425
loss,nonmember,https://atlanticcityweekly.com/attheshore/dining/on-a-roll-at-sack-o-subs/article_4cb4c374-d530-11ec-9ead-671ddc51a979.html,2.827203383990164
loss,nonmember,https://atlanticcityweekly.com/attheshore/dining/serindipity3-brings-over-the-top-desserts-bites-drinks-and-celebrations-to-ocean-casino/article_8a7359ba-06bc-11ed-b98e-c328deb3af2e.html,2.9289225550431897
loss,nonmember,https://atlanticcityweekly.com/attheshore/nightlife/table-game-jackpot-odds-vary-with-number-of-decks/article_cdd61a1c-ca0d-11ec-a3ec-cb06dd7d0a56.html,3.231620400208479
loss,nonmember,https://atlanticcityweekly.com/weekly-horoscopes/article_e2effe24-b46c-11ec-9f20-4bc684f93741.html,2.1272277339242764
loss,nonmember,https://atlanticcityweekly.com/attheshore/dining/cape-may-s-taco-caballito-shines-bright-under-youthful-new-owners/article_f5c9dfae-ddbd-11ec-ae69-6f7ec70da37a.html,2.5957519760307637
loss,nonmember,https://atlanticcityweekly.com/attheshore/nightlife/5-places-to-grab-a-hot-dog-and-a-beer/article_8480b660-004a-11ed-a89b-4b1be25b1460.html,2.3288836176639642
loss,nonmember,https://atlanticcityweekly.com/arts_and_entertainment/headliner-spotlight/article_abe4b70e-ef3a-11ec-a5e0-8f37627ae22f.html,2.212057572244089
loss,nonmember,https://atlanticcityweekly.com/attheshore/dining/sundaes-in-the-summer-at-juli-s-pink-ice-cream/article_ec9cfb2a-2fa0-11ed-8a0c-3b1069c99b29.html,2.761588940474051
loss,nonmember,https://atlanticcityweekly.com/attheshore/dining/burger-bash-v-returns-to-the-nugget/article_aaba2af2-c268-11ec-965b-0f8c63cf301d.html,3.034896257758281
loss,nonmember,https://atlanticcityweekly.com/arts_and_entertainment/headliner-spotlight/article_0f4bec20-bd0b-11ec-b4c6-a731583a4d92.html,2.0618141427663463
loss,nonmember,https://atlanticcityweekly.com/attheshore/dining/ain-t-no-cure-but-the-summertime-brews/article_fe207d9a-f95e-11ec-8919-37bb230ee72e.html,3.7716673325761065
loss,nonmember,https://atlanticcityweekly.com/arts_and_entertainment/5-questions-with-stephen-pearcy-the-voice-of-ratt/article_08cadc6a-e73d-11ec-ac95-ab0868cf1084.html,2.7290997801615418
loss,nonmember,https://atlanticcityweekly.com/arts_and_entertainment/ocean-casino-hosts-a-night-celebrating-the-chairman-of-the-board/article_fec0f628-2288-11ed-9ee8-bb5a6341d8c3.html,2.4170864779038252
loss,nonmember,https://atlanticcityweekly.com/arts_and_entertainment/things-to-do-for-all-of-you/article_6840bbda-b9b9-11ec-bb54-537b52472319.html,2.45598310094462
loss,nonmember,https://atlanticcityweekly.com/attheshore/nightlife/5-reasons-to-check-out-classic-rewind-weekend-at-showboat/article_d7a535c2-f0ba-11ec-8a23-ffce935db711.html,2.508128942294003
loss,nonmember,https://atlanticcityweekly.com/arts_and_entertainment/things-to-do-for-all-of-you/article_813e288e-0c43-11ed-bdda-139c52738ac7.html,2.288074429372932
loss,nonmember,https://atlanticcityweekly.com/arts_and_entertainment/somers-point-s-biggest-festival-rises-again-as-bayfest-returns-for-2022/article_98afea96-c4c4-11ec-80b8-57ec3b1efe8e.html,2.1779508100634954
loss,nonmember,https://atlanticcityweekly.com/arts_and_entertainment/a-c-beer-music-fest-returns-to-bader-field-for-another-year-in-the-sun/article_f0581b2c-e0e1-11ec-bd7b-73bc9dff5623.html,2.8016653848657778
loss,nonmember,https://atlanticcityweekly.com/sponsored/north-beach-atlantic-city-fireworks-celebration-set-for-july-1/article_0003cb8e-ebff-11ec-bc67-dfcb4a2b74e6.html,2.4400693414104087
min_k,member,https://atlanticcityweekly.com/weather/weather-small-coastal-storm-to-bring-rain-some-wind-into-wednesday/article_934982b8-b43b-11ec-a607-1f21f73c5828.html,7.533874132775313
min_k,member,https://atlanticcityweekly.com/arts_and_entertainment/things-to-do-for-all-of-you/article_189384be-f96a-11ec-a828-9f0bba8b8de5.html,7.13470625631588
min_k,member,https://atlanticcityweekly.com/arts_and_entertainment/10-things-to-do-on-the-ocean-city-boardwalk/article_3e9bb56e-0c48-11ed-90d3-7bbff19becd1.html,7.5693265199661255
min_k,member,https://atlanticcityweekly.com/arts_and_entertainment/headliner-spotlight/article_c2f5ade6-ca36-11ec-8c92-93fd0227696b.html,6.94605811101007
min_k,member,https://atlanticcityweekly.com/arts_and_entertainment/rock-and-roll-hall-of-famers-celebrate-six-decades-at-borgata/article_6e66d7b6-bd0a-11ec-94bb-7f7ae869482d.html,7.31872328320432
min_k,member,https://atlanticcityweekly.com/attheshore/nightlife/roulette-pivot-point-cant-guarantee-riches/article_0289135e-f92f-11ec-bed3-778c741a408c.html,7.962700760604551
min_k,member,https://atlanticcityweekly.com/attheshore/dining/a-c-weekly-to-celebrate-mankind-s-greatest-dish-at-burger-bash-v/article_48e2f00e-dc47-11ec-a6fd-d381d8364dec.html,7.651113652471286
min_k,member,https://atlanticcityweekly.com/attheshore/dining/the-grills-were-alive-at-burger-bash-v/article_0c9b1dee-f162-11ec-9bc1-f39bd220dc93.html,7.996894140159134
min_k,member,https://atlanticcityweekly.com/attheshore/dining/on-a-roll-at-taco-caballito-tequileria/article_21c217f2-cf95-11ec-ab12-6731e831409c.html,7.087763930213522
min_k,member,https://atlanticcityweekly.com/arts_and_entertainment/ann-wilson-flies-solo-as-her-tour-rolls-into-atlantic-city/article_14c1a234-0c08-11ed-9fff-c7f592684e9b.html,7.556885294746935
min_k,member,https://atlanticcityweekly.com/attheshore/nightlife/bigger-bets-for-better-rules-can-damage-your-bankroll/article_6c153fb4-dabc-11ec-a08a-5b093cf8f755.html,7.605500902885046
min_k,member,https://atlanticcityweekly.com/attheshore/dining/sundaes-in-the-summer-at-the-sunryser/article_cdc05c04-1e5e-11ed-a7d8-a76cfb06641f.html,7.419640571448453
min_k,member,https://atlanticcityweekly.com/attheshore/dining/sundaes-in-the-summer-at-skipper-dipper/article_5bdc44ce-fed1-11ec-ab08-fb71cc365a71.html,7.126802573601405
min_k,member,https://atlanticcityweekly.com/arts_and_entertainment/things-to-do-for-all-of-you/article_114b38c0-ddc0-11ec-ad79-eb5faa6475f9.html,7.339774543690569
min_k,member,https://atlanticcityweekly.com/attheshore/events/hellzapoppin-circus-sideshow-comes-to-a-c-for-a-night-of-shock-and-awe/article_a643364e-ca33-11ec-80b1-93e89928b733.html,7.406357608795166
min_k,member,https://atlanticcityweekly.com/8-day-nj-heat-wave-was-longest-since-2018-longest-96f-stretch-on-record/article_970de9e2-0d42-11ed-80fd-97c61d43c14d.html,7.250002428066511
min_k,member,https://atlanticcityweekly.com/attheshore/dining/tracking-down-south-jersey-s-best-dining-options-for-easter-grub/article_11018572-ba70-11ec-b4d5-a3cc04cea4d3.html,7.296016428061337
min_k,member,https://atlanticcityweekly.com/arts_and_entertainment/things-to-do-for-all-of-you/article_9c952368-2254-11ed-8d27-37d592bdb826.html,7.2158108101983744
min_k,member,https://atlanticcityweekly.com/arts_and_entertainment/things-to-do-for-all-of-you/article_ef3230f6-3038-11ed-b56d-7be485f0a9ae.html,7.308760672616244
min_k,member,https://atlanticcityweekly.com/arts_and_entertainment/things-to-do-for-all-of-you/article_1b527e2a-11b7-11ed-bead-df88e3124d14.html,6.933754163439543
min_k,member,https://atlanticcityweekly.com/attheshore/dining/crossroads-bar-grill-scores-big-with-wild-twists-on-american-bar-food/article_a9e69f82-0cf2-11ed-a2d7-d30a906d7a31.html,7.2443365969209585
min_k,member,https://atlanticcityweekly.com/arts_and_entertainment/things-to-do-for-all-of-you/article_2fb8427a-d524-11ec-9520-f3985c59c91f.html,7.603957427890524
min_k,member,https://atlanticcityweekly.com/arts_and_entertainment/5-questions-with-magician-trickster-michael-carbonaro/article_8c4c5a12-ca5c-11ec-8e49-0b3a72d4e9fe.html,6.936664928089488
min_k,member,https://atlanticcityweekly.com/arts_and_entertainment/headliner-spotlight/article_09651faa-2a0e-11ed-aadd-b33710b1193d.html,6.6532991080448545
min_k,member,https://atlanticcityweekly.com/attheshore/dining/famed-philly-chef-teams-with-cookie-till-for-week-long-presence-charitable-event/article_22bdc036-1278-11ed-97e7-fba03a2e2c4b.html,6.938392417414205
min_k,member,https://atlanticcityweekly.com/attheshore/nightlife/5-great-spots-to-get-a-beer-for-national-beer-day/article_47251b5a-b412-11ec-95b5-d32af5350346.html,8.20002573084943
min_k,member,https://atlanticcityweekly.com/arts_and_entertainment/absecon-lighthouse-welcomes-all-to-its-annual-spring-festival/article_a0df388a-caef-11ec-80e6-27c920639258.html,7.477294101271519
min_k,member,https://atlanticcityweekly.com/attheshore/events/42nd-national-sports-collectors-convention-returns-to-a-c/article_19381bdc-0464-11ed-999f-935db2616c44.html,7.042789425766259
min_k,member,https://atlanticcityweekly.com/arts_and_entertainment/ocean-casino-steps-up-its-fantasy-football-game-at-topgolf/article_2f118b7c-2882-11ed-95ab-0f441b7dc513.html,8.438746049669053
min_k,member,https://atlanticcityweekly.com/attheshore/nightlife/tidalwave-music-festival-brings-monsoon-of-country-music-to-a-c-beach-this-weekend/article_9dcbe94a-1801-11ed-9c0b-cb7d55629015.html,6.61146604463299
min_k,member,https://atlanticcityweekly.com/attheshore/dining/5-spots-to-celebrate-the-return-of-baseball/article_9152d674-bf5a-11ec-b969-6bb67b868857.html,7.3588037787442
min_k,member,https://atlanticcityweekly.com/nightlife/5-reasons-to-check-out-moe-s-pop-up-bar-in-wildwood/article_47f7ead4-0391-11ed-b72c-97fd2252d53f.html,7.960967415257504
min_k,member,https://atlanticcityweekly.com/attheshore/nightlife/blackjack-has-34-starting-hands-or-more-if-composition-matters/article_cee86d6e-0690-11ed-954d-13c3878f1324.html,8.612975738894555
min_k,member,https://atlanticcityweekly.com/arts_and_entertainment/reversible-royals-bring-larger-but-rarer-jackpots/article_dfab461a-f085-11ec-ba5e-77745a051447.html,8.563402613753793
min_k,member,https://atlanticcityweekly.com/attheshore/nightlife/5-spots-to-enjoy-before-the-summer-crowds-come/article_7f84e2e8-cf95-11ec-afd1-83ec7974c926.html,7.301495048107129
min_k,member,https://atlanticcityweekly.com/attheshore/dining/5-reasons-to-go-to-tequila-week-at-bally-s/article_c6f44400-f968-11ec-93d2-e7004dc812c1.html,7.456315075478902
min_k,member,https://atlanticcityweekly.com/arts_and_entertainment/barefoot-country-music-fest-returns-to-wildwood-beach/article_1b04c982-ebe7-11ec-abbc-f7850f2c0b5a.html,7.063191793712915
min_k,member,https://atlanticcityweekly.com/arts_and_entertainment/tropicana-s-boogie-nights-celebrates-10-years-of-partying-like-its-1999/article_f9f10f08-c571-11ec-bdab-0fa1df62cb5f.html,7.101396997502986
min_k,member,https://atlanticcityweekly.com/attheshore/events/a-c-beach-hosts-three-nights-of-the-world-s-biggest-jam-band/article_a460565e-11b9-11ed-beed-473535620265.html,7.468775647857878
min_k,member,https://atlanticcityweekly.com/attheshore/dining/3-great-bars-to-watch-week-1-of-the-nfl/article_45b31d5e-2df1-11ed-84b4-d7e7b2d0631e.html,7.512526919876319
min_k,member,https://atlanticcityweekly.com/sponsored/give-the-gift-of-life---a-kidney-for-avram/article_96636352-ec1b-11ec-afad-af2b631451b1.html,6.578284723568807
min_k,member,https://atlanticcityweekly.com/blogs/casino_answer_man/players-find-up-and-down-sides-of-streaks-at-craps-and-roulette/article_838b4b5a-e059-11ec-8a46-53177fa68b4e.html,7.744309652142409
min_k,member,https://atlanticcityweekly.com/blogs/casino_answer_man/vplayers-find-up-and-down-sides-of-streaks-at-craps-and-roulette/article_838b4b5a-e059-11ec-8a46-53177fa68b4e.html,7.744309652142409
min_k,member,https://atlanticcityweekly.com/arts_and_entertainment/things-to-do-for-all-of-you/article_b299de10-2a24-11ed-98e2-a314b2c540a8.html,7.063183240923052
min_k,member,https://atlanticcityweekly.com/arts_and_entertainment/drummer-shows-artistic-side-at-hard-rock-performs-with-lynyrd-skynyrd-at-ocean-casino/article_a00fd08a-fc82-11ec-be86-9f1b4a6d113b.html,7.150349427139143
min_k,member,https://atlanticcityweekly.com/arts_and_entertainment/fireworks-around-south-jersey-and-independence-day-events/article_5b119ff0-f6dc-11ec-af44-d7963461b70d.html,6.911285059187147
min_k,member,https://atlanticcityweekly.com/arts_and_entertainment/things-to-do-for-all-of-you/article_a0a56db0-1ccc-11ed-8cff-dbe0f63cef13.html,6.950731594226777
min_k,member,https://atlanticcityweekly.com/attheshore/dining/10-great-spots-to-bring-your-pop-on-father-s-day/article_d0d06be8-eb30-11ec-bb9d-cb3720af2358.html,6.8543788878840015
min_k,member,https://atlanticcityweekly.com/ats-cover-6-16-22/article_47ecd3f6-ebdb-11ec-9763-7b01cf4822b8.html,10.965013805188631
min_k,member,https://atlanticcityweekly.com/attheshore/dining/ocean-casino-s-makai-brings-island-flavors-to-atlantic-city/article_255d15da-2e02-11ed-9585-8bf51c151278.html,7.804865564940111
min_k,member,https://atlanticcityweekly.com/attheshore/dining/newly-opened-moonshiners-bar-and-grill-in-mays-landing-is-here-to-stay/article_2e4d63c6-db7c-11ec-b02c-3719ce31f867.html,6.721004209210796
min_k,member,https://atlanticcityweekly.com/attheshore/dining/girasole-celebrates-three-decades-of-inspired-italian-cuisine/article_82e5edbc-e668-11ec-a3a1-63550687ef73.html,7.317898269622557
min_k,member,https://atlanticcityweekly.com/arts_and_entertainment/new-comedy-concept-combines-hypnosis-and-improv-into-one-sidesplitting-good-time/article_557e1eec-e683-11ec-8553-e72891da63cc.html,6.888154980276718
min_k,member,https://atlanticcityweekly.com/attheshore/dining/appy-hour-at-the-point/article_bee5e010-daa6-11ec-98b7-2bb20e469a25.html,8.054605793643308
min_k,member,https://atlanticcityweekly.com/weather/weather-boom-or-bust-scenario-for-severe-weather-tuesday-comfy-weekend-ahead/article_0b8042c2-fb30-11ec-9bd4-674e9cbe3b3e.html,7.28502329408306
min_k,member,https://atlanticcityweekly.com/the-chatterbox-in-ocean-city-roars-back-to-life-under-new-ownership/article_28b831ce-17eb-11ed-944c-43c5b498c53e.html,7.124402094828455
min_k,member,https://atlanticcityweekly.com/arts_and_entertainment/big-developments-define-summer-2022-for-ocean-casino/article_1e30aa5a-daac-11ec-86da-17c9830fabe5.html,6.268432274199369
min_k,member,https://atlanticcityweekly.com/sponsored/north-beach-atlantic-city-fireworks-celebration-set-for-sept-4th/article_e9c2aaa4-287e-11ed-b794-c7ff847eabef.html,7.340204907112381
min_k,member,https://atlanticcityweekly.com/arts_and_entertainment/things-to-do-for-all-of-you/article_7df7d468-daac-11ec-9c5a-83fc8d7b6c90.html,7.287608641366617
min_k,member,https://atlanticcityweekly.com/attheshore/dining/honor-thy-burger-at-burger-bash-v/article_58eb6e30-d531-11ec-ad42-274e02ab81b7.html,7.474937564642855
min_k,member,https://atlanticcityweekly.com/attheshore/dining/trop-opens-brand-new-japanese-tavern-concept/article_3ef4d788-0f73-11ed-a85c-9725dbf88c32.html,7.533927041131097
min_k,member,https://atlanticcityweekly.com/arts_and_entertainment/this-a-c-wrestling-tournament-is-a-real-game-changer/article_96b81e48-dd2e-11ec-92e0-1b7729b2d59c.html,6.874360102527547
min_k,member,https://atlanticcityweekly.com/attheshore/events/the-downbeach-seafood-festival-makes-for-a-shucking-fun-weekend-in-south-jersey/article_e53e5e38-3387-11ed-a473-3bec6d3fa639.html,7.448641642326732
min_k,member,https://atlanticcityweekly.com/arts_and_entertainment/5-great-bars-to-watch-the-fireworks-at-this-weekend/article_7098372e-f70b-11ec-86b1-5307ec4e44eb.html,6.9111601853982
min_k,member,https://atlanticcityweekly.com/arts_and_entertainment/things-to-do-for-all-of-you/article_323e1508-ca2d-11ec-83d5-0382e60f893c.html,7.399411124088725
min_k,member,https://atlanticcityweekly.com/attheshore/nightlife/despite-low-frequency-points-pass-wins-more-often-than-place/article_2d722ac0-2d31-11ed-b321-6745aafd829a.html,7.6649790574342775
min_k,member,https://atlanticcityweekly.com/arts_and_entertainment/nj-horror-con-screams-its-way-back-to-showboat/article_9fcb8cee-b412-11ec-a51b-db469cb24955.html,7.267213664556804
min_k,member,https://atlanticcityweekly.com/arts_and_entertainment/wwe-sunday-stunner-returns-to-atlantic-city/article_a0f56120-17f0-11ed-9bb1-7ba84fe27d75.html,5.3777525221180715
min_k,member,https://atlanticcityweekly.com/arts_and_entertainment/jurassic-quest-brings-dino-sized-fun-for-family-to-a-c/article_4b7500c4-11ca-11ed-83f2-0f4f37b56480.html,6.9855227871278744
min_k,member,https://atlanticcityweekly.com/attheshore/nightlife/rakin-bacon-monopoly-cheat-edition-amp-up-entertainment-fun-at-slots/article_0bf2fa7a-ea68-11ec-9cd3-ff5b31a74dae.html,8.773006690012945
min_k,member,https://atlanticcityweekly.com/arts_and_entertainment/311-keep-creative-journey-flowing-as-fall-tour-heads-to-a-c/article_7eb82abe-3327-11ed-8649-47a2aa0a5e54.html,6.625297337770462
min_k,member,https://atlanticcityweekly.com/food_and_drink/5-things-to-know-about-the-vue-rooftop-bar-and-lounge/article_15038cb0-2ebf-11ed-aeab-2f70629e95a5.html,6.934005912144979
min_k,member,https://atlanticcityweekly.com/arts_and_entertainment/things-to-do-for-all-of-you/article_ab69b47a-c4ae-11ec-98ee-df4549e88bac.html,7.273823035097568
min_k,member,https://atlanticcityweekly.com/attheshore/dining/michael-s-summer-wine-picks/article_ce5a70f2-0462-11ed-b063-4f6cc561d1c4.html,7.688060074521784
min_k,member,https://atlanticcityweekly.com/arts_and_entertainment/things-to-do-for-all-of-you/article_0498ab48-172d-11ed-abcd-7376c5e93891.html,7.197789494271904
min_k,member,https://atlanticcityweekly.com/arts_and_entertainment/two-very-different-styles-of-circus-return-to-showboat/article_c2fb0fc4-01eb-11ed-8e78-4ff5a7de765e.html,7.286845791223383
min_k,member,https://atlanticcityweekly.com/attheshore/nightlife/four-card-poker-finds-expanded-niche-online/article_17c5c99c-2215-11ed-9f19-e7d8f92a75df.html,7.500120409073368
min_k,member,https://atlanticcityweekly.com/acw-cover-photos/article_1ae199b6-e67f-11ec-b885-c391ff186d4a.html,8.699046952383858
min_k,member,https://atlanticcityweekly.com/attheshore/nightlife/blackjack-bobs-right-plays-cant-overcome-wrong-cards/article_9f844d02-b8e0-11ec-b095-231ae46c9b11.html,7.6734877943295485
min_k,member,https://atlanticcityweekly.com/attheshore/nightlife/5-reasons-to-see-red-perform-at-golden-nugget-every-monday/article_cba1ffe2-0f5c-11ed-b949-77f44c55f97f.html,7.590721972111805
min_k,member,https://atlanticcityweekly.com/arts_and_entertainment/free-concert-with-the-singing-lifeguard/article_59cdccd8-ddf8-11ec-b9c3-7fb4967c24d5.html,7.5747657403713315
min_k,member,https://atlanticcityweekly.com/attheshore/dining/on-a-roll-at-el-pueblo-taqueria/article_1653e25e-bf16-11ec-9f58-5be08602154a.html,7.773662619157271
min_k,member,https://atlanticcityweekly.com/arts_and_entertainment/things-to-do-for-all-of-you/article_323cbe4c-b420-11ec-af3f-3f302d736094.html,7.5801572943814755
min_k,member,https://atlanticcityweekly.com/arts_and_entertainment/headliner-spotlight/article_3e523e88-feed-11ec-9e3f-bbea6c57599b.html,6.61468075657261
min_k,member,https://atlanticcityweekly.com/attheshore/headliners/ocean-casino-brings-in-a-new-kind-of-tribute-act-with-magical-mystery-doors/article_b594132a-0156-11ed-9a02-7bd2faf45444.html,6.8441470092702135
min_k,member,https://atlanticcityweekly.com/arts_and_entertainment/o-c-pops-honor-famed-film-composer-with-star-wars-performance/article_e564f4de-01f1-11ed-b1f6-9784283e34b4.html,6.498105504964417
min_k,member,https://atlanticcityweekly.com/arts_and_entertainment/things-to-do-for-all-of-you/article_94170cfc-bf16-11ec-b021-8b293e50d88a.html,7.108789254222396
min_k,member,https://atlanticcityweekly.com/attheshore/nightlife/weekly-horoscopes/article_dd621a62-2214-11ed-8acc-7be50355f817.html,6.1320965503578755
min_k,member,https://atlanticcityweekly.com/blogs/casino_answer_man/when-dealt-card-lands-on-chair-does-employee-have-to-fetch/article_86bd5166-bf15-11ec-953e-4baacb6ccfdd.html,7.7123815793740125
min_k,member,https://atlanticcityweekly.com/arts_and_entertainment/millennium-era-nu-metal-rockers-staind-head-to-atlantic-city/article_f0266e52-2a28-11ed-806c-8ba1a1932451.html,6.826331720703023
min_k,member,https://atlanticcityweekly.com/arts_and_entertainment/bally-s-new-renovations-offerings-make-park-place-and-boardwalk-legendary-again/article_392bf548-dada-11ec-8ba5-ff47879e9919.html,7.502261445688647
min_k,member,https://atlanticcityweekly.com/attheshore/dining/borgata-announces-new-steakhouse-concept-to-open/article_98f5ed3c-ec12-11ec-aa30-ffbb8c54aee0.html,7.380010846634986
min_k,member,https://atlanticcityweekly.com/arts_and_entertainment/atlantic-city-airshow-gives-sky-salute-to-those-who-serve/article_de31e514-1a38-11ed-ae0f-df760cb27307.html,6.82555576841151
min_k,member,https://atlanticcityweekly.com/things-to-do-for-all-of-you/article_3ecbc38c-cfb0-11ec-8851-a71321d75413.html,7.215946811981485
min_k,member,https://atlanticcityweekly.com/attheshore/dining/after-a-far-too-long-gap-burger-bash-is-back/article_5fc5f6b8-b41f-11ec-a822-afa35f30d884.html,7.88336981169068
min_k,member,https://atlanticcityweekly.com/arts_and_entertainment/things-to-do-for-all-of-you/article_af9d6428-ef3e-11ec-ab00-674f704ed556.html,7.1597836484834305
min_k,member,https://atlanticcityweekly.com/arts_and_entertainment/exit-zero-jazz-festival-celebrates-10th-anniversary-with-stellar-lineup/article_3f40cc94-d074-11ec-9c9f-a76c3e6feb0c.html,7.525935530662537
min_k,member,https://atlanticcityweekly.com/attheshore/dining/sundaes-in-the-summer-at-fine-fellows-creamery/article_407f5e20-dd23-11ec-92fd-d78cc59bb709.html,7.819876183671641
min_k,member,https://atlanticcityweekly.com/arts_and_entertainment/night-in-venice-continues-tradition-with-former-villanova-basketball-coach/article_d5ba1510-044d-11ed-bb17-8ff797fca53c.html,7.238730489360213
min_k,member,https://atlanticcityweekly.com/attheshore/nightlife/pass-line-edge-never-disappears-no-matter-how-big-the-odds-bet/article_2da1f448-1199-11ed-bb65-0f8c3c7700c0.html,8.136769241055116
min_k,member,https://atlanticcityweekly.com/attheshore/dining/brigantine-s-new-fast-casual-spot-kook-burger-continues-to-sizzle/article_04ae27fc-f15d-11ec-991b-67fe6cfcea14.html,6.923531369693944
min_k,member,https://atlanticcityweekly.com/attheshore/nightlife/weekly-horoscopes/article_44ddbcea-a926-11ec-ba7e-ffa615200150.html,6.683377364102532
min_k,member,https://atlanticcityweekly.com/arts_and_entertainment/casinos-dge-join-forces-for-june-2-job-fair/article_2e8244bc-e1bf-11ec-896d-434e3f8c3827.html,6.218273293972016
min_k,member,https://atlanticcityweekly.com/attheshore/dining/shandies-blondes-and-pilsners-oh-my-summer-beer-season-is-here/article_0c652bae-ca29-11ec-9276-8b8b07fb2b32.html,8.621214622987848
min_k,member,https://atlanticcityweekly.com/attheshore/events/more-on-the-right-notes/article_4beae908-336f-11ed-8730-b343b3fdcebb.html,6.98357905972983
min_k,member,https://atlanticcityweekly.com/arts_and_entertainment/things-to-do-for-all-of-you/article_3ecbc38c-cfb0-11ec-8851-a71321d75413.html,7.233571219488673
min_k,member,https://atlanticcityweekly.com/arts_and_entertainment/headliner-spotlight/article_5e35c49e-f886-11ec-bdaa-4f3c2b0e32ea.html,6.778981448985912
min_k,member,https://atlanticcityweekly.com/attheshore/dining/june-is-here-for-beer/article_bb84d134-dd2f-11ec-bea6-df8dac681c79.html,8.996991897607076
min_k,member,https://atlanticcityweekly.com/arts_and_entertainment/firefighting-convention-expo-and-parade-return-to-wildwoods/article_5e519ab0-2f91-11ed-85a4-0f90314c111d.html,6.870151478172149
min_k,member,https://atlanticcityweekly.com/arts_and_entertainment/things-to-do-for-all-of-you/article_1cd635d4-f6ff-11ec-8e7f-a78df9855e6a.html,6.990215090454602
min_k,member,https://atlanticcityweekly.com/attheshore/headliners/good-draw-on-wrong-game-vexes-video-poker-player/article_376c81d2-d50d-11ec-8e6f-7bd17781974e.html,7.998345136642456
min_k,member,https://atlanticcityweekly.com/attheshore/dining/sundaes-in-the-summer-at-anna-lee-s-cookies-and-cream/article_79fdeb82-f6ee-11ec-bbbe-132766dfaaa9.html,6.864955335468441
min_k,member,https://atlanticcityweekly.com/arts_and_entertainment/black-crowes-patch-things-up-and-bring-shake-your-money-maker-to-borgata/article_5a96bde8-f6f1-11ec-9de6-af239cbe5ae4.html,7.30497815464083
min_k,member,https://atlanticcityweekly.com/arts_and_entertainment/high-tech-hard-rock-exhibit-offers-unique-perspective-on-vincent-van-gogh/article_11c88dee-f95d-11ec-b6b5-a31f631afb01.html,7.155292451381683
min_k,member,https://atlanticcityweekly.com/arts_and_entertainment/things-to-do-for-all-of-you/article_f8b95594-ea99-11ec-aebe-8f850b715f94.html,7.309385673376963
min_k,member,https://atlanticcityweekly.com/arts_and_entertainment/black-excellence-festival-returns-to-showboat-for-federal-holiday/article_7d19f2d2-ea9d-11ec-9a40-9b47fcd64093.html,7.406198968790998
min_k,member,https://atlanticcityweekly.com/arts_and_entertainment/favorito-brings-old-school-rickles-style-comedy-to-ocean-casino/article_92a024da-0c50-11ed-b7ce-7735d69bda48.html,7.023906668027242
min_k,member,https://atlanticcityweekly.com/attheshore/dining/burger-bash-v-brings-the-fire-to-golden-nugget/article_bcfae8a6-bf60-11ec-8b1f-7bd8d6b8cb9e.html,7.697828789347226
min_k,member,https://atlanticcityweekly.com/food_and_drink/serendipity3-brings-over-the-top-desserts-bites-drinks-and-celebrations-to-ocean-casino/article_c242df36-06d1-11ed-bd3a-d3243d1d9689.html,7.731293513642848
min_k,member,https://atlanticcityweekly.com/la-mesa-mr-gordo-offer-new-dining-options-for-mexican-holiday/article_80d2fb6a-caf1-11ec-890e-df55d5203777.html,7.371408402374937
min_k,member,https://atlanticcityweekly.com/arts_and_entertainment/headliner-spotlight/article_e133d752-b40f-11ec-804b-3fc8784e4b3d.html,6.6599389305114745
min_k,member,https://atlanticcityweekly.com/food_and_drink/girasole-celebrates-three-decades-of-inspired-italian-cuisine/article_3720dc9c-e669-11ec-b789-f38926431134.html,7.317898269622557
min_k,member,https://atlanticcityweekly.com/night-in-venice-continues-tradition-with-former-villanova-basketball-coach/article_0bf227e6-06b8-11ed-9717-77c5b4426168.html,7.2639457648399315
min_k,member,https://atlanticcityweekly.com/acw-cover-artwork/article_27cebef4-338e-11ed-b705-87fd076570f6.html,10.613600603739421
min_k,member,https://atlanticcityweekly.com/attheshore/dining/spring-beer-season-means-plenty-of-events-and-unique-styles/article_dc12a266-b45b-11ec-b42f-bf4396f587e6.html,8.653588771820068
min_k,member,https://atlanticcityweekly.com/arts_and_entertainment/headliner-spotlight/article_b9d7ad8a-e5bc-11ec-ade8-0b761171f793.html,6.862541863285594
min_k,member,https://atlanticcityweekly.com/attheshore/dining/a-scrumptious-search-for-the-tastiest-appetizers-in-south-jersey/article_75da2cb0-bfde-11ec-a398-cff8134dbce8.html,7.712518793700777
min_k,member,https://atlanticcityweekly.com/arts_and_entertainment/headliner-spotlight/article_b6af85f4-d529-11ec-81eb-e3f12d793c89.html,7.30832499116855
min_k,member,https://atlanticcityweekly.com/arts_and_entertainment/showboat-debuts-indoor-go-kart-experience/article_c45d8264-daba-11ec-b9f4-dbbac7c5982a.html,7.386765321095784
min_k,member,https://atlanticcityweekly.com/attheshore/dining/a-c-weekly-s-burger-bash-event-prepares-to-sizzle-after-a-three-year-hiatus/article_9ea74b2a-eb56-11ec-87f6-779fa13b4fd8.html,7.5610150390201145
min_k,member,https://atlanticcityweekly.com/attheshore/dining/new-jersey-breweries-need-your-support-after-absurd-regulations/article_2be4c80c-0f5e-11ed-a243-f3043737cb5e.html,8.77802357612512
min_k,member,https://atlanticcityweekly.com/attheshore/nightlife/5-great-spots-to-enjoy-a-fresh-margarita-on-cinco-de-mayo/article_16f70eee-ca32-11ec-aadc-cf53668ae978.html,7.297351809572582
min_k,member,https://atlanticcityweekly.com/attheshore/dining/first-ever-atlantic-city-seafood-music-festival-looks-to-be-a-shuckin-good-time/article_5e248028-ef3d-11ec-97f8-f77be3d3afea.html,6.772370749506457
min_k,member,https://atlanticcityweekly.com/attheshore/dining/la-mesa-mr-gordo-offer-new-dining-options-for-mexican-holiday/article_7a95270e-ca57-11ec-858e-a36563b948f5.html,7.373148780920032
min_k,member,https://atlanticcityweekly.com/acw-cover-concept-72822/article_1b7d12fe-0cfb-11ed-9027-5b4f3c706339.html,9.721529651106449
min_k,member,https://atlanticcityweekly.com/arts_and_entertainment/primus-pay-tribute-to-prog-rock-forefathers-as-a-tribute-to-kings-tour-rolls-into/article_7455ee38-d852-11ec-be86-1fca7fcedf04.html,7.098489157737247
min_k,member,https://atlanticcityweekly.com/attheshore/dining/what-you-need-to-know-about-natural-organic-and-vegan-wines/article_aafe8884-bd0c-11ec-9480-e7666321cb62.html,7.457592690928599
min_k,member,https://atlanticcityweekly.com/attheshore/dining/the-chatterbox-in-ocean-city-roars-back-to-life-under-new-ownership/article_7a9b4afa-17e4-11ed-b41c-ab9968c3f524.html,7.125100168742631
min_k,member,https://atlanticcityweekly.com/attheshore/nightlife/weekly-horoscopes/article_bcc68bd4-dde1-11ec-82a9-0b654f59d66c.html,6.5908947865168255
min_k,member,https://atlanticcityweekly.com/attheshore/dining/ocean-casino-offers-a-choco-tribute/article_e9bfeb08-11a8-11ed-a531-9f484657ffc4.html,8.425984941882852
min_k,member,https://atlanticcityweekly.com/attheshore/nightlife/5-reasons-to-check-out-coral-lounge-bar-at-resorts/article_0d02eed8-e5aa-11ec-a6d9-778392356120.html,7.486204268019876
min_k,member,https://atlanticcityweekly.com/attheshore/dining/appy-hour-at-harry-s-ocean-bar-grille/article_6323cd80-ef3e-11ec-9e25-53067c363be8.html,7.405013711947315
min_k,member,https://atlanticcityweekly.com/arts_and_entertainment/a-fusion-of-top-shelf-talent-visits-ocean-casino-s-ovation-hall-for-the-third/article_53c593d6-332d-11ed-8efc-ff74f8c86174.html,7.278939863594856
min_k,member,https://atlanticcityweekly.com/arts_and_entertainment/things-to-do-for-all-of-you/article_48f40220-0449-11ed-828f-5f926710e0ca.html,7.067487945187741
min_k,member,https://atlanticcityweekly.com/attheshore/dining/sundaes-in-the-summer-at-peace-pie/article_3f2a00a0-e743-11ec-abfc-bf515eb8ca79.html,7.428988369347538
min_k,member,https://atlanticcityweekly.com/attheshore/dining/appy-hour-at-hotel-lbi/article_2b4b5a1e-1742-11ed-bc91-c70ff26b20ee.html,7.440711308093298
min_k,member,https://atlanticcityweekly.com/arts_and_entertainment/with-a-wealth-of-new-businesses-and-teamwork-north-beach-now-hottest-spot-in-a/article_f80f6d30-0cff-11ed-8ff1-bb736a2cf94e.html,7.325502047228739
min_k,member,https://atlanticcityweekly.com/sponsored/meet-the-business---one-stop-xteriors/article_0da709f4-dd22-11ec-ac34-b3f2e1fbf572.html,8.162830967169542
min_k,member,https://atlanticcityweekly.com/arts_and_entertainment/boy-band-what-a-rush-reunites-in-a-c/article_c020022a-f70d-11ec-8f73-a30e3ede1a34.html,6.54062025786857
min_k,member,https://atlanticcityweekly.com/ats-cover-4-28-22/article_661c8de2-c4c8-11ec-9c0b-4b7ec50fa571.html,8.322620065123946
min_k,member,https://atlanticcityweekly.com/arts_and_entertainment/things-to-do-for-all-of-you/article_0e55b5bc-012b-11ed-9aee-efe1626087a1.html,7.242996250821313
min_k,member,https://atlanticcityweekly.com/attheshore/events/don-t-get-faked-out-at-this-year-s-fakefest-at-golden-nugget/article_552390b4-ef3c-11ec-a8f8-9fd812f479e3.html,7.237412581705067
min_k,member,https://atlanticcityweekly.com/arts_and_entertainment/headliner-spotlight/article_8545a318-b9a9-11ec-b6ba-db0c77773b95.html,7.013633948771928
min_k,member,https://atlanticcityweekly.com/arts_and_entertainment/headliner-spotlight/article_74365b02-221e-11ed-9f03-37517144e6bb.html,6.8418688933995115
min_k,member,https://atlanticcityweekly.com/attheshore/dining/oh-my-dear---the-pumpkin-beers-are-here/article_9b838b4e-2872-11ed-9420-5b193f301a75.html,9.044228391752718
min_k,member,https://atlanticcityweekly.com/blogs/casino_answer_man/slot-players-need-not-fear-mid-game-switch-via-server/article_2e282360-b41a-11ec-964c-b30bde973c53.html,8.121870663258937
min_k,member,https://atlanticcityweekly.com/arts_and_entertainment/headliner-spotlight/article_3dde292a-d851-11ec-8ad7-1f4893bce4b4.html,6.784601494528298
min_k,member,https://atlanticcityweekly.com/arts_and_entertainment/headliner-spotlight/article_5e481624-045e-11ed-9fef-f7b0c59f60ec.html,6.73484780526286
min_k,member,https://atlanticcityweekly.com/arts_and_entertainment/mummers-close-the-summer-with-the-annual-new-years-in-north-wildwood/article_2e0b2aa0-29f2-11ed-95f4-47d98f35e00b.html,7.04251218718641
min_k,member,https://atlanticcityweekly.com/arts_and_entertainment/headliner-spotlight/article_d9f0a736-172e-11ed-8161-73005ae40156.html,6.956015870348468
min_k,member,https://atlanticcityweekly.com/attheshore/nightlife/tidalwave-music-festival-brings-monsoon-of-country-music-to-a-c-beach-this-weekend/article_cc8697fa-1809-11ed-9bf7-b3dd59fd9080.html,6.61146604463299
min_k,member,https://atlanticcityweekly.com/arts_and_entertainment/headliner-spotlight/article_f17ce35a-2f8a-11ed-af59-4741d5195105.html,6.734259699163715
min_k,member,https://atlanticcityweekly.com/arts_and_entertainment/10-cool-things-to-discover-on-wildwood-boardwalk/article_3344f206-004b-11ed-9005-2390cc45c4b2.html,6.690207866707233
min_k,member,https://atlanticcityweekly.com/attheshore/nightlife/5-great-spots-to-bar-hop-with-a-beverage-in-hand/article_9c2f775c-d54c-11ec-848f-9fc003c89049.html,7.862842414584862
min_k,member,https://atlanticcityweekly.com/arts_and_entertainment/john-cafferty-and-the-beaver-brown-band-to-perform-double-header-of-live-shows/article_b5642202-27a6-11ed-836d-b310ddc65c30.html,6.725547206195103
min_k,member,https://atlanticcityweekly.com/attheshore/events/a-c-s-rock-fest-hosts-stacked-deck-of-bands-from-80s-to-present/article_48c3627e-e5f3-11ec-97e3-c7dcb6cc9662.html,6.858716319845797
min_k,member,https://atlanticcityweekly.com/arts_and_entertainment/things-to-do-for-all-of-you/article_e4434a5e-253e-11ed-8f2c-574bc19c39a1.html,6.604400598164052
min_k,member,https://atlanticcityweekly.com/arts_and_entertainment/art-music-and-wellness-celebrated-for-a-good-cause/article_f344d966-e662-11ec-a1b7-efa9ed3f5979.html,7.133192902519589
min_k,member,https://atlanticcityweekly.com/attheshore/dining/burger-bash-chefs-bring-their-a-game-to-the-nugget-at-burger-bash-v/article_50e251c6-daa5-11ec-92fd-efd21528c340.html,7.511401192782676
min_k,member,https://atlanticcityweekly.com/attheshore/dining/just-in-time-for-higher-temperatures-your-guide-to-summer-sippers/article_19d84b72-ea9f-11ec-86be-0b5fc0f7989a.html,7.007607067024315
min_k,member,https://atlanticcityweekly.com/celeb-chef-returns-to-a-c-with-fast-casual-burger-concept/article_390335b8-c720-11ec-9d45-7f6f1d51a9c1.html,7.681750563264803
min_k,member,https://atlanticcityweekly.com/attheshore/nightlife/5-reasons-to-check-out-bally-s-new-carousel-bar/article_ab7b524a-dc49-11ec-ae2b-476eee9f9a39.html,7.4041946571065775
min_k,member,https://atlanticcityweekly.com/attheshore/nightlife/5-places-that-are-back-in-full-swing-for-the-summer/article_e01cca6a-d857-11ec-8c93-7376318e2ae8.html,7.256131901885524
min_k,member,https://atlanticcityweekly.com/attheshore/dining/south-jersey-prepares-for-burger-bash-v/article_f059c2f8-ba6a-11ec-86cc-0feeadbf5b22.html,8.210739986316577
min_k,member,https://atlanticcityweekly.com/arts_and_entertainment/5-things-to-know-about-the-pool-at-harrahs/article_104f1b66-29fc-11ed-9f19-e35d1ff1ec5e.html,7.335890593673244
min_k,member,https://atlanticcityweekly.com/arts_and_entertainment/summer-s-unofficial-kickoff-is-a-weekend-worth-celebrating-in-south-jersey/article_ff365b40-db6e-11ec-8e7c-579040121510.html,7.250171905123322
min_k,member,https://atlanticcityweekly.com/attheshore/nightlife/4-spots-to-pre-and-post-game-for-tidal-wave-festival/article_30a84ea0-17fa-11ed-902a-87cb86b85156.html,6.954313406577477
min_k,member,https://atlanticcityweekly.com/060922-acw-acwcoverphotos/article_6d0dbac6-e67f-11ec-8c08-33ca211193ad.html,8.744990319472093
min_k,member,https://atlanticcityweekly.com/arts_and_entertainment/chili-knockout-spicy-food-fest-brings-the-burn-to-a-c/article_9c13a1e2-d5f3-11ec-97ae-ff9ff3d2735f.html,7.344344323834046
min_k,member,https://atlanticcityweekly.com/serindipity3-brings-over-the-top-desserts-bites-drinks-and-celebrations-to-ocean-casino/article_c242df36-06d1-11ed-bd3a-d3243d1d9689.html,7.7868405822055795
min_k,member,https://atlanticcityweekly.com/arts_and_entertainment/a-full-lineup-of-new-bars-restaurants-and-gaming-concepts-are-headed-to-trop-this/article_95d249a2-bc06-11ec-a002-1f427fc39c74.html,7.751308370519568
min_k,member,https://atlanticcityweekly.com/attheshore/dining/two-seafood-buffets-bring-all-you-can-eat-options-to-family-fun-locations/article_1a52f9ec-f703-11ec-923f-f3b3c4c74a30.html,7.610271697574191
min_k,member,https://atlanticcityweekly.com/arts_and_entertainment/tito-puente-jr-brings-the-spirit-of-his-father-s-music-to-somers-point/article_d6312a58-dd22-11ec-81b2-2b7c78c6a543.html,6.67142910527957
min_k,member,https://atlanticcityweekly.com/attheshore/dining/ossu-japanese-tavern-the-latest-hit-in-trop-s-dining-re-imaginings/article_a4a4e780-2305-11ed-b86b-f7fbed36d9d7.html,8.130960831818758
min_k,member,https://atlanticcityweekly.com/exit-zero-jazz-festival-celebrates-10th-anniversary-with-stellar-lineup/article_79ca0898-d07f-11ec-b72d-57b4112654bd.html,7.5505859711590935
min_k,member,https://atlanticcityweekly.com/arts_and_entertainment/the-genesis-show-brings-the-duke-tour-to-levoy-theatre/article_6e6de534-2a1e-11ed-b675-278865971c33.html,7.149125997624342
min_k,member,https://atlanticcityweekly.com/arts_and_entertainment/headliner-spotlight/article_25b9e83e-dd15-11ec-ba1c-5f176eaaf51b.html,6.567074228710969
min_k,member,https://atlanticcityweekly.com/attheshore/dining/spring-is-here-but-there-are-no-rules-when-you-can-enjoy-any-type-of/article_da4ae6c0-d52e-11ec-8532-8b32fcab291c.html,7.407258265106766
min_k,member,https://atlanticcityweekly.com/attheshore/events/the-right-notes-2022-honoring-jayne-bray/article_604c316a-1d65-11ed-9d98-ef6a3661c516.html,6.727463381631034
min_k,member,https://atlanticcityweekly.com/attheshore/dining/sundaes-in-the-summer-at-drip-n-scoop/article_d5b56380-0f5b-11ed-9534-37f0085acc21.html,7.579748229475211
min_k,member,https://atlanticcityweekly.com/arts_and_entertainment/local-winery-hosts-country-music-festival-for-holiday-weekend/article_f357144e-f6e5-11ec-aede-cb28e179b739.html,7.589166407999785
min_k,member,https://atlanticcityweekly.com/arts_and_entertainment/headliner-spotlight/article_fcf61e50-0c2f-11ed-a30c-f31e9f370d76.html,6.628392703291299
min_k,member,https://atlanticcityweekly.com/arts_and_entertainment/headliner-spotlight/article_aa4f44a2-ea9b-11ec-bd17-3bf49578de70.html,6.630884148456432
min_k,member,https://atlanticcityweekly.com/attheshore/dining/from-crepes-to-quiche-asbury-kitchen-worth-checking-out/article_e6bfe950-01ed-11ed-9754-b33e90dc2edf.html,7.240697520119803
min_k,member,https://atlanticcityweekly.com/attheshore/nightlife/crowd-size-day-of-the-week-all-the-same-for-slot-payouts/article_b05a8848-3294-11ed-b2a2-67c0a45d43e8.html,8.016073468403938
min_k,member,https://atlanticcityweekly.com/attheshore/dining/appy-hour-at-izzy-s-river-landing/article_fa90d9fa-e5ad-11ec-99d3-8b9f1c60ab4b.html,7.496538456450117
min_k,member,https://atlanticcityweekly.com/arts_and_entertainment/legendary-comic-steven-wright-returns-to-a-c/article_7c1ef9f8-d603-11ec-aaae-4fb2b586c540.html,6.881273972956675
min_k,member,https://atlanticcityweekly.com/attheshore/dining/appy-hour-at-laguna-grill-and-rum-bar/article_8694fefc-0ced-11ed-be23-7f78a7ad05c4.html,7.430877443373673
min_k,member,https://atlanticcityweekly.com/attheshore/dining/manco-manco-opens-a-location-at-citizens-bank-park/article_73a4fae4-b433-11ec-a89b-7bc23b90aae1.html,6.7964998081752235
min_k,member,https://atlanticcityweekly.com/attheshore/dining/all-kinds-of-competition-are-set-to-go-down-at-burger-bash-v/article_024d63e2-e668-11ec-8c05-33a7aeb8c7e5.html,7.347472848563359
min_k,member,https://atlanticcityweekly.com/arts_and_entertainment/headliner-spotlight/article_589ce962-0f4d-11ed-960a-875dd7e7bf05.html,6.8795194382818226
min_k,member,https://atlanticcityweekly.com/arts_and_entertainment/concert-review-the-black-crowes-tear-it-up-at-their-saturday-night-rock-n-roll/article_f150728e-fae2-11ec-9d5c-13f4f22ac4f4.html,7.715621831762881
min_k,member,https://atlanticcityweekly.com/attheshore/headliners/headliner-spotlight/article_cbb08398-cf95-11ec-b3d9-1bac664d3da8.html,6.762486659453245
min_k,member,https://atlanticcityweekly.com/attheshore/dining/sundaes-in-the-summer-at-royale-crown/article_9b039e3a-0693-11ed-a8ea-4f475c83bf28.html,7.728445859124818
min_k,member,https://atlanticcityweekly.com/attheshore/dining/manco-manco-opens-a-location-at-citizen-bank-park/article_73a4fae4-b433-11ec-a89b-7bc23b90aae1.html,8.585855994905744
min_k,member,https://atlanticcityweekly.com/attheshore/dining/foodie-friendly-charity-events-come-to-south-jersey-this-week/article_18717df6-c57b-11ec-beb7-37e9a27b9977.html,6.581854377103888
min_k,member,https://atlanticcityweekly.com/attheshore/events/a-c-s-rock-fest-hosts-stacked-deck-of-bands-from-80s-to-present/article_33cf1976-e670-11ec-b19e-cfa8af8d150b.html,6.858716319845797
min_k,member,https://atlanticcityweekly.com/attheshore/dining/on-a-roll-at-vic-s-subs/article_77674ad4-b9be-11ec-9989-9fc754b73f73.html,7.289454092698938
min_k,member,https://atlanticcityweekly.com/attheshore/dining/appy-hour-at-buckets-margarita-bar-cantina/article_82e07804-f7b7-11ec-97a4-d7977ffabcbc.html,7.106236644202682
min_k,member,https://atlanticcityweekly.com/arts_and_entertainment/a-weekend-full-of-firefighting-fun/article_5e519ab0-2f91-11ed-85a4-0f90314c111d.html,6.838642808414946
min_k,member,https://atlanticcityweekly.com/attheshore/dining/our-picks-for-where-to-wine-and-dine-mom-this-mother-s-day/article_3aabea8c-caf3-11ec-8321-4347195e5772.html,7.417073459862392
min_k,member,https://atlanticcityweekly.com/attheshore/dining/exit-zero-transforms-cape-may-s-ferry-park-into-a-destination-of-its-own/article_157671c4-d5fc-11ec-a0b8-577a3f86b352.html,7.482809530327247
min_k,member,https://atlanticcityweekly.com/attheshore/events/3-places-to-grab-a-drink-and-watch-the-atlantic-city-airshow/article_6e32b418-1d72-11ed-bc12-93c14905474f.html,7.382935860043481
min_k,member,https://atlanticcityweekly.com/attheshore/dining/andy-s-pizza-in-hammonton-is-buzzing-with-breakfast-brilliance/article_c8935cd0-c4c3-11ec-b8d2-c7357ffc7406.html,7.0931406977182645
min_k,member,https://atlanticcityweekly.com/attheshore/events/a-c-hosts-free-concerts-on-the-boardwalk-each-week-through-the-summer/article_a8636d5c-11b1-11ed-b46c-a330bbd45646.html,7.420496077559113
min_k,member,https://atlanticcityweekly.com/arts_and_entertainment/jersey-legend-southside-johnny-enjoying-being-back-on-road-again/article_41fd3996-d532-11ec-a1f2-23a01a7a06b0.html,6.80562984216504
min_k,member,https://atlanticcityweekly.com/blogs/casino_answer_man/cards-in-hand-have-impact-on-possibilities-for-draw/article_7e60a106-279a-11ed-bd8c-d7b304d0621a.html,7.808794712091421
min_k,member,https://atlanticcityweekly.com/attheshore/events/5-places-to-hang-out-before-and-after-barefoot-music-fest-in-wildwoods/article_eba730f6-eb3e-11ec-94d0-4b237bc8099a.html,7.291498732379102
min_k,member,https://atlanticcityweekly.com/blogs/gaming_guru/millions-of-hands-played-few-never-to-be-forgotten/article_e543836e-1711-11ed-bf36-e3ec9f19b5b9.html,7.942748424924653
min_k,member,https://atlanticcityweekly.com/arts_and_entertainment/skato-with-kato-briefing/article_cd1d9382-e12a-11ec-ab7d-1f996f6c6c4d.html,7.435532223944571
min_k,member,https://atlanticcityweekly.com/attheshore/dining/building-the-perfect-labor-day-weekend/article_48f8d450-24a9-11ed-af6c-c32f9ee5e88f.html,7.550993483082777
min_k,member,https://atlanticcityweekly.com/arts_and_entertainment/5-albums-to-play-before-summer-ends/article_1d614c2c-281f-11ed-ad42-0f92d2ee8cb4.html,7.112987219902777
min_k,member,https://atlanticcityweekly.com/attheshore/dining/on-a-roll-at-the-cheese-board/article_3b455716-b415-11ec-9f7e-e7f83196c882.html,7.523452369216221
min_k,member,https://atlanticcityweekly.com/arts_and_entertainment/masters-of-illusion-brings-mind-bending-magic-mayhem-and-macabre-to-harrah-s/article_be92a904-f185-11ec-91fa-93917aee798b.html,7.074411727763988
min_k,member,https://atlanticcityweekly.com/arts_and_entertainment/scaggs-brings-influential-trilogy-to-ocean-casino/article_b026bc54-0f4c-11ed-8de7-4b43cefbde9d.html,7.165633803553901
min_k,member,https://atlanticcityweekly.com/arts_and_entertainment/melissa-manchester-brings-hits-to-benefit-south-jersey-arts/article_466d27fc-11d2-11ed-b952-ef7216fce5cf.html,7.2646591737098305
min_k,member,https://atlanticcityweekly.com/attheshore/dining/on-a-roll-at-the-anchorage-tavern-in-somers-point/article_77775516-c27c-11ec-a433-b32d86fbf139.html,7.44945097947732
min_k,member,https://atlanticcityweekly.com/attheshore/nightlife/5-places-to-dance-through-the-night/article_a81f8cb4-24a7-11ed-b5c4-879548f61a38.html,7.773273559387572
min_k,member,https://atlanticcityweekly.com/arts_and_entertainment/north-wildwood-s-annual-festival-celebrating-live-blues-and-bbq-prepares-to-sizzle/article_79f48678-f95f-11ec-b70c-23f5571d3ed7.html,7.21513309374533
min_k,member,https://atlanticcityweekly.com/attheshore/dining/don-t-behave-like-a-bunch-of-asses-make-sure-to-grab-your-burger-bash/article_7bc3ec16-cfc8-11ec-b4b3-97daa69de175.html,7.4242693855337905
min_k,member,https://atlanticcityweekly.com/after-a-bit-of-downtime-burlesque-show-returns-to-borgata-with-a-bang/article_c3de8278-d071-11ec-be94-87f487e52057.html,6.6143647696347845
min_k,member,https://atlanticcityweekly.com/food_and_drink/few-spots-left-for-late-night-dining-in-atlantic-city/article_d30ca9d0-1d80-11ed-a0db-b79e22601e38.html,7.374013498181203
min_k,member,https://atlanticcityweekly.com/arts_and_entertainment/jazz-society-hosts-jazzy-warm-up-act-for-return-of-somers-point-s-biggest-fest/article_98a22448-bf64-11ec-bd5c-934a3d378c6e.html,6.602913046992103
min_k,member,https://atlanticcityweekly.com/just_for_fun/stockton-s-walking-tours-return-to-showcase-a-c-s-rich-history/article_815dbe86-f962-11ec-8a5d-d7b7a687aa3d.html,6.998471243141671
min_k,member,https://atlanticcityweekly.com/arts_and_entertainment/headliner-spotlight/article_4f613ad6-2539-11ed-b6fb-bbad2fc3e492.html,6.9049415428481415
min_k,member,https://atlanticcityweekly.com/arts_and_entertainment/south-jersey-is-hopping-with-holiday-events/article_b27181f2-b9a1-11ec-bad4-a712d3d7851a.html,7.416112377704718
min_k,member,https://atlanticcityweekly.com/attheshore/nightlife/how-increased-tax-form-trigger-would-affect-big-slot-winners/article_7406dd5e-0118-11ed-9597-7fb9b7ff4ed0.html,7.994110248373739
min_k,member,https://atlanticcityweekly.com/arts_and_entertainment/smithville-village-s-mayfest-means-another-weekend-of-fabulous-family-fun/article_13bcb0b6-d073-11ec-a0a9-2f8a6ba00476.html,6.8540913333063544
min_k,member,https://atlanticcityweekly.com/arts_and_entertainment/things-to-do-for-all-of-you/article_ae169994-e5b6-11ec-b9b5-2febcb289f1d.html,7.2800861379471655
min_k,member,https://atlanticcityweekly.com/arts_and_entertainment/phanatic-and-special-guests-to-visit-ocean-city-boardwalk-for-phillies-day-at-manco-manco/article_73cd4d64-eccd-11ec-acf9-5fc677e77d31.html,7.180331888198853
min_k,member,https://atlanticcityweekly.com/5-wineries-to-visit-in-the-area-and-what-makes-them-so-special/article_0d567418-0c10-11ed-ad9c-33f405e1130a.html,7.276393535378746
min_k,member,https://atlanticcityweekly.com/ats-cover-pics-42122/article_642b71ba-bf64-11ec-8269-a73d00580020.html,9.014170932769776
min_k,member,https://atlanticcityweekly.com/attheshore/dining/the-chicken-sandwich-wars-rage-on-picking-the-top-bird-in-a-fast-food-face/article_ebf74e30-287c-11ed-8ec0-6b410caf185a.html,7.33242069123846
min_k,member,https://atlanticcityweekly.com/attheshore/dining/5-reasons-to-check-out-bally-s-locally-loved-week/article_92adffda-b9bf-11ec-8b4e-cbb2ab99103f.html,8.381522780739218
min_k,member,https://atlanticcityweekly.com/blogs/casino_answer_man/player-yearns-for-charlies-after-push-on-low-card-run/article_f086b05a-c3df-11ec-8992-cb2f82f753b3.html,7.7258007936416915
min_k,member,https://atlanticcityweekly.com/ossu-japanese-tavern-the-latest-hit-in-trop-s-dining-re-imaginings/article_7b69408a-2311-11ed-bf76-e7ce6912d77f.html,8.039644387375384
min_k,member,https://atlanticcityweekly.com/attheshore/nightlife/can-you-own-your-own-slot-machine-rules-depend-on-your-home-state/article_6aeaeb78-e595-11ec-862f-0f3f1283a5b3.html,7.877390986680984
min_k,member,https://atlanticcityweekly.com/arts_and_entertainment/5-questions-with-kenny-wayne-shepherd/article_00722c30-1d6b-11ed-8db7-8fed48dfef86.html,6.366423181998424
min_k,member,https://atlanticcityweekly.com/attheshore/dining/a-q-a-with-chef-bob-hettmannsperger-of-essl-s-dugout/article_ae69b5c0-29fe-11ed-a990-b3d4c8745473.html,6.394968796361444
min_k,member,https://atlanticcityweekly.com/attheshore/nightlife/blackjack-bob-gives-thumbs-up-to-zappit-as-change-of-pace-game/article_6331b29a-0c14-11ed-9a5b-8f193fdf89de.html,7.8525730226770305
min_k,member,https://atlanticcityweekly.com/arts_and_entertainment/all-you-need-to-know-about-ocean-s-draft-day-party/article_fc25aea2-c4bb-11ec-aadb-872a80550e92.html,7.725677057548806
min_k,member,https://atlanticcityweekly.com/arts_and_entertainment/iconic-director-john-waters-brings-one-man-show-to-a-c/article_2bd684a2-bf33-11ec-a0ee-8baf97f08373.html,7.2689619745527
min_k,member,https://atlanticcityweekly.com/arts_and_entertainment/after-a-bit-of-downtime-burlesque-show-returns-to-borgata-with-a-bang/article_3c0365e6-cf93-11ec-9224-0f2e5d59fbe9.html,6.6143647696347845
min_k,member,https://atlanticcityweekly.com/attheshore/nightlife/weekly-horoscopes/article_5d46207e-0c27-11ed-b9ee-2f15b9ca8857.html,6.992828929235065
min_k,member,https://atlanticcityweekly.com/arts_and_entertainment/headliner-spotlight/article_3afa4f60-c27e-11ec-b1f4-a3f8f9e8d0e8.html,6.932824869662667
min_k,member,https://atlanticcityweekly.com/attheshore/dining/on-a-roll-at-sack-o-subs/article_4cb4c374-d530-11ec-9ead-671ddc51a979.html,7.361619866037944
min_k,member,https://atlanticcityweekly.com/attheshore/dining/serindipity3-brings-over-the-top-desserts-bites-drinks-and-celebrations-to-ocean-casino/article_8a7359ba-06bc-11ed-b98e-c328deb3af2e.html,7.737763581912758
min_k,member,https://atlanticcityweekly.com/attheshore/nightlife/table-game-jackpot-odds-vary-with-number-of-decks/article_cdd61a1c-ca0d-11ec-a3ec-cb06dd7d0a56.html,7.9963451759724675
min_k,member,https://atlanticcityweekly.com/weekly-horoscopes/article_e2effe24-b46c-11ec-9f20-4bc684f93741.html,6.789262287200443
min_k,member,https://atlanticcityweekly.com/attheshore/dining/cape-may-s-taco-caballito-shines-bright-under-youthful-new-owners/article_f5c9dfae-ddbd-11ec-ae69-6f7ec70da37a.html,6.972082158290979
min_k,member,https://atlanticcityweekly.com/attheshore/nightlife/5-places-to-grab-a-hot-dog-and-a-beer/article_8480b660-004a-11ed-a89b-4b1be25b1460.html,7.229768126579508
min_k,member,https://atlanticcityweekly.com/arts_and_entertainment/headliner-spotlight/article_abe4b70e-ef3a-11ec-a5e0-8f37627ae22f.html,6.738040277242967
min_k,member,https://atlanticcityweekly.com/attheshore/dining/sundaes-in-the-summer-at-juli-s-pink-ice-cream/article_ec9cfb2a-2fa0-11ed-8a0c-3b1069c99b29.html,7.338355713877185
min_k,member,https://atlanticcityweekly.com/attheshore/dining/burger-bash-v-returns-to-the-nugget/article_aaba2af2-c268-11ec-965b-0f8c63cf301d.html,8.21648175899799
min_k,member,https://atlanticcityweekly.com/arts_and_entertainment/headliner-spotlight/article_0f4bec20-bd0b-11ec-b4c6-a731583a4d92.html,6.608610917295418
min_k,member,https://atlanticcityweekly.com/attheshore/dining/ain-t-no-cure-but-the-summertime-brews/article_fe207d9a-f95e-11ec-8919-37bb230ee72e.html,8.800239791040836
min_k,member,https://atlanticcityweekly.com/arts_and_entertainment/5-questions-with-stephen-pearcy-the-voice-of-ratt/article_08cadc6a-e73d-11ec-ac95-ab0868cf1084.html,7.28928344166694
min_k,member,https://atlanticcityweekly.com/arts_and_entertainment/ocean-casino-hosts-a-night-celebrating-the-chairman-of-the-board/article_fec0f628-2288-11ed-9ee8-bb5a6341d8c3.html,6.543719036978964
min_k,member,https://atlanticcityweekly.com/arts_and_entertainment/things-to-do-for-all-of-you/article_6840bbda-b9b9-11ec-bb54-537b52472319.html,7.313482993900186
min_k,member,https://atlanticcityweekly.com/attheshore/nightlife/5-reasons-to-check-out-classic-rewind-weekend-at-showboat/article_d7a535c2-f0ba-11ec-8a23-ffce935db711.html,7.319212906552057
min_k,member,https://atlanticcityweekly.com/arts_and_entertainment/things-to-do-for-all-of-you/article_813e288e-0c43-11ed-bdda-139c52738ac7.html,7.100783940432167
min_k,member,https://atlanticcityweekly.com/arts_and_entertainment/somers-point-s-biggest-festival-rises-again-as-bayfest-returns-for-2022/article_98afea96-c4c4-11ec-80b8-57ec3b1efe8e.html,6.034850394054925
min_k,member,https://atlanticcityweekly.com/arts_and_entertainment/a-c-beer-music-fest-returns-to-bader-field-for-another-year-in-the-sun/article_f0581b2c-e0e1-11ec-bd7b-73bc9dff5623.html,7.605911234903602
min_k,member,https://atlanticcityweekly.com/sponsored/north-beach-atlantic-city-fireworks-celebration-set-for-july-1/article_0003cb8e-ebff-11ec-bc67-dfcb4a2b74e6.html,7.283106143657978
min_k,nonmember,https://atlanticcityweekly.com/weather/weather-small-coastal-storm-to-bring-rain-some-wind-into-wednesday/article_934982b8-b43b-11ec-a607-1f21f73c5828.html,7.533874132775313
min_k,nonmember,https://atlanticcityweekly.com/arts_and_entertainment/things-to-do-for-all-of-you/article_189384be-f96a-11ec-a828-9f0bba8b8de5.html,7.13470625631588
min_k,nonmember,https://atlanticcityweekly.com/arts_and_entertainment/10-things-to-do-on-the-ocean-city-boardwalk/article_3e9bb56e-0c48-11ed-90d3-7bbff19becd1.html,7.5693265199661255
min_k,nonmember,https://atlanticcityweekly.com/arts_and_entertainment/headliner-spotlight/article_c2f5ade6-ca36-11ec-8c92-93fd0227696b.html,6.94605811101007
min_k,nonmember,https://atlanticcityweekly.com/arts_and_entertainment/rock-and-roll-hall-of-famers-celebrate-six-decades-at-borgata/article_6e66d7b6-bd0a-11ec-94bb-7f7ae869482d.html,7.31872328320432
min_k,nonmember,https://atlanticcityweekly.com/attheshore/nightlife/roulette-pivot-point-cant-guarantee-riches/article_0289135e-f92f-11ec-bed3-778c741a408c.html,7.962700760604551
min_k,nonmember,https://atlanticcityweekly.com/attheshore/dining/a-c-weekly-to-celebrate-mankind-s-greatest-dish-at-burger-bash-v/article_48e2f00e-dc47-11ec-a6fd-d381d8364dec.html,7.651113652471286
min_k,nonmember,https://atlanticcityweekly.com/attheshore/dining/the-grills-were-alive-at-burger-bash-v/article_0c9b1dee-f162-11ec-9bc1-f39bd220dc93.html,7.996894140159134
min_k,nonmember,https://atlanticcityweekly.com/attheshore/dining/on-a-roll-at-taco-caballito-tequileria/article_21c217f2-cf95-11ec-ab12-6731e831409c.html,7.087763930213522
min_k,nonmember,https://atlanticcityweekly.com/arts_and_entertainment/ann-wilson-flies-solo-as-her-tour-rolls-into-atlantic-city/article_14c1a234-0c08-11ed-9fff-c7f592684e9b.html,7.556885294746935
min_k,nonmember,https://atlanticcityweekly.com/attheshore/nightlife/bigger-bets-for-better-rules-can-damage-your-bankroll/article_6c153fb4-dabc-11ec-a08a-5b093cf8f755.html,7.605500902885046
min_k,nonmember,https://atlanticcityweekly.com/attheshore/dining/sundaes-in-the-summer-at-the-sunryser/article_cdc05c04-1e5e-11ed-a7d8-a76cfb06641f.html,7.419640571448453
min_k,nonmember,https://atlanticcityweekly.com/attheshore/dining/sundaes-in-the-summer-at-skipper-dipper/article_5bdc44ce-fed1-11ec-ab08-fb71cc365a71.html,7.126802573601405
min_k,nonmember,https://atlanticcityweekly.com/arts_and_entertainment/things-to-do-for-all-of-you/article_114b38c0-ddc0-11ec-ad79-eb5faa6475f9.html,7.339774543690569
min_k,nonmember,https://atlanticcityweekly.com/attheshore/events/hellzapoppin-circus-sideshow-comes-to-a-c-for-a-night-of-shock-and-awe/article_a643364e-ca33-11ec-80b1-93e89928b733.html,7.406357608795166
min_k,nonmember,https://atlanticcityweekly.com/8-day-nj-heat-wave-was-longest-since-2018-longest-96f-stretch-on-record/article_970de9e2-0d42-11ed-80fd-97c61d43c14d.html,7.250002428066511
min_k,nonmember,https://atlanticcityweekly.com/attheshore/dining/tracking-down-south-jersey-s-best-dining-options-for-easter-grub/article_11018572-ba70-11ec-b4d5-a3cc04cea4d3.html,7.296016428061337
min_k,nonmember,https://atlanticcityweekly.com/arts_and_entertainment/things-to-do-for-all-of-you/article_9c952368-2254-11ed-8d27-37d592bdb826.html,7.2158108101983744
min_k,nonmember,https://atlanticcityweekly.com/arts_and_entertainment/things-to-do-for-all-of-you/article_ef3230f6-3038-11ed-b56d-7be485f0a9ae.html,7.308760672616244
min_k,nonmember,https://atlanticcityweekly.com/arts_and_entertainment/things-to-do-for-all-of-you/article_1b527e2a-11b7-11ed-bead-df88e3124d14.html,6.933754163439543
min_k,nonmember,https://atlanticcityweekly.com/attheshore/dining/crossroads-bar-grill-scores-big-with-wild-twists-on-american-bar-food/article_a9e69f82-0cf2-11ed-a2d7-d30a906d7a31.html,7.2443365969209585
min_k,nonmember,https://atlanticcityweekly.com/arts_and_entertainment/things-to-do-for-all-of-you/article_2fb8427a-d524-11ec-9520-f3985c59c91f.html,7.603957427890524
min_k,nonmember,https://atlanticcityweekly.com/arts_and_entertainment/5-questions-with-magician-trickster-michael-carbonaro/article_8c4c5a12-ca5c-11ec-8e49-0b3a72d4e9fe.html,6.936664928089488
min_k,nonmember,https://atlanticcityweekly.com/arts_and_entertainment/headliner-spotlight/article_09651faa-2a0e-11ed-aadd-b33710b1193d.html,6.6532991080448545
min_k,nonmember,https://atlanticcityweekly.com/attheshore/dining/famed-philly-chef-teams-with-cookie-till-for-week-long-presence-charitable-event/article_22bdc036-1278-11ed-97e7-fba03a2e2c4b.html,6.938392417414205
min_k,nonmember,https://atlanticcityweekly.com/attheshore/nightlife/5-great-spots-to-get-a-beer-for-national-beer-day/article_47251b5a-b412-11ec-95b5-d32af5350346.html,8.20002573084943
min_k,nonmember,https://atlanticcityweekly.com/arts_and_entertainment/absecon-lighthouse-welcomes-all-to-its-annual-spring-festival/article_a0df388a-caef-11ec-80e6-27c920639258.html,7.477294101271519
min_k,nonmember,https://atlanticcityweekly.com/attheshore/events/42nd-national-sports-collectors-convention-returns-to-a-c/article_19381bdc-0464-11ed-999f-935db2616c44.html,7.042789425766259
min_k,nonmember,https://atlanticcityweekly.com/arts_and_entertainment/ocean-casino-steps-up-its-fantasy-football-game-at-topgolf/article_2f118b7c-2882-11ed-95ab-0f441b7dc513.html,8.438746049669053
min_k,nonmember,https://atlanticcityweekly.com/attheshore/nightlife/tidalwave-music-festival-brings-monsoon-of-country-music-to-a-c-beach-this-weekend/article_9dcbe94a-1801-11ed-9c0b-cb7d55629015.html,6.61146604463299
min_k,nonmember,https://atlanticcityweekly.com/attheshore/dining/5-spots-to-celebrate-the-return-of-baseball/article_9152d674-bf5a-11ec-b969-6bb67b868857.html,7.3588037787442
min_k,nonmember,https://atlanticcityweekly.com/nightlife/5-reasons-to-check-out-moe-s-pop-up-bar-in-wildwood/article_47f7ead4-0391-11ed-b72c-97fd2252d53f.html,7.960967415257504
min_k,nonmember,https://atlanticcityweekly.com/attheshore/nightlife/blackjack-has-34-starting-hands-or-more-if-composition-matters/article_cee86d6e-0690-11ed-954d-13c3878f1324.html,8.612975738894555
min_k,nonmember,https://atlanticcityweekly.com/arts_and_entertainment/reversible-royals-bring-larger-but-rarer-jackpots/article_dfab461a-f085-11ec-ba5e-77745a051447.html,8.563402613753793
min_k,nonmember,https://atlanticcityweekly.com/attheshore/nightlife/5-spots-to-enjoy-before-the-summer-crowds-come/article_7f84e2e8-cf95-11ec-afd1-83ec7974c926.html,7.301495048107129
min_k,nonmember,https://atlanticcityweekly.com/attheshore/dining/5-reasons-to-go-to-tequila-week-at-bally-s/article_c6f44400-f968-11ec-93d2-e7004dc812c1.html,7.456315075478902
min_k,nonmember,https://atlanticcityweekly.com/arts_and_entertainment/barefoot-country-music-fest-returns-to-wildwood-beach/article_1b04c982-ebe7-11ec-abbc-f7850f2c0b5a.html,7.063191793712915
min_k,nonmember,https://atlanticcityweekly.com/arts_and_entertainment/tropicana-s-boogie-nights-celebrates-10-years-of-partying-like-its-1999/article_f9f10f08-c571-11ec-bdab-0fa1df62cb5f.html,7.101396997502986
min_k,nonmember,https://atlanticcityweekly.com/attheshore/events/a-c-beach-hosts-three-nights-of-the-world-s-biggest-jam-band/article_a460565e-11b9-11ed-beed-473535620265.html,7.468775647857878
min_k,nonmember,https://atlanticcityweekly.com/attheshore/dining/3-great-bars-to-watch-week-1-of-the-nfl/article_45b31d5e-2df1-11ed-84b4-d7e7b2d0631e.html,7.512526919876319
min_k,nonmember,https://atlanticcityweekly.com/sponsored/give-the-gift-of-life---a-kidney-for-avram/article_96636352-ec1b-11ec-afad-af2b631451b1.html,6.578284723568807
min_k,nonmember,https://atlanticcityweekly.com/blogs/casino_answer_man/players-find-up-and-down-sides-of-streaks-at-craps-and-roulette/article_838b4b5a-e059-11ec-8a46-53177fa68b4e.html,7.744309652142409
min_k,nonmember,https://atlanticcityweekly.com/blogs/casino_answer_man/vplayers-find-up-and-down-sides-of-streaks-at-craps-and-roulette/article_838b4b5a-e059-11ec-8a46-53177fa68b4e.html,7.744309652142409
min_k,nonmember,https://atlanticcityweekly.com/arts_and_entertainment/things-to-do-for-all-of-you/article_b299de10-2a24-11ed-98e2-a314b2c540a8.html,7.063183240923052
min_k,nonmember,https://atlanticcityweekly.com/arts_and_entertainment/drummer-shows-artistic-side-at-hard-rock-performs-with-lynyrd-skynyrd-at-ocean-casino/article_a00fd08a-fc82-11ec-be86-9f1b4a6d113b.html,7.150349427139143
min_k,nonmember,https://atlanticcityweekly.com/arts_and_entertainment/fireworks-around-south-jersey-and-independence-day-events/article_5b119ff0-f6dc-11ec-af44-d7963461b70d.html,6.911285059187147
min_k,nonmember,https://atlanticcityweekly.com/arts_and_entertainment/things-to-do-for-all-of-you/article_a0a56db0-1ccc-11ed-8cff-dbe0f63cef13.html,6.950731594226777
min_k,nonmember,https://atlanticcityweekly.com/attheshore/dining/10-great-spots-to-bring-your-pop-on-father-s-day/article_d0d06be8-eb30-11ec-bb9d-cb3720af2358.html,6.8543788878840015
min_k,nonmember,https://atlanticcityweekly.com/ats-cover-6-16-22/article_47ecd3f6-ebdb-11ec-9763-7b01cf4822b8.html,10.965013805188631
min_k,nonmember,https://atlanticcityweekly.com/attheshore/dining/ocean-casino-s-makai-brings-island-flavors-to-atlantic-city/article_255d15da-2e02-11ed-9585-8bf51c151278.html,7.804865564940111
min_k,nonmember,https://atlanticcityweekly.com/attheshore/dining/newly-opened-moonshiners-bar-and-grill-in-mays-landing-is-here-to-stay/article_2e4d63c6-db7c-11ec-b02c-3719ce31f867.html,6.721004209210796
min_k,nonmember,https://atlanticcityweekly.com/attheshore/dining/girasole-celebrates-three-decades-of-inspired-italian-cuisine/article_82e5edbc-e668-11ec-a3a1-63550687ef73.html,7.317898269622557
min_k,nonmember,https://atlanticcityweekly.com/arts_and_entertainment/new-comedy-concept-combines-hypnosis-and-improv-into-one-sidesplitting-good-time/article_557e1eec-e683-11ec-8553-e72891da63cc.html,6.888154980276718
min_k,nonmember,https://atlanticcityweekly.com/attheshore/dining/appy-hour-at-the-point/article_bee5e010-daa6-11ec-98b7-2bb20e469a25.html,8.054605793643308
min_k,nonmember,https://atlanticcityweekly.com/weather/weather-boom-or-bust-scenario-for-severe-weather-tuesday-comfy-weekend-ahead/article_0b8042c2-fb30-11ec-9bd4-674e9cbe3b3e.html,7.28502329408306
min_k,nonmember,https://atlanticcityweekly.com/the-chatterbox-in-ocean-city-roars-back-to-life-under-new-ownership/article_28b831ce-17eb-11ed-944c-43c5b498c53e.html,7.124402094828455
min_k,nonmember,https://atlanticcityweekly.com/arts_and_entertainment/big-developments-define-summer-2022-for-ocean-casino/article_1e30aa5a-daac-11ec-86da-17c9830fabe5.html,6.268432274199369
min_k,nonmember,https://atlanticcityweekly.com/sponsored/north-beach-atlantic-city-fireworks-celebration-set-for-sept-4th/article_e9c2aaa4-287e-11ed-b794-c7ff847eabef.html,7.340204907112381
min_k,nonmember,https://atlanticcityweekly.com/arts_and_entertainment/things-to-do-for-all-of-you/article_7df7d468-daac-11ec-9c5a-83fc8d7b6c90.html,7.287608641366617
min_k,nonmember,https://atlanticcityweekly.com/attheshore/dining/honor-thy-burger-at-burger-bash-v/article_58eb6e30-d531-11ec-ad42-274e02ab81b7.html,7.474937564642855
min_k,nonmember,https://atlanticcityweekly.com/attheshore/dining/trop-opens-brand-new-japanese-tavern-concept/article_3ef4d788-0f73-11ed-a85c-9725dbf88c32.html,7.533927041131097
min_k,nonmember,https://atlanticcityweekly.com/arts_and_entertainment/this-a-c-wrestling-tournament-is-a-real-game-changer/article_96b81e48-dd2e-11ec-92e0-1b7729b2d59c.html,6.874360102527547
min_k,nonmember,https://atlanticcityweekly.com/attheshore/events/the-downbeach-seafood-festival-makes-for-a-shucking-fun-weekend-in-south-jersey/article_e53e5e38-3387-11ed-a473-3bec6d3fa639.html,7.448641642326732
min_k,nonmember,https://atlanticcityweekly.com/arts_and_entertainment/5-great-bars-to-watch-the-fireworks-at-this-weekend/article_7098372e-f70b-11ec-86b1-5307ec4e44eb.html,6.9111601853982
min_k,nonmember,https://atlanticcityweekly.com/arts_and_entertainment/things-to-do-for-all-of-you/article_323e1508-ca2d-11ec-83d5-0382e60f893c.html,7.399411124088725
min_k,nonmember,https://atlanticcityweekly.com/attheshore/nightlife/despite-low-frequency-points-pass-wins-more-often-than-place/article_2d722ac0-2d31-11ed-b321-6745aafd829a.html,7.6649790574342775
min_k,nonmember,https://atlanticcityweekly.com/arts_and_entertainment/nj-horror-con-screams-its-way-back-to-showboat/article_9fcb8cee-b412-11ec-a51b-db469cb24955.html,7.267213664556804
min_k,nonmember,https://atlanticcityweekly.com/arts_and_entertainment/wwe-sunday-stunner-returns-to-atlantic-city/article_a0f56120-17f0-11ed-9bb1-7ba84fe27d75.html,5.3777525221180715
min_k,nonmember,https://atlanticcityweekly.com/arts_and_entertainment/jurassic-quest-brings-dino-sized-fun-for-family-to-a-c/article_4b7500c4-11ca-11ed-83f2-0f4f37b56480.html,6.9855227871278744
min_k,nonmember,https://atlanticcityweekly.com/attheshore/nightlife/rakin-bacon-monopoly-cheat-edition-amp-up-entertainment-fun-at-slots/article_0bf2fa7a-ea68-11ec-9cd3-ff5b31a74dae.html,8.773006690012945
min_k,nonmember,https://atlanticcityweekly.com/arts_and_entertainment/311-keep-creative-journey-flowing-as-fall-tour-heads-to-a-c/article_7eb82abe-3327-11ed-8649-47a2aa0a5e54.html,6.625297337770462
min_k,nonmember,https://atlanticcityweekly.com/food_and_drink/5-things-to-know-about-the-vue-rooftop-bar-and-lounge/article_15038cb0-2ebf-11ed-aeab-2f70629e95a5.html,6.934005912144979
min_k,nonmember,https://atlanticcityweekly.com/arts_and_entertainment/things-to-do-for-all-of-you/article_ab69b47a-c4ae-11ec-98ee-df4549e88bac.html,7.273823035097568
min_k,nonmember,https://atlanticcityweekly.com/attheshore/dining/michael-s-summer-wine-picks/article_ce5a70f2-0462-11ed-b063-4f6cc561d1c4.html,7.688060074521784
min_k,nonmember,https://atlanticcityweekly.com/arts_and_entertainment/things-to-do-for-all-of-you/article_0498ab48-172d-11ed-abcd-7376c5e93891.html,7.197789494271904
min_k,nonmember,https://atlanticcityweekly.com/arts_and_entertainment/two-very-different-styles-of-circus-return-to-showboat/article_c2fb0fc4-01eb-11ed-8e78-4ff5a7de765e.html,7.286845791223383
min_k,nonmember,https://atlanticcityweekly.com/attheshore/nightlife/four-card-poker-finds-expanded-niche-online/article_17c5c99c-2215-11ed-9f19-e7d8f92a75df.html,7.500120409073368
min_k,nonmember,https://atlanticcityweekly.com/acw-cover-photos/article_1ae199b6-e67f-11ec-b885-c391ff186d4a.html,8.699046952383858
min_k,nonmember,https://atlanticcityweekly.com/attheshore/nightlife/blackjack-bobs-right-plays-cant-overcome-wrong-cards/article_9f844d02-b8e0-11ec-b095-231ae46c9b11.html,7.6734877943295485
min_k,nonmember,https://atlanticcityweekly.com/attheshore/nightlife/5-reasons-to-see-red-perform-at-golden-nugget-every-monday/article_cba1ffe2-0f5c-11ed-b949-77f44c55f97f.html,7.590721972111805
min_k,nonmember,https://atlanticcityweekly.com/arts_and_entertainment/free-concert-with-the-singing-lifeguard/article_59cdccd8-ddf8-11ec-b9c3-7fb4967c24d5.html,7.5747657403713315
min_k,nonmember,https://atlanticcityweekly.com/attheshore/dining/on-a-roll-at-el-pueblo-taqueria/article_1653e25e-bf16-11ec-9f58-5be08602154a.html,7.773662619157271
min_k,nonmember,https://atlanticcityweekly.com/arts_and_entertainment/things-to-do-for-all-of-you/article_323cbe4c-b420-11ec-af3f-3f302d736094.html,7.5801572943814755
min_k,nonmember,https://atlanticcityweekly.com/arts_and_entertainment/headliner-spotlight/article_3e523e88-feed-11ec-9e3f-bbea6c57599b.html,6.61468075657261
min_k,nonmember,https://atlanticcityweekly.com/attheshore/headliners/ocean-casino-brings-in-a-new-kind-of-tribute-act-with-magical-mystery-doors/article_b594132a-0156-11ed-9a02-7bd2faf45444.html,6.8441470092702135
min_k,nonmember,https://atlanticcityweekly.com/arts_and_entertainment/o-c-pops-honor-famed-film-composer-with-star-wars-performance/article_e564f4de-01f1-11ed-b1f6-9784283e34b4.html,6.498105504964417
min_k,nonmember,https://atlanticcityweekly.com/arts_and_entertainment/things-to-do-for-all-of-you/article_94170cfc-bf16-11ec-b021-8b293e50d88a.html,7.108789254222396
min_k,nonmember,https://atlanticcityweekly.com/attheshore/nightlife/weekly-horoscopes/article_dd621a62-2214-11ed-8acc-7be50355f817.html,6.1320965503578755
min_k,nonmember,https://atlanticcityweekly.com/blogs/casino_answer_man/when-dealt-card-lands-on-chair-does-employee-have-to-fetch/article_86bd5166-bf15-11ec-953e-4baacb6ccfdd.html,7.7123815793740125
min_k,nonmember,https://atlanticcityweekly.com/arts_and_entertainment/millennium-era-nu-metal-rockers-staind-head-to-atlantic-city/article_f0266e52-2a28-11ed-806c-8ba1a1932451.html,6.826331720703023
min_k,nonmember,https://atlanticcityweekly.com/arts_and_entertainment/bally-s-new-renovations-offerings-make-park-place-and-boardwalk-legendary-again/article_392bf548-dada-11ec-8ba5-ff47879e9919.html,7.502261445688647
min_k,nonmember,https://atlanticcityweekly.com/attheshore/dining/borgata-announces-new-steakhouse-concept-to-open/article_98f5ed3c-ec12-11ec-aa30-ffbb8c54aee0.html,7.380010846634986
min_k,nonmember,https://atlanticcityweekly.com/arts_and_entertainment/atlantic-city-airshow-gives-sky-salute-to-those-who-serve/article_de31e514-1a38-11ed-ae0f-df760cb27307.html,6.82555576841151
min_k,nonmember,https://atlanticcityweekly.com/things-to-do-for-all-of-you/article_3ecbc38c-cfb0-11ec-8851-a71321d75413.html,7.215946811981485
min_k,nonmember,https://atlanticcityweekly.com/attheshore/dining/after-a-far-too-long-gap-burger-bash-is-back/article_5fc5f6b8-b41f-11ec-a822-afa35f30d884.html,7.88336981169068
min_k,nonmember,https://atlanticcityweekly.com/arts_and_entertainment/things-to-do-for-all-of-you/article_af9d6428-ef3e-11ec-ab00-674f704ed556.html,7.1597836484834305
min_k,nonmember,https://atlanticcityweekly.com/arts_and_entertainment/exit-zero-jazz-festival-celebrates-10th-anniversary-with-stellar-lineup/article_3f40cc94-d074-11ec-9c9f-a76c3e6feb0c.html,7.525935530662537
min_k,nonmember,https://atlanticcityweekly.com/attheshore/dining/sundaes-in-the-summer-at-fine-fellows-creamery/article_407f5e20-dd23-11ec-92fd-d78cc59bb709.html,7.819876183671641
min_k,nonmember,https://atlanticcityweekly.com/arts_and_entertainment/night-in-venice-continues-tradition-with-former-villanova-basketball-coach/article_d5ba1510-044d-11ed-bb17-8ff797fca53c.html,7.238730489360213
min_k,nonmember,https://atlanticcityweekly.com/attheshore/nightlife/pass-line-edge-never-disappears-no-matter-how-big-the-odds-bet/article_2da1f448-1199-11ed-bb65-0f8c3c7700c0.html,8.136769241055116
min_k,nonmember,https://atlanticcityweekly.com/attheshore/dining/brigantine-s-new-fast-casual-spot-kook-burger-continues-to-sizzle/article_04ae27fc-f15d-11ec-991b-67fe6cfcea14.html,6.923531369693944
min_k,nonmember,https://atlanticcityweekly.com/attheshore/nightlife/weekly-horoscopes/article_44ddbcea-a926-11ec-ba7e-ffa615200150.html,6.683377364102532
min_k,nonmember,https://atlanticcityweekly.com/arts_and_entertainment/casinos-dge-join-forces-for-june-2-job-fair/article_2e8244bc-e1bf-11ec-896d-434e3f8c3827.html,6.218273293972016
min_k,nonmember,https://atlanticcityweekly.com/attheshore/dining/shandies-blondes-and-pilsners-oh-my-summer-beer-season-is-here/article_0c652bae-ca29-11ec-9276-8b8b07fb2b32.html,8.621214622987848
min_k,nonmember,https://atlanticcityweekly.com/attheshore/events/more-on-the-right-notes/article_4beae908-336f-11ed-8730-b343b3fdcebb.html,6.98357905972983
min_k,nonmember,https://atlanticcityweekly.com/arts_and_entertainment/things-to-do-for-all-of-you/article_3ecbc38c-cfb0-11ec-8851-a71321d75413.html,7.233571219488673
min_k,nonmember,https://atlanticcityweekly.com/arts_and_entertainment/headliner-spotlight/article_5e35c49e-f886-11ec-bdaa-4f3c2b0e32ea.html,6.778981448985912
min_k,nonmember,https://atlanticcityweekly.com/attheshore/dining/june-is-here-for-beer/article_bb84d134-dd2f-11ec-bea6-df8dac681c79.html,8.996991897607076
min_k,nonmember,https://atlanticcityweekly.com/arts_and_entertainment/firefighting-convention-expo-and-parade-return-to-wildwoods/article_5e519ab0-2f91-11ed-85a4-0f90314c111d.html,6.870151478172149
min_k,nonmember,https://atlanticcityweekly.com/arts_and_entertainment/things-to-do-for-all-of-you/article_1cd635d4-f6ff-11ec-8e7f-a78df9855e6a.html,6.990215090454602
min_k,nonmember,https://atlanticcityweekly.com/attheshore/headliners/good-draw-on-wrong-game-vexes-video-poker-player/article_376c81d2-d50d-11ec-8e6f-7bd17781974e.html,7.998345136642456
min_k,nonmember,https://atlanticcityweekly.com/attheshore/dining/sundaes-in-the-summer-at-anna-lee-s-cookies-and-cream/article_79fdeb82-f6ee-11ec-bbbe-132766dfaaa9.html,6.864955335468441
min_k,nonmember,https://atlanticcityweekly.com/arts_and_entertainment/black-crowes-patch-things-up-and-bring-shake-your-money-maker-to-borgata/article_5a96bde8-f6f1-11ec-9de6-af239cbe5ae4.html,7.30497815464083
min_k,nonmember,https://atlanticcityweekly.com/arts_and_entertainment/high-tech-hard-rock-exhibit-offers-unique-perspective-on-vincent-van-gogh/article_11c88dee-f95d-11ec-b6b5-a31f631afb01.html,7.155292451381683
min_k,nonmember,https://atlanticcityweekly.com/arts_and_entertainment/things-to-do-for-all-of-you/article_f8b95594-ea99-11ec-aebe-8f850b715f94.html,7.309385673376963
min_k,nonmember,https://atlanticcityweekly.com/arts_and_entertainment/black-excellence-festival-returns-to-showboat-for-federal-holiday/article_7d19f2d2-ea9d-11ec-9a40-9b47fcd64093.html,7.406198968790998
min_k,nonmember,https://atlanticcityweekly.com/arts_and_entertainment/favorito-brings-old-school-rickles-style-comedy-to-ocean-casino/article_92a024da-0c50-11ed-b7ce-7735d69bda48.html,7.023906668027242
min_k,nonmember,https://atlanticcityweekly.com/attheshore/dining/burger-bash-v-brings-the-fire-to-golden-nugget/article_bcfae8a6-bf60-11ec-8b1f-7bd8d6b8cb9e.html,7.697828789347226
min_k,nonmember,https://atlanticcityweekly.com/food_and_drink/serendipity3-brings-over-the-top-desserts-bites-drinks-and-celebrations-to-ocean-casino/article_c242df36-06d1-11ed-bd3a-d3243d1d9689.html,7.731293513642848
min_k,nonmember,https://atlanticcityweekly.com/la-mesa-mr-gordo-offer-new-dining-options-for-mexican-holiday/article_80d2fb6a-caf1-11ec-890e-df55d5203777.html,7.371408402374937
min_k,nonmember,https://atlanticcityweekly.com/arts_and_entertainment/headliner-spotlight/article_e133d752-b40f-11ec-804b-3fc8784e4b3d.html,6.6599389305114745
min_k,nonmember,https://atlanticcityweekly.com/food_and_drink/girasole-celebrates-three-decades-of-inspired-italian-cuisine/article_3720dc9c-e669-11ec-b789-f38926431134.html,7.317898269622557
min_k,nonmember,https://atlanticcityweekly.com/night-in-venice-continues-tradition-with-former-villanova-basketball-coach/article_0bf227e6-06b8-11ed-9717-77c5b4426168.html,7.2639457648399315
min_k,nonmember,https://atlanticcityweekly.com/acw-cover-artwork/article_27cebef4-338e-11ed-b705-87fd076570f6.html,10.613600603739421
min_k,nonmember,https://atlanticcityweekly.com/attheshore/dining/spring-beer-season-means-plenty-of-events-and-unique-styles/article_dc12a266-b45b-11ec-b42f-bf4396f587e6.html,8.653588771820068
min_k,nonmember,https://atlanticcityweekly.com/arts_and_entertainment/headliner-spotlight/article_b9d7ad8a-e5bc-11ec-ade8-0b761171f793.html,6.862541863285594
min_k,nonmember,https://atlanticcityweekly.com/attheshore/dining/a-scrumptious-search-for-the-tastiest-appetizers-in-south-jersey/article_75da2cb0-bfde-11ec-a398-cff8134dbce8.html,7.712518793700777
min_k,nonmember,https://atlanticcityweekly.com/arts_and_entertainment/headliner-spotlight/article_b6af85f4-d529-11ec-81eb-e3f12d793c89.html,7.30832499116855
min_k,nonmember,https://atlanticcityweekly.com/arts_and_entertainment/showboat-debuts-indoor-go-kart-experience/article_c45d8264-daba-11ec-b9f4-dbbac7c5982a.html,7.386765321095784
min_k,nonmember,https://atlanticcityweekly.com/attheshore/dining/a-c-weekly-s-burger-bash-event-prepares-to-sizzle-after-a-three-year-hiatus/article_9ea74b2a-eb56-11ec-87f6-779fa13b4fd8.html,7.5610150390201145
min_k,nonmember,https://atlanticcityweekly.com/attheshore/dining/new-jersey-breweries-need-your-support-after-absurd-regulations/article_2be4c80c-0f5e-11ed-a243-f3043737cb5e.html,8.77802357612512
min_k,nonmember,https://atlanticcityweekly.com/attheshore/nightlife/5-great-spots-to-enjoy-a-fresh-margarita-on-cinco-de-mayo/article_16f70eee-ca32-11ec-aadc-cf53668ae978.html,7.297351809572582
min_k,nonmember,https://atlanticcityweekly.com/attheshore/dining/first-ever-atlantic-city-seafood-music-festival-looks-to-be-a-shuckin-good-time/article_5e248028-ef3d-11ec-97f8-f77be3d3afea.html,6.772370749506457
min_k,nonmember,https://atlanticcityweekly.com/attheshore/dining/la-mesa-mr-gordo-offer-new-dining-options-for-mexican-holiday/article_7a95270e-ca57-11ec-858e-a36563b948f5.html,7.373148780920032
min_k,nonmember,https://atlanticcityweekly.com/acw-cover-concept-72822/article_1b7d12fe-0cfb-11ed-9027-5b4f3c706339.html,9.721529651106449
min_k,nonmember,https://atlanticcityweekly.com/arts_and_entertainment/primus-pay-tribute-to-prog-rock-forefathers-as-a-tribute-to-kings-tour-rolls-into/article_7455ee38-d852-11ec-be86-1fca7fcedf04.html,7.098489157737247
min_k,nonmember,https://atlanticcityweekly.com/attheshore/dining/what-you-need-to-know-about-natural-organic-and-vegan-wines/article_aafe8884-bd0c-11ec-9480-e7666321cb62.html,7.457592690928599
min_k,nonmember,https://atlanticcityweekly.com/attheshore/dining/the-chatterbox-in-ocean-city-roars-back-to-life-under-new-ownership/article_7a9b4afa-17e4-11ed-b41c-ab9968c3f524.html,7.125100168742631
min_k,nonmember,https://atlanticcityweekly.com/attheshore/nightlife/weekly-horoscopes/article_bcc68bd4-dde1-11ec-82a9-0b654f59d66c.html,6.5908947865168255
min_k,nonmember,https://atlanticcityweekly.com/attheshore/dining/ocean-casino-offers-a-choco-tribute/article_e9bfeb08-11a8-11ed-a531-9f484657ffc4.html,8.425984941882852
min_k,nonmember,https://atlanticcityweekly.com/attheshore/nightlife/5-reasons-to-check-out-coral-lounge-bar-at-resorts/article_0d02eed8-e5aa-11ec-a6d9-778392356120.html,7.486204268019876
min_k,nonmember,https://atlanticcityweekly.com/attheshore/dining/appy-hour-at-harry-s-ocean-bar-grille/article_6323cd80-ef3e-11ec-9e25-53067c363be8.html,7.405013711947315
min_k,nonmember,https://atlanticcityweekly.com/arts_and_entertainment/a-fusion-of-top-shelf-talent-visits-ocean-casino-s-ovation-hall-for-the-third/article_53c593d6-332d-11ed-8efc-ff74f8c86174.html,7.278939863594856
min_k,nonmember,https://atlanticcityweekly.com/arts_and_entertainment/things-to-do-for-all-of-you/article_48f40220-0449-11ed-828f-5f926710e0ca.html,7.067487945187741
min_k,nonmember,https://atlanticcityweekly.com/attheshore/dining/sundaes-in-the-summer-at-peace-pie/article_3f2a00a0-e743-11ec-abfc-bf515eb8ca79.html,7.428988369347538
min_k,nonmember,https://atlanticcityweekly.com/attheshore/dining/appy-hour-at-hotel-lbi/article_2b4b5a1e-1742-11ed-bc91-c70ff26b20ee.html,7.440711308093298
min_k,nonmember,https://atlanticcityweekly.com/arts_and_entertainment/with-a-wealth-of-new-businesses-and-teamwork-north-beach-now-hottest-spot-in-a/article_f80f6d30-0cff-11ed-8ff1-bb736a2cf94e.html,7.325502047228739
min_k,nonmember,https://atlanticcityweekly.com/sponsored/meet-the-business---one-stop-xteriors/article_0da709f4-dd22-11ec-ac34-b3f2e1fbf572.html,8.162830967169542
min_k,nonmember,https://atlanticcityweekly.com/arts_and_entertainment/boy-band-what-a-rush-reunites-in-a-c/article_c020022a-f70d-11ec-8f73-a30e3ede1a34.html,6.54062025786857
min_k,nonmember,https://atlanticcityweekly.com/ats-cover-4-28-22/article_661c8de2-c4c8-11ec-9c0b-4b7ec50fa571.html,8.322620065123946
min_k,nonmember,https://atlanticcityweekly.com/arts_and_entertainment/things-to-do-for-all-of-you/article_0e55b5bc-012b-11ed-9aee-efe1626087a1.html,7.242996250821313
min_k,nonmember,https://atlanticcityweekly.com/attheshore/events/don-t-get-faked-out-at-this-year-s-fakefest-at-golden-nugget/article_552390b4-ef3c-11ec-a8f8-9fd812f479e3.html,7.237412581705067
min_k,nonmember,https://atlanticcityweekly.com/arts_and_entertainment/headliner-spotlight/article_8545a318-b9a9-11ec-b6ba-db0c77773b95.html,7.013633948771928
min_k,nonmember,https://atlanticcityweekly.com/arts_and_entertainment/headliner-spotlight/article_74365b02-221e-11ed-9f03-37517144e6bb.html,6.8418688933995115
min_k,nonmember,https://atlanticcityweekly.com/attheshore/dining/oh-my-dear---the-pumpkin-beers-are-here/article_9b838b4e-2872-11ed-9420-5b193f301a75.html,9.044228391752718
min_k,nonmember,https://atlanticcityweekly.com/blogs/casino_answer_man/slot-players-need-not-fear-mid-game-switch-via-server/article_2e282360-b41a-11ec-964c-b30bde973c53.html,8.121870663258937
min_k,nonmember,https://atlanticcityweekly.com/arts_and_entertainment/headliner-spotlight/article_3dde292a-d851-11ec-8ad7-1f4893bce4b4.html,6.784601494528298
min_k,nonmember,https://atlanticcityweekly.com/arts_and_entertainment/headliner-spotlight/article_5e481624-045e-11ed-9fef-f7b0c59f60ec.html,6.73484780526286
min_k,nonmember,https://atlanticcityweekly.com/arts_and_entertainment/mummers-close-the-summer-with-the-annual-new-years-in-north-wildwood/article_2e0b2aa0-29f2-11ed-95f4-47d98f35e00b.html,7.04251218718641
min_k,nonmember,https://atlanticcityweekly.com/arts_and_entertainment/headliner-spotlight/article_d9f0a736-172e-11ed-8161-73005ae40156.html,6.956015870348468
min_k,nonmember,https://atlanticcityweekly.com/attheshore/nightlife/tidalwave-music-festival-brings-monsoon-of-country-music-to-a-c-beach-this-weekend/article_cc8697fa-1809-11ed-9bf7-b3dd59fd9080.html,6.61146604463299
min_k,nonmember,https://atlanticcityweekly.com/arts_and_entertainment/headliner-spotlight/article_f17ce35a-2f8a-11ed-af59-4741d5195105.html,6.734259699163715
min_k,nonmember,https://atlanticcityweekly.com/arts_and_entertainment/10-cool-things-to-discover-on-wildwood-boardwalk/article_3344f206-004b-11ed-9005-2390cc45c4b2.html,6.690207866707233
min_k,nonmember,https://atlanticcityweekly.com/attheshore/nightlife/5-great-spots-to-bar-hop-with-a-beverage-in-hand/article_9c2f775c-d54c-11ec-848f-9fc003c89049.html,7.862842414584862
min_k,nonmember,https://atlanticcityweekly.com/arts_and_entertainment/john-cafferty-and-the-beaver-brown-band-to-perform-double-header-of-live-shows/article_b5642202-27a6-11ed-836d-b310ddc65c30.html,6.725547206195103
min_k,nonmember,https://atlanticcityweekly.com/attheshore/events/a-c-s-rock-fest-hosts-stacked-deck-of-bands-from-80s-to-present/article_48c3627e-e5f3-11ec-97e3-c7dcb6cc9662.html,6.858716319845797
min_k,nonmember,https://atlanticcityweekly.com/arts_and_entertainment/things-to-do-for-all-of-you/article_e4434a5e-253e-11ed-8f2c-574bc19c39a1.html,6.604400598164052
min_k,nonmember,https://atlanticcityweekly.com/arts_and_entertainment/art-music-and-wellness-celebrated-for-a-good-cause/article_f344d966-e662-11ec-a1b7-efa9ed3f5979.html,7.133192902519589
min_k,nonmember,https://atlanticcityweekly.com/attheshore/dining/burger-bash-chefs-bring-their-a-game-to-the-nugget-at-burger-bash-v/article_50e251c6-daa5-11ec-92fd-efd21528c340.html,7.511401192782676
min_k,nonmember,https://atlanticcityweekly.com/attheshore/dining/just-in-time-for-higher-temperatures-your-guide-to-summer-sippers/article_19d84b72-ea9f-11ec-86be-0b5fc0f7989a.html,7.007607067024315
min_k,nonmember,https://atlanticcityweekly.com/celeb-chef-returns-to-a-c-with-fast-casual-burger-concept/article_390335b8-c720-11ec-9d45-7f6f1d51a9c1.html,7.681750563264803
min_k,nonmember,https://atlanticcityweekly.com/attheshore/nightlife/5-reasons-to-check-out-bally-s-new-carousel-bar/article_ab7b524a-dc49-11ec-ae2b-476eee9f9a39.html,7.4041946571065775
min_k,nonmember,https://atlanticcityweekly.com/attheshore/nightlife/5-places-that-are-back-in-full-swing-for-the-summer/article_e01cca6a-d857-11ec-8c93-7376318e2ae8.html,7.256131901885524
min_k,nonmember,https://atlanticcityweekly.com/attheshore/dining/south-jersey-prepares-for-burger-bash-v/article_f059c2f8-ba6a-11ec-86cc-0feeadbf5b22.html,8.210739986316577
min_k,nonmember,https://atlanticcityweekly.com/arts_and_entertainment/5-things-to-know-about-the-pool-at-harrahs/article_104f1b66-29fc-11ed-9f19-e35d1ff1ec5e.html,7.335890593673244
min_k,nonmember,https://atlanticcityweekly.com/arts_and_entertainment/summer-s-unofficial-kickoff-is-a-weekend-worth-celebrating-in-south-jersey/article_ff365b40-db6e-11ec-8e7c-579040121510.html,7.250171905123322
min_k,nonmember,https://atlanticcityweekly.com/attheshore/nightlife/4-spots-to-pre-and-post-game-for-tidal-wave-festival/article_30a84ea0-17fa-11ed-902a-87cb86b85156.html,6.954313406577477
min_k,nonmember,https://atlanticcityweekly.com/060922-acw-acwcoverphotos/article_6d0dbac6-e67f-11ec-8c08-33ca211193ad.html,8.744990319472093
min_k,nonmember,https://atlanticcityweekly.com/arts_and_entertainment/chili-knockout-spicy-food-fest-brings-the-burn-to-a-c/article_9c13a1e2-d5f3-11ec-97ae-ff9ff3d2735f.html,7.344344323834046
min_k,nonmember,https://atlanticcityweekly.com/serindipity3-brings-over-the-top-desserts-bites-drinks-and-celebrations-to-ocean-casino/article_c242df36-06d1-11ed-bd3a-d3243d1d9689.html,7.7868405822055795
min_k,nonmember,https://atlanticcityweekly.com/arts_and_entertainment/a-full-lineup-of-new-bars-restaurants-and-gaming-concepts-are-headed-to-trop-this/article_95d249a2-bc06-11ec-a002-1f427fc39c74.html,7.751308370519568
min_k,nonmember,https://atlanticcityweekly.com/attheshore/dining/two-seafood-buffets-bring-all-you-can-eat-options-to-family-fun-locations/article_1a52f9ec-f703-11ec-923f-f3b3c4c74a30.html,7.610271697574191
min_k,nonmember,https://atlanticcityweekly.com/arts_and_entertainment/tito-puente-jr-brings-the-spirit-of-his-father-s-music-to-somers-point/article_d6312a58-dd22-11ec-81b2-2b7c78c6a543.html,6.67142910527957
min_k,nonmember,https://atlanticcityweekly.com/attheshore/dining/ossu-japanese-tavern-the-latest-hit-in-trop-s-dining-re-imaginings/article_a4a4e780-2305-11ed-b86b-f7fbed36d9d7.html,8.130960831818758
min_k,nonmember,https://atlanticcityweekly.com/exit-zero-jazz-festival-celebrates-10th-anniversary-with-stellar-lineup/article_79ca0898-d07f-11ec-b72d-57b4112654bd.html,7.5505859711590935
min_k,nonmember,https://atlanticcityweekly.com/arts_and_entertainment/the-genesis-show-brings-the-duke-tour-to-levoy-theatre/article_6e6de534-2a1e-11ed-b675-278865971c33.html,7.149125997624342
min_k,nonmember,https://atlanticcityweekly.com/arts_and_entertainment/headliner-spotlight/article_25b9e83e-dd15-11ec-ba1c-5f176eaaf51b.html,6.567074228710969
min_k,nonmember,https://atlanticcityweekly.com/attheshore/dining/spring-is-here-but-there-are-no-rules-when-you-can-enjoy-any-type-of/article_da4ae6c0-d52e-11ec-8532-8b32fcab291c.html,7.407258265106766
min_k,nonmember,https://atlanticcityweekly.com/attheshore/events/the-right-notes-2022-honoring-jayne-bray/article_604c316a-1d65-11ed-9d98-ef6a3661c516.html,6.727463381631034
min_k,nonmember,https://atlanticcityweekly.com/attheshore/dining/sundaes-in-the-summer-at-drip-n-scoop/article_d5b56380-0f5b-11ed-9534-37f0085acc21.html,7.579748229475211
min_k,nonmember,https://atlanticcityweekly.com/arts_and_entertainment/local-winery-hosts-country-music-festival-for-holiday-weekend/article_f357144e-f6e5-11ec-aede-cb28e179b739.html,7.589166407999785
min_k,nonmember,https://atlanticcityweekly.com/arts_and_entertainment/headliner-spotlight/article_fcf61e50-0c2f-11ed-a30c-f31e9f370d76.html,6.628392703291299
min_k,nonmember,https://atlanticcityweekly.com/arts_and_entertainment/headliner-spotlight/article_aa4f44a2-ea9b-11ec-bd17-3bf49578de70.html,6.630884148456432
min_k,nonmember,https://atlanticcityweekly.com/attheshore/dining/from-crepes-to-quiche-asbury-kitchen-worth-checking-out/article_e6bfe950-01ed-11ed-9754-b33e90dc2edf.html,7.240697520119803
min_k,nonmember,https://atlanticcityweekly.com/attheshore/nightlife/crowd-size-day-of-the-week-all-the-same-for-slot-payouts/article_b05a8848-3294-11ed-b2a2-67c0a45d43e8.html,8.016073468403938
min_k,nonmember,https://atlanticcityweekly.com/attheshore/dining/appy-hour-at-izzy-s-river-landing/article_fa90d9fa-e5ad-11ec-99d3-8b9f1c60ab4b.html,7.496538456450117
min_k,nonmember,https://atlanticcityweekly.com/arts_and_entertainment/legendary-comic-steven-wright-returns-to-a-c/article_7c1ef9f8-d603-11ec-aaae-4fb2b586c540.html,6.881273972956675
min_k,nonmember,https://atlanticcityweekly.com/attheshore/dining/appy-hour-at-laguna-grill-and-rum-bar/article_8694fefc-0ced-11ed-be23-7f78a7ad05c4.html,7.430877443373673
min_k,nonmember,https://atlanticcityweekly.com/attheshore/dining/manco-manco-opens-a-location-at-citizens-bank-park/article_73a4fae4-b433-11ec-a89b-7bc23b90aae1.html,6.7964998081752235
min_k,nonmember,https://atlanticcityweekly.com/attheshore/dining/all-kinds-of-competition-are-set-to-go-down-at-burger-bash-v/article_024d63e2-e668-11ec-8c05-33a7aeb8c7e5.html,7.347472848563359
min_k,nonmember,https://atlanticcityweekly.com/arts_and_entertainment/headliner-spotlight/article_589ce962-0f4d-11ed-960a-875dd7e7bf05.html,6.8795194382818226
min_k,nonmember,https://atlanticcityweekly.com/arts_and_entertainment/concert-review-the-black-crowes-tear-it-up-at-their-saturday-night-rock-n-roll/article_f150728e-fae2-11ec-9d5c-13f4f22ac4f4.html,7.715621831762881
min_k,nonmember,https://atlanticcityweekly.com/attheshore/headliners/headliner-spotlight/article_cbb08398-cf95-11ec-b3d9-1bac664d3da8.html,6.762486659453245
min_k,nonmember,https://atlanticcityweekly.com/attheshore/dining/sundaes-in-the-summer-at-royale-crown/article_9b039e3a-0693-11ed-a8ea-4f475c83bf28.html,7.728445859124818
min_k,nonmember,https://atlanticcityweekly.com/attheshore/dining/manco-manco-opens-a-location-at-citizen-bank-park/article_73a4fae4-b433-11ec-a89b-7bc23b90aae1.html,8.585855994905744
min_k,nonmember,https://atlanticcityweekly.com/attheshore/dining/foodie-friendly-charity-events-come-to-south-jersey-this-week/article_18717df6-c57b-11ec-beb7-37e9a27b9977.html,6.581854377103888
min_k,nonmember,https://atlanticcityweekly.com/attheshore/events/a-c-s-rock-fest-hosts-stacked-deck-of-bands-from-80s-to-present/article_33cf1976-e670-11ec-b19e-cfa8af8d150b.html,6.858716319845797
min_k,nonmember,https://atlanticcityweekly.com/attheshore/dining/on-a-roll-at-vic-s-subs/article_77674ad4-b9be-11ec-9989-9fc754b73f73.html,7.289454092698938
min_k,nonmember,https://atlanticcityweekly.com/attheshore/dining/appy-hour-at-buckets-margarita-bar-cantina/article_82e07804-f7b7-11ec-97a4-d7977ffabcbc.html,7.106236644202682
min_k,nonmember,https://atlanticcityweekly.com/arts_and_entertainment/a-weekend-full-of-firefighting-fun/article_5e519ab0-2f91-11ed-85a4-0f90314c111d.html,6.838642808414946
min_k,nonmember,https://atlanticcityweekly.com/attheshore/dining/our-picks-for-where-to-wine-and-dine-mom-this-mother-s-day/article_3aabea8c-caf3-11ec-8321-4347195e5772.html,7.417073459862392
min_k,nonmember,https://atlanticcityweekly.com/attheshore/dining/exit-zero-transforms-cape-may-s-ferry-park-into-a-destination-of-its-own/article_157671c4-d5fc-11ec-a0b8-577a3f86b352.html,7.482809530327247
min_k,nonmember,https://atlanticcityweekly.com/attheshore/events/3-places-to-grab-a-drink-and-watch-the-atlantic-city-airshow/article_6e32b418-1d72-11ed-bc12-93c14905474f.html,7.382935860043481
min_k,nonmember,https://atlanticcityweekly.com/attheshore/dining/andy-s-pizza-in-hammonton-is-buzzing-with-breakfast-brilliance/article_c8935cd0-c4c3-11ec-b8d2-c7357ffc7406.html,7.0931406977182645
min_k,nonmember,https://atlanticcityweekly.com/attheshore/events/a-c-hosts-free-concerts-on-the-boardwalk-each-week-through-the-summer/article_a8636d5c-11b1-11ed-b46c-a330bbd45646.html,7.420496077559113
min_k,nonmember,https://atlanticcityweekly.com/arts_and_entertainment/jersey-legend-southside-johnny-enjoying-being-back-on-road-again/article_41fd3996-d532-11ec-a1f2-23a01a7a06b0.html,6.80562984216504
min_k,nonmember,https://atlanticcityweekly.com/blogs/casino_answer_man/cards-in-hand-have-impact-on-possibilities-for-draw/article_7e60a106-279a-11ed-bd8c-d7b304d0621a.html,7.808794712091421
min_k,nonmember,https://atlanticcityweekly.com/attheshore/events/5-places-to-hang-out-before-and-after-barefoot-music-fest-in-wildwoods/article_eba730f6-eb3e-11ec-94d0-4b237bc8099a.html,7.291498732379102
min_k,nonmember,https://atlanticcityweekly.com/blogs/gaming_guru/millions-of-hands-played-few-never-to-be-forgotten/article_e543836e-1711-11ed-bf36-e3ec9f19b5b9.html,7.942748424924653
min_k,nonmember,https://atlanticcityweekly.com/arts_and_entertainment/skato-with-kato-briefing/article_cd1d9382-e12a-11ec-ab7d-1f996f6c6c4d.html,7.435532223944571
min_k,nonmember,https://atlanticcityweekly.com/attheshore/dining/building-the-perfect-labor-day-weekend/article_48f8d450-24a9-11ed-af6c-c32f9ee5e88f.html,7.550993483082777
min_k,nonmember,https://atlanticcityweekly.com/arts_and_entertainment/5-albums-to-play-before-summer-ends/article_1d614c2c-281f-11ed-ad42-0f92d2ee8cb4.html,7.112987219902777
min_k,nonmember,https://atlanticcityweekly.com/attheshore/dining/on-a-roll-at-the-cheese-board/article_3b455716-b415-11ec-9f7e-e7f83196c882.html,7.523452369216221
min_k,nonmember,https://atlanticcityweekly.com/arts_and_entertainment/masters-of-illusion-brings-mind-bending-magic-mayhem-and-macabre-to-harrah-s/article_be92a904-f185-11ec-91fa-93917aee798b.html,7.074411727763988
min_k,nonmember,https://atlanticcityweekly.com/arts_and_entertainment/scaggs-brings-influential-trilogy-to-ocean-casino/article_b026bc54-0f4c-11ed-8de7-4b43cefbde9d.html,7.165633803553901
min_k,nonmember,https://atlanticcityweekly.com/arts_and_entertainment/melissa-manchester-brings-hits-to-benefit-south-jersey-arts/article_466d27fc-11d2-11ed-b952-ef7216fce5cf.html,7.2646591737098305
min_k,nonmember,https://atlanticcityweekly.com/attheshore/dining/on-a-roll-at-the-anchorage-tavern-in-somers-point/article_77775516-c27c-11ec-a433-b32d86fbf139.html,7.44945097947732
min_k,nonmember,https://atlanticcityweekly.com/attheshore/nightlife/5-places-to-dance-through-the-night/article_a81f8cb4-24a7-11ed-b5c4-879548f61a38.html,7.773273559387572
min_k,nonmember,https://atlanticcityweekly.com/arts_and_entertainment/north-wildwood-s-annual-festival-celebrating-live-blues-and-bbq-prepares-to-sizzle/article_79f48678-f95f-11ec-b70c-23f5571d3ed7.html,7.21513309374533
min_k,nonmember,https://atlanticcityweekly.com/attheshore/dining/don-t-behave-like-a-bunch-of-asses-make-sure-to-grab-your-burger-bash/article_7bc3ec16-cfc8-11ec-b4b3-97daa69de175.html,7.4242693855337905
min_k,nonmember,https://atlanticcityweekly.com/after-a-bit-of-downtime-burlesque-show-returns-to-borgata-with-a-bang/article_c3de8278-d071-11ec-be94-87f487e52057.html,6.6143647696347845
min_k,nonmember,https://atlanticcityweekly.com/food_and_drink/few-spots-left-for-late-night-dining-in-atlantic-city/article_d30ca9d0-1d80-11ed-a0db-b79e22601e38.html,7.374013498181203
min_k,nonmember,https://atlanticcityweekly.com/arts_and_entertainment/jazz-society-hosts-jazzy-warm-up-act-for-return-of-somers-point-s-biggest-fest/article_98a22448-bf64-11ec-bd5c-934a3d378c6e.html,6.602913046992103
min_k,nonmember,https://atlanticcityweekly.com/just_for_fun/stockton-s-walking-tours-return-to-showcase-a-c-s-rich-history/article_815dbe86-f962-11ec-8a5d-d7b7a687aa3d.html,6.998471243141671
min_k,nonmember,https://atlanticcityweekly.com/arts_and_entertainment/headliner-spotlight/article_4f613ad6-2539-11ed-b6fb-bbad2fc3e492.html,6.9049415428481415
min_k,nonmember,https://atlanticcityweekly.com/arts_and_entertainment/south-jersey-is-hopping-with-holiday-events/article_b27181f2-b9a1-11ec-bad4-a712d3d7851a.html,7.416112377704718
min_k,nonmember,https://atlanticcityweekly.com/attheshore/nightlife/how-increased-tax-form-trigger-would-affect-big-slot-winners/article_7406dd5e-0118-11ed-9597-7fb9b7ff4ed0.html,7.994110248373739
min_k,nonmember,https://atlanticcityweekly.com/arts_and_entertainment/smithville-village-s-mayfest-means-another-weekend-of-fabulous-family-fun/article_13bcb0b6-d073-11ec-a0a9-2f8a6ba00476.html,6.8540913333063544
min_k,nonmember,https://atlanticcityweekly.com/arts_and_entertainment/things-to-do-for-all-of-you/article_ae169994-e5b6-11ec-b9b5-2febcb289f1d.html,7.2800861379471655
min_k,nonmember,https://atlanticcityweekly.com/arts_and_entertainment/phanatic-and-special-guests-to-visit-ocean-city-boardwalk-for-phillies-day-at-manco-manco/article_73cd4d64-eccd-11ec-acf9-5fc677e77d31.html,7.180331888198853
min_k,nonmember,https://atlanticcityweekly.com/5-wineries-to-visit-in-the-area-and-what-makes-them-so-special/article_0d567418-0c10-11ed-ad9c-33f405e1130a.html,7.276393535378746
min_k,nonmember,https://atlanticcityweekly.com/ats-cover-pics-42122/article_642b71ba-bf64-11ec-8269-a73d00580020.html,9.014170932769776
min_k,nonmember,https://atlanticcityweekly.com/attheshore/dining/the-chicken-sandwich-wars-rage-on-picking-the-top-bird-in-a-fast-food-face/article_ebf74e30-287c-11ed-8ec0-6b410caf185a.html,7.33242069123846
min_k,nonmember,https://atlanticcityweekly.com/attheshore/dining/5-reasons-to-check-out-bally-s-locally-loved-week/article_92adffda-b9bf-11ec-8b4e-cbb2ab99103f.html,8.381522780739218
min_k,nonmember,https://atlanticcityweekly.com/blogs/casino_answer_man/player-yearns-for-charlies-after-push-on-low-card-run/article_f086b05a-c3df-11ec-8992-cb2f82f753b3.html,7.7258007936416915
min_k,nonmember,https://atlanticcityweekly.com/ossu-japanese-tavern-the-latest-hit-in-trop-s-dining-re-imaginings/article_7b69408a-2311-11ed-bf76-e7ce6912d77f.html,8.039644387375384
min_k,nonmember,https://atlanticcityweekly.com/attheshore/nightlife/can-you-own-your-own-slot-machine-rules-depend-on-your-home-state/article_6aeaeb78-e595-11ec-862f-0f3f1283a5b3.html,7.877390986680984
min_k,nonmember,https://atlanticcityweekly.com/arts_and_entertainment/5-questions-with-kenny-wayne-shepherd/article_00722c30-1d6b-11ed-8db7-8fed48dfef86.html,6.366423181998424
min_k,nonmember,https://atlanticcityweekly.com/attheshore/dining/a-q-a-with-chef-bob-hettmannsperger-of-essl-s-dugout/article_ae69b5c0-29fe-11ed-a990-b3d4c8745473.html,6.394968796361444
min_k,nonmember,https://atlanticcityweekly.com/attheshore/nightlife/blackjack-bob-gives-thumbs-up-to-zappit-as-change-of-pace-game/article_6331b29a-0c14-11ed-9a5b-8f193fdf89de.html,7.8525730226770305
min_k,nonmember,https://atlanticcityweekly.com/arts_and_entertainment/all-you-need-to-know-about-ocean-s-draft-day-party/article_fc25aea2-c4bb-11ec-aadb-872a80550e92.html,7.725677057548806
min_k,nonmember,https://atlanticcityweekly.com/arts_and_entertainment/iconic-director-john-waters-brings-one-man-show-to-a-c/article_2bd684a2-bf33-11ec-a0ee-8baf97f08373.html,7.2689619745527
min_k,nonmember,https://atlanticcityweekly.com/arts_and_entertainment/after-a-bit-of-downtime-burlesque-show-returns-to-borgata-with-a-bang/article_3c0365e6-cf93-11ec-9224-0f2e5d59fbe9.html,6.6143647696347845
min_k,nonmember,https://atlanticcityweekly.com/attheshore/nightlife/weekly-horoscopes/article_5d46207e-0c27-11ed-b9ee-2f15b9ca8857.html,6.992828929235065
min_k,nonmember,https://atlanticcityweekly.com/arts_and_entertainment/headliner-spotlight/article_3afa4f60-c27e-11ec-b1f4-a3f8f9e8d0e8.html,6.932824869662667
min_k,nonmember,https://atlanticcityweekly.com/attheshore/dining/on-a-roll-at-sack-o-subs/article_4cb4c374-d530-11ec-9ead-671ddc51a979.html,7.361619866037944
min_k,nonmember,https://atlanticcityweekly.com/attheshore/dining/serindipity3-brings-over-the-top-desserts-bites-drinks-and-celebrations-to-ocean-casino/article_8a7359ba-06bc-11ed-b98e-c328deb3af2e.html,7.737763581912758
min_k,nonmember,https://atlanticcityweekly.com/attheshore/nightlife/table-game-jackpot-odds-vary-with-number-of-decks/article_cdd61a1c-ca0d-11ec-a3ec-cb06dd7d0a56.html,7.9963451759724675
min_k,nonmember,https://atlanticcityweekly.com/weekly-horoscopes/article_e2effe24-b46c-11ec-9f20-4bc684f93741.html,6.789262287200443
min_k,nonmember,https://atlanticcityweekly.com/attheshore/dining/cape-may-s-taco-caballito-shines-bright-under-youthful-new-owners/article_f5c9dfae-ddbd-11ec-ae69-6f7ec70da37a.html,6.972082158290979
min_k,nonmember,https://atlanticcityweekly.com/attheshore/nightlife/5-places-to-grab-a-hot-dog-and-a-beer/article_8480b660-004a-11ed-a89b-4b1be25b1460.html,7.229768126579508
min_k,nonmember,https://atlanticcityweekly.com/arts_and_entertainment/headliner-spotlight/article_abe4b70e-ef3a-11ec-a5e0-8f37627ae22f.html,6.738040277242967
min_k,nonmember,https://atlanticcityweekly.com/attheshore/dining/sundaes-in-the-summer-at-juli-s-pink-ice-cream/article_ec9cfb2a-2fa0-11ed-8a0c-3b1069c99b29.html,7.338355713877185
min_k,nonmember,https://atlanticcityweekly.com/attheshore/dining/burger-bash-v-returns-to-the-nugget/article_aaba2af2-c268-11ec-965b-0f8c63cf301d.html,8.21648175899799
min_k,nonmember,https://atlanticcityweekly.com/arts_and_entertainment/headliner-spotlight/article_0f4bec20-bd0b-11ec-b4c6-a731583a4d92.html,6.608610917295418
min_k,nonmember,https://atlanticcityweekly.com/attheshore/dining/ain-t-no-cure-but-the-summertime-brews/article_fe207d9a-f95e-11ec-8919-37bb230ee72e.html,8.800239791040836
min_k,nonmember,https://atlanticcityweekly.com/arts_and_entertainment/5-questions-with-stephen-pearcy-the-voice-of-ratt/article_08cadc6a-e73d-11ec-ac95-ab0868cf1084.html,7.28928344166694
min_k,nonmember,https://atlanticcityweekly.com/arts_and_entertainment/ocean-casino-hosts-a-night-celebrating-the-chairman-of-the-board/article_fec0f628-2288-11ed-9ee8-bb5a6341d8c3.html,6.543719036978964
min_k,nonmember,https://atlanticcityweekly.com/arts_and_entertainment/things-to-do-for-all-of-you/article_6840bbda-b9b9-11ec-bb54-537b52472319.html,7.313482993900186
min_k,nonmember,https://atlanticcityweekly.com/attheshore/nightlife/5-reasons-to-check-out-classic-rewind-weekend-at-showboat/article_d7a535c2-f0ba-11ec-8a23-ffce935db711.html,7.319212906552057
min_k,nonmember,https://atlanticcityweekly.com/arts_and_entertainment/things-to-do-for-all-of-you/article_813e288e-0c43-11ed-bdda-139c52738ac7.html,7.100783940432167
min_k,nonmember,https://atlanticcityweekly.com/arts_and_entertainment/somers-point-s-biggest-festival-rises-again-as-bayfest-returns-for-2022/article_98afea96-c4c4-11ec-80b8-57ec3b1efe8e.html,6.034850394054925
min_k,nonmember,https://atlanticcityweekly.com/arts_and_entertainment/a-c-beer-music-fest-returns-to-bader-field-for-another-year-in-the-sun/article_f0581b2c-e0e1-11ec-bd7b-73bc9dff5623.html,7.605911234903602
min_k,nonmember,https://atlanticcityweekly.com/sponsored/north-beach-atlantic-city-fireworks-celebration-set-for-july-1/article_0003cb8e-ebff-11ec-bc67-dfcb4a2b74e6.html,7.283106143657978
zlib,member,https://atlanticcityweekly.com/weather/weather-small-coastal-storm-to-bring-rain-some-wind-into-wednesday/article_934982b8-b43b-11ec-a607-1f21f73c5828.html,0.0018359274262078071
zlib,member,https://atlanticcityweekly.com/arts_and_entertainment/things-to-do-for-all-of-you/article_189384be-f96a-11ec-a828-9f0bba8b8de5.html,0.0003628984393138451
zlib,member,https://atlanticcityweekly.com/arts_and_entertainment/10-things-to-do-on-the-ocean-city-boardwalk/article_3e9bb56e-0c48-11ed-90d3-7bbff19becd1.html,0.0008281883778445062
zlib,member,https://atlanticcityweekly.com/arts_and_entertainment/headliner-spotlight/article_c2f5ade6-ca36-11ec-8c92-93fd0227696b.html,0.00020712315543160915
zlib,member,https://atlanticcityweekly.com/arts_and_entertainment/rock-and-roll-hall-of-famers-celebrate-six-decades-at-borgata/article_6e66d7b6-bd0a-11ec-94bb-7f7ae869482d.html,0.0009846779061956472
zlib,member,https://atlanticcityweekly.com/attheshore/nightlife/roulette-pivot-point-cant-guarantee-riches/article_0289135e-f92f-11ec-bed3-778c741a408c.html,0.002292462297309792
zlib,member,https://atlanticcityweekly.com/attheshore/dining/a-c-weekly-to-celebrate-mankind-s-greatest-dish-at-burger-bash-v/article_48e2f00e-dc47-11ec-a6fd-d381d8364dec.html,0.0018747732188170942
zlib,member,https://atlanticcityweekly.com/attheshore/dining/the-grills-were-alive-at-burger-bash-v/article_0c9b1dee-f162-11ec-9bc1-f39bd220dc93.html,0.0025344910803847074
zlib,member,https://atlanticcityweekly.com/attheshore/dining/on-a-roll-at-taco-caballito-tequileria/article_21c217f2-cf95-11ec-ab12-6731e831409c.html,0.0015343911563589832
zlib,member,https://atlanticcityweekly.com/arts_and_entertainment/ann-wilson-flies-solo-as-her-tour-rolls-into-atlantic-city/article_14c1a234-0c08-11ed-9fff-c7f592684e9b.html,0.0011702346490551172
zlib,member,https://atlanticcityweekly.com/attheshore/nightlife/bigger-bets-for-better-rules-can-damage-your-bankroll/article_6c153fb4-dabc-11ec-a08a-5b093cf8f755.html,0.002222122338540533
zlib,member,https://atlanticcityweekly.com/attheshore/dining/sundaes-in-the-summer-at-the-sunryser/article_cdc05c04-1e5e-11ed-a7d8-a76cfb06641f.html,0.001710770518992787
zlib,member,https://atlanticcityweekly.com/attheshore/dining/sundaes-in-the-summer-at-skipper-dipper/article_5bdc44ce-fed1-11ec-ab08-fb71cc365a71.html,0.00144368726016789
zlib,member,https://atlanticcityweekly.com/arts_and_entertainment/things-to-do-for-all-of-you/article_114b38c0-ddc0-11ec-ad79-eb5faa6475f9.html,0.00044372326823490074
zlib,member,https://atlanticcityweekly.com/attheshore/events/hellzapoppin-circus-sideshow-comes-to-a-c-for-a-night-of-shock-and-awe/article_a643364e-ca33-11ec-80b1-93e89928b733.html,0.0011226751438646295
zlib,member,https://atlanticcityweekly.com/8-day-nj-heat-wave-was-longest-since-2018-longest-96f-stretch-on-record/article_970de9e2-0d42-11ed-80fd-97c61d43c14d.html,0.0016997749752472855
zlib,member,https://atlanticcityweekly.com/attheshore/dining/tracking-down-south-jersey-s-best-dining-options-for-easter-grub/article_11018572-ba70-11ec-b4d5-a3cc04cea4d3.html,0.00040443144373125396
zlib,member,https://atlanticcityweekly.com/arts_and_entertainment/things-to-do-for-all-of-you/article_9c952368-2254-11ed-8d27-37d592bdb826.html,0.00036802679553954204
zlib,member,https://atlanticcityweekly.com/arts_and_entertainment/things-to-do-for-all-of-you/article_ef3230f6-3038-11ed-b56d-7be485f0a9ae.html,0.0006042016241166231
zlib,member,https://atlanticcityweekly.com/arts_and_entertainment/things-to-do-for-all-of-you/article_1b527e2a-11b7-11ed-bead-df88e3124d14.html,0.0002467589657725467
zlib,member,https://atlanticcityweekly.com/attheshore/dining/crossroads-bar-grill-scores-big-with-wild-twists-on-american-bar-food/article_a9e69f82-0cf2-11ed-a2d7-d30a906d7a31.html,0.001137056343594497
zlib,member,https://atlanticcityweekly.com/arts_and_entertainment/things-to-do-for-all-of-you/article_2fb8427a-d524-11ec-9520-f3985c59c91f.html,0.0004006843329570453
zlib,member,https://atlanticcityweekly.com/arts_and_entertainment/5-questions-with-magician-trickster-michael-carbonaro/article_8c4c5a12-ca5c-11ec-8e49-0b3a72d4e9fe.html,0.0011865793136921494
zlib,member,https://atlanticcityweekly.com/arts_and_entertainment/headliner-spotlight/article_09651faa-2a0e-11ed-aadd-b33710b1193d.html,0.0004087965157450989
zlib,member,https://atlanticcityweekly.com/attheshore/dining/famed-philly-chef-teams-with-cookie-till-for-week-long-presence-charitable-event/article_22bdc036-1278-11ed-97e7-fba03a2e2c4b.html,0.0009031500111772454
zlib,member,https://atlanticcityweekly.com/attheshore/nightlife/5-great-spots-to-get-a-beer-for-national-beer-day/article_47251b5a-b412-11ec-95b5-d32af5350346.html,0.0013662241289755803
zlib,member,https://atlanticcityweekly.com/arts_and_entertainment/absecon-lighthouse-welcomes-all-to-its-annual-spring-festival/article_a0df388a-caef-11ec-80e6-27c920639258.html,0.001418170400946007
zlib,member,https://atlanticcityweekly.com/attheshore/events/42nd-national-sports-collectors-convention-returns-to-a-c/article_19381bdc-0464-11ed-999f-935db2616c44.html,0.001091254357696751
zlib,member,https://atlanticcityweekly.com/arts_and_entertainment/ocean-casino-steps-up-its-fantasy-football-game-at-topgolf/article_2f118b7c-2882-11ed-95ab-0f441b7dc513.html,0.005377715345683156
zlib,member,https://atlanticcityweekly.com/attheshore/nightlife/tidalwave-music-festival-brings-monsoon-of-country-music-to-a-c-beach-this-weekend/article_9dcbe94a-1801-11ed-9c0b-cb7d55629015.html,0.0009290236715104994
zlib,member,https://atlanticcityweekly.com/attheshore/dining/5-spots-to-celebrate-the-return-of-baseball/article_9152d674-bf5a-11ec-b969-6bb67b868857.html,0.0011921953860158756
zlib,member,https://atlanticcityweekly.com/nightlife/5-reasons-to-check-out-moe-s-pop-up-bar-in-wildwood/article_47f7ead4-0391-11ed-b72c-97fd2252d53f.html,0.0017631514236268737
zlib,member,https://atlanticcityweekly.com/attheshore/nightlife/blackjack-has-34-starting-hands-or-more-if-composition-matters/article_cee86d6e-0690-11ed-954d-13c3878f1324.html,0.002232454217578981
zlib,member,https://atlanticcityweekly.com/arts_and_entertainment/reversible-royals-bring-larger-but-rarer-jackpots/article_dfab461a-f085-11ec-ba5e-77745a051447.html,0.002322974372141633
zlib,member,https://atlanticcityweekly.com/attheshore/nightlife/5-spots-to-enjoy-before-the-summer-crowds-come/article_7f84e2e8-cf95-11ec-afd1-83ec7974c926.html,0.001213474437369495
zlib,member,https://atlanticcityweekly.com/attheshore/dining/5-reasons-to-go-to-tequila-week-at-bally-s/article_c6f44400-f968-11ec-93d2-e7004dc812c1.html,0.0012408701007167254
zlib,member,https://atlanticcityweekly.com/arts_and_entertainment/barefoot-country-music-fest-returns-to-wildwood-beach/article_1b04c982-ebe7-11ec-abbc-f7850f2c0b5a.html,0.0006542564868422278
zlib,member,https://atlanticcityweekly.com/arts_and_entertainment/tropicana-s-boogie-nights-celebrates-10-years-of-partying-like-its-1999/article_f9f10f08-c571-11ec-bdab-0fa1df62cb5f.html,0.0008719622742226052
zlib,member,https://atlanticcityweekly.com/attheshore/events/a-c-beach-hosts-three-nights-of-the-world-s-biggest-jam-band/article_a460565e-11b9-11ed-beed-473535620265.html,0.0009509262754300407
zlib,member,https://atlanticcityweekly.com/attheshore/dining/3-great-bars-to-watch-week-1-of-the-nfl/article_45b31d5e-2df1-11ed-84b4-d7e7b2d0631e.html,0.001850384805246369
zlib,member,https://atlanticcityweekly.com/sponsored/give-the-gift-of-life---a-kidney-for-avram/article_96636352-ec1b-11ec-afad-af2b631451b1.html,0.0010688370216928244
zlib,member,https://atlanticcityweekly.com/blogs/casino_answer_man/players-find-up-and-down-sides-of-streaks-at-craps-and-roulette/article_838b4b5a-e059-11ec-8a46-53177fa68b4e.html,0.0021418815279868894
zlib,member,https://atlanticcityweekly.com/blogs/casino_answer_man/vplayers-find-up-and-down-sides-of-streaks-at-craps-and-roulette/article_838b4b5a-e059-11ec-8a46-53177fa68b4e.html,0.0021418815279868894
zlib,member,https://atlanticcityweekly.com/arts_and_entertainment/things-to-do-for-all-of-you/article_b299de10-2a24-11ed-98e2-a314b2c540a8.html,0.0008853578319305981
zlib,member,https://atlanticcityweekly.com/arts_and_entertainment/drummer-shows-artistic-side-at-hard-rock-performs-with-lynyrd-skynyrd-at-ocean-casino/article_a00fd08a-fc82-11ec-be86-9f1b4a6d113b.html,0.0009057703286217705
zlib,member,https://atlanticcityweekly.com/arts_and_entertainment/fireworks-around-south-jersey-and-independence-day-events/article_5b119ff0-f6dc-11ec-af44-d7963461b70d.html,0.0005666065997765273
zlib,member,https://atlanticcityweekly.com/arts_and_entertainment/things-to-do-for-all-of-you/article_a0a56db0-1ccc-11ed-8cff-dbe0f63cef13.html,0.0004096540191608148
zlib,member,https://atlanticcityweekly.com/attheshore/dining/10-great-spots-to-bring-your-pop-on-father-s-day/article_d0d06be8-eb30-11ec-bb9d-cb3720af2358.html,0.0006305181953890439
zlib,member,https://atlanticcityweekly.com/ats-cover-6-16-22/article_47ecd3f6-ebdb-11ec-9763-7b01cf4822b8.html,0.016671546019713674
zlib,member,https://atlanticcityweekly.com/attheshore/dining/ocean-casino-s-makai-brings-island-flavors-to-atlantic-city/article_255d15da-2e02-11ed-9585-8bf51c151278.html,0.0013768016186386065
zlib,member,https://atlanticcityweekly.com/attheshore/dining/newly-opened-moonshiners-bar-and-grill-in-mays-landing-is-here-to-stay/article_2e4d63c6-db7c-11ec-b02c-3719ce31f867.html,0.0008497766442832796
zlib,member,https://atlanticcityweekly.com/attheshore/dining/girasole-celebrates-three-decades-of-inspired-italian-cuisine/article_82e5edbc-e668-11ec-a3a1-63550687ef73.html,0.0007443886919993601
zlib,member,https://atlanticcityweekly.com/arts_and_entertainment/new-comedy-concept-combines-hypnosis-and-improv-into-one-sidesplitting-good-time/article_557e1eec-e683-11ec-8553-e72891da63cc.html,0.0009409689071101525
zlib,member,https://atlanticcityweekly.com/attheshore/dining/appy-hour-at-the-point/article_bee5e010-daa6-11ec-98b7-2bb20e469a25.html,0.001302919389761158
zlib,member,https://atlanticcityweekly.com/weather/weather-boom-or-bust-scenario-for-severe-weather-tuesday-comfy-weekend-ahead/article_0b8042c2-fb30-11ec-9bd4-674e9cbe3b3e.html,0.001785669962970916
zlib,member,https://atlanticcityweekly.com/the-chatterbox-in-ocean-city-roars-back-to-life-under-new-ownership/article_28b831ce-17eb-11ed-944c-43c5b498c53e.html,0.0008339201457424196
zlib,member,https://atlanticcityweekly.com/arts_and_entertainment/big-developments-define-summer-2022-for-ocean-casino/article_1e30aa5a-daac-11ec-86da-17c9830fabe5.html,0.0011042220422820947
zlib,member,https://atlanticcityweekly.com/sponsored/north-beach-atlantic-city-fireworks-celebration-set-for-sept-4th/article_e9c2aaa4-287e-11ed-b794-c7ff847eabef.html,0.0017845719818536747
zlib,member,https://atlanticcityweekly.com/arts_and_entertainment/things-to-do-for-all-of-you/article_7df7d468-daac-11ec-9c5a-83fc8d7b6c90.html,0.00045739206116012844
zlib,member,https://atlanticcityweekly.com/attheshore/dining/honor-thy-burger-at-burger-bash-v/article_58eb6e30-d531-11ec-ad42-274e02ab81b7.html,0.0019206307209084636
zlib,member,https://atlanticcityweekly.com/attheshore/dining/trop-opens-brand-new-japanese-tavern-concept/article_3ef4d788-0f73-11ed-a85c-9725dbf88c32.html,0.005870613398332911
zlib,member,https://atlanticcityweekly.com/arts_and_entertainment/this-a-c-wrestling-tournament-is-a-real-game-changer/article_96b81e48-dd2e-11ec-92e0-1b7729b2d59c.html,0.0016577777057790483
zlib,member,https://atlanticcityweekly.com/attheshore/events/the-downbeach-seafood-festival-makes-for-a-shucking-fun-weekend-in-south-jersey/article_e53e5e38-3387-11ed-a473-3bec6d3fa639.html,0.0011681251900344102
zlib,member,https://atlanticcityweekly.com/arts_and_entertainment/5-great-bars-to-watch-the-fireworks-at-this-weekend/article_7098372e-f70b-11ec-86b1-5307ec4e44eb.html,0.0012875730578946903
zlib,member,https://atlanticcityweekly.com/arts_and_entertainment/things-to-do-for-all-of-you/article_323e1508-ca2d-11ec-83d5-0382e60f893c.html,0.00046637172526148334
zlib,member,https://atlanticcityweekly.com/attheshore/nightlife/despite-low-frequency-points-pass-wins-more-often-than-place/article_2d722ac0-2d31-11ed-b321-6745aafd829a.html,0.0023038697598112895
zlib,member,https://atlanticcityweekly.com/arts_and_entertainment/nj-horror-con-screams-its-way-back-to-showboat/article_9fcb8cee-b412-11ec-a51b-db469cb24955.html,0.0005454587500958742
zlib,member,https://atlanticcityweekly.com/arts_and_entertainment/wwe-sunday-stunner-returns-to-atlantic-city/article_a0f56120-17f0-11ed-9bb1-7ba84fe27d75.html,0.0016517302569076387
zlib,member,https://atlanticcityweekly.com/arts_and_entertainment/jurassic-quest-brings-dino-sized-fun-for-family-to-a-c/article_4b7500c4-11ca-11ed-83f2-0f4f37b56480.html,0.001223983049853079
zlib,member,https://atlanticcityweekly.com/attheshore/nightlife/rakin-bacon-monopoly-cheat-edition-amp-up-entertainment-fun-at-slots/article_0bf2fa7a-ea68-11ec-9cd3-ff5b31a74dae.html,0.0022510319293078595
zlib,member,https://atlanticcityweekly.com/arts_and_entertainment/311-keep-creative-journey-flowing-as-fall-tour-heads-to-a-c/article_7eb82abe-3327-11ed-8649-47a2aa0a5e54.html,0.000929365848698549
zlib,member,https://atlanticcityweekly.com/food_and_drink/5-things-to-know-about-the-vue-rooftop-bar-and-lounge/article_15038cb0-2ebf-11ed-aeab-2f70629e95a5.html,0.0020551299461782986
zlib,member,https://atlanticcityweekly.com/arts_and_entertainment/things-to-do-for-all-of-you/article_ab69b47a-c4ae-11ec-98ee-df4549e88bac.html,0.00033284796417588284
zlib,member,https://atlanticcityweekly.com/attheshore/dining/michael-s-summer-wine-picks/article_ce5a70f2-0462-11ed-b063-4f6cc561d1c4.html,0.0014645030363865093
zlib,member,https://atlanticcityweekly.com/arts_and_entertainment/things-to-do-for-all-of-you/article_0498ab48-172d-11ed-abcd-7376c5e93891.html,0.00024389116449227062
zlib,member,https://atlanticcityweekly.com/arts_and_entertainment/two-very-different-styles-of-circus-return-to-showboat/article_c2fb0fc4-01eb-11ed-8e78-4ff5a7de765e.html,0.000875045317181947
zlib,member,https://atlanticcityweekly.com/attheshore/nightlife/four-card-poker-finds-expanded-niche-online/article_17c5c99c-2215-11ed-9f19-e7d8f92a75df.html,0.0021037215016097444
zlib,member,https://atlanticcityweekly.com/acw-cover-photos/article_1ae199b6-e67f-11ec-b885-c391ff186d4a.html,0.00391450016064222
zlib,member,https://atlanticcityweekly.com/attheshore/nightlife/blackjack-bobs-right-plays-cant-overcome-wrong-cards/article_9f844d02-b8e0-11ec-b095-231ae46c9b11.html,0.002221548812441298
zlib,member,https://atlanticcityweekly.com/attheshore/nightlife/5-reasons-to-see-red-perform-at-golden-nugget-every-monday/article_cba1ffe2-0f5c-11ed-b949-77f44c55f97f.html,0.0012548021846429723
zlib,member,https://atlanticcityweekly.com/arts_and_entertainment/free-concert-with-the-singing-lifeguard/article_59cdccd8-ddf8-11ec-b9c3-7fb4967c24d5.html,0.005183409829570658
zlib,member,https://atlanticcityweekly.com/attheshore/dining/on-a-roll-at-el-pueblo-taqueria/article_1653e25e-bf16-11ec-9f58-5be08602154a.html,0.0016949081131804578
zlib,member,https://atlanticcityweekly.com/arts_and_entertainment/things-to-do-for-all-of-you/article_323cbe4c-b420-11ec-af3f-3f302d736094.html,0.0003708658385630676
zlib,member,https://atlanticcityweekly.com/arts_and_entertainment/headliner-spotlight/article_3e523e88-feed-11ec-9e3f-bbea6c57599b.html,0.00032742562943546366
zlib,member,https://atlanticcityweekly.com/attheshore/headliners/ocean-casino-brings-in-a-new-kind-of-tribute-act-with-magical-mystery-doors/article_b594132a-0156-11ed-9a02-7bd2faf45444.html,0.001188618387579193
zlib,member,https://atlanticcityweekly.com/arts_and_entertainment/o-c-pops-honor-famed-film-composer-with-star-wars-performance/article_e564f4de-01f1-11ed-b1f6-9784283e34b4.html,0.0010685801128775532
zlib,member,https://atlanticcityweekly.com/arts_and_entertainment/things-to-do-for-all-of-you/article_94170cfc-bf16-11ec-b021-8b293e50d88a.html,0.00040260462954414813
zlib,member,https://atlanticcityweekly.com/attheshore/nightlife/weekly-horoscopes/article_dd621a62-2214-11ed-8acc-7be50355f817.html,0.0029161228734435694
zlib,member,https://atlanticcityweekly.com/blogs/casino_answer_man/when-dealt-card-lands-on-chair-does-employee-have-to-fetch/article_86bd5166-bf15-11ec-953e-4baacb6ccfdd.html,0.0020012589600484276
zlib,member,https://atlanticcityweekly.com/arts_and_entertainment/millennium-era-nu-metal-rockers-staind-head-to-atlantic-city/article_f0266e52-2a28-11ed-806c-8ba1a1932451.html,0.0008961430880851212
zlib,member,https://atlanticcityweekly.com/arts_and_entertainment/bally-s-new-renovations-offerings-make-park-place-and-boardwalk-legendary-again/article_392bf548-dada-11ec-8ba5-ff47879e9919.html,0.0006768983707809908
zlib,member,https://atlanticcityweekly.com/attheshore/dining/borgata-announces-new-steakhouse-concept-to-open/article_98f5ed3c-ec12-11ec-aa30-ffbb8c54aee0.html,0.0016622569339285987
zlib,member,https://atlanticcityweekly.com/arts_and_entertainment/atlantic-city-airshow-gives-sky-salute-to-those-who-serve/article_de31e514-1a38-11ed-ae0f-df760cb27307.html,0.0007489475221682763
zlib,member,https://atlanticcityweekly.com/things-to-do-for-all-of-you/article_3ecbc38c-cfb0-11ec-8851-a71321d75413.html,0.0005120992619053782
zlib,member,https://atlanticcityweekly.com/attheshore/dining/after-a-far-too-long-gap-burger-bash-is-back/article_5fc5f6b8-b41f-11ec-a822-afa35f30d884.html,0.001370896162622338
zlib,member,https://atlanticcityweekly.com/arts_and_entertainment/things-to-do-for-all-of-you/article_af9d6428-ef3e-11ec-ab00-674f704ed556.html,0.00031874716807617264
zlib,member,https://atlanticcityweekly.com/arts_and_entertainment/exit-zero-jazz-festival-celebrates-10th-anniversary-with-stellar-lineup/article_3f40cc94-d074-11ec-9c9f-a76c3e6feb0c.html,0.001241488567334505
zlib,member,https://atlanticcityweekly.com/attheshore/dining/sundaes-in-the-summer-at-fine-fellows-creamery/article_407f5e20-dd23-11ec-92fd-d78cc59bb709.html,0.0010663373891303162
zlib,member,https://atlanticcityweekly.com/arts_and_entertainment/night-in-venice-continues-tradition-with-former-villanova-basketball-coach/article_d5ba1510-044d-11ed-bb17-8ff797fca53c.html,0.001148823356176348
zlib,member,https://atlanticcityweekly.com/attheshore/nightlife/pass-line-edge-never-disappears-no-matter-how-big-the-odds-bet/article_2da1f448-1199-11ed-bb65-0f8c3c7700c0.html,0.0024397877394939727
zlib,member,https://atlanticcityweekly.com/attheshore/dining/brigantine-s-new-fast-casual-spot-kook-burger-continues-to-sizzle/article_04ae27fc-f15d-11ec-991b-67fe6cfcea14.html,0.0008578214527714278
zlib,member,https://atlanticcityweekly.com/attheshore/nightlife/weekly-horoscopes/article_44ddbcea-a926-11ec-ba7e-ffa615200150.html,0.00299809890853892
zlib,member,https://atlanticcityweekly.com/arts_and_entertainment/casinos-dge-join-forces-for-june-2-job-fair/article_2e8244bc-e1bf-11ec-896d-434e3f8c3827.html,0.004011254739275455
zlib,member,https://atlanticcityweekly.com/attheshore/dining/shandies-blondes-and-pilsners-oh-my-summer-beer-season-is-here/article_0c652bae-ca29-11ec-9276-8b8b07fb2b32.html,0.0010295339166077866
zlib,member,https://atlanticcityweekly.com/attheshore/events/more-on-the-right-notes/article_4beae908-336f-11ed-8730-b343b3fdcebb.html,0.0011083381724634864
zlib,member,https://atlanticcityweekly.com/arts_and_entertainment/things-to-do-for-all-of-you/article_3ecbc38c-cfb0-11ec-8851-a71321d75413.html,0.0005128711843323223
zlib,member,https://atlanticcityweekly.com/arts_and_entertainment/headliner-spotlight/article_5e35c49e-f886-11ec-bdaa-4f3c2b0e32ea.html,0.0003743859513131099
zlib,member,https://atlanticcityweekly.com/attheshore/dining/june-is-here-for-beer/article_bb84d134-dd2f-11ec-bea6-df8dac681c79.html,0.0010977491983936698
zlib,member,https://atlanticcityweekly.com/arts_and_entertainment/firefighting-convention-expo-and-parade-return-to-wildwoods/article_5e519ab0-2f91-11ed-85a4-0f90314c111d.html,0.0017163852111088246
zlib,member,https://atlanticcityweekly.com/arts_and_entertainment/things-to-do-for-all-of-you/article_1cd635d4-f6ff-11ec-8e7f-a78df9855e6a.html,0.00044613854635011435
zlib,member,https://atlanticcityweekly.com/attheshore/headliners/good-draw-on-wrong-game-vexes-video-poker-player/article_376c81d2-d50d-11ec-8e6f-7bd17781974e.html,0.002379057288854943
zlib,member,https://atlanticcityweekly.com/attheshore/dining/sundaes-in-the-summer-at-anna-lee-s-cookies-and-cream/article_79fdeb82-f6ee-11ec-bbbe-132766dfaaa9.html,0.001603384929281457
zlib,member,https://atlanticcityweekly.com/arts_and_entertainment/black-crowes-patch-things-up-and-bring-shake-your-money-maker-to-borgata/article_5a96bde8-f6f1-11ec-9de6-af239cbe5ae4.html,0.001428493584209044
zlib,member,https://atlanticcityweekly.com/arts_and_entertainment/high-tech-hard-rock-exhibit-offers-unique-perspective-on-vincent-van-gogh/article_11c88dee-f95d-11ec-b6b5-a31f631afb01.html,0.0018804578012290556
zlib,member,https://atlanticcityweekly.com/arts_and_entertainment/things-to-do-for-all-of-you/article_f8b95594-ea99-11ec-aebe-8f850b715f94.html,0.00045119652800442714
zlib,member,https://atlanticcityweekly.com/arts_and_entertainment/black-excellence-festival-returns-to-showboat-for-federal-holiday/article_7d19f2d2-ea9d-11ec-9a40-9b47fcd64093.html,0.001296424621384107
zlib,member,https://atlanticcityweekly.com/arts_and_entertainment/favorito-brings-old-school-rickles-style-comedy-to-ocean-casino/article_92a024da-0c50-11ed-b7ce-7735d69bda48.html,0.001448689827543952
zlib,member,https://atlanticcityweekly.com/attheshore/dining/burger-bash-v-brings-the-fire-to-golden-nugget/article_bcfae8a6-bf60-11ec-8b1f-7bd8d6b8cb9e.html,0.0025248727579049615
zlib,member,https://atlanticcityweekly.com/food_and_drink/serendipity3-brings-over-the-top-desserts-bites-drinks-and-celebrations-to-ocean-casino/article_c242df36-06d1-11ed-bd3a-d3243d1d9689.html,0.0009270557201358974
zlib,member,https://atlanticcityweekly.com/la-mesa-mr-gordo-offer-new-dining-options-for-mexican-holiday/article_80d2fb6a-caf1-11ec-890e-df55d5203777.html,0.000538406408668731
zlib,member,https://atlanticcityweekly.com/arts_and_entertainment/headliner-spotlight/article_e133d752-b40f-11ec-804b-3fc8784e4b3d.html,0.0003458462815453005
zlib,member,https://atlanticcityweekly.com/food_and_drink/girasole-celebrates-three-decades-of-inspired-italian-cuisine/article_3720dc9c-e669-11ec-b789-f38926431134.html,0.0007443886919993601
zlib,member,https://atlanticcityweekly.com/night-in-venice-continues-tradition-with-former-villanova-basketball-coach/article_0bf227e6-06b8-11ed-9717-77c5b4426168.html,0.0011522790399849665
zlib,member,https://atlanticcityweekly.com/acw-cover-artwork/article_27cebef4-338e-11ed-b705-87fd076570f6.html,0.005149415586589763
zlib,member,https://atlanticcityweekly.com/attheshore/dining/spring-beer-season-means-plenty-of-events-and-unique-styles/article_dc12a266-b45b-11ec-b42f-bf4396f587e6.html,0.0008749083618575988
zlib,member,https://atlanticcityweekly.com/arts_and_entertainment/headliner-spotlight/article_b9d7ad8a-e5bc-11ec-ade8-0b761171f793.html,0.0004329916147295598
zlib,member,https://atlanticcityweekly.com/attheshore/dining/a-scrumptious-search-for-the-tastiest-appetizers-in-south-jersey/article_75da2cb0-bfde-11ec-a398-cff8134dbce8.html,0.0004899714907052258
zlib,member,https://atlanticcityweekly.com/arts_and_entertainment/headliner-spotlight/article_b6af85f4-d529-11ec-81eb-e3f12d793c89.html,0.00036831655937886505
zlib,member,https://atlanticcityweekly.com/arts_and_entertainment/showboat-debuts-indoor-go-kart-experience/article_c45d8264-daba-11ec-b9f4-dbbac7c5982a.html,0.0038007657291693375
zlib,member,https://atlanticcityweekly.com/attheshore/dining/a-c-weekly-s-burger-bash-event-prepares-to-sizzle-after-a-three-year-hiatus/article_9ea74b2a-eb56-11ec-87f6-779fa13b4fd8.html,0.0026110435937721044
zlib,member,https://atlanticcityweekly.com/attheshore/dining/new-jersey-breweries-need-your-support-after-absurd-regulations/article_2be4c80c-0f5e-11ed-a243-f3043737cb5e.html,0.0010636522466016033
zlib,member,https://atlanticcityweekly.com/attheshore/nightlife/5-great-spots-to-enjoy-a-fresh-margarita-on-cinco-de-mayo/article_16f70eee-ca32-11ec-aadc-cf53668ae978.html,0.0011061750325961483
zlib,member,https://atlanticcityweekly.com/attheshore/dining/first-ever-atlantic-city-seafood-music-festival-looks-to-be-a-shuckin-good-time/article_5e248028-ef3d-11ec-97f8-f77be3d3afea.html,0.0007999042031020791
zlib,member,https://atlanticcityweekly.com/attheshore/dining/la-mesa-mr-gordo-offer-new-dining-options-for-mexican-holiday/article_7a95270e-ca57-11ec-858e-a36563b948f5.html,0.000536346192191939
zlib,member,https://atlanticcityweekly.com/acw-cover-concept-72822/article_1b7d12fe-0cfb-11ed-9027-5b4f3c706339.html,0.005215211160741635
zlib,member,https://atlanticcityweekly.com/arts_and_entertainment/primus-pay-tribute-to-prog-rock-forefathers-as-a-tribute-to-kings-tour-rolls-into/article_7455ee38-d852-11ec-be86-1fca7fcedf04.html,0.0010279123607768836
zlib,member,https://atlanticcityweekly.com/attheshore/dining/what-you-need-to-know-about-natural-organic-and-vegan-wines/article_aafe8884-bd0c-11ec-9480-e7666321cb62.html,0.0010078504228615561
zlib,member,https://atlanticcityweekly.com/attheshore/dining/the-chatterbox-in-ocean-city-roars-back-to-life-under-new-ownership/article_7a9b4afa-17e4-11ed-b41c-ab9968c3f524.html,0.0008332714067549505
zlib,member,https://atlanticcityweekly.com/attheshore/nightlife/weekly-horoscopes/article_bcc68bd4-dde1-11ec-82a9-0b654f59d66c.html,0.003288254269595718
zlib,member,https://atlanticcityweekly.com/attheshore/dining/ocean-casino-offers-a-choco-tribute/article_e9bfeb08-11a8-11ed-a531-9f484657ffc4.html,0.003094739085603901
zlib,member,https://atlanticcityweekly.com/attheshore/nightlife/5-reasons-to-check-out-coral-lounge-bar-at-resorts/article_0d02eed8-e5aa-11ec-a6d9-778392356120.html,0.0016277013307388066
zlib,member,https://atlanticcityweekly.com/attheshore/dining/appy-hour-at-harry-s-ocean-bar-grille/article_6323cd80-ef3e-11ec-9e25-53067c363be8.html,0.0013298715031196204
zlib,member,https://atlanticcityweekly.com/arts_and_entertainment/a-fusion-of-top-shelf-talent-visits-ocean-casino-s-ovation-hall-for-the-third/article_53c593d6-332d-11ed-8efc-ff74f8c86174.html,0.0013627108725908466
zlib,member,https://atlanticcityweekly.com/arts_and_entertainment/things-to-do-for-all-of-you/article_48f40220-0449-11ed-828f-5f926710e0ca.html,0.0002170028816880453
zlib,member,https://atlanticcityweekly.com/attheshore/dining/sundaes-in-the-summer-at-peace-pie/article_3f2a00a0-e743-11ec-abfc-bf515eb8ca79.html,0.001479146428025051
zlib,member,https://atlanticcityweekly.com/attheshore/dining/appy-hour-at-hotel-lbi/article_2b4b5a1e-1742-11ed-bc91-c70ff26b20ee.html,0.0016100407249339459
zlib,member,https://atlanticcityweekly.com/arts_and_entertainment/with-a-wealth-of-new-businesses-and-teamwork-north-beach-now-hottest-spot-in-a/article_f80f6d30-0cff-11ed-8ff1-bb736a2cf94e.html,0.0008281002924443746
zlib,member,https://atlanticcityweekly.com/sponsored/meet-the-business---one-stop-xteriors/article_0da709f4-dd22-11ec-ac34-b3f2e1fbf572.html,0.005410814395667669
zlib,member,https://atlanticcityweekly.com/arts_and_entertainment/boy-band-what-a-rush-reunites-in-a-c/article_c020022a-f70d-11ec-8f73-a30e3ede1a34.html,0.0007644710698658628
zlib,member,https://atlanticcityweekly.com/ats-cover-4-28-22/article_661c8de2-c4c8-11ec-9c0b-4b7ec50fa571.html,0.004495020142900125
zlib,member,https://atlanticcityweekly.com/arts_and_entertainment/things-to-do-for-all-of-you/article_0e55b5bc-012b-11ed-9aee-efe1626087a1.html,0.0002590715408381561
zlib,member,https://atlanticcityweekly.com/attheshore/events/don-t-get-faked-out-at-this-year-s-fakefest-at-golden-nugget/article_552390b4-ef3c-11ec-a8f8-9fd812f479e3.html,0.000904647934753647
zlib,member,https://atlanticcityweekly.com/arts_and_entertainment/headliner-spotlight/article_8545a318-b9a9-11ec-b6ba-db0c77773b95.html,0.00040177568567714695
zlib,member,https://atlanticcityweekly.com/arts_and_entertainment/headliner-spotlight/article_74365b02-221e-11ed-9f03-37517144e6bb.html,0.0002580865739369793
zlib,member,https://atlanticcityweekly.com/attheshore/dining/oh-my-dear---the-pumpkin-beers-are-here/article_9b838b4e-2872-11ed-9420-5b193f301a75.html,0.0010183432799329365
zlib,member,https://atlanticcityweekly.com/blogs/casino_answer_man/slot-players-need-not-fear-mid-game-switch-via-server/article_2e282360-b41a-11ec-964c-b30bde973c53.html,0.002127987618920202
zlib,member,https://atlanticcityweekly.com/arts_and_entertainment/headliner-spotlight/article_3dde292a-d851-11ec-8ad7-1f4893bce4b4.html,0.00028316752734847155
zlib,member,https://atlanticcityweekly.com/arts_and_entertainment/headliner-spotlight/article_5e481624-045e-11ed-9fef-f7b0c59f60ec.html,0.0003254053692672993
zlib,member,https://atlanticcityweekly.com/arts_and_entertainment/mummers-close-the-summer-with-the-annual-new-years-in-north-wildwood/article_2e0b2aa0-29f2-11ed-95f4-47d98f35e00b.html,0.0010411348347844338
zlib,member,https://atlanticcityweekly.com/arts_and_entertainment/headliner-spotlight/article_d9f0a736-172e-11ed-8161-73005ae40156.html,0.0002995422463885578
zlib,member,https://atlanticcityweekly.com/attheshore/nightlife/tidalwave-music-festival-brings-monsoon-of-country-music-to-a-c-beach-this-weekend/article_cc8697fa-1809-11ed-9bf7-b3dd59fd9080.html,0.0009290236715104994
zlib,member,https://atlanticcityweekly.com/arts_and_entertainment/headliner-spotlight/article_f17ce35a-2f8a-11ed-af59-4741d5195105.html,0.00039883121768347296
zlib,member,https://atlanticcityweekly.com/arts_and_entertainment/10-cool-things-to-discover-on-wildwood-boardwalk/article_3344f206-004b-11ed-9005-2390cc45c4b2.html,0.0006836306131745043
zlib,member,https://atlanticcityweekly.com/attheshore/nightlife/5-great-spots-to-bar-hop-with-a-beverage-in-hand/article_9c2f775c-d54c-11ec-848f-9fc003c89049.html,0.0014214016879220658
zlib,member,https://atlanticcityweekly.com/arts_and_entertainment/john-cafferty-and-the-beaver-brown-band-to-perform-double-header-of-live-shows/article_b5642202-27a6-11ed-836d-b310ddc65c30.html,0.0014104559410076964
zlib,member,https://atlanticcityweekly.com/attheshore/events/a-c-s-rock-fest-hosts-stacked-deck-of-bands-from-80s-to-present/article_48c3627e-e5f3-11ec-97e3-c7dcb6cc9662.html,0.0006493835790980971
zlib,member,https://atlanticcityweekly.com/arts_and_entertainment/things-to-do-for-all-of-you/article_e4434a5e-253e-11ed-8f2c-574bc19c39a1.html,0.0005476692560096527
zlib,member,https://atlanticcityweekly.com/arts_and_entertainment/art-music-and-wellness-celebrated-for-a-good-cause/article_f344d966-e662-11ec-a1b7-efa9ed3f5979.html,0.0018191606422059822
zlib,member,https://atlanticcityweekly.com/attheshore/dining/burger-bash-chefs-bring-their-a-game-to-the-nugget-at-burger-bash-v/article_50e251c6-daa5-11ec-92fd-efd21528c340.html,0.0017101253452654608
zlib,member,https://atlanticcityweekly.com/attheshore/dining/just-in-time-for-higher-temperatures-your-guide-to-summer-sippers/article_19d84b72-ea9f-11ec-86be-0b5fc0f7989a.html,0.0014318494689257064
zlib,member,https://atlanticcityweekly.com/celeb-chef-returns-to-a-c-with-fast-casual-burger-concept/article_390335b8-c720-11ec-9d45-7f6f1d51a9c1.html,0.0019364506219626163
zlib,member,https://atlanticcityweekly.com/attheshore/nightlife/5-reasons-to-check-out-bally-s-new-carousel-bar/article_ab7b524a-dc49-11ec-ae2b-476eee9f9a39.html,0.001615574067018258
zlib,member,https://atlanticcityweekly.com/attheshore/nightlife/5-places-that-are-back-in-full-swing-for-the-summer/article_e01cca6a-d857-11ec-8c93-7376318e2ae8.html,0.001276915011434943
zlib,member,https://atlanticcityweekly.com/attheshore/dining/south-jersey-prepares-for-burger-bash-v/article_f059c2f8-ba6a-11ec-86cc-0feeadbf5b22.html,0.003435703634060773
zlib,member,https://atlanticcityweekly.com/arts_and_entertainment/5-things-to-know-about-the-pool-at-harrahs/article_104f1b66-29fc-11ed-9f19-e35d1ff1ec5e.html,0.0015960706204453405
zlib,member,https://atlanticcityweekly.com/arts_and_entertainment/summer-s-unofficial-kickoff-is-a-weekend-worth-celebrating-in-south-jersey/article_ff365b40-db6e-11ec-8e7c-579040121510.html,0.0007338545759190936
zlib,member,https://atlanticcityweekly.com/attheshore/nightlife/4-spots-to-pre-and-post-game-for-tidal-wave-festival/article_30a84ea0-17fa-11ed-902a-87cb86b85156.html,0.0019671836421057357
zlib,member,https://atlanticcityweekly.com/060922-acw-acwcoverphotos/article_6d0dbac6-e67f-11ec-8c08-33ca211193ad.html,0.003911323148184643
zlib,member,https://atlanticcityweekly.com/arts_and_entertainment/chili-knockout-spicy-food-fest-brings-the-burn-to-a-c/article_9c13a1e2-d5f3-11ec-97ae-ff9ff3d2735f.html,0.0009003412385600439
zlib,member,https://atlanticcityweekly.com/serindipity3-brings-over-the-top-desserts-bites-drinks-and-celebrations-to-ocean-casino/article_c242df36-06d1-11ed-bd3a-d3243d1d9689.html,0.0009361068387056126
zlib,member,https://atlanticcityweekly.com/arts_and_entertainment/a-full-lineup-of-new-bars-restaurants-and-gaming-concepts-are-headed-to-trop-this/article_95d249a2-bc06-11ec-a002-1f427fc39c74.html,0.001179903207760586
zlib,member,https://atlanticcityweekly.com/attheshore/dining/two-seafood-buffets-bring-all-you-can-eat-options-to-family-fun-locations/article_1a52f9ec-f703-11ec-923f-f3b3c4c74a30.html,0.001436884294377909
zlib,member,https://atlanticcityweekly.com/arts_and_entertainment/tito-puente-jr-brings-the-spirit-of-his-father-s-music-to-somers-point/article_d6312a58-dd22-11ec-81b2-2b7c78c6a543.html,0.001161189426348336
zlib,member,https://atlanticcityweekly.com/attheshore/dining/ossu-japanese-tavern-the-latest-hit-in-trop-s-dining-re-imaginings/article_a4a4e780-2305-11ed-b86b-f7fbed36d9d7.html,0.0011181671239049722
zlib,member,https://atlanticcityweekly.com/exit-zero-jazz-festival-celebrates-10th-anniversary-with-stellar-lineup/article_79ca0898-d07f-11ec-b72d-57b4112654bd.html,0.0012467900915094567
zlib,member,https://atlanticcityweekly.com/arts_and_entertainment/the-genesis-show-brings-the-duke-tour-to-levoy-theatre/article_6e6de534-2a1e-11ed-b675-278865971c33.html,0.001136292185272797
zlib,member,https://atlanticcityweekly.com/arts_and_entertainment/headliner-spotlight/article_25b9e83e-dd15-11ec-ba1c-5f176eaaf51b.html,0.0004238400897896479
zlib,member,https://atlanticcityweekly.com/attheshore/dining/spring-is-here-but-there-are-no-rules-when-you-can-enjoy-any-type-of/article_da4ae6c0-d52e-11ec-8532-8b32fcab291c.html,0.0010261935861138737
zlib,member,https://atlanticcityweekly.com/attheshore/events/the-right-notes-2022-honoring-jayne-bray/article_604c316a-1d65-11ed-9d98-ef6a3661c516.html,0.0012916888071569153
zlib,member,https://atlanticcityweekly.com/attheshore/dining/sundaes-in-the-summer-at-drip-n-scoop/article_d5b56380-0f5b-11ed-9534-37f0085acc21.html,0.0018321216127780544
zlib,member,https://atlanticcityweekly.com/arts_and_entertainment/local-winery-hosts-country-music-festival-for-holiday-weekend/article_f357144e-f6e5-11ec-aede-cb28e179b739.html,0.0026667590930598475
zlib,member,https://atlanticcityweekly.com/arts_and_entertainment/headliner-spotlight/article_fcf61e50-0c2f-11ed-a30c-f31e9f370d76.html,0.00031176387653685005
zlib,member,https://atlanticcityweekly.com/arts_and_entertainment/headliner-spotlight/article_aa4f44a2-ea9b-11ec-bd17-3bf49578de70.html,0.0003741589545307876
zlib,member,https://atlanticcityweekly.com/attheshore/dining/from-crepes-to-quiche-asbury-kitchen-worth-checking-out/article_e6bfe950-01ed-11ed-9754-b33e90dc2edf.html,0.0013810162914435035
zlib,member,https://atlanticcityweekly.com/attheshore/nightlife/crowd-size-day-of-the-week-all-the-same-for-slot-payouts/article_b05a8848-3294-11ed-b2a2-67c0a45d43e8.html,0.002127835441328685
zlib,member,https://atlanticcityweekly.com/attheshore/dining/appy-hour-at-izzy-s-river-landing/article_fa90d9fa-e5ad-11ec-99d3-8b9f1c60ab4b.html,0.0011861727886888428
zlib,member,https://atlanticcityweekly.com/arts_and_entertainment/legendary-comic-steven-wright-returns-to-a-c/article_7c1ef9f8-d603-11ec-aaae-4fb2b586c540.html,0.0007908367647210344
zlib,member,https://atlanticcityweekly.com/attheshore/dining/appy-hour-at-laguna-grill-and-rum-bar/article_8694fefc-0ced-11ed-be23-7f78a7ad05c4.html,0.0011070967867033413
zlib,member,https://atlanticcityweekly.com/attheshore/dining/manco-manco-opens-a-location-at-citizens-bank-park/article_73a4fae4-b433-11ec-a89b-7bc23b90aae1.html,0.0014916042638305144
zlib,member,https://atlanticcityweekly.com/attheshore/dining/all-kinds-of-competition-are-set-to-go-down-at-burger-bash-v/article_024d63e2-e668-11ec-8c05-33a7aeb8c7e5.html,0.0017077915532375176
zlib,member,https://atlanticcityweekly.com/arts_and_entertainment/headliner-spotlight/article_589ce962-0f4d-11ed-960a-875dd7e7bf05.html,0.00026748887660703693
zlib,member,https://atlanticcityweekly.com/arts_and_entertainment/concert-review-the-black-crowes-tear-it-up-at-their-saturday-night-rock-n-roll/article_f150728e-fae2-11ec-9d5c-13f4f22ac4f4.html,0.0019646553431120215
zlib,member,https://atlanticcityweekly.com/attheshore/headliners/headliner-spotlight/article_cbb08398-cf95-11ec-b3d9-1bac664d3da8.html,0.0002647098270242532
zlib,member,https://atlanticcityweekly.com/attheshore/dining/sundaes-in-the-summer-at-royale-crown/article_9b039e3a-0693-11ed-a8ea-4f475c83bf28.html,0.0014269242259379554
zlib,member,https://atlanticcityweekly.com/attheshore/dining/manco-manco-opens-a-location-at-citizen-bank-park/article_73a4fae4-b433-11ec-a89b-7bc23b90aae1.html,0.013092597479160209
zlib,member,https://atlanticcityweekly.com/attheshore/dining/foodie-friendly-charity-events-come-to-south-jersey-this-week/article_18717df6-c57b-11ec-beb7-37e9a27b9977.html,0.001207561119038861
zlib,member,https://atlanticcityweekly.com/attheshore/events/a-c-s-rock-fest-hosts-stacked-deck-of-bands-from-80s-to-present/article_33cf1976-e670-11ec-b19e-cfa8af8d150b.html,0.0006493835790980971
zlib,member,https://atlanticcityweekly.com/attheshore/dining/on-a-roll-at-vic-s-subs/article_77674ad4-b9be-11ec-9989-9fc754b73f73.html,0.0016066481717187061
zlib,member,https://atlanticcityweekly.com/attheshore/dining/appy-hour-at-buckets-margarita-bar-cantina/article_82e07804-f7b7-11ec-97a4-d7977ffabcbc.html,0.0013335258128000396
zlib,member,https://atlanticcityweekly.com/arts_and_entertainment/a-weekend-full-of-firefighting-fun/article_5e519ab0-2f91-11ed-85a4-0f90314c111d.html,0.0017139386053401675
zlib,member,https://atlanticcityweekly.com/attheshore/dining/our-picks-for-where-to-wine-and-dine-mom-this-mother-s-day/article_3aabea8c-caf3-11ec-8321-4347195e5772.html,0.0004995223558054376
zlib,member,https://atlanticcityweekly.com/attheshore/dining/exit-zero-transforms-cape-may-s-ferry-park-into-a-destination-of-its-own/article_157671c4-d5fc-11ec-a0b8-577a3f86b352.html,0.0007618449930626463
zlib,member,https://atlanticcityweekly.com/attheshore/events/3-places-to-grab-a-drink-and-watch-the-atlantic-city-airshow/article_6e32b418-1d72-11ed-bc12-93c14905474f.html,0.0024167513612778674
zlib,member,https://atlanticcityweekly.com/attheshore/dining/andy-s-pizza-in-hammonton-is-buzzing-with-breakfast-brilliance/article_c8935cd0-c4c3-11ec-b8d2-c7357ffc7406.html,0.0007268172266514555
zlib,member,https://atlanticcityweekly.com/attheshore/events/a-c-hosts-free-concerts-on-the-boardwalk-each-week-through-the-summer/article_a8636d5c-11b1-11ed-b46c-a330bbd45646.html,0.0011793560756426865
zlib,member,https://atlanticcityweekly.com/arts_and_entertainment/jersey-legend-southside-johnny-enjoying-being-back-on-road-again/article_41fd3996-d532-11ec-a1f2-23a01a7a06b0.html,0.0008426882528446238
zlib,member,https://atlanticcityweekly.com/blogs/casino_answer_man/cards-in-hand-have-impact-on-possibilities-for-draw/article_7e60a106-279a-11ed-bd8c-d7b304d0621a.html,0.0021384609556227108
zlib,member,https://atlanticcityweekly.com/attheshore/events/5-places-to-hang-out-before-and-after-barefoot-music-fest-in-wildwoods/article_eba730f6-eb3e-11ec-94d0-4b237bc8099a.html,0.001108988480686261
zlib,member,https://atlanticcityweekly.com/blogs/gaming_guru/millions-of-hands-played-few-never-to-be-forgotten/article_e543836e-1711-11ed-bf36-e3ec9f19b5b9.html,0.00220171665087945
zlib,member,https://atlanticcityweekly.com/arts_and_entertainment/skato-with-kato-briefing/article_cd1d9382-e12a-11ec-ab7d-1f996f6c6c4d.html,0.004501239436879342
zlib,member,https://atlanticcityweekly.com/attheshore/dining/building-the-perfect-labor-day-weekend/article_48f8d450-24a9-11ed-af6c-c32f9ee5e88f.html,0.0009387831878746414
zlib,member,https://atlanticcityweekly.com/arts_and_entertainment/5-albums-to-play-before-summer-ends/article_1d614c2c-281f-11ed-ad42-0f92d2ee8cb4.html,0.0016554052760229545
zlib,member,https://atlanticcityweekly.com/attheshore/dining/on-a-roll-at-the-cheese-board/article_3b455716-b415-11ec-9f7e-e7f83196c882.html,0.001864024779601963
zlib,member,https://atlanticcityweekly.com/arts_and_entertainment/masters-of-illusion-brings-mind-bending-magic-mayhem-and-macabre-to-harrah-s/article_be92a904-f185-11ec-91fa-93917aee798b.html,0.0009177470717311074
zlib,member,https://atlanticcityweekly.com/arts_and_entertainment/scaggs-brings-influential-trilogy-to-ocean-casino/article_b026bc54-0f4c-11ed-8de7-4b43cefbde9d.html,0.0008298247001195967
zlib,member,https://atlanticcityweekly.com/arts_and_entertainment/melissa-manchester-brings-hits-to-benefit-south-jersey-arts/article_466d27fc-11d2-11ed-b952-ef7216fce5cf.html,0.000745841529058078
zlib,member,https://atlanticcityweekly.com/attheshore/dining/on-a-roll-at-the-anchorage-tavern-in-somers-point/article_77775516-c27c-11ec-a433-b32d86fbf139.html,0.0014107000447302434
zlib,member,https://atlanticcityweekly.com/attheshore/nightlife/5-places-to-dance-through-the-night/article_a81f8cb4-24a7-11ed-b5c4-879548f61a38.html,0.0017889856903673823
zlib,member,https://atlanticcityweekly.com/arts_and_entertainment/north-wildwood-s-annual-festival-celebrating-live-blues-and-bbq-prepares-to-sizzle/article_79f48678-f95f-11ec-b70c-23f5571d3ed7.html,0.0013570846636196759
zlib,member,https://atlanticcityweekly.com/attheshore/dining/don-t-behave-like-a-bunch-of-asses-make-sure-to-grab-your-burger-bash/article_7bc3ec16-cfc8-11ec-b4b3-97daa69de175.html,0.0017281503539691545
zlib,member,https://atlanticcityweekly.com/after-a-bit-of-downtime-burlesque-show-returns-to-borgata-with-a-bang/article_c3de8278-d071-11ec-be94-87f487e52057.html,0.000899796573066773
zlib,member,https://atlanticcityweekly.com/food_and_drink/few-spots-left-for-late-night-dining-in-atlantic-city/article_d30ca9d0-1d80-11ed-a0db-b79e22601e38.html,0.002122048567361503
zlib,member,https://atlanticcityweekly.com/arts_and_entertainment/jazz-society-hosts-jazzy-warm-up-act-for-return-of-somers-point-s-biggest-fest/article_98a22448-bf64-11ec-bd5c-934a3d378c6e.html,0.0013437196134960974
zlib,member,https://atlanticcityweekly.com/just_for_fun/stockton-s-walking-tours-return-to-showcase-a-c-s-rich-history/article_815dbe86-f962-11ec-8a5d-d7b7a687aa3d.html,0.0014683405365887873
zlib,member,https://atlanticcityweekly.com/arts_and_entertainment/headliner-spotlight/article_4f613ad6-2539-11ed-b6fb-bbad2fc3e492.html,0.00031054433255519784
zlib,member,https://atlanticcityweekly.com/arts_and_entertainment/south-jersey-is-hopping-with-holiday-events/article_b27181f2-b9a1-11ec-bad4-a712d3d7851a.html,0.0007193165042495167
zlib,member,https://atlanticcityweekly.com/attheshore/nightlife/how-increased-tax-form-trigger-would-affect-big-slot-winners/article_7406dd5e-0118-11ed-9597-7fb9b7ff4ed0.html,0.0019569485173114693
zlib,member,https://atlanticcityweekly.com/arts_and_entertainment/smithville-village-s-mayfest-means-another-weekend-of-fabulous-family-fun/article_13bcb0b6-d073-11ec-a0a9-2f8a6ba00476.html,0.0012976991208223764
zlib,member,https://atlanticcityweekly.com/arts_and_entertainment/things-to-do-for-all-of-you/article_ae169994-e5b6-11ec-b9b5-2febcb289f1d.html,0.0004368391686987455
zlib,member,https://atlanticcityweekly.com/arts_and_entertainment/phanatic-and-special-guests-to-visit-ocean-city-boardwalk-for-phillies-day-at-manco-manco/article_73cd4d64-eccd-11ec-acf9-5fc677e77d31.html,0.0042479250300804655
zlib,member,https://atlanticcityweekly.com/5-wineries-to-visit-in-the-area-and-what-makes-them-so-special/article_0d567418-0c10-11ed-ad9c-33f405e1130a.html,0.0011119930918473235
zlib,member,https://atlanticcityweekly.com/ats-cover-pics-42122/article_642b71ba-bf64-11ec-8269-a73d00580020.html,0.005208084099951447
zlib,member,https://atlanticcityweekly.com/attheshore/dining/the-chicken-sandwich-wars-rage-on-picking-the-top-bird-in-a-fast-food-face/article_ebf74e30-287c-11ed-8ec0-6b410caf185a.html,0.001036782747817583
zlib,member,https://atlanticcityweekly.com/attheshore/dining/5-reasons-to-check-out-bally-s-locally-loved-week/article_92adffda-b9bf-11ec-8b4e-cbb2ab99103f.html,0.0014150531177639183
zlib,member,https://atlanticcityweekly.com/blogs/casino_answer_man/player-yearns-for-charlies-after-push-on-low-card-run/article_f086b05a-c3df-11ec-8992-cb2f82f753b3.html,0.0020267068722106714
zlib,member,https://atlanticcityweekly.com/ossu-japanese-tavern-the-latest-hit-in-trop-s-dining-re-imaginings/article_7b69408a-2311-11ed-bf76-e7ce6912d77f.html,0.001106900849845444
zlib,member,https://atlanticcityweekly.com/attheshore/nightlife/can-you-own-your-own-slot-machine-rules-depend-on-your-home-state/article_6aeaeb78-e595-11ec-862f-0f3f1283a5b3.html,0.0017483970959682354
zlib,member,https://atlanticcityweekly.com/arts_and_entertainment/5-questions-with-kenny-wayne-shepherd/article_00722c30-1d6b-11ed-8db7-8fed48dfef86.html,0.001517072483040329
zlib,member,https://atlanticcityweekly.com/attheshore/dining/a-q-a-with-chef-bob-hettmannsperger-of-essl-s-dugout/article_ae69b5c0-29fe-11ed-a990-b3d4c8745473.html,0.0014677170850236204
zlib,member,https://atlanticcityweekly.com/attheshore/nightlife/blackjack-bob-gives-thumbs-up-to-zappit-as-change-of-pace-game/article_6331b29a-0c14-11ed-9a5b-8f193fdf89de.html,0.0019774426698659178
zlib,member,https://atlanticcityweekly.com/arts_and_entertainment/all-you-need-to-know-about-ocean-s-draft-day-party/article_fc25aea2-c4bb-11ec-aadb-872a80550e92.html,0.0021804053011182847
zlib,member,https://atlanticcityweekly.com/arts_and_entertainment/iconic-director-john-waters-brings-one-man-show-to-a-c/article_2bd684a2-bf33-11ec-a0ee-8baf97f08373.html,0.0005678961875343013
zlib,member,https://atlanticcityweekly.com/arts_and_entertainment/after-a-bit-of-downtime-burlesque-show-returns-to-borgata-with-a-bang/article_3c0365e6-cf93-11ec-9224-0f2e5d59fbe9.html,0.000899796573066773
zlib,member,https://atlanticcityweekly.com/attheshore/nightlife/weekly-horoscopes/article_5d46207e-0c27-11ed-b9ee-2f15b9ca8857.html,0.003334180407356756
zlib,member,https://atlanticcityweekly.com/arts_and_entertainment/headliner-spotlight/article_3afa4f60-c27e-11ec-b1f4-a3f8f9e8d0e8.html,0.00022646375631612097
zlib,member,https://atlanticcityweekly.com/attheshore/dining/on-a-roll-at-sack-o-subs/article_4cb4c374-d530-11ec-9ead-671ddc51a979.html,0.0016446791064515206
zlib,member,https://atlanticcityweekly.com/attheshore/dining/serindipity3-brings-over-the-top-desserts-bites-drinks-and-celebrations-to-ocean-casino/article_8a7359ba-06bc-11ed-b98e-c328deb3af2e.html,0.0009280489718134315
zlib,member,https://atlanticcityweekly.com/attheshore/nightlife/table-game-jackpot-odds-vary-with-number-of-decks/article_cdd61a1c-ca0d-11ec-a3ec-cb06dd7d0a56.html,0.002328256772484495
zlib,member,https://atlanticcityweekly.com/weekly-horoscopes/article_e2effe24-b46c-11ec-9f20-4bc684f93741.html,0.003184472655575264
zlib,member,https://atlanticcityweekly.com/attheshore/dining/cape-may-s-taco-caballito-shines-bright-under-youthful-new-owners/article_f5c9dfae-ddbd-11ec-ae69-6f7ec70da37a.html,0.0007643557055449834
zlib,member,https://atlanticcityweekly.com/attheshore/nightlife/5-places-to-grab-a-hot-dog-and-a-beer/article_8480b660-004a-11ed-a89b-4b1be25b1460.html,0.0011410502781303107
zlib,member,https://atlanticcityweekly.com/arts_and_entertainment/headliner-spotlight/article_abe4b70e-ef3a-11ec-a5e0-8f37627ae22f.html,0.0003303550735131555
zlib,member,https://atlanticcityweekly.com/attheshore/dining/sundaes-in-the-summer-at-juli-s-pink-ice-cream/article_ec9cfb2a-2fa0-11ed-8a0c-3b1069c99b29.html,0.0021934781099873317
zlib,member,https://atlanticcityweekly.com/attheshore/dining/burger-bash-v-returns-to-the-nugget/article_aaba2af2-c268-11ec-965b-0f8c63cf301d.html,0.0020575567849208686
zlib,member,https://atlanticcityweekly.com/arts_and_entertainment/headliner-spotlight/article_0f4bec20-bd0b-11ec-b4c6-a731583a4d92.html,0.0003716319651705743
zlib,member,https://atlanticcityweekly.com/attheshore/dining/ain-t-no-cure-but-the-summertime-brews/article_fe207d9a-f95e-11ec-8919-37bb230ee72e.html,0.0011093139213459136
zlib,member,https://atlanticcityweekly.com/arts_and_entertainment/5-questions-with-stephen-pearcy-the-voice-of-ratt/article_08cadc6a-e73d-11ec-ac95-ab0868cf1084.html,0.0013973885203080092
zlib,member,https://atlanticcityweekly.com/arts_and_entertainment/ocean-casino-hosts-a-night-celebrating-the-chairman-of-the-board/article_fec0f628-2288-11ed-9ee8-bb5a6341d8c3.html,0.0008534909879603903
zlib,member,https://atlanticcityweekly.com/arts_and_entertainment/things-to-do-for-all-of-you/article_6840bbda-b9b9-11ec-bb54-537b52472319.html,0.0006519732150105177
zlib,member,https://atlanticcityweekly.com/attheshore/nightlife/5-reasons-to-check-out-classic-rewind-weekend-at-showboat/article_d7a535c2-f0ba-11ec-8a23-ffce935db711.html,0.0017539363232825195
zlib,member,https://atlanticcityweekly.com/arts_and_entertainment/things-to-do-for-all-of-you/article_813e288e-0c43-11ed-bdda-139c52738ac7.html,0.00021908027856883683
zlib,member,https://atlanticcityweekly.com/arts_and_entertainment/somers-point-s-biggest-festival-rises-again-as-bayfest-returns-for-2022/article_98afea96-c4c4-11ec-80b8-57ec3b1efe8e.html,0.0009740388238208835
zlib,member,https://atlanticcityweekly.com/arts_and_entertainment/a-c-beer-music-fest-returns-to-bader-field-for-another-year-in-the-sun/article_f0581b2c-e0e1-11ec-bd7b-73bc9dff5623.html,0.0007784566226356704
zlib,member,https://atlanticcityweekly.com/sponsored/north-beach-atlantic-city-fireworks-celebration-set-for-july-1/article_0003cb8e-ebff-11ec-bc67-dfcb4a2b74e6.html,0.0027728060697845554
zlib,nonmember,https://atlanticcityweekly.com/weather/weather-small-coastal-storm-to-bring-rain-some-wind-into-wednesday/article_934982b8-b43b-11ec-a607-1f21f73c5828.html,0.0018359274262078071
zlib,nonmember,https://atlanticcityweekly.com/arts_and_entertainment/things-to-do-for-all-of-you/article_189384be-f96a-11ec-a828-9f0bba8b8de5.html,0.0003628984393138451
zlib,nonmember,https://atlanticcityweekly.com/arts_and_entertainment/10-things-to-do-on-the-ocean-city-boardwalk/article_3e9bb56e-0c48-11ed-90d3-7bbff19becd1.html,0.0008281883778445062
zlib,nonmember,https://atlanticcityweekly.com/arts_and_entertainment/headliner-spotlight/article_c2f5ade6-ca36-11ec-8c92-93fd0227696b.html,0.00020712315543160915
zlib,nonmember,https://atlanticcityweekly.com/arts_and_entertainment/rock-and-roll-hall-of-famers-celebrate-six-decades-at-borgata/article_6e66d7b6-bd0a-11ec-94bb-7f7ae869482d.html,0.0009846779061956472
zlib,nonmember,https://atlanticcityweekly.com/attheshore/nightlife/roulette-pivot-point-cant-guarantee-riches/article_0289135e-f92f-11ec-bed3-778c741a408c.html,0.002292462297309792
zlib,nonmember,https://atlanticcityweekly.com/attheshore/dining/a-c-weekly-to-celebrate-mankind-s-greatest-dish-at-burger-bash-v/article_48e2f00e-dc47-11ec-a6fd-d381d8364dec.html,0.0018747732188170942
zlib,nonmember,https://atlanticcityweekly.com/attheshore/dining/the-grills-were-alive-at-burger-bash-v/article_0c9b1dee-f162-11ec-9bc1-f39bd220dc93.html,0.0025344910803847074
zlib,nonmember,https://atlanticcityweekly.com/attheshore/dining/on-a-roll-at-taco-caballito-tequileria/article_21c217f2-cf95-11ec-ab12-6731e831409c.html,0.0015343911563589832
zlib,nonmember,https://atlanticcityweekly.com/arts_and_entertainment/ann-wilson-flies-solo-as-her-tour-rolls-into-atlantic-city/article_14c1a234-0c08-11ed-9fff-c7f592684e9b.html,0.0011702346490551172
zlib,nonmember,https://atlanticcityweekly.com/attheshore/nightlife/bigger-bets-for-better-rules-can-damage-your-bankroll/article_6c153fb4-dabc-11ec-a08a-5b093cf8f755.html,0.002222122338540533
zlib,nonmember,https://atlanticcityweekly.com/attheshore/dining/sundaes-in-the-summer-at-the-sunryser/article_cdc05c04-1e5e-11ed-a7d8-a76cfb06641f.html,0.001710770518992787
zlib,nonmember,https://atlanticcityweekly.com/attheshore/dining/sundaes-in-the-summer-at-skipper-dipper/article_5bdc44ce-fed1-11ec-ab08-fb71cc365a71.html,0.00144368726016789
zlib,nonmember,https://atlanticcityweekly.com/arts_and_entertainment/things-to-do-for-all-of-you/article_114b38c0-ddc0-11ec-ad79-eb5faa6475f9.html,0.00044372326823490074
zlib,nonmember,https://atlanticcityweekly.com/attheshore/events/hellzapoppin-circus-sideshow-comes-to-a-c-for-a-night-of-shock-and-awe/article_a643364e-ca33-11ec-80b1-93e89928b733.html,0.0011226751438646295
zlib,nonmember,https://atlanticcityweekly.com/8-day-nj-heat-wave-was-longest-since-2018-longest-96f-stretch-on-record/article_970de9e2-0d42-11ed-80fd-97c61d43c14d.html,0.0016997749752472855
zlib,nonmember,https://atlanticcityweekly.com/attheshore/dining/tracking-down-south-jersey-s-best-dining-options-for-easter-grub/article_11018572-ba70-11ec-b4d5-a3cc04cea4d3.html,0.00040443144373125396
zlib,nonmember,https://atlanticcityweekly.com/arts_and_entertainment/things-to-do-for-all-of-you/article_9c952368-2254-11ed-8d27-37d592bdb826.html,0.00036802679553954204
zlib,nonmember,https://atlanticcityweekly.com/arts_and_entertainment/things-to-do-for-all-of-you/article_ef3230f6-3038-11ed-b56d-7be485f0a9ae.html,0.0006042016241166231
zlib,nonmember,https://atlanticcityweekly.com/arts_and_entertainment/things-to-do-for-all-of-you/article_1b527e2a-11b7-11ed-bead-df88e3124d14.html,0.0002467589657725467
zlib,nonmember,https://atlanticcityweekly.com/attheshore/dining/crossroads-bar-grill-scores-big-with-wild-twists-on-american-bar-food/article_a9e69f82-0cf2-11ed-a2d7-d30a906d7a31.html,0.001137056343594497
zlib,nonmember,https://atlanticcityweekly.com/arts_and_entertainment/things-to-do-for-all-of-you/article_2fb8427a-d524-11ec-9520-f3985c59c91f.html,0.0004006843329570453
zlib,nonmember,https://atlanticcityweekly.com/arts_and_entertainment/5-questions-with-magician-trickster-michael-carbonaro/article_8c4c5a12-ca5c-11ec-8e49-0b3a72d4e9fe.html,0.0011865793136921494
zlib,nonmember,https://atlanticcityweekly.com/arts_and_entertainment/headliner-spotlight/article_09651faa-2a0e-11ed-aadd-b33710b1193d.html,0.0004087965157450989
zlib,nonmember,https://atlanticcityweekly.com/attheshore/dining/famed-philly-chef-teams-with-cookie-till-for-week-long-presence-charitable-event/article_22bdc036-1278-11ed-97e7-fba03a2e2c4b.html,0.0009031500111772454
zlib,nonmember,https://atlanticcityweekly.com/attheshore/nightlife/5-great-spots-to-get-a-beer-for-national-beer-day/article_47251b5a-b412-11ec-95b5-d32af5350346.html,0.0013662241289755803
zlib,nonmember,https://atlanticcityweekly.com/arts_and_entertainment/absecon-lighthouse-welcomes-all-to-its-annual-spring-festival/article_a0df388a-caef-11ec-80e6-27c920639258.html,0.001418170400946007
zlib,nonmember,https://atlanticcityweekly.com/attheshore/events/42nd-national-sports-collectors-convention-returns-to-a-c/article_19381bdc-0464-11ed-999f-935db2616c44.html,0.001091254357696751
zlib,nonmember,https://atlanticcityweekly.com/arts_and_entertainment/ocean-casino-steps-up-its-fantasy-football-game-at-topgolf/article_2f118b7c-2882-11ed-95ab-0f441b7dc513.html,0.005377715345683156
zlib,nonmember,https://atlanticcityweekly.com/attheshore/nightlife/tidalwave-music-festival-brings-monsoon-of-country-music-to-a-c-beach-this-weekend/article_9dcbe94a-1801-11ed-9c0b-cb7d55629015.html,0.0009290236715104994
zlib,nonmember,https://atlanticcityweekly.com/attheshore/dining/5-spots-to-celebrate-the-return-of-baseball/article_9152d674-bf5a-11ec-b969-6bb67b868857.html,0.0011921953860158756
zlib,nonmember,https://atlanticcityweekly.com/nightlife/5-reasons-to-check-out-moe-s-pop-up-bar-in-wildwood/article_47f7ead4-0391-11ed-b72c-97fd2252d53f.html,0.0017631514236268737
zlib,nonmember,https://atlanticcityweekly.com/attheshore/nightlife/blackjack-has-34-starting-hands-or-more-if-composition-matters/article_cee86d6e-0690-11ed-954d-13c3878f1324.html,0.002232454217578981
zlib,nonmember,https://atlanticcityweekly.com/arts_and_entertainment/reversible-royals-bring-larger-but-rarer-jackpots/article_dfab461a-f085-11ec-ba5e-77745a051447.html,0.002322974372141633
zlib,nonmember,https://atlanticcityweekly.com/attheshore/nightlife/5-spots-to-enjoy-before-the-summer-crowds-come/article_7f84e2e8-cf95-11ec-afd1-83ec7974c926.html,0.001213474437369495
zlib,nonmember,https://atlanticcityweekly.com/attheshore/dining/5-reasons-to-go-to-tequila-week-at-bally-s/article_c6f44400-f968-11ec-93d2-e7004dc812c1.html,0.0012408701007167254
zlib,nonmember,https://atlanticcityweekly.com/arts_and_entertainment/barefoot-country-music-fest-returns-to-wildwood-beach/article_1b04c982-ebe7-11ec-abbc-f7850f2c0b5a.html,0.0006542564868422278
zlib,nonmember,https://atlanticcityweekly.com/arts_and_entertainment/tropicana-s-boogie-nights-celebrates-10-years-of-partying-like-its-1999/article_f9f10f08-c571-11ec-bdab-0fa1df62cb5f.html,0.0008719622742226052
zlib,nonmember,https://atlanticcityweekly.com/attheshore/events/a-c-beach-hosts-three-nights-of-the-world-s-biggest-jam-band/article_a460565e-11b9-11ed-beed-473535620265.html,0.0009509262754300407
zlib,nonmember,https://atlanticcityweekly.com/attheshore/dining/3-great-bars-to-watch-week-1-of-the-nfl/article_45b31d5e-2df1-11ed-84b4-d7e7b2d0631e.html,0.001850384805246369
zlib,nonmember,https://atlanticcityweekly.com/sponsored/give-the-gift-of-life---a-kidney-for-avram/article_96636352-ec1b-11ec-afad-af2b631451b1.html,0.0010688370216928244
zlib,nonmember,https://atlanticcityweekly.com/blogs/casino_answer_man/players-find-up-and-down-sides-of-streaks-at-craps-and-roulette/article_838b4b5a-e059-11ec-8a46-53177fa68b4e.html,0.0021418815279868894
zlib,nonmember,https://atlanticcityweekly.com/blogs/casino_answer_man/vplayers-find-up-and-down-sides-of-streaks-at-craps-and-roulette/article_838b4b5a-e059-11ec-8a46-53177fa68b4e.html,0.0021418815279868894
zlib,nonmember,https://atlanticcityweekly.com/arts_and_entertainment/things-to-do-for-all-of-you/article_b299de10-2a24-11ed-98e2-a314b2c540a8.html,0.0008853578319305981
zlib,nonmember,https://atlanticcityweekly.com/arts_and_entertainment/drummer-shows-artistic-side-at-hard-rock-performs-with-lynyrd-skynyrd-at-ocean-casino/article_a00fd08a-fc82-11ec-be86-9f1b4a6d113b.html,0.0009057703286217705
zlib,nonmember,https://atlanticcityweekly.com/arts_and_entertainment/fireworks-around-south-jersey-and-independence-day-events/article_5b119ff0-f6dc-11ec-af44-d7963461b70d.html,0.0005666065997765273
zlib,nonmember,https://atlanticcityweekly.com/arts_and_entertainment/things-to-do-for-all-of-you/article_a0a56db0-1ccc-11ed-8cff-dbe0f63cef13.html,0.0004096540191608148
zlib,nonmember,https://atlanticcityweekly.com/attheshore/dining/10-great-spots-to-bring-your-pop-on-father-s-day/article_d0d06be8-eb30-11ec-bb9d-cb3720af2358.html,0.0006305181953890439
zlib,nonmember,https://atlanticcityweekly.com/ats-cover-6-16-22/article_47ecd3f6-ebdb-11ec-9763-7b01cf4822b8.html,0.016671546019713674
zlib,nonmember,https://atlanticcityweekly.com/attheshore/dining/ocean-casino-s-makai-brings-island-flavors-to-atlantic-city/article_255d15da-2e02-11ed-9585-8bf51c151278.html,0.0013768016186386065
zlib,nonmember,https://atlanticcityweekly.com/attheshore/dining/newly-opened-moonshiners-bar-and-grill-in-mays-landing-is-here-to-stay/article_2e4d63c6-db7c-11ec-b02c-3719ce31f867.html,0.0008497766442832796
zlib,nonmember,https://atlanticcityweekly.com/attheshore/dining/girasole-celebrates-three-decades-of-inspired-italian-cuisine/article_82e5edbc-e668-11ec-a3a1-63550687ef73.html,0.0007443886919993601
zlib,nonmember,https://atlanticcityweekly.com/arts_and_entertainment/new-comedy-concept-combines-hypnosis-and-improv-into-one-sidesplitting-good-time/article_557e1eec-e683-11ec-8553-e72891da63cc.html,0.0009409689071101525
zlib,nonmember,https://atlanticcityweekly.com/attheshore/dining/appy-hour-at-the-point/article_bee5e010-daa6-11ec-98b7-2bb20e469a25.html,0.001302919389761158
zlib,nonmember,https://atlanticcityweekly.com/weather/weather-boom-or-bust-scenario-for-severe-weather-tuesday-comfy-weekend-ahead/article_0b8042c2-fb30-11ec-9bd4-674e9cbe3b3e.html,0.001785669962970916
zlib,nonmember,https://atlanticcityweekly.com/the-chatterbox-in-ocean-city-roars-back-to-life-under-new-ownership/article_28b831ce-17eb-11ed-944c-43c5b498c53e.html,0.0008339201457424196
zlib,nonmember,https://atlanticcityweekly.com/arts_and_entertainment/big-developments-define-summer-2022-for-ocean-casino/article_1e30aa5a-daac-11ec-86da-17c9830fabe5.html,0.0011042220422820947
zlib,nonmember,https://atlanticcityweekly.com/sponsored/north-beach-atlantic-city-fireworks-celebration-set-for-sept-4th/article_e9c2aaa4-287e-11ed-b794-c7ff847eabef.html,0.0017845719818536747
zlib,nonmember,https://atlanticcityweekly.com/arts_and_entertainment/things-to-do-for-all-of-you/article_7df7d468-daac-11ec-9c5a-83fc8d7b6c90.html,0.00045739206116012844
zlib,nonmember,https://atlanticcityweekly.com/attheshore/dining/honor-thy-burger-at-burger-bash-v/article_58eb6e30-d531-11ec-ad42-274e02ab81b7.html,0.0019206307209084636
zlib,nonmember,https://atlanticcityweekly.com/attheshore/dining/trop-opens-brand-new-japanese-tavern-concept/article_3ef4d788-0f73-11ed-a85c-9725dbf88c32.html,0.005870613398332911
zlib,nonmember,https://atlanticcityweekly.com/arts_and_entertainment/this-a-c-wrestling-tournament-is-a-real-game-changer/article_96b81e48-dd2e-11ec-92e0-1b7729b2d59c.html,0.0016577777057790483
zlib,nonmember,https://atlanticcityweekly.com/attheshore/events/the-downbeach-seafood-festival-makes-for-a-shucking-fun-weekend-in-south-jersey/article_e53e5e38-3387-11ed-a473-3bec6d3fa639.html,0.0011681251900344102
zlib,nonmember,https://atlanticcityweekly.com/arts_and_entertainment/5-great-bars-to-watch-the-fireworks-at-this-weekend/article_7098372e-f70b-11ec-86b1-5307ec4e44eb.html,0.0012875730578946903
zlib,nonmember,https://atlanticcityweekly.com/arts_and_entertainment/things-to-do-for-all-of-you/article_323e1508-ca2d-11ec-83d5-0382e60f893c.html,0.00046637172526148334
zlib,nonmember,https://atlanticcityweekly.com/attheshore/nightlife/despite-low-frequency-points-pass-wins-more-often-than-place/article_2d722ac0-2d31-11ed-b321-6745aafd829a.html,0.0023038697598112895
zlib,nonmember,https://atlanticcityweekly.com/arts_and_entertainment/nj-horror-con-screams-its-way-back-to-showboat/article_9fcb8cee-b412-11ec-a51b-db469cb24955.html,0.0005454587500958742
zlib,nonmember,https://atlanticcityweekly.com/arts_and_entertainment/wwe-sunday-stunner-returns-to-atlantic-city/article_a0f56120-17f0-11ed-9bb1-7ba84fe27d75.html,0.0016517302569076387
zlib,nonmember,https://atlanticcityweekly.com/arts_and_entertainment/jurassic-quest-brings-dino-sized-fun-for-family-to-a-c/article_4b7500c4-11ca-11ed-83f2-0f4f37b56480.html,0.001223983049853079
zlib,nonmember,https://atlanticcityweekly.com/attheshore/nightlife/rakin-bacon-monopoly-cheat-edition-amp-up-entertainment-fun-at-slots/article_0bf2fa7a-ea68-11ec-9cd3-ff5b31a74dae.html,0.0022510319293078595
zlib,nonmember,https://atlanticcityweekly.com/arts_and_entertainment/311-keep-creative-journey-flowing-as-fall-tour-heads-to-a-c/article_7eb82abe-3327-11ed-8649-47a2aa0a5e54.html,0.000929365848698549
zlib,nonmember,https://atlanticcityweekly.com/food_and_drink/5-things-to-know-about-the-vue-rooftop-bar-and-lounge/article_15038cb0-2ebf-11ed-aeab-2f70629e95a5.html,0.0020551299461782986
zlib,nonmember,https://atlanticcityweekly.com/arts_and_entertainment/things-to-do-for-all-of-you/article_ab69b47a-c4ae-11ec-98ee-df4549e88bac.html,0.00033284796417588284
zlib,nonmember,https://atlanticcityweekly.com/attheshore/dining/michael-s-summer-wine-picks/article_ce5a70f2-0462-11ed-b063-4f6cc561d1c4.html,0.0014645030363865093
zlib,nonmember,https://atlanticcityweekly.com/arts_and_entertainment/things-to-do-for-all-of-you/article_0498ab48-172d-11ed-abcd-7376c5e93891.html,0.00024389116449227062
zlib,nonmember,https://atlanticcityweekly.com/arts_and_entertainment/two-very-different-styles-of-circus-return-to-showboat/article_c2fb0fc4-01eb-11ed-8e78-4ff5a7de765e.html,0.000875045317181947
zlib,nonmember,https://atlanticcityweekly.com/attheshore/nightlife/four-card-poker-finds-expanded-niche-online/article_17c5c99c-2215-11ed-9f19-e7d8f92a75df.html,0.0021037215016097444
zlib,nonmember,https://atlanticcityweekly.com/acw-cover-photos/article_1ae199b6-e67f-11ec-b885-c391ff186d4a.html,0.00391450016064222
zlib,nonmember,https://atlanticcityweekly.com/attheshore/nightlife/blackjack-bobs-right-plays-cant-overcome-wrong-cards/article_9f844d02-b8e0-11ec-b095-231ae46c9b11.html,0.002221548812441298
zlib,nonmember,https://atlanticcityweekly.com/attheshore/nightlife/5-reasons-to-see-red-perform-at-golden-nugget-every-monday/article_cba1ffe2-0f5c-11ed-b949-77f44c55f97f.html,0.0012548021846429723
zlib,nonmember,https://atlanticcityweekly.com/arts_and_entertainment/free-concert-with-the-singing-lifeguard/article_59cdccd8-ddf8-11ec-b9c3-7fb4967c24d5.html,0.005183409829570658
zlib,nonmember,https://atlanticcityweekly.com/attheshore/dining/on-a-roll-at-el-pueblo-taqueria/article_1653e25e-bf16-11ec-9f58-5be08602154a.html,0.0016949081131804578
zlib,nonmember,https://atlanticcityweekly.com/arts_and_entertainment/things-to-do-for-all-of-you/article_323cbe4c-b420-11ec-af3f-3f302d736094.html,0.0003708658385630676
zlib,nonmember,https://atlanticcityweekly.com/arts_and_entertainment/headliner-spotlight/article_3e523e88-feed-11ec-9e3f-bbea6c57599b.html,0.00032742562943546366
zlib,nonmember,https://atlanticcityweekly.com/attheshore/headliners/ocean-casino-brings-in-a-new-kind-of-tribute-act-with-magical-mystery-doors/article_b594132a-0156-11ed-9a02-7bd2faf45444.html,0.001188618387579193
zlib,nonmember,https://atlanticcityweekly.com/arts_and_entertainment/o-c-pops-honor-famed-film-composer-with-star-wars-performance/article_e564f4de-01f1-11ed-b1f6-9784283e34b4.html,0.0010685801128775532
zlib,nonmember,https://atlanticcityweekly.com/arts_and_entertainment/things-to-do-for-all-of-you/article_94170cfc-bf16-11ec-b021-8b293e50d88a.html,0.00040260462954414813
zlib,nonmember,https://atlanticcityweekly.com/attheshore/nightlife/weekly-horoscopes/article_dd621a62-2214-11ed-8acc-7be50355f817.html,0.0029161228734435694
zlib,nonmember,https://atlanticcityweekly.com/blogs/casino_answer_man/when-dealt-card-lands-on-chair-does-employee-have-to-fetch/article_86bd5166-bf15-11ec-953e-4baacb6ccfdd.html,0.0020012589600484276
zlib,nonmember,https://atlanticcityweekly.com/arts_and_entertainment/millennium-era-nu-metal-rockers-staind-head-to-atlantic-city/article_f0266e52-2a28-11ed-806c-8ba1a1932451.html,0.0008961430880851212
zlib,nonmember,https://atlanticcityweekly.com/arts_and_entertainment/bally-s-new-renovations-offerings-make-park-place-and-boardwalk-legendary-again/article_392bf548-dada-11ec-8ba5-ff47879e9919.html,0.0006768983707809908
zlib,nonmember,https://atlanticcityweekly.com/attheshore/dining/borgata-announces-new-steakhouse-concept-to-open/article_98f5ed3c-ec12-11ec-aa30-ffbb8c54aee0.html,0.0016622569339285987
zlib,nonmember,https://atlanticcityweekly.com/arts_and_entertainment/atlantic-city-airshow-gives-sky-salute-to-those-who-serve/article_de31e514-1a38-11ed-ae0f-df760cb27307.html,0.0007489475221682763
zlib,nonmember,https://atlanticcityweekly.com/things-to-do-for-all-of-you/article_3ecbc38c-cfb0-11ec-8851-a71321d75413.html,0.0005120992619053782
zlib,nonmember,https://atlanticcityweekly.com/attheshore/dining/after-a-far-too-long-gap-burger-bash-is-back/article_5fc5f6b8-b41f-11ec-a822-afa35f30d884.html,0.001370896162622338
zlib,nonmember,https://atlanticcityweekly.com/arts_and_entertainment/things-to-do-for-all-of-you/article_af9d6428-ef3e-11ec-ab00-674f704ed556.html,0.00031874716807617264
zlib,nonmember,https://atlanticcityweekly.com/arts_and_entertainment/exit-zero-jazz-festival-celebrates-10th-anniversary-with-stellar-lineup/article_3f40cc94-d074-11ec-9c9f-a76c3e6feb0c.html,0.001241488567334505
zlib,nonmember,https://atlanticcityweekly.com/attheshore/dining/sundaes-in-the-summer-at-fine-fellows-creamery/article_407f5e20-dd23-11ec-92fd-d78cc59bb709.html,0.0010663373891303162
zlib,nonmember,https://atlanticcityweekly.com/arts_and_entertainment/night-in-venice-continues-tradition-with-former-villanova-basketball-coach/article_d5ba1510-044d-11ed-bb17-8ff797fca53c.html,0.001148823356176348
zlib,nonmember,https://atlanticcityweekly.com/attheshore/nightlife/pass-line-edge-never-disappears-no-matter-how-big-the-odds-bet/article_2da1f448-1199-11ed-bb65-0f8c3c7700c0.html,0.0024397877394939727
zlib,nonmember,https://atlanticcityweekly.com/attheshore/dining/brigantine-s-new-fast-casual-spot-kook-burger-continues-to-sizzle/article_04ae27fc-f15d-11ec-991b-67fe6cfcea14.html,0.0008578214527714278
zlib,nonmember,https://atlanticcityweekly.com/attheshore/nightlife/weekly-horoscopes/article_44ddbcea-a926-11ec-ba7e-ffa615200150.html,0.00299809890853892
zlib,nonmember,https://atlanticcityweekly.com/arts_and_entertainment/casinos-dge-join-forces-for-june-2-job-fair/article_2e8244bc-e1bf-11ec-896d-434e3f8c3827.html,0.004011254739275455
zlib,nonmember,https://atlanticcityweekly.com/attheshore/dining/shandies-blondes-and-pilsners-oh-my-summer-beer-season-is-here/article_0c652bae-ca29-11ec-9276-8b8b07fb2b32.html,0.0010295339166077866
zlib,nonmember,https://atlanticcityweekly.com/attheshore/events/more-on-the-right-notes/article_4beae908-336f-11ed-8730-b343b3fdcebb.html,0.0011083381724634864
zlib,nonmember,https://atlanticcityweekly.com/arts_and_entertainment/things-to-do-for-all-of-you/article_3ecbc38c-cfb0-11ec-8851-a71321d75413.html,0.0005128711843323223
zlib,nonmember,https://atlanticcityweekly.com/arts_and_entertainment/headliner-spotlight/article_5e35c49e-f886-11ec-bdaa-4f3c2b0e32ea.html,0.0003743859513131099
zlib,nonmember,https://atlanticcityweekly.com/attheshore/dining/june-is-here-for-beer/article_bb84d134-dd2f-11ec-bea6-df8dac681c79.html,0.0010977491983936698
zlib,nonmember,https://atlanticcityweekly.com/arts_and_entertainment/firefighting-convention-expo-and-parade-return-to-wildwoods/article_5e519ab0-2f91-11ed-85a4-0f90314c111d.html,0.0017163852111088246
zlib,nonmember,https://atlanticcityweekly.com/arts_and_entertainment/things-to-do-for-all-of-you/article_1cd635d4-f6ff-11ec-8e7f-a78df9855e6a.html,0.00044613854635011435
zlib,nonmember,https://atlanticcityweekly.com/attheshore/headliners/good-draw-on-wrong-game-vexes-video-poker-player/article_376c81d2-d50d-11ec-8e6f-7bd17781974e.html,0.002379057288854943
zlib,nonmember,https://atlanticcityweekly.com/attheshore/dining/sundaes-in-the-summer-at-anna-lee-s-cookies-and-cream/article_79fdeb82-f6ee-11ec-bbbe-132766dfaaa9.html,0.001603384929281457
zlib,nonmember,https://atlanticcityweekly.com/arts_and_entertainment/black-crowes-patch-things-up-and-bring-shake-your-money-maker-to-borgata/article_5a96bde8-f6f1-11ec-9de6-af239cbe5ae4.html,0.001428493584209044
zlib,nonmember,https://atlanticcityweekly.com/arts_and_entertainment/high-tech-hard-rock-exhibit-offers-unique-perspective-on-vincent-van-gogh/article_11c88dee-f95d-11ec-b6b5-a31f631afb01.html,0.0018804578012290556
zlib,nonmember,https://atlanticcityweekly.com/arts_and_entertainment/things-to-do-for-all-of-you/article_f8b95594-ea99-11ec-aebe-8f850b715f94.html,0.00045119652800442714
zlib,nonmember,https://atlanticcityweekly.com/arts_and_entertainment/black-excellence-festival-returns-to-showboat-for-federal-holiday/article_7d19f2d2-ea9d-11ec-9a40-9b47fcd64093.html,0.001296424621384107
zlib,nonmember,https://atlanticcityweekly.com/arts_and_entertainment/favorito-brings-old-school-rickles-style-comedy-to-ocean-casino/article_92a024da-0c50-11ed-b7ce-7735d69bda48.html,0.001448689827543952
zlib,nonmember,https://atlanticcityweekly.com/attheshore/dining/burger-bash-v-brings-the-fire-to-golden-nugget/article_bcfae8a6-bf60-11ec-8b1f-7bd8d6b8cb9e.html,0.0025248727579049615
zlib,nonmember,https://atlanticcityweekly.com/food_and_drink/serendipity3-brings-over-the-top-desserts-bites-drinks-and-celebrations-to-ocean-casino/article_c242df36-06d1-11ed-bd3a-d3243d1d9689.html,0.0009270557201358974
zlib,nonmember,https://atlanticcityweekly.com/la-mesa-mr-gordo-offer-new-dining-options-for-mexican-holiday/article_80d2fb6a-caf1-11ec-890e-df55d5203777.html,0.000538406408668731
zlib,nonmember,https://atlanticcityweekly.com/arts_and_entertainment/headliner-spotlight/article_e133d752-b40f-11ec-804b-3fc8784e4b3d.html,0.0003458462815453005
zlib,nonmember,https://atlanticcityweekly.com/food_and_drink/girasole-celebrates-three-decades-of-inspired-italian-cuisine/article_3720dc9c-e669-11ec-b789-f38926431134.html,0.0007443886919993601
zlib,nonmember,https://atlanticcityweekly.com/night-in-venice-continues-tradition-with-former-villanova-basketball-coach/article_0bf227e6-06b8-11ed-9717-77c5b4426168.html,0.0011522790399849665
zlib,nonmember,https://atlanticcityweekly.com/acw-cover-artwork/article_27cebef4-338e-11ed-b705-87fd076570f6.html,0.005149415586589763
zlib,nonmember,https://atlanticcityweekly.com/attheshore/dining/spring-beer-season-means-plenty-of-events-and-unique-styles/article_dc12a266-b45b-11ec-b42f-bf4396f587e6.html,0.0008749083618575988
zlib,nonmember,https://atlanticcityweekly.com/arts_and_entertainment/headliner-spotlight/article_b9d7ad8a-e5bc-11ec-ade8-0b761171f793.html,0.0004329916147295598
zlib,nonmember,https://atlanticcityweekly.com/attheshore/dining/a-scrumptious-search-for-the-tastiest-appetizers-in-south-jersey/article_75da2cb0-bfde-11ec-a398-cff8134dbce8.html,0.0004899714907052258
zlib,nonmember,https://atlanticcityweekly.com/arts_and_entertainment/headliner-spotlight/article_b6af85f4-d529-11ec-81eb-e3f12d793c89.html,0.00036831655937886505
zlib,nonmember,https://atlanticcityweekly.com/arts_and_entertainment/showboat-debuts-indoor-go-kart-experience/article_c45d8264-daba-11ec-b9f4-dbbac7c5982a.html,0.0038007657291693375
zlib,nonmember,https://atlanticcityweekly.com/attheshore/dining/a-c-weekly-s-burger-bash-event-prepares-to-sizzle-after-a-three-year-hiatus/article_9ea74b2a-eb56-11ec-87f6-779fa13b4fd8.html,0.0026110435937721044
zlib,nonmember,https://atlanticcityweekly.com/attheshore/dining/new-jersey-breweries-need-your-support-after-absurd-regulations/article_2be4c80c-0f5e-11ed-a243-f3043737cb5e.html,0.0010636522466016033
zlib,nonmember,https://atlanticcityweekly.com/attheshore/nightlife/5-great-spots-to-enjoy-a-fresh-margarita-on-cinco-de-mayo/article_16f70eee-ca32-11ec-aadc-cf53668ae978.html,0.0011061750325961483
zlib,nonmember,https://atlanticcityweekly.com/attheshore/dining/first-ever-atlantic-city-seafood-music-festival-looks-to-be-a-shuckin-good-time/article_5e248028-ef3d-11ec-97f8-f77be3d3afea.html,0.0007999042031020791
zlib,nonmember,https://atlanticcityweekly.com/attheshore/dining/la-mesa-mr-gordo-offer-new-dining-options-for-mexican-holiday/article_7a95270e-ca57-11ec-858e-a36563b948f5.html,0.000536346192191939
zlib,nonmember,https://atlanticcityweekly.com/acw-cover-concept-72822/article_1b7d12fe-0cfb-11ed-9027-5b4f3c706339.html,0.005215211160741635
zlib,nonmember,https://atlanticcityweekly.com/arts_and_entertainment/primus-pay-tribute-to-prog-rock-forefathers-as-a-tribute-to-kings-tour-rolls-into/article_7455ee38-d852-11ec-be86-1fca7fcedf04.html,0.0010279123607768836
zlib,nonmember,https://atlanticcityweekly.com/attheshore/dining/what-you-need-to-know-about-natural-organic-and-vegan-wines/article_aafe8884-bd0c-11ec-9480-e7666321cb62.html,0.0010078504228615561
zlib,nonmember,https://atlanticcityweekly.com/attheshore/dining/the-chatterbox-in-ocean-city-roars-back-to-life-under-new-ownership/article_7a9b4afa-17e4-11ed-b41c-ab9968c3f524.html,0.0008332714067549505
zlib,nonmember,https://atlanticcityweekly.com/attheshore/nightlife/weekly-horoscopes/article_bcc68bd4-dde1-11ec-82a9-0b654f59d66c.html,0.003288254269595718
zlib,nonmember,https://atlanticcityweekly.com/attheshore/dining/ocean-casino-offers-a-choco-tribute/article_e9bfeb08-11a8-11ed-a531-9f484657ffc4.html,0.003094739085603901
zlib,nonmember,https://atlanticcityweekly.com/attheshore/nightlife/5-reasons-to-check-out-coral-lounge-bar-at-resorts/article_0d02eed8-e5aa-11ec-a6d9-778392356120.html,0.0016277013307388066
zlib,nonmember,https://atlanticcityweekly.com/attheshore/dining/appy-hour-at-harry-s-ocean-bar-grille/article_6323cd80-ef3e-11ec-9e25-53067c363be8.html,0.0013298715031196204
zlib,nonmember,https://atlanticcityweekly.com/arts_and_entertainment/a-fusion-of-top-shelf-talent-visits-ocean-casino-s-ovation-hall-for-the-third/article_53c593d6-332d-11ed-8efc-ff74f8c86174.html,0.0013627108725908466
zlib,nonmember,https://atlanticcityweekly.com/arts_and_entertainment/things-to-do-for-all-of-you/article_48f40220-0449-11ed-828f-5f926710e0ca.html,0.0002170028816880453
zlib,nonmember,https://atlanticcityweekly.com/attheshore/dining/sundaes-in-the-summer-at-peace-pie/article_3f2a00a0-e743-11ec-abfc-bf515eb8ca79.html,0.001479146428025051
zlib,nonmember,https://atlanticcityweekly.com/attheshore/dining/appy-hour-at-hotel-lbi/article_2b4b5a1e-1742-11ed-bc91-c70ff26b20ee.html,0.0016100407249339459
zlib,nonmember,https://atlanticcityweekly.com/arts_and_entertainment/with-a-wealth-of-new-businesses-and-teamwork-north-beach-now-hottest-spot-in-a/article_f80f6d30-0cff-11ed-8ff1-bb736a2cf94e.html,0.0008281002924443746
zlib,nonmember,https://atlanticcityweekly.com/sponsored/meet-the-business---one-stop-xteriors/article_0da709f4-dd22-11ec-ac34-b3f2e1fbf572.html,0.005410814395667669
zlib,nonmember,https://atlanticcityweekly.com/arts_and_entertainment/boy-band-what-a-rush-reunites-in-a-c/article_c020022a-f70d-11ec-8f73-a30e3ede1a34.html,0.0007644710698658628
zlib,nonmember,https://atlanticcityweekly.com/ats-cover-4-28-22/article_661c8de2-c4c8-11ec-9c0b-4b7ec50fa571.html,0.004495020142900125
zlib,nonmember,https://atlanticcityweekly.com/arts_and_entertainment/things-to-do-for-all-of-you/article_0e55b5bc-012b-11ed-9aee-efe1626087a1.html,0.0002590715408381561
zlib,nonmember,https://atlanticcityweekly.com/attheshore/events/don-t-get-faked-out-at-this-year-s-fakefest-at-golden-nugget/article_552390b4-ef3c-11ec-a8f8-9fd812f479e3.html,0.000904647934753647
zlib,nonmember,https://atlanticcityweekly.com/arts_and_entertainment/headliner-spotlight/article_8545a318-b9a9-11ec-b6ba-db0c77773b95.html,0.00040177568567714695
zlib,nonmember,https://atlanticcityweekly.com/arts_and_entertainment/headliner-spotlight/article_74365b02-221e-11ed-9f03-37517144e6bb.html,0.0002580865739369793
zlib,nonmember,https://atlanticcityweekly.com/attheshore/dining/oh-my-dear---the-pumpkin-beers-are-here/article_9b838b4e-2872-11ed-9420-5b193f301a75.html,0.0010183432799329365
zlib,nonmember,https://atlanticcityweekly.com/blogs/casino_answer_man/slot-players-need-not-fear-mid-game-switch-via-server/article_2e282360-b41a-11ec-964c-b30bde973c53.html,0.002127987618920202
zlib,nonmember,https://atlanticcityweekly.com/arts_and_entertainment/headliner-spotlight/article_3dde292a-d851-11ec-8ad7-1f4893bce4b4.html,0.00028316752734847155
zlib,nonmember,https://atlanticcityweekly.com/arts_and_entertainment/headliner-spotlight/article_5e481624-045e-11ed-9fef-f7b0c59f60ec.html,0.0003254053692672993
zlib,nonmember,https://atlanticcityweekly.com/arts_and_entertainment/mummers-close-the-summer-with-the-annual-new-years-in-north-wildwood/article_2e0b2aa0-29f2-11ed-95f4-47d98f35e00b.html,0.0010411348347844338
zlib,nonmember,https://atlanticcityweekly.com/arts_and_entertainment/headliner-spotlight/article_d9f0a736-172e-11ed-8161-73005ae40156.html,0.0002995422463885578
zlib,nonmember,https://atlanticcityweekly.com/attheshore/nightlife/tidalwave-music-festival-brings-monsoon-of-country-music-to-a-c-beach-this-weekend/article_cc8697fa-1809-11ed-9bf7-b3dd59fd9080.html,0.0009290236715104994
zlib,nonmember,https://atlanticcityweekly.com/arts_and_entertainment/headliner-spotlight/article_f17ce35a-2f8a-11ed-af59-4741d5195105.html,0.00039883121768347296
zlib,nonmember,https://atlanticcityweekly.com/arts_and_entertainment/10-cool-things-to-discover-on-wildwood-boardwalk/article_3344f206-004b-11ed-9005-2390cc45c4b2.html,0.0006836306131745043
zlib,nonmember,https://atlanticcityweekly.com/attheshore/nightlife/5-great-spots-to-bar-hop-with-a-beverage-in-hand/article_9c2f775c-d54c-11ec-848f-9fc003c89049.html,0.0014214016879220658
zlib,nonmember,https://atlanticcityweekly.com/arts_and_entertainment/john-cafferty-and-the-beaver-brown-band-to-perform-double-header-of-live-shows/article_b5642202-27a6-11ed-836d-b310ddc65c30.html,0.0014104559410076964
zlib,nonmember,https://atlanticcityweekly.com/attheshore/events/a-c-s-rock-fest-hosts-stacked-deck-of-bands-from-80s-to-present/article_48c3627e-e5f3-11ec-97e3-c7dcb6cc9662.html,0.0006493835790980971
zlib,nonmember,https://atlanticcityweekly.com/arts_and_entertainment/things-to-do-for-all-of-you/article_e4434a5e-253e-11ed-8f2c-574bc19c39a1.html,0.0005476692560096527
zlib,nonmember,https://atlanticcityweekly.com/arts_and_entertainment/art-music-and-wellness-celebrated-for-a-good-cause/article_f344d966-e662-11ec-a1b7-efa9ed3f5979.html,0.0018191606422059822
zlib,nonmember,https://atlanticcityweekly.com/attheshore/dining/burger-bash-chefs-bring-their-a-game-to-the-nugget-at-burger-bash-v/article_50e251c6-daa5-11ec-92fd-efd21528c340.html,0.0017101253452654608
zlib,nonmember,https://atlanticcityweekly.com/attheshore/dining/just-in-time-for-higher-temperatures-your-guide-to-summer-sippers/article_19d84b72-ea9f-11ec-86be-0b5fc0f7989a.html,0.0014318494689257064
zlib,nonmember,https://atlanticcityweekly.com/celeb-chef-returns-to-a-c-with-fast-casual-burger-concept/article_390335b8-c720-11ec-9d45-7f6f1d51a9c1.html,0.0019364506219626163
zlib,nonmember,https://atlanticcityweekly.com/attheshore/nightlife/5-reasons-to-check-out-bally-s-new-carousel-bar/article_ab7b524a-dc49-11ec-ae2b-476eee9f9a39.html,0.001615574067018258
zlib,nonmember,https://atlanticcityweekly.com/attheshore/nightlife/5-places-that-are-back-in-full-swing-for-the-summer/article_e01cca6a-d857-11ec-8c93-7376318e2ae8.html,0.001276915011434943
zlib,nonmember,https://atlanticcityweekly.com/attheshore/dining/south-jersey-prepares-for-burger-bash-v/article_f059c2f8-ba6a-11ec-86cc-0feeadbf5b22.html,0.003435703634060773
zlib,nonmember,https://atlanticcityweekly.com/arts_and_entertainment/5-things-to-know-about-the-pool-at-harrahs/article_104f1b66-29fc-11ed-9f19-e35d1ff1ec5e.html,0.0015960706204453405
zlib,nonmember,https://atlanticcityweekly.com/arts_and_entertainment/summer-s-unofficial-kickoff-is-a-weekend-worth-celebrating-in-south-jersey/article_ff365b40-db6e-11ec-8e7c-579040121510.html,0.0007338545759190936
zlib,nonmember,https://atlanticcityweekly.com/attheshore/nightlife/4-spots-to-pre-and-post-game-for-tidal-wave-festival/article_30a84ea0-17fa-11ed-902a-87cb86b85156.html,0.0019671836421057357
zlib,nonmember,https://atlanticcityweekly.com/060922-acw-acwcoverphotos/article_6d0dbac6-e67f-11ec-8c08-33ca211193ad.html,0.003911323148184643
zlib,nonmember,https://atlanticcityweekly.com/arts_and_entertainment/chili-knockout-spicy-food-fest-brings-the-burn-to-a-c/article_9c13a1e2-d5f3-11ec-97ae-ff9ff3d2735f.html,0.0009003412385600439
zlib,nonmember,https://atlanticcityweekly.com/serindipity3-brings-over-the-top-desserts-bites-drinks-and-celebrations-to-ocean-casino/article_c242df36-06d1-11ed-bd3a-d3243d1d9689.html,0.0009361068387056126
zlib,nonmember,https://atlanticcityweekly.com/arts_and_entertainment/a-full-lineup-of-new-bars-restaurants-and-gaming-concepts-are-headed-to-trop-this/article_95d249a2-bc06-11ec-a002-1f427fc39c74.html,0.001179903207760586
zlib,nonmember,https://atlanticcityweekly.com/attheshore/dining/two-seafood-buffets-bring-all-you-can-eat-options-to-family-fun-locations/article_1a52f9ec-f703-11ec-923f-f3b3c4c74a30.html,0.001436884294377909
zlib,nonmember,https://atlanticcityweekly.com/arts_and_entertainment/tito-puente-jr-brings-the-spirit-of-his-father-s-music-to-somers-point/article_d6312a58-dd22-11ec-81b2-2b7c78c6a543.html,0.001161189426348336
zlib,nonmember,https://atlanticcityweekly.com/attheshore/dining/ossu-japanese-tavern-the-latest-hit-in-trop-s-dining-re-imaginings/article_a4a4e780-2305-11ed-b86b-f7fbed36d9d7.html,0.0011181671239049722
zlib,nonmember,https://atlanticcityweekly.com/exit-zero-jazz-festival-celebrates-10th-anniversary-with-stellar-lineup/article_79ca0898-d07f-11ec-b72d-57b4112654bd.html,0.0012467900915094567
zlib,nonmember,https://atlanticcityweekly.com/arts_and_entertainment/the-genesis-show-brings-the-duke-tour-to-levoy-theatre/article_6e6de534-2a1e-11ed-b675-278865971c33.html,0.001136292185272797
zlib,nonmember,https://atlanticcityweekly.com/arts_and_entertainment/headliner-spotlight/article_25b9e83e-dd15-11ec-ba1c-5f176eaaf51b.html,0.0004238400897896479
zlib,nonmember,https://atlanticcityweekly.com/attheshore/dining/spring-is-here-but-there-are-no-rules-when-you-can-enjoy-any-type-of/article_da4ae6c0-d52e-11ec-8532-8b32fcab291c.html,0.0010261935861138737
zlib,nonmember,https://atlanticcityweekly.com/attheshore/events/the-right-notes-2022-honoring-jayne-bray/article_604c316a-1d65-11ed-9d98-ef6a3661c516.html,0.0012916888071569153
zlib,nonmember,https://atlanticcityweekly.com/attheshore/dining/sundaes-in-the-summer-at-drip-n-scoop/article_d5b56380-0f5b-11ed-9534-37f0085acc21.html,0.0018321216127780544
zlib,nonmember,https://atlanticcityweekly.com/arts_and_entertainment/local-winery-hosts-country-music-festival-for-holiday-weekend/article_f357144e-f6e5-11ec-aede-cb28e179b739.html,0.0026667590930598475
zlib,nonmember,https://atlanticcityweekly.com/arts_and_entertainment/headliner-spotlight/article_fcf61e50-0c2f-11ed-a30c-f31e9f370d76.html,0.00031176387653685005
zlib,nonmember,https://atlanticcityweekly.com/arts_and_entertainment/headliner-spotlight/article_aa4f44a2-ea9b-11ec-bd17-3bf49578de70.html,0.0003741589545307876
zlib,nonmember,https://atlanticcityweekly.com/attheshore/dining/from-crepes-to-quiche-asbury-kitchen-worth-checking-out/article_e6bfe950-01ed-11ed-9754-b33e90dc2edf.html,0.0013810162914435035
zlib,nonmember,https://atlanticcityweekly.com/attheshore/nightlife/crowd-size-day-of-the-week-all-the-same-for-slot-payouts/article_b05a8848-3294-11ed-b2a2-67c0a45d43e8.html,0.002127835441328685
zlib,nonmember,https://atlanticcityweekly.com/attheshore/dining/appy-hour-at-izzy-s-river-landing/article_fa90d9fa-e5ad-11ec-99d3-8b9f1c60ab4b.html,0.0011861727886888428
zlib,nonmember,https://atlanticcityweekly.com/arts_and_entertainment/legendary-comic-steven-wright-returns-to-a-c/article_7c1ef9f8-d603-11ec-aaae-4fb2b586c540.html,0.0007908367647210344
zlib,nonmember,https://atlanticcityweekly.com/attheshore/dining/appy-hour-at-laguna-grill-and-rum-bar/article_8694fefc-0ced-11ed-be23-7f78a7ad05c4.html,0.0011070967867033413
zlib,nonmember,https://atlanticcityweekly.com/attheshore/dining/manco-manco-opens-a-location-at-citizens-bank-park/article_73a4fae4-b433-11ec-a89b-7bc23b90aae1.html,0.0014916042638305144
zlib,nonmember,https://atlanticcityweekly.com/attheshore/dining/all-kinds-of-competition-are-set-to-go-down-at-burger-bash-v/article_024d63e2-e668-11ec-8c05-33a7aeb8c7e5.html,0.0017077915532375176
zlib,nonmember,https://atlanticcityweekly.com/arts_and_entertainment/headliner-spotlight/article_589ce962-0f4d-11ed-960a-875dd7e7bf05.html,0.00026748887660703693
zlib,nonmember,https://atlanticcityweekly.com/arts_and_entertainment/concert-review-the-black-crowes-tear-it-up-at-their-saturday-night-rock-n-roll/article_f150728e-fae2-11ec-9d5c-13f4f22ac4f4.html,0.0019646553431120215
zlib,nonmember,https://atlanticcityweekly.com/attheshore/headliners/headliner-spotlight/article_cbb08398-cf95-11ec-b3d9-1bac664d3da8.html,0.0002647098270242532
zlib,nonmember,https://atlanticcityweekly.com/attheshore/dining/sundaes-in-the-summer-at-royale-crown/article_9b039e3a-0693-11ed-a8ea-4f475c83bf28.html,0.0014269242259379554
zlib,nonmember,https://atlanticcityweekly.com/attheshore/dining/manco-manco-opens-a-location-at-citizen-bank-park/article_73a4fae4-b433-11ec-a89b-7bc23b90aae1.html,0.013092597479160209
zlib,nonmember,https://atlanticcityweekly.com/attheshore/dining/foodie-friendly-charity-events-come-to-south-jersey-this-week/article_18717df6-c57b-11ec-beb7-37e9a27b9977.html,0.001207561119038861
zlib,nonmember,https://atlanticcityweekly.com/attheshore/events/a-c-s-rock-fest-hosts-stacked-deck-of-bands-from-80s-to-present/article_33cf1976-e670-11ec-b19e-cfa8af8d150b.html,0.0006493835790980971
zlib,nonmember,https://atlanticcityweekly.com/attheshore/dining/on-a-roll-at-vic-s-subs/article_77674ad4-b9be-11ec-9989-9fc754b73f73.html,0.0016066481717187061
zlib,nonmember,https://atlanticcityweekly.com/attheshore/dining/appy-hour-at-buckets-margarita-bar-cantina/article_82e07804-f7b7-11ec-97a4-d7977ffabcbc.html,0.0013335258128000396
zlib,nonmember,https://atlanticcityweekly.com/arts_and_entertainment/a-weekend-full-of-firefighting-fun/article_5e519ab0-2f91-11ed-85a4-0f90314c111d.html,0.0017139386053401675
zlib,nonmember,https://atlanticcityweekly.com/attheshore/dining/our-picks-for-where-to-wine-and-dine-mom-this-mother-s-day/article_3aabea8c-caf3-11ec-8321-4347195e5772.html,0.0004995223558054376
zlib,nonmember,https://atlanticcityweekly.com/attheshore/dining/exit-zero-transforms-cape-may-s-ferry-park-into-a-destination-of-its-own/article_157671c4-d5fc-11ec-a0b8-577a3f86b352.html,0.0007618449930626463
zlib,nonmember,https://atlanticcityweekly.com/attheshore/events/3-places-to-grab-a-drink-and-watch-the-atlantic-city-airshow/article_6e32b418-1d72-11ed-bc12-93c14905474f.html,0.0024167513612778674
zlib,nonmember,https://atlanticcityweekly.com/attheshore/dining/andy-s-pizza-in-hammonton-is-buzzing-with-breakfast-brilliance/article_c8935cd0-c4c3-11ec-b8d2-c7357ffc7406.html,0.0007268172266514555
zlib,nonmember,https://atlanticcityweekly.com/attheshore/events/a-c-hosts-free-concerts-on-the-boardwalk-each-week-through-the-summer/article_a8636d5c-11b1-11ed-b46c-a330bbd45646.html,0.0011793560756426865
zlib,nonmember,https://atlanticcityweekly.com/arts_and_entertainment/jersey-legend-southside-johnny-enjoying-being-back-on-road-again/article_41fd3996-d532-11ec-a1f2-23a01a7a06b0.html,0.0008426882528446238
zlib,nonmember,https://atlanticcityweekly.com/blogs/casino_answer_man/cards-in-hand-have-impact-on-possibilities-for-draw/article_7e60a106-279a-11ed-bd8c-d7b304d0621a.html,0.0021384609556227108
zlib,nonmember,https://atlanticcityweekly.com/attheshore/events/5-places-to-hang-out-before-and-after-barefoot-music-fest-in-wildwoods/article_eba730f6-eb3e-11ec-94d0-4b237bc8099a.html,0.001108988480686261
zlib,nonmember,https://atlanticcityweekly.com/blogs/gaming_guru/millions-of-hands-played-few-never-to-be-forgotten/article_e543836e-1711-11ed-bf36-e3ec9f19b5b9.html,0.00220171665087945
zlib,nonmember,https://atlanticcityweekly.com/arts_and_entertainment/skato-with-kato-briefing/article_cd1d9382-e12a-11ec-ab7d-1f996f6c6c4d.html,0.004501239436879342
zlib,nonmember,https://atlanticcityweekly.com/attheshore/dining/building-the-perfect-labor-day-weekend/article_48f8d450-24a9-11ed-af6c-c32f9ee5e88f.html,0.0009387831878746414
zlib,nonmember,https://atlanticcityweekly.com/arts_and_entertainment/5-albums-to-play-before-summer-ends/article_1d614c2c-281f-11ed-ad42-0f92d2ee8cb4.html,0.0016554052760229545
zlib,nonmember,https://atlanticcityweekly.com/attheshore/dining/on-a-roll-at-the-cheese-board/article_3b455716-b415-11ec-9f7e-e7f83196c882.html,0.001864024779601963
zlib,nonmember,https://atlanticcityweekly.com/arts_and_entertainment/masters-of-illusion-brings-mind-bending-magic-mayhem-and-macabre-to-harrah-s/article_be92a904-f185-11ec-91fa-93917aee798b.html,0.0009177470717311074
zlib,nonmember,https://atlanticcityweekly.com/arts_and_entertainment/scaggs-brings-influential-trilogy-to-ocean-casino/article_b026bc54-0f4c-11ed-8de7-4b43cefbde9d.html,0.0008298247001195967
zlib,nonmember,https://atlanticcityweekly.com/arts_and_entertainment/melissa-manchester-brings-hits-to-benefit-south-jersey-arts/article_466d27fc-11d2-11ed-b952-ef7216fce5cf.html,0.000745841529058078
zlib,nonmember,https://atlanticcityweekly.com/attheshore/dining/on-a-roll-at-the-anchorage-tavern-in-somers-point/article_77775516-c27c-11ec-a433-b32d86fbf139.html,0.0014107000447302434
zlib,nonmember,https://atlanticcityweekly.com/attheshore/nightlife/5-places-to-dance-through-the-night/article_a81f8cb4-24a7-11ed-b5c4-879548f61a38.html,0.0017889856903673823
zlib,nonmember,https://atlanticcityweekly.com/arts_and_entertainment/north-wildwood-s-annual-festival-celebrating-live-blues-and-bbq-prepares-to-sizzle/article_79f48678-f95f-11ec-b70c-23f5571d3ed7.html,0.0013570846636196759
zlib,nonmember,https://atlanticcityweekly.com/attheshore/dining/don-t-behave-like-a-bunch-of-asses-make-sure-to-grab-your-burger-bash/article_7bc3ec16-cfc8-11ec-b4b3-97daa69de175.html,0.0017281503539691545
zlib,nonmember,https://atlanticcityweekly.com/after-a-bit-of-downtime-burlesque-show-returns-to-borgata-with-a-bang/article_c3de8278-d071-11ec-be94-87f487e52057.html,0.000899796573066773
zlib,nonmember,https://atlanticcityweekly.com/food_and_drink/few-spots-left-for-late-night-dining-in-atlantic-city/article_d30ca9d0-1d80-11ed-a0db-b79e22601e38.html,0.002122048567361503
zlib,nonmember,https://atlanticcityweekly.com/arts_and_entertainment/jazz-society-hosts-jazzy-warm-up-act-for-return-of-somers-point-s-biggest-fest/article_98a22448-bf64-11ec-bd5c-934a3d378c6e.html,0.0013437196134960974
zlib,nonmember,https://atlanticcityweekly.com/just_for_fun/stockton-s-walking-tours-return-to-showcase-a-c-s-rich-history/article_815dbe86-f962-11ec-8a5d-d7b7a687aa3d.html,0.0014683405365887873
zlib,nonmember,https://atlanticcityweekly.com/arts_and_entertainment/headliner-spotlight/article_4f613ad6-2539-11ed-b6fb-bbad2fc3e492.html,0.00031054433255519784
zlib,nonmember,https://atlanticcityweekly.com/arts_and_entertainment/south-jersey-is-hopping-with-holiday-events/article_b27181f2-b9a1-11ec-bad4-a712d3d7851a.html,0.0007193165042495167
zlib,nonmember,https://atlanticcityweekly.com/attheshore/nightlife/how-increased-tax-form-trigger-would-affect-big-slot-winners/article_7406dd5e-0118-11ed-9597-7fb9b7ff4ed0.html,0.0019569485173114693
zlib,nonmember,https://atlanticcityweekly.com/arts_and_entertainment/smithville-village-s-mayfest-means-another-weekend-of-fabulous-family-fun/article_13bcb0b6-d073-11ec-a0a9-2f8a6ba00476.html,0.0012976991208223764
zlib,nonmember,https://atlanticcityweekly.com/arts_and_entertainment/things-to-do-for-all-of-you/article_ae169994-e5b6-11ec-b9b5-2febcb289f1d.html,0.0004368391686987455
zlib,nonmember,https://atlanticcityweekly.com/arts_and_entertainment/phanatic-and-special-guests-to-visit-ocean-city-boardwalk-for-phillies-day-at-manco-manco/article_73cd4d64-eccd-11ec-acf9-5fc677e77d31.html,0.0042479250300804655
zlib,nonmember,https://atlanticcityweekly.com/5-wineries-to-visit-in-the-area-and-what-makes-them-so-special/article_0d567418-0c10-11ed-ad9c-33f405e1130a.html,0.0011119930918473235
zlib,nonmember,https://atlanticcityweekly.com/ats-cover-pics-42122/article_642b71ba-bf64-11ec-8269-a73d00580020.html,0.005208084099951447
zlib,nonmember,https://atlanticcityweekly.com/attheshore/dining/the-chicken-sandwich-wars-rage-on-picking-the-top-bird-in-a-fast-food-face/article_ebf74e30-287c-11ed-8ec0-6b410caf185a.html,0.001036782747817583
zlib,nonmember,https://atlanticcityweekly.com/attheshore/dining/5-reasons-to-check-out-bally-s-locally-loved-week/article_92adffda-b9bf-11ec-8b4e-cbb2ab99103f.html,0.0014150531177639183
zlib,nonmember,https://atlanticcityweekly.com/blogs/casino_answer_man/player-yearns-for-charlies-after-push-on-low-card-run/article_f086b05a-c3df-11ec-8992-cb2f82f753b3.html,0.0020267068722106714
zlib,nonmember,https://atlanticcityweekly.com/ossu-japanese-tavern-the-latest-hit-in-trop-s-dining-re-imaginings/article_7b69408a-2311-11ed-bf76-e7ce6912d77f.html,0.001106900849845444
zlib,nonmember,https://atlanticcityweekly.com/attheshore/nightlife/can-you-own-your-own-slot-machine-rules-depend-on-your-home-state/article_6aeaeb78-e595-11ec-862f-0f3f1283a5b3.html,0.0017483970959682354
zlib,nonmember,https://atlanticcityweekly.com/arts_and_entertainment/5-questions-with-kenny-wayne-shepherd/article_00722c30-1d6b-11ed-8db7-8fed48dfef86.html,0.001517072483040329
zlib,nonmember,https://atlanticcityweekly.com/attheshore/dining/a-q-a-with-chef-bob-hettmannsperger-of-essl-s-dugout/article_ae69b5c0-29fe-11ed-a990-b3d4c8745473.html,0.0014677170850236204
zlib,nonmember,https://atlanticcityweekly.com/attheshore/nightlife/blackjack-bob-gives-thumbs-up-to-zappit-as-change-of-pace-game/article_6331b29a-0c14-11ed-9a5b-8f193fdf89de.html,0.0019774426698659178
zlib,nonmember,https://atlanticcityweekly.com/arts_and_entertainment/all-you-need-to-know-about-ocean-s-draft-day-party/article_fc25aea2-c4bb-11ec-aadb-872a80550e92.html,0.0021804053011182847
zlib,nonmember,https://atlanticcityweekly.com/arts_and_entertainment/iconic-director-john-waters-brings-one-man-show-to-a-c/article_2bd684a2-bf33-11ec-a0ee-8baf97f08373.html,0.0005678961875343013
zlib,nonmember,https://atlanticcityweekly.com/arts_and_entertainment/after-a-bit-of-downtime-burlesque-show-returns-to-borgata-with-a-bang/article_3c0365e6-cf93-11ec-9224-0f2e5d59fbe9.html,0.000899796573066773
zlib,nonmember,https://atlanticcityweekly.com/attheshore/nightlife/weekly-horoscopes/article_5d46207e-0c27-11ed-b9ee-2f15b9ca8857.html,0.003334180407356756
zlib,nonmember,https://atlanticcityweekly.com/arts_and_entertainment/headliner-spotlight/article_3afa4f60-c27e-11ec-b1f4-a3f8f9e8d0e8.html,0.00022646375631612097
zlib,nonmember,https://atlanticcityweekly.com/attheshore/dining/on-a-roll-at-sack-o-subs/article_4cb4c374-d530-11ec-9ead-671ddc51a979.html,0.0016446791064515206
zlib,nonmember,https://atlanticcityweekly.com/attheshore/dining/serindipity3-brings-over-the-top-desserts-bites-drinks-and-celebrations-to-ocean-casino/article_8a7359ba-06bc-11ed-b98e-c328deb3af2e.html,0.0009280489718134315
zlib,nonmember,https://atlanticcityweekly.com/attheshore/nightlife/table-game-jackpot-odds-vary-with-number-of-decks/article_cdd61a1c-ca0d-11ec-a3ec-cb06dd7d0a56.html,0.002328256772484495
zlib,nonmember,https://atlanticcityweekly.com/weekly-horoscopes/article_e2effe24-b46c-11ec-9f20-4bc684f93741.html,0.003184472655575264
zlib,nonmember,https://atlanticcityweekly.com/attheshore/dining/cape-may-s-taco-caballito-shines-bright-under-youthful-new-owners/article_f5c9dfae-ddbd-11ec-ae69-6f7ec70da37a.html,0.0007643557055449834
zlib,nonmember,https://atlanticcityweekly.com/attheshore/nightlife/5-places-to-grab-a-hot-dog-and-a-beer/article_8480b660-004a-11ed-a89b-4b1be25b1460.html,0.0011410502781303107
zlib,nonmember,https://atlanticcityweekly.com/arts_and_entertainment/headliner-spotlight/article_abe4b70e-ef3a-11ec-a5e0-8f37627ae22f.html,0.0003303550735131555
zlib,nonmember,https://atlanticcityweekly.com/attheshore/dining/sundaes-in-the-summer-at-juli-s-pink-ice-cream/article_ec9cfb2a-2fa0-11ed-8a0c-3b1069c99b29.html,0.0021934781099873317
zlib,nonmember,https://atlanticcityweekly.com/attheshore/dining/burger-bash-v-returns-to-the-nugget/article_aaba2af2-c268-11ec-965b-0f8c63cf301d.html,0.0020575567849208686
zlib,nonmember,https://atlanticcityweekly.com/arts_and_entertainment/headliner-spotlight/article_0f4bec20-bd0b-11ec-b4c6-a731583a4d92.html,0.0003716319651705743
zlib,nonmember,https://atlanticcityweekly.com/attheshore/dining/ain-t-no-cure-but-the-summertime-brews/article_fe207d9a-f95e-11ec-8919-37bb230ee72e.html,0.0011093139213459136
zlib,nonmember,https://atlanticcityweekly.com/arts_and_entertainment/5-questions-with-stephen-pearcy-the-voice-of-ratt/article_08cadc6a-e73d-11ec-ac95-ab0868cf1084.html,0.0013973885203080092
zlib,nonmember,https://atlanticcityweekly.com/arts_and_entertainment/ocean-casino-hosts-a-night-celebrating-the-chairman-of-the-board/article_fec0f628-2288-11ed-9ee8-bb5a6341d8c3.html,0.0008534909879603903
zlib,nonmember,https://atlanticcityweekly.com/arts_and_entertainment/things-to-do-for-all-of-you/article_6840bbda-b9b9-11ec-bb54-537b52472319.html,0.0006519732150105177
zlib,nonmember,https://atlanticcityweekly.com/attheshore/nightlife/5-reasons-to-check-out-classic-rewind-weekend-at-showboat/article_d7a535c2-f0ba-11ec-8a23-ffce935db711.html,0.0017539363232825195
zlib,nonmember,https://atlanticcityweekly.com/arts_and_entertainment/things-to-do-for-all-of-you/article_813e288e-0c43-11ed-bdda-139c52738ac7.html,0.00021908027856883683
zlib,nonmember,https://atlanticcityweekly.com/arts_and_entertainment/somers-point-s-biggest-festival-rises-again-as-bayfest-returns-for-2022/article_98afea96-c4c4-11ec-80b8-57ec3b1efe8e.html,0.0009740388238208835
zlib,nonmember,https://atlanticcityweekly.com/arts_and_entertainment/a-c-beer-music-fest-returns-to-bader-field-for-another-year-in-the-sun/article_f0581b2c-e0e1-11ec-bd7b-73bc9dff5623.html,0.0007784566226356704
zlib,nonmember,https://atlanticcityweekly.com/sponsored/north-beach-atlantic-city-fireworks-celebration-set-for-july-1/article_0003cb8e-ebff-11ec-bc67-dfcb4a2b74e6.html,0.0027728060697845554
