method,membership,doc_id,score
loss,member,https://www.ydr.com/story/news/2022/05/02/york-county-will-not-offer-drop-box-for-voters-to-return-mail-ballots/65353056007/,2.0147605991083664
loss,member,https://www.ydr.com/story/news/crime/2022/05/23/dover-township-man-charged-in-shooting-at-the-walmart-in-northern-york-county/65357213007/,2.019916170709682
loss,member,https://www.ydr.com/restricted/?return=https%3A%2F%2Fwww.ydr.com%2Fstory%2Fnews%2F2022%2F04%2F27%2Fex-york-county-911-employee-discrimination-wrongful-termination-lawsuit%2F65351908007%2F,0.21680067995554234
loss,member,https://www.ydr.com/restricted/?return=https%3A%2F%2Fwww.ydr.com%2Fstory%2Fnews%2F2022%2F06%2F08%2Fthis-small-central-pa-town-grew-like-crazy-during-the-pandemic-mechanicsburg%2F65358412007%2F,0.13097711271997775
loss,member,https://www.ydr.com/story/opinion/2022/08/23/york-pa-s-market-street-parking-garage-tells-50-year-tale-of-change/65415733007/,3.5398508332519842
loss,member,https://www.ydr.com/story/sports/high-school/lacrosse-girls/2022/05/26/district-3-lacrosse-twin-valley-tops-york-catholic-for-2a-girls-title/65357508007/,2.3829319979610304
loss,member,https://www.ydr.com/story/sports/outdoors/2022/07/19/world-record-butterfly-ray-caught-by-camp-hill-pa-bow-angler-jeremy-gipe/65374856007/,2.708646045191312
loss,member,https://www.ydr.com/story/news/politics/2022/04/24/primary-election-2022-heres-who-is-running-pa-94th-state-house-seat/65350262007/,2.5073095484648222
loss,member,https://www.ydr.com/story/sports/college/penn-state/football/2022/09/10/penn-state-football-ohio-bobcats-nicholas-singleton-drew-allar-kaytron-allen/66779446007/,3.184492926761552
loss,member,https://www.ydr.com/story/sports/high-school/2022/06/16/yaiaa-girls-lacrosse-coaches-name-2022-league-all-stars/65361380007/,2.3067307021691623
loss,member,https://www.ydr.com/story/news/2022/07/19/pa-moves-water-quality-and-saving-the-chesapeake-to-the-front-burner/65374281007/,2.447784817661572
loss,member,https://www.ydr.com/story/news/2022/08/19/harley-davidson-iam-union-new-contract-york-pennsylvania-plant/65410302007/,2.544708277149487
loss,member,https://www.ydr.com/story/news/crime/2022/05/31/man-sentenced-prison-aggravated-assault-attack-meredith-keltner-north-codorus-township-york-county/65357791007/,2.199931752917226
loss,member,https://www.ydr.com/story/news/crime/2022/07/26/tyrell-dotson-convicted-of-murder-for-death-of-willmar-santos-batista/65378028007/,2.524560701495259
loss,member,https://www.ydr.com/restricted/?return=https%3A%2F%2Fwww.ydr.com%2Fstory%2Fsports%2Fhigh-school%2F2022%2F05%2F23%2Fthe-top-baseball-and-softball-players-in-the-district-3-playoffs%2F65356526007%2F,0.10471960920183516
loss,member,https://www.ydr.com/restricted/?return=https%3A%2F%2Fwww.ydr.com%2Fstory%2Fnews%2Fcrime%2F2022%2F04%2F06%2Fwoman-found-guilty-keeping-remains-grandmother-freezer-social-security-york-county%2F65347682007%2F,0.10471960920183516
loss,member,https://www.ydr.com/restricted/?return=https%3A%2F%2Fwww.ydr.com%2Fstory%2Fnews%2Fwatchdog%2F2022%2F05%2F11%2Fyork-shooting-tony-wasilewski-2014-not-guilty%2F65350885007%2F,0.10471960920183516
loss,member,https://www.ydr.com/story/news/2022/05/06/voter-intimidation-delayed-primary-results-possible-pa-official-says/65353837007/,2.3448801194803437
loss,member,https://www.ydr.com/story/news/2022/04/13/pa-state-house-passes-bill-against-trans-girls-in-girls-sports/65349966007/,0.2445942788469413
loss,member,https://www.ydr.com/story/news/crime/2022/05/03/york-county-police-departments-struggle-to-find-new-and-diverse-hires/65352123007/,2.6430240717621927
loss,member,https://www.ydr.com/story/news/crime/2022/04/14/three-die-two-separate-shootings-york-pa-this-week/65349623007/,1.819452359111991
loss,member,https://www.ydr.com/story/sports/college/penn-state/football/2022/04/18/penn-state-eric-wilson-journey-nfl-draft-2022/65347360007/,3.155311480658874
loss,member,https://www.ydr.com/story/news/local/2022/04/15/pennsylvania-supreme-court-suspends-law-license-york-attorney-clarence-allen/65350197007/,2.0915727429714255
loss,member,https://www.ydr.com/story/news/2022/04/21/interstate-81-accident-pa-police-release-names-six-who-died/65351243007/,2.240486936948883
loss,member,https://www.ydr.com/story/news/2022/06/14/hurricane-agnes-flood-1972-devastated-central-pennsylvania-heavy-rain-flooding/65359285007/,2.5290556973211915
loss,member,https://www.ydr.com/restricted/?return=https%3A%2F%2Fwww.ydr.com%2Fstory%2Fsports%2Fhigh-school%2Ftrack%2F2022%2F05%2F18%2Fpiaa-track-and-field-70-athletes-to-watch-in-district-3-meet%2F65355844007%2F,0.10471960920183516
loss,member,https://www.ydr.com/story/sports/college/penn-state/football/2022/06/09/penn-state-football-nick-singleton-kaytron-allen-lead-james-franklin/65359587007/,2.828349226837515
loss,member,https://www.ydr.com/story/news/2022/07/13/left-bank-restaurant-bar-eatery-downtown-york-pa-for-sale/65372564007/,2.5942794907092734
loss,member,https://www.ydr.com/story/sports/high-school/basketball-girls/2022/07/05/new-west-york-and-spring-grove-basketball-york-college-coaches-started-at-same-place/65364925007/,2.619963285433437
loss,member,https://www.ydr.com/story/news/local/2022/09/16/springettsbury-township-man-dies-25-days-after-2-vehicle-crash/69497262007/,2.0770594051983866
loss,member,https://www.ydr.com/restricted/?return=https%3A%2F%2Fwww.ydr.com%2Fin-depth%2Fsports%2F2022%2F06%2F15%2F22-women-who-changed-york-adams-sports-before-after-title-ix%2F65351069007%2F,0.14190176102702567
loss,member,https://www.ydr.com/restricted/?return=https%3A%2F%2Fwww.ydr.com%2Fstory%2Fnews%2Fcrime%2F2022%2F04%2F07%2Fman-sentenced-prison-two-deadly-drug-overdoses-york-county%2F65347700007%2F,0.10471960920183516
loss,member,https://www.ydr.com/story/sports/high-school/football/2022/06/06/central-york-football-players-continue-to-pick-up-division-i-offers/65358420007/,2.542887518998546
loss,member,https://www.ydr.com/story/news/2022/08/04/york-police-turn-to-the-community-for-ideas-to-reduce-gun-violence/65388415007/,2.7746341430128147
loss,member,https://www.ydr.com/story/opinion/2022/06/21/york-aauw-at-50-group-resets-for-new-chapter-of-its-story/65362223007/,3.214813921130955
loss,member,https://www.ydr.com/story/sports/college/penn-state/football/2022/08/08/penn-state-football-coaches-poll-big-ten-james-franklin/65395659007/,2.3678650977480618
loss,member,https://www.ydr.com/story/news/2022/07/27/york-state-fair-ride-inspections-what-you-need-to-know/65382750007/,2.5844618931874566
loss,member,https://www.ydr.com/story/news/local/2022/07/11/york-state-fair-july-22-31-details-admission-tickets-parking-hours-and-more/65364021007/,2.363674942648465
loss,member,https://www.ydr.com/story/news/2022/07/12/rep-scott-perry-proud-boys-leader-zachary-rehl-implicated-jan-6-testimony/65372007007/,2.040076725382986
loss,member,https://www.ydr.com/story/sports/high-school/track-girls/2022/06/21/laila-campbell-wins-100-meter-dash-at-new-balance-nationals/65362272007/,2.2457784236424274
loss,member,https://www.ydr.com/story/sports/college/penn-state/football/2022/09/08/penn-state-big-ten-and-college-football-ohio-james-franklin/65742707007/,2.1726054679882947
loss,member,https://www.ydr.com/story/news/2022/04/06/lake-williams-dam-built-in-1911-is-being-demolished/65348530007/,2.9638440343981416
loss,member,https://www.ydr.com/story/news/2022/06/22/rich-wurzbach-of-mrg-labs-invented-a-blood-test-for-machines/65352146007/,2.8217096478246204
loss,member,https://www.ydr.com/story/news/2022/06/30/child-found-dead-pool-campground-southern-york-county-pa-after-going-missing/65365256007/,2.1165875828824183
loss,member,https://www.ydr.com/story/news/local/2022/06/23/judge-rules-favor-york-mayor-michael-helfrich-over-oath-office-henry-nixon/65363082007/,2.5548771510434345
loss,member,https://www.ydr.com/story/news/2022/05/12/jan-6-panel-subpoenas-us-rep-scott-perry/65355153007/,0.6326180403024224
loss,member,https://www.ydr.com/story/news/2022/07/25/mechanicsburg-man-dies-in-two-vehicle-crash-in-dover-township-police-say/65382145007/,1.8074280459477992
loss,member,https://www.ydr.com/story/sports/college/penn-state/football/2022/09/06/penn-state-college-football-big-ten-ohio-james-franklin-nick-singleton/65474170007/,3.278033197842652
loss,member,https://www.ydr.com/story/sports/high-school/2022/05/23/district-3-volleyball-results-scores-from-class-3a-2a-tournaments/65357229007/,1.4518661386131977
loss,member,https://www.ydr.com/restricted/?return=https%3A%2F%2Fwww.ydr.com%2Fin-depth%2Fnews%2F2022%2F06%2F13%2Fphilanthropy-nonprofits-york-county-most-influential-people-charity-giving%2F65352045007%2F,0.14190176102702567
loss,member,https://www.ydr.com/story/news/local/2022/09/09/tech-company-buys-york-continental-square-citizens-bank-property/67309566007/,3.0058398986155743
loss,member,https://www.ydr.com/story/news/politics/elections/2022/07/03/protesters-at-york-rally-want-scott-perry-gone-from-congress/65366404007/,2.3909522567931583
loss,member,https://www.ydr.com/restricted/?return=https%3A%2F%2Fwww.ydr.com%2Fstory%2Fnews%2F2022%2F04%2F21%2Fyork-restaurant-inspections-one-out-of-compliance%2F65350038007%2F,0.10471960920183516
loss,member,https://www.ydr.com/story/news/2022/05/02/yorks-mothers-day-street-fair-was-canceled-but-theres-an-alternative-alexandria-keener-beaver-street/65352175007/,2.6547288542889684
loss,member,https://www.ydr.com/story/sports/high-school/baseball/2022/06/02/district-3-baseball-east-pennsboro-beats-littlestown-for-4a-title/65358498007/,2.2861552180063245
loss,member,https://www.ydr.com/restricted/?return=https%3A%2F%2Fwww.ydr.com%2Fstory%2Fnews%2Fwatchdog%2F2022%2F05%2F03%2Fmedical-marijuana-zero-tolerance-dui-pennsylvania%2F65352215007%2F,0.10471960920183516
loss,member,https://www.ydr.com/story/news/2022/07/18/york-state-fair-2022-guide-to-what-to-eat/65373031007/,2.8520412338946253
loss,member,https://www.ydr.com/story/opinion/columnists/2022/05/17/reporter-katia-parks-shares-insights-to-york-pa-violence/65350927007/,2.910405091268445
loss,member,https://www.ydr.com/story/sports/high-school/football/2022/05/10/jon-scepanski-leaves-northeastern-to-take-conestoga-valley-football-job/65354649007/,2.197134621669344
loss,member,https://www.ydr.com/story/news/2022/07/06/pennsylvania-residents-among-those-arrested-u-s-capitol-insurrection/4331778001/,2.1820266807632986
loss,member,https://www.ydr.com/story/news/politics/2022/05/18/jeff-piccola-chairman-of-york-county-gop-resigns/65356063007/,2.4767483329683597
loss,member,https://www.ydr.com/story/news/2022/05/17/york-county-2022-democratic-republican-primary-race-results-today/65355341007/,1.9098009273905372
loss,member,https://www.ydr.com/story/sports/high-school/football/2022/09/13/sam-stoner-jahiem-white-closing-in-on-york-high-william-penn-football-records/69487731007/,2.607471014863575
loss,member,https://www.ydr.com/story/news/2022/08/10/fat-daddys-nightclub-closes-auctioning-off-everything-in-york-pa-springettsbury/65395677007/,2.9359396877059383
loss,member,https://www.ydr.com/story/sports/college/penn-state/football/2022/04/28/greatest-penn-state-catches-receivers-jahan-dotson-jameson-williams/65352118007/,2.723228145307151
loss,member,https://www.ydr.com/story/opinion/2022/07/26/these-key-projects-would-boost-quality-of-life-in-york-county/65383602007/,3.2134802851411397
loss,member,https://www.ydr.com/story/news/2022/04/27/congressman-scott-perry-new-text-reveals-more-about-attempt-to-change-2020-presidential-election-res/65352246007/,1.9509380709600403
loss,member,https://www.ydr.com/story/news/2022/09/08/the-best-dive-bars-in-york-county-pa-here-are-6-to-check-out/65475324007/,2.9485899094188572
loss,member,https://www.ydr.com/story/news/crime/2022/07/12/jaquez-brown-suspect-york-murder-shaheim-carr-recently-freed-prison/65371037007/,2.4372148481658966
loss,member,https://www.ydr.com/restricted/?return=https%3A%2F%2Fwww.ydr.com%2Fstory%2Fnews%2F2022%2F06%2F07%2Fnew-species-yorkicystis-haefneri-discovered-dig-fossils-york-pa%2F65357621007%2F,0.13097711271997775
loss,member,https://www.ydr.com/story/sports/high-school/football/2022/05/31/west-yorks-terry-bupp-elected-to-pennsylvania-football-coaches-hall-of-fame/65357624007/,2.551297958049754
loss,member,https://www.ydr.com/story/sports/high-school/basketball-boys/2022/05/03/piaa-schools-vote-against-adding-a-shot-clock-to-high-school-basketball/65353578007/,2.5318054054507915
loss,member,https://www.ydr.com/story/news/2022/06/29/the-haines-shoe-house-in-york-county-will-become-an-airbnb/65364374007/,2.4277141534004003
loss,member,https://www.ydr.com/story/news/2022/05/04/meltdown-three-mile-island-airs-on-netflix/65353510007/,2.680927376119263
loss,member,https://www.ydr.com/story/opinion/2022/09/06/restoring-yorks-potters-field-do-it-yourself-urbanism/65474708007/,3.2155060072961352
loss,member,https://www.ydr.com/story/news/2022/04/07/central-pennsylvania-to-receive-rain-today-national-weather-service-says/65348821007/,2.896589505053549
loss,member,https://www.ydr.com/story/news/2022/05/16/severe-thunderstorm-watch-issued-central-pa-tornado-possible/65355765007/,2.305175337885957
loss,member,https://www.ydr.com/story/news/politics/2022/04/11/dr-oz-senate-campaign-trump-endorsement/65349165007/,2.338368383634399
loss,member,https://www.ydr.com/story/sports/college/penn-state/football/2022/04/29/nfl-draft-washington-commanders-penn-states-receiver-jahan-dotson-in-first-round/65352135007/,2.472883148999797
loss,member,https://www.ydr.com/story/sports/college/penn-state/2022/04/24/penn-state-james-franklin-sean-clifford-lead-psu-at-blue-white-game/65351312007/,3.0361332443885685
loss,member,https://www.ydr.com/story/sports/college/penn-state/2022/04/23/penn-state-football-blue-white-game-with-james-franklin-drew-allar/65351234007/,2.8587538590801507
loss,member,https://www.ydr.com/story/news/crime/2022/06/15/spring-garden-township-man-charged-with-fatally-stabbing-pregnant-woman-in-york-in-may/65361137007/,2.125692060980142
loss,member,https://www.ydr.com/story/sports/high-school/basketball-girls/2022/07/11/gettysburg-star-named-gametimepa-yaiaa-girls-athlete-of-the-year/65370388007/,2.355955743449576
loss,member,https://www.ydr.com/story/sports/high-school/2022/05/23/select-gametimepa-yaiaa-athletes-of-the-week-for-may-16-to-may-21/65357145007/,2.2684429617179767
loss,member,https://www.ydr.com/story/news/2022/05/09/york-county-bakery-collects-donations-to-support-ukrainian-refugees/65353063007/,2.5643429080324176
loss,member,https://www.ydr.com/story/news/2022/04/12/white-clover-farm-stand-in-hellam-spurred-by-pandemic-food-supply-issues/65347398007/,2.831526858142697
loss,member,https://www.ydr.com/story/sports/high-school/football/2022/08/27/yaiaa-football-week-1-york-high-loses-thriller-central-york-gets-big-win/65457937007/,2.6736682504486597
loss,member,https://www.ydr.com/story/sports/college/penn-state/football/2022/08/29/penn-state-football-big-ten-purdue-boilermakers-nick-singleton/65461401007/,3.1570608399476843
loss,member,https://www.ydr.com/story/news/local/2022/06/22/central-pa-braces-severe-thunderstorms-across-states-md-dc-wva-va-wednesday-evening-9-pm/65362654007/,2.484686742684677
loss,member,https://www.ydr.com/story/news/crime/2022/06/20/york-pa-woman-sentenced-hiding-grandmother-body-freezer-social-security/65361623007/,2.596280065206781
loss,member,https://www.ydr.com/story/news/local/2022/05/26/veterans-memorial-gold-star-garden-memorial-day-event-honoring-wwi-kia/65354618007/,2.794952444213801
loss,member,https://www.ydr.com/story/news/crime/2022/04/15/man-dies-after-being-shot-during-fight-outside-home-in-adams-county/65350257007/,2.224327468111361
loss,member,https://www.ydr.com/story/news/local/2022/07/29/multiple-casualties-chanceford-township-crash-york-county-traffic-collision/65386614007/,2.227649242441077
loss,member,https://www.ydr.com/story/opinion/2022/05/03/new-life-for-hanover-trolley-rails/65353555007/,2.9791373259152363
loss,member,https://www.ydr.com/story/news/2022/05/13/infant-found-dead-east-berlin-mother-ashley-decker-charged/65355254007/,1.8748056181523838
loss,member,https://www.ydr.com/story/news/local/2022/07/18/reverend-adrian-boxley-appointed-york-city-district-justice-by-state/65371722007/,2.80633859386095
loss,member,https://www.ydr.com/story/news/2022/05/03/give-local-york-24-hours-of-fundraising-right-around-the-corner/65353091007/,2.8426620055602423
loss,member,https://www.ydr.com/story/news/nation/2022/07/06/michael-lopatic-of-lancaster-dead-one-year-after-insurrection-arrest/65367853007/,2.0390261775747818
loss,member,https://www.ydr.com/story/sports/high-school/football/2022/08/27/central-pa-high-school-football-yaiaa-scores-results-highlights-from-week-1/65419140007/,2.441491089317493
loss,member,https://www.ydr.com/story/news/2022/09/12/pa-drivers-will-get-new-licenses-with-enhanced-security-features/69486893007/,2.1970170978723913
loss,member,https://www.ydr.com/story/sports/college/penn-state/football/2022/09/10/penn-state-football-score-vs-ohio-university-bobcats-big-ten-nick-singleton/66758652007/,2.9559520529154226
loss,member,https://www.ydr.com/story/news/crime/2022/05/23/murder-suicide-deadly-shooting-gunfire-mar-weekend-in-york-county/65356861007/,2.0582372007419436
loss,member,https://www.ydr.com/story/opinion/2022/04/12/2-century-old-st-paul-lebanon-lutheran-church-illustrates-easter-message/65349861007/,3.13902557300208
loss,member,https://www.ydr.com/story/opinion/2022/04/19/100-year-old-catholic-womans-club-in-york-draws-strength-from-its-past/65350914007/,3.0927024233537996
loss,member,https://www.ydr.com/story/sports/high-school/baseball/2022/06/09/piaa-baseball-delone-catholic-tops-schuylkill-haven-to-reach-2a-semis/65359966007/,2.4545764810815722
loss,member,https://www.ydr.com/story/news/crime/2022/05/26/york-county-district-attorney-drops-charges-co-defendant-attack-north-codorus-township/65357291007/,1.9977135808262958
loss,member,https://www.ydr.com/story/sports/college/penn-state/football/2022/08/07/penn-state-football-3-things-to-learn-about-2022-big-ten-season/65393638007/,2.7263896473406373
loss,member,https://www.ydr.com/story/sports/college/penn-state/football/2022/06/02/drew-hartlaub-hanover-leaves-carolina-panthers-injury-concussions/65358206007/,2.8263328577913587
loss,member,https://www.ydr.com/restricted/?return=https%3A%2F%2Fwww.ydr.com%2Fstory%2Fnews%2F2022%2F05%2F10%2Fcould-mental-health-experts-prevented-killing-of-lebanon-police-lt-william-lebo%2F65352523007%2F,0.10471960920183516
loss,member,https://www.ydr.com/restricted/?return=https%3A%2F%2Fwww.ydr.com%2Fstory%2Fsports%2Fhigh-school%2F2022%2F05%2F24%2Fnil-name-image-likeness-deals-could-be-headed-piaa-what-it-means-pa-high-school%2F65354558007%2F,0.1171446461991056
loss,member,https://www.ydr.com/story/news/2022/05/24/brian-korte-york-haven-lynwood-nester-dillsburg-charged-capitol-riots/65357319007/,2.642363793364725
loss,member,https://www.ydr.com/story/opinion/2022/06/23/trovestreet-a-new-way-to-learn-about-aging-in-york-county/65362833007/,2.6822012861829654
loss,member,https://www.ydr.com/story/opinion/2022/05/11/mifflin-house-preservation-latest-land-use-battle-in-eastern-york-county/65354943007/,3.00206466337816
loss,member,https://www.ydr.com/story/news/2022/08/02/pennsylvania-turnpike-tolls-increase-by-5-percent-january-e-zpass-pa-turnpike-hike/65389692007/,2.1508248624938555
loss,member,https://www.ydr.com/story/sports/college/penn-state/football/2022/08/02/psu-football-games-nittany-lions-james-franklin-sean-clifford/65385455007/,3.3874158154223712
loss,member,https://www.ydr.com/restricted/?return=https%3A%2F%2Fwww.ydr.com%2Fstory%2Fnews%2Fwatchdog%2F2022%2F04%2F20%2Fc-sau-prison-trainer-testifies-unemployed-exaggerated-business-jospha-garcia%2F65350079007%2F,0.10471960920183516
loss,member,https://www.ydr.com/restricted/?return=https%3A%2F%2Fwww.ydr.com%2Fstory%2Fsports%2Fhigh-school%2Fbaseball%2F2022%2F04%2F13%2Fhigh-school-sports-baseball-at-york-high-in-the-yaiaa-puerto-rico%2F65345438007%2F,0.10471960920183516
loss,member,https://www.ydr.com/restricted/?return=https%3A%2F%2Fwww.ydr.com%2Fstory%2Fnews%2Fcrime%2F2022%2F05%2F06%2Fmothers-day-struggle-for-those-who-have-lost-children-parents%2F65353690007%2F,0.10471960920183516
loss,member,https://www.ydr.com/story/sports/2022/05/05/toronto-blue-jays-call-up-delone-catholic-grad-casey-lawrence/65353814007/,2.1320421272105308
loss,member,https://www.ydr.com/story/news/politics/elections/2022/05/26/politico-mark-meadows-burned-papers-after-meeting-with-scott-perry/65357627007/,2.1890730317006897
loss,member,https://www.ydr.com/story/sports/high-school/2022/04/25/select-gametimepa-yaiaa-athletes-of-the-week-for-april18-to-april-23/65351891007/,2.3080836189348637
loss,member,https://www.ydr.com/story/news/2022/04/08/york-county-food-bank-is-moving-its-operations-out-of-the-former-kmart-store/65348695007/,2.4264968053567846
loss,member,https://www.ydr.com/story/opinion/2022/05/23/pas-farmers-municipalities-pay-for-legislatures-inaction-on-clean-water/65357214007/,2.8770848237988815
loss,member,https://www.ydr.com/restricted/?return=https%3A%2F%2Fwww.ydr.com%2Fstory%2Fnews%2Flocal%2F2022%2F06%2F13%2Ftasalina-young-memory-daughter-dyamond-helps-others-in-york-pa%2F65356517007%2F,0.14190176102702567
loss,member,https://www.ydr.com/story/news/local/2022/07/18/pa-backing-historic-small-restaurants-grant-awarded-harmony-inn/65371204007/,2.875392013659905
loss,member,https://www.ydr.com/story/news/2022/04/20/senator-jake-corman-eyes-pa-governors-office-after-23-years-in-dc/65348987007/,2.1941016008701437
loss,member,https://www.ydr.com/story/news/2022/06/30/cheap-gas-what-is-e15-unleaded-88-and-e85-is-it-safe-to-use-in-cars-boats-vehicles-sheetz/65364424007/,2.373694650815321
loss,member,https://www.ydr.com/restricted/?return=https%3A%2F%2Fwww.ydr.com%2Fstory%2Fnews%2F2022%2F04%2F07%2Fpa-speed-cameras-work-zones-tickets-tossed-after-error-found%2F65345082007%2F,0.10471960920183516
loss,member,https://www.ydr.com/story/sports/high-school/2022/05/09/select-gametimepa-yaiaa-athletes-of-the-week-formay-2-to-may-7/65354485007/,2.334509289687882
loss,member,https://www.ydr.com/story/sports/high-school/softball/2022/07/06/piaa-softball-coaches-select-states-top-players/65365518007/,2.4471545773772587
loss,member,https://www.ydr.com/story/sports/high-school/football/2022/08/22/central-pa-football-schedule-scores-york-adams-2022-season/65409218007/,1.0339565324003928
loss,member,https://www.ydr.com/story/sports/college/2022/03/31/ncaa-gymnastic-regionals-how-to-watch-the-action-from-4-competitions/65347499007/,2.3898255365689116
loss,member,https://www.ydr.com/story/news/2022/07/29/one-killed-building-collapse-adams-county-central-pa-farm-state-police-say/65386328007/,2.471738168659674
loss,member,https://www.ydr.com/story/news/2022/09/14/pa-residents-with-criminal-records-could-get-help/69491572007/,2.67745913842959
loss,member,https://www.ydr.com/story/news/crime/2022/05/18/york-city-police-investigating-womans-overnight-death-as-homicide/65356359007/,1.966110906790321
loss,member,https://www.ydr.com/restricted/?return=https%3A%2F%2Fwww.ydr.com%2Fstory%2Fnews%2F2022%2F04%2F21%2Fcomings-and-goings-eco-friendly-store-opens-in-york-coffee-shop-closes%2F65351060007%2F,0.10471960920183516
loss,member,https://www.ydr.com/restricted/?return=https%3A%2F%2Fwww.ydr.com%2Fstory%2Fnews%2F2022%2F05%2F11%2Fthe-york-and-adams-county-real-estate-markets-are-still-pretty-hot%2F65354554007%2F,0.10471960920183516
loss,member,https://www.ydr.com/story/news/local/2022/09/06/fall-festivals-and-family-friendly-activities-in-york-county/65419910007/,2.1823934807758647
loss,member,https://www.ydr.com/story/sports/high-school/2022/04/18/select-gametimepa-yaiaa-athletes-of-the-week-for-april-11-16/65350764007/,2.3663075001393867
loss,member,https://www.ydr.com/story/news/2022/04/26/man-dies-after-falling-into-the-codorus-creek-in-york-fire-chief-says/65351925007/,1.9962361369985615
loss,member,https://www.ydr.com/story/news/local/2022/08/04/children-injured-in-deadly-amish-tractor-crash-york-county-remain-in-hospital/65390689007/,2.4048845748598664
loss,member,https://www.ydr.com/story/news/crime/2022/04/18/york-school-district-chad-gerrick-pleads-guilty-disorderly-conduct/65350765007/,2.0421413802141712
loss,member,https://www.ydr.com/story/news/local/2022/05/05/york-city-council-brings-crown-act-to-board-for-hair-discrimination/65353633007/,2.50590136971787
loss,member,https://www.ydr.com/story/sports/high-school/wrestling/2022/05/05/dave-gable-steps-down-as-dallastown-wrestling-coach-after-25-years/65353876007/,2.654645144713992
loss,member,https://www.ydr.com/story/news/crime/2022/05/25/former-north-york-tax-collector-keith-ramsay-rejected-veterans-wellness-court/65356693007/,2.289858827840247
loss,member,https://www.ydr.com/story/sports/high-school/volleyball-boys/2022/06/01/piaa-boys-volleyball-results-matchups/65358273007/,1.3662805026218234
loss,member,https://www.ydr.com/story/news/2022/08/02/the-community-responds-to-help-an-amish-family-touched-by-tragedy/65388394007/,2.6516472132897593
loss,member,https://www.ydr.com/story/news/politics/2022/04/07/kenyatta-running-for-senate-because-the-status-quo-will-not-save-us/65348457007/,2.39593121716912
loss,member,https://www.ydr.com/restricted/?return=https%3A%2F%2Fwww.ydr.com%2Fstory%2Fnews%2Fcrime%2F2022%2F05%2F09%2Fhearing-joe-fitzpatrick-iii-first-degree-murder-second-trial-york-county%2F65353970007%2F,0.10471960920183516
loss,member,https://www.ydr.com/story/news/2022/05/18/shamaine-daniels-wins-democratic-nomination-to-face-scott-perry-us-congress/65355455007/,2.349563822337527
loss,member,https://www.ydr.com/story/news/local/2022/06/22/adams-county-crash-leaves-three-dead-pa-police-say/65362619007/,2.225846319931999
loss,member,https://www.ydr.com/restricted/?return=https%3A%2F%2Fwww.ydr.com%2Fstory%2Fsports%2Fhigh-school%2Ftrack%2F2022%2F05%2F19%2Fpiaa-track-and-field-70-athletes-to-watch-in-district-3-meet%2F65355844007%2F,0.10471960920183516
loss,member,https://www.ydr.com/story/news/crime/2022/08/25/york-county-pa-da-says-shooting-after-wedding-self-defense/65415627007/,2.252251884330146
loss,member,https://www.ydr.com/story/sports/college/penn-state/football/2022/06/28/penn-state-football-james-franklin-recruits-southern-players-from-alabama-al-florida-fla/65362631007/,2.5833832337482945
loss,member,https://www.ydr.com/restricted/?return=https%3A%2F%2Fwww.ydr.com%2Fstory%2Fnews%2F2022%2F06%2F02%2Fafter-a-long-two-years-heres-where-summer-festivals-in-central-pa-stand-in-2022%2F65352431007%2F,0.11512179216979981
loss,member,https://www.ydr.com/story/news/2022/05/03/encore-a-celebration-of-york-county-high-school-musicials-returns/65351061007/,2.144267765085127
loss,member,https://www.ydr.com/story/news/local/2022/07/05/electric-wooden-tour-boat-chief-uncus-launched-in-susquehanna-river-york-county/65365534007/,2.9595793964219546
loss,member,https://www.ydr.com/story/news/fixing-york/2022/09/01/redevelopment-plans-for-south-george-street-post-office-sought/65468307007/,2.8191890283250465
loss,member,https://www.ydr.com/story/sports/high-school/volleyball-boys/2022/07/08/piaa-district-3-13-yaiaa-players-named-boys-volleyball-all-stars/65368955007/,2.2124146233203175
loss,member,https://www.ydr.com/story/sports/high-school/football/2022/09/17/yaiaa-football-scores-from-week-4-dallastown-central-york-earn-wins/69496327007/,2.391613297174642
loss,member,https://www.ydr.com/story/sports/high-school/football/2022/05/18/central-yorks-cade-pribula-transfers-from-delaware-to-sacred-heart/65355912007/,2.3158351045759327
loss,member,https://www.ydr.com/story/news/local/2022/09/15/vandals-damaged-a-welcome-to-york-gateway-water-company-will-fix-it/69492561007/,2.817390257276405
loss,member,https://www.ydr.com/story/news/local/2022/07/13/christmas-smile-in-july-offers-free-food-gifts-and-more-in-york/65371977007/,2.7188932611027234
loss,member,https://www.ydr.com/story/news/crime/2022/09/07/strada-brothers-sentence-in-whispering-wind-bear-spirit-shooting-death/65466363007/,2.136801212467145
loss,member,https://www.ydr.com/story/opinion/2022/07/05/years-after-civil-war-york-surrendered-a-second-time-to-confederates/65367339007/,3.298797344994619
loss,member,https://www.ydr.com/story/news/politics/elections/2022/08/24/scott-perry-sues-department-of-justice-block-access-cellphone-jan-6-probe/65418234007/,2.4169798024878992
loss,member,https://www.ydr.com/story/news/2022/05/23/york-state-fair-2022-what-to-expect-concerts-prices-heroes-hall/65355495007/,2.3131744018115894
loss,member,https://www.ydr.com/story/sports/high-school/2022/07/15/nil-name-age-likeness-policy-pa-high-school-athletes-1-step-closer-to-deals-heres-how/65373478007/,2.493827541257499
loss,member,https://www.ydr.com/story/sports/high-school/track/2022/05/20/district-3-track-and-field-results-from-day-1-in-shippensburg/65356535007/,2.453329351466888
loss,member,https://www.ydr.com/story/news/crime/2022/08/19/former-york-city-police-officer-charged-sexual-abuse-teen-joseph-palmer/65411308007/,2.2824683655131333
loss,member,https://www.ydr.com/story/news/health/2022/08/23/wellspan-health-celebrates-ecmo-survivors/65410594007/,2.479933596900602
loss,member,https://www.ydr.com/story/news/politics/elections/2022/07/20/u-s-rep-scott-perry-votes-in-favor-of-bill-to-protect-gay-marriage/65378069007/,2.3029939790000933
loss,member,https://www.ydr.com/story/sports/high-school/football/2022/07/11/dallastown-star-named-gametimepa-yaiaa-boys-athlete-of-the-year/65368843007/,2.555546218790856
loss,member,https://www.ydr.com/story/sports/college/penn-state/football/2022/09/13/penn-state-big-ten-college-football-auburn-tigers-sec-drew-allar/69486532007/,2.936170598543444
loss,member,https://www.ydr.com/story/opinion/2022/04/26/sen-regan-we-will-not-allow-satan-into-northern-york-county-schools/65352053007/,2.9920141612463187
loss,member,https://www.ydr.com/story/opinion/2022/05/24/southcentral-pa-teachers-influence-lasts-a-lifetime/65357368007/,2.989326529507222
loss,member,https://www.ydr.com/story/news/politics/2022/04/24/primary-election-2022-47th-pa-state-house-seat-contested-republican-ticket/65350261007/,2.8234104260495356
loss,member,https://www.ydr.com/story/news/2022/04/12/easter-traditions-in-central-pa-include-pysanky-eggs-and-easter-bread/65348709007/,3.008414005907293
loss,member,https://www.ydr.com/restricted/?return=https%3A%2F%2Fwww.ydr.com%2Fstory%2Fnews%2Flocal%2F2022%2F04%2F20%2Fcan-after-school-satan-club-sue-northern-york-school-district-lucien-greaves%2F65351105007%2F,0.10471960920183516
loss,member,https://www.ydr.com/story/sports/high-school/2022/09/12/yaiaa-sports-select-athletes-of-the-week-for-sept-5-to-sept-10/69487037007/,2.6640376475201175
loss,member,https://www.ydr.com/story/news/2022/04/20/more-than-21000-tulips-are-near-full-bloom-at-hershey-gardens/65350850007/,2.707256482263743
loss,member,https://www.ydr.com/story/news/local/2022/09/01/gas-prices-drop-below-4-dollars-gallon-at-some-stations-in-york-county/65466343007/,2.1518095007221993
loss,member,https://www.ydr.com/story/news/2022/06/13/christmas-assault-victim-barbara-laughman-west-manchester-township-encompass-health/65360603007/,2.22163133889533
loss,member,https://www.ydr.com/story/sports/college/penn-state/football/2022/04/12/penn-state-football-nittany-lions-add-demeioun-robinson-maryland-linebacker/65349874007/,2.4467389777248156
loss,member,https://www.ydr.com/restricted/?return=https%3A%2F%2Fwww.ydr.com%2Fstory%2Fnews%2F2022%2F05%2F09%2Fwestinghouse-atom-smasher-rots-away-in-a-pennsylvania-neighborhood%2F65352649007%2F,0.10471960920183516
loss,member,https://www.ydr.com/story/news/watchdog/2022/05/20/pennsylvania-supreme-court-denies-request-appeal-york-county-prison-corrections-officers-taunting/65356543007/,2.3509968914457606
loss,member,https://www.ydr.com/story/sports/high-school/2022/05/27/piaa-track-and-field-chambersburgs-j-j-kelly-wins-triple-jump-title/65357639007/,2.678923270235981
loss,member,https://www.ydr.com/story/sports/college/penn-state/football/2022/07/21/penn-state-football-sexual-extortion-student-athletes-police/65377756007/,2.34435876782776
loss,member,https://www.ydr.com/story/sports/high-school/football/2022/06/10/york-catholic-hires-longtime-assistant-brad-hayek-as-head-football-coach/65360074007/,2.4258716532741196
loss,member,https://www.ydr.com/story/news/crime/2022/04/06/pennsylvania-superior-court-permission-appeal-ex-southwestern-regional-police-officer-shooting/65348674007/,2.230722469332763
loss,member,https://www.ydr.com/story/sports/college/penn-state/football/2022/09/01/penn-state-purdue-boilermakers-big-ten-live-scoring-updates/65465506007/,2.733591514590237
loss,member,https://www.ydr.com/story/news/health/2022/04/01/a-night-to-remember-those-lost-by-covid-with-1488-luminaries-in-york/65347724007/,3.1589454113732947
loss,member,https://www.ydr.com/story/news/crime/2022/09/13/one-dead-one-injured-in-reported-stabbing-in-springettsbury-township/69492968007/,1.985618329474164
loss,member,https://www.ydr.com/story/sports/college/penn-state/football/2022/05/09/penn-state-nittany-lions-football-dani-dennis-sutton-defensive-lineman/65352114007/,2.891587198864258
loss,member,https://www.ydr.com/story/news/crime/2022/08/08/5-people-found-unconscious-two-now-dead-in-york-county-pa-home/65396070007/,2.1215351692525597
loss,member,https://www.ydr.com/restricted/?return=https%3A%2F%2Fwww.ydr.com%2Fstory%2Fsports%2Fhigh-school%2Fbaseball%2F2022%2F05%2F24%2Fyork-high-baseball-dominican-republic-puerto-rico-york-revolution%2F65355801007%2F,0.1171446461991056
loss,member,https://www.ydr.com/restricted/?return=https%3A%2F%2Fwww.ydr.com%2Fstory%2Fnews%2Fwatchdog%2F2022%2F04%2F14%2Frobert-vicosa-murder-suicide-timeline-events-transparency%2F65349570007%2F,0.10471960920183516
loss,member,https://www.ydr.com/story/news/2022/08/25/fundraiser-christine-fousek-rylee-reynolds-stewartstown-york-county/65419562007/,2.20994413775087
loss,member,https://www.ydr.com/story/sports/high-school/football/2022/09/02/central-pennsylvania-high-school-football-scoreboard-see-which-york-adams-teams-won-in-week-2/65468092007/,2.0217606116534945
loss,member,https://www.ydr.com/story/sports/college/penn-state/football/2022/04/29/nfl-draft-penn-state-football-arnold-ebiketie-atlanta-falcons/65352157007/,2.5015250087001473
loss,member,https://www.ydr.com/story/news/2022/09/14/trans-siberian-orchestra-to-perform-2-concerts-in-hershey-in-december/69491582007/,2.091856002527493
loss,member,https://www.ydr.com/story/news/crime/2022/09/14/one-dead-one-injured-in-reported-stabbing-in-springettsbury-township/69492968007/,2.080107744678627
loss,member,https://www.ydr.com/story/news/politics/elections/2022/08/17/democrat-shamaine-daniels-poll-shows-lead-over-rep-scott-perry/65404028007/,2.675464057324806
loss,member,https://www.ydr.com/story/news/2022/05/18/york-county-2022-democratic-republican-primary-race-results-today/65355341007/,1.9098009273905372
loss,member,https://www.ydr.com/story/news/crime/2022/09/13/york-county-coroner-identifies-man-who-died-after-weekend-shooting-in-city/69491367007/,1.6841053617931319
loss,member,https://www.ydr.com/story/news/crime/2022/04/27/man-pleads-no-contest-third-degree-murder-deadly-shooting-west-manheim-township-york-county/65352283007/,2.0044605598025322
loss,member,https://www.ydr.com/story/news/crime/2022/05/26/former-northern-york-county-regional-police-chief-facing-dui-charges/65357632007/,2.3629021812182835
loss,member,https://www.ydr.com/story/news/2022/07/05/teen-dies-4-injured-single-vehicle-crash-near-littlestown-adams-county-pa-july-4/65367258007/,2.357681165521602
loss,member,https://www.ydr.com/story/news/2022/04/13/conor-lamb-senate-race-says-record-over-john-fetterman/65348890007/,2.3553393814541286
loss,member,https://www.ydr.com/story/sports/high-school/football/2022/09/08/central-pa-high-school-football-live-scoreboard-from-week-3-yaiaa-ll-league-mid-penn-conference/66862778007/,3.067779480665437
loss,member,https://www.ydr.com/story/news/2022/05/10/real-id-in-pa-with-deadline-approaching-heres-what-you-need-to-know/65353960007/,2.1520816384500527
loss,member,https://www.ydr.com/story/sports/college/penn-state/football/2022/04/29/penn-state-ad-patrick-kraft-confirmed-friday/65352557007/,2.683823144285966
loss,member,https://www.ydr.com/story/news/crime/2022/05/27/daiquan-dickerson-sentenced-life-prison-murdering-dover-area-high-school-student-emily-shoemaker/65356726007/,2.171259736277767
loss,member,https://www.ydr.com/story/sports/high-school/2022/06/27/award-winning-kennard-dale-powerlifting-coach-steps-down/65362716007/,2.661146856202984
loss,member,https://www.ydr.com/story/sports/college/penn-state/football/2022/07/01/college-football-usc-ucla-joining-penn-state-big-ten/65366000007/,2.9975322674326006
loss,member,https://www.ydr.com/story/sports/high-school/softball/2022/05/26/district-3-softball-championships-results-scores-from-each-round/65357552007/,1.3822023564660266
loss,member,https://www.ydr.com/story/news/2022/05/20/police-investigating-shooting-west-manchester-west-york-auto-spa-express/65356744007/,2.1569974490392423
loss,member,https://www.ydr.com/story/news/2022/06/07/philadelphia-man-sedition-charges-u-s-capitol-insurrection/65359583007/,1.7839897155616258
loss,member,https://www.ydr.com/story/news/2022/08/11/hundreds-turn-out-to-protest-the-re-use-of-york-county-landfill/65398396007/,2.8125069133125535
loss,member,https://www.ydr.com/story/news/crime/2022/08/19/takanii-beatty-gets-prison-time-for-york-rape-prostitution-case/65405818007/,2.1558152725139963
loss,member,https://www.ydr.com/restricted/?return=https%3A%2F%2Fwww.ydr.com%2Fstory%2Fnews%2F2022%2F06%2F14%2Fwill-pennsylvania-make-it-easier-for-teachers-to-carry-guns%2F65360505007%2F,0.14190176102702567
loss,member,https://www.ydr.com/story/news/local/2022/08/16/lawsuit-louis-appell-iii-filed-against-ufd-founders-settled/65395849007/,2.6724360606348183
loss,member,https://www.ydr.com/story/news/2022/08/01/york-pa-three-alarm-fire-destroys-vacant-home-east-mason-avenue/65387808007/,2.6569583347327397
loss,member,https://www.ydr.com/story/news/2022/08/09/pa-cuts-corporate-net-income-tax-nearly-in-half/65396041007/,2.2524795956450863
loss,member,https://www.ydr.com/story/news/local/2022/06/27/six-york-county-restaurants-out-of-compliance-inspections-dirty-kitchens/65361708007/,2.4653949276393927
loss,member,https://www.ydr.com/story/news/2022/05/27/weather-alert-storms-flash-floods-possible-tornado-central-pa/65357673007/,2.080957590578601
loss,member,https://www.ydr.com/story/news/politics/2022/04/24/voters-guide-2022-10th-congressional-race-in-pennsylvania/65350260007/,2.598504241707269
loss,member,https://www.ydr.com/story/news/crime/2022/04/28/york-county-victims-rights-coalition-march-vigil-trauma-support/65352197007/,2.602261565343664
loss,member,https://www.ydr.com/story/news/politics/2022/04/24/primary-election-2022-two-republicans-vying-pa-169th-state-house-seat/65350263007/,3.2584796952007253
loss,member,https://www.ydr.com/restricted/?return=https%3A%2F%2Fwww.ydr.com%2Fstory%2Fnews%2F2022%2F05%2F03%2Fa-developer-has-big-plans-for-former-memorial-hospital-site%2F65352173007%2F,0.10471960920183516
loss,member,https://www.ydr.com/story/opinion/2022/07/15/the-long-road-to-vindication-for-officer-clayton-swartz-opinion/65374340007/,3.1981261014092404
loss,member,https://www.ydr.com/story/sports/high-school/tennis-girls/2022/04/29/yaiaa-tennis-which-players-are-still-alive-for-championships/65352612007/,2.668808984807633
loss,member,https://www.ydr.com/story/sports/college/penn-state/football/2022/09/18/penn-state-football-nick-singleton-auburn-tigers-big-ten-sec/69494656007/,3.0551061435075555
loss,member,https://www.ydr.com/story/news/2022/06/22/american-idol-finalist-huntergirl-york-state-fair-july-29/65362462007/,2.1648407608625506
loss,member,https://www.ydr.com/story/news/crime/2022/05/16/york-activists-dog-and-car-stolen-begs-thief-to-return-pet-safely/65355772007/,2.7681564086204262
loss,member,https://www.ydr.com/story/news/2022/04/18/mollys-courtyard-cafe-york-to-close-and-new-cafe-reopens-in-june/65349885007/,2.623604827552593
loss,member,https://www.ydr.com/story/news/2022/06/29/co-defendant-in-dover-student-emily-shoemakers-murder-sentenced/65364373007/,2.172921047115786
loss,member,https://www.ydr.com/restricted/?return=https%3A%2F%2Fwww.ydr.com%2Fstory%2Flife%2Ffood%2F2022%2F05%2F16%2Ffarms-in-york-county-offer-home-deliveries%2F65352137007%2F,0.10471960920183516
loss,member,https://www.ydr.com/story/news/local/2022/06/10/york-county-police-partner-with-logos-on-public-safety-collaboration/65359772007/,2.9501300413521228
loss,member,https://www.ydr.com/story/opinion/2022/08/02/st-lukes-lutheran-church-celebrates-250-anniversary-in-southern-york-county/65389486007/,3.1114505562725423
loss,member,https://www.ydr.com/restricted/?return=https%3A%2F%2Fwww.ydr.com%2Fin-depth%2Fnews%2F2022%2F06%2F13%2Factivism-social-justice-york-most-influential-people%2F65351407007%2F,0.14190176102702567
loss,member,https://www.ydr.com/story/news/local/2022/05/31/murder-suicide-victim-erin-walker-remembered-at-central-memorial/65358157007/,2.554691894241565
loss,member,https://www.ydr.com/story/news/local/2022/07/21/york-mayor-michael-helfrich-oath-of-office-decision-appealed-to-superior-court/65377376007/,2.6855387490067604
loss,member,https://www.ydr.com/restricted/?return=https%3A%2F%2Fwww.ydr.com%2Fstory%2Fnews%2F2022%2F05%2F12%2Fparents-at-northeastern-school-district-fed-up-with-bullying%2F65351444007%2F,0.10471960920183516
loss,member,https://www.ydr.com/story/sports/high-school/football/2022/09/08/red-lion-high-school-garrett-coppersmith-makes-record-breaking-kick/66745861007/,2.7117393212772614
loss,member,https://www.ydr.com/story/sports/high-school/football/2022/06/17/eric-depew-hired-as-red-land-football-coach-after-leaving-york-catholic/65361664007/,2.291955103759236
loss,member,https://www.ydr.com/story/news/2022/09/13/emt-struck-by-truck-in-downtown-york/69493220007/,3.0829893953255034
loss,member,https://www.ydr.com/story/news/watchdog/2022/05/20/york-daily-record-takes-district-attorney-to-court-in-vicosa-case/65355306007/,2.3554506063745118
loss,member,https://www.ydr.com/story/sports/2022/06/24/michigans-eli-brooks-signs-summer-league-contract-with-indiana-pacers/65363446007/,2.1196893624203743
loss,member,https://www.ydr.com/restricted/?return=https%3A%2F%2Fwww.ydr.com%2Fstory%2Fsports%2Fhigh-school%2F2022%2F04%2F04%2Fyork-adams-players-watch-district-state-high-school-sports-yaiaa%2F65347631007%2F,0.10471960920183516
loss,member,https://www.ydr.com/story/news/2022/05/19/harley-davidson-york-county-pa-springettsbury-township-suspends-operations/65356500007/,1.808178357796016
loss,member,https://www.ydr.com/restricted/?return=https%3A%2F%2Fwww.ydr.com%2Fstory%2Fsports%2Fhigh-school%2Ffootball%2F2022%2F05%2F11%2Fcoach-russ-stoner-goes-beyond-football-for-city-of-york-school-district%2F65350937007%2F,0.10471960920183516
loss,member,https://www.ydr.com/story/news/2022/05/11/york-county-911-holding-recruitment-drive-to-fill-15-open-positions/65354635007/,2.557796963883069
loss,member,https://www.ydr.com/story/news/2022/06/03/central-pa-bars-taverns-facing-beer-shortage/65358543007/,2.7810182579832174
loss,member,https://www.ydr.com/story/sports/college/2022/04/02/trinity-thomas-leads-florida-to-third-highest-gymnastic-total-in-ncaa/65347768007/,2.565985713590726
loss,member,https://www.ydr.com/restricted/?return=https%3A%2F%2Fwww.ydr.com%2Fstory%2Fnews%2F2022%2F05%2F16%2Fyork-county-restaurant-inspections-engine-oil-bottle-found-in-food-area-meat-not-covered%2F65354936007%2F,0.10471960920183516
loss,member,https://www.ydr.com/story/news/crime/2022/05/24/spring-garden-police-press-conference-central-york-high-school-teacher-fatal-shooting/65357296007/,2.58524308767821
loss,member,https://www.ydr.com/story/sports/high-school/basketball-girls/2022/05/02/jim-kunkle-resigns-as-west-york-area-high-school-girls-basketball-coach/65353118007/,2.5366084128642656
loss,member,https://www.ydr.com/story/opinion/2022/09/13/2022-dorrie-leader-award-recipient-lizaida-morales/69492274007/,2.980545566587761
loss,member,https://www.ydr.com/story/news/2022/05/24/celebrate-national-wine-day-with-mark-and-vals-wine-in-york/65356572007/,2.689139358000824
loss,member,https://www.ydr.com/story/sports/high-school/football/2022/09/06/yaiaa-sports-select-athletes-of-the-week-foraug-29-to-sept-3/65475033007/,2.3442484295142623
loss,member,https://www.ydr.com/story/sports/college/penn-state/football/2022/04/20/penn-state-blue-white-football-game-2022-james-franklin-nick-singleton/65350805007/,2.8861972017439688
loss,member,https://www.ydr.com/story/sports/high-school/2022/05/31/high-school-sports-select-final-yaiaa-athletes-of-week-for-2021-22/65358283007/,2.759438256864365
loss,member,https://www.ydr.com/story/news/politics/2022/04/25/pa-voters-guide-2022-where-the-primary-candidates-stand/65350980007/,2.076217849854181
loss,member,https://www.ydr.com/story/news/local/community/2022/07/27/russia-ukraine-war-antonina-kovalenko-emigsville-george-hay-kain/65381771007/,2.539370735055313
loss,member,https://www.ydr.com/story/sports/nfl/2022/04/25/bruce-arians-retirement-nfl-coach-tampa-bay-health-tom-brady/65348336007/,2.9911147506120743
loss,member,https://www.ydr.com/story/news/local/2022/08/15/route-30-pa-crash-claims-the-life-of-one-york-township-woman/65403368007/,2.1294264313922517
loss,member,https://www.ydr.com/story/news/local/2022/05/31/york-police-offer-form-for-residents-that-suffer-from-mental-illness/65357719007/,2.6189116259951892
loss,member,https://www.ydr.com/story/news/2022/08/11/congressman-scott-perry-pa-10th-district-fbi-investigation/65399207007/,2.4488331598642965
loss,member,https://www.ydr.com/story/news/politics/2022/09/15/mastriano-education-plan-would-cut-school-funding-by-12b-union-says/69495468007/,2.4046138439426694
loss,member,https://www.ydr.com/story/news/2022/04/07/life-with-alopecia-is-an-emotional-roller-coaster/65348435007/,2.3204626767605503
loss,member,https://www.ydr.com/story/sports/outdoors/2022/09/01/trout-stocking-hatcheries-pa-fish-boat-commission/65462285007/,2.6328045188245515
loss,member,https://www.ydr.com/story/news/2022/06/10/osha-investigating-after-workers-fall-in-chocolate-tank-lancaster-pennsylvania-factory/65360110007/,2.11847150164098
loss,member,https://www.ydr.com/story/news/2022/05/26/distinguished-young-women-of-york-county-to-award-scholarships/65357279007/,2.603967031259206
loss,member,https://www.ydr.com/story/news/politics/2022/04/05/primary-2022-who-is-running-for-office-in-central-pa/65346540007/,1.9393355514387238
loss,member,https://www.ydr.com/story/opinion/2022/04/06/sen-mike-regan-its-time-to-legalize-adult-use-marijuana-in-pa/65348677007/,2.6598069536733435
loss,member,https://www.ydr.com/story/news/local/2022/09/07/problem-solver-studios-in-west-york-offers-safe-space-for-music-artists/65458109007/,2.6324840020662506
loss,member,https://www.ydr.com/story/news/local/2022/07/13/video-helps-york-police-arrest-jaquez-brown-in-killing-of-shaheim-carr/65372942007/,2.388432108705431
loss,member,https://www.ydr.com/story/news/2022/07/08/wildcat-roller-coaster-hershey-park-closing-rmc-coasters/65369486007/,2.5797688016390525
loss,member,https://www.ydr.com/story/news/2022/05/17/primary-day-in-pennsylvania-what-you-need-to-know-about-the-polls-last-minute-mail-ballots/65352112007/,1.9252279668331902
loss,member,https://www.ydr.com/story/news/politics/2022/04/14/pa-governors-race-doug-mastriano-leading-election-denier/65349168007/,2.288531015099258
loss,member,https://www.ydr.com/story/news/2022/06/10/scott-perry-sought-presidential-pardon-january-6-insurrection-capitol-attack-liz-cheney/65360025007/,1.712523126937877
loss,member,https://www.ydr.com/story/sports/high-school/lacrosse-boys/2022/05/16/yaiaa-boys-lacrosse-coaches-name-2022-all-stars-players-of-the-year/65355776007/,2.1526949118532577
loss,member,https://www.ydr.com/restricted/?return=https%3A%2F%2Fwww.ydr.com%2Fstory%2Fsports%2Fhigh-school%2F2022%2F04%2F05%2Fyork-adams-players-watch-district-state-high-school-sports-yaiaa%2F65347631007%2F,0.10471960920183516
loss,member,https://www.ydr.com/restricted/?return=https%3A%2F%2Fwww.ydr.com%2Fstory%2Fnews%2F2022%2F05%2F09%2Fcould-mental-health-experts-prevented-killing-of-lebanon-police-lt-william-lebo%2F65352523007%2F,0.10471960920183516
loss,member,https://www.ydr.com/story/news/local/2022/08/03/york-xl-york-county-food-bank-seek-grants-from-gannett-community-thrives/65385659007/,3.0112360480725298
loss,member,https://www.ydr.com/story/news/2022/06/07/baltimore-county-md-collector-chad-shapiro-has-thomas-edison-light-bulbs/65352109007/,3.3001938854685022
loss,member,https://www.ydr.com/story/opinion/2022/06/15/york-countys-conspiracy-of-1803-a-troubling-story/65361114007/,3.363596668326816
loss,member,https://www.ydr.com/story/sports/high-school/basketball-girls/2022/04/18/dallastowns-dshantae-edwards-commits-to-bethune-cookman-basketball/65350270007/,2.4604393886239038
loss,member,https://www.ydr.com/restricted/?return=https%3A%2F%2Fwww.ydr.com%2Fstory%2Fsports%2Fhigh-school%2F2022%2F06%2F21%2Fgettysburg-athletics-should-the-yaiaa-be-ok-with-move-to-mid-penn%2F65361026007%2F,0.16658497992404694
loss,member,https://www.ydr.com/story/news/2022/04/01/lebanon-city-police-officer-lebo-shooting-timeline-travis-shaud/65347767007/,2.1296219770580396
loss,member,https://www.ydr.com/story/news/2022/07/27/former-superfund-site-in-hopewell-twp-could-be-reopened-as-landfill/65382901007/,2.5902737268605187
loss,member,https://www.ydr.com/restricted/?return=https%3A%2F%2Fwww.ydr.com%2Fstory%2Fnews%2F2022%2F04%2F05%2Fnew-pizza-shop-opens-in-york-as-an-old-favorite-returns%2F65347318007%2F,0.10471960920183516
loss,member,https://www.ydr.com/story/news/local/2022/08/31/united-steelworkers-union-gives-notice-of-strike-to-bae-systems-in-york/65464768007/,2.488447681689818
loss,member,https://www.ydr.com/story/news/2022/06/16/first-black-owned-gettysburg-the-keystone-inn-bed-breakfast/65354942007/,2.7719954101437896
loss,member,https://www.ydr.com/story/news/traffic/2022/08/29/route-462-market-street-by-interstate-83-to-close-five-weeks-for-bridge-replacement/65417738007/,2.4445493588773033
loss,member,https://www.ydr.com/restricted/?return=https%3A%2F%2Fwww.ydr.com%2Fstory%2Fnews%2Flocal%2F2022%2F06%2F02%2Fconfidential-settlement-lawsuits-deaths-two-york-city-firefighters-ivan-flanscha-zachary-anthony%2F65357792007%2F,0.11512179216979981
loss,member,https://www.ydr.com/story/money/business/2022/07/17/best-of-the-best-awards-to-honor-the-finest-of-york-county/65373475007/,2.642603305832308
loss,member,https://www.ydr.com/story/news/politics/elections/2022/07/06/pa-coronavirus-deaths-doug-mastriano-republican-governor-race-josh-shapiro/65367847007/,1.6698141469369232
loss,member,https://www.ydr.com/story/news/crime/2022/09/01/former-east-manchester-township-manager-gene-david-gentzler-kidnapping-sentenced-to-prison/65462077007/,2.405103967556979
loss,member,https://www.ydr.com/story/sports/college/2022/04/16/florida-falls-short-ncaa-gymnastics-title-trinity-thomas-scores-perfect-10-west-york/65350392007/,2.8247064302125997
loss,member,https://www.ydr.com/story/opinion/2022/04/29/sen-mike-regan-legally-wrong-in-stand-against-after-school-club-satan/65352613007/,2.845939690761521
loss,member,https://www.ydr.com/restricted/?return=https%3A%2F%2Fwww.ydr.com%2Fstory%2Fnews%2F2022%2F05%2F04%2Fcomings-and-goings-popular-taco-place-returns-bar-and-grill-closes%2F65353557007%2F,0.10471960920183516
loss,member,https://www.ydr.com/story/news/2022/06/13/york-state-fair-pa-toby-keith-tour-cancels-concert-july/65360563007/,2.2439849729014587
loss,member,https://www.ydr.com/story/news/2022/06/14/chanceford-township-york-county-pa-teen-dies-from-injuries-in-crash-at-i-83-and-route-30-wellspan/65360665007/,2.058400098625004
loss,member,https://www.ydr.com/story/news/local/2022/04/06/pennsylvania-state-police-settle-profiling-immigration-lawsuit/65348777007/,1.7036495955313724
loss,member,https://www.ydr.com/story/life/food/2022/05/25/york-county-restaurants-guide-for-dining-outside-coffee-bakeries/65357297007/,2.9786415037284644
loss,member,https://www.ydr.com/story/news/local/2022/08/15/william-goodridge-statue-is-first-in-york-to-honor-african-americans/65400442007/,2.9940976452933543
loss,member,https://www.ydr.com/story/sports/high-school/baseball/2022/06/06/coastal-carolina-baseball-nick-parker-shut-out-east-carolina-ncaa-regional/65358918007/,2.234030531920949
loss,member,https://www.ydr.com/story/sports/high-school/2022/05/28/piaa-track-spring-groves-laila-campbell-claims-two-gold-medals-again/65357640007/,2.3347804627328914
loss,member,https://www.ydr.com/story/news/2022/08/01/york-state-fair-2022-sees-sharp-attendance-drop-hot-weather-blamed/65388258007/,2.4571275961861554
loss,member,https://www.ydr.com/restricted/?return=https%3A%2F%2Fwww.ydr.com%2Fstory%2Fnews%2Fwatchdog%2F2022%2F05%2F25%2Fman-pleads-guilty-third-degree-murder-deadly-interstate-83-crash%2F65357260007%2F,0.1171446461991056
loss,member,https://www.ydr.com/story/life/2022/06/23/102-year-old-retired-teacher-shares-memories-at-susquehannock-high/65362172007/,2.6654182328768323
loss,member,https://www.ydr.com/story/news/crime/2022/05/22/one-injured-in-shooting-at-walmart-in-newberry-township-york-county/65356844007/,1.8988894759741215
loss,member,https://www.ydr.com/story/news/local/2022/07/06/york-county-pa-single-vehicle-crash-one-woman-killed-lower-chanceford-township/65367755007/,1.6089704804066953
loss,member,https://www.ydr.com/story/news/local/2022/05/03/crown-act-would-bar-discrimination-of-race-based-hairstyles-in-york/65353530007/,2.4252271524037523
loss,member,https://www.ydr.com/story/sports/high-school/baseball/2022/06/14/yaiaa-baseball-coaches-name-2022-league-all-stars-players-of-the-year/65360678007/,2.004958281257462
loss,member,https://www.ydr.com/story/news/crime/2022/06/06/york-woman-arrested-stole-car-with-toddler-inside/65358916007/,1.9086410657437385
loss,member,https://www.ydr.com/story/news/2022/06/07/gas-prices-in-central-pa-surpass-5-a-gallon-at-some-stations/65359220007/,1.8818384913027197
loss,member,https://www.ydr.com/story/news/history/gettysburg/2022/04/06/thaddeus-stevens-gets-a-statue-from-his-fan-club-in-gettysburg/65348341007/,2.944106830027309
loss,member,https://www.ydr.com/story/news/local/2022/06/03/pedal-4-peace-wavecrave365-operating-in-condemned-building-closed-for-now/65358672007/,2.9765296882582675
loss,member,https://www.ydr.com/story/news/politics/2022/05/18/keith-gillespie-stan-saylor-lose-pa-house-seats-in-gop-primary/65355136007/,2.628111314954194
loss,member,https://www.ydr.com/in-depth/news/2022/05/24/saving-york-street-by-street-the-unsung-people-helping-our-hometown/65351134007/,2.6184463545688956
loss,member,https://www.ydr.com/story/opinion/2022/04/21/opinion-legalizing-marijuana-in-pa-is-a-dangerous-idea/65351230007/,3.09668791851676
loss,member,https://www.ydr.com/story/sports/college/penn-state/football/2022/07/19/penn-state-football-parecruiting-surge-in-big-ten-london-montgomery/65372327007/,2.745185720674784
loss,member,https://www.ydr.com/restricted/?return=https%3A%2F%2Fwww.ydr.com%2Fstory%2Fnews%2Fwatchdog%2F2022%2F05%2F04%2Fnew-federal-guidance-juvenile-justice-reform-act-of-2018%2F65352687007%2F,0.10471960920183516
loss,member,https://www.ydr.com/story/sports/high-school/2022/05/16/athletes-of-the-week-select-the-latest-yaiaa-winners/65355822007/,2.43954850021424
loss,member,https://www.ydr.com/story/sports/high-school/2022/08/26/central-pa-football-scores-highlights-from-week-1-yaiaa-ll-league-mid-penn-conference/65420337007/,2.777693297554305
loss,member,https://www.ydr.com/story/opinion/2022/07/13/articles-of-confederation-crafters-sentenced-1st-constitution-to-short-life/65373089007/,3.4035160272041955
loss,member,https://www.ydr.com/story/sports/high-school/2022/05/02/york-adams-athletes-select-this-weeks-top-performers-in-online-polls/65353164007/,2.365072929641046
loss,member,https://www.ydr.com/story/news/2022/04/05/dillsburg-halal-meats-suspended-after-usda-observes-mishandling-of-lamb/65348320007/,2.655613393337316
loss,member,https://www.ydr.com/restricted/?return=https%3A%2F%2Fwww.ydr.com%2Fstory%2Fnews%2F2022%2F06%2F21%2Fdallastown-area-high-school-and-alumni-to-perform-mamma-mia-two-years-after-covid-shutdown%2F65360132007%2F,0.16658497992404694
loss,member,https://www.ydr.com/story/news/crime/2022/04/18/york-city-struggles-for-answers-in-wake-of-continued-gun-violence/65347686007/,2.6596567606194292
loss,member,https://www.ydr.com/story/news/local/2022/08/22/york-county-pa-history-center-construction-underway-site-from-first-power-station/65406643007/,3.193076071018659
loss,member,https://www.ydr.com/story/life/2022/05/23/red-lion-senior-high-school-offers-student-run-cafe/65355189007/,2.7746627881250454
loss,member,https://www.ydr.com/restricted/?return=https%3A%2F%2Fwww.ydr.com%2Fstory%2Fsports%2Fhigh-school%2F2022%2F05%2F17%2Fthe-district-3-playoffs-are-here-these-are-the-top-athletes-to-watch%2F65355261007%2F,0.10471960920183516
loss,member,https://www.ydr.com/story/sports/high-school/football/2022/08/31/central-pa-high-school-football-scoreboard-results-from-week-2-yaiaa-ll-league-mid-penn-conference/65465990007/,2.981612571851797
loss,member,https://www.ydr.com/story/news/local/2022/06/27/sheetz-lowers-some-gas-prices-in-pennsylvania-for-july-4th-holiday/65364124007/,1.9139541495166927
loss,member,https://www.ydr.com/story/money/companies/2022/09/12/refillism-store-in-york-boosts-access-to-eco-friendly-lifestyle/68221522007/,2.6124357163880045
loss,member,https://www.ydr.com/story/news/local/2022/04/04/dover-area-northern-york-county-pa-teen-dies-car-crash/65348254007/,1.6877340351234311
loss,member,https://www.ydr.com/story/news/crime/2022/08/10/kimberly-metz-sentenced-in-willmar-santos-batista-fathers-day-york-murder/65394957007/,2.5856182700361243
loss,member,https://www.ydr.com/story/sports/high-school/football/2022/09/16/central-pa-high-school-football-live-scoreboard-week-4-yaiaa-ll-league-mid-penn-conference/69496403007/,3.303636872065167
loss,member,https://www.ydr.com/story/news/local/2022/08/04/tractor-crash-in-york-county-results-another-death-4-year-old-boy-jeffrey-ryan-fisher/65391877007/,2.282508096254311
loss,member,https://www.ydr.com/story/news/2022/04/06/route-30-adams-county-crash-claims-the-life-of-york-haven-man/65348639007/,2.0329498141051032
loss,member,https://www.ydr.com/story/news/local/2022/04/21/york-county-judge-hears-argument-petition-seeking-disqualification-york-mayor-michael-helfrich/65351027007/,2.423242692143663
loss,member,https://www.ydr.com/restricted/?return=https%3A%2F%2Fwww.ydr.com%2Fstory%2Fnews%2F2022%2F06%2F09%2Fcomings-and-goings-downtown-york-gets-a-number-of-new-businesses%2F65359731007%2F,0.13097711271997775
loss,member,https://www.ydr.com/story/news/local/2022/08/24/live-band-members-and-bill-hynes-get-lawsuit-for-think-loud-studio-property/65404659007/,2.8310301804707905
loss,member,https://www.ydr.com/story/news/2022/06/16/tornado-watch-issued-for-central-pennsylvania-national-weather-service/65361497007/,2.218967181936713
loss,member,https://www.ydr.com/story/news/crime/2022/05/23/central-york-teacher-killed-in-murder-suicide-in-spring-garden-township/65357189007/,2.154549176883461
loss,member,https://www.ydr.com/story/news/2022/04/26/pennsylvanias-child-welfare-system-needs-to-be-reformed/65351885007/,2.734592405600541
loss,member,https://www.ydr.com/story/opinion/2022/09/06/question-for-pennsylvania-child-welfare-how-can-more-children-be-saved/65463989007/,2.8017185159188345
loss,member,https://www.ydr.com/story/sports/high-school/2022/06/06/piaa-championships-first-round-results-from-baseball-softball-playoffs/65359199007/,2.016752565480171
loss,member,https://www.ydr.com/story/news/crime/2022/05/12/child-abuse-york-county-man-submerged-2-year-olds-hand-in-hot-water/65355049007/,2.0841513435446375
loss,member,https://www.ydr.com/story/sports/college/penn-state/football/2022/08/25/penn-state-football-nittany-lions-jiayir-brown-tig-big-ten/65399007007/,2.8464822508850993
loss,member,https://www.ydr.com/story/news/local/2022/04/19/satanist-club-proposal-to-northern-york-county-school-district-board/65350967007/,2.9790199821166263
loss,member,https://www.ydr.com/story/news/2022/05/25/why-you-will-pay-400-for-a-bushel-of-blue-crabs-summer-2022-in-pa/65357266007/,2.60272356319429
loss,member,https://www.ydr.com/story/news/2022/08/10/hershey-chocolate-enough-candy-halloween-but-it-will-cost-more/65395842007/,2.561359704740481
loss,member,https://www.ydr.com/story/news/2022/05/10/pa-gas-prices-rise-new-record-high-dwindling-supplies/65353817007/,1.8069229141471783
loss,member,https://www.ydr.com/story/news/local/2022/06/27/hanover-area-may-soon-get-a-wawa-first-in-york-county-pa/65363962007/,2.7001640346922104
loss,member,https://www.ydr.com/story/news/2022/06/14/saving-york-street-by-street-read-about-heroes-york-pa/65360879007/,2.58135079190883
loss,member,https://www.ydr.com/story/news/2022/08/10/after-yorkfest-was-canceled-again-local-artists-stepped-up-yorks-art-week/65396122007/,2.5907345412374285
loss,member,https://www.ydr.com/story/sports/college/penn-state/football/2022/09/11/ncaa-college-football-penn-state-ohio-bobcats-nicholas-singleton-drew-allar/66789648007/,2.971388397035907
loss,member,https://www.ydr.com/story/news/2022/05/05/voter-intimidation-delayed-primary-results-possible-pa-official-says/65353837007/,2.3360488174606777
loss,member,https://www.ydr.com/story/news/local/2022/07/14/york-water-co-seeks-31-percent-rate-hike-puc-to-investigate/65373927007/,2.682616351414308
loss,member,https://www.ydr.com/story/opinion/2022/04/18/this-war-is-partly-about-russian-vs-ukrainian-language/65350841007/,3.20376390821277
loss,member,https://www.ydr.com/story/news/crime/2022/05/26/man-sentenced-prison-aggravated-animal-cruelty-york-county/65356698007/,2.161836665384945
loss,member,https://www.ydr.com/story/news/crime/2022/07/07/york-settles-with-officer-clayton-swartz-joking-george-floyd-murder/65368943007/,2.6695363926098623
loss,member,https://www.ydr.com/story/sports/high-school/2022/05/18/yaiaa-tournament-winners-from-volleyball-baseball-softball/65355964007/,2.3366459876282937
loss,member,https://www.ydr.com/story/news/2022/04/14/pa-republican-jeff-bartos-is-running-for-u-s-senate-on-kitchen-table-issues/65348985007/,2.296486870452107
loss,member,https://www.ydr.com/story/news/local/2022/07/05/central-pennsylvania-teen-opens-up-ice-cream-shop-with-unusual-flavors/65364068007/,2.4757205980579178
loss,member,https://www.ydr.com/restricted/?return=https%3A%2F%2Fwww.ydr.com%2Fstory%2Fnews%2F2022%2F06%2F13%2Farchetype-pizza-in-downtown-york-to-open-june%2F65359889007%2F,0.14190176102702567
loss,member,https://www.ydr.com/story/news/local/2022/08/15/york-county-pa-man-dies-suspected-carbon-monoxide-poisoning-car-accidentally-left-running-garage/65403627007/,2.473814390281294
loss,member,https://www.ydr.com/story/news/2022/05/10/meltdown-three-mile-island-airs-on-netflix/65353510007/,2.8367158227256213
loss,member,https://www.ydr.com/story/news/politics/2022/07/08/pa-lawmakers-agree-to-spend-billions-in-stimulus-money-in-budget/65369988007/,2.243588652281455
loss,member,https://www.ydr.com/story/sports/high-school/baseball/2022/06/13/piaa-baseball-everett-tops-delone-in-class-2a-semifinals/65360511007/,2.4971571858461155
loss,member,https://www.ydr.com/story/sports/high-school/football/2022/08/23/yaiaa-football-2022-preview-here-are-the-games-to-watch/65409917007/,2.323821575682418
loss,member,https://www.ydr.com/story/sports/outdoors/2022/05/19/gifford-pinchot-state-park-offers-camping-boating-fishing-hiking/65355940007/,2.4166783047269615
loss,member,https://www.ydr.com/story/news/2022/04/12/conor-lamb-senate-race-says-record-over-john-fetterman/65348890007/,2.3553393814541286
loss,member,https://www.ydr.com/story/news/politics/2022/04/06/heres-how-charlie-gerow-is-standing-out-in-the-pa-gop-governor-race/65347892007/,2.4037647081606703
loss,member,https://www.ydr.com/story/sports/high-school/basketball-boys/2022/05/07/susquehannocks-jalen-franklin-makes-class-5a-all-state-basketball-team/65354032007/,2.067904339369212
loss,member,https://www.ydr.com/story/news/2022/05/03/5-5-million-purchase-saves-mifflin-house-an-underground-railroad-site/65352510007/,2.5757387820089868
loss,member,https://www.ydr.com/story/news/2022/09/12/pennsylvania-turnpike-why-millions-of-dollars-are-owed-in-unpaid-tolls/65384329007/,2.4550344396922195
loss,member,https://www.ydr.com/restricted/?return=https%3A%2F%2Fwww.ydr.com%2Fstory%2Fnews%2Fwatchdog%2F2022%2F04%2F22%2Fdante-mullinix-billboard-blames-york-county-for-death-of-2-year-old%2F65351181007%2F,0.10471960920183516
loss,member,https://www.ydr.com/story/news/2022/06/15/volunteer-fire-departments-struggle-to-recruit-worry-about-response-times/65353542007/,2.5057526246197037
loss,member,https://www.ydr.com/story/news/2022/06/21/red-lion-man-dies-in-single-vehicle-crash-over-the-weekend-york-county/65362165007/,1.8771846559669982
loss,member,https://www.ydr.com/story/news/crime/2022/05/11/medical-marijuana-is-a-schedule-1-controlled-substance-in-pa-court/65354517007/,2.225750375716183
loss,member,https://www.ydr.com/story/news/2022/06/16/local-fireworks-york-harrisburg-gettysburg-lancaster-pennsylvania/65358665007/,2.19398908756254
loss,member,https://www.ydr.com/story/news/2022/07/22/york-father-says-sesame-place-character-snubbed-his-black-daughter/65379052007/,2.218516414942658
loss,member,https://www.ydr.com/story/news/crime/2022/05/13/teen-pleads-guilty-third-degree-murder-prison-accomplice-deadly-shooting-york/65354698007/,2.2196592774849324
loss,member,https://www.ydr.com/story/opinion/2022/05/27/how-we-can-solve-pas-behavioral-health-care-crisis/65357753007/,2.436765253480067
loss,member,https://www.ydr.com/story/news/crime/2022/05/26/york-city-police-pa-investigating-a-homicide-involving-possible-trespasser/65357571007/,1.7804191518785337
loss,member,https://www.ydr.com/story/news/crime/2022/08/18/york-area-man-charged-killing-man-dumping-body-lancaster-county/65408859007/,2.089227846558074
loss,member,https://www.ydr.com/restricted/?return=https%3A%2F%2Fwww.ydr.com%2Fin-depth%2Fnews%2F2022%2F06%2F13%2Fpolitics-york-county-most-influential-government-reoublican-democrat%2F65351421007%2F,0.14190176102702567
loss,member,https://www.ydr.com/story/sports/high-school/football/2022/08/15/pa-high-school-football-2022-york-adams-league-team-by-team-previews-players-to-watch/65403160007/,2.820743542645819
loss,member,https://www.ydr.com/story/news/crime/2022/09/08/man-stabs-random-customer-at-walmart-in-york-county-to-return-to-jail-police-say/65742433007/,2.36614277094257
loss,member,https://www.ydr.com/story/news/politics/elections/2022/07/08/scott-perry-congress-pa-republican-refuses-testimony-pardon/65369434007/,2.3155609104547406
loss,member,https://www.ydr.com/story/news/politics/2022/04/21/tracking-campaign-updates-in-pennsylvanias-senate-and-governor-races/65350855007/,2.3208078587479313
loss,member,https://www.ydr.com/story/sports/high-school/baseball/2022/04/19/dallastown-baseball-coach-greg-kinneman-reaches-100-career-wins/65350766007/,2.618185156840017
loss,member,https://www.ydr.com/restricted/?return=https%3A%2F%2Fwww.ydr.com%2Fin-depth%2Fnews%2F2022%2F05%2F24%2Fyork-pa-northeast-neighborhood-2-women-do-what-they-can-to-help-saving-york-street-by-street%2F65351426007%2F,0.1171446461991056
loss,member,https://www.ydr.com/story/news/local/2022/08/24/interstate-83-closed-after-truck-strikes-queen-street-overpass-again/65418552007/,2.5366198616705224
loss,member,https://www.ydr.com/restricted/?return=https%3A%2F%2Fwww.ydr.com%2Fstory%2Fnews%2F2022%2F05%2F25%2Frestaurant-inspections-seven-out-of-compliance%2F65355268007%2F,0.1171446461991056
loss,member,https://www.ydr.com/story/news/2022/08/10/rep-scott-perry-republican-york-county-pa-fbi-agents-seized-cellphone/65398266007/,0.21299048696861209
loss,member,https://www.ydr.com/story/opinion/2022/06/15/bidens-border-failure-creates-national-security-humanitarian-crisis/65361133007/,2.5306067697516132
loss,member,https://www.ydr.com/story/opinion/2022/05/18/give-mother-of-red-lion-catherine-meyer-due-recognition/65356449007/,3.188088693609138
loss,member,https://www.ydr.com/story/news/local/2022/04/08/central-york-students-testify-before-congress-on-national-book-bans/65348834007/,2.4301908722851677
loss,member,https://www.ydr.com/story/life/2022/08/29/silverberry-soaps-central-pa-student-starts-own-business/65417685007/,2.996512028803234
loss,member,https://www.ydr.com/story/opinion/2022/05/31/tropical-storm-agnes-50-years-ago-like-something-out-of-the-bible/65358222007/,2.9255507129676874
loss,member,https://www.ydr.com/story/opinion/2022/08/19/by-2060-yorks-summer-temps-will-be-like-nashvilles-opinion/65410717007/,3.10225894556962
loss,member,https://www.ydr.com/story/sports/college/penn-state/football/2022/06/01/penn-state-football-white-out-game-against-minnesota-not-ohio-state/65358413007/,2.837489326233506
loss,member,https://www.ydr.com/story/news/local/2022/08/03/national-night-out-in-york-is-a-time-to-focus-on-how-to-stop-violence/65389933007/,2.868792109689904
loss,member,https://www.ydr.com/story/sports/high-school/2022/05/09/yaiaa-tournaments-which-teams-will-be-competing-for-championships/65354533007/,1.3813683652640996
loss,member,https://www.ydr.com/story/sports/high-school/2022/07/05/select-gametimepas-yaiaa-athletes-of-the-year-for-2021-22/65365394007/,2.167819315633427
loss,member,https://www.ydr.com/story/sports/outdoors/2022/05/19/many-options-to-consider-when-picking-purchasing-a-kayak-recreational-touring-fishing-paddles/65355833007/,2.6152177261306595
loss,member,https://www.ydr.com/story/news/crime/2022/05/18/man-pleads-guilty-aggravated-assault-accomplice-murder-dover-area-high-school-senior-emily-shoemaker/65355302007/,2.024291431813372
loss,member,https://www.ydr.com/story/sports/high-school/football/2022/07/20/spring-grove-footballs-andrew-osmun-commits-to-fordham-university/65378458007/,2.42462955468979
loss,member,https://www.ydr.com/restricted/?return=https%3A%2F%2Fwww.ydr.com%2Fstory%2Fnews%2F2022%2F05%2F10%2Fwestinghouse-atom-smasher-rots-away-in-a-pennsylvania-neighborhood%2F65352649007%2F,0.10471960920183516
loss,member,https://www.ydr.com/restricted/?return=https%3A%2F%2Fwww.ydr.com%2Fstory%2Fnews%2Fwatchdog%2F2022%2F04%2F26%2Fjudge-rejects-invasion-of-privacy-claim-york-city-police-officer-clayton-swartz%2F65351520007%2F,0.21680067995554234
loss,member,https://www.ydr.com/story/news/local/2022/04/05/jk-salvage-explosion-attracts-fire-department-and-scares-residents/65348532007/,2.6883953600574686
loss,member,https://www.ydr.com/story/news/2022/05/06/man-dies-two-vehicle-crash-chanceford-township-york-county-pa/65353951007/,1.4161750559329704
loss,member,https://www.ydr.com/restricted/?return=https%3A%2F%2Fwww.ydr.com%2Fstory%2Fnews%2Fcrime%2F2022%2F04%2F04%2Faaron-miller-on-trial-for-vehicular-manslaughter%2F65348325007%2F,0.10471960920183516
loss,member,https://www.ydr.com/story/news/2022/05/07/give-local-york-raises-4-1-million-for-local-nonprofits/65353553007/,3.0070858635334408
loss,member,https://www.ydr.com/story/news/crime/2022/07/29/joe-fitzpatrick-released-low-bail-in-atv-case-involving-wifes-death/65385352007/,2.5852962964145623
loss,member,https://www.ydr.com/story/sports/high-school/2022/05/17/district-3-tournaments-scores-schedule-for-boys-girls-championships/65355972007/,1.351025492375114
loss,member,https://www.ydr.com/story/news/crime/2022/06/15/pa-superior-court-prevents-one-dollar-bail-for-man-in-atv-murder-trial/65359895007/,2.438870806327491
loss,member,https://www.ydr.com/story/sports/college/penn-state/football/2022/07/20/penn-state-football-quarterback-sean-clifford-linebacker-curtis-jacobs-big-ten-stars/65372841007/,2.7325851647004904
loss,member,https://www.ydr.com/story/sports/college/penn-state/football/2022/09/18/penn-state-football-sean-clifford-nick-singleton-auburn-big-ten/69494944007/,3.429200304646977
loss,member,https://www.ydr.com/story/news/crime/2022/04/18/two-found-dead-red-lion-york-county-pa-murder-suicide-easter-morning/65350459007/,2.2102901808453788
loss,member,https://www.ydr.com/story/news/crime/2022/04/04/split-verdict-trial-attempted-murder-shooting-north-codorus-township-york-county/65346449007/,2.2601329833296955
loss,member,https://www.ydr.com/restricted/?return=https%3A%2F%2Fwww.ydr.com%2Fstory%2Fsports%2Fhigh-school%2F2022%2F06%2F23%2Fyaiaa-2021-2022-top-sports-high-schools-in-york-adams-league-dallastown-central-york-pa-dallastown%2F65362250007%2F,0.14190176102702567
loss,member,https://www.ydr.com/story/news/politics/elections/2022/08/30/eight-more-republicans-just-endorsed-josh-shapiro-over-doug-mastriano/65458907007/,2.502634091132514
loss,member,https://www.ydr.com/story/sports/college/2022/04/15/ncaa-gymnastics-perfect-score-gives-floridas-thomas-3-national-titles/65350064007/,3.027615991340551
loss,member,https://www.ydr.com/story/news/2022/05/20/tornado-watch-issued-for-central-pa/65356692007/,1.7413366409535247
loss,member,https://www.ydr.com/story/news/local/2022/07/08/jerry-reynolds-airville-body-found-holtwood-pa-death-lancaster-county/65369407007/,2.1969863336189697
loss,member,https://www.ydr.com/story/sports/high-school/football/2022/06/07/pitt-football-dallastowns-kenny-johnson-verbally-commits-to-panthers/65359210007/,2.493321122725191
loss,member,https://www.ydr.com/story/news/2022/08/02/snow-ice-storms-bound-for-pennsylvania-farmers-almanac-winter-forecast/65389109007/,2.3662955264797376
loss,member,https://www.ydr.com/story/news/crime/2022/04/01/man-found-guilty-involuntary-manslaughter-not-guilty-murder-deadly-shooting-york/65346416007/,2.254367785926661
loss,member,https://www.ydr.com/restricted/?return=https%3A%2F%2Fwww.ydr.com%2Fstory%2Fnews%2F2022%2F04%2F22%2Fcomings-and-goings-eco-friendly-store-opens-in-york-coffee-shop-closes%2F65351060007%2F,0.10471960920183516
loss,member,https://www.ydr.com/story/sports/high-school/football/2022/04/12/spring-grove-area-high-school-will-thompson-hired-as-football-coach-francis-scott-key/65349834007/,2.499803319636656
loss,member,https://www.ydr.com/story/sports/high-school/softball/2022/06/13/yaiaa-softball-coaches-name-2022-league-all-stars-players-of-the-year/65360527007/,2.0172552603962512
loss,member,https://www.ydr.com/story/opinion/2022/04/22/york-naacp-area-schools-not-doing-enough-about-rise-of-racial-prejudice/65351389007/,2.738206838399047
loss,member,https://www.ydr.com/story/news/crime/2022/06/21/york-man-dies-in-weekend-shooting-police-charge-brother-with-homicide/65362149007/,1.945975850435734
loss,member,https://www.ydr.com/story/sports/college/penn-state/football/2022/08/29/penn-state-football-james-franklin-big-ten-vs-purdue-sean-clifford/65407825007/,3.0125607442191566
loss,member,https://www.ydr.com/story/news/crime/2022/08/18/pennsylvania-state-trooper-driving-under-influence-central-pa/65409961007/,1.8660354627216096
loss,member,https://www.ydr.com/story/sports/high-school/wrestling/2022/06/28/spring-grove-high-school-officially-starts-girls-wrestling-team/65364409007/,2.5221254498510928
loss,member,https://www.ydr.com/restricted/?return=https%3A%2F%2Fwww.ydr.com%2Fin-depth%2Fnews%2F2022%2F06%2F14%2Fmike-smith-and-his-temple-guard-give-york-pa-youths-positive-path%2F6596906001%2F,0.14190176102702567
loss,member,https://www.ydr.com/story/sports/high-school/baseball/2022/05/26/district-3-baseball-scores-results-from-postseason-tournaments/65357551007/,1.5966254113010325
loss,member,https://www.ydr.com/story/opinion/2022/07/04/the-american-is-great-vision-vs-the-revolutionary-vision/65364730007/,3.2404401241646847
loss,member,https://www.ydr.com/story/sports/high-school/basketball-boys/2022/07/06/florida-basketball-perkiomens-new-oxford-tommy-haugh-makes-commitment/65367304007/,2.621845008259238
loss,member,https://www.ydr.com/story/news/2022/08/08/back-to-school-dates-updates-at-york-county-school-districts-education/65386876007/,1.7654168887413104
loss,member,https://www.ydr.com/story/news/2022/04/07/york-county-food-bank-is-moving-its-operations-out-of-the-former-kmart-store/65348695007/,2.495886257605076
loss,member,https://www.ydr.com/story/news/2022/07/01/white-clover-farm-stand-in-hellam-spurred-by-pandemic-food-supply-issues/65347398007/,2.831526858142697
loss,member,https://www.ydr.com/story/news/crime/2022/08/01/york-city-police-investigating-15th-homicide-2022/65388869007/,1.4568612542651853
loss,member,https://www.ydr.com/story/news/crime/2022/05/06/york-police-man-shot-killed-friday-south-pine-street/65354059007/,1.212334581073117
loss,member,https://www.ydr.com/story/news/2022/07/25/gettysburg-national-military-parks-little-roundtop-to-close-for-18-months-devils-den-construction-pa/65376312007/,2.932504235978383
loss,member,https://www.ydr.com/story/opinion/2022/06/29/the-american-is-great-vision-vs-the-revolutionary-vision/65364730007/,3.2404401241646847
loss,member,https://www.ydr.com/story/news/watchdog/2022/04/29/insurance-fraud-york-county-woman-faked-death-in-ukraine-cops-say/65352546007/,2.2025372313280056
loss,member,https://www.ydr.com/story/sports/high-school/basketball-girls/2022/04/28/three-yaiaa-girls-basketball-players-named-to-piaa-all-state-teams/65352253007/,1.9125734769166443
loss,member,https://www.ydr.com/story/sports/high-school/track/2022/05/21/district-3-track-and-field/65356540007/,2.5074508255052304
loss,member,https://www.ydr.com/story/news/2022/06/27/woman-dies-three-vehicle-crash-hanover-pa/65363667007/,1.6938577121042686
loss,member,https://www.ydr.com/story/sports/college/penn-state/football/2022/04/30/nfl-draft-bears-take-penn-states-jaquan-brisker-in-second-round/65352177007/,2.4465043779734996
loss,member,https://www.ydr.com/story/news/politics/elections/2022/06/23/testimony-rep-scott-perry-pardon-from-donald-trump-election-pennsylvania/65363103007/,2.0906023904330575
loss,member,https://www.ydr.com/story/news/local/2022/07/12/severe-thunderstorms-forecast-in-central-pennsylvania-tuesday/65372125007/,2.558456741848825
loss,member,https://www.ydr.com/story/news/2022/07/28/steve-miller-band-cancels-york-fair-show-because-of-positive-covid-test/65385293007/,2.4012806388685037
loss,member,https://www.ydr.com/story/news/politics/2022/04/20/pa-governor-race-2022-gop-candidates-debate-in-gettysburg/65350851007/,2.470825842769373
loss,member,https://www.ydr.com/story/opinion/2022/09/16/both-pa-candidates-for-governor-agree-on-school-choice/69498441007/,2.7762122896280927
loss,member,https://www.ydr.com/story/news/local/community/2022/06/10/rainbow-rose-center-hosts-york-county-pride-at-cousler-park/65360038007/,2.7435384920581485
loss,member,https://www.ydr.com/in-depth/news/politics/elections/2022/08/23/voter-fraud-is-rare-in-pennsylvania-but-allegations-flew-after-2020/65376026007/,2.3570735552360955
loss,member,https://www.ydr.com/story/news/crime/2022/06/27/york-city-police-investigates-homicide-after-man-dies-ot-op/65363658007/,1.520891085520344
loss,member,https://www.ydr.com/story/sports/high-school/2022/06/13/pa-lawmakers-some-say-girls-cant-compete-against-biological-boys/65359859007/,2.426440517357196
loss,member,https://www.ydr.com/story/news/politics/elections/2022/06/23/pa-house-speaker-bryan-cutler-details-2020-pressure-campaign/65362478007/,2.8016236147334945
loss,member,https://www.ydr.com/story/news/local/2022/07/27/man-dies-forklift-accident-at-jk-salvage-spring-garden-township/65384163007/,1.8924245229746903
loss,member,https://www.ydr.com/story/sports/high-school/football/2022/04/13/york-high-quarterback-sam-stoner-gets-division-i-offers-st-francis-towson/65349927007/,2.7831180935201916
loss,member,https://www.ydr.com/story/news/2022/04/19/check-out-10-unusual-wedding-venues-in-central-pennsylvania/65349484007/,2.835868412481341
loss,member,https://www.ydr.com/story/news/politics/elections/2022/06/16/yorkers-react-to-rep-scott-perrys-refusal-to-cooperate-with-jan-6-panel/65359564007/,2.605149002013218
loss,member,https://www.ydr.com/restricted/?return=https%3A%2F%2Fwww.ydr.com%2Fstory%2Fnews%2Fcrime%2F2022%2F04%2F06%2Fmistrial-declared-in-case-of-construction-worker-hit-killed-by-driver%2F65348679007%2F,0.10471960920183516
loss,member,https://www.ydr.com/story/news/2022/05/31/man-dies-suspected-drowning-susquehanna-river-york-pa-memorial-day/65358177007/,1.9682442391510235
loss,member,https://www.ydr.com/story/news/local/2022/05/18/yorktowne-hotel-rooftop-dining-construction-facade-update/65354723007/,3.1924143228412647
loss,member,https://www.ydr.com/story/news/watchdog/2022/04/25/teen-alleges-sexual-abuse-against-ex-york-city-police-officer/65351893007/,2.4027751628829948
loss,member,https://www.ydr.com/story/news/crime/2022/04/28/judge-grants-delay-trial-man-charged-first-degree-murder-dante-mullinix-york/65352473007/,2.4280382256480317
loss,member,https://www.ydr.com/story/sports/college/2022/06/28/ncaa-gymnastics-trinity-thomas-returning-for-fifth-season-at-florida/65364355007/,2.617252816637551
loss,member,https://www.ydr.com/story/news/local/2022/07/06/martin-library-6-million-renovation-completed-in-downtown-york/65367399007/,3.1655038071889416
loss,member,https://www.ydr.com/story/news/politics/2022/04/05/heres-why-democrat-john-fetterman-is-touring-in-red-pa-counties/65347627007/,2.4305657408995196
loss,member,https://www.ydr.com/story/news/2022/04/06/stray-goldendoodle-becomes-new-york-revolution-team-dog/65348529007/,2.9881720201182476
loss,member,https://www.ydr.com/restricted/?return=https%3A%2F%2Fwww.ydr.com%2Fstory%2Fsports%2Foutdoors%2F2022%2F05%2F19%2Fmom-appalachian-trail-addiction-jon-mundis-overdose-awareness%2F65352265007%2F,0.10471960920183516
loss,member,https://www.ydr.com/story/news/politics/2022/06/30/pennsylvanias-new-fiscal-year-will-begin-without-a-state-budget/65365334007/,0.24964641433010173
loss,member,https://www.ydr.com/story/news/2022/04/25/man-dies-after-falling-into-the-codorus-creek-in-york-fire-chief-says/65351925007/,2.074243547609467
loss,member,https://www.ydr.com/story/news/2022/05/30/gda-covid-19-state-2022-05-30-pa-ppyr/65358091007/,0.41300027558981783
loss,member,https://www.ydr.com/story/news/2022/06/20/a-new-apprenticeship-for-young-artists-is-coming-to-york/65361188007/,2.884615401186679
loss,member,https://www.ydr.com/story/news/local/2022/07/26/york-pa-residents-share-surveillance-cam-footage-of-shaheim-carr-murder-with-police/65378104007/,2.8847700330492705
loss,member,https://www.ydr.com/story/news/local/2022/05/16/see-major-updates-martin-library-york-before-july-grand-opening-teen-space/65354512007/,3.1104938350477513
loss,member,https://www.ydr.com/story/news/education/2022/08/29/satanism-event-fundraiser-york-county-pa-after-school-satan-club/65457233007/,2.651893450314466
loss,member,https://www.ydr.com/story/news/2022/08/04/best-of-the-best-awards-holds-first-gala-honors-york-county-businesses/65391182007/,2.9328101218518308
loss,member,https://www.ydr.com/story/opinion/2022/08/17/come-take-a-seat-in-york-pa-with-the-accomplished-william-c-goodridge/65407358007/,3.0849772353167495
loss,member,https://www.ydr.com/story/news/local/2022/04/11/lawsuit-york-mayor-michael-helfrich-oath-of-office/65349492007/,2.560975268158519
loss,member,https://www.ydr.com/story/news/2022/06/15/dover-solar-farm-approved-in-25-minutes/65361179007/,2.750206297427352
loss,member,https://www.ydr.com/story/news/local/2022/07/27/hope-fest-returns-to-york-with-hoops-tourney-gas-card-giveaway/65382794007/,2.5374974084574777
loss,member,https://www.ydr.com/story/sports/high-school/lacrosse-boys/2022/05/14/central-york-boys-york-catholic-girls-lacrosse-teams-earn-yaiaa-titles/65355281007/,2.147752442337064
loss,member,https://www.ydr.com/story/news/crime/2022/07/06/york-city-police-investigating-14th-homicide-tying-last-years-total/65368039007/,2.2067654849374474
loss,member,https://www.ydr.com/story/news/history/2022/04/05/artist-makes-connections-to-chip-away-at-wall-between-york-and-hanover/65348433007/,3.245062883133006
loss,member,https://www.ydr.com/story/sports/high-school/track/2022/05/14/piaa-track-and-field-laila-campbell-sets-blistering-league-mark-in-100/65355100007/,1.9171299266210529
loss,member,https://www.ydr.com/story/news/local/2022/08/25/interstate-83-reopen-after-queen-street-overpass-struck-exit-16-york/65420277007/,2.374990353995358
loss,member,https://www.ydr.com/story/news/local/2022/04/21/sixth-dover-solar-meeting-brings-new-witness-and-hopeful-decision-date/65351113007/,3.00035515580701
loss,member,https://www.ydr.com/story/sports/high-school/2022/05/19/susquehannock-delone-catholic-basketball-earns-sportsmanship-scholarships/65356510007/,2.4945455269667773
loss,member,https://www.ydr.com/story/sports/college/penn-state/football/2022/08/12/penn-state-football-big-ten-quarterback-jaxon-smolik-james-franklin/65402058007/,2.4272584170821037
loss,member,https://www.ydr.com/restricted/?return=https%3A%2F%2Fwww.ydr.com%2Fstory%2Fnews%2Fcrime%2F2022%2F04%2F01%2Fman-testifies-own-defense-attempted-murder-trial-shooting-north-codorous-township-york-county%2F65347533007%2F,0.10471960920183516
loss,member,https://www.ydr.com/story/news/2022/04/21/david-mccormick-pa-senate-candidate-making-strides-in-gop-primary/65348988007/,2.056911354698165
loss,member,https://www.ydr.com/story/money/2022/08/31/unemployment-reaches-pre-pandemic-levels-but-consumers-are-more-pessimistic-than-ever/65419897007/,2.4086410967976266
loss,member,https://www.ydr.com/story/sports/high-school/football/2022/09/10/central-pa-high-school-football-scoreboard-yaiaa-scores-week-3-results-highlights-york-high-carlisle/66852753007/,2.472121026587321
loss,member,https://www.ydr.com/story/news/2022/07/25/peach-bottom-township-pa-man-dies-in-skid-loader-accident/65381471007/,2.393667176390326
loss,member,https://www.ydr.com/story/news/politics/2022/09/12/pa-activists-demand-united-states-house-ethics-investigation-of-rep-scott-perry/66891225007/,2.217845552979187
loss,member,https://www.ydr.com/story/sports/college/penn-state/football/2022/08/31/penn-state-football-college-football-big-ten-purdue-james-franklin/65462642007/,2.138650486843053
loss,member,https://www.ydr.com/story/sports/high-school/basketball-boys/2022/07/20/york-countys-kent-olewiler-makes-new-mexico-state-basketball-roster-yaiaa-central-york/65371201007/,2.4803653043786933
loss,member,https://www.ydr.com/story/news/2022/07/01/deadly-crash-near-east-berlin-has-claimed-the-life-of-a-fourth-person-coroner-says/65365902007/,2.069712863557092
loss,member,https://www.ydr.com/story/news/2022/06/15/man-drowns-while-swimming-codorus-state-park-lake-york-pa-coroner-says/65361080007/,2.059670715738763
loss,member,https://www.ydr.com/story/sports/high-school/2022/06/22/what-will-the-yaiaa-look-like-with-22-teams-here-are-the-new-divisions/65362221007/,1.1598438849955797
loss,member,https://www.ydr.com/story/news/local/2022/08/22/route-30-crash-west-manchester-township-pa-man-dead/65413093007/,1.8755498555379844
loss,member,https://www.ydr.com/story/opinion/2022/09/12/york-day-nursery-turning-90-this-year/69486679007/,2.911768458169041
loss,member,https://www.ydr.com/story/opinion/2022/06/28/what-would-you-have-done-if-a-freedom-seeker-had-knocked-on-your-door/65364541007/,3.4831269612365627
loss,member,https://www.ydr.com/story/news/2022/04/27/keystone-kidspace-now-open-in-109-year-old-armory/65350228007/,2.7944255698889933
loss,member,https://www.ydr.com/story/news/politics/2022/05/10/republican-challengers-vying-to-unseat-saylor-gillespie-and-klunk/65354567007/,2.5571528720436634
loss,member,https://www.ydr.com/story/news/crime/2022/04/28/man-pleads-guilty-animal-cruelty-probation-york-county/65352476007/,1.8461272516881233
loss,member,https://www.ydr.com/story/news/crime/2022/06/09/dasean-morris-sentenced-in-york-murder-of-kyle-hagenbuch-thunderguards-motorcyles/65359290007/,2.1970670713421994
loss,member,https://www.ydr.com/story/sports/college/penn-state/football/2022/09/02/penn-state-football-purdue-big-ten-james-franklin-sean-clifford/65465704007/,3.4442327386912375
loss,member,https://www.ydr.com/story/news/2022/08/23/5-year-old-girl-woman-fatally-stabbed-at-home-southern-york-county-pa/65414954007/,2.0272118103742103
loss,member,https://www.ydr.com/story/news/crime/2022/05/20/u-s-marshals-arrest-york-man-in-fatal-shooting-of-selvin-mcewan/65356641007/,1.8431518949217678
loss,member,https://www.ydr.com/story/sports/high-school/lacrosse-girls/2022/04/26/how-these-best-friends-are-driving-york-catholic-lacrosses-title-hopes/65351446007/,2.43965113239957
loss,member,https://www.ydr.com/story/opinion/2022/08/09/big-york-county-birthdays-on-horizon/65396977007/,3.1914579281305984
loss,member,https://www.ydr.com/story/sports/outdoors/2022/08/13/catawissa-recreation-area-off-road-atv-use-riding-created-by-pa-dcnr-paragon-adventure-park/65402298007/,2.535567440117472
loss,member,https://www.ydr.com/story/news/2022/06/14/volunteer-fire-departments-struggle-to-recruit-worry-about-response-times/65353542007/,2.5057526246197037
loss,member,https://www.ydr.com/story/news/2022/06/02/delma-rivera-lytle-york-vying-for-ms-senior-pa-america/65358261007/,2.763233845319046
loss,member,https://www.ydr.com/story/sports/high-school/lacrosse-boys/2022/06/01/piaa-lacrosse-schedule-results-from-state-championships/65358281007/,1.7556496801559551
loss,member,https://www.ydr.com/story/news/2022/06/21/two-men-from-southwestern-york-county-die-in-maryland-crash/65362339007/,2.1272866028030433
loss,member,https://www.ydr.com/story/news/politics/elections/2022/05/13/two-democrats-seek-party-nomination-in-10th-congressional-district/65355137007/,2.281008364974732
loss,member,https://www.ydr.com/story/news/crime/2022/04/18/teen-in-fatal-shooting-of-york-high-william-penn-high-school-student-malaki-beady-to-stand-trial/65350077007/,2.3386576976137015
loss,member,https://www.ydr.com/story/sports/college/penn-state/football/2022/09/13/penn-state-football-big-ten-james-franklin-auburn-tigers-sec/69487321007/,2.75663156765998
loss,member,https://www.ydr.com/story/news/local/2022/04/18/puc-approves-sale-of-york-water-company-to-private-business-pawc/65350202007/,2.7833715682697204
loss,member,https://www.ydr.com/story/sports/2022/07/11/american-ninja-warrior-2022-cf-branden-williams-new-oxford/65362232007/,2.6213239636864327
loss,member,https://www.ydr.com/story/opinion/2022/05/11/pas-low-producing-wells-are-leaking-methane/65353721007/,2.831390172817965
loss,member,https://www.ydr.com/story/sports/college/penn-state/football/2022/09/14/penn-state-college-football-big-ten-auburn-tigers-in-sec/69487422007/,2.274068484167211
loss,member,https://www.ydr.com/story/opinion/2022/04/27/kreutz-creek-librarys-former-building-gains-new-life/65352254007/,3.324236998948048
loss,member,https://www.ydr.com/story/news/local/2022/06/27/lake-williams-dam-excavation-under-way-york-empty-lake-bed-turns-green/65362846007/,3.2646423436710883
loss,member,https://www.ydr.com/story/sports/high-school/2022/04/04/select-gametimepa-yaiaa-athletes-of-the-week-for-march-25-to-april-2/65348290007/,2.05884166500973
loss,member,https://www.ydr.com/story/news/2022/04/18/bill-mcswain-running-for-pa-governor-2022-primary-election/65348986007/,2.162737640674652
loss,member,https://www.ydr.com/story/news/2022/08/22/york-pa-bans-washing-cars-in-driveways-or-on-streets/65410788007/,2.7537530123563116
loss,member,https://www.ydr.com/story/sports/college/2022/04/01/trinity-thomas-leads-florida-into-regional-final-with-pair-of-10s-gymnastics-ncaa/65347723007/,2.7915734793305282
loss,member,https://www.ydr.com/story/sports/high-school/2022/04/11/select-gametimepa-yaiaa-athletes-of-the-week-for-april-4-to-april-9/65349464007/,1.8757851036191875
loss,member,https://www.ydr.com/story/news/local/2022/08/30/old-farmers-almanac-predicts-snowy-cold-winter-for-central-pennsylvania/65461359007/,2.203695700388363
loss,member,https://www.ydr.com/story/sports/college/penn-state/2022/05/10/nfl-penn-state-nittany-lions-football-walk-on-drew-hartlaub-to-carolina-panthers/65353082007/,2.7302585510169166
loss,member,https://www.ydr.com/story/news/local/2022/04/20/after-school-satan-club-denied-northern-york-school-board-joy-el-christian-club/65351019007/,2.7218326790454737
loss,member,https://www.ydr.com/restricted/?return=https%3A%2F%2Fwww.ydr.com%2Fin-depth%2Fnews%2F2022%2F06%2F13%2Farts-entertainment-york-county-most-influential-people%2F65351410007%2F,0.14190176102702567
loss,member,https://www.ydr.com/story/opinion/2022/06/07/agnes-left-behind-mud-dead-rats-old-tires-and-all-kinds-of-trash/65359554007/,2.8857187721817903
loss,member,https://www.ydr.com/story/news/local/2022/08/22/gifford-pinchot-state-park-suspends-water-activities-in-the-lake/65413407007/,2.6914604196694394
loss,member,https://www.ydr.com/story/news/politics/blogs/ydr-politics/2022/08/16/12-things-to-know-about-u-s-rep-scott-perry-a-focus-of-jan-6-probe/65398484007/,2.7157559844798542
loss,member,https://www.ydr.com/story/sports/college/penn-state/football/2022/09/02/penn-state-football-sean-clifford-joey-porter-purdue-james-franklin-drew-allar/65465541007/,3.0865676952801455
loss,member,https://www.ydr.com/story/news/crime/2022/09/08/virginia-hayden-sentenced-for-husband-thomas-hayden-death-remains-found-in-foodsaver-bag/65466365007/,2.769933232659292
loss,member,https://www.ydr.com/story/news/2022/06/06/york-county-prison-trainer-joseph-garcia-testified-in-cv-case/65358870007/,2.7709463915414796
loss,member,https://www.ydr.com/restricted/?return=https%3A%2F%2Fwww.ydr.com%2Fstory%2Fnews%2Fwatchdog%2F2022%2F05%2F18%2Fson-louis-appell-jr-initiates-civil-rico-case-limited-liability-company-owns-old-mesto-corp-building%2F65355293007%2F,0.10471960920183516
loss,member,https://www.ydr.com/story/news/2022/09/07/congressional-committee-skewers-postal-service-in-philadelphia-meeting-louis-dejoy/65800851007/,2.670058501371362
loss,member,https://www.ydr.com/story/money/careers/2022/09/13/having-trouble-hiring-penn-mar-might-be-able-to-help/69487345007/,2.6292317125923304
loss,member,https://www.ydr.com/restricted/?return=https%3A%2F%2Fwww.ydr.com%2Fin-depth%2Fnews%2F2022%2F06%2F13%2Fsports-york-county-most-influential-athletics-football-gymnastics-swimming%2F65351425007%2F,0.14190176102702567
loss,member,https://www.ydr.com/restricted/?return=https%3A%2F%2Fwww.ydr.com%2Fstory%2Fnews%2Fhistory%2Fgettysburg%2F2022%2F04%2F14%2Fraven-rock-mountain-nuclear-attack-target-doomsday-preppers-worried%2F65349485007%2F,0.10471960920183516
loss,member,https://www.ydr.com/story/opinion/2022/08/31/what-would-you-do-if-you-witnessed-someone-at-risk/65465660007/,3.177642948222379
loss,member,https://www.ydr.com/restricted/?return=https%3A%2F%2Fwww.ydr.com%2Fstory%2Fmoney%2Fbusiness%2F2022%2F05%2F31%2Fcomings-and-goings-popular-pool-closed-for-summer-market-houses-add-stands%2F65357481007%2F,0.1171446461991056
loss,member,https://www.ydr.com/story/news/religion/2022/04/05/york-county-church-tells-gospel-in-22-year-stained-glass-project/65345285007/,2.809592778228912
loss,member,https://www.ydr.com/story/opinion/2022/07/20/big-important-york-county-history-cultural-projects-picking-up-steam/65377980007/,3.169433442313411
loss,member,https://www.ydr.com/story/news/local/2022/08/22/i-83-overpass-york-county-repairs-route-74-bridge/65409148007/,2.5084576890636447
loss,member,https://www.ydr.com/story/news/2022/05/03/dining-out-for-spring-checking-out-revival-social-club-in-york/65350791007/,2.812247186823816
loss,member,https://www.ydr.com/story/news/2022/06/06/northeastern-school-district-offers-students-cdl-training-amid-driver-shortages/65357688007/,2.6872521088701276
loss,member,https://www.ydr.com/story/news/2022/07/28/york-state-fair-2022-fried-cauliflower-lolas-waffles-ice-cream/65384751007/,2.781675560746908
loss,member,https://www.ydr.com/story/sports/high-school/football/2022/08/29/central-pa-high-school-football-wil-rider-no-longer-football-coach-hanover-high-school/65462473007/,2.3642332566105075
loss,member,https://www.ydr.com/story/news/2022/06/09/how-the-pandemic-helped-wolfgang-confectioners-rebound-from-bankruptcy-candy-york-pa/65358750007/,2.721515217522947
loss,member,https://www.ydr.com/story/news/watchdog/2022/05/16/federal-judge-grants-preliminary-injuction-grandmother-2-year-old-dante-mullinix-york/65355837007/,2.2473386608896853
loss,member,https://www.ydr.com/story/sports/high-school/2022/04/07/track-and-field-league-has-records-dating-to-1980-and-others-from-2021/65348542007/,2.333313214978046
loss,member,https://www.ydr.com/story/news/2022/06/05/amber-alert-canceled-after-toddler-missing-from-york-county-is-found-safe/65358883007/,2.063204488310187
loss,member,https://www.ydr.com/restricted/?return=https%3A%2F%2Fwww.ydr.com%2Fin-depth%2Fnews%2F2022%2F06%2F13%2Fbusiness-development-york-county-most-influential-people%2F65351418007%2F,0.14190176102702567
loss,member,https://www.ydr.com/story/news/local/2022/09/06/interstate-83-queen-street-overpass-repairs-cost-up-to-double-after-hits/65467467007/,2.6097149019534167
loss,member,https://www.ydr.com/story/news/2022/06/15/vietnam-veteran-jon-langione-75-finally-got-eastern-york-high-school-diploma/65358492007/,2.6380887235766206
loss,member,https://www.ydr.com/story/news/local/2022/05/12/york-county-prison-feasibility-study-competency-restoration-center/65354974007/,2.124596234650838
loss,member,https://www.ydr.com/restricted/?return=https%3A%2F%2Fwww.ydr.com%2Fstory%2Fnews%2Fcrime%2F2022%2F04%2F12%2Fex-york-ice-arena-general-manager-mike-cleveland-enters-accelerated-rehabilitative-disposition%2F65348922007%2F,0.10471960920183516
loss,member,https://www.ydr.com/story/news/crime/2022/08/26/virginia-man-sentenced-logging-truck-death-hanover-brian-mawyer-eugene-ben-fuhrman/65418220007/,2.3523689822023472
loss,member,https://www.ydr.com/story/news/2022/04/25/encore-a-celebration-of-york-county-high-school-musicials-returns/65351061007/,2.33741690968918
loss,member,https://www.ydr.com/story/sports/college/penn-state/2022/04/11/former-nfl-penn-state-nittany-lion-running-back-gary-brown-dies-of-cancer/65349538007/,2.939886400597703
loss,member,https://www.ydr.com/story/sports/college/penn-state/football/2022/09/07/penn-state-big-ten-college-football-james-franklin-joey-porter/65475134007/,3.002691951505859
loss,member,https://www.ydr.com/story/sports/high-school/football/2022/06/23/northeastern-high-school-approves-kirby-brubaker-as-head-football-coach/65362925007/,2.553170095396666
loss,member,https://www.ydr.com/story/news/local/2022/08/31/york-county-judicial-center-closed-today-because-of-cooling-unit-leak/65465478007/,2.7353893609685
loss,member,https://www.ydr.com/restricted/?return=https%3A%2F%2Fwww.ydr.com%2Fin-depth%2Fnews%2F2022%2F06%2F01%2Frevitalization-gentrification-york-pa-salem-square-neighborhood%2F6795644001%2F,0.1171446461991056
loss,member,https://www.ydr.com/story/sports/high-school/football/2022/06/09/york-suburbans-mike-bentivegna-earns-offer-from-st-francis/65359674007/,2.4419450026721488
loss,member,https://www.ydr.com/story/sports/high-school/football/2022/04/26/central-york-quarterback-cade-pribula-to-transfer-from-delaware/65352088007/,2.4062308635905043
loss,member,https://www.ydr.com/story/news/2022/07/21/york-state-fair-2022-how-to-beat-the-heat-wave-through-the-weekend/65377927007/,2.276453652369646
loss,member,https://www.ydr.com/story/news/2022/08/17/york-daily-record-editor-randy-parker-has-left-the-newspaper/65407329007/,2.6295934049114846
loss,member,https://www.ydr.com/story/sports/college/penn-state/football/2022/08/29/penn-state-football-james-franklin-big-ten-purdue-sean-clifford/65461391007/,2.5844667986463628
loss,member,https://www.ydr.com/story/entertainment/2022/05/03/choir-choir-choir-event-brings-singing-after-covid-to-appell-center/65352201007/,3.0846056240397735
loss,member,https://www.ydr.com/story/news/local/2022/09/06/long-pine-run-reservoir-in-michaux-state-forest-adams-county-offers-quiet-escape/65466799007/,3.2567486398008088
loss,nonmember,https://www.ydr.com/story/news/2022/05/02/york-county-will-not-offer-drop-box-for-voters-to-return-mail-ballots/65353056007/,2.0147605991083664
loss,nonmember,https://www.ydr.com/story/news/crime/2022/05/23/dover-township-man-charged-in-shooting-at-the-walmart-in-northern-york-county/65357213007/,2.019916170709682
loss,nonmember,https://www.ydr.com/restricted/?return=https%3A%2F%2Fwww.ydr.com%2Fstory%2Fnews%2F2022%2F04%2F27%2Fex-york-county-911-employee-discrimination-wrongful-termination-lawsuit%2F65351908007%2F,0.21680067995554234
loss,nonmember,https://www.ydr.com/restricted/?return=https%3A%2F%2Fwww.ydr.com%2Fstory%2Fnews%2F2022%2F06%2F08%2Fthis-small-central-pa-town-grew-like-crazy-during-the-pandemic-mechanicsburg%2F65358412007%2F,0.13097711271997775
loss,nonmember,https://www.ydr.com/story/opinion/2022/08/23/york-pa-s-market-street-parking-garage-tells-50-year-tale-of-change/65415733007/,3.5398508332519842
loss,nonmember,https://www.ydr.com/story/sports/high-school/lacrosse-girls/2022/05/26/district-3-lacrosse-twin-valley-tops-york-catholic-for-2a-girls-title/65357508007/,2.3829319979610304
loss,nonmember,https://www.ydr.com/story/sports/outdoors/2022/07/19/world-record-butterfly-ray-caught-by-camp-hill-pa-bow-angler-jeremy-gipe/65374856007/,2.708646045191312
loss,nonmember,https://www.ydr.com/story/news/politics/2022/04/24/primary-election-2022-heres-who-is-running-pa-94th-state-house-seat/65350262007/,2.5073095484648222
loss,nonmember,https://www.ydr.com/story/sports/college/penn-state/football/2022/09/10/penn-state-football-ohio-bobcats-nicholas-singleton-drew-allar-kaytron-allen/66779446007/,3.184492926761552
loss,nonmember,https://www.ydr.com/story/sports/high-school/2022/06/16/yaiaa-girls-lacrosse-coaches-name-2022-league-all-stars/65361380007/,2.3067307021691623
loss,nonmember,https://www.ydr.com/story/news/2022/07/19/pa-moves-water-quality-and-saving-the-chesapeake-to-the-front-burner/65374281007/,2.447784817661572
loss,nonmember,https://www.ydr.com/story/news/2022/08/19/harley-davidson-iam-union-new-contract-york-pennsylvania-plant/65410302007/,2.544708277149487
loss,nonmember,https://www.ydr.com/story/news/crime/2022/05/31/man-sentenced-prison-aggravated-assault-attack-meredith-keltner-north-codorus-township-york-county/65357791007/,2.199931752917226
loss,nonmember,https://www.ydr.com/story/news/crime/2022/07/26/tyrell-dotson-convicted-of-murder-for-death-of-willmar-santos-batista/65378028007/,2.524560701495259
loss,nonmember,https://www.ydr.com/restricted/?return=https%3A%2F%2Fwww.ydr.com%2Fstory%2Fsports%2Fhigh-school%2F2022%2F05%2F23%2Fthe-top-baseball-and-softball-players-in-the-district-3-playoffs%2F65356526007%2F,0.10471960920183516
loss,nonmember,https://www.ydr.com/restricted/?return=https%3A%2F%2Fwww.ydr.com%2Fstory%2Fnews%2Fcrime%2F2022%2F04%2F06%2Fwoman-found-guilty-keeping-remains-grandmother-freezer-social-security-york-county%2F65347682007%2F,0.10471960920183516
loss,nonmember,https://www.ydr.com/restricted/?return=https%3A%2F%2Fwww.ydr.com%2Fstory%2Fnews%2Fwatchdog%2F2022%2F05%2F11%2Fyork-shooting-tony-wasilewski-2014-not-guilty%2F65350885007%2F,0.10471960920183516
loss,nonmember,https://www.ydr.com/story/news/2022/05/06/voter-intimidation-delayed-primary-results-possible-pa-official-says/65353837007/,2.3448801194803437
loss,nonmember,https://www.ydr.com/story/news/2022/04/13/pa-state-house-passes-bill-against-trans-girls-in-girls-sports/65349966007/,0.2445942788469413
loss,nonmember,https://www.ydr.com/story/news/crime/2022/05/03/york-county-police-departments-struggle-to-find-new-and-diverse-hires/65352123007/,2.6430240717621927
loss,nonmember,https://www.ydr.com/story/news/crime/2022/04/14/three-die-two-separate-shootings-york-pa-this-week/65349623007/,1.819452359111991
loss,nonmember,https://www.ydr.com/story/sports/college/penn-state/football/2022/04/18/penn-state-eric-wilson-journey-nfl-draft-2022/65347360007/,3.155311480658874
loss,nonmember,https://www.ydr.com/story/news/local/2022/04/15/pennsylvania-supreme-court-suspends-law-license-york-attorney-clarence-allen/65350197007/,2.0915727429714255
loss,nonmember,https://www.ydr.com/story/news/2022/04/21/interstate-81-accident-pa-police-release-names-six-who-died/65351243007/,2.240486936948883
loss,nonmember,https://www.ydr.com/story/news/2022/06/14/hurricane-agnes-flood-1972-devastated-central-pennsylvania-heavy-rain-flooding/65359285007/,2.5290556973211915
loss,nonmember,https://www.ydr.com/restricted/?return=https%3A%2F%2Fwww.ydr.com%2Fstory%2Fsports%2Fhigh-school%2Ftrack%2F2022%2F05%2F18%2Fpiaa-track-and-field-70-athletes-to-watch-in-district-3-meet%2F65355844007%2F,0.10471960920183516
loss,nonmember,https://www.ydr.com/story/sports/college/penn-state/football/2022/06/09/penn-state-football-nick-singleton-kaytron-allen-lead-james-franklin/65359587007/,2.828349226837515
loss,nonmember,https://www.ydr.com/story/news/2022/07/13/left-bank-restaurant-bar-eatery-downtown-york-pa-for-sale/65372564007/,2.5942794907092734
loss,nonmember,https://www.ydr.com/story/sports/high-school/basketball-girls/2022/07/05/new-west-york-and-spring-grove-basketball-york-college-coaches-started-at-same-place/65364925007/,2.619963285433437
loss,nonmember,https://www.ydr.com/story/news/local/2022/09/16/springettsbury-township-man-dies-25-days-after-2-vehicle-crash/69497262007/,2.0770594051983866
loss,nonmember,https://www.ydr.com/restricted/?return=https%3A%2F%2Fwww.ydr.com%2Fin-depth%2Fsports%2F2022%2F06%2F15%2F22-women-who-changed-york-adams-sports-before-after-title-ix%2F65351069007%2F,0.14190176102702567
loss,nonmember,https://www.ydr.com/restricted/?return=https%3A%2F%2Fwww.ydr.com%2Fstory%2Fnews%2Fcrime%2F2022%2F04%2F07%2Fman-sentenced-prison-two-deadly-drug-overdoses-york-county%2F65347700007%2F,0.10471960920183516
loss,nonmember,https://www.ydr.com/story/sports/high-school/football/2022/06/06/central-york-football-players-continue-to-pick-up-division-i-offers/65358420007/,2.542887518998546
loss,nonmember,https://www.ydr.com/story/news/2022/08/04/york-police-turn-to-the-community-for-ideas-to-reduce-gun-violence/65388415007/,2.7746341430128147
loss,nonmember,https://www.ydr.com/story/opinion/2022/06/21/york-aauw-at-50-group-resets-for-new-chapter-of-its-story/65362223007/,3.214813921130955
loss,nonmember,https://www.ydr.com/story/sports/college/penn-state/football/2022/08/08/penn-state-football-coaches-poll-big-ten-james-franklin/65395659007/,2.3678650977480618
loss,nonmember,https://www.ydr.com/story/news/2022/07/27/york-state-fair-ride-inspections-what-you-need-to-know/65382750007/,2.5844618931874566
loss,nonmember,https://www.ydr.com/story/news/local/2022/07/11/york-state-fair-july-22-31-details-admission-tickets-parking-hours-and-more/65364021007/,2.363674942648465
loss,nonmember,https://www.ydr.com/story/news/2022/07/12/rep-scott-perry-proud-boys-leader-zachary-rehl-implicated-jan-6-testimony/65372007007/,2.040076725382986
loss,nonmember,https://www.ydr.com/story/sports/high-school/track-girls/2022/06/21/laila-campbell-wins-100-meter-dash-at-new-balance-nationals/65362272007/,2.2457784236424274
loss,nonmember,https://www.ydr.com/story/sports/college/penn-state/football/2022/09/08/penn-state-big-ten-and-college-football-ohio-james-franklin/65742707007/,2.1726054679882947
loss,nonmember,https://www.ydr.com/story/news/2022/04/06/lake-williams-dam-built-in-1911-is-being-demolished/65348530007/,2.9638440343981416
loss,nonmember,https://www.ydr.com/story/news/2022/06/22/rich-wurzbach-of-mrg-labs-invented-a-blood-test-for-machines/65352146007/,2.8217096478246204
loss,nonmember,https://www.ydr.com/story/news/2022/06/30/child-found-dead-pool-campground-southern-york-county-pa-after-going-missing/65365256007/,2.1165875828824183
loss,nonmember,https://www.ydr.com/story/news/local/2022/06/23/judge-rules-favor-york-mayor-michael-helfrich-over-oath-office-henry-nixon/65363082007/,2.5548771510434345
loss,nonmember,https://www.ydr.com/story/news/2022/05/12/jan-6-panel-subpoenas-us-rep-scott-perry/65355153007/,0.6326180403024224
loss,nonmember,https://www.ydr.com/story/news/2022/07/25/mechanicsburg-man-dies-in-two-vehicle-crash-in-dover-township-police-say/65382145007/,1.8074280459477992
loss,nonmember,https://www.ydr.com/story/sports/college/penn-state/football/2022/09/06/penn-state-college-football-big-ten-ohio-james-franklin-nick-singleton/65474170007/,3.278033197842652
loss,nonmember,https://www.ydr.com/story/sports/high-school/2022/05/23/district-3-volleyball-results-scores-from-class-3a-2a-tournaments/65357229007/,1.4518661386131977
loss,nonmember,https://www.ydr.com/restricted/?return=https%3A%2F%2Fwww.ydr.com%2Fin-depth%2Fnews%2F2022%2F06%2F13%2Fphilanthropy-nonprofits-york-county-most-influential-people-charity-giving%2F65352045007%2F,0.14190176102702567
loss,nonmember,https://www.ydr.com/story/news/local/2022/09/09/tech-company-buys-york-continental-square-citizens-bank-property/67309566007/,3.0058398986155743
loss,nonmember,https://www.ydr.com/story/news/politics/elections/2022/07/03/protesters-at-york-rally-want-scott-perry-gone-from-congress/65366404007/,2.3909522567931583
loss,nonmember,https://www.ydr.com/restricted/?return=https%3A%2F%2Fwww.ydr.com%2Fstory%2Fnews%2F2022%2F04%2F21%2Fyork-restaurant-inspections-one-out-of-compliance%2F65350038007%2F,0.10471960920183516
loss,nonmember,https://www.ydr.com/story/news/2022/05/02/yorks-mothers-day-street-fair-was-canceled-but-theres-an-alternative-alexandria-keener-beaver-street/65352175007/,2.6547288542889684
loss,nonmember,https://www.ydr.com/story/sports/high-school/baseball/2022/06/02/district-3-baseball-east-pennsboro-beats-littlestown-for-4a-title/65358498007/,2.2861552180063245
loss,nonmember,https://www.ydr.com/restricted/?return=https%3A%2F%2Fwww.ydr.com%2Fstory%2Fnews%2Fwatchdog%2F2022%2F05%2F03%2Fmedical-marijuana-zero-tolerance-dui-pennsylvania%2F65352215007%2F,0.10471960920183516
loss,nonmember,https://www.ydr.com/story/news/2022/07/18/york-state-fair-2022-guide-to-what-to-eat/65373031007/,2.8520412338946253
loss,nonmember,https://www.ydr.com/story/opinion/columnists/2022/05/17/reporter-katia-parks-shares-insights-to-york-pa-violence/65350927007/,2.910405091268445
loss,nonmember,https://www.ydr.com/story/sports/high-school/football/2022/05/10/jon-scepanski-leaves-northeastern-to-take-conestoga-valley-football-job/65354649007/,2.197134621669344
loss,nonmember,https://www.ydr.com/story/news/2022/07/06/pennsylvania-residents-among-those-arrested-u-s-capitol-insurrection/4331778001/,2.1820266807632986
loss,nonmember,https://www.ydr.com/story/news/politics/2022/05/18/jeff-piccola-chairman-of-york-county-gop-resigns/65356063007/,2.4767483329683597
loss,nonmember,https://www.ydr.com/story/news/2022/05/17/york-county-2022-democratic-republican-primary-race-results-today/65355341007/,1.9098009273905372
loss,nonmember,https://www.ydr.com/story/sports/high-school/football/2022/09/13/sam-stoner-jahiem-white-closing-in-on-york-high-william-penn-football-records/69487731007/,2.607471014863575
loss,nonmember,https://www.ydr.com/story/news/2022/08/10/fat-daddys-nightclub-closes-auctioning-off-everything-in-york-pa-springettsbury/65395677007/,2.9359396877059383
loss,nonmember,https://www.ydr.com/story/sports/college/penn-state/football/2022/04/28/greatest-penn-state-catches-receivers-jahan-dotson-jameson-williams/65352118007/,2.723228145307151
loss,nonmember,https://www.ydr.com/story/opinion/2022/07/26/these-key-projects-would-boost-quality-of-life-in-york-county/65383602007/,3.2134802851411397
loss,nonmember,https://www.ydr.com/story/news/2022/04/27/congressman-scott-perry-new-text-reveals-more-about-attempt-to-change-2020-presidential-election-res/65352246007/,1.9509380709600403
loss,nonmember,https://www.ydr.com/story/news/2022/09/08/the-best-dive-bars-in-york-county-pa-here-are-6-to-check-out/65475324007/,2.9485899094188572
loss,nonmember,https://www.ydr.com/story/news/crime/2022/07/12/jaquez-brown-suspect-york-murder-shaheim-carr-recently-freed-prison/65371037007/,2.4372148481658966
loss,nonmember,https://www.ydr.com/restricted/?return=https%3A%2F%2Fwww.ydr.com%2Fstory%2Fnews%2F2022%2F06%2F07%2Fnew-species-yorkicystis-haefneri-discovered-dig-fossils-york-pa%2F65357621007%2F,0.13097711271997775
loss,nonmember,https://www.ydr.com/story/sports/high-school/football/2022/05/31/west-yorks-terry-bupp-elected-to-pennsylvania-football-coaches-hall-of-fame/65357624007/,2.551297958049754
loss,nonmember,https://www.ydr.com/story/sports/high-school/basketball-boys/2022/05/03/piaa-schools-vote-against-adding-a-shot-clock-to-high-school-basketball/65353578007/,2.5318054054507915
loss,nonmember,https://www.ydr.com/story/news/2022/06/29/the-haines-shoe-house-in-york-county-will-become-an-airbnb/65364374007/,2.4277141534004003
loss,nonmember,https://www.ydr.com/story/news/2022/05/04/meltdown-three-mile-island-airs-on-netflix/65353510007/,2.680927376119263
loss,nonmember,https://www.ydr.com/story/opinion/2022/09/06/restoring-yorks-potters-field-do-it-yourself-urbanism/65474708007/,3.2155060072961352
loss,nonmember,https://www.ydr.com/story/news/2022/04/07/central-pennsylvania-to-receive-rain-today-national-weather-service-says/65348821007/,2.896589505053549
loss,nonmember,https://www.ydr.com/story/news/2022/05/16/severe-thunderstorm-watch-issued-central-pa-tornado-possible/65355765007/,2.305175337885957
loss,nonmember,https://www.ydr.com/story/news/politics/2022/04/11/dr-oz-senate-campaign-trump-endorsement/65349165007/,2.338368383634399
loss,nonmember,https://www.ydr.com/story/sports/college/penn-state/football/2022/04/29/nfl-draft-washington-commanders-penn-states-receiver-jahan-dotson-in-first-round/65352135007/,2.472883148999797
loss,nonmember,https://www.ydr.com/story/sports/college/penn-state/2022/04/24/penn-state-james-franklin-sean-clifford-lead-psu-at-blue-white-game/65351312007/,3.0361332443885685
loss,nonmember,https://www.ydr.com/story/sports/college/penn-state/2022/04/23/penn-state-football-blue-white-game-with-james-franklin-drew-allar/65351234007/,2.8587538590801507
loss,nonmember,https://www.ydr.com/story/news/crime/2022/06/15/spring-garden-township-man-charged-with-fatally-stabbing-pregnant-woman-in-york-in-may/65361137007/,2.125692060980142
loss,nonmember,https://www.ydr.com/story/sports/high-school/basketball-girls/2022/07/11/gettysburg-star-named-gametimepa-yaiaa-girls-athlete-of-the-year/65370388007/,2.355955743449576
loss,nonmember,https://www.ydr.com/story/sports/high-school/2022/05/23/select-gametimepa-yaiaa-athletes-of-the-week-for-may-16-to-may-21/65357145007/,2.2684429617179767
loss,nonmember,https://www.ydr.com/story/news/2022/05/09/york-county-bakery-collects-donations-to-support-ukrainian-refugees/65353063007/,2.5643429080324176
loss,nonmember,https://www.ydr.com/story/news/2022/04/12/white-clover-farm-stand-in-hellam-spurred-by-pandemic-food-supply-issues/65347398007/,2.831526858142697
loss,nonmember,https://www.ydr.com/story/sports/high-school/football/2022/08/27/yaiaa-football-week-1-york-high-loses-thriller-central-york-gets-big-win/65457937007/,2.6736682504486597
loss,nonmember,https://www.ydr.com/story/sports/college/penn-state/football/2022/08/29/penn-state-football-big-ten-purdue-boilermakers-nick-singleton/65461401007/,3.1570608399476843
loss,nonmember,https://www.ydr.com/story/news/local/2022/06/22/central-pa-braces-severe-thunderstorms-across-states-md-dc-wva-va-wednesday-evening-9-pm/65362654007/,2.484686742684677
loss,nonmember,https://www.ydr.com/story/news/crime/2022/06/20/york-pa-woman-sentenced-hiding-grandmother-body-freezer-social-security/65361623007/,2.596280065206781
loss,nonmember,https://www.ydr.com/story/news/local/2022/05/26/veterans-memorial-gold-star-garden-memorial-day-event-honoring-wwi-kia/65354618007/,2.794952444213801
loss,nonmember,https://www.ydr.com/story/news/crime/2022/04/15/man-dies-after-being-shot-during-fight-outside-home-in-adams-county/65350257007/,2.224327468111361
loss,nonmember,https://www.ydr.com/story/news/local/2022/07/29/multiple-casualties-chanceford-township-crash-york-county-traffic-collision/65386614007/,2.227649242441077
loss,nonmember,https://www.ydr.com/story/opinion/2022/05/03/new-life-for-hanover-trolley-rails/65353555007/,2.9791373259152363
loss,nonmember,https://www.ydr.com/story/news/2022/05/13/infant-found-dead-east-berlin-mother-ashley-decker-charged/65355254007/,1.8748056181523838
loss,nonmember,https://www.ydr.com/story/news/local/2022/07/18/reverend-adrian-boxley-appointed-york-city-district-justice-by-state/65371722007/,2.80633859386095
loss,nonmember,https://www.ydr.com/story/news/2022/05/03/give-local-york-24-hours-of-fundraising-right-around-the-corner/65353091007/,2.8426620055602423
loss,nonmember,https://www.ydr.com/story/news/nation/2022/07/06/michael-lopatic-of-lancaster-dead-one-year-after-insurrection-arrest/65367853007/,2.0390261775747818
loss,nonmember,https://www.ydr.com/story/sports/high-school/football/2022/08/27/central-pa-high-school-football-yaiaa-scores-results-highlights-from-week-1/65419140007/,2.441491089317493
loss,nonmember,https://www.ydr.com/story/news/2022/09/12/pa-drivers-will-get-new-licenses-with-enhanced-security-features/69486893007/,2.1970170978723913
loss,nonmember,https://www.ydr.com/story/sports/college/penn-state/football/2022/09/10/penn-state-football-score-vs-ohio-university-bobcats-big-ten-nick-singleton/66758652007/,2.9559520529154226
loss,nonmember,https://www.ydr.com/story/news/crime/2022/05/23/murder-suicide-deadly-shooting-gunfire-mar-weekend-in-york-county/65356861007/,2.0582372007419436
loss,nonmember,https://www.ydr.com/story/opinion/2022/04/12/2-century-old-st-paul-lebanon-lutheran-church-illustrates-easter-message/65349861007/,3.13902557300208
loss,nonmember,https://www.ydr.com/story/opinion/2022/04/19/100-year-old-catholic-womans-club-in-york-draws-strength-from-its-past/65350914007/,3.0927024233537996
loss,nonmember,https://www.ydr.com/story/sports/high-school/baseball/2022/06/09/piaa-baseball-delone-catholic-tops-schuylkill-haven-to-reach-2a-semis/65359966007/,2.4545764810815722
loss,nonmember,https://www.ydr.com/story/news/crime/2022/05/26/york-county-district-attorney-drops-charges-co-defendant-attack-north-codorus-township/65357291007/,1.9977135808262958
loss,nonmember,https://www.ydr.com/story/sports/college/penn-state/football/2022/08/07/penn-state-football-3-things-to-learn-about-2022-big-ten-season/65393638007/,2.7263896473406373
loss,nonmember,https://www.ydr.com/story/sports/college/penn-state/football/2022/06/02/drew-hartlaub-hanover-leaves-carolina-panthers-injury-concussions/65358206007/,2.8263328577913587
loss,nonmember,https://www.ydr.com/restricted/?return=https%3A%2F%2Fwww.ydr.com%2Fstory%2Fnews%2F2022%2F05%2F10%2Fcould-mental-health-experts-prevented-killing-of-lebanon-police-lt-william-lebo%2F65352523007%2F,0.10471960920183516
loss,nonmember,https://www.ydr.com/restricted/?return=https%3A%2F%2Fwww.ydr.com%2Fstory%2Fsports%2Fhigh-school%2F2022%2F05%2F24%2Fnil-name-image-likeness-deals-could-be-headed-piaa-what-it-means-pa-high-school%2F65354558007%2F,0.1171446461991056
loss,nonmember,https://www.ydr.com/story/news/2022/05/24/brian-korte-york-haven-lynwood-nester-dillsburg-charged-capitol-riots/65357319007/,2.642363793364725
loss,nonmember,https://www.ydr.com/story/opinion/2022/06/23/trovestreet-a-new-way-to-learn-about-aging-in-york-county/65362833007/,2.6822012861829654
loss,nonmember,https://www.ydr.com/story/opinion/2022/05/11/mifflin-house-preservation-latest-land-use-battle-in-eastern-york-county/65354943007/,3.00206466337816
loss,nonmember,https://www.ydr.com/story/news/2022/08/02/pennsylvania-turnpike-tolls-increase-by-5-percent-january-e-zpass-pa-turnpike-hike/65389692007/,2.1508248624938555
loss,nonmember,https://www.ydr.com/story/sports/college/penn-state/football/2022/08/02/psu-football-games-nittany-lions-james-franklin-sean-clifford/65385455007/,3.3874158154223712
loss,nonmember,https://www.ydr.com/restricted/?return=https%3A%2F%2Fwww.ydr.com%2Fstory%2Fnews%2Fwatchdog%2F2022%2F04%2F20%2Fc-sau-prison-trainer-testifies-unemployed-exaggerated-business-jospha-garcia%2F65350079007%2F,0.10471960920183516
loss,nonmember,https://www.ydr.com/restricted/?return=https%3A%2F%2Fwww.ydr.com%2Fstory%2Fsports%2Fhigh-school%2Fbaseball%2F2022%2F04%2F13%2Fhigh-school-sports-baseball-at-york-high-in-the-yaiaa-puerto-rico%2F65345438007%2F,0.10471960920183516
loss,nonmember,https://www.ydr.com/restricted/?return=https%3A%2F%2Fwww.ydr.com%2Fstory%2Fnews%2Fcrime%2F2022%2F05%2F06%2Fmothers-day-struggle-for-those-who-have-lost-children-parents%2F65353690007%2F,0.10471960920183516
loss,nonmember,https://www.ydr.com/story/sports/2022/05/05/toronto-blue-jays-call-up-delone-catholic-grad-casey-lawrence/65353814007/,2.1320421272105308
loss,nonmember,https://www.ydr.com/story/news/politics/elections/2022/05/26/politico-mark-meadows-burned-papers-after-meeting-with-scott-perry/65357627007/,2.1890730317006897
loss,nonmember,https://www.ydr.com/story/sports/high-school/2022/04/25/select-gametimepa-yaiaa-athletes-of-the-week-for-april18-to-april-23/65351891007/,2.3080836189348637
loss,nonmember,https://www.ydr.com/story/news/2022/04/08/york-county-food-bank-is-moving-its-operations-out-of-the-former-kmart-store/65348695007/,2.4264968053567846
loss,nonmember,https://www.ydr.com/story/opinion/2022/05/23/pas-farmers-municipalities-pay-for-legislatures-inaction-on-clean-water/65357214007/,2.8770848237988815
loss,nonmember,https://www.ydr.com/restricted/?return=https%3A%2F%2Fwww.ydr.com%2Fstory%2Fnews%2Flocal%2F2022%2F06%2F13%2Ftasalina-young-memory-daughter-dyamond-helps-others-in-york-pa%2F65356517007%2F,0.14190176102702567
loss,nonmember,https://www.ydr.com/story/news/local/2022/07/18/pa-backing-historic-small-restaurants-grant-awarded-harmony-inn/65371204007/,2.875392013659905
loss,nonmember,https://www.ydr.com/story/news/2022/04/20/senator-jake-corman-eyes-pa-governors-office-after-23-years-in-dc/65348987007/,2.1941016008701437
loss,nonmember,https://www.ydr.com/story/news/2022/06/30/cheap-gas-what-is-e15-unleaded-88-and-e85-is-it-safe-to-use-in-cars-boats-vehicles-sheetz/65364424007/,2.373694650815321
loss,nonmember,https://www.ydr.com/restricted/?return=https%3A%2F%2Fwww.ydr.com%2Fstory%2Fnews%2F2022%2F04%2F07%2Fpa-speed-cameras-work-zones-tickets-tossed-after-error-found%2F65345082007%2F,0.10471960920183516
loss,nonmember,https://www.ydr.com/story/sports/high-school/2022/05/09/select-gametimepa-yaiaa-athletes-of-the-week-formay-2-to-may-7/65354485007/,2.334509289687882
loss,nonmember,https://www.ydr.com/story/sports/high-school/softball/2022/07/06/piaa-softball-coaches-select-states-top-players/65365518007/,2.4471545773772587
loss,nonmember,https://www.ydr.com/story/sports/high-school/football/2022/08/22/central-pa-football-schedule-scores-york-adams-2022-season/65409218007/,1.0339565324003928
loss,nonmember,https://www.ydr.com/story/sports/college/2022/03/31/ncaa-gymnastic-regionals-how-to-watch-the-action-from-4-competitions/65347499007/,2.3898255365689116
loss,nonmember,https://www.ydr.com/story/news/2022/07/29/one-killed-building-collapse-adams-county-central-pa-farm-state-police-say/65386328007/,2.471738168659674
loss,nonmember,https://www.ydr.com/story/news/2022/09/14/pa-residents-with-criminal-records-could-get-help/69491572007/,2.67745913842959
loss,nonmember,https://www.ydr.com/story/news/crime/2022/05/18/york-city-police-investigating-womans-overnight-death-as-homicide/65356359007/,1.966110906790321
loss,nonmember,https://www.ydr.com/restricted/?return=https%3A%2F%2Fwww.ydr.com%2Fstory%2Fnews%2F2022%2F04%2F21%2Fcomings-and-goings-eco-friendly-store-opens-in-york-coffee-shop-closes%2F65351060007%2F,0.10471960920183516
loss,nonmember,https://www.ydr.com/restricted/?return=https%3A%2F%2Fwww.ydr.com%2Fstory%2Fnews%2F2022%2F05%2F11%2Fthe-york-and-adams-county-real-estate-markets-are-still-pretty-hot%2F65354554007%2F,0.10471960920183516
loss,nonmember,https://www.ydr.com/story/news/local/2022/09/06/fall-festivals-and-family-friendly-activities-in-york-county/65419910007/,2.1823934807758647
loss,nonmember,https://www.ydr.com/story/sports/high-school/2022/04/18/select-gametimepa-yaiaa-athletes-of-the-week-for-april-11-16/65350764007/,2.3663075001393867
loss,nonmember,https://www.ydr.com/story/news/2022/04/26/man-dies-after-falling-into-the-codorus-creek-in-york-fire-chief-says/65351925007/,1.9962361369985615
loss,nonmember,https://www.ydr.com/story/news/local/2022/08/04/children-injured-in-deadly-amish-tractor-crash-york-county-remain-in-hospital/65390689007/,2.4048845748598664
loss,nonmember,https://www.ydr.com/story/news/crime/2022/04/18/york-school-district-chad-gerrick-pleads-guilty-disorderly-conduct/65350765007/,2.0421413802141712
loss,nonmember,https://www.ydr.com/story/news/local/2022/05/05/york-city-council-brings-crown-act-to-board-for-hair-discrimination/65353633007/,2.50590136971787
loss,nonmember,https://www.ydr.com/story/sports/high-school/wrestling/2022/05/05/dave-gable-steps-down-as-dallastown-wrestling-coach-after-25-years/65353876007/,2.654645144713992
loss,nonmember,https://www.ydr.com/story/news/crime/2022/05/25/former-north-york-tax-collector-keith-ramsay-rejected-veterans-wellness-court/65356693007/,2.289858827840247
loss,nonmember,https://www.ydr.com/story/sports/high-school/volleyball-boys/2022/06/01/piaa-boys-volleyball-results-matchups/65358273007/,1.3662805026218234
loss,nonmember,https://www.ydr.com/story/news/2022/08/02/the-community-responds-to-help-an-amish-family-touched-by-tragedy/65388394007/,2.6516472132897593
loss,nonmember,https://www.ydr.com/story/news/politics/2022/04/07/kenyatta-running-for-senate-because-the-status-quo-will-not-save-us/65348457007/,2.39593121716912
loss,nonmember,https://www.ydr.com/restricted/?return=https%3A%2F%2Fwww.ydr.com%2Fstory%2Fnews%2Fcrime%2F2022%2F05%2F09%2Fhearing-joe-fitzpatrick-iii-first-degree-murder-second-trial-york-county%2F65353970007%2F,0.10471960920183516
loss,nonmember,https://www.ydr.com/story/news/2022/05/18/shamaine-daniels-wins-democratic-nomination-to-face-scott-perry-us-congress/65355455007/,2.349563822337527
loss,nonmember,https://www.ydr.com/story/news/local/2022/06/22/adams-county-crash-leaves-three-dead-pa-police-say/65362619007/,2.225846319931999
loss,nonmember,https://www.ydr.com/restricted/?return=https%3A%2F%2Fwww.ydr.com%2Fstory%2Fsports%2Fhigh-school%2Ftrack%2F2022%2F05%2F19%2Fpiaa-track-and-field-70-athletes-to-watch-in-district-3-meet%2F65355844007%2F,0.10471960920183516
loss,nonmember,https://www.ydr.com/story/news/crime/2022/08/25/york-county-pa-da-says-shooting-after-wedding-self-defense/65415627007/,2.252251884330146
loss,nonmember,https://www.ydr.com/story/sports/college/penn-state/football/2022/06/28/penn-state-football-james-franklin-recruits-southern-players-from-alabama-al-florida-fla/65362631007/,2.5833832337482945
loss,nonmember,https://www.ydr.com/restricted/?return=https%3A%2F%2Fwww.ydr.com%2Fstory%2Fnews%2F2022%2F06%2F02%2Fafter-a-long-two-years-heres-where-summer-festivals-in-central-pa-stand-in-2022%2F65352431007%2F,0.11512179216979981
loss,nonmember,https://www.ydr.com/story/news/2022/05/03/encore-a-celebration-of-york-county-high-school-musicials-returns/65351061007/,2.144267765085127
loss,nonmember,https://www.ydr.com/story/news/local/2022/07/05/electric-wooden-tour-boat-chief-uncus-launched-in-susquehanna-river-york-county/65365534007/,2.9595793964219546
loss,nonmember,https://www.ydr.com/story/news/fixing-york/2022/09/01/redevelopment-plans-for-south-george-street-post-office-sought/65468307007/,2.8191890283250465
loss,nonmember,https://www.ydr.com/story/sports/high-school/volleyball-boys/2022/07/08/piaa-district-3-13-yaiaa-players-named-boys-volleyball-all-stars/65368955007/,2.2124146233203175
loss,nonmember,https://www.ydr.com/story/sports/high-school/football/2022/09/17/yaiaa-football-scores-from-week-4-dallastown-central-york-earn-wins/69496327007/,2.391613297174642
loss,nonmember,https://www.ydr.com/story/sports/high-school/football/2022/05/18/central-yorks-cade-pribula-transfers-from-delaware-to-sacred-heart/65355912007/,2.3158351045759327
loss,nonmember,https://www.ydr.com/story/news/local/2022/09/15/vandals-damaged-a-welcome-to-york-gateway-water-company-will-fix-it/69492561007/,2.817390257276405
loss,nonmember,https://www.ydr.com/story/news/local/2022/07/13/christmas-smile-in-july-offers-free-food-gifts-and-more-in-york/65371977007/,2.7188932611027234
loss,nonmember,https://www.ydr.com/story/news/crime/2022/09/07/strada-brothers-sentence-in-whispering-wind-bear-spirit-shooting-death/65466363007/,2.136801212467145
loss,nonmember,https://www.ydr.com/story/opinion/2022/07/05/years-after-civil-war-york-surrendered-a-second-time-to-confederates/65367339007/,3.298797344994619
loss,nonmember,https://www.ydr.com/story/news/politics/elections/2022/08/24/scott-perry-sues-department-of-justice-block-access-cellphone-jan-6-probe/65418234007/,2.4169798024878992
loss,nonmember,https://www.ydr.com/story/news/2022/05/23/york-state-fair-2022-what-to-expect-concerts-prices-heroes-hall/65355495007/,2.3131744018115894
loss,nonmember,https://www.ydr.com/story/sports/high-school/2022/07/15/nil-name-age-likeness-policy-pa-high-school-athletes-1-step-closer-to-deals-heres-how/65373478007/,2.493827541257499
loss,nonmember,https://www.ydr.com/story/sports/high-school/track/2022/05/20/district-3-track-and-field-results-from-day-1-in-shippensburg/65356535007/,2.453329351466888
loss,nonmember,https://www.ydr.com/story/news/crime/2022/08/19/former-york-city-police-officer-charged-sexual-abuse-teen-joseph-palmer/65411308007/,2.2824683655131333
loss,nonmember,https://www.ydr.com/story/news/health/2022/08/23/wellspan-health-celebrates-ecmo-survivors/65410594007/,2.479933596900602
loss,nonmember,https://www.ydr.com/story/news/politics/elections/2022/07/20/u-s-rep-scott-perry-votes-in-favor-of-bill-to-protect-gay-marriage/65378069007/,2.3029939790000933
loss,nonmember,https://www.ydr.com/story/sports/high-school/football/2022/07/11/dallastown-star-named-gametimepa-yaiaa-boys-athlete-of-the-year/65368843007/,2.555546218790856
loss,nonmember,https://www.ydr.com/story/sports/college/penn-state/football/2022/09/13/penn-state-big-ten-college-football-auburn-tigers-sec-drew-allar/69486532007/,2.936170598543444
loss,nonmember,https://www.ydr.com/story/opinion/2022/04/26/sen-regan-we-will-not-allow-satan-into-northern-york-county-schools/65352053007/,2.9920141612463187
loss,nonmember,https://www.ydr.com/story/opinion/2022/05/24/southcentral-pa-teachers-influence-lasts-a-lifetime/65357368007/,2.989326529507222
loss,nonmember,https://www.ydr.com/story/news/politics/2022/04/24/primary-election-2022-47th-pa-state-house-seat-contested-republican-ticket/65350261007/,2.8234104260495356
loss,nonmember,https://www.ydr.com/story/news/2022/04/12/easter-traditions-in-central-pa-include-pysanky-eggs-and-easter-bread/65348709007/,3.008414005907293
loss,nonmember,https://www.ydr.com/restricted/?return=https%3A%2F%2Fwww.ydr.com%2Fstory%2Fnews%2Flocal%2F2022%2F04%2F20%2Fcan-after-school-satan-club-sue-northern-york-school-district-lucien-greaves%2F65351105007%2F,0.10471960920183516
loss,nonmember,https://www.ydr.com/story/sports/high-school/2022/09/12/yaiaa-sports-select-athletes-of-the-week-for-sept-5-to-sept-10/69487037007/,2.6640376475201175
loss,nonmember,https://www.ydr.com/story/news/2022/04/20/more-than-21000-tulips-are-near-full-bloom-at-hershey-gardens/65350850007/,2.707256482263743
loss,nonmember,https://www.ydr.com/story/news/local/2022/09/01/gas-prices-drop-below-4-dollars-gallon-at-some-stations-in-york-county/65466343007/,2.1518095007221993
loss,nonmember,https://www.ydr.com/story/news/2022/06/13/christmas-assault-victim-barbara-laughman-west-manchester-township-encompass-health/65360603007/,2.22163133889533
loss,nonmember,https://www.ydr.com/story/sports/college/penn-state/football/2022/04/12/penn-state-football-nittany-lions-add-demeioun-robinson-maryland-linebacker/65349874007/,2.4467389777248156
loss,nonmember,https://www.ydr.com/restricted/?return=https%3A%2F%2Fwww.ydr.com%2Fstory%2Fnews%2F2022%2F05%2F09%2Fwestinghouse-atom-smasher-rots-away-in-a-pennsylvania-neighborhood%2F65352649007%2F,0.10471960920183516
loss,nonmember,https://www.ydr.com/story/news/watchdog/2022/05/20/pennsylvania-supreme-court-denies-request-appeal-york-county-prison-corrections-officers-taunting/65356543007/,2.3509968914457606
loss,nonmember,https://www.ydr.com/story/sports/high-school/2022/05/27/piaa-track-and-field-chambersburgs-j-j-kelly-wins-triple-jump-title/65357639007/,2.678923270235981
loss,nonmember,https://www.ydr.com/story/sports/college/penn-state/football/2022/07/21/penn-state-football-sexual-extortion-student-athletes-police/65377756007/,2.34435876782776
loss,nonmember,https://www.ydr.com/story/sports/high-school/football/2022/06/10/york-catholic-hires-longtime-assistant-brad-hayek-as-head-football-coach/65360074007/,2.4258716532741196
loss,nonmember,https://www.ydr.com/story/news/crime/2022/04/06/pennsylvania-superior-court-permission-appeal-ex-southwestern-regional-police-officer-shooting/65348674007/,2.230722469332763
loss,nonmember,https://www.ydr.com/story/sports/college/penn-state/football/2022/09/01/penn-state-purdue-boilermakers-big-ten-live-scoring-updates/65465506007/,2.733591514590237
loss,nonmember,https://www.ydr.com/story/news/health/2022/04/01/a-night-to-remember-those-lost-by-covid-with-1488-luminaries-in-york/65347724007/,3.1589454113732947
loss,nonmember,https://www.ydr.com/story/news/crime/2022/09/13/one-dead-one-injured-in-reported-stabbing-in-springettsbury-township/69492968007/,1.985618329474164
loss,nonmember,https://www.ydr.com/story/sports/college/penn-state/football/2022/05/09/penn-state-nittany-lions-football-dani-dennis-sutton-defensive-lineman/65352114007/,2.891587198864258
loss,nonmember,https://www.ydr.com/story/news/crime/2022/08/08/5-people-found-unconscious-two-now-dead-in-york-county-pa-home/65396070007/,2.1215351692525597
loss,nonmember,https://www.ydr.com/restricted/?return=https%3A%2F%2Fwww.ydr.com%2Fstory%2Fsports%2Fhigh-school%2Fbaseball%2F2022%2F05%2F24%2Fyork-high-baseball-dominican-republic-puerto-rico-york-revolution%2F65355801007%2F,0.1171446461991056
loss,nonmember,https://www.ydr.com/restricted/?return=https%3A%2F%2Fwww.ydr.com%2Fstory%2Fnews%2Fwatchdog%2F2022%2F04%2F14%2Frobert-vicosa-murder-suicide-timeline-events-transparency%2F65349570007%2F,0.10471960920183516
loss,nonmember,https://www.ydr.com/story/news/2022/08/25/fundraiser-christine-fousek-rylee-reynolds-stewartstown-york-county/65419562007/,2.20994413775087
loss,nonmember,https://www.ydr.com/story/sports/high-school/football/2022/09/02/central-pennsylvania-high-school-football-scoreboard-see-which-york-adams-teams-won-in-week-2/65468092007/,2.0217606116534945
loss,nonmember,https://www.ydr.com/story/sports/college/penn-state/football/2022/04/29/nfl-draft-penn-state-football-arnold-ebiketie-atlanta-falcons/65352157007/,2.5015250087001473
loss,nonmember,https://www.ydr.com/story/news/2022/09/14/trans-siberian-orchestra-to-perform-2-concerts-in-hershey-in-december/69491582007/,2.091856002527493
loss,nonmember,https://www.ydr.com/story/news/crime/2022/09/14/one-dead-one-injured-in-reported-stabbing-in-springettsbury-township/69492968007/,2.080107744678627
loss,nonmember,https://www.ydr.com/story/news/politics/elections/2022/08/17/democrat-shamaine-daniels-poll-shows-lead-over-rep-scott-perry/65404028007/,2.675464057324806
loss,nonmember,https://www.ydr.com/story/news/2022/05/18/york-county-2022-democratic-republican-primary-race-results-today/65355341007/,1.9098009273905372
loss,nonmember,https://www.ydr.com/story/news/crime/2022/09/13/york-county-coroner-identifies-man-who-died-after-weekend-shooting-in-city/69491367007/,1.6841053617931319
loss,nonmember,https://www.ydr.com/story/news/crime/2022/04/27/man-pleads-no-contest-third-degree-murder-deadly-shooting-west-manheim-township-york-county/65352283007/,2.0044605598025322
loss,nonmember,https://www.ydr.com/story/news/crime/2022/05/26/former-northern-york-county-regional-police-chief-facing-dui-charges/65357632007/,2.3629021812182835
loss,nonmember,https://www.ydr.com/story/news/2022/07/05/teen-dies-4-injured-single-vehicle-crash-near-littlestown-adams-county-pa-july-4/65367258007/,2.357681165521602
loss,nonmember,https://www.ydr.com/story/news/2022/04/13/conor-lamb-senate-race-says-record-over-john-fetterman/65348890007/,2.3553393814541286
loss,nonmember,https://www.ydr.com/story/sports/high-school/football/2022/09/08/central-pa-high-school-football-live-scoreboard-from-week-3-yaiaa-ll-league-mid-penn-conference/66862778007/,3.067779480665437
loss,nonmember,https://www.ydr.com/story/news/2022/05/10/real-id-in-pa-with-deadline-approaching-heres-what-you-need-to-know/65353960007/,2.1520816384500527
loss,nonmember,https://www.ydr.com/story/sports/college/penn-state/football/2022/04/29/penn-state-ad-patrick-kraft-confirmed-friday/65352557007/,2.683823144285966
loss,nonmember,https://www.ydr.com/story/news/crime/2022/05/27/daiquan-dickerson-sentenced-life-prison-murdering-dover-area-high-school-student-emily-shoemaker/65356726007/,2.171259736277767
loss,nonmember,https://www.ydr.com/story/sports/high-school/2022/06/27/award-winning-kennard-dale-powerlifting-coach-steps-down/65362716007/,2.661146856202984
loss,nonmember,https://www.ydr.com/story/sports/college/penn-state/football/2022/07/01/college-football-usc-ucla-joining-penn-state-big-ten/65366000007/,2.9975322674326006
loss,nonmember,https://www.ydr.com/story/sports/high-school/softball/2022/05/26/district-3-softball-championships-results-scores-from-each-round/65357552007/,1.3822023564660266
loss,nonmember,https://www.ydr.com/story/news/2022/05/20/police-investigating-shooting-west-manchester-west-york-auto-spa-express/65356744007/,2.1569974490392423
loss,nonmember,https://www.ydr.com/story/news/2022/06/07/philadelphia-man-sedition-charges-u-s-capitol-insurrection/65359583007/,1.7839897155616258
loss,nonmember,https://www.ydr.com/story/news/2022/08/11/hundreds-turn-out-to-protest-the-re-use-of-york-county-landfill/65398396007/,2.8125069133125535
loss,nonmember,https://www.ydr.com/story/news/crime/2022/08/19/takanii-beatty-gets-prison-time-for-york-rape-prostitution-case/65405818007/,2.1558152725139963
loss,nonmember,https://www.ydr.com/restricted/?return=https%3A%2F%2Fwww.ydr.com%2Fstory%2Fnews%2F2022%2F06%2F14%2Fwill-pennsylvania-make-it-easier-for-teachers-to-carry-guns%2F65360505007%2F,0.14190176102702567
loss,nonmember,https://www.ydr.com/story/news/local/2022/08/16/lawsuit-louis-appell-iii-filed-against-ufd-founders-settled/65395849007/,2.6724360606348183
loss,nonmember,https://www.ydr.com/story/news/2022/08/01/york-pa-three-alarm-fire-destroys-vacant-home-east-mason-avenue/65387808007/,2.6569583347327397
loss,nonmember,https://www.ydr.com/story/news/2022/08/09/pa-cuts-corporate-net-income-tax-nearly-in-half/65396041007/,2.2524795956450863
loss,nonmember,https://www.ydr.com/story/news/local/2022/06/27/six-york-county-restaurants-out-of-compliance-inspections-dirty-kitchens/65361708007/,2.4653949276393927
loss,nonmember,https://www.ydr.com/story/news/2022/05/27/weather-alert-storms-flash-floods-possible-tornado-central-pa/65357673007/,2.080957590578601
loss,nonmember,https://www.ydr.com/story/news/politics/2022/04/24/voters-guide-2022-10th-congressional-race-in-pennsylvania/65350260007/,2.598504241707269
loss,nonmember,https://www.ydr.com/story/news/crime/2022/04/28/york-county-victims-rights-coalition-march-vigil-trauma-support/65352197007/,2.602261565343664
loss,nonmember,https://www.ydr.com/story/news/politics/2022/04/24/primary-election-2022-two-republicans-vying-pa-169th-state-house-seat/65350263007/,3.2584796952007253
loss,nonmember,https://www.ydr.com/restricted/?return=https%3A%2F%2Fwww.ydr.com%2Fstory%2Fnews%2F2022%2F05%2F03%2Fa-developer-has-big-plans-for-former-memorial-hospital-site%2F65352173007%2F,0.10471960920183516
loss,nonmember,https://www.ydr.com/story/opinion/2022/07/15/the-long-road-to-vindication-for-officer-clayton-swartz-opinion/65374340007/,3.1981261014092404
loss,nonmember,https://www.ydr.com/story/sports/high-school/tennis-girls/2022/04/29/yaiaa-tennis-which-players-are-still-alive-for-championships/65352612007/,2.668808984807633
loss,nonmember,https://www.ydr.com/story/sports/college/penn-state/football/2022/09/18/penn-state-football-nick-singleton-auburn-tigers-big-ten-sec/69494656007/,3.0551061435075555
loss,nonmember,https://www.ydr.com/story/news/2022/06/22/american-idol-finalist-huntergirl-york-state-fair-july-29/65362462007/,2.1648407608625506
loss,nonmember,https://www.ydr.com/story/news/crime/2022/05/16/york-activists-dog-and-car-stolen-begs-thief-to-return-pet-safely/65355772007/,2.7681564086204262
loss,nonmember,https://www.ydr.com/story/news/2022/04/18/mollys-courtyard-cafe-york-to-close-and-new-cafe-reopens-in-june/65349885007/,2.623604827552593
loss,nonmember,https://www.ydr.com/story/news/2022/06/29/co-defendant-in-dover-student-emily-shoemakers-murder-sentenced/65364373007/,2.172921047115786
loss,nonmember,https://www.ydr.com/restricted/?return=https%3A%2F%2Fwww.ydr.com%2Fstory%2Flife%2Ffood%2F2022%2F05%2F16%2Ffarms-in-york-county-offer-home-deliveries%2F65352137007%2F,0.10471960920183516
loss,nonmember,https://www.ydr.com/story/news/local/2022/06/10/york-county-police-partner-with-logos-on-public-safety-collaboration/65359772007/,2.9501300413521228
loss,nonmember,https://www.ydr.com/story/opinion/2022/08/02/st-lukes-lutheran-church-celebrates-250-anniversary-in-southern-york-county/65389486007/,3.1114505562725423
loss,nonmember,https://www.ydr.com/restricted/?return=https%3A%2F%2Fwww.ydr.com%2Fin-depth%2Fnews%2F2022%2F06%2F13%2Factivism-social-justice-york-most-influential-people%2F65351407007%2F,0.14190176102702567
loss,nonmember,https://www.ydr.com/story/news/local/2022/05/31/murder-suicide-victim-erin-walker-remembered-at-central-memorial/65358157007/,2.554691894241565
loss,nonmember,https://www.ydr.com/story/news/local/2022/07/21/york-mayor-michael-helfrich-oath-of-office-decision-appealed-to-superior-court/65377376007/,2.6855387490067604
loss,nonmember,https://www.ydr.com/restricted/?return=https%3A%2F%2Fwww.ydr.com%2Fstory%2Fnews%2F2022%2F05%2F12%2Fparents-at-northeastern-school-district-fed-up-with-bullying%2F65351444007%2F,0.10471960920183516
loss,nonmember,https://www.ydr.com/story/sports/high-school/football/2022/09/08/red-lion-high-school-garrett-coppersmith-makes-record-breaking-kick/66745861007/,2.7117393212772614
loss,nonmember,https://www.ydr.com/story/sports/high-school/football/2022/06/17/eric-depew-hired-as-red-land-football-coach-after-leaving-york-catholic/65361664007/,2.291955103759236
loss,nonmember,https://www.ydr.com/story/news/2022/09/13/emt-struck-by-truck-in-downtown-york/69493220007/,3.0829893953255034
loss,nonmember,https://www.ydr.com/story/news/watchdog/2022/05/20/york-daily-record-takes-district-attorney-to-court-in-vicosa-case/65355306007/,2.3554506063745118
loss,nonmember,https://www.ydr.com/story/sports/2022/06/24/michigans-eli-brooks-signs-summer-league-contract-with-indiana-pacers/65363446007/,2.1196893624203743
loss,nonmember,https://www.ydr.com/restricted/?return=https%3A%2F%2Fwww.ydr.com%2Fstory%2Fsports%2Fhigh-school%2F2022%2F04%2F04%2Fyork-adams-players-watch-district-state-high-school-sports-yaiaa%2F65347631007%2F,0.10471960920183516
loss,nonmember,https://www.ydr.com/story/news/2022/05/19/harley-davidson-york-county-pa-springettsbury-township-suspends-operations/65356500007/,1.808178357796016
loss,nonmember,https://www.ydr.com/restricted/?return=https%3A%2F%2Fwww.ydr.com%2Fstory%2Fsports%2Fhigh-school%2Ffootball%2F2022%2F05%2F11%2Fcoach-russ-stoner-goes-beyond-football-for-city-of-york-school-district%2F65350937007%2F,0.10471960920183516
loss,nonmember,https://www.ydr.com/story/news/2022/05/11/york-county-911-holding-recruitment-drive-to-fill-15-open-positions/65354635007/,2.557796963883069
loss,nonmember,https://www.ydr.com/story/news/2022/06/03/central-pa-bars-taverns-facing-beer-shortage/65358543007/,2.7810182579832174
loss,nonmember,https://www.ydr.com/story/sports/college/2022/04/02/trinity-thomas-leads-florida-to-third-highest-gymnastic-total-in-ncaa/65347768007/,2.565985713590726
loss,nonmember,https://www.ydr.com/restricted/?return=https%3A%2F%2Fwww.ydr.com%2Fstory%2Fnews%2F2022%2F05%2F16%2Fyork-county-restaurant-inspections-engine-oil-bottle-found-in-food-area-meat-not-covered%2F65354936007%2F,0.10471960920183516
loss,nonmember,https://www.ydr.com/story/news/crime/2022/05/24/spring-garden-police-press-conference-central-york-high-school-teacher-fatal-shooting/65357296007/,2.58524308767821
loss,nonmember,https://www.ydr.com/story/sports/high-school/basketball-girls/2022/05/02/jim-kunkle-resigns-as-west-york-area-high-school-girls-basketball-coach/65353118007/,2.5366084128642656
loss,nonmember,https://www.ydr.com/story/opinion/2022/09/13/2022-dorrie-leader-award-recipient-lizaida-morales/69492274007/,2.980545566587761
loss,nonmember,https://www.ydr.com/story/news/2022/05/24/celebrate-national-wine-day-with-mark-and-vals-wine-in-york/65356572007/,2.689139358000824
loss,nonmember,https://www.ydr.com/story/sports/high-school/football/2022/09/06/yaiaa-sports-select-athletes-of-the-week-foraug-29-to-sept-3/65475033007/,2.3442484295142623
loss,nonmember,https://www.ydr.com/story/sports/college/penn-state/football/2022/04/20/penn-state-blue-white-football-game-2022-james-franklin-nick-singleton/65350805007/,2.8861972017439688
loss,nonmember,https://www.ydr.com/story/sports/high-school/2022/05/31/high-school-sports-select-final-yaiaa-athletes-of-week-for-2021-22/65358283007/,2.759438256864365
loss,nonmember,https://www.ydr.com/story/news/politics/2022/04/25/pa-voters-guide-2022-where-the-primary-candidates-stand/65350980007/,2.076217849854181
loss,nonmember,https://www.ydr.com/story/news/local/community/2022/07/27/russia-ukraine-war-antonina-kovalenko-emigsville-george-hay-kain/65381771007/,2.539370735055313
loss,nonmember,https://www.ydr.com/story/sports/nfl/2022/04/25/bruce-arians-retirement-nfl-coach-tampa-bay-health-tom-brady/65348336007/,2.9911147506120743
loss,nonmember,https://www.ydr.com/story/news/local/2022/08/15/route-30-pa-crash-claims-the-life-of-one-york-township-woman/65403368007/,2.1294264313922517
loss,nonmember,https://www.ydr.com/story/news/local/2022/05/31/york-police-offer-form-for-residents-that-suffer-from-mental-illness/65357719007/,2.6189116259951892
loss,nonmember,https://www.ydr.com/story/news/2022/08/11/congressman-scott-perry-pa-10th-district-fbi-investigation/65399207007/,2.4488331598642965
loss,nonmember,https://www.ydr.com/story/news/politics/2022/09/15/mastriano-education-plan-would-cut-school-funding-by-12b-union-says/69495468007/,2.4046138439426694
loss,nonmember,https://www.ydr.com/story/news/2022/04/07/life-with-alopecia-is-an-emotional-roller-coaster/65348435007/,2.3204626767605503
loss,nonmember,https://www.ydr.com/story/sports/outdoors/2022/09/01/trout-stocking-hatcheries-pa-fish-boat-commission/65462285007/,2.6328045188245515
loss,nonmember,https://www.ydr.com/story/news/2022/06/10/osha-investigating-after-workers-fall-in-chocolate-tank-lancaster-pennsylvania-factory/65360110007/,2.11847150164098
loss,nonmember,https://www.ydr.com/story/news/2022/05/26/distinguished-young-women-of-york-county-to-award-scholarships/65357279007/,2.603967031259206
loss,nonmember,https://www.ydr.com/story/news/politics/2022/04/05/primary-2022-who-is-running-for-office-in-central-pa/65346540007/,1.9393355514387238
loss,nonmember,https://www.ydr.com/story/opinion/2022/04/06/sen-mike-regan-its-time-to-legalize-adult-use-marijuana-in-pa/65348677007/,2.6598069536733435
loss,nonmember,https://www.ydr.com/story/news/local/2022/09/07/problem-solver-studios-in-west-york-offers-safe-space-for-music-artists/65458109007/,2.6324840020662506
loss,nonmember,https://www.ydr.com/story/news/local/2022/07/13/video-helps-york-police-arrest-jaquez-brown-in-killing-of-shaheim-carr/65372942007/,2.388432108705431
loss,nonmember,https://www.ydr.com/story/news/2022/07/08/wildcat-roller-coaster-hershey-park-closing-rmc-coasters/65369486007/,2.5797688016390525
loss,nonmember,https://www.ydr.com/story/news/2022/05/17/primary-day-in-pennsylvania-what-you-need-to-know-about-the-polls-last-minute-mail-ballots/65352112007/,1.9252279668331902
loss,nonmember,https://www.ydr.com/story/news/politics/2022/04/14/pa-governors-race-doug-mastriano-leading-election-denier/65349168007/,2.288531015099258
loss,nonmember,https://www.ydr.com/story/news/2022/06/10/scott-perry-sought-presidential-pardon-january-6-insurrection-capitol-attack-liz-cheney/65360025007/,1.712523126937877
loss,nonmember,https://www.ydr.com/story/sports/high-school/lacrosse-boys/2022/05/16/yaiaa-boys-lacrosse-coaches-name-2022-all-stars-players-of-the-year/65355776007/,2.1526949118532577
loss,nonmember,https://www.ydr.com/restricted/?return=https%3A%2F%2Fwww.ydr.com%2Fstory%2Fsports%2Fhigh-school%2F2022%2F04%2F05%2Fyork-adams-players-watch-district-state-high-school-sports-yaiaa%2F65347631007%2F,0.10471960920183516
loss,nonmember,https://www.ydr.com/restricted/?return=https%3A%2F%2Fwww.ydr.com%2Fstory%2Fnews%2F2022%2F05%2F09%2Fcould-mental-health-experts-prevented-killing-of-lebanon-police-lt-william-lebo%2F65352523007%2F,0.10471960920183516
loss,nonmember,https://www.ydr.com/story/news/local/2022/08/03/york-xl-york-county-food-bank-seek-grants-from-gannett-community-thrives/65385659007/,3.0112360480725298
loss,nonmember,https://www.ydr.com/story/news/2022/06/07/baltimore-county-md-collector-chad-shapiro-has-thomas-edison-light-bulbs/65352109007/,3.3001938854685022
loss,nonmember,https://www.ydr.com/story/opinion/2022/06/15/york-countys-conspiracy-of-1803-a-troubling-story/65361114007/,3.363596668326816
loss,nonmember,https://www.ydr.com/story/sports/high-school/basketball-girls/2022/04/18/dallastowns-dshantae-edwards-commits-to-bethune-cookman-basketball/65350270007/,2.4604393886239038
loss,nonmember,https://www.ydr.com/restricted/?return=https%3A%2F%2Fwww.ydr.com%2Fstory%2Fsports%2Fhigh-school%2F2022%2F06%2F21%2Fgettysburg-athletics-should-the-yaiaa-be-ok-with-move-to-mid-penn%2F65361026007%2F,0.16658497992404694
loss,nonmember,https://www.ydr.com/story/news/2022/04/01/lebanon-city-police-officer-lebo-shooting-timeline-travis-shaud/65347767007/,2.1296219770580396
loss,nonmember,https://www.ydr.com/story/news/2022/07/27/former-superfund-site-in-hopewell-twp-could-be-reopened-as-landfill/65382901007/,2.5902737268605187
loss,nonmember,https://www.ydr.com/restricted/?return=https%3A%2F%2Fwww.ydr.com%2Fstory%2Fnews%2F2022%2F04%2F05%2Fnew-pizza-shop-opens-in-york-as-an-old-favorite-returns%2F65347318007%2F,0.10471960920183516
loss,nonmember,https://www.ydr.com/story/news/local/2022/08/31/united-steelworkers-union-gives-notice-of-strike-to-bae-systems-in-york/65464768007/,2.488447681689818
loss,nonmember,https://www.ydr.com/story/news/2022/06/16/first-black-owned-gettysburg-the-keystone-inn-bed-breakfast/65354942007/,2.7719954101437896
loss,nonmember,https://www.ydr.com/story/news/traffic/2022/08/29/route-462-market-street-by-interstate-83-to-close-five-weeks-for-bridge-replacement/65417738007/,2.4445493588773033
loss,nonmember,https://www.ydr.com/restricted/?return=https%3A%2F%2Fwww.ydr.com%2Fstory%2Fnews%2Flocal%2F2022%2F06%2F02%2Fconfidential-settlement-lawsuits-deaths-two-york-city-firefighters-ivan-flanscha-zachary-anthony%2F65357792007%2F,0.11512179216979981
loss,nonmember,https://www.ydr.com/story/money/business/2022/07/17/best-of-the-best-awards-to-honor-the-finest-of-york-county/65373475007/,2.642603305832308
loss,nonmember,https://www.ydr.com/story/news/politics/elections/2022/07/06/pa-coronavirus-deaths-doug-mastriano-republican-governor-race-josh-shapiro/65367847007/,1.6698141469369232
loss,nonmember,https://www.ydr.com/story/news/crime/2022/09/01/former-east-manchester-township-manager-gene-david-gentzler-kidnapping-sentenced-to-prison/65462077007/,2.405103967556979
loss,nonmember,https://www.ydr.com/story/sports/college/2022/04/16/florida-falls-short-ncaa-gymnastics-title-trinity-thomas-scores-perfect-10-west-york/65350392007/,2.8247064302125997
loss,nonmember,https://www.ydr.com/story/opinion/2022/04/29/sen-mike-regan-legally-wrong-in-stand-against-after-school-club-satan/65352613007/,2.845939690761521
loss,nonmember,https://www.ydr.com/restricted/?return=https%3A%2F%2Fwww.ydr.com%2Fstory%2Fnews%2F2022%2F05%2F04%2Fcomings-and-goings-popular-taco-place-returns-bar-and-grill-closes%2F65353557007%2F,0.10471960920183516
loss,nonmember,https://www.ydr.com/story/news/2022/06/13/york-state-fair-pa-toby-keith-tour-cancels-concert-july/65360563007/,2.2439849729014587
loss,nonmember,https://www.ydr.com/story/news/2022/06/14/chanceford-township-york-county-pa-teen-dies-from-injuries-in-crash-at-i-83-and-route-30-wellspan/65360665007/,2.058400098625004
loss,nonmember,https://www.ydr.com/story/news/local/2022/04/06/pennsylvania-state-police-settle-profiling-immigration-lawsuit/65348777007/,1.7036495955313724
loss,nonmember,https://www.ydr.com/story/life/food/2022/05/25/york-county-restaurants-guide-for-dining-outside-coffee-bakeries/65357297007/,2.9786415037284644
loss,nonmember,https://www.ydr.com/story/news/local/2022/08/15/william-goodridge-statue-is-first-in-york-to-honor-african-americans/65400442007/,2.9940976452933543
loss,nonmember,https://www.ydr.com/story/sports/high-school/baseball/2022/06/06/coastal-carolina-baseball-nick-parker-shut-out-east-carolina-ncaa-regional/65358918007/,2.234030531920949
loss,nonmember,https://www.ydr.com/story/sports/high-school/2022/05/28/piaa-track-spring-groves-laila-campbell-claims-two-gold-medals-again/65357640007/,2.3347804627328914
loss,nonmember,https://www.ydr.com/story/news/2022/08/01/york-state-fair-2022-sees-sharp-attendance-drop-hot-weather-blamed/65388258007/,2.4571275961861554
loss,nonmember,https://www.ydr.com/restricted/?return=https%3A%2F%2Fwww.ydr.com%2Fstory%2Fnews%2Fwatchdog%2F2022%2F05%2F25%2Fman-pleads-guilty-third-degree-murder-deadly-interstate-83-crash%2F65357260007%2F,0.1171446461991056
loss,nonmember,https://www.ydr.com/story/life/2022/06/23/102-year-old-retired-teacher-shares-memories-at-susquehannock-high/65362172007/,2.6654182328768323
loss,nonmember,https://www.ydr.com/story/news/crime/2022/05/22/one-injured-in-shooting-at-walmart-in-newberry-township-york-county/65356844007/,1.8988894759741215
loss,nonmember,https://www.ydr.com/story/news/local/2022/07/06/york-county-pa-single-vehicle-crash-one-woman-killed-lower-chanceford-township/65367755007/,1.6089704804066953
loss,nonmember,https://www.ydr.com/story/news/local/2022/05/03/crown-act-would-bar-discrimination-of-race-based-hairstyles-in-york/65353530007/,2.4252271524037523
loss,nonmember,https://www.ydr.com/story/sports/high-school/baseball/2022/06/14/yaiaa-baseball-coaches-name-2022-league-all-stars-players-of-the-year/65360678007/,2.004958281257462
loss,nonmember,https://www.ydr.com/story/news/crime/2022/06/06/york-woman-arrested-stole-car-with-toddler-inside/65358916007/,1.9086410657437385
loss,nonmember,https://www.ydr.com/story/news/2022/06/07/gas-prices-in-central-pa-surpass-5-a-gallon-at-some-stations/65359220007/,1.8818384913027197
loss,nonmember,https://www.ydr.com/story/news/history/gettysburg/2022/04/06/thaddeus-stevens-gets-a-statue-from-his-fan-club-in-gettysburg/65348341007/,2.944106830027309
loss,nonmember,https://www.ydr.com/story/news/local/2022/06/03/pedal-4-peace-wavecrave365-operating-in-condemned-building-closed-for-now/65358672007/,2.9765296882582675
loss,nonmember,https://www.ydr.com/story/news/politics/2022/05/18/keith-gillespie-stan-saylor-lose-pa-house-seats-in-gop-primary/65355136007/,2.628111314954194
loss,nonmember,https://www.ydr.com/in-depth/news/2022/05/24/saving-york-street-by-street-the-unsung-people-helping-our-hometown/65351134007/,2.6184463545688956
loss,nonmember,https://www.ydr.com/story/opinion/2022/04/21/opinion-legalizing-marijuana-in-pa-is-a-dangerous-idea/65351230007/,3.09668791851676
loss,nonmember,https://www.ydr.com/story/sports/college/penn-state/football/2022/07/19/penn-state-football-parecruiting-surge-in-big-ten-london-montgomery/65372327007/,2.745185720674784
loss,nonmember,https://www.ydr.com/restricted/?return=https%3A%2F%2Fwww.ydr.com%2Fstory%2Fnews%2Fwatchdog%2F2022%2F05%2F04%2Fnew-federal-guidance-juvenile-justice-reform-act-of-2018%2F65352687007%2F,0.10471960920183516
loss,nonmember,https://www.ydr.com/story/sports/high-school/2022/05/16/athletes-of-the-week-select-the-latest-yaiaa-winners/65355822007/,2.43954850021424
loss,nonmember,https://www.ydr.com/story/sports/high-school/2022/08/26/central-pa-football-scores-highlights-from-week-1-yaiaa-ll-league-mid-penn-conference/65420337007/,2.777693297554305
loss,nonmember,https://www.ydr.com/story/opinion/2022/07/13/articles-of-confederation-crafters-sentenced-1st-constitution-to-short-life/65373089007/,3.4035160272041955
loss,nonmember,https://www.ydr.com/story/sports/high-school/2022/05/02/york-adams-athletes-select-this-weeks-top-performers-in-online-polls/65353164007/,2.365072929641046
loss,nonmember,https://www.ydr.com/story/news/2022/04/05/dillsburg-halal-meats-suspended-after-usda-observes-mishandling-of-lamb/65348320007/,2.655613393337316
loss,nonmember,https://www.ydr.com/restricted/?return=https%3A%2F%2Fwww.ydr.com%2Fstory%2Fnews%2F2022%2F06%2F21%2Fdallastown-area-high-school-and-alumni-to-perform-mamma-mia-two-years-after-covid-shutdown%2F65360132007%2F,0.16658497992404694
loss,nonmember,https://www.ydr.com/story/news/crime/2022/04/18/york-city-struggles-for-answers-in-wake-of-continued-gun-violence/65347686007/,2.6596567606194292
loss,nonmember,https://www.ydr.com/story/news/local/2022/08/22/york-county-pa-history-center-construction-underway-site-from-first-power-station/65406643007/,3.193076071018659
loss,nonmember,https://www.ydr.com/story/life/2022/05/23/red-lion-senior-high-school-offers-student-run-cafe/65355189007/,2.7746627881250454
loss,nonmember,https://www.ydr.com/restricted/?return=https%3A%2F%2Fwww.ydr.com%2Fstory%2Fsports%2Fhigh-school%2F2022%2F05%2F17%2Fthe-district-3-playoffs-are-here-these-are-the-top-athletes-to-watch%2F65355261007%2F,0.10471960920183516
loss,nonmember,https://www.ydr.com/story/sports/high-school/football/2022/08/31/central-pa-high-school-football-scoreboard-results-from-week-2-yaiaa-ll-league-mid-penn-conference/65465990007/,2.981612571851797
loss,nonmember,https://www.ydr.com/story/news/local/2022/06/27/sheetz-lowers-some-gas-prices-in-pennsylvania-for-july-4th-holiday/65364124007/,1.9139541495166927
loss,nonmember,https://www.ydr.com/story/money/companies/2022/09/12/refillism-store-in-york-boosts-access-to-eco-friendly-lifestyle/68221522007/,2.6124357163880045
loss,nonmember,https://www.ydr.com/story/news/local/2022/04/04/dover-area-northern-york-county-pa-teen-dies-car-crash/65348254007/,1.6877340351234311
loss,nonmember,https://www.ydr.com/story/news/crime/2022/08/10/kimberly-metz-sentenced-in-willmar-santos-batista-fathers-day-york-murder/65394957007/,2.5856182700361243
loss,nonmember,https://www.ydr.com/story/sports/high-school/football/2022/09/16/central-pa-high-school-football-live-scoreboard-week-4-yaiaa-ll-league-mid-penn-conference/69496403007/,3.303636872065167
loss,nonmember,https://www.ydr.com/story/news/local/2022/08/04/tractor-crash-in-york-county-results-another-death-4-year-old-boy-jeffrey-ryan-fisher/65391877007/,2.282508096254311
loss,nonmember,https://www.ydr.com/story/news/2022/04/06/route-30-adams-county-crash-claims-the-life-of-york-haven-man/65348639007/,2.0329498141051032
loss,nonmember,https://www.ydr.com/story/news/local/2022/04/21/york-county-judge-hears-argument-petition-seeking-disqualification-york-mayor-michael-helfrich/65351027007/,2.423242692143663
loss,nonmember,https://www.ydr.com/restricted/?return=https%3A%2F%2Fwww.ydr.com%2Fstory%2Fnews%2F2022%2F06%2F09%2Fcomings-and-goings-downtown-york-gets-a-number-of-new-businesses%2F65359731007%2F,0.13097711271997775
loss,nonmember,https://www.ydr.com/story/news/local/2022/08/24/live-band-members-and-bill-hynes-get-lawsuit-for-think-loud-studio-property/65404659007/,2.8310301804707905
loss,nonmember,https://www.ydr.com/story/news/2022/06/16/tornado-watch-issued-for-central-pennsylvania-national-weather-service/65361497007/,2.218967181936713
loss,nonmember,https://www.ydr.com/story/news/crime/2022/05/23/central-york-teacher-killed-in-murder-suicide-in-spring-garden-township/65357189007/,2.154549176883461
loss,nonmember,https://www.ydr.com/story/news/2022/04/26/pennsylvanias-child-welfare-system-needs-to-be-reformed/65351885007/,2.734592405600541
loss,nonmember,https://www.ydr.com/story/opinion/2022/09/06/question-for-pennsylvania-child-welfare-how-can-more-children-be-saved/65463989007/,2.8017185159188345
loss,nonmember,https://www.ydr.com/story/sports/high-school/2022/06/06/piaa-championships-first-round-results-from-baseball-softball-playoffs/65359199007/,2.016752565480171
loss,nonmember,https://www.ydr.com/story/news/crime/2022/05/12/child-abuse-york-county-man-submerged-2-year-olds-hand-in-hot-water/65355049007/,2.0841513435446375
loss,nonmember,https://www.ydr.com/story/sports/college/penn-state/football/2022/08/25/penn-state-football-nittany-lions-jiayir-brown-tig-big-ten/65399007007/,2.8464822508850993
loss,nonmember,https://www.ydr.com/story/news/local/2022/04/19/satanist-club-proposal-to-northern-york-county-school-district-board/65350967007/,2.9790199821166263
loss,nonmember,https://www.ydr.com/story/news/2022/05/25/why-you-will-pay-400-for-a-bushel-of-blue-crabs-summer-2022-in-pa/65357266007/,2.60272356319429
loss,nonmember,https://www.ydr.com/story/news/2022/08/10/hershey-chocolate-enough-candy-halloween-but-it-will-cost-more/65395842007/,2.561359704740481
loss,nonmember,https://www.ydr.com/story/news/2022/05/10/pa-gas-prices-rise-new-record-high-dwindling-supplies/65353817007/,1.8069229141471783
loss,nonmember,https://www.ydr.com/story/news/local/2022/06/27/hanover-area-may-soon-get-a-wawa-first-in-york-county-pa/65363962007/,2.7001640346922104
loss,nonmember,https://www.ydr.com/story/news/2022/06/14/saving-york-street-by-street-read-about-heroes-york-pa/65360879007/,2.58135079190883
loss,nonmember,https://www.ydr.com/story/news/2022/08/10/after-yorkfest-was-canceled-again-local-artists-stepped-up-yorks-art-week/65396122007/,2.5907345412374285
loss,nonmember,https://www.ydr.com/story/sports/college/penn-state/football/2022/09/11/ncaa-college-football-penn-state-ohio-bobcats-nicholas-singleton-drew-allar/66789648007/,2.971388397035907
loss,nonmember,https://www.ydr.com/story/news/2022/05/05/voter-intimidation-delayed-primary-results-possible-pa-official-says/65353837007/,2.3360488174606777
loss,nonmember,https://www.ydr.com/story/news/local/2022/07/14/york-water-co-seeks-31-percent-rate-hike-puc-to-investigate/65373927007/,2.682616351414308
loss,nonmember,https://www.ydr.com/story/opinion/2022/04/18/this-war-is-partly-about-russian-vs-ukrainian-language/65350841007/,3.20376390821277
loss,nonmember,https://www.ydr.com/story/news/crime/2022/05/26/man-sentenced-prison-aggravated-animal-cruelty-york-county/65356698007/,2.161836665384945
loss,nonmember,https://www.ydr.com/story/news/crime/2022/07/07/york-settles-with-officer-clayton-swartz-joking-george-floyd-murder/65368943007/,2.6695363926098623
loss,nonmember,https://www.ydr.com/story/sports/high-school/2022/05/18/yaiaa-tournament-winners-from-volleyball-baseball-softball/65355964007/,2.3366459876282937
loss,nonmember,https://www.ydr.com/story/news/2022/04/14/pa-republican-jeff-bartos-is-running-for-u-s-senate-on-kitchen-table-issues/65348985007/,2.296486870452107
loss,nonmember,https://www.ydr.com/story/news/local/2022/07/05/central-pennsylvania-teen-opens-up-ice-cream-shop-with-unusual-flavors/65364068007/,2.4757205980579178
loss,nonmember,https://www.ydr.com/restricted/?return=https%3A%2F%2Fwww.ydr.com%2Fstory%2Fnews%2F2022%2F06%2F13%2Farchetype-pizza-in-downtown-york-to-open-june%2F65359889007%2F,0.14190176102702567
loss,nonmember,https://www.ydr.com/story/news/local/2022/08/15/york-county-pa-man-dies-suspected-carbon-monoxide-poisoning-car-accidentally-left-running-garage/65403627007/,2.473814390281294
loss,nonmember,https://www.ydr.com/story/news/2022/05/10/meltdown-three-mile-island-airs-on-netflix/65353510007/,2.8367158227256213
loss,nonmember,https://www.ydr.com/story/news/politics/2022/07/08/pa-lawmakers-agree-to-spend-billions-in-stimulus-money-in-budget/65369988007/,2.243588652281455
loss,nonmember,https://www.ydr.com/story/sports/high-school/baseball/2022/06/13/piaa-baseball-everett-tops-delone-in-class-2a-semifinals/65360511007/,2.4971571858461155
loss,nonmember,https://www.ydr.com/story/sports/high-school/football/2022/08/23/yaiaa-football-2022-preview-here-are-the-games-to-watch/65409917007/,2.323821575682418
loss,nonmember,https://www.ydr.com/story/sports/outdoors/2022/05/19/gifford-pinchot-state-park-offers-camping-boating-fishing-hiking/65355940007/,2.4166783047269615
loss,nonmember,https://www.ydr.com/story/news/2022/04/12/conor-lamb-senate-race-says-record-over-john-fetterman/65348890007/,2.3553393814541286
loss,nonmember,https://www.ydr.com/story/news/politics/2022/04/06/heres-how-charlie-gerow-is-standing-out-in-the-pa-gop-governor-race/65347892007/,2.4037647081606703
loss,nonmember,https://www.ydr.com/story/sports/high-school/basketball-boys/2022/05/07/susquehannocks-jalen-franklin-makes-class-5a-all-state-basketball-team/65354032007/,2.067904339369212
loss,nonmember,https://www.ydr.com/story/news/2022/05/03/5-5-million-purchase-saves-mifflin-house-an-underground-railroad-site/65352510007/,2.5757387820089868
loss,nonmember,https://www.ydr.com/story/news/2022/09/12/pennsylvania-turnpike-why-millions-of-dollars-are-owed-in-unpaid-tolls/65384329007/,2.4550344396922195
loss,nonmember,https://www.ydr.com/restricted/?return=https%3A%2F%2Fwww.ydr.com%2Fstory%2Fnews%2Fwatchdog%2F2022%2F04%2F22%2Fdante-mullinix-billboard-blames-york-county-for-death-of-2-year-old%2F65351181007%2F,0.10471960920183516
loss,nonmember,https://www.ydr.com/story/news/2022/06/15/volunteer-fire-departments-struggle-to-recruit-worry-about-response-times/65353542007/,2.5057526246197037
loss,nonmember,https://www.ydr.com/story/news/2022/06/21/red-lion-man-dies-in-single-vehicle-crash-over-the-weekend-york-county/65362165007/,1.8771846559669982
loss,nonmember,https://www.ydr.com/story/news/crime/2022/05/11/medical-marijuana-is-a-schedule-1-controlled-substance-in-pa-court/65354517007/,2.225750375716183
loss,nonmember,https://www.ydr.com/story/news/2022/06/16/local-fireworks-york-harrisburg-gettysburg-lancaster-pennsylvania/65358665007/,2.19398908756254
loss,nonmember,https://www.ydr.com/story/news/2022/07/22/york-father-says-sesame-place-character-snubbed-his-black-daughter/65379052007/,2.218516414942658
loss,nonmember,https://www.ydr.com/story/news/crime/2022/05/13/teen-pleads-guilty-third-degree-murder-prison-accomplice-deadly-shooting-york/65354698007/,2.2196592774849324
loss,nonmember,https://www.ydr.com/story/opinion/2022/05/27/how-we-can-solve-pas-behavioral-health-care-crisis/65357753007/,2.436765253480067
loss,nonmember,https://www.ydr.com/story/news/crime/2022/05/26/york-city-police-pa-investigating-a-homicide-involving-possible-trespasser/65357571007/,1.7804191518785337
loss,nonmember,https://www.ydr.com/story/news/crime/2022/08/18/york-area-man-charged-killing-man-dumping-body-lancaster-county/65408859007/,2.089227846558074
loss,nonmember,https://www.ydr.com/restricted/?return=https%3A%2F%2Fwww.ydr.com%2Fin-depth%2Fnews%2F2022%2F06%2F13%2Fpolitics-york-county-most-influential-government-reoublican-democrat%2F65351421007%2F,0.14190176102702567
loss,nonmember,https://www.ydr.com/story/sports/high-school/football/2022/08/15/pa-high-school-football-2022-york-adams-league-team-by-team-previews-players-to-watch/65403160007/,2.820743542645819
loss,nonmember,https://www.ydr.com/story/news/crime/2022/09/08/man-stabs-random-customer-at-walmart-in-york-county-to-return-to-jail-police-say/65742433007/,2.36614277094257
loss,nonmember,https://www.ydr.com/story/news/politics/elections/2022/07/08/scott-perry-congress-pa-republican-refuses-testimony-pardon/65369434007/,2.3155609104547406
loss,nonmember,https://www.ydr.com/story/news/politics/2022/04/21/tracking-campaign-updates-in-pennsylvanias-senate-and-governor-races/65350855007/,2.3208078587479313
loss,nonmember,https://www.ydr.com/story/sports/high-school/baseball/2022/04/19/dallastown-baseball-coach-greg-kinneman-reaches-100-career-wins/65350766007/,2.618185156840017
loss,nonmember,https://www.ydr.com/restricted/?return=https%3A%2F%2Fwww.ydr.com%2Fin-depth%2Fnews%2F2022%2F05%2F24%2Fyork-pa-northeast-neighborhood-2-women-do-what-they-can-to-help-saving-york-street-by-street%2F65351426007%2F,0.1171446461991056
loss,nonmember,https://www.ydr.com/story/news/local/2022/08/24/interstate-83-closed-after-truck-strikes-queen-street-overpass-again/65418552007/,2.5366198616705224
loss,nonmember,https://www.ydr.com/restricted/?return=https%3A%2F%2Fwww.ydr.com%2Fstory%2Fnews%2F2022%2F05%2F25%2Frestaurant-inspections-seven-out-of-compliance%2F65355268007%2F,0.1171446461991056
loss,nonmember,https://www.ydr.com/story/news/2022/08/10/rep-scott-perry-republican-york-county-pa-fbi-agents-seized-cellphone/65398266007/,0.21299048696861209
loss,nonmember,https://www.ydr.com/story/opinion/2022/06/15/bidens-border-failure-creates-national-security-humanitarian-crisis/65361133007/,2.5306067697516132
loss,nonmember,https://www.ydr.com/story/opinion/2022/05/18/give-mother-of-red-lion-catherine-meyer-due-recognition/65356449007/,3.188088693609138
loss,nonmember,https://www.ydr.com/story/news/local/2022/04/08/central-york-students-testify-before-congress-on-national-book-bans/65348834007/,2.4301908722851677
loss,nonmember,https://www.ydr.com/story/life/2022/08/29/silverberry-soaps-central-pa-student-starts-own-business/65417685007/,2.996512028803234
loss,nonmember,https://www.ydr.com/story/opinion/2022/05/31/tropical-storm-agnes-50-years-ago-like-something-out-of-the-bible/65358222007/,2.9255507129676874
loss,nonmember,https://www.ydr.com/story/opinion/2022/08/19/by-2060-yorks-summer-temps-will-be-like-nashvilles-opinion/65410717007/,3.10225894556962
loss,nonmember,https://www.ydr.com/story/sports/college/penn-state/football/2022/06/01/penn-state-football-white-out-game-against-minnesota-not-ohio-state/65358413007/,2.837489326233506
loss,nonmember,https://www.ydr.com/story/news/local/2022/08/03/national-night-out-in-york-is-a-time-to-focus-on-how-to-stop-violence/65389933007/,2.868792109689904
loss,nonmember,https://www.ydr.com/story/sports/high-school/2022/05/09/yaiaa-tournaments-which-teams-will-be-competing-for-championships/65354533007/,1.3813683652640996
loss,nonmember,https://www.ydr.com/story/sports/high-school/2022/07/05/select-gametimepas-yaiaa-athletes-of-the-year-for-2021-22/65365394007/,2.167819315633427
loss,nonmember,https://www.ydr.com/story/sports/outdoors/2022/05/19/many-options-to-consider-when-picking-purchasing-a-kayak-recreational-touring-fishing-paddles/65355833007/,2.6152177261306595
loss,nonmember,https://www.ydr.com/story/news/crime/2022/05/18/man-pleads-guilty-aggravated-assault-accomplice-murder-dover-area-high-school-senior-emily-shoemaker/65355302007/,2.024291431813372
loss,nonmember,https://www.ydr.com/story/sports/high-school/football/2022/07/20/spring-grove-footballs-andrew-osmun-commits-to-fordham-university/65378458007/,2.42462955468979
loss,nonmember,https://www.ydr.com/restricted/?return=https%3A%2F%2Fwww.ydr.com%2Fstory%2Fnews%2F2022%2F05%2F10%2Fwestinghouse-atom-smasher-rots-away-in-a-pennsylvania-neighborhood%2F65352649007%2F,0.10471960920183516
loss,nonmember,https://www.ydr.com/restricted/?return=https%3A%2F%2Fwww.ydr.com%2Fstory%2Fnews%2Fwatchdog%2F2022%2F04%2F26%2Fjudge-rejects-invasion-of-privacy-claim-york-city-police-officer-clayton-swartz%2F65351520007%2F,0.21680067995554234
loss,nonmember,https://www.ydr.com/story/news/local/2022/04/05/jk-salvage-explosion-attracts-fire-department-and-scares-residents/65348532007/,2.6883953600574686
loss,nonmember,https://www.ydr.com/story/news/2022/05/06/man-dies-two-vehicle-crash-chanceford-township-york-county-pa/65353951007/,1.4161750559329704
loss,nonmember,https://www.ydr.com/restricted/?return=https%3A%2F%2Fwww.ydr.com%2Fstory%2Fnews%2Fcrime%2F2022%2F04%2F04%2Faaron-miller-on-trial-for-vehicular-manslaughter%2F65348325007%2F,0.10471960920183516
loss,nonmember,https://www.ydr.com/story/news/2022/05/07/give-local-york-raises-4-1-million-for-local-nonprofits/65353553007/,3.0070858635334408
loss,nonmember,https://www.ydr.com/story/news/crime/2022/07/29/joe-fitzpatrick-released-low-bail-in-atv-case-involving-wifes-death/65385352007/,2.5852962964145623
loss,nonmember,https://www.ydr.com/story/sports/high-school/2022/05/17/district-3-tournaments-scores-schedule-for-boys-girls-championships/65355972007/,1.351025492375114
loss,nonmember,https://www.ydr.com/story/news/crime/2022/06/15/pa-superior-court-prevents-one-dollar-bail-for-man-in-atv-murder-trial/65359895007/,2.438870806327491
loss,nonmember,https://www.ydr.com/story/sports/college/penn-state/football/2022/07/20/penn-state-football-quarterback-sean-clifford-linebacker-curtis-jacobs-big-ten-stars/65372841007/,2.7325851647004904
loss,nonmember,https://www.ydr.com/story/sports/college/penn-state/football/2022/09/18/penn-state-football-sean-clifford-nick-singleton-auburn-big-ten/69494944007/,3.429200304646977
loss,nonmember,https://www.ydr.com/story/news/crime/2022/04/18/two-found-dead-red-lion-york-county-pa-murder-suicide-easter-morning/65350459007/,2.2102901808453788
loss,nonmember,https://www.ydr.com/story/news/crime/2022/04/04/split-verdict-trial-attempted-murder-shooting-north-codorus-township-york-county/65346449007/,2.2601329833296955
loss,nonmember,https://www.ydr.com/restricted/?return=https%3A%2F%2Fwww.ydr.com%2Fstory%2Fsports%2Fhigh-school%2F2022%2F06%2F23%2Fyaiaa-2021-2022-top-sports-high-schools-in-york-adams-league-dallastown-central-york-pa-dallastown%2F65362250007%2F,0.14190176102702567
loss,nonmember,https://www.ydr.com/story/news/politics/elections/2022/08/30/eight-more-republicans-just-endorsed-josh-shapiro-over-doug-mastriano/65458907007/,2.502634091132514
loss,nonmember,https://www.ydr.com/story/sports/college/2022/04/15/ncaa-gymnastics-perfect-score-gives-floridas-thomas-3-national-titles/65350064007/,3.027615991340551
loss,nonmember,https://www.ydr.com/story/news/2022/05/20/tornado-watch-issued-for-central-pa/65356692007/,1.7413366409535247
loss,nonmember,https://www.ydr.com/story/news/local/2022/07/08/jerry-reynolds-airville-body-found-holtwood-pa-death-lancaster-county/65369407007/,2.1969863336189697
loss,nonmember,https://www.ydr.com/story/sports/high-school/football/2022/06/07/pitt-football-dallastowns-kenny-johnson-verbally-commits-to-panthers/65359210007/,2.493321122725191
loss,nonmember,https://www.ydr.com/story/news/2022/08/02/snow-ice-storms-bound-for-pennsylvania-farmers-almanac-winter-forecast/65389109007/,2.3662955264797376
loss,nonmember,https://www.ydr.com/story/news/crime/2022/04/01/man-found-guilty-involuntary-manslaughter-not-guilty-murder-deadly-shooting-york/65346416007/,2.254367785926661
loss,nonmember,https://www.ydr.com/restricted/?return=https%3A%2F%2Fwww.ydr.com%2Fstory%2Fnews%2F2022%2F04%2F22%2Fcomings-and-goings-eco-friendly-store-opens-in-york-coffee-shop-closes%2F65351060007%2F,0.10471960920183516
loss,nonmember,https://www.ydr.com/story/sports/high-school/football/2022/04/12/spring-grove-area-high-school-will-thompson-hired-as-football-coach-francis-scott-key/65349834007/,2.499803319636656
loss,nonmember,https://www.ydr.com/story/sports/high-school/softball/2022/06/13/yaiaa-softball-coaches-name-2022-league-all-stars-players-of-the-year/65360527007/,2.0172552603962512
loss,nonmember,https://www.ydr.com/story/opinion/2022/04/22/york-naacp-area-schools-not-doing-enough-about-rise-of-racial-prejudice/65351389007/,2.738206838399047
loss,nonmember,https://www.ydr.com/story/news/crime/2022/06/21/york-man-dies-in-weekend-shooting-police-charge-brother-with-homicide/65362149007/,1.945975850435734
loss,nonmember,https://www.ydr.com/story/sports/college/penn-state/football/2022/08/29/penn-state-football-james-franklin-big-ten-vs-purdue-sean-clifford/65407825007/,3.0125607442191566
loss,nonmember,https://www.ydr.com/story/news/crime/2022/08/18/pennsylvania-state-trooper-driving-under-influence-central-pa/65409961007/,1.8660354627216096
loss,nonmember,https://www.ydr.com/story/sports/high-school/wrestling/2022/06/28/spring-grove-high-school-officially-starts-girls-wrestling-team/65364409007/,2.5221254498510928
loss,nonmember,https://www.ydr.com/restricted/?return=https%3A%2F%2Fwww.ydr.com%2Fin-depth%2Fnews%2F2022%2F06%2F14%2Fmike-smith-and-his-temple-guard-give-york-pa-youths-positive-path%2F6596906001%2F,0.14190176102702567
loss,nonmember,https://www.ydr.com/story/sports/high-school/baseball/2022/05/26/district-3-baseball-scores-results-from-postseason-tournaments/65357551007/,1.5966254113010325
loss,nonmember,https://www.ydr.com/story/opinion/2022/07/04/the-american-is-great-vision-vs-the-revolutionary-vision/65364730007/,3.2404401241646847
loss,nonmember,https://www.ydr.com/story/sports/high-school/basketball-boys/2022/07/06/florida-basketball-perkiomens-new-oxford-tommy-haugh-makes-commitment/65367304007/,2.621845008259238
loss,nonmember,https://www.ydr.com/story/news/2022/08/08/back-to-school-dates-updates-at-york-county-school-districts-education/65386876007/,1.7654168887413104
loss,nonmember,https://www.ydr.com/story/news/2022/04/07/york-county-food-bank-is-moving-its-operations-out-of-the-former-kmart-store/65348695007/,2.495886257605076
loss,nonmember,https://www.ydr.com/story/news/2022/07/01/white-clover-farm-stand-in-hellam-spurred-by-pandemic-food-supply-issues/65347398007/,2.831526858142697
loss,nonmember,https://www.ydr.com/story/news/crime/2022/08/01/york-city-police-investigating-15th-homicide-2022/65388869007/,1.4568612542651853
loss,nonmember,https://www.ydr.com/story/news/crime/2022/05/06/york-police-man-shot-killed-friday-south-pine-street/65354059007/,1.212334581073117
loss,nonmember,https://www.ydr.com/story/news/2022/07/25/gettysburg-national-military-parks-little-roundtop-to-close-for-18-months-devils-den-construction-pa/65376312007/,2.932504235978383
loss,nonmember,https://www.ydr.com/story/opinion/2022/06/29/the-american-is-great-vision-vs-the-revolutionary-vision/65364730007/,3.2404401241646847
loss,nonmember,https://www.ydr.com/story/news/watchdog/2022/04/29/insurance-fraud-york-county-woman-faked-death-in-ukraine-cops-say/65352546007/,2.2025372313280056
loss,nonmember,https://www.ydr.com/story/sports/high-school/basketball-girls/2022/04/28/three-yaiaa-girls-basketball-players-named-to-piaa-all-state-teams/65352253007/,1.9125734769166443
loss,nonmember,https://www.ydr.com/story/sports/high-school/track/2022/05/21/district-3-track-and-field/65356540007/,2.5074508255052304
loss,nonmember,https://www.ydr.com/story/news/2022/06/27/woman-dies-three-vehicle-crash-hanover-pa/65363667007/,1.6938577121042686
loss,nonmember,https://www.ydr.com/story/sports/college/penn-state/football/2022/04/30/nfl-draft-bears-take-penn-states-jaquan-brisker-in-second-round/65352177007/,2.4465043779734996
loss,nonmember,https://www.ydr.com/story/news/politics/elections/2022/06/23/testimony-rep-scott-perry-pardon-from-donald-trump-election-pennsylvania/65363103007/,2.0906023904330575
loss,nonmember,https://www.ydr.com/story/news/local/2022/07/12/severe-thunderstorms-forecast-in-central-pennsylvania-tuesday/65372125007/,2.558456741848825
loss,nonmember,https://www.ydr.com/story/news/2022/07/28/steve-miller-band-cancels-york-fair-show-because-of-positive-covid-test/65385293007/,2.4012806388685037
loss,nonmember,https://www.ydr.com/story/news/politics/2022/04/20/pa-governor-race-2022-gop-candidates-debate-in-gettysburg/65350851007/,2.470825842769373
loss,nonmember,https://www.ydr.com/story/opinion/2022/09/16/both-pa-candidates-for-governor-agree-on-school-choice/69498441007/,2.7762122896280927
loss,nonmember,https://www.ydr.com/story/news/local/community/2022/06/10/rainbow-rose-center-hosts-york-county-pride-at-cousler-park/65360038007/,2.7435384920581485
loss,nonmember,https://www.ydr.com/in-depth/news/politics/elections/2022/08/23/voter-fraud-is-rare-in-pennsylvania-but-allegations-flew-after-2020/65376026007/,2.3570735552360955
loss,nonmember,https://www.ydr.com/story/news/crime/2022/06/27/york-city-police-investigates-homicide-after-man-dies-ot-op/65363658007/,1.520891085520344
loss,nonmember,https://www.ydr.com/story/sports/high-school/2022/06/13/pa-lawmakers-some-say-girls-cant-compete-against-biological-boys/65359859007/,2.426440517357196
loss,nonmember,https://www.ydr.com/story/news/politics/elections/2022/06/23/pa-house-speaker-bryan-cutler-details-2020-pressure-campaign/65362478007/,2.8016236147334945
loss,nonmember,https://www.ydr.com/story/news/local/2022/07/27/man-dies-forklift-accident-at-jk-salvage-spring-garden-township/65384163007/,1.8924245229746903
loss,nonmember,https://www.ydr.com/story/sports/high-school/football/2022/04/13/york-high-quarterback-sam-stoner-gets-division-i-offers-st-francis-towson/65349927007/,2.7831180935201916
loss,nonmember,https://www.ydr.com/story/news/2022/04/19/check-out-10-unusual-wedding-venues-in-central-pennsylvania/65349484007/,2.835868412481341
loss,nonmember,https://www.ydr.com/story/news/politics/elections/2022/06/16/yorkers-react-to-rep-scott-perrys-refusal-to-cooperate-with-jan-6-panel/65359564007/,2.605149002013218
loss,nonmember,https://www.ydr.com/restricted/?return=https%3A%2F%2Fwww.ydr.com%2Fstory%2Fnews%2Fcrime%2F2022%2F04%2F06%2Fmistrial-declared-in-case-of-construction-worker-hit-killed-by-driver%2F65348679007%2F,0.10471960920183516
loss,nonmember,https://www.ydr.com/story/news/2022/05/31/man-dies-suspected-drowning-susquehanna-river-york-pa-memorial-day/65358177007/,1.9682442391510235
loss,nonmember,https://www.ydr.com/story/news/local/2022/05/18/yorktowne-hotel-rooftop-dining-construction-facade-update/65354723007/,3.1924143228412647
loss,nonmember,https://www.ydr.com/story/news/watchdog/2022/04/25/teen-alleges-sexual-abuse-against-ex-york-city-police-officer/65351893007/,2.4027751628829948
loss,nonmember,https://www.ydr.com/story/news/crime/2022/04/28/judge-grants-delay-trial-man-charged-first-degree-murder-dante-mullinix-york/65352473007/,2.4280382256480317
loss,nonmember,https://www.ydr.com/story/sports/college/2022/06/28/ncaa-gymnastics-trinity-thomas-returning-for-fifth-season-at-florida/65364355007/,2.617252816637551
loss,nonmember,https://www.ydr.com/story/news/local/2022/07/06/martin-library-6-million-renovation-completed-in-downtown-york/65367399007/,3.1655038071889416
loss,nonmember,https://www.ydr.com/story/news/politics/2022/04/05/heres-why-democrat-john-fetterman-is-touring-in-red-pa-counties/65347627007/,2.4305657408995196
loss,nonmember,https://www.ydr.com/story/news/2022/04/06/stray-goldendoodle-becomes-new-york-revolution-team-dog/65348529007/,2.9881720201182476
loss,nonmember,https://www.ydr.com/restricted/?return=https%3A%2F%2Fwww.ydr.com%2Fstory%2Fsports%2Foutdoors%2F2022%2F05%2F19%2Fmom-appalachian-trail-addiction-jon-mundis-overdose-awareness%2F65352265007%2F,0.10471960920183516
loss,nonmember,https://www.ydr.com/story/news/politics/2022/06/30/pennsylvanias-new-fiscal-year-will-begin-without-a-state-budget/65365334007/,0.24964641433010173
loss,nonmember,https://www.ydr.com/story/news/2022/04/25/man-dies-after-falling-into-the-codorus-creek-in-york-fire-chief-says/65351925007/,2.074243547609467
loss,nonmember,https://www.ydr.com/story/news/2022/05/30/gda-covid-19-state-2022-05-30-pa-ppyr/65358091007/,0.41300027558981783
loss,nonmember,https://www.ydr.com/story/news/2022/06/20/a-new-apprenticeship-for-young-artists-is-coming-to-york/65361188007/,2.884615401186679
loss,nonmember,https://www.ydr.com/story/news/local/2022/07/26/york-pa-residents-share-surveillance-cam-footage-of-shaheim-carr-murder-with-police/65378104007/,2.8847700330492705
loss,nonmember,https://www.ydr.com/story/news/local/2022/05/16/see-major-updates-martin-library-york-before-july-grand-opening-teen-space/65354512007/,3.1104938350477513
loss,nonmember,https://www.ydr.com/story/news/education/2022/08/29/satanism-event-fundraiser-york-county-pa-after-school-satan-club/65457233007/,2.651893450314466
loss,nonmember,https://www.ydr.com/story/news/2022/08/04/best-of-the-best-awards-holds-first-gala-honors-york-county-businesses/65391182007/,2.9328101218518308
loss,nonmember,https://www.ydr.com/story/opinion/2022/08/17/come-take-a-seat-in-york-pa-with-the-accomplished-william-c-goodridge/65407358007/,3.0849772353167495
loss,nonmember,https://www.ydr.com/story/news/local/2022/04/11/lawsuit-york-mayor-michael-helfrich-oath-of-office/65349492007/,2.560975268158519
loss,nonmember,https://www.ydr.com/story/news/2022/06/15/dover-solar-farm-approved-in-25-minutes/65361179007/,2.750206297427352
loss,nonmember,https://www.ydr.com/story/news/local/2022/07/27/hope-fest-returns-to-york-with-hoops-tourney-gas-card-giveaway/65382794007/,2.5374974084574777
loss,nonmember,https://www.ydr.com/story/sports/high-school/lacrosse-boys/2022/05/14/central-york-boys-york-catholic-girls-lacrosse-teams-earn-yaiaa-titles/65355281007/,2.147752442337064
loss,nonmember,https://www.ydr.com/story/news/crime/2022/07/06/york-city-police-investigating-14th-homicide-tying-last-years-total/65368039007/,2.2067654849374474
loss,nonmember,https://www.ydr.com/story/news/history/2022/04/05/artist-makes-connections-to-chip-away-at-wall-between-york-and-hanover/65348433007/,3.245062883133006
loss,nonmember,https://www.ydr.com/story/sports/high-school/track/2022/05/14/piaa-track-and-field-laila-campbell-sets-blistering-league-mark-in-100/65355100007/,1.9171299266210529
loss,nonmember,https://www.ydr.com/story/news/local/2022/08/25/interstate-83-reopen-after-queen-street-overpass-struck-exit-16-york/65420277007/,2.374990353995358
loss,nonmember,https://www.ydr.com/story/news/local/2022/04/21/sixth-dover-solar-meeting-brings-new-witness-and-hopeful-decision-date/65351113007/,3.00035515580701
loss,nonmember,https://www.ydr.com/story/sports/high-school/2022/05/19/susquehannock-delone-catholic-basketball-earns-sportsmanship-scholarships/65356510007/,2.4945455269667773
loss,nonmember,https://www.ydr.com/story/sports/college/penn-state/football/2022/08/12/penn-state-football-big-ten-quarterback-jaxon-smolik-james-franklin/65402058007/,2.4272584170821037
loss,nonmember,https://www.ydr.com/restricted/?return=https%3A%2F%2Fwww.ydr.com%2Fstory%2Fnews%2Fcrime%2F2022%2F04%2F01%2Fman-testifies-own-defense-attempted-murder-trial-shooting-north-codorous-township-york-county%2F65347533007%2F,0.10471960920183516
loss,nonmember,https://www.ydr.com/story/news/2022/04/21/david-mccormick-pa-senate-candidate-making-strides-in-gop-primary/65348988007/,2.056911354698165
loss,nonmember,https://www.ydr.com/story/money/2022/08/31/unemployment-reaches-pre-pandemic-levels-but-consumers-are-more-pessimistic-than-ever/65419897007/,2.4086410967976266
loss,nonmember,https://www.ydr.com/story/sports/high-school/football/2022/09/10/central-pa-high-school-football-scoreboard-yaiaa-scores-week-3-results-highlights-york-high-carlisle/66852753007/,2.472121026587321
loss,nonmember,https://www.ydr.com/story/news/2022/07/25/peach-bottom-township-pa-man-dies-in-skid-loader-accident/65381471007/,2.393667176390326
loss,nonmember,https://www.ydr.com/story/news/politics/2022/09/12/pa-activists-demand-united-states-house-ethics-investigation-of-rep-scott-perry/66891225007/,2.217845552979187
loss,nonmember,https://www.ydr.com/story/sports/college/penn-state/football/2022/08/31/penn-state-football-college-football-big-ten-purdue-james-franklin/65462642007/,2.138650486843053
loss,nonmember,https://www.ydr.com/story/sports/high-school/basketball-boys/2022/07/20/york-countys-kent-olewiler-makes-new-mexico-state-basketball-roster-yaiaa-central-york/65371201007/,2.4803653043786933
loss,nonmember,https://www.ydr.com/story/news/2022/07/01/deadly-crash-near-east-berlin-has-claimed-the-life-of-a-fourth-person-coroner-says/65365902007/,2.069712863557092
loss,nonmember,https://www.ydr.com/story/news/2022/06/15/man-drowns-while-swimming-codorus-state-park-lake-york-pa-coroner-says/65361080007/,2.059670715738763
loss,nonmember,https://www.ydr.com/story/sports/high-school/2022/06/22/what-will-the-yaiaa-look-like-with-22-teams-here-are-the-new-divisions/65362221007/,1.1598438849955797
loss,nonmember,https://www.ydr.com/story/news/local/2022/08/22/route-30-crash-west-manchester-township-pa-man-dead/65413093007/,1.8755498555379844
loss,nonmember,https://www.ydr.com/story/opinion/2022/09/12/york-day-nursery-turning-90-this-year/69486679007/,2.911768458169041
loss,nonmember,https://www.ydr.com/story/opinion/2022/06/28/what-would-you-have-done-if-a-freedom-seeker-had-knocked-on-your-door/65364541007/,3.4831269612365627
loss,nonmember,https://www.ydr.com/story/news/2022/04/27/keystone-kidspace-now-open-in-109-year-old-armory/65350228007/,2.7944255698889933
loss,nonmember,https://www.ydr.com/story/news/politics/2022/05/10/republican-challengers-vying-to-unseat-saylor-gillespie-and-klunk/65354567007/,2.5571528720436634
loss,nonmember,https://www.ydr.com/story/news/crime/2022/04/28/man-pleads-guilty-animal-cruelty-probation-york-county/65352476007/,1.8461272516881233
loss,nonmember,https://www.ydr.com/story/news/crime/2022/06/09/dasean-morris-sentenced-in-york-murder-of-kyle-hagenbuch-thunderguards-motorcyles/65359290007/,2.1970670713421994
loss,nonmember,https://www.ydr.com/story/sports/college/penn-state/football/2022/09/02/penn-state-football-purdue-big-ten-james-franklin-sean-clifford/65465704007/,3.4442327386912375
loss,nonmember,https://www.ydr.com/story/news/2022/08/23/5-year-old-girl-woman-fatally-stabbed-at-home-southern-york-county-pa/65414954007/,2.0272118103742103
loss,nonmember,https://www.ydr.com/story/news/crime/2022/05/20/u-s-marshals-arrest-york-man-in-fatal-shooting-of-selvin-mcewan/65356641007/,1.8431518949217678
loss,nonmember,https://www.ydr.com/story/sports/high-school/lacrosse-girls/2022/04/26/how-these-best-friends-are-driving-york-catholic-lacrosses-title-hopes/65351446007/,2.43965113239957
loss,nonmember,https://www.ydr.com/story/opinion/2022/08/09/big-york-county-birthdays-on-horizon/65396977007/,3.1914579281305984
loss,nonmember,https://www.ydr.com/story/sports/outdoors/2022/08/13/catawissa-recreation-area-off-road-atv-use-riding-created-by-pa-dcnr-paragon-adventure-park/65402298007/,2.535567440117472
loss,nonmember,https://www.ydr.com/story/news/2022/06/14/volunteer-fire-departments-struggle-to-recruit-worry-about-response-times/65353542007/,2.5057526246197037
loss,nonmember,https://www.ydr.com/story/news/2022/06/02/delma-rivera-lytle-york-vying-for-ms-senior-pa-america/65358261007/,2.763233845319046
loss,nonmember,https://www.ydr.com/story/sports/high-school/lacrosse-boys/2022/06/01/piaa-lacrosse-schedule-results-from-state-championships/65358281007/,1.7556496801559551
loss,nonmember,https://www.ydr.com/story/news/2022/06/21/two-men-from-southwestern-york-county-die-in-maryland-crash/65362339007/,2.1272866028030433
loss,nonmember,https://www.ydr.com/story/news/politics/elections/2022/05/13/two-democrats-seek-party-nomination-in-10th-congressional-district/65355137007/,2.281008364974732
loss,nonmember,https://www.ydr.com/story/news/crime/2022/04/18/teen-in-fatal-shooting-of-york-high-william-penn-high-school-student-malaki-beady-to-stand-trial/65350077007/,2.3386576976137015
loss,nonmember,https://www.ydr.com/story/sports/college/penn-state/football/2022/09/13/penn-state-football-big-ten-james-franklin-auburn-tigers-sec/69487321007/,2.75663156765998
loss,nonmember,https://www.ydr.com/story/news/local/2022/04/18/puc-approves-sale-of-york-water-company-to-private-business-pawc/65350202007/,2.7833715682697204
loss,nonmember,https://www.ydr.com/story/sports/2022/07/11/american-ninja-warrior-2022-cf-branden-williams-new-oxford/65362232007/,2.6213239636864327
loss,nonmember,https://www.ydr.com/story/opinion/2022/05/11/pas-low-producing-wells-are-leaking-methane/65353721007/,2.831390172817965
loss,nonmember,https://www.ydr.com/story/sports/college/penn-state/football/2022/09/14/penn-state-college-football-big-ten-auburn-tigers-in-sec/69487422007/,2.274068484167211
loss,nonmember,https://www.ydr.com/story/opinion/2022/04/27/kreutz-creek-librarys-former-building-gains-new-life/65352254007/,3.324236998948048
loss,nonmember,https://www.ydr.com/story/news/local/2022/06/27/lake-williams-dam-excavation-under-way-york-empty-lake-bed-turns-green/65362846007/,3.2646423436710883
loss,nonmember,https://www.ydr.com/story/sports/high-school/2022/04/04/select-gametimepa-yaiaa-athletes-of-the-week-for-march-25-to-april-2/65348290007/,2.05884166500973
loss,nonmember,https://www.ydr.com/story/news/2022/04/18/bill-mcswain-running-for-pa-governor-2022-primary-election/65348986007/,2.162737640674652
loss,nonmember,https://www.ydr.com/story/news/2022/08/22/york-pa-bans-washing-cars-in-driveways-or-on-streets/65410788007/,2.7537530123563116
loss,nonmember,https://www.ydr.com/story/sports/college/2022/04/01/trinity-thomas-leads-florida-into-regional-final-with-pair-of-10s-gymnastics-ncaa/65347723007/,2.7915734793305282
loss,nonmember,https://www.ydr.com/story/sports/high-school/2022/04/11/select-gametimepa-yaiaa-athletes-of-the-week-for-april-4-to-april-9/65349464007/,1.8757851036191875
loss,nonmember,https://www.ydr.com/story/news/local/2022/08/30/old-farmers-almanac-predicts-snowy-cold-winter-for-central-pennsylvania/65461359007/,2.203695700388363
loss,nonmember,https://www.ydr.com/story/sports/college/penn-state/2022/05/10/nfl-penn-state-nittany-lions-football-walk-on-drew-hartlaub-to-carolina-panthers/65353082007/,2.7302585510169166
loss,nonmember,https://www.ydr.com/story/news/local/2022/04/20/after-school-satan-club-denied-northern-york-school-board-joy-el-christian-club/65351019007/,2.7218326790454737
loss,nonmember,https://www.ydr.com/restricted/?return=https%3A%2F%2Fwww.ydr.com%2Fin-depth%2Fnews%2F2022%2F06%2F13%2Farts-entertainment-york-county-most-influential-people%2F65351410007%2F,0.14190176102702567
loss,nonmember,https://www.ydr.com/story/opinion/2022/06/07/agnes-left-behind-mud-dead-rats-old-tires-and-all-kinds-of-trash/65359554007/,2.8857187721817903
loss,nonmember,https://www.ydr.com/story/news/local/2022/08/22/gifford-pinchot-state-park-suspends-water-activities-in-the-lake/65413407007/,2.6914604196694394
loss,nonmember,https://www.ydr.com/story/news/politics/blogs/ydr-politics/2022/08/16/12-things-to-know-about-u-s-rep-scott-perry-a-focus-of-jan-6-probe/65398484007/,2.7157559844798542
loss,nonmember,https://www.ydr.com/story/sports/college/penn-state/football/2022/09/02/penn-state-football-sean-clifford-joey-porter-purdue-james-franklin-drew-allar/65465541007/,3.0865676952801455
loss,nonmember,https://www.ydr.com/story/news/crime/2022/09/08/virginia-hayden-sentenced-for-husband-thomas-hayden-death-remains-found-in-foodsaver-bag/65466365007/,2.769933232659292
loss,nonmember,https://www.ydr.com/story/news/2022/06/06/york-county-prison-trainer-joseph-garcia-testified-in-cv-case/65358870007/,2.7709463915414796
loss,nonmember,https://www.ydr.com/restricted/?return=https%3A%2F%2Fwww.ydr.com%2Fstory%2Fnews%2Fwatchdog%2F2022%2F05%2F18%2Fson-louis-appell-jr-initiates-civil-rico-case-limited-liability-company-owns-old-mesto-corp-building%2F65355293007%2F,0.10471960920183516
loss,nonmember,https://www.ydr.com/story/news/2022/09/07/congressional-committee-skewers-postal-service-in-philadelphia-meeting-louis-dejoy/65800851007/,2.670058501371362
loss,nonmember,https://www.ydr.com/story/money/careers/2022/09/13/having-trouble-hiring-penn-mar-might-be-able-to-help/69487345007/,2.6292317125923304
loss,nonmember,https://www.ydr.com/restricted/?return=https%3A%2F%2Fwww.ydr.com%2Fin-depth%2Fnews%2F2022%2F06%2F13%2Fsports-york-county-most-influential-athletics-football-gymnastics-swimming%2F65351425007%2F,0.14190176102702567
loss,nonmember,https://www.ydr.com/restricted/?return=https%3A%2F%2Fwww.ydr.com%2Fstory%2Fnews%2Fhistory%2Fgettysburg%2F2022%2F04%2F14%2Fraven-rock-mountain-nuclear-attack-target-doomsday-preppers-worried%2F65349485007%2F,0.10471960920183516
loss,nonmember,https://www.ydr.com/story/opinion/2022/08/31/what-would-you-do-if-you-witnessed-someone-at-risk/65465660007/,3.177642948222379
loss,nonmember,https://www.ydr.com/restricted/?return=https%3A%2F%2Fwww.ydr.com%2Fstory%2Fmoney%2Fbusiness%2F2022%2F05%2F31%2Fcomings-and-goings-popular-pool-closed-for-summer-market-houses-add-stands%2F65357481007%2F,0.1171446461991056
loss,nonmember,https://www.ydr.com/story/news/religion/2022/04/05/york-county-church-tells-gospel-in-22-year-stained-glass-project/65345285007/,2.809592778228912
loss,nonmember,https://www.ydr.com/story/opinion/2022/07/20/big-important-york-county-history-cultural-projects-picking-up-steam/65377980007/,3.169433442313411
loss,nonmember,https://www.ydr.com/story/news/local/2022/08/22/i-83-overpass-york-county-repairs-route-74-bridge/65409148007/,2.5084576890636447
loss,nonmember,https://www.ydr.com/story/news/2022/05/03/dining-out-for-spring-checking-out-revival-social-club-in-york/65350791007/,2.812247186823816
loss,nonmember,https://www.ydr.com/story/news/2022/06/06/northeastern-school-district-offers-students-cdl-training-amid-driver-shortages/65357688007/,2.6872521088701276
loss,nonmember,https://www.ydr.com/story/news/2022/07/28/york-state-fair-2022-fried-cauliflower-lolas-waffles-ice-cream/65384751007/,2.781675560746908
loss,nonmember,https://www.ydr.com/story/sports/high-school/football/2022/08/29/central-pa-high-school-football-wil-rider-no-longer-football-coach-hanover-high-school/65462473007/,2.3642332566105075
loss,nonmember,https://www.ydr.com/story/news/2022/06/09/how-the-pandemic-helped-wolfgang-confectioners-rebound-from-bankruptcy-candy-york-pa/65358750007/,2.721515217522947
loss,nonmember,https://www.ydr.com/story/news/watchdog/2022/05/16/federal-judge-grants-preliminary-injuction-grandmother-2-year-old-dante-mullinix-york/65355837007/,2.2473386608896853
loss,nonmember,https://www.ydr.com/story/sports/high-school/2022/04/07/track-and-field-league-has-records-dating-to-1980-and-others-from-2021/65348542007/,2.333313214978046
loss,nonmember,https://www.ydr.com/story/news/2022/06/05/amber-alert-canceled-after-toddler-missing-from-york-county-is-found-safe/65358883007/,2.063204488310187
loss,nonmember,https://www.ydr.com/restricted/?return=https%3A%2F%2Fwww.ydr.com%2Fin-depth%2Fnews%2F2022%2F06%2F13%2Fbusiness-development-york-county-most-influential-people%2F65351418007%2F,0.14190176102702567
loss,nonmember,https://www.ydr.com/story/news/local/2022/09/06/interstate-83-queen-street-overpass-repairs-cost-up-to-double-after-hits/65467467007/,2.6097149019534167
loss,nonmember,https://www.ydr.com/story/news/2022/06/15/vietnam-veteran-jon-langione-75-finally-got-eastern-york-high-school-diploma/65358492007/,2.6380887235766206
loss,nonmember,https://www.ydr.com/story/news/local/2022/05/12/york-county-prison-feasibility-study-competency-restoration-center/65354974007/,2.124596234650838
loss,nonmember,https://www.ydr.com/restricted/?return=https%3A%2F%2Fwww.ydr.com%2Fstory%2Fnews%2Fcrime%2F2022%2F04%2F12%2Fex-york-ice-arena-general-manager-mike-cleveland-enters-accelerated-rehabilitative-disposition%2F65348922007%2F,0.10471960920183516
loss,nonmember,https://www.ydr.com/story/news/crime/2022/08/26/virginia-man-sentenced-logging-truck-death-hanover-brian-mawyer-eugene-ben-fuhrman/65418220007/,2.3523689822023472
loss,nonmember,https://www.ydr.com/story/news/2022/04/25/encore-a-celebration-of-york-county-high-school-musicials-returns/65351061007/,2.33741690968918
loss,nonmember,https://www.ydr.com/story/sports/college/penn-state/2022/04/11/former-nfl-penn-state-nittany-lion-running-back-gary-brown-dies-of-cancer/65349538007/,2.939886400597703
loss,nonmember,https://www.ydr.com/story/sports/college/penn-state/football/2022/09/07/penn-state-big-ten-college-football-james-franklin-joey-porter/65475134007/,3.002691951505859
loss,nonmember,https://www.ydr.com/story/sports/high-school/football/2022/06/23/northeastern-high-school-approves-kirby-brubaker-as-head-football-coach/65362925007/,2.553170095396666
loss,nonmember,https://www.ydr.com/story/news/local/2022/08/31/york-county-judicial-center-closed-today-because-of-cooling-unit-leak/65465478007/,2.7353893609685
loss,nonmember,https://www.ydr.com/restricted/?return=https%3A%2F%2Fwww.ydr.com%2Fin-depth%2Fnews%2F2022%2F06%2F01%2Frevitalization-gentrification-york-pa-salem-square-neighborhood%2F6795644001%2F,0.1171446461991056
loss,nonmember,https://www.ydr.com/story/sports/high-school/football/2022/06/09/york-suburbans-mike-bentivegna-earns-offer-from-st-francis/65359674007/,2.4419450026721488
loss,nonmember,https://www.ydr.com/story/sports/high-school/football/2022/04/26/central-york-quarterback-cade-pribula-to-transfer-from-delaware/65352088007/,2.4062308635905043
loss,nonmember,https://www.ydr.com/story/news/2022/07/21/york-state-fair-2022-how-to-beat-the-heat-wave-through-the-weekend/65377927007/,2.276453652369646
loss,nonmember,https://www.ydr.com/story/news/2022/08/17/york-daily-record-editor-randy-parker-has-left-the-newspaper/65407329007/,2.6295934049114846
loss,nonmember,https://www.ydr.com/story/sports/college/penn-state/football/2022/08/29/penn-state-football-james-franklin-big-ten-purdue-sean-clifford/65461391007/,2.5844667986463628
loss,nonmember,https://www.ydr.com/story/entertainment/2022/05/03/choir-choir-choir-event-brings-singing-after-covid-to-appell-center/65352201007/,3.0846056240397735
loss,nonmember,https://www.ydr.com/story/news/local/2022/09/06/long-pine-run-reservoir-in-michaux-state-forest-adams-county-offers-quiet-escape/65466799007/,3.2567486398008088
min_k,member,https://www.ydr.com/story/news/2022/05/02/york-county-will-not-offer-drop-box-for-voters-to-return-mail-ballots/65353056007/,5.888210376103719
min_k,member,https://www.ydr.com/story/news/crime/2022/05/23/dover-township-man-charged-in-shooting-at-the-walmart-in-northern-york-county/65357213007/,5.817601491820137
min_k,member,https://www.ydr.com/restricted/?return=https%3A%2F%2Fwww.ydr.com%2Fstory%2Fnews%2F2022%2F04%2F27%2Fex-york-county-911-employee-discrimination-wrongful-termination-lawsuit%2F65351908007%2F,1.0937975396697188
min_k,member,https://www.ydr.com/restricted/?return=https%3A%2F%2Fwww.ydr.com%2Fstory%2Fnews%2F2022%2F06%2F08%2Fthis-small-central-pa-town-grew-like-crazy-during-the-pandemic-mechanicsburg%2F65358412007%2F,0.6548260943015339
min_k,member,https://www.ydr.com/story/opinion/2022/08/23/york-pa-s-market-street-parking-garage-tells-50-year-tale-of-change/65415733007/,8.78030113457075
min_k,member,https://www.ydr.com/story/sports/high-school/lacrosse-girls/2022/05/26/district-3-lacrosse-twin-valley-tops-york-catholic-for-2a-girls-title/65357508007/,6.604938845885427
min_k,member,https://www.ydr.com/story/sports/outdoors/2022/07/19/world-record-butterfly-ray-caught-by-camp-hill-pa-bow-angler-jeremy-gipe/65374856007/,7.4598817539215085
min_k,member,https://www.ydr.com/story/news/politics/2022/04/24/primary-election-2022-heres-who-is-running-pa-94th-state-house-seat/65350262007/,7.051062643527985
min_k,member,https://www.ydr.com/story/sports/college/penn-state/football/2022/09/10/penn-state-football-ohio-bobcats-nicholas-singleton-drew-allar-kaytron-allen/66779446007/,7.9921230450841305
min_k,member,https://www.ydr.com/story/sports/high-school/2022/06/16/yaiaa-girls-lacrosse-coaches-name-2022-league-all-stars/65361380007/,7.13627579397784
min_k,member,https://www.ydr.com/story/news/2022/07/19/pa-moves-water-quality-and-saving-the-chesapeake-to-the-front-burner/65374281007/,6.735423122964254
min_k,member,https://www.ydr.com/story/news/2022/08/19/harley-davidson-iam-union-new-contract-york-pennsylvania-plant/65410302007/,7.123842073209358
min_k,member,https://www.ydr.com/story/news/crime/2022/05/31/man-sentenced-prison-aggravated-assault-attack-meredith-keltner-north-codorus-township-york-county/65357791007/,6.5199053137152045
min_k,member,https://www.ydr.com/story/news/crime/2022/07/26/tyrell-dotson-convicted-of-murder-for-death-of-willmar-santos-batista/65378028007/,7.517311401367188
min_k,member,https://www.ydr.com/restricted/?return=https%3A%2F%2Fwww.ydr.com%2Fstory%2Fsports%2Fhigh-school%2F2022%2F05%2F23%2Fthe-top-baseball-and-softball-players-in-the-district-3-playoffs%2F65356526007%2F,0.5283197739012063
min_k,member,https://www.ydr.com/restricted/?return=https%3A%2F%2Fwww.ydr.com%2Fstory%2Fnews%2Fcrime%2F2022%2F04%2F06%2Fwoman-found-guilty-keeping-remains-grandmother-freezer-social-security-york-county%2F65347682007%2F,0.5283197739012063
min_k,member,https://www.ydr.com/restricted/?return=https%3A%2F%2Fwww.ydr.com%2Fstory%2Fnews%2Fwatchdog%2F2022%2F05%2F11%2Fyork-shooting-tony-wasilewski-2014-not-guilty%2F65350885007%2F,0.5283197739012063
min_k,member,https://www.ydr.com/story/news/2022/05/06/voter-intimidation-delayed-primary-results-possible-pa-official-says/65353837007/,6.519759681897286
min_k,member,https://www.ydr.com/story/news/2022/04/13/pa-state-house-passes-bill-against-trans-girls-in-girls-sports/65349966007/,1.1670140273810372
min_k,member,https://www.ydr.com/story/news/crime/2022/05/03/york-county-police-departments-struggle-to-find-new-and-diverse-hires/65352123007/,6.979081580133149
min_k,member,https://www.ydr.com/story/news/crime/2022/04/14/three-die-two-separate-shootings-york-pa-this-week/65349623007/,5.527237780166395
min_k,member,https://www.ydr.com/story/sports/college/penn-state/football/2022/04/18/penn-state-eric-wilson-journey-nfl-draft-2022/65347360007/,7.730545581877232
min_k,member,https://www.ydr.com/story/news/local/2022/04/15/pennsylvania-supreme-court-suspends-law-license-york-attorney-clarence-allen/65350197007/,6.204395727813244
min_k,member,https://www.ydr.com/story/news/2022/04/21/interstate-81-accident-pa-police-release-names-six-who-died/65351243007/,6.718912476398906
min_k,member,https://www.ydr.com/story/news/2022/06/14/hurricane-agnes-flood-1972-devastated-central-pennsylvania-heavy-rain-flooding/65359285007/,6.956145234768757
min_k,member,https://www.ydr.com/restricted/?return=https%3A%2F%2Fwww.ydr.com%2Fstory%2Fsports%2Fhigh-school%2Ftrack%2F2022%2F05%2F18%2Fpiaa-track-and-field-70-athletes-to-watch-in-district-3-meet%2F65355844007%2F,0.5283197739012063
min_k,member,https://www.ydr.com/story/sports/college/penn-state/football/2022/06/09/penn-state-football-nick-singleton-kaytron-allen-lead-james-franklin/65359587007/,7.376041197065097
min_k,member,https://www.ydr.com/story/news/2022/07/13/left-bank-restaurant-bar-eatery-downtown-york-pa-for-sale/65372564007/,7.14499021284651
min_k,member,https://www.ydr.com/story/sports/high-school/basketball-girls/2022/07/05/new-west-york-and-spring-grove-basketball-york-college-coaches-started-at-same-place/65364925007/,6.907437827852037
min_k,member,https://www.ydr.com/story/news/local/2022/09/16/springettsbury-township-man-dies-25-days-after-2-vehicle-crash/69497262007/,6.120153647202712
min_k,member,https://www.ydr.com/restricted/?return=https%3A%2F%2Fwww.ydr.com%2Fin-depth%2Fsports%2F2022%2F06%2F15%2F22-women-who-changed-york-adams-sports-before-after-title-ix%2F65351069007%2F,0.7153644582219082
min_k,member,https://www.ydr.com/restricted/?return=https%3A%2F%2Fwww.ydr.com%2Fstory%2Fnews%2Fcrime%2F2022%2F04%2F07%2Fman-sentenced-prison-two-deadly-drug-overdoses-york-county%2F65347700007%2F,0.5283197739012063
min_k,member,https://www.ydr.com/story/sports/high-school/football/2022/06/06/central-york-football-players-continue-to-pick-up-division-i-offers/65358420007/,6.751842307312714
min_k,member,https://www.ydr.com/story/news/2022/08/04/york-police-turn-to-the-community-for-ideas-to-reduce-gun-violence/65388415007/,7.204112177545374
min_k,member,https://www.ydr.com/story/opinion/2022/06/21/york-aauw-at-50-group-resets-for-new-chapter-of-its-story/65362223007/,8.107700675856078
min_k,member,https://www.ydr.com/story/sports/college/penn-state/football/2022/08/08/penn-state-football-coaches-poll-big-ten-james-franklin/65395659007/,6.885517943532843
min_k,member,https://www.ydr.com/story/news/2022/07/27/york-state-fair-ride-inspections-what-you-need-to-know/65382750007/,6.933090609793338
min_k,member,https://www.ydr.com/story/news/local/2022/07/11/york-state-fair-july-22-31-details-admission-tickets-parking-hours-and-more/65364021007/,6.891118151800973
min_k,member,https://www.ydr.com/story/news/2022/07/12/rep-scott-perry-proud-boys-leader-zachary-rehl-implicated-jan-6-testimony/65372007007/,6.363263475589263
min_k,member,https://www.ydr.com/story/sports/high-school/track-girls/2022/06/21/laila-campbell-wins-100-meter-dash-at-new-balance-nationals/65362272007/,6.3918265870639255
min_k,member,https://www.ydr.com/story/sports/college/penn-state/football/2022/09/08/penn-state-big-ten-and-college-football-ohio-james-franklin/65742707007/,6.633485891485727
min_k,member,https://www.ydr.com/story/news/2022/04/06/lake-williams-dam-built-in-1911-is-being-demolished/65348530007/,7.677100448772825
min_k,member,https://www.ydr.com/story/news/2022/06/22/rich-wurzbach-of-mrg-labs-invented-a-blood-test-for-machines/65352146007/,7.358135805047792
min_k,member,https://www.ydr.com/story/news/2022/06/30/child-found-dead-pool-campground-southern-york-county-pa-after-going-missing/65365256007/,6.120374967412251
min_k,member,https://www.ydr.com/story/news/local/2022/06/23/judge-rules-favor-york-mayor-michael-helfrich-over-oath-office-henry-nixon/65363082007/,7.176352497935295
min_k,member,https://www.ydr.com/story/news/2022/05/12/jan-6-panel-subpoenas-us-rep-scott-perry/65355153007/,3.1112495596743814
min_k,member,https://www.ydr.com/story/news/2022/07/25/mechanicsburg-man-dies-in-two-vehicle-crash-in-dover-township-police-say/65382145007/,5.925258213619016
min_k,member,https://www.ydr.com/story/sports/college/penn-state/football/2022/09/06/penn-state-college-football-big-ten-ohio-james-franklin-nick-singleton/65474170007/,8.076593672235807
min_k,member,https://www.ydr.com/story/sports/high-school/2022/05/23/district-3-volleyball-results-scores-from-class-3a-2a-tournaments/65357229007/,5.229208035255546
min_k,member,https://www.ydr.com/restricted/?return=https%3A%2F%2Fwww.ydr.com%2Fin-depth%2Fnews%2F2022%2F06%2F13%2Fphilanthropy-nonprofits-york-county-most-influential-people-charity-giving%2F65352045007%2F,0.7153644582219082
min_k,member,https://www.ydr.com/story/news/local/2022/09/09/tech-company-buys-york-continental-square-citizens-bank-property/67309566007/,8.019808104405037
min_k,member,https://www.ydr.com/story/news/politics/elections/2022/07/03/protesters-at-york-rally-want-scott-perry-gone-from-congress/65366404007/,6.784232209198667
min_k,member,https://www.ydr.com/restricted/?return=https%3A%2F%2Fwww.ydr.com%2Fstory%2Fnews%2F2022%2F04%2F21%2Fyork-restaurant-inspections-one-out-of-compliance%2F65350038007%2F,0.5283197739012063
min_k,member,https://www.ydr.com/story/news/2022/05/02/yorks-mothers-day-street-fair-was-canceled-but-theres-an-alternative-alexandria-keener-beaver-street/65352175007/,7.30545561284904
min_k,member,https://www.ydr.com/story/sports/high-school/baseball/2022/06/02/district-3-baseball-east-pennsboro-beats-littlestown-for-4a-title/65358498007/,6.4500438575596775
min_k,member,https://www.ydr.com/restricted/?return=https%3A%2F%2Fwww.ydr.com%2Fstory%2Fnews%2Fwatchdog%2F2022%2F05%2F03%2Fmedical-marijuana-zero-tolerance-dui-pennsylvania%2F65352215007%2F,0.5283197739012063
min_k,member,https://www.ydr.com/story/news/2022/07/18/york-state-fair-2022-guide-to-what-to-eat/65373031007/,7.925193758911428
min_k,member,https://www.ydr.com/story/opinion/columnists/2022/05/17/reporter-katia-parks-shares-insights-to-york-pa-violence/65350927007/,7.227174212406208
min_k,member,https://www.ydr.com/story/sports/high-school/football/2022/05/10/jon-scepanski-leaves-northeastern-to-take-conestoga-valley-football-job/65354649007/,6.2671485469454815
min_k,member,https://www.ydr.com/story/news/2022/07/06/pennsylvania-residents-among-those-arrested-u-s-capitol-insurrection/4331778001/,6.590845609077174
min_k,member,https://www.ydr.com/story/news/politics/2022/05/18/jeff-piccola-chairman-of-york-county-gop-resigns/65356063007/,6.841184997558594
min_k,member,https://www.ydr.com/story/news/2022/05/17/york-county-2022-democratic-republican-primary-race-results-today/65355341007/,5.885516140196058
min_k,member,https://www.ydr.com/story/sports/high-school/football/2022/09/13/sam-stoner-jahiem-white-closing-in-on-york-high-william-penn-football-records/69487731007/,6.840627251031264
min_k,member,https://www.ydr.com/story/news/2022/08/10/fat-daddys-nightclub-closes-auctioning-off-everything-in-york-pa-springettsbury/65395677007/,7.89523797220998
min_k,member,https://www.ydr.com/story/sports/college/penn-state/football/2022/04/28/greatest-penn-state-catches-receivers-jahan-dotson-jameson-williams/65352118007/,7.2656324580311775
min_k,member,https://www.ydr.com/story/opinion/2022/07/26/these-key-projects-would-boost-quality-of-life-in-york-county/65383602007/,8.18309098638165
min_k,member,https://www.ydr.com/story/news/2022/04/27/congressman-scott-perry-new-text-reveals-more-about-attempt-to-change-2020-presidential-election-res/65352246007/,6.354000309239263
min_k,member,https://www.ydr.com/story/news/2022/09/08/the-best-dive-bars-in-york-county-pa-here-are-6-to-check-out/65475324007/,7.837034467707343
min_k,member,https://www.ydr.com/story/news/crime/2022/07/12/jaquez-brown-suspect-york-murder-shaheim-carr-recently-freed-prison/65371037007/,6.90188750741202
min_k,member,https://www.ydr.com/restricted/?return=https%3A%2F%2Fwww.ydr.com%2Fstory%2Fnews%2F2022%2F06%2F07%2Fnew-species-yorkicystis-haefneri-discovered-dig-fossils-york-pa%2F65357621007%2F,0.6548260943015339
min_k,member,https://www.ydr.com/story/sports/high-school/football/2022/05/31/west-yorks-terry-bupp-elected-to-pennsylvania-football-coaches-hall-of-fame/65357624007/,6.773068266094856
min_k,member,https://www.ydr.com/story/sports/high-school/basketball-boys/2022/05/03/piaa-schools-vote-against-adding-a-shot-clock-to-high-school-basketball/65353578007/,6.942862932609789
min_k,member,https://www.ydr.com/story/news/2022/06/29/the-haines-shoe-house-in-york-county-will-become-an-airbnb/65364374007/,6.699448654284844
min_k,member,https://www.ydr.com/story/news/2022/05/04/meltdown-three-mile-island-airs-on-netflix/65353510007/,7.204497981317265
min_k,member,https://www.ydr.com/story/opinion/2022/09/06/restoring-yorks-potters-field-do-it-yourself-urbanism/65474708007/,8.275695494077738
min_k,member,https://www.ydr.com/story/news/2022/04/07/central-pennsylvania-to-receive-rain-today-national-weather-service-says/65348821007/,7.530195460600011
min_k,member,https://www.ydr.com/story/news/2022/05/16/severe-thunderstorm-watch-issued-central-pa-tornado-possible/65355765007/,6.085006894292058
min_k,member,https://www.ydr.com/story/news/politics/2022/04/11/dr-oz-senate-campaign-trump-endorsement/65349165007/,6.898175515380561
min_k,member,https://www.ydr.com/story/sports/college/penn-state/football/2022/04/29/nfl-draft-washington-commanders-penn-states-receiver-jahan-dotson-in-first-round/65352135007/,7.1487494979808535
min_k,member,https://www.ydr.com/story/sports/college/penn-state/2022/04/24/penn-state-james-franklin-sean-clifford-lead-psu-at-blue-white-game/65351312007/,7.488172259985232
min_k,member,https://www.ydr.com/story/sports/college/penn-state/2022/04/23/penn-state-football-blue-white-game-with-james-franklin-drew-allar/65351234007/,7.267830274438345
min_k,member,https://www.ydr.com/story/news/crime/2022/06/15/spring-garden-township-man-charged-with-fatally-stabbing-pregnant-woman-in-york-in-may/65361137007/,5.983352574626957
min_k,member,https://www.ydr.com/story/sports/high-school/basketball-girls/2022/07/11/gettysburg-star-named-gametimepa-yaiaa-girls-athlete-of-the-year/65370388007/,6.693468106161688
min_k,member,https://www.ydr.com/story/sports/high-school/2022/05/23/select-gametimepa-yaiaa-athletes-of-the-week-for-may-16-to-may-21/65357145007/,6.906786479201972
min_k,member,https://www.ydr.com/story/news/2022/05/09/york-county-bakery-collects-donations-to-support-ukrainian-refugees/65353063007/,6.813332418116127
min_k,member,https://www.ydr.com/story/news/2022/04/12/white-clover-farm-stand-in-hellam-spurred-by-pandemic-food-supply-issues/65347398007/,7.44575490833314
min_k,member,https://www.ydr.com/story/sports/high-school/football/2022/08/27/yaiaa-football-week-1-york-high-loses-thriller-central-york-gets-big-win/65457937007/,7.131975657456405
min_k,member,https://www.ydr.com/story/sports/college/penn-state/football/2022/08/29/penn-state-football-big-ten-purdue-boilermakers-nick-singleton/65461401007/,8.223021940309174
min_k,member,https://www.ydr.com/story/news/local/2022/06/22/central-pa-braces-severe-thunderstorms-across-states-md-dc-wva-va-wednesday-evening-9-pm/65362654007/,6.951917705081758
min_k,member,https://www.ydr.com/story/news/crime/2022/06/20/york-pa-woman-sentenced-hiding-grandmother-body-freezer-social-security/65361623007/,7.446685776207017
min_k,member,https://www.ydr.com/story/news/local/2022/05/26/veterans-memorial-gold-star-garden-memorial-day-event-honoring-wwi-kia/65354618007/,7.390316498540614
min_k,member,https://www.ydr.com/story/news/crime/2022/04/15/man-dies-after-being-shot-during-fight-outside-home-in-adams-county/65350257007/,6.472257248560587
min_k,member,https://www.ydr.com/story/news/local/2022/07/29/multiple-casualties-chanceford-township-crash-york-county-traffic-collision/65386614007/,6.401374062495445
min_k,member,https://www.ydr.com/story/opinion/2022/05/03/new-life-for-hanover-trolley-rails/65353555007/,7.7860455862853835
min_k,member,https://www.ydr.com/story/news/2022/05/13/infant-found-dead-east-berlin-mother-ashley-decker-charged/65355254007/,5.8330836310358105
min_k,member,https://www.ydr.com/story/news/local/2022/07/18/reverend-adrian-boxley-appointed-york-city-district-justice-by-state/65371722007/,7.6055241926856665
min_k,member,https://www.ydr.com/story/news/2022/05/03/give-local-york-24-hours-of-fundraising-right-around-the-corner/65353091007/,7.993935683081227
min_k,member,https://www.ydr.com/story/news/nation/2022/07/06/michael-lopatic-of-lancaster-dead-one-year-after-insurrection-arrest/65367853007/,6.060437899009854
min_k,member,https://www.ydr.com/story/sports/high-school/football/2022/08/27/central-pa-high-school-football-yaiaa-scores-results-highlights-from-week-1/65419140007/,6.8388070159488255
min_k,member,https://www.ydr.com/story/news/2022/09/12/pa-drivers-will-get-new-licenses-with-enhanced-security-features/69486893007/,6.011988634965857
min_k,member,https://www.ydr.com/story/sports/college/penn-state/football/2022/09/10/penn-state-football-score-vs-ohio-university-bobcats-big-ten-nick-singleton/66758652007/,7.6300921795216015
min_k,member,https://www.ydr.com/story/news/crime/2022/05/23/murder-suicide-deadly-shooting-gunfire-mar-weekend-in-york-county/65356861007/,5.9748403777678805
min_k,member,https://www.ydr.com/story/opinion/2022/04/12/2-century-old-st-paul-lebanon-lutheran-church-illustrates-easter-message/65349861007/,7.767249060513681
min_k,member,https://www.ydr.com/story/opinion/2022/04/19/100-year-old-catholic-womans-club-in-york-draws-strength-from-its-past/65350914007/,7.956583554852647
min_k,member,https://www.ydr.com/story/sports/high-school/baseball/2022/06/09/piaa-baseball-delone-catholic-tops-schuylkill-haven-to-reach-2a-semis/65359966007/,6.671600456321083
min_k,member,https://www.ydr.com/story/news/crime/2022/05/26/york-county-district-attorney-drops-charges-co-defendant-attack-north-codorus-township/65357291007/,6.3018221048484175
min_k,member,https://www.ydr.com/story/sports/college/penn-state/football/2022/08/07/penn-state-football-3-things-to-learn-about-2022-big-ten-season/65393638007/,7.116487932045723
min_k,member,https://www.ydr.com/story/sports/college/penn-state/football/2022/06/02/drew-hartlaub-hanover-leaves-carolina-panthers-injury-concussions/65358206007/,7.078212226478799
min_k,member,https://www.ydr.com/restricted/?return=https%3A%2F%2Fwww.ydr.com%2Fstory%2Fnews%2F2022%2F05%2F10%2Fcould-mental-health-experts-prevented-killing-of-lebanon-police-lt-william-lebo%2F65352523007%2F,0.5283197739012063
min_k,member,https://www.ydr.com/restricted/?return=https%3A%2F%2Fwww.ydr.com%2Fstory%2Fsports%2Fhigh-school%2F2022%2F05%2F24%2Fnil-name-image-likeness-deals-could-be-headed-piaa-what-it-means-pa-high-school%2F65354558007%2F,0.5856676194095559
min_k,member,https://www.ydr.com/story/news/2022/05/24/brian-korte-york-haven-lynwood-nester-dillsburg-charged-capitol-riots/65357319007/,7.277718464533488
min_k,member,https://www.ydr.com/story/opinion/2022/06/23/trovestreet-a-new-way-to-learn-about-aging-in-york-county/65362833007/,7.205986728668213
min_k,member,https://www.ydr.com/story/opinion/2022/05/11/mifflin-house-preservation-latest-land-use-battle-in-eastern-york-county/65354943007/,7.93651396409384
min_k,member,https://www.ydr.com/story/news/2022/08/02/pennsylvania-turnpike-tolls-increase-by-5-percent-january-e-zpass-pa-turnpike-hike/65389692007/,6.135249742897608
min_k,member,https://www.ydr.com/story/sports/college/penn-state/football/2022/08/02/psu-football-games-nittany-lions-james-franklin-sean-clifford/65385455007/,8.054659867828542
min_k,member,https://www.ydr.com/restricted/?return=https%3A%2F%2Fwww.ydr.com%2Fstory%2Fnews%2Fwatchdog%2F2022%2F04%2F20%2Fc-sau-prison-trainer-testifies-unemployed-exaggerated-business-jospha-garcia%2F65350079007%2F,0.5283197739012063
min_k,member,https://www.ydr.com/restricted/?return=https%3A%2F%2Fwww.ydr.com%2Fstory%2Fsports%2Fhigh-school%2Fbaseball%2F2022%2F04%2F13%2Fhigh-school-sports-baseball-at-york-high-in-the-yaiaa-puerto-rico%2F65345438007%2F,0.5283197739012063
min_k,member,https://www.ydr.com/restricted/?return=https%3A%2F%2Fwww.ydr.com%2Fstory%2Fnews%2Fcrime%2F2022%2F05%2F06%2Fmothers-day-struggle-for-those-who-have-lost-children-parents%2F65353690007%2F,0.5283197739012063
min_k,member,https://www.ydr.com/story/sports/2022/05/05/toronto-blue-jays-call-up-delone-catholic-grad-casey-lawrence/65353814007/,6.169544367723062
min_k,member,https://www.ydr.com/story/news/politics/elections/2022/05/26/politico-mark-meadows-burned-papers-after-meeting-with-scott-perry/65357627007/,6.586390950463035
min_k,member,https://www.ydr.com/story/sports/high-school/2022/04/25/select-gametimepa-yaiaa-athletes-of-the-week-for-april18-to-april-23/65351891007/,7.082054050601259
min_k,member,https://www.ydr.com/story/news/2022/04/08/york-county-food-bank-is-moving-its-operations-out-of-the-former-kmart-store/65348695007/,6.4557409435510635
min_k,member,https://www.ydr.com/story/opinion/2022/05/23/pas-farmers-municipalities-pay-for-legislatures-inaction-on-clean-water/65357214007/,7.289964984445011
min_k,member,https://www.ydr.com/restricted/?return=https%3A%2F%2Fwww.ydr.com%2Fstory%2Fnews%2Flocal%2F2022%2F06%2F13%2Ftasalina-young-memory-daughter-dyamond-helps-others-in-york-pa%2F65356517007%2F,0.7153644582219082
min_k,member,https://www.ydr.com/story/news/local/2022/07/18/pa-backing-historic-small-restaurants-grant-awarded-harmony-inn/65371204007/,7.959988993483704
min_k,member,https://www.ydr.com/story/news/2022/04/20/senator-jake-corman-eyes-pa-governors-office-after-23-years-in-dc/65348987007/,6.600487911782297
min_k,member,https://www.ydr.com/story/news/2022/06/30/cheap-gas-what-is-e15-unleaded-88-and-e85-is-it-safe-to-use-in-cars-boats-vehicles-sheetz/65364424007/,6.6675762412617505
min_k,member,https://www.ydr.com/restricted/?return=https%3A%2F%2Fwww.ydr.com%2Fstory%2Fnews%2F2022%2F04%2F07%2Fpa-speed-cameras-work-zones-tickets-tossed-after-error-found%2F65345082007%2F,0.5283197739012063
min_k,member,https://www.ydr.com/story/sports/high-school/2022/05/09/select-gametimepa-yaiaa-athletes-of-the-week-formay-2-to-may-7/65354485007/,7.314004516601562
min_k,member,https://www.ydr.com/story/sports/high-school/softball/2022/07/06/piaa-softball-coaches-select-states-top-players/65365518007/,7.3135902759356375
min_k,member,https://www.ydr.com/story/sports/high-school/football/2022/08/22/central-pa-football-schedule-scores-york-adams-2022-season/65409218007/,4.71156811933913
min_k,member,https://www.ydr.com/story/sports/college/2022/03/31/ncaa-gymnastic-regionals-how-to-watch-the-action-from-4-competitions/65347499007/,6.524058757868028
min_k,member,https://www.ydr.com/story/news/2022/07/29/one-killed-building-collapse-adams-county-central-pa-farm-state-police-say/65386328007/,6.952616109848022
min_k,member,https://www.ydr.com/story/news/2022/09/14/pa-residents-with-criminal-records-could-get-help/69491572007/,7.46999204860014
min_k,member,https://www.ydr.com/story/news/crime/2022/05/18/york-city-police-investigating-womans-overnight-death-as-homicide/65356359007/,6.233348184161716
min_k,member,https://www.ydr.com/restricted/?return=https%3A%2F%2Fwww.ydr.com%2Fstory%2Fnews%2F2022%2F04%2F21%2Fcomings-and-goings-eco-friendly-store-opens-in-york-coffee-shop-closes%2F65351060007%2F,0.5283197739012063
min_k,member,https://www.ydr.com/restricted/?return=https%3A%2F%2Fwww.ydr.com%2Fstory%2Fnews%2F2022%2F05%2F11%2Fthe-york-and-adams-county-real-estate-markets-are-still-pretty-hot%2F65354554007%2F,0.5283197739012063
min_k,member,https://www.ydr.com/story/news/local/2022/09/06/fall-festivals-and-family-friendly-activities-in-york-county/65419910007/,6.565206226862577
min_k,member,https://www.ydr.com/story/sports/high-school/2022/04/18/select-gametimepa-yaiaa-athletes-of-the-week-for-april-11-16/65350764007/,7.2436960959921075
min_k,member,https://www.ydr.com/story/news/2022/04/26/man-dies-after-falling-into-the-codorus-creek-in-york-fire-chief-says/65351925007/,5.9468246667008655
min_k,member,https://www.ydr.com/story/news/local/2022/08/04/children-injured-in-deadly-amish-tractor-crash-york-county-remain-in-hospital/65390689007/,6.838355932480249
min_k,member,https://www.ydr.com/story/news/crime/2022/04/18/york-school-district-chad-gerrick-pleads-guilty-disorderly-conduct/65350765007/,6.23101302689197
min_k,member,https://www.ydr.com/story/news/local/2022/05/05/york-city-council-brings-crown-act-to-board-for-hair-discrimination/65353633007/,6.930744680991539
min_k,member,https://www.ydr.com/story/sports/high-school/wrestling/2022/05/05/dave-gable-steps-down-as-dallastown-wrestling-coach-after-25-years/65353876007/,6.831816686598282
min_k,member,https://www.ydr.com/story/news/crime/2022/05/25/former-north-york-tax-collector-keith-ramsay-rejected-veterans-wellness-court/65356693007/,6.859960926903619
min_k,member,https://www.ydr.com/story/sports/high-school/volleyball-boys/2022/06/01/piaa-boys-volleyball-results-matchups/65358273007/,4.937605324186809
min_k,member,https://www.ydr.com/story/news/2022/08/02/the-community-responds-to-help-an-amish-family-touched-by-tragedy/65388394007/,7.136994535876516
min_k,member,https://www.ydr.com/story/news/politics/2022/04/07/kenyatta-running-for-senate-because-the-status-quo-will-not-save-us/65348457007/,6.719545547064248
min_k,member,https://www.ydr.com/restricted/?return=https%3A%2F%2Fwww.ydr.com%2Fstory%2Fnews%2Fcrime%2F2022%2F05%2F09%2Fhearing-joe-fitzpatrick-iii-first-degree-murder-second-trial-york-county%2F65353970007%2F,0.5283197739012063
min_k,member,https://www.ydr.com/story/news/2022/05/18/shamaine-daniels-wins-democratic-nomination-to-face-scott-perry-us-congress/65355455007/,6.528232371735716
min_k,member,https://www.ydr.com/story/news/local/2022/06/22/adams-county-crash-leaves-three-dead-pa-police-say/65362619007/,6.878883769114812
min_k,member,https://www.ydr.com/restricted/?return=https%3A%2F%2Fwww.ydr.com%2Fstory%2Fsports%2Fhigh-school%2Ftrack%2F2022%2F05%2F19%2Fpiaa-track-and-field-70-athletes-to-watch-in-district-3-meet%2F65355844007%2F,0.5283197739012063
min_k,member,https://www.ydr.com/story/news/crime/2022/08/25/york-county-pa-da-says-shooting-after-wedding-self-defense/65415627007/,6.503838918646988
min_k,member,https://www.ydr.com/story/sports/college/penn-state/football/2022/06/28/penn-state-football-james-franklin-recruits-southern-players-from-alabama-al-florida-fla/65362631007/,7.045413791316829
min_k,member,https://www.ydr.com/restricted/?return=https%3A%2F%2Fwww.ydr.com%2Fstory%2Fnews%2F2022%2F06%2F02%2Fafter-a-long-two-years-heres-where-summer-festivals-in-central-pa-stand-in-2022%2F65352431007%2F,0.5887846277294627
min_k,member,https://www.ydr.com/story/news/2022/05/03/encore-a-celebration-of-york-county-high-school-musicials-returns/65351061007/,6.76257447563872
min_k,member,https://www.ydr.com/story/news/local/2022/07/05/electric-wooden-tour-boat-chief-uncus-launched-in-susquehanna-river-york-county/65365534007/,7.619819900882778
min_k,member,https://www.ydr.com/story/news/fixing-york/2022/09/01/redevelopment-plans-for-south-george-street-post-office-sought/65468307007/,7.542024191688089
min_k,member,https://www.ydr.com/story/sports/high-school/volleyball-boys/2022/07/08/piaa-district-3-13-yaiaa-players-named-boys-volleyball-all-stars/65368955007/,6.959317501926922
min_k,member,https://www.ydr.com/story/sports/high-school/football/2022/09/17/yaiaa-football-scores-from-week-4-dallastown-central-york-earn-wins/69496327007/,6.639438143358544
min_k,member,https://www.ydr.com/story/sports/high-school/football/2022/05/18/central-yorks-cade-pribula-transfers-from-delaware-to-sacred-heart/65355912007/,6.307805094159084
min_k,member,https://www.ydr.com/story/news/local/2022/09/15/vandals-damaged-a-welcome-to-york-gateway-water-company-will-fix-it/69492561007/,7.477774319583422
min_k,member,https://www.ydr.com/story/news/local/2022/07/13/christmas-smile-in-july-offers-free-food-gifts-and-more-in-york/65371977007/,7.583107164031581
min_k,member,https://www.ydr.com/story/news/crime/2022/09/07/strada-brothers-sentence-in-whispering-wind-bear-spirit-shooting-death/65466363007/,6.514401052189969
min_k,member,https://www.ydr.com/story/opinion/2022/07/05/years-after-civil-war-york-surrendered-a-second-time-to-confederates/65367339007/,8.340117069205853
min_k,member,https://www.ydr.com/story/news/politics/elections/2022/08/24/scott-perry-sues-department-of-justice-block-access-cellphone-jan-6-probe/65418234007/,6.880309154369213
min_k,member,https://www.ydr.com/story/news/2022/05/23/york-state-fair-2022-what-to-expect-concerts-prices-heroes-hall/65355495007/,6.934494846797935
min_k,member,https://www.ydr.com/story/sports/high-school/2022/07/15/nil-name-age-likeness-policy-pa-high-school-athletes-1-step-closer-to-deals-heres-how/65373478007/,6.527766461883273
min_k,member,https://www.ydr.com/story/sports/high-school/track/2022/05/20/district-3-track-and-field-results-from-day-1-in-shippensburg/65356535007/,6.86066440532082
min_k,member,https://www.ydr.com/story/news/crime/2022/08/19/former-york-city-police-officer-charged-sexual-abuse-teen-joseph-palmer/65411308007/,6.359504579478859
min_k,member,https://www.ydr.com/story/news/health/2022/08/23/wellspan-health-celebrates-ecmo-survivors/65410594007/,7.009803285598755
min_k,member,https://www.ydr.com/story/news/politics/elections/2022/07/20/u-s-rep-scott-perry-votes-in-favor-of-bill-to-protect-gay-marriage/65378069007/,6.931214525458518
min_k,member,https://www.ydr.com/story/sports/high-school/football/2022/07/11/dallastown-star-named-gametimepa-yaiaa-boys-athlete-of-the-year/65368843007/,6.968695534861147
min_k,member,https://www.ydr.com/story/sports/college/penn-state/football/2022/09/13/penn-state-big-ten-college-football-auburn-tigers-sec-drew-allar/69486532007/,7.5249306613748725
min_k,member,https://www.ydr.com/story/opinion/2022/04/26/sen-regan-we-will-not-allow-satan-into-northern-york-county-schools/65352053007/,7.552132728404569
min_k,member,https://www.ydr.com/story/opinion/2022/05/24/southcentral-pa-teachers-influence-lasts-a-lifetime/65357368007/,7.719019781459462
min_k,member,https://www.ydr.com/story/news/politics/2022/04/24/primary-election-2022-47th-pa-state-house-seat-contested-republican-ticket/65350261007/,8.136816333321963
min_k,member,https://www.ydr.com/story/news/2022/04/12/easter-traditions-in-central-pa-include-pysanky-eggs-and-easter-bread/65348709007/,7.558083696541497
min_k,member,https://www.ydr.com/restricted/?return=https%3A%2F%2Fwww.ydr.com%2Fstory%2Fnews%2Flocal%2F2022%2F04%2F20%2Fcan-after-school-satan-club-sue-northern-york-school-district-lucien-greaves%2F65351105007%2F,0.5283197739012063
min_k,member,https://www.ydr.com/story/sports/high-school/2022/09/12/yaiaa-sports-select-athletes-of-the-week-for-sept-5-to-sept-10/69487037007/,8.083442659939037
min_k,member,https://www.ydr.com/story/news/2022/04/20/more-than-21000-tulips-are-near-full-bloom-at-hershey-gardens/65350850007/,7.535943570889924
min_k,member,https://www.ydr.com/story/news/local/2022/09/01/gas-prices-drop-below-4-dollars-gallon-at-some-stations-in-york-county/65466343007/,6.445818378614343
min_k,member,https://www.ydr.com/story/news/2022/06/13/christmas-assault-victim-barbara-laughman-west-manchester-township-encompass-health/65360603007/,6.471580312058732
min_k,member,https://www.ydr.com/story/sports/college/penn-state/football/2022/04/12/penn-state-football-nittany-lions-add-demeioun-robinson-maryland-linebacker/65349874007/,6.767573144025864
min_k,member,https://www.ydr.com/restricted/?return=https%3A%2F%2Fwww.ydr.com%2Fstory%2Fnews%2F2022%2F05%2F09%2Fwestinghouse-atom-smasher-rots-away-in-a-pennsylvania-neighborhood%2F65352649007%2F,0.5283197739012063
min_k,member,https://www.ydr.com/story/news/watchdog/2022/05/20/pennsylvania-supreme-court-denies-request-appeal-york-county-prison-corrections-officers-taunting/65356543007/,6.871627032756805
min_k,member,https://www.ydr.com/story/sports/high-school/2022/05/27/piaa-track-and-field-chambersburgs-j-j-kelly-wins-triple-jump-title/65357639007/,7.1194411503371375
min_k,member,https://www.ydr.com/story/sports/college/penn-state/football/2022/07/21/penn-state-football-sexual-extortion-student-athletes-police/65377756007/,6.498316613639274
min_k,member,https://www.ydr.com/story/sports/high-school/football/2022/06/10/york-catholic-hires-longtime-assistant-brad-hayek-as-head-football-coach/65360074007/,6.701206462511878
min_k,member,https://www.ydr.com/story/news/crime/2022/04/06/pennsylvania-superior-court-permission-appeal-ex-southwestern-regional-police-officer-shooting/65348674007/,6.409951622009277
min_k,member,https://www.ydr.com/story/sports/college/penn-state/football/2022/09/01/penn-state-purdue-boilermakers-big-ten-live-scoring-updates/65465506007/,7.247103642750453
min_k,member,https://www.ydr.com/story/news/health/2022/04/01/a-night-to-remember-those-lost-by-covid-with-1488-luminaries-in-york/65347724007/,8.084564455093876
min_k,member,https://www.ydr.com/story/news/crime/2022/09/13/one-dead-one-injured-in-reported-stabbing-in-springettsbury-township/69492968007/,6.109292429068993
min_k,member,https://www.ydr.com/story/sports/college/penn-state/football/2022/05/09/penn-state-nittany-lions-football-dani-dennis-sutton-defensive-lineman/65352114007/,7.5865712810207055
min_k,member,https://www.ydr.com/story/news/crime/2022/08/08/5-people-found-unconscious-two-now-dead-in-york-county-pa-home/65396070007/,6.686743804386684
min_k,member,https://www.ydr.com/restricted/?return=https%3A%2F%2Fwww.ydr.com%2Fstory%2Fsports%2Fhigh-school%2Fbaseball%2F2022%2F05%2F24%2Fyork-high-baseball-dominican-republic-puerto-rico-york-revolution%2F65355801007%2F,0.5856676194095559
min_k,member,https://www.ydr.com/restricted/?return=https%3A%2F%2Fwww.ydr.com%2Fstory%2Fnews%2Fwatchdog%2F2022%2F04%2F14%2Frobert-vicosa-murder-suicide-timeline-events-transparency%2F65349570007%2F,0.5283197739012063
min_k,member,https://www.ydr.com/story/news/2022/08/25/fundraiser-christine-fousek-rylee-reynolds-stewartstown-york-county/65419562007/,6.802729194228713
min_k,member,https://www.ydr.com/story/sports/high-school/football/2022/09/02/central-pennsylvania-high-school-football-scoreboard-see-which-york-adams-teams-won-in-week-2/65468092007/,6.6639856590944175
min_k,member,https://www.ydr.com/story/sports/college/penn-state/football/2022/04/29/nfl-draft-penn-state-football-arnold-ebiketie-atlanta-falcons/65352157007/,6.994395137655324
min_k,member,https://www.ydr.com/story/news/2022/09/14/trans-siberian-orchestra-to-perform-2-concerts-in-hershey-in-december/69491582007/,6.221326050758361
min_k,member,https://www.ydr.com/story/news/crime/2022/09/14/one-dead-one-injured-in-reported-stabbing-in-springettsbury-township/69492968007/,6.191111250238104
min_k,member,https://www.ydr.com/story/news/politics/elections/2022/08/17/democrat-shamaine-daniels-poll-shows-lead-over-rep-scott-perry/65404028007/,7.505189944462604
min_k,member,https://www.ydr.com/story/news/2022/05/18/york-county-2022-democratic-republican-primary-race-results-today/65355341007/,5.885516140196058
min_k,member,https://www.ydr.com/story/news/crime/2022/09/13/york-county-coroner-identifies-man-who-died-after-weekend-shooting-in-city/69491367007/,5.648944075145419
min_k,member,https://www.ydr.com/story/news/crime/2022/04/27/man-pleads-no-contest-third-degree-murder-deadly-shooting-west-manheim-township-york-county/65352283007/,6.144351048314053
min_k,member,https://www.ydr.com/story/news/crime/2022/05/26/former-northern-york-county-regional-police-chief-facing-dui-charges/65357632007/,6.796573679787772
min_k,member,https://www.ydr.com/story/news/2022/07/05/teen-dies-4-injured-single-vehicle-crash-near-littlestown-adams-county-pa-july-4/65367258007/,6.8757755424402935
min_k,member,https://www.ydr.com/story/news/2022/04/13/conor-lamb-senate-race-says-record-over-john-fetterman/65348890007/,6.72281022493705
min_k,member,https://www.ydr.com/story/sports/high-school/football/2022/09/08/central-pa-high-school-football-live-scoreboard-from-week-3-yaiaa-ll-league-mid-penn-conference/66862778007/,8.097886502742767
min_k,member,https://www.ydr.com/story/news/2022/05/10/real-id-in-pa-with-deadline-approaching-heres-what-you-need-to-know/65353960007/,6.402032203870277
min_k,member,https://www.ydr.com/story/sports/college/penn-state/football/2022/04/29/penn-state-ad-patrick-kraft-confirmed-friday/65352557007/,7.266836595165637
min_k,member,https://www.ydr.com/story/news/crime/2022/05/27/daiquan-dickerson-sentenced-life-prison-murdering-dover-area-high-school-student-emily-shoemaker/65356726007/,6.5307388134601405
min_k,member,https://www.ydr.com/story/sports/high-school/2022/06/27/award-winning-kennard-dale-powerlifting-coach-steps-down/65362716007/,7.0122385170254
min_k,member,https://www.ydr.com/story/sports/college/penn-state/football/2022/07/01/college-football-usc-ucla-joining-penn-state-big-ten/65366000007/,7.838973197070035
min_k,member,https://www.ydr.com/story/sports/high-school/softball/2022/05/26/district-3-softball-championships-results-scores-from-each-round/65357552007/,5.173338511410882
min_k,member,https://www.ydr.com/story/news/2022/05/20/police-investigating-shooting-west-manchester-west-york-auto-spa-express/65356744007/,6.086181710978023
min_k,member,https://www.ydr.com/story/news/2022/06/07/philadelphia-man-sedition-charges-u-s-capitol-insurrection/65359583007/,5.708521007657884
min_k,member,https://www.ydr.com/story/news/2022/08/11/hundreds-turn-out-to-protest-the-re-use-of-york-county-landfill/65398396007/,7.484357533564094
min_k,member,https://www.ydr.com/story/news/crime/2022/08/19/takanii-beatty-gets-prison-time-for-york-rape-prostitution-case/65405818007/,6.257692554209492
min_k,member,https://www.ydr.com/restricted/?return=https%3A%2F%2Fwww.ydr.com%2Fstory%2Fnews%2F2022%2F06%2F14%2Fwill-pennsylvania-make-it-easier-for-teachers-to-carry-guns%2F65360505007%2F,0.7153644582219082
min_k,member,https://www.ydr.com/story/news/local/2022/08/16/lawsuit-louis-appell-iii-filed-against-ufd-founders-settled/65395849007/,7.139125899763297
min_k,member,https://www.ydr.com/story/news/2022/08/01/york-pa-three-alarm-fire-destroys-vacant-home-east-mason-avenue/65387808007/,7.135192854264203
min_k,member,https://www.ydr.com/story/news/2022/08/09/pa-cuts-corporate-net-income-tax-nearly-in-half/65396041007/,6.28775344096439
min_k,member,https://www.ydr.com/story/news/local/2022/06/27/six-york-county-restaurants-out-of-compliance-inspections-dirty-kitchens/65361708007/,7.369756661255182
min_k,member,https://www.ydr.com/story/news/2022/05/27/weather-alert-storms-flash-floods-possible-tornado-central-pa/65357673007/,5.8077185259925
min_k,member,https://www.ydr.com/story/news/politics/2022/04/24/voters-guide-2022-10th-congressional-race-in-pennsylvania/65350260007/,8.139036560058594
min_k,member,https://www.ydr.com/story/news/crime/2022/04/28/york-county-victims-rights-coalition-march-vigil-trauma-support/65352197007/,7.041328109227694
min_k,member,https://www.ydr.com/story/news/politics/2022/04/24/primary-election-2022-two-republicans-vying-pa-169th-state-house-seat/65350263007/,9.666415801415077
min_k,member,https://www.ydr.com/restricted/?return=https%3A%2F%2Fwww.ydr.com%2Fstory%2Fnews%2F2022%2F05%2F03%2Fa-developer-has-big-plans-for-former-memorial-hospital-site%2F65352173007%2F,0.5283197739012063
min_k,member,https://www.ydr.com/story/opinion/2022/07/15/the-long-road-to-vindication-for-officer-clayton-swartz-opinion/65374340007/,8.041428308792781
min_k,member,https://www.ydr.com/story/sports/high-school/tennis-girls/2022/04/29/yaiaa-tennis-which-players-are-still-alive-for-championships/65352612007/,7.765421563928777
min_k,member,https://www.ydr.com/story/sports/college/penn-state/football/2022/09/18/penn-state-football-nick-singleton-auburn-tigers-big-ten-sec/69494656007/,7.495986526584967
min_k,member,https://www.ydr.com/story/news/2022/06/22/american-idol-finalist-huntergirl-york-state-fair-july-29/65362462007/,6.041728973388672
min_k,member,https://www.ydr.com/story/news/crime/2022/05/16/york-activists-dog-and-car-stolen-begs-thief-to-return-pet-safely/65355772007/,7.4039788292449655
min_k,member,https://www.ydr.com/story/news/2022/04/18/mollys-courtyard-cafe-york-to-close-and-new-cafe-reopens-in-june/65349885007/,6.891100530007585
min_k,member,https://www.ydr.com/story/news/2022/06/29/co-defendant-in-dover-student-emily-shoemakers-murder-sentenced/65364373007/,6.400275806758715
min_k,member,https://www.ydr.com/restricted/?return=https%3A%2F%2Fwww.ydr.com%2Fstory%2Flife%2Ffood%2F2022%2F05%2F16%2Ffarms-in-york-county-offer-home-deliveries%2F65352137007%2F,0.5283197739012063
min_k,member,https://www.ydr.com/story/news/local/2022/06/10/york-county-police-partner-with-logos-on-public-safety-collaboration/65359772007/,7.60191640487084
min_k,member,https://www.ydr.com/story/opinion/2022/08/02/st-lukes-lutheran-church-celebrates-250-anniversary-in-southern-york-county/65389486007/,8.101744076344355
min_k,member,https://www.ydr.com/restricted/?return=https%3A%2F%2Fwww.ydr.com%2Fin-depth%2Fnews%2F2022%2F06%2F13%2Factivism-social-justice-york-most-influential-people%2F65351407007%2F,0.7153644582219082
min_k,member,https://www.ydr.com/story/news/local/2022/05/31/murder-suicide-victim-erin-walker-remembered-at-central-memorial/65358157007/,7.188913996114671
min_k,member,https://www.ydr.com/story/news/local/2022/07/21/york-mayor-michael-helfrich-oath-of-office-decision-appealed-to-superior-court/65377376007/,7.232357609379399
min_k,member,https://www.ydr.com/restricted/?return=https%3A%2F%2Fwww.ydr.com%2Fstory%2Fnews%2F2022%2F05%2F12%2Fparents-at-northeastern-school-district-fed-up-with-bullying%2F65351444007%2F,0.5283197739012063
min_k,member,https://www.ydr.com/story/sports/high-school/football/2022/09/08/red-lion-high-school-garrett-coppersmith-makes-record-breaking-kick/66745861007/,7.103172291815281
min_k,member,https://www.ydr.com/story/sports/high-school/football/2022/06/17/eric-depew-hired-as-red-land-football-coach-after-leaving-york-catholic/65361664007/,6.07128547148271
min_k,member,https://www.ydr.com/story/news/2022/09/13/emt-struck-by-truck-in-downtown-york/69493220007/,8.375580898920695
min_k,member,https://www.ydr.com/story/news/watchdog/2022/05/20/york-daily-record-takes-district-attorney-to-court-in-vicosa-case/65355306007/,6.735970601995951
min_k,member,https://www.ydr.com/story/sports/2022/06/24/michigans-eli-brooks-signs-summer-league-contract-with-indiana-pacers/65363446007/,6.210833156362493
min_k,member,https://www.ydr.com/restricted/?return=https%3A%2F%2Fwww.ydr.com%2Fstory%2Fsports%2Fhigh-school%2F2022%2F04%2F04%2Fyork-adams-players-watch-district-state-high-school-sports-yaiaa%2F65347631007%2F,0.5283197739012063
min_k,member,https://www.ydr.com/story/news/2022/05/19/harley-davidson-york-county-pa-springettsbury-township-suspends-operations/65356500007/,5.638902838413532
min_k,member,https://www.ydr.com/restricted/?return=https%3A%2F%2Fwww.ydr.com%2Fstory%2Fsports%2Fhigh-school%2Ffootball%2F2022%2F05%2F11%2Fcoach-russ-stoner-goes-beyond-football-for-city-of-york-school-district%2F65350937007%2F,0.5283197739012063
min_k,member,https://www.ydr.com/story/news/2022/05/11/york-county-911-holding-recruitment-drive-to-fill-15-open-positions/65354635007/,6.701884428660075
min_k,member,https://www.ydr.com/story/news/2022/06/03/central-pa-bars-taverns-facing-beer-shortage/65358543007/,7.215611111884024
min_k,member,https://www.ydr.com/story/sports/college/2022/04/02/trinity-thomas-leads-florida-to-third-highest-gymnastic-total-in-ncaa/65347768007/,6.763443328440189
min_k,member,https://www.ydr.com/restricted/?return=https%3A%2F%2Fwww.ydr.com%2Fstory%2Fnews%2F2022%2F05%2F16%2Fyork-county-restaurant-inspections-engine-oil-bottle-found-in-food-area-meat-not-covered%2F65354936007%2F,0.5283197739012063
min_k,member,https://www.ydr.com/story/news/crime/2022/05/24/spring-garden-police-press-conference-central-york-high-school-teacher-fatal-shooting/65357296007/,7.3019571876525875
min_k,member,https://www.ydr.com/story/sports/high-school/basketball-girls/2022/05/02/jim-kunkle-resigns-as-west-york-area-high-school-girls-basketball-coach/65353118007/,6.816720931474553
min_k,member,https://www.ydr.com/story/opinion/2022/09/13/2022-dorrie-leader-award-recipient-lizaida-morales/69492274007/,7.703810780426192
min_k,member,https://www.ydr.com/story/news/2022/05/24/celebrate-national-wine-day-with-mark-and-vals-wine-in-york/65356572007/,6.95768897327376
min_k,member,https://www.ydr.com/story/sports/high-school/football/2022/09/06/yaiaa-sports-select-athletes-of-the-week-foraug-29-to-sept-3/65475033007/,7.877880768342451
min_k,member,https://www.ydr.com/story/sports/college/penn-state/football/2022/04/20/penn-state-blue-white-football-game-2022-james-franklin-nick-singleton/65350805007/,7.491141743693792
min_k,member,https://www.ydr.com/story/sports/high-school/2022/05/31/high-school-sports-select-final-yaiaa-athletes-of-week-for-2021-22/65358283007/,7.808050330092267
min_k,member,https://www.ydr.com/story/news/politics/2022/04/25/pa-voters-guide-2022-where-the-primary-candidates-stand/65350980007/,6.374893711868828
min_k,member,https://www.ydr.com/story/news/local/community/2022/07/27/russia-ukraine-war-antonina-kovalenko-emigsville-george-hay-kain/65381771007/,6.829642418976668
min_k,member,https://www.ydr.com/story/sports/nfl/2022/04/25/bruce-arians-retirement-nfl-coach-tampa-bay-health-tom-brady/65348336007/,7.279928405043008
min_k,member,https://www.ydr.com/story/news/local/2022/08/15/route-30-pa-crash-claims-the-life-of-one-york-township-woman/65403368007/,6.3627655133605
min_k,member,https://www.ydr.com/story/news/local/2022/05/31/york-police-offer-form-for-residents-that-suffer-from-mental-illness/65357719007/,7.038321588490461
min_k,member,https://www.ydr.com/story/news/2022/08/11/congressman-scott-perry-pa-10th-district-fbi-investigation/65399207007/,6.947266803504272
min_k,member,https://www.ydr.com/story/news/politics/2022/09/15/mastriano-education-plan-would-cut-school-funding-by-12b-union-says/69495468007/,6.710309738204593
min_k,member,https://www.ydr.com/story/news/2022/04/07/life-with-alopecia-is-an-emotional-roller-coaster/65348435007/,6.660332205977854
min_k,member,https://www.ydr.com/story/sports/outdoors/2022/09/01/trout-stocking-hatcheries-pa-fish-boat-commission/65462285007/,7.21483362282758
min_k,member,https://www.ydr.com/story/news/2022/06/10/osha-investigating-after-workers-fall-in-chocolate-tank-lancaster-pennsylvania-factory/65360110007/,6.137610985386756
min_k,member,https://www.ydr.com/story/news/2022/05/26/distinguished-young-women-of-york-county-to-award-scholarships/65357279007/,7.454957331929888
min_k,member,https://www.ydr.com/story/news/politics/2022/04/05/primary-2022-who-is-running-for-office-in-central-pa/65346540007/,6.538620458761223
min_k,member,https://www.ydr.com/story/opinion/2022/04/06/sen-mike-regan-its-time-to-legalize-adult-use-marijuana-in-pa/65348677007/,6.617106424136595
min_k,member,https://www.ydr.com/story/news/local/2022/09/07/problem-solver-studios-in-west-york-offers-safe-space-for-music-artists/65458109007/,6.956127660539416
min_k,member,https://www.ydr.com/story/news/local/2022/07/13/video-helps-york-police-arrest-jaquez-brown-in-killing-of-shaheim-carr/65372942007/,6.707082935664207
min_k,member,https://www.ydr.com/story/news/2022/07/08/wildcat-roller-coaster-hershey-park-closing-rmc-coasters/65369486007/,7.149152699269746
min_k,member,https://www.ydr.com/story/news/2022/05/17/primary-day-in-pennsylvania-what-you-need-to-know-about-the-polls-last-minute-mail-ballots/65352112007/,6.345148457510997
min_k,member,https://www.ydr.com/story/news/politics/2022/04/14/pa-governors-race-doug-mastriano-leading-election-denier/65349168007/,6.464124270475628
min_k,member,https://www.ydr.com/story/news/2022/06/10/scott-perry-sought-presidential-pardon-january-6-insurrection-capitol-attack-liz-cheney/65360025007/,5.568179997530851
min_k,member,https://www.ydr.com/story/sports/high-school/lacrosse-boys/2022/05/16/yaiaa-boys-lacrosse-coaches-name-2022-all-stars-players-of-the-year/65355776007/,7.195741358110982
min_k,member,https://www.ydr.com/restricted/?return=https%3A%2F%2Fwww.ydr.com%2Fstory%2Fsports%2Fhigh-school%2F2022%2F04%2F05%2Fyork-adams-players-watch-district-state-high-school-sports-yaiaa%2F65347631007%2F,0.5283197739012063
min_k,member,https://www.ydr.com/restricted/?return=https%3A%2F%2Fwww.ydr.com%2Fstory%2Fnews%2F2022%2F05%2F09%2Fcould-mental-health-experts-prevented-killing-of-lebanon-police-lt-william-lebo%2F65352523007%2F,0.5283197739012063
min_k,member,https://www.ydr.com/story/news/local/2022/08/03/york-xl-york-county-food-bank-seek-grants-from-gannett-community-thrives/65385659007/,7.542789225067411
min_k,member,https://www.ydr.com/story/news/2022/06/07/baltimore-county-md-collector-chad-shapiro-has-thomas-edison-light-bulbs/65352109007/,8.004938438475838
min_k,member,https://www.ydr.com/story/opinion/2022/06/15/york-countys-conspiracy-of-1803-a-troubling-story/65361114007/,8.422811193244401
min_k,member,https://www.ydr.com/story/sports/high-school/basketball-girls/2022/04/18/dallastowns-dshantae-edwards-commits-to-bethune-cookman-basketball/65350270007/,6.649648062660971
min_k,member,https://www.ydr.com/restricted/?return=https%3A%2F%2Fwww.ydr.com%2Fstory%2Fsports%2Fhigh-school%2F2022%2F06%2F21%2Fgettysburg-athletics-should-the-yaiaa-be-ok-with-move-to-mid-penn%2F65361026007%2F,0.8536495254702459
min_k,member,https://www.ydr.com/story/news/2022/04/01/lebanon-city-police-officer-lebo-shooting-timeline-travis-shaud/65347767007/,6.1727887803857975
min_k,member,https://www.ydr.com/story/news/2022/07/27/former-superfund-site-in-hopewell-twp-could-be-reopened-as-landfill/65382901007/,6.770754503400139
min_k,member,https://www.ydr.com/restricted/?return=https%3A%2F%2Fwww.ydr.com%2Fstory%2Fnews%2F2022%2F04%2F05%2Fnew-pizza-shop-opens-in-york-as-an-old-favorite-returns%2F65347318007%2F,0.5283197739012063
min_k,member,https://www.ydr.com/story/news/local/2022/08/31/united-steelworkers-union-gives-notice-of-strike-to-bae-systems-in-york/65464768007/,6.898079377300334
min_k,member,https://www.ydr.com/story/news/2022/06/16/first-black-owned-gettysburg-the-keystone-inn-bed-breakfast/65354942007/,7.462314093717232
min_k,member,https://www.ydr.com/story/news/traffic/2022/08/29/route-462-market-street-by-interstate-83-to-close-five-weeks-for-bridge-replacement/65417738007/,6.609478884327168
min_k,member,https://www.ydr.com/restricted/?return=https%3A%2F%2Fwww.ydr.com%2Fstory%2Fnews%2Flocal%2F2022%2F06%2F02%2Fconfidential-settlement-lawsuits-deaths-two-york-city-firefighters-ivan-flanscha-zachary-anthony%2F65357792007%2F,0.5887846277294627
min_k,member,https://www.ydr.com/story/money/business/2022/07/17/best-of-the-best-awards-to-honor-the-finest-of-york-county/65373475007/,7.294556624094645
min_k,member,https://www.ydr.com/story/news/politics/elections/2022/07/06/pa-coronavirus-deaths-doug-mastriano-republican-governor-race-josh-shapiro/65367847007/,6.222457325085998
min_k,member,https://www.ydr.com/story/news/crime/2022/09/01/former-east-manchester-township-manager-gene-david-gentzler-kidnapping-sentenced-to-prison/65462077007/,7.037101064409528
min_k,member,https://www.ydr.com/story/sports/college/2022/04/16/florida-falls-short-ncaa-gymnastics-title-trinity-thomas-scores-perfect-10-west-york/65350392007/,7.141129817837983
min_k,member,https://www.ydr.com/story/opinion/2022/04/29/sen-mike-regan-legally-wrong-in-stand-against-after-school-club-satan/65352613007/,7.25384904176761
min_k,member,https://www.ydr.com/restricted/?return=https%3A%2F%2Fwww.ydr.com%2Fstory%2Fnews%2F2022%2F05%2F04%2Fcomings-and-goings-popular-taco-place-returns-bar-and-grill-closes%2F65353557007%2F,0.5283197739012063
min_k,member,https://www.ydr.com/story/news/2022/06/13/york-state-fair-pa-toby-keith-tour-cancels-concert-july/65360563007/,6.383738828917681
min_k,member,https://www.ydr.com/story/news/2022/06/14/chanceford-township-york-county-pa-teen-dies-from-injuries-in-crash-at-i-83-and-route-30-wellspan/65360665007/,6.339718118957851
min_k,member,https://www.ydr.com/story/news/local/2022/04/06/pennsylvania-state-police-settle-profiling-immigration-lawsuit/65348777007/,5.820866670953222
min_k,member,https://www.ydr.com/story/life/food/2022/05/25/york-county-restaurants-guide-for-dining-outside-coffee-bakeries/65357297007/,7.704450373495779
min_k,member,https://www.ydr.com/story/news/local/2022/08/15/william-goodridge-statue-is-first-in-york-to-honor-african-americans/65400442007/,7.864298720559674
min_k,member,https://www.ydr.com/story/sports/high-school/baseball/2022/06/06/coastal-carolina-baseball-nick-parker-shut-out-east-carolina-ncaa-regional/65358918007/,6.301583970885679
min_k,member,https://www.ydr.com/story/sports/high-school/2022/05/28/piaa-track-spring-groves-laila-campbell-claims-two-gold-medals-again/65357640007/,6.10663818051224
min_k,member,https://www.ydr.com/story/news/2022/08/01/york-state-fair-2022-sees-sharp-attendance-drop-hot-weather-blamed/65388258007/,6.7976533481909795
min_k,member,https://www.ydr.com/restricted/?return=https%3A%2F%2Fwww.ydr.com%2Fstory%2Fnews%2Fwatchdog%2F2022%2F05%2F25%2Fman-pleads-guilty-third-degree-murder-deadly-interstate-83-crash%2F65357260007%2F,0.5856676194095559
min_k,member,https://www.ydr.com/story/life/2022/06/23/102-year-old-retired-teacher-shares-memories-at-susquehannock-high/65362172007/,6.917543127320029
min_k,member,https://www.ydr.com/story/news/crime/2022/05/22/one-injured-in-shooting-at-walmart-in-newberry-township-york-county/65356844007/,5.8541802462409525
min_k,member,https://www.ydr.com/story/news/local/2022/07/06/york-county-pa-single-vehicle-crash-one-woman-killed-lower-chanceford-township/65367755007/,5.166745013660854
min_k,member,https://www.ydr.com/story/news/local/2022/05/03/crown-act-would-bar-discrimination-of-race-based-hairstyles-in-york/65353530007/,6.952144065912623
min_k,member,https://www.ydr.com/story/sports/high-school/baseball/2022/06/14/yaiaa-baseball-coaches-name-2022-league-all-stars-players-of-the-year/65360678007/,6.58887767645479
min_k,member,https://www.ydr.com/story/news/crime/2022/06/06/york-woman-arrested-stole-car-with-toddler-inside/65358916007/,5.687285165786744
min_k,member,https://www.ydr.com/story/news/2022/06/07/gas-prices-in-central-pa-surpass-5-a-gallon-at-some-stations/65359220007/,5.6087594990524945
min_k,member,https://www.ydr.com/story/news/history/gettysburg/2022/04/06/thaddeus-stevens-gets-a-statue-from-his-fan-club-in-gettysburg/65348341007/,7.5919127409485565
min_k,member,https://www.ydr.com/story/news/local/2022/06/03/pedal-4-peace-wavecrave365-operating-in-condemned-building-closed-for-now/65358672007/,7.8380382259686785
min_k,member,https://www.ydr.com/story/news/politics/2022/05/18/keith-gillespie-stan-saylor-lose-pa-house-seats-in-gop-primary/65355136007/,7.294778130395072
min_k,member,https://www.ydr.com/in-depth/news/2022/05/24/saving-york-street-by-street-the-unsung-people-helping-our-hometown/65351134007/,6.949714613943985
min_k,member,https://www.ydr.com/story/opinion/2022/04/21/opinion-legalizing-marijuana-in-pa-is-a-dangerous-idea/65351230007/,7.197693824768066
min_k,member,https://www.ydr.com/story/sports/college/penn-state/football/2022/07/19/penn-state-football-parecruiting-surge-in-big-ten-london-montgomery/65372327007/,7.142998097547844
min_k,member,https://www.ydr.com/restricted/?return=https%3A%2F%2Fwww.ydr.com%2Fstory%2Fnews%2Fwatchdog%2F2022%2F05%2F04%2Fnew-federal-guidance-juvenile-justice-reform-act-of-2018%2F65352687007%2F,0.5283197739012063
min_k,member,https://www.ydr.com/story/sports/high-school/2022/05/16/athletes-of-the-week-select-the-latest-yaiaa-winners/65355822007/,7.23960562105532
min_k,member,https://www.ydr.com/story/sports/high-school/2022/08/26/central-pa-football-scores-highlights-from-week-1-yaiaa-ll-league-mid-penn-conference/65420337007/,7.178402549342105
min_k,member,https://www.ydr.com/story/opinion/2022/07/13/articles-of-confederation-crafters-sentenced-1st-constitution-to-short-life/65373089007/,8.374377140838108
min_k,member,https://www.ydr.com/story/sports/high-school/2022/05/02/york-adams-athletes-select-this-weeks-top-performers-in-online-polls/65353164007/,7.349038269208825
min_k,member,https://www.ydr.com/story/news/2022/04/05/dillsburg-halal-meats-suspended-after-usda-observes-mishandling-of-lamb/65348320007/,7.40496381462043
min_k,member,https://www.ydr.com/restricted/?return=https%3A%2F%2Fwww.ydr.com%2Fstory%2Fnews%2F2022%2F06%2F21%2Fdallastown-area-high-school-and-alumni-to-perform-mamma-mia-two-years-after-covid-shutdown%2F65360132007%2F,0.8536495254702459
min_k,member,https://www.ydr.com/story/news/crime/2022/04/18/york-city-struggles-for-answers-in-wake-of-continued-gun-violence/65347686007/,6.865273896016572
min_k,member,https://www.ydr.com/story/news/local/2022/08/22/york-county-pa-history-center-construction-underway-site-from-first-power-station/65406643007/,7.996462272138012
min_k,member,https://www.ydr.com/story/life/2022/05/23/red-lion-senior-high-school-offers-student-run-cafe/65355189007/,7.401292922004821
min_k,member,https://www.ydr.com/restricted/?return=https%3A%2F%2Fwww.ydr.com%2Fstory%2Fsports%2Fhigh-school%2F2022%2F05%2F17%2Fthe-district-3-playoffs-are-here-these-are-the-top-athletes-to-watch%2F65355261007%2F,0.5283197739012063
min_k,member,https://www.ydr.com/story/sports/high-school/football/2022/08/31/central-pa-high-school-football-scoreboard-results-from-week-2-yaiaa-ll-league-mid-penn-conference/65465990007/,7.907187539703992
min_k,member,https://www.ydr.com/story/news/local/2022/06/27/sheetz-lowers-some-gas-prices-in-pennsylvania-for-july-4th-holiday/65364124007/,6.169641571574741
min_k,member,https://www.ydr.com/story/money/companies/2022/09/12/refillism-store-in-york-boosts-access-to-eco-friendly-lifestyle/68221522007/,6.800347531401871
min_k,member,https://www.ydr.com/story/news/local/2022/04/04/dover-area-northern-york-county-pa-teen-dies-car-crash/65348254007/,5.1967365364036935
min_k,member,https://www.ydr.com/story/news/crime/2022/08/10/kimberly-metz-sentenced-in-willmar-santos-batista-fathers-day-york-murder/65394957007/,6.946794354915619
min_k,member,https://www.ydr.com/story/sports/high-school/football/2022/09/16/central-pa-high-school-football-live-scoreboard-week-4-yaiaa-ll-league-mid-penn-conference/69496403007/,8.633113940556845
min_k,member,https://www.ydr.com/story/news/local/2022/08/04/tractor-crash-in-york-county-results-another-death-4-year-old-boy-jeffrey-ryan-fisher/65391877007/,6.681656975107095
min_k,member,https://www.ydr.com/story/news/2022/04/06/route-30-adams-county-crash-claims-the-life-of-york-haven-man/65348639007/,6.740676385164261
min_k,member,https://www.ydr.com/story/news/local/2022/04/21/york-county-judge-hears-argument-petition-seeking-disqualification-york-mayor-michael-helfrich/65351027007/,6.961427710580487
min_k,member,https://www.ydr.com/restricted/?return=https%3A%2F%2Fwww.ydr.com%2Fstory%2Fnews%2F2022%2F06%2F09%2Fcomings-and-goings-downtown-york-gets-a-number-of-new-businesses%2F65359731007%2F,0.6548260943015339
min_k,member,https://www.ydr.com/story/news/local/2022/08/24/live-band-members-and-bill-hynes-get-lawsuit-for-think-loud-studio-property/65404659007/,7.66663850185483
min_k,member,https://www.ydr.com/story/news/2022/06/16/tornado-watch-issued-for-central-pennsylvania-national-weather-service/65361497007/,6.26041734629664
min_k,member,https://www.ydr.com/story/news/crime/2022/05/23/central-york-teacher-killed-in-murder-suicide-in-spring-garden-township/65357189007/,6.472882386257774
min_k,member,https://www.ydr.com/story/news/2022/04/26/pennsylvanias-child-welfare-system-needs-to-be-reformed/65351885007/,7.290009344970831
min_k,member,https://www.ydr.com/story/opinion/2022/09/06/question-for-pennsylvania-child-welfare-how-can-more-children-be-saved/65463989007/,7.1218547561329695
min_k,member,https://www.ydr.com/story/sports/high-school/2022/06/06/piaa-championships-first-round-results-from-baseball-softball-playoffs/65359199007/,6.441115467888968
min_k,member,https://www.ydr.com/story/news/crime/2022/05/12/child-abuse-york-county-man-submerged-2-year-olds-hand-in-hot-water/65355049007/,6.384745425735878
min_k,member,https://www.ydr.com/story/sports/college/penn-state/football/2022/08/25/penn-state-football-nittany-lions-jiayir-brown-tig-big-ten/65399007007/,7.328636523102483
min_k,member,https://www.ydr.com/story/news/local/2022/04/19/satanist-club-proposal-to-northern-york-county-school-district-board/65350967007/,7.637935403498208
min_k,member,https://www.ydr.com/story/news/2022/05/25/why-you-will-pay-400-for-a-bushel-of-blue-crabs-summer-2022-in-pa/65357266007/,7.199153114291071
min_k,member,https://www.ydr.com/story/news/2022/08/10/hershey-chocolate-enough-candy-halloween-but-it-will-cost-more/65395842007/,7.181682848930359
min_k,member,https://www.ydr.com/story/news/2022/05/10/pa-gas-prices-rise-new-record-high-dwindling-supplies/65353817007/,5.567529188407646
min_k,member,https://www.ydr.com/story/news/local/2022/06/27/hanover-area-may-soon-get-a-wawa-first-in-york-county-pa/65363962007/,7.071129682216238
min_k,member,https://www.ydr.com/story/news/2022/06/14/saving-york-street-by-street-read-about-heroes-york-pa/65360879007/,7.214871223707845
min_k,member,https://www.ydr.com/story/news/2022/08/10/after-yorkfest-was-canceled-again-local-artists-stepped-up-yorks-art-week/65396122007/,7.276957351382416
min_k,member,https://www.ydr.com/story/sports/college/penn-state/football/2022/09/11/ncaa-college-football-penn-state-ohio-bobcats-nicholas-singleton-drew-allar/66789648007/,7.470491026268631
min_k,member,https://www.ydr.com/story/news/2022/05/05/voter-intimidation-delayed-primary-results-possible-pa-official-says/65353837007/,6.5075569947560625
min_k,member,https://www.ydr.com/story/news/local/2022/07/14/york-water-co-seeks-31-percent-rate-hike-puc-to-investigate/65373927007/,7.412483334541321
min_k,member,https://www.ydr.com/story/opinion/2022/04/18/this-war-is-partly-about-russian-vs-ukrainian-language/65350841007/,8.541117439705156
min_k,member,https://www.ydr.com/story/news/crime/2022/05/26/man-sentenced-prison-aggravated-animal-cruelty-york-county/65356698007/,6.757975289851059
min_k,member,https://www.ydr.com/story/news/crime/2022/07/07/york-settles-with-officer-clayton-swartz-joking-george-floyd-murder/65368943007/,7.439112890113905
min_k,member,https://www.ydr.com/story/sports/high-school/2022/05/18/yaiaa-tournament-winners-from-volleyball-baseball-softball/65355964007/,6.577074722007469
min_k,member,https://www.ydr.com/story/news/2022/04/14/pa-republican-jeff-bartos-is-running-for-u-s-senate-on-kitchen-table-issues/65348985007/,6.789933327533284
min_k,member,https://www.ydr.com/story/news/local/2022/07/05/central-pennsylvania-teen-opens-up-ice-cream-shop-with-unusual-flavors/65364068007/,6.874508446296759
min_k,member,https://www.ydr.com/restricted/?return=https%3A%2F%2Fwww.ydr.com%2Fstory%2Fnews%2F2022%2F06%2F13%2Farchetype-pizza-in-downtown-york-to-open-june%2F65359889007%2F,0.7153644582219082
min_k,member,https://www.ydr.com/story/news/local/2022/08/15/york-county-pa-man-dies-suspected-carbon-monoxide-poisoning-car-accidentally-left-running-garage/65403627007/,7.488215559407284
min_k,member,https://www.ydr.com/story/news/2022/05/10/meltdown-three-mile-island-airs-on-netflix/65353510007/,7.575224740164621
min_k,member,https://www.ydr.com/story/news/politics/2022/07/08/pa-lawmakers-agree-to-spend-billions-in-stimulus-money-in-budget/65369988007/,6.451056260164543
min_k,member,https://www.ydr.com/story/sports/high-school/baseball/2022/06/13/piaa-baseball-everett-tops-delone-in-class-2a-semifinals/65360511007/,6.621674717019458
min_k,member,https://www.ydr.com/story/sports/high-school/football/2022/08/23/yaiaa-football-2022-preview-here-are-the-games-to-watch/65409917007/,6.4476884347421155
min_k,member,https://www.ydr.com/story/sports/outdoors/2022/05/19/gifford-pinchot-state-park-offers-camping-boating-fishing-hiking/65355940007/,6.584608777125079
min_k,member,https://www.ydr.com/story/news/2022/04/12/conor-lamb-senate-race-says-record-over-john-fetterman/65348890007/,6.72281022493705
min_k,member,https://www.ydr.com/story/news/politics/2022/04/06/heres-how-charlie-gerow-is-standing-out-in-the-pa-gop-governor-race/65347892007/,6.378842486670954
min_k,member,https://www.ydr.com/story/sports/high-school/basketball-boys/2022/05/07/susquehannocks-jalen-franklin-makes-class-5a-all-state-basketball-team/65354032007/,6.799027151733864
min_k,member,https://www.ydr.com/story/news/2022/05/03/5-5-million-purchase-saves-mifflin-house-an-underground-railroad-site/65352510007/,7.012522731090616
min_k,member,https://www.ydr.com/story/news/2022/09/12/pennsylvania-turnpike-why-millions-of-dollars-are-owed-in-unpaid-tolls/65384329007/,6.582600252615973
min_k,member,https://www.ydr.com/restricted/?return=https%3A%2F%2Fwww.ydr.com%2Fstory%2Fnews%2Fwatchdog%2F2022%2F04%2F22%2Fdante-mullinix-billboard-blames-york-county-for-death-of-2-year-old%2F65351181007%2F,0.5283197739012063
min_k,member,https://www.ydr.com/story/news/2022/06/15/volunteer-fire-departments-struggle-to-recruit-worry-about-response-times/65353542007/,6.978820835086082
min_k,member,https://www.ydr.com/story/news/2022/06/21/red-lion-man-dies-in-single-vehicle-crash-over-the-weekend-york-county/65362165007/,5.884107086393568
min_k,member,https://www.ydr.com/story/news/crime/2022/05/11/medical-marijuana-is-a-schedule-1-controlled-substance-in-pa-court/65354517007/,6.553351541962287
min_k,member,https://www.ydr.com/story/news/2022/06/16/local-fireworks-york-harrisburg-gettysburg-lancaster-pennsylvania/65358665007/,6.859725416580603
min_k,member,https://www.ydr.com/story/news/2022/07/22/york-father-says-sesame-place-character-snubbed-his-black-daughter/65379052007/,6.489780560318304
min_k,member,https://www.ydr.com/story/news/crime/2022/05/13/teen-pleads-guilty-third-degree-murder-prison-accomplice-deadly-shooting-york/65354698007/,6.615592654424769
min_k,member,https://www.ydr.com/story/opinion/2022/05/27/how-we-can-solve-pas-behavioral-health-care-crisis/65357753007/,6.480847951693413
min_k,member,https://www.ydr.com/story/news/crime/2022/05/26/york-city-police-pa-investigating-a-homicide-involving-possible-trespasser/65357571007/,5.713069753646851
min_k,member,https://www.ydr.com/story/news/crime/2022/08/18/york-area-man-charged-killing-man-dumping-body-lancaster-county/65408859007/,6.264989924880694
min_k,member,https://www.ydr.com/restricted/?return=https%3A%2F%2Fwww.ydr.com%2Fin-depth%2Fnews%2F2022%2F06%2F13%2Fpolitics-york-county-most-influential-government-reoublican-democrat%2F65351421007%2F,0.7153644582219082
min_k,member,https://www.ydr.com/story/sports/high-school/football/2022/08/15/pa-high-school-football-2022-york-adams-league-team-by-team-previews-players-to-watch/65403160007/,7.8904711221683925
min_k,member,https://www.ydr.com/story/news/crime/2022/09/08/man-stabs-random-customer-at-walmart-in-york-county-to-return-to-jail-police-say/65742433007/,6.9169064215671865
min_k,member,https://www.ydr.com/story/news/politics/elections/2022/07/08/scott-perry-congress-pa-republican-refuses-testimony-pardon/65369434007/,6.729252448980359
min_k,member,https://www.ydr.com/story/news/politics/2022/04/21/tracking-campaign-updates-in-pennsylvanias-senate-and-governor-races/65350855007/,6.549223421495172
min_k,member,https://www.ydr.com/story/sports/high-school/baseball/2022/04/19/dallastown-baseball-coach-greg-kinneman-reaches-100-career-wins/65350766007/,6.7480573450543275
min_k,member,https://www.ydr.com/restricted/?return=https%3A%2F%2Fwww.ydr.com%2Fin-depth%2Fnews%2F2022%2F05%2F24%2Fyork-pa-northeast-neighborhood-2-women-do-what-they-can-to-help-saving-york-street-by-street%2F65351426007%2F,0.5856676194095559
min_k,member,https://www.ydr.com/story/news/local/2022/08/24/interstate-83-closed-after-truck-strikes-queen-street-overpass-again/65418552007/,7.091517177495089
min_k,member,https://www.ydr.com/restricted/?return=https%3A%2F%2Fwww.ydr.com%2Fstory%2Fnews%2F2022%2F05%2F25%2Frestaurant-inspections-seven-out-of-compliance%2F65355268007%2F,0.5856676194095559
min_k,member,https://www.ydr.com/story/news/2022/08/10/rep-scott-perry-republican-york-county-pa-fbi-agents-seized-cellphone/65398266007/,1.0632976907477887
min_k,member,https://www.ydr.com/story/opinion/2022/06/15/bidens-border-failure-creates-national-security-humanitarian-crisis/65361133007/,6.9363392491646
min_k,member,https://www.ydr.com/story/opinion/2022/05/18/give-mother-of-red-lion-catherine-meyer-due-recognition/65356449007/,8.080504016743767
min_k,member,https://www.ydr.com/story/news/local/2022/04/08/central-york-students-testify-before-congress-on-national-book-bans/65348834007/,6.827559091958655
min_k,member,https://www.ydr.com/story/life/2022/08/29/silverberry-soaps-central-pa-student-starts-own-business/65417685007/,7.971403498924215
min_k,member,https://www.ydr.com/story/opinion/2022/05/31/tropical-storm-agnes-50-years-ago-like-something-out-of-the-bible/65358222007/,7.391831934306325
min_k,member,https://www.ydr.com/story/opinion/2022/08/19/by-2060-yorks-summer-temps-will-be-like-nashvilles-opinion/65410717007/,7.7396274206170625
min_k,member,https://www.ydr.com/story/sports/college/penn-state/football/2022/06/01/penn-state-football-white-out-game-against-minnesota-not-ohio-state/65358413007/,7.576959141513758
min_k,member,https://www.ydr.com/story/news/local/2022/08/03/national-night-out-in-york-is-a-time-to-focus-on-how-to-stop-violence/65389933007/,7.648082088288807
min_k,member,https://www.ydr.com/story/sports/high-school/2022/05/09/yaiaa-tournaments-which-teams-will-be-competing-for-championships/65354533007/,4.976535213960184
min_k,member,https://www.ydr.com/story/sports/high-school/2022/07/05/select-gametimepas-yaiaa-athletes-of-the-year-for-2021-22/65365394007/,6.479630256367621
min_k,member,https://www.ydr.com/story/sports/outdoors/2022/05/19/many-options-to-consider-when-picking-purchasing-a-kayak-recreational-touring-fishing-paddles/65355833007/,7.0826278368632
min_k,member,https://www.ydr.com/story/news/crime/2022/05/18/man-pleads-guilty-aggravated-assault-accomplice-murder-dover-area-high-school-senior-emily-shoemaker/65355302007/,6.310405618765137
min_k,member,https://www.ydr.com/story/sports/high-school/football/2022/07/20/spring-grove-footballs-andrew-osmun-commits-to-fordham-university/65378458007/,6.5199419885194265
min_k,member,https://www.ydr.com/restricted/?return=https%3A%2F%2Fwww.ydr.com%2Fstory%2Fnews%2F2022%2F05%2F10%2Fwestinghouse-atom-smasher-rots-away-in-a-pennsylvania-neighborhood%2F65352649007%2F,0.5283197739012063
min_k,member,https://www.ydr.com/restricted/?return=https%3A%2F%2Fwww.ydr.com%2Fstory%2Fnews%2Fwatchdog%2F2022%2F04%2F26%2Fjudge-rejects-invasion-of-privacy-claim-york-city-police-officer-clayton-swartz%2F65351520007%2F,1.0937975396697188
min_k,member,https://www.ydr.com/story/news/local/2022/04/05/jk-salvage-explosion-attracts-fire-department-and-scares-residents/65348532007/,7.657860458942881
min_k,member,https://www.ydr.com/story/news/2022/05/06/man-dies-two-vehicle-crash-chanceford-township-york-county-pa/65353951007/,4.874646152219465
min_k,member,https://www.ydr.com/restricted/?return=https%3A%2F%2Fwww.ydr.com%2Fstory%2Fnews%2Fcrime%2F2022%2F04%2F04%2Faaron-miller-on-trial-for-vehicular-manslaughter%2F65348325007%2F,0.5283197739012063
min_k,member,https://www.ydr.com/story/news/2022/05/07/give-local-york-raises-4-1-million-for-local-nonprofits/65353553007/,7.921252486980067
min_k,member,https://www.ydr.com/story/news/crime/2022/07/29/joe-fitzpatrick-released-low-bail-in-atv-case-involving-wifes-death/65385352007/,7.152056113328084
min_k,member,https://www.ydr.com/story/sports/high-school/2022/05/17/district-3-tournaments-scores-schedule-for-boys-girls-championships/65355972007/,4.935439187036434
min_k,member,https://www.ydr.com/story/news/crime/2022/06/15/pa-superior-court-prevents-one-dollar-bail-for-man-in-atv-murder-trial/65359895007/,6.6310785838535855
min_k,member,https://www.ydr.com/story/sports/college/penn-state/football/2022/07/20/penn-state-football-quarterback-sean-clifford-linebacker-curtis-jacobs-big-ten-stars/65372841007/,7.218992781639099
min_k,member,https://www.ydr.com/story/sports/college/penn-state/football/2022/09/18/penn-state-football-sean-clifford-nick-singleton-auburn-big-ten/69494944007/,8.250550929842325
min_k,member,https://www.ydr.com/story/news/crime/2022/04/18/two-found-dead-red-lion-york-county-pa-murder-suicide-easter-morning/65350459007/,6.636974549761005
min_k,member,https://www.ydr.com/story/news/crime/2022/04/04/split-verdict-trial-attempted-murder-shooting-north-codorus-township-york-county/65346449007/,6.501797087052289
min_k,member,https://www.ydr.com/restricted/?return=https%3A%2F%2Fwww.ydr.com%2Fstory%2Fsports%2Fhigh-school%2F2022%2F06%2F23%2Fyaiaa-2021-2022-top-sports-high-schools-in-york-adams-league-dallastown-central-york-pa-dallastown%2F65362250007%2F,0.7153644582219082
min_k,member,https://www.ydr.com/story/news/politics/elections/2022/08/30/eight-more-republicans-just-endorsed-josh-shapiro-over-doug-mastriano/65458907007/,6.9376331164142275
min_k,member,https://www.ydr.com/story/sports/college/2022/04/15/ncaa-gymnastics-perfect-score-gives-floridas-thomas-3-national-titles/65350064007/,7.392378670197946
min_k,member,https://www.ydr.com/story/news/2022/05/20/tornado-watch-issued-for-central-pa/65356692007/,5.675361565181187
min_k,member,https://www.ydr.com/story/news/local/2022/07/08/jerry-reynolds-airville-body-found-holtwood-pa-death-lancaster-county/65369407007/,6.560781937019498
min_k,member,https://www.ydr.com/story/sports/high-school/football/2022/06/07/pitt-football-dallastowns-kenny-johnson-verbally-commits-to-panthers/65359210007/,6.49994989955832
min_k,member,https://www.ydr.com/story/news/2022/08/02/snow-ice-storms-bound-for-pennsylvania-farmers-almanac-winter-forecast/65389109007/,6.458083994248334
min_k,member,https://www.ydr.com/story/news/crime/2022/04/01/man-found-guilty-involuntary-manslaughter-not-guilty-murder-deadly-shooting-york/65346416007/,7.029337727106535
min_k,member,https://www.ydr.com/restricted/?return=https%3A%2F%2Fwww.ydr.com%2Fstory%2Fnews%2F2022%2F04%2F22%2Fcomings-and-goings-eco-friendly-store-opens-in-york-coffee-shop-closes%2F65351060007%2F,0.5283197739012063
min_k,member,https://www.ydr.com/story/sports/high-school/football/2022/04/12/spring-grove-area-high-school-will-thompson-hired-as-football-coach-francis-scott-key/65349834007/,6.673940684344317
min_k,member,https://www.ydr.com/story/sports/high-school/softball/2022/06/13/yaiaa-softball-coaches-name-2022-league-all-stars-players-of-the-year/65360527007/,6.653252186903095
min_k,member,https://www.ydr.com/story/opinion/2022/04/22/york-naacp-area-schools-not-doing-enough-about-rise-of-racial-prejudice/65351389007/,7.098175663131851
min_k,member,https://www.ydr.com/story/news/crime/2022/06/21/york-man-dies-in-weekend-shooting-police-charge-brother-with-homicide/65362149007/,5.740876690982139
min_k,member,https://www.ydr.com/story/sports/college/penn-state/football/2022/08/29/penn-state-football-james-franklin-big-ten-vs-purdue-sean-clifford/65407825007/,7.708511532127083
min_k,member,https://www.ydr.com/story/news/crime/2022/08/18/pennsylvania-state-trooper-driving-under-influence-central-pa/65409961007/,5.410561102628708
min_k,member,https://www.ydr.com/story/sports/high-school/wrestling/2022/06/28/spring-grove-high-school-officially-starts-girls-wrestling-team/65364409007/,6.635009914922257
min_k,member,https://www.ydr.com/restricted/?return=https%3A%2F%2Fwww.ydr.com%2Fin-depth%2Fnews%2F2022%2F06%2F14%2Fmike-smith-and-his-temple-guard-give-york-pa-youths-positive-path%2F6596906001%2F,0.7153644582219082
min_k,member,https://www.ydr.com/story/sports/high-school/baseball/2022/05/26/district-3-baseball-scores-results-from-postseason-tournaments/65357551007/,5.545158042464146
min_k,member,https://www.ydr.com/story/opinion/2022/07/04/the-american-is-great-vision-vs-the-revolutionary-vision/65364730007/,8.022693195685143
min_k,member,https://www.ydr.com/story/sports/high-school/basketball-boys/2022/07/06/florida-basketball-perkiomens-new-oxford-tommy-haugh-makes-commitment/65367304007/,7.018699413418505
min_k,member,https://www.ydr.com/story/news/2022/08/08/back-to-school-dates-updates-at-york-county-school-districts-education/65386876007/,5.93715698731378
min_k,member,https://www.ydr.com/story/news/2022/04/07/york-county-food-bank-is-moving-its-operations-out-of-the-former-kmart-store/65348695007/,6.571958986918132
min_k,member,https://www.ydr.com/story/news/2022/07/01/white-clover-farm-stand-in-hellam-spurred-by-pandemic-food-supply-issues/65347398007/,7.44575490833314
min_k,member,https://www.ydr.com/story/news/crime/2022/08/01/york-city-police-investigating-15th-homicide-2022/65388869007/,4.846188081885284
min_k,member,https://www.ydr.com/story/news/crime/2022/05/06/york-police-man-shot-killed-friday-south-pine-street/65354059007/,4.041707067489624
min_k,member,https://www.ydr.com/story/news/2022/07/25/gettysburg-national-military-parks-little-roundtop-to-close-for-18-months-devils-den-construction-pa/65376312007/,7.861282220622837
min_k,member,https://www.ydr.com/story/opinion/2022/06/29/the-american-is-great-vision-vs-the-revolutionary-vision/65364730007/,8.022693195685143
min_k,member,https://www.ydr.com/story/news/watchdog/2022/04/29/insurance-fraud-york-county-woman-faked-death-in-ukraine-cops-say/65352546007/,6.557467979599673
min_k,member,https://www.ydr.com/story/sports/high-school/basketball-girls/2022/04/28/three-yaiaa-girls-basketball-players-named-to-piaa-all-state-teams/65352253007/,6.417509802059778
min_k,member,https://www.ydr.com/story/sports/high-school/track/2022/05/21/district-3-track-and-field/65356540007/,6.675489336530739
min_k,member,https://www.ydr.com/story/news/2022/06/27/woman-dies-three-vehicle-crash-hanover-pa/65363667007/,5.613416075706482
min_k,member,https://www.ydr.com/story/sports/college/penn-state/football/2022/04/30/nfl-draft-bears-take-penn-states-jaquan-brisker-in-second-round/65352177007/,7.034474234580994
min_k,member,https://www.ydr.com/story/news/politics/elections/2022/06/23/testimony-rep-scott-perry-pardon-from-donald-trump-election-pennsylvania/65363103007/,6.702831608327952
min_k,member,https://www.ydr.com/story/news/local/2022/07/12/severe-thunderstorms-forecast-in-central-pennsylvania-tuesday/65372125007/,6.96473389137082
min_k,member,https://www.ydr.com/story/news/2022/07/28/steve-miller-band-cancels-york-fair-show-because-of-positive-covid-test/65385293007/,6.994337023221529
min_k,member,https://www.ydr.com/story/news/politics/2022/04/20/pa-governor-race-2022-gop-candidates-debate-in-gettysburg/65350851007/,6.774431598933581
min_k,member,https://www.ydr.com/story/opinion/2022/09/16/both-pa-candidates-for-governor-agree-on-school-choice/69498441007/,7.345484725634257
min_k,member,https://www.ydr.com/story/news/local/community/2022/06/10/rainbow-rose-center-hosts-york-county-pride-at-cousler-park/65360038007/,7.796935188359227
min_k,member,https://www.ydr.com/in-depth/news/politics/elections/2022/08/23/voter-fraud-is-rare-in-pennsylvania-but-allegations-flew-after-2020/65376026007/,6.488787308031199
min_k,member,https://www.ydr.com/story/news/crime/2022/06/27/york-city-police-investigates-homicide-after-man-dies-ot-op/65363658007/,4.93303102053953
min_k,member,https://www.ydr.com/story/sports/high-school/2022/06/13/pa-lawmakers-some-say-girls-cant-compete-against-biological-boys/65359859007/,6.758283559967872
min_k,member,https://www.ydr.com/story/news/politics/elections/2022/06/23/pa-house-speaker-bryan-cutler-details-2020-pressure-campaign/65362478007/,7.70967448583924
min_k,member,https://www.ydr.com/story/news/local/2022/07/27/man-dies-forklift-accident-at-jk-salvage-spring-garden-township/65384163007/,5.926224580177894
min_k,member,https://www.ydr.com/story/sports/high-school/football/2022/04/13/york-high-quarterback-sam-stoner-gets-division-i-offers-st-francis-towson/65349927007/,7.1464609170261815
min_k,member,https://www.ydr.com/story/news/2022/04/19/check-out-10-unusual-wedding-venues-in-central-pennsylvania/65349484007/,7.47747088773751
min_k,member,https://www.ydr.com/story/news/politics/elections/2022/06/16/yorkers-react-to-rep-scott-perrys-refusal-to-cooperate-with-jan-6-panel/65359564007/,7.370825787856115
min_k,member,https://www.ydr.com/restricted/?return=https%3A%2F%2Fwww.ydr.com%2Fstory%2Fnews%2Fcrime%2F2022%2F04%2F06%2Fmistrial-declared-in-case-of-construction-worker-hit-killed-by-driver%2F65348679007%2F,0.5283197739012063
min_k,member,https://www.ydr.com/story/news/2022/05/31/man-dies-suspected-drowning-susquehanna-river-york-pa-memorial-day/65358177007/,6.382792222499847
min_k,member,https://www.ydr.com/story/news/local/2022/05/18/yorktowne-hotel-rooftop-dining-construction-facade-update/65354723007/,7.93177502822876
min_k,member,https://www.ydr.com/story/news/watchdog/2022/04/25/teen-alleges-sexual-abuse-against-ex-york-city-police-officer/65351893007/,6.969231325037339
min_k,member,https://www.ydr.com/story/news/crime/2022/04/28/judge-grants-delay-trial-man-charged-first-degree-murder-dante-mullinix-york/65352473007/,7.236155465352449
min_k,member,https://www.ydr.com/story/sports/college/2022/06/28/ncaa-gymnastics-trinity-thomas-returning-for-fifth-season-at-florida/65364355007/,6.738440333879911
min_k,member,https://www.ydr.com/story/news/local/2022/07/06/martin-library-6-million-renovation-completed-in-downtown-york/65367399007/,8.034534606440314
min_k,member,https://www.ydr.com/story/news/politics/2022/04/05/heres-why-democrat-john-fetterman-is-touring-in-red-pa-counties/65347627007/,6.798177874416386
min_k,member,https://www.ydr.com/story/news/2022/04/06/stray-goldendoodle-becomes-new-york-revolution-team-dog/65348529007/,7.779415316808791
min_k,member,https://www.ydr.com/restricted/?return=https%3A%2F%2Fwww.ydr.com%2Fstory%2Fsports%2Foutdoors%2F2022%2F05%2F19%2Fmom-appalachian-trail-addiction-jon-mundis-overdose-awareness%2F65352265007%2F,0.5283197739012063
min_k,member,https://www.ydr.com/story/news/politics/2022/06/30/pennsylvanias-new-fiscal-year-will-begin-without-a-state-budget/65365334007/,1.16825040592812
min_k,member,https://www.ydr.com/story/news/2022/04/25/man-dies-after-falling-into-the-codorus-creek-in-york-fire-chief-says/65351925007/,6.077472932636738
min_k,member,https://www.ydr.com/story/news/2022/05/30/gda-covid-19-state-2022-05-30-pa-ppyr/65358091007/,2.0660297400035086
min_k,member,https://www.ydr.com/story/news/2022/06/20/a-new-apprenticeship-for-young-artists-is-coming-to-york/65361188007/,7.609631684091356
min_k,member,https://www.ydr.com/story/news/local/2022/07/26/york-pa-residents-share-surveillance-cam-footage-of-shaheim-carr-murder-with-police/65378104007/,7.372380356212239
min_k,member,https://www.ydr.com/story/news/local/2022/05/16/see-major-updates-martin-library-york-before-july-grand-opening-teen-space/65354512007/,7.991577502579717
min_k,member,https://www.ydr.com/story/news/education/2022/08/29/satanism-event-fundraiser-york-county-pa-after-school-satan-club/65457233007/,7.597245176395257
min_k,member,https://www.ydr.com/story/news/2022/08/04/best-of-the-best-awards-holds-first-gala-honors-york-county-businesses/65391182007/,8.118456567163433
min_k,member,https://www.ydr.com/story/opinion/2022/08/17/come-take-a-seat-in-york-pa-with-the-accomplished-william-c-goodridge/65407358007/,8.015393997374035
min_k,member,https://www.ydr.com/story/news/local/2022/04/11/lawsuit-york-mayor-michael-helfrich-oath-of-office/65349492007/,7.206607816288773
min_k,member,https://www.ydr.com/story/news/2022/06/15/dover-solar-farm-approved-in-25-minutes/65361179007/,7.227928897402934
min_k,member,https://www.ydr.com/story/news/local/2022/07/27/hope-fest-returns-to-york-with-hoops-tourney-gas-card-giveaway/65382794007/,6.791236840761625
min_k,member,https://www.ydr.com/story/sports/high-school/lacrosse-boys/2022/05/14/central-york-boys-york-catholic-girls-lacrosse-teams-earn-yaiaa-titles/65355281007/,6.147921564072136
min_k,member,https://www.ydr.com/story/news/crime/2022/07/06/york-city-police-investigating-14th-homicide-tying-last-years-total/65368039007/,6.690514178503127
min_k,member,https://www.ydr.com/story/news/history/2022/04/05/artist-makes-connections-to-chip-away-at-wall-between-york-and-hanover/65348433007/,7.860741478042034
min_k,member,https://www.ydr.com/story/sports/high-school/track/2022/05/14/piaa-track-and-field-laila-campbell-sets-blistering-league-mark-in-100/65355100007/,6.227075978193356
min_k,member,https://www.ydr.com/story/news/local/2022/08/25/interstate-83-reopen-after-queen-street-overpass-struck-exit-16-york/65420277007/,6.306259012713875
min_k,member,https://www.ydr.com/story/news/local/2022/04/21/sixth-dover-solar-meeting-brings-new-witness-and-hopeful-decision-date/65351113007/,7.569735187373749
min_k,member,https://www.ydr.com/story/sports/high-school/2022/05/19/susquehannock-delone-catholic-basketball-earns-sportsmanship-scholarships/65356510007/,7.034307692127843
min_k,member,https://www.ydr.com/story/sports/college/penn-state/football/2022/08/12/penn-state-football-big-ten-quarterback-jaxon-smolik-james-franklin/65402058007/,6.9275529980659485
min_k,member,https://www.ydr.com/restricted/?return=https%3A%2F%2Fwww.ydr.com%2Fstory%2Fnews%2Fcrime%2F2022%2F04%2F01%2Fman-testifies-own-defense-attempted-murder-trial-shooting-north-codorous-township-york-county%2F65347533007%2F,0.5283197739012063
min_k,member,https://www.ydr.com/story/news/2022/04/21/david-mccormick-pa-senate-candidate-making-strides-in-gop-primary/65348988007/,6.1973042572911075
min_k,member,https://www.ydr.com/story/money/2022/08/31/unemployment-reaches-pre-pandemic-levels-but-consumers-are-more-pessimistic-than-ever/65419897007/,6.559847576759162
min_k,member,https://www.ydr.com/story/sports/high-school/football/2022/09/10/central-pa-high-school-football-scoreboard-yaiaa-scores-week-3-results-highlights-york-high-carlisle/66852753007/,6.879032003436303
min_k,member,https://www.ydr.com/story/news/2022/07/25/peach-bottom-township-pa-man-dies-in-skid-loader-accident/65381471007/,7.255315426417759
min_k,member,https://www.ydr.com/story/news/politics/2022/09/12/pa-activists-demand-united-states-house-ethics-investigation-of-rep-scott-perry/66891225007/,6.352473570021573
min_k,member,https://www.ydr.com/story/sports/college/penn-state/football/2022/08/31/penn-state-football-college-football-big-ten-purdue-james-franklin/65462642007/,6.652325347212495
min_k,member,https://www.ydr.com/story/sports/high-school/basketball-boys/2022/07/20/york-countys-kent-olewiler-makes-new-mexico-state-basketball-roster-yaiaa-central-york/65371201007/,6.632545610574575
min_k,member,https://www.ydr.com/story/news/2022/07/01/deadly-crash-near-east-berlin-has-claimed-the-life-of-a-fourth-person-coroner-says/65365902007/,6.259226131439209
min_k,member,https://www.ydr.com/story/news/2022/06/15/man-drowns-while-swimming-codorus-state-park-lake-york-pa-coroner-says/65361080007/,5.9030334179218
min_k,member,https://www.ydr.com/story/sports/high-school/2022/06/22/what-will-the-yaiaa-look-like-with-22-teams-here-are-the-new-divisions/65362221007/,4.666949180869369
min_k,member,https://www.ydr.com/story/news/local/2022/08/22/route-30-crash-west-manchester-township-pa-man-dead/65413093007/,5.915267180312764
min_k,member,https://www.ydr.com/story/opinion/2022/09/12/york-day-nursery-turning-90-this-year/69486679007/,7.702042033625584
min_k,member,https://www.ydr.com/story/opinion/2022/06/28/what-would-you-have-done-if-a-freedom-seeker-had-knocked-on-your-door/65364541007/,8.548941478870884
min_k,member,https://www.ydr.com/story/news/2022/04/27/keystone-kidspace-now-open-in-109-year-old-armory/65350228007/,7.5065188599484305
min_k,member,https://www.ydr.com/story/news/politics/2022/05/10/republican-challengers-vying-to-unseat-saylor-gillespie-and-klunk/65354567007/,7.03947679848935
min_k,member,https://www.ydr.com/story/news/crime/2022/04/28/man-pleads-guilty-animal-cruelty-probation-york-county/65352476007/,5.790039596976815
min_k,member,https://www.ydr.com/story/news/crime/2022/06/09/dasean-morris-sentenced-in-york-murder-of-kyle-hagenbuch-thunderguards-motorcyles/65359290007/,6.829302611416334
min_k,member,https://www.ydr.com/story/sports/college/penn-state/football/2022/09/02/penn-state-football-purdue-big-ten-james-franklin-sean-clifford/65465704007/,8.40353883475792
min_k,member,https://www.ydr.com/story/news/2022/08/23/5-year-old-girl-woman-fatally-stabbed-at-home-southern-york-county-pa/65414954007/,6.054527327195922
min_k,member,https://www.ydr.com/story/news/crime/2022/05/20/u-s-marshals-arrest-york-man-in-fatal-shooting-of-selvin-mcewan/65356641007/,5.574504516892514
min_k,member,https://www.ydr.com/story/sports/high-school/lacrosse-girls/2022/04/26/how-these-best-friends-are-driving-york-catholic-lacrosses-title-hopes/65351446007/,6.51604208036473
min_k,member,https://www.ydr.com/story/opinion/2022/08/09/big-york-county-birthdays-on-horizon/65396977007/,8.374150347980587
min_k,member,https://www.ydr.com/story/sports/outdoors/2022/08/13/catawissa-recreation-area-off-road-atv-use-riding-created-by-pa-dcnr-paragon-adventure-park/65402298007/,6.982931931813558
min_k,member,https://www.ydr.com/story/news/2022/06/14/volunteer-fire-departments-struggle-to-recruit-worry-about-response-times/65353542007/,6.978820835086082
min_k,member,https://www.ydr.com/story/news/2022/06/02/delma-rivera-lytle-york-vying-for-ms-senior-pa-america/65358261007/,7.138100794609019
min_k,member,https://www.ydr.com/story/sports/high-school/lacrosse-boys/2022/06/01/piaa-lacrosse-schedule-results-from-state-championships/65358281007/,5.905536271030118
min_k,member,https://www.ydr.com/story/news/2022/06/21/two-men-from-southwestern-york-county-die-in-maryland-crash/65362339007/,6.73803829110187
min_k,member,https://www.ydr.com/story/news/politics/elections/2022/05/13/two-democrats-seek-party-nomination-in-10th-congressional-district/65355137007/,6.500848290104194
min_k,member,https://www.ydr.com/story/news/crime/2022/04/18/teen-in-fatal-shooting-of-york-high-william-penn-high-school-student-malaki-beady-to-stand-trial/65350077007/,6.679017532872789
min_k,member,https://www.ydr.com/story/sports/college/penn-state/football/2022/09/13/penn-state-football-big-ten-james-franklin-auburn-tigers-sec/69487321007/,7.458293713719012
min_k,member,https://www.ydr.com/story/news/local/2022/04/18/puc-approves-sale-of-york-water-company-to-private-business-pawc/65350202007/,7.427772966591087
min_k,member,https://www.ydr.com/story/sports/2022/07/11/american-ninja-warrior-2022-cf-branden-williams-new-oxford/65362232007/,7.128251693668437
min_k,member,https://www.ydr.com/story/opinion/2022/05/11/pas-low-producing-wells-are-leaking-methane/65353721007/,7.482616968643971
min_k,member,https://www.ydr.com/story/sports/college/penn-state/football/2022/09/14/penn-state-college-football-big-ten-auburn-tigers-in-sec/69487422007/,7.173202032609419
min_k,member,https://www.ydr.com/story/opinion/2022/04/27/kreutz-creek-librarys-former-building-gains-new-life/65352254007/,8.52930304032267
min_k,member,https://www.ydr.com/story/news/local/2022/06/27/lake-williams-dam-excavation-under-way-york-empty-lake-bed-turns-green/65362846007/,8.180802202224731
min_k,member,https://www.ydr.com/story/sports/high-school/2022/04/04/select-gametimepa-yaiaa-athletes-of-the-week-for-march-25-to-april-2/65348290007/,6.74193374783385
min_k,member,https://www.ydr.com/story/news/2022/04/18/bill-mcswain-running-for-pa-governor-2022-primary-election/65348986007/,6.384818064719868
min_k,member,https://www.ydr.com/story/news/2022/08/22/york-pa-bans-washing-cars-in-driveways-or-on-streets/65410788007/,7.339754992264968
min_k,member,https://www.ydr.com/story/sports/college/2022/04/01/trinity-thomas-leads-florida-into-regional-final-with-pair-of-10s-gymnastics-ncaa/65347723007/,7.019510016991542
min_k,member,https://www.ydr.com/story/sports/high-school/2022/04/11/select-gametimepa-yaiaa-athletes-of-the-week-for-april-4-to-april-9/65349464007/,6.4878498656409125
min_k,member,https://www.ydr.com/story/news/local/2022/08/30/old-farmers-almanac-predicts-snowy-cold-winter-for-central-pennsylvania/65461359007/,6.424657143079317
min_k,member,https://www.ydr.com/story/sports/college/penn-state/2022/05/10/nfl-penn-state-nittany-lions-football-walk-on-drew-hartlaub-to-carolina-panthers/65353082007/,7.092969603186486
min_k,member,https://www.ydr.com/story/news/local/2022/04/20/after-school-satan-club-denied-northern-york-school-board-joy-el-christian-club/65351019007/,7.33050578557528
min_k,member,https://www.ydr.com/restricted/?return=https%3A%2F%2Fwww.ydr.com%2Fin-depth%2Fnews%2F2022%2F06%2F13%2Farts-entertainment-york-county-most-influential-people%2F65351410007%2F,0.7153644582219082
min_k,member,https://www.ydr.com/story/opinion/2022/06/07/agnes-left-behind-mud-dead-rats-old-tires-and-all-kinds-of-trash/65359554007/,7.357819001339304
min_k,member,https://www.ydr.com/story/news/local/2022/08/22/gifford-pinchot-state-park-suspends-water-activities-in-the-lake/65413407007/,7.7300867693764825
min_k,member,https://www.ydr.com/story/news/politics/blogs/ydr-politics/2022/08/16/12-things-to-know-about-u-s-rep-scott-perry-a-focus-of-jan-6-probe/65398484007/,7.452807483450664
min_k,member,https://www.ydr.com/story/sports/college/penn-state/football/2022/09/02/penn-state-football-sean-clifford-joey-porter-purdue-james-franklin-drew-allar/65465541007/,7.746684861525394
min_k,member,https://www.ydr.com/story/news/crime/2022/09/08/virginia-hayden-sentenced-for-husband-thomas-hayden-death-remains-found-in-foodsaver-bag/65466365007/,7.4365682112027525
min_k,member,https://www.ydr.com/story/news/2022/06/06/york-county-prison-trainer-joseph-garcia-testified-in-cv-case/65358870007/,7.420900301800834
min_k,member,https://www.ydr.com/restricted/?return=https%3A%2F%2Fwww.ydr.com%2Fstory%2Fnews%2Fwatchdog%2F2022%2F05%2F18%2Fson-louis-appell-jr-initiates-civil-rico-case-limited-liability-company-owns-old-mesto-corp-building%2F65355293007%2F,0.5283197739012063
min_k,member,https://www.ydr.com/story/news/2022/09/07/congressional-committee-skewers-postal-service-in-philadelphia-meeting-louis-dejoy/65800851007/,7.344020557403565
min_k,member,https://www.ydr.com/story/money/careers/2022/09/13/having-trouble-hiring-penn-mar-might-be-able-to-help/69487345007/,7.06643888296768
min_k,member,https://www.ydr.com/restricted/?return=https%3A%2F%2Fwww.ydr.com%2Fin-depth%2Fnews%2F2022%2F06%2F13%2Fsports-york-county-most-influential-athletics-football-gymnastics-swimming%2F65351425007%2F,0.7153644582219082
min_k,member,https://www.ydr.com/restricted/?return=https%3A%2F%2Fwww.ydr.com%2Fstory%2Fnews%2Fhistory%2Fgettysburg%2F2022%2F04%2F14%2Fraven-rock-mountain-nuclear-attack-target-doomsday-preppers-worried%2F65349485007%2F,0.5283197739012063
min_k,member,https://www.ydr.com/story/opinion/2022/08/31/what-would-you-do-if-you-witnessed-someone-at-risk/65465660007/,7.78514575470439
min_k,member,https://www.ydr.com/restricted/?return=https%3A%2F%2Fwww.ydr.com%2Fstory%2Fmoney%2Fbusiness%2F2022%2F05%2F31%2Fcomings-and-goings-popular-pool-closed-for-summer-market-houses-add-stands%2F65357481007%2F,0.5856676194095559
min_k,member,https://www.ydr.com/story/news/religion/2022/04/05/york-county-church-tells-gospel-in-22-year-stained-glass-project/65345285007/,7.492208583266647
min_k,member,https://www.ydr.com/story/opinion/2022/07/20/big-important-york-county-history-cultural-projects-picking-up-steam/65377980007/,8.252577078507244
min_k,member,https://www.ydr.com/story/news/local/2022/08/22/i-83-overpass-york-county-repairs-route-74-bridge/65409148007/,7.002990983781361
min_k,member,https://www.ydr.com/story/news/2022/05/03/dining-out-for-spring-checking-out-revival-social-club-in-york/65350791007/,7.4064554920736345
min_k,member,https://www.ydr.com/story/news/2022/06/06/northeastern-school-district-offers-students-cdl-training-amid-driver-shortages/65357688007/,7.0433821984387315
min_k,member,https://www.ydr.com/story/news/2022/07/28/york-state-fair-2022-fried-cauliflower-lolas-waffles-ice-cream/65384751007/,7.390801425602125
min_k,member,https://www.ydr.com/story/sports/high-school/football/2022/08/29/central-pa-high-school-football-wil-rider-no-longer-football-coach-hanover-high-school/65462473007/,6.792389931502165
min_k,member,https://www.ydr.com/story/news/2022/06/09/how-the-pandemic-helped-wolfgang-confectioners-rebound-from-bankruptcy-candy-york-pa/65358750007/,7.028819752968068
min_k,member,https://www.ydr.com/story/news/watchdog/2022/05/16/federal-judge-grants-preliminary-injuction-grandmother-2-year-old-dante-mullinix-york/65355837007/,6.5993492106065395
min_k,member,https://www.ydr.com/story/sports/high-school/2022/04/07/track-and-field-league-has-records-dating-to-1980-and-others-from-2021/65348542007/,6.860802386873331
min_k,member,https://www.ydr.com/story/news/2022/06/05/amber-alert-canceled-after-toddler-missing-from-york-county-is-found-safe/65358883007/,5.8928102314472195
min_k,member,https://www.ydr.com/restricted/?return=https%3A%2F%2Fwww.ydr.com%2Fin-depth%2Fnews%2F2022%2F06%2F13%2Fbusiness-development-york-county-most-influential-people%2F65351418007%2F,0.7153644582219082
min_k,member,https://www.ydr.com/story/news/local/2022/09/06/interstate-83-queen-street-overpass-repairs-cost-up-to-double-after-hits/65467467007/,7.052101877757481
min_k,member,https://www.ydr.com/story/news/2022/06/15/vietnam-veteran-jon-langione-75-finally-got-eastern-york-high-school-diploma/65358492007/,7.079188931265542
min_k,member,https://www.ydr.com/story/news/local/2022/05/12/york-county-prison-feasibility-study-competency-restoration-center/65354974007/,6.418791990069782
min_k,member,https://www.ydr.com/restricted/?return=https%3A%2F%2Fwww.ydr.com%2Fstory%2Fnews%2Fcrime%2F2022%2F04%2F12%2Fex-york-ice-arena-general-manager-mike-cleveland-enters-accelerated-rehabilitative-disposition%2F65348922007%2F,0.5283197739012063
min_k,member,https://www.ydr.com/story/news/crime/2022/08/26/virginia-man-sentenced-logging-truck-death-hanover-brian-mawyer-eugene-ben-fuhrman/65418220007/,7.187322191489759
min_k,member,https://www.ydr.com/story/news/2022/04/25/encore-a-celebration-of-york-county-high-school-musicials-returns/65351061007/,6.569600375657229
min_k,member,https://www.ydr.com/story/sports/college/penn-state/2022/04/11/former-nfl-penn-state-nittany-lion-running-back-gary-brown-dies-of-cancer/65349538007/,7.37051620426968
min_k,member,https://www.ydr.com/story/sports/college/penn-state/football/2022/09/07/penn-state-big-ten-college-football-james-franklin-joey-porter/65475134007/,7.555855129182953
min_k,member,https://www.ydr.com/story/sports/high-school/football/2022/06/23/northeastern-high-school-approves-kirby-brubaker-as-head-football-coach/65362925007/,6.86277027629869
min_k,member,https://www.ydr.com/story/news/local/2022/08/31/york-county-judicial-center-closed-today-because-of-cooling-unit-leak/65465478007/,8.034139072193819
min_k,member,https://www.ydr.com/restricted/?return=https%3A%2F%2Fwww.ydr.com%2Fin-depth%2Fnews%2F2022%2F06%2F01%2Frevitalization-gentrification-york-pa-salem-square-neighborhood%2F6795644001%2F,0.5856676194095559
min_k,member,https://www.ydr.com/story/sports/high-school/football/2022/06/09/york-suburbans-mike-bentivegna-earns-offer-from-st-francis/65359674007/,6.548014064629872
min_k,member,https://www.ydr.com/story/sports/high-school/football/2022/04/26/central-york-quarterback-cade-pribula-to-transfer-from-delaware/65352088007/,6.4536167612942785
min_k,member,https://www.ydr.com/story/news/2022/07/21/york-state-fair-2022-how-to-beat-the-heat-wave-through-the-weekend/65377927007/,6.45682672470335
min_k,member,https://www.ydr.com/story/news/2022/08/17/york-daily-record-editor-randy-parker-has-left-the-newspaper/65407329007/,6.832862568884781
min_k,member,https://www.ydr.com/story/sports/college/penn-state/football/2022/08/29/penn-state-football-james-franklin-big-ten-purdue-sean-clifford/65461391007/,6.836553888556398
min_k,member,https://www.ydr.com/story/entertainment/2022/05/03/choir-choir-choir-event-brings-singing-after-covid-to-appell-center/65352201007/,8.503466113668974
min_k,member,https://www.ydr.com/story/news/local/2022/09/06/long-pine-run-reservoir-in-michaux-state-forest-adams-county-offers-quiet-escape/65466799007/,8.256564368804296
min_k,nonmember,https://www.ydr.com/story/news/2022/05/02/york-county-will-not-offer-drop-box-for-voters-to-return-mail-ballots/65353056007/,5.888210376103719
min_k,nonmember,https://www.ydr.com/story/news/crime/2022/05/23/dover-township-man-charged-in-shooting-at-the-walmart-in-northern-york-county/65357213007/,5.817601491820137
min_k,nonmember,https://www.ydr.com/restricted/?return=https%3A%2F%2Fwww.ydr.com%2Fstory%2Fnews%2F2022%2F04%2F27%2Fex-york-county-911-employee-discrimination-wrongful-termination-lawsuit%2F65351908007%2F,1.0937975396697188
min_k,nonmember,https://www.ydr.com/restricted/?return=https%3A%2F%2Fwww.ydr.com%2Fstory%2Fnews%2F2022%2F06%2F08%2Fthis-small-central-pa-town-grew-like-crazy-during-the-pandemic-mechanicsburg%2F65358412007%2F,0.6548260943015339
min_k,nonmember,https://www.ydr.com/story/opinion/2022/08/23/york-pa-s-market-street-parking-garage-tells-50-year-tale-of-change/65415733007/,8.78030113457075
min_k,nonmember,https://www.ydr.com/story/sports/high-school/lacrosse-girls/2022/05/26/district-3-lacrosse-twin-valley-tops-york-catholic-for-2a-girls-title/65357508007/,6.604938845885427
min_k,nonmember,https://www.ydr.com/story/sports/outdoors/2022/07/19/world-record-butterfly-ray-caught-by-camp-hill-pa-bow-angler-jeremy-gipe/65374856007/,7.4598817539215085
min_k,nonmember,https://www.ydr.com/story/news/politics/2022/04/24/primary-election-2022-heres-who-is-running-pa-94th-state-house-seat/65350262007/,7.051062643527985
min_k,nonmember,https://www.ydr.com/story/sports/college/penn-state/football/2022/09/10/penn-state-football-ohio-bobcats-nicholas-singleton-drew-allar-kaytron-allen/66779446007/,7.9921230450841305
min_k,nonmember,https://www.ydr.com/story/sports/high-school/2022/06/16/yaiaa-girls-lacrosse-coaches-name-2022-league-all-stars/65361380007/,7.13627579397784
min_k,nonmember,https://www.ydr.com/story/news/2022/07/19/pa-moves-water-quality-and-saving-the-chesapeake-to-the-front-burner/65374281007/,6.735423122964254
min_k,nonmember,https://www.ydr.com/story/news/2022/08/19/harley-davidson-iam-union-new-contract-york-pennsylvania-plant/65410302007/,7.123842073209358
min_k,nonmember,https://www.ydr.com/story/news/crime/2022/05/31/man-sentenced-prison-aggravated-assault-attack-meredith-keltner-north-codorus-township-york-county/65357791007/,6.5199053137152045
min_k,nonmember,https://www.ydr.com/story/news/crime/2022/07/26/tyrell-dotson-convicted-of-murder-for-death-of-willmar-santos-batista/65378028007/,7.517311401367188
min_k,nonmember,https://www.ydr.com/restricted/?return=https%3A%2F%2Fwww.ydr.com%2Fstory%2Fsports%2Fhigh-school%2F2022%2F05%2F23%2Fthe-top-baseball-and-softball-players-in-the-district-3-playoffs%2F65356526007%2F,0.5283197739012063
min_k,nonmember,https://www.ydr.com/restricted/?return=https%3A%2F%2Fwww.ydr.com%2Fstory%2Fnews%2Fcrime%2F2022%2F04%2F06%2Fwoman-found-guilty-keeping-remains-grandmother-freezer-social-security-york-county%2F65347682007%2F,0.5283197739012063
min_k,nonmember,https://www.ydr.com/restricted/?return=https%3A%2F%2Fwww.ydr.com%2Fstory%2Fnews%2Fwatchdog%2F2022%2F05%2F11%2Fyork-shooting-tony-wasilewski-2014-not-guilty%2F65350885007%2F,0.5283197739012063
min_k,nonmember,https://www.ydr.com/story/news/2022/05/06/voter-intimidation-delayed-primary-results-possible-pa-official-says/65353837007/,6.519759681897286
min_k,nonmember,https://www.ydr.com/story/news/2022/04/13/pa-state-house-passes-bill-against-trans-girls-in-girls-sports/65349966007/,1.1670140273810372
min_k,nonmember,https://www.ydr.com/story/news/crime/2022/05/03/york-county-police-departments-struggle-to-find-new-and-diverse-hires/65352123007/,6.979081580133149
min_k,nonmember,https://www.ydr.com/story/news/crime/2022/04/14/three-die-two-separate-shootings-york-pa-this-week/65349623007/,5.527237780166395
min_k,nonmember,https://www.ydr.com/story/sports/college/penn-state/football/2022/04/18/penn-state-eric-wilson-journey-nfl-draft-2022/65347360007/,7.730545581877232
min_k,nonmember,https://www.ydr.com/story/news/local/2022/04/15/pennsylvania-supreme-court-suspends-law-license-york-attorney-clarence-allen/65350197007/,6.204395727813244
min_k,nonmember,https://www.ydr.com/story/news/2022/04/21/interstate-81-accident-pa-police-release-names-six-who-died/65351243007/,6.718912476398906
min_k,nonmember,https://www.ydr.com/story/news/2022/06/14/hurricane-agnes-flood-1972-devastated-central-pennsylvania-heavy-rain-flooding/65359285007/,6.956145234768757
min_k,nonmember,https://www.ydr.com/restricted/?return=https%3A%2F%2Fwww.ydr.com%2Fstory%2Fsports%2Fhigh-school%2Ftrack%2F2022%2F05%2F18%2Fpiaa-track-and-field-70-athletes-to-watch-in-district-3-meet%2F65355844007%2F,0.5283197739012063
min_k,nonmember,https://www.ydr.com/story/sports/college/penn-state/football/2022/06/09/penn-state-football-nick-singleton-kaytron-allen-lead-james-franklin/65359587007/,7.376041197065097
min_k,nonmember,https://www.ydr.com/story/news/2022/07/13/left-bank-restaurant-bar-eatery-downtown-york-pa-for-sale/65372564007/,7.14499021284651
min_k,nonmember,https://www.ydr.com/story/sports/high-school/basketball-girls/2022/07/05/new-west-york-and-spring-grove-basketball-york-college-coaches-started-at-same-place/65364925007/,6.907437827852037
min_k,nonmember,https://www.ydr.com/story/news/local/2022/09/16/springettsbury-township-man-dies-25-days-after-2-vehicle-crash/69497262007/,6.120153647202712
min_k,nonmember,https://www.ydr.com/restricted/?return=https%3A%2F%2Fwww.ydr.com%2Fin-depth%2Fsports%2F2022%2F06%2F15%2F22-women-who-changed-york-adams-sports-before-after-title-ix%2F65351069007%2F,0.7153644582219082
min_k,nonmember,https://www.ydr.com/restricted/?return=https%3A%2F%2Fwww.ydr.com%2Fstory%2Fnews%2Fcrime%2F2022%2F04%2F07%2Fman-sentenced-prison-two-deadly-drug-overdoses-york-county%2F65347700007%2F,0.5283197739012063
min_k,nonmember,https://www.ydr.com/story/sports/high-school/football/2022/06/06/central-york-football-players-continue-to-pick-up-division-i-offers/65358420007/,6.751842307312714
min_k,nonmember,https://www.ydr.com/story/news/2022/08/04/york-police-turn-to-the-community-for-ideas-to-reduce-gun-violence/65388415007/,7.204112177545374
min_k,nonmember,https://www.ydr.com/story/opinion/2022/06/21/york-aauw-at-50-group-resets-for-new-chapter-of-its-story/65362223007/,8.107700675856078
min_k,nonmember,https://www.ydr.com/story/sports/college/penn-state/football/2022/08/08/penn-state-football-coaches-poll-big-ten-james-franklin/65395659007/,6.885517943532843
min_k,nonmember,https://www.ydr.com/story/news/2022/07/27/york-state-fair-ride-inspections-what-you-need-to-know/65382750007/,6.933090609793338
min_k,nonmember,https://www.ydr.com/story/news/local/2022/07/11/york-state-fair-july-22-31-details-admission-tickets-parking-hours-and-more/65364021007/,6.891118151800973
min_k,nonmember,https://www.ydr.com/story/news/2022/07/12/rep-scott-perry-proud-boys-leader-zachary-rehl-implicated-jan-6-testimony/65372007007/,6.363263475589263
min_k,nonmember,https://www.ydr.com/story/sports/high-school/track-girls/2022/06/21/laila-campbell-wins-100-meter-dash-at-new-balance-nationals/65362272007/,6.3918265870639255
min_k,nonmember,https://www.ydr.com/story/sports/college/penn-state/football/2022/09/08/penn-state-big-ten-and-college-football-ohio-james-franklin/65742707007/,6.633485891485727
min_k,nonmember,https://www.ydr.com/story/news/2022/04/06/lake-williams-dam-built-in-1911-is-being-demolished/65348530007/,7.677100448772825
min_k,nonmember,https://www.ydr.com/story/news/2022/06/22/rich-wurzbach-of-mrg-labs-invented-a-blood-test-for-machines/65352146007/,7.358135805047792
min_k,nonmember,https://www.ydr.com/story/news/2022/06/30/child-found-dead-pool-campground-southern-york-county-pa-after-going-missing/65365256007/,6.120374967412251
min_k,nonmember,https://www.ydr.com/story/news/local/2022/06/23/judge-rules-favor-york-mayor-michael-helfrich-over-oath-office-henry-nixon/65363082007/,7.176352497935295
min_k,nonmember,https://www.ydr.com/story/news/2022/05/12/jan-6-panel-subpoenas-us-rep-scott-perry/65355153007/,3.1112495596743814
min_k,nonmember,https://www.ydr.com/story/news/2022/07/25/mechanicsburg-man-dies-in-two-vehicle-crash-in-dover-township-police-say/65382145007/,5.925258213619016
min_k,nonmember,https://www.ydr.com/story/sports/college/penn-state/football/2022/09/06/penn-state-college-football-big-ten-ohio-james-franklin-nick-singleton/65474170007/,8.076593672235807
min_k,nonmember,https://www.ydr.com/story/sports/high-school/2022/05/23/district-3-volleyball-results-scores-from-class-3a-2a-tournaments/65357229007/,5.229208035255546
min_k,nonmember,https://www.ydr.com/restricted/?return=https%3A%2F%2Fwww.ydr.com%2Fin-depth%2Fnews%2F2022%2F06%2F13%2Fphilanthropy-nonprofits-york-county-most-influential-people-charity-giving%2F65352045007%2F,0.7153644582219082
min_k,nonmember,https://www.ydr.com/story/news/local/2022/09/09/tech-company-buys-york-continental-square-citizens-bank-property/67309566007/,8.019808104405037
min_k,nonmember,https://www.ydr.com/story/news/politics/elections/2022/07/03/protesters-at-york-rally-want-scott-perry-gone-from-congress/65366404007/,6.784232209198667
min_k,nonmember,https://www.ydr.com/restricted/?return=https%3A%2F%2Fwww.ydr.com%2Fstory%2Fnews%2F2022%2F04%2F21%2Fyork-restaurant-inspections-one-out-of-compliance%2F65350038007%2F,0.5283197739012063
min_k,nonmember,https://www.ydr.com/story/news/2022/05/02/yorks-mothers-day-street-fair-was-canceled-but-theres-an-alternative-alexandria-keener-beaver-street/65352175007/,7.30545561284904
min_k,nonmember,https://www.ydr.com/story/sports/high-school/baseball/2022/06/02/district-3-baseball-east-pennsboro-beats-littlestown-for-4a-title/65358498007/,6.4500438575596775
min_k,nonmember,https://www.ydr.com/restricted/?return=https%3A%2F%2Fwww.ydr.com%2Fstory%2Fnews%2Fwatchdog%2F2022%2F05%2F03%2Fmedical-marijuana-zero-tolerance-dui-pennsylvania%2F65352215007%2F,0.5283197739012063
min_k,nonmember,https://www.ydr.com/story/news/2022/07/18/york-state-fair-2022-guide-to-what-to-eat/65373031007/,7.925193758911428
min_k,nonmember,https://www.ydr.com/story/opinion/columnists/2022/05/17/reporter-katia-parks-shares-insights-to-york-pa-violence/65350927007/,7.227174212406208
min_k,nonmember,https://www.ydr.com/story/sports/high-school/football/2022/05/10/jon-scepanski-leaves-northeastern-to-take-conestoga-valley-football-job/65354649007/,6.2671485469454815
min_k,nonmember,https://www.ydr.com/story/news/2022/07/06/pennsylvania-residents-among-those-arrested-u-s-capitol-insurrection/4331778001/,6.590845609077174
min_k,nonmember,https://www.ydr.com/story/news/politics/2022/05/18/jeff-piccola-chairman-of-york-county-gop-resigns/65356063007/,6.841184997558594
min_k,nonmember,https://www.ydr.com/story/news/2022/05/17/york-county-2022-democratic-republican-primary-race-results-today/65355341007/,5.885516140196058
min_k,nonmember,https://www.ydr.com/story/sports/high-school/football/2022/09/13/sam-stoner-jahiem-white-closing-in-on-york-high-william-penn-football-records/69487731007/,6.840627251031264
min_k,nonmember,https://www.ydr.com/story/news/2022/08/10/fat-daddys-nightclub-closes-auctioning-off-everything-in-york-pa-springettsbury/65395677007/,7.89523797220998
min_k,nonmember,https://www.ydr.com/story/sports/college/penn-state/football/2022/04/28/greatest-penn-state-catches-receivers-jahan-dotson-jameson-williams/65352118007/,7.2656324580311775
min_k,nonmember,https://www.ydr.com/story/opinion/2022/07/26/these-key-projects-would-boost-quality-of-life-in-york-county/65383602007/,8.18309098638165
min_k,nonmember,https://www.ydr.com/story/news/2022/04/27/congressman-scott-perry-new-text-reveals-more-about-attempt-to-change-2020-presidential-election-res/65352246007/,6.354000309239263
min_k,nonmember,https://www.ydr.com/story/news/2022/09/08/the-best-dive-bars-in-york-county-pa-here-are-6-to-check-out/65475324007/,7.837034467707343
min_k,nonmember,https://www.ydr.com/story/news/crime/2022/07/12/jaquez-brown-suspect-york-murder-shaheim-carr-recently-freed-prison/65371037007/,6.90188750741202
min_k,nonmember,https://www.ydr.com/restricted/?return=https%3A%2F%2Fwww.ydr.com%2Fstory%2Fnews%2F2022%2F06%2F07%2Fnew-species-yorkicystis-haefneri-discovered-dig-fossils-york-pa%2F65357621007%2F,0.6548260943015339
min_k,nonmember,https://www.ydr.com/story/sports/high-school/football/2022/05/31/west-yorks-terry-bupp-elected-to-pennsylvania-football-coaches-hall-of-fame/65357624007/,6.773068266094856
min_k,nonmember,https://www.ydr.com/story/sports/high-school/basketball-boys/2022/05/03/piaa-schools-vote-against-adding-a-shot-clock-to-high-school-basketball/65353578007/,6.942862932609789
min_k,nonmember,https://www.ydr.com/story/news/2022/06/29/the-haines-shoe-house-in-york-county-will-become-an-airbnb/65364374007/,6.699448654284844
min_k,nonmember,https://www.ydr.com/story/news/2022/05/04/meltdown-three-mile-island-airs-on-netflix/65353510007/,7.204497981317265
min_k,nonmember,https://www.ydr.com/story/opinion/2022/09/06/restoring-yorks-potters-field-do-it-yourself-urbanism/65474708007/,8.275695494077738
min_k,nonmember,https://www.ydr.com/story/news/2022/04/07/central-pennsylvania-to-receive-rain-today-national-weather-service-says/65348821007/,7.530195460600011
min_k,nonmember,https://www.ydr.com/story/news/2022/05/16/severe-thunderstorm-watch-issued-central-pa-tornado-possible/65355765007/,6.085006894292058
min_k,nonmember,https://www.ydr.com/story/news/politics/2022/04/11/dr-oz-senate-campaign-trump-endorsement/65349165007/,6.898175515380561
min_k,nonmember,https://www.ydr.com/story/sports/college/penn-state/football/2022/04/29/nfl-draft-washington-commanders-penn-states-receiver-jahan-dotson-in-first-round/65352135007/,7.1487494979808535
min_k,nonmember,https://www.ydr.com/story/sports/college/penn-state/2022/04/24/penn-state-james-franklin-sean-clifford-lead-psu-at-blue-white-game/65351312007/,7.488172259985232
min_k,nonmember,https://www.ydr.com/story/sports/college/penn-state/2022/04/23/penn-state-football-blue-white-game-with-james-franklin-drew-allar/65351234007/,7.267830274438345
min_k,nonmember,https://www.ydr.com/story/news/crime/2022/06/15/spring-garden-township-man-charged-with-fatally-stabbing-pregnant-woman-in-york-in-may/65361137007/,5.983352574626957
min_k,nonmember,https://www.ydr.com/story/sports/high-school/basketball-girls/2022/07/11/gettysburg-star-named-gametimepa-yaiaa-girls-athlete-of-the-year/65370388007/,6.693468106161688
min_k,nonmember,https://www.ydr.com/story/sports/high-school/2022/05/23/select-gametimepa-yaiaa-athletes-of-the-week-for-may-16-to-may-21/65357145007/,6.906786479201972
min_k,nonmember,https://www.ydr.com/story/news/2022/05/09/york-county-bakery-collects-donations-to-support-ukrainian-refugees/65353063007/,6.813332418116127
min_k,nonmember,https://www.ydr.com/story/news/2022/04/12/white-clover-farm-stand-in-hellam-spurred-by-pandemic-food-supply-issues/65347398007/,7.44575490833314
min_k,nonmember,https://www.ydr.com/story/sports/high-school/football/2022/08/27/yaiaa-football-week-1-york-high-loses-thriller-central-york-gets-big-win/65457937007/,7.131975657456405
min_k,nonmember,https://www.ydr.com/story/sports/college/penn-state/football/2022/08/29/penn-state-football-big-ten-purdue-boilermakers-nick-singleton/65461401007/,8.223021940309174
min_k,nonmember,https://www.ydr.com/story/news/local/2022/06/22/central-pa-braces-severe-thunderstorms-across-states-md-dc-wva-va-wednesday-evening-9-pm/65362654007/,6.951917705081758
min_k,nonmember,https://www.ydr.com/story/news/crime/2022/06/20/york-pa-woman-sentenced-hiding-grandmother-body-freezer-social-security/65361623007/,7.446685776207017
min_k,nonmember,https://www.ydr.com/story/news/local/2022/05/26/veterans-memorial-gold-star-garden-memorial-day-event-honoring-wwi-kia/65354618007/,7.390316498540614
min_k,nonmember,https://www.ydr.com/story/news/crime/2022/04/15/man-dies-after-being-shot-during-fight-outside-home-in-adams-county/65350257007/,6.472257248560587
min_k,nonmember,https://www.ydr.com/story/news/local/2022/07/29/multiple-casualties-chanceford-township-crash-york-county-traffic-collision/65386614007/,6.401374062495445
min_k,nonmember,https://www.ydr.com/story/opinion/2022/05/03/new-life-for-hanover-trolley-rails/65353555007/,7.7860455862853835
min_k,nonmember,https://www.ydr.com/story/news/2022/05/13/infant-found-dead-east-berlin-mother-ashley-decker-charged/65355254007/,5.8330836310358105
min_k,nonmember,https://www.ydr.com/story/news/local/2022/07/18/reverend-adrian-boxley-appointed-york-city-district-justice-by-state/65371722007/,7.6055241926856665
min_k,nonmember,https://www.ydr.com/story/news/2022/05/03/give-local-york-24-hours-of-fundraising-right-around-the-corner/65353091007/,7.993935683081227
min_k,nonmember,https://www.ydr.com/story/news/nation/2022/07/06/michael-lopatic-of-lancaster-dead-one-year-after-insurrection-arrest/65367853007/,6.060437899009854
min_k,nonmember,https://www.ydr.com/story/sports/high-school/football/2022/08/27/central-pa-high-school-football-yaiaa-scores-results-highlights-from-week-1/65419140007/,6.8388070159488255
min_k,nonmember,https://www.ydr.com/story/news/2022/09/12/pa-drivers-will-get-new-licenses-with-enhanced-security-features/69486893007/,6.011988634965857
min_k,nonmember,https://www.ydr.com/story/sports/college/penn-state/football/2022/09/10/penn-state-football-score-vs-ohio-university-bobcats-big-ten-nick-singleton/66758652007/,7.6300921795216015
min_k,nonmember,https://www.ydr.com/story/news/crime/2022/05/23/murder-suicide-deadly-shooting-gunfire-mar-weekend-in-york-county/65356861007/,5.9748403777678805
min_k,nonmember,https://www.ydr.com/story/opinion/2022/04/12/2-century-old-st-paul-lebanon-lutheran-church-illustrates-easter-message/65349861007/,7.767249060513681
min_k,nonmember,https://www.ydr.com/story/opinion/2022/04/19/100-year-old-catholic-womans-club-in-york-draws-strength-from-its-past/65350914007/,7.956583554852647
min_k,nonmember,https://www.ydr.com/story/sports/high-school/baseball/2022/06/09/piaa-baseball-delone-catholic-tops-schuylkill-haven-to-reach-2a-semis/65359966007/,6.671600456321083
min_k,nonmember,https://www.ydr.com/story/news/crime/2022/05/26/york-county-district-attorney-drops-charges-co-defendant-attack-north-codorus-township/65357291007/,6.3018221048484175
min_k,nonmember,https://www.ydr.com/story/sports/college/penn-state/football/2022/08/07/penn-state-football-3-things-to-learn-about-2022-big-ten-season/65393638007/,7.116487932045723
min_k,nonmember,https://www.ydr.com/story/sports/college/penn-state/football/2022/06/02/drew-hartlaub-hanover-leaves-carolina-panthers-injury-concussions/65358206007/,7.078212226478799
min_k,nonmember,https://www.ydr.com/restricted/?return=https%3A%2F%2Fwww.ydr.com%2Fstory%2Fnews%2F2022%2F05%2F10%2Fcould-mental-health-experts-prevented-killing-of-lebanon-police-lt-william-lebo%2F65352523007%2F,0.5283197739012063
min_k,nonmember,https://www.ydr.com/restricted/?return=https%3A%2F%2Fwww.ydr.com%2Fstory%2Fsports%2Fhigh-school%2F2022%2F05%2F24%2Fnil-name-image-likeness-deals-could-be-headed-piaa-what-it-means-pa-high-school%2F65354558007%2F,0.5856676194095559
min_k,nonmember,https://www.ydr.com/story/news/2022/05/24/brian-korte-york-haven-lynwood-nester-dillsburg-charged-capitol-riots/65357319007/,7.277718464533488
min_k,nonmember,https://www.ydr.com/story/opinion/2022/06/23/trovestreet-a-new-way-to-learn-about-aging-in-york-county/65362833007/,7.205986728668213
min_k,nonmember,https://www.ydr.com/story/opinion/2022/05/11/mifflin-house-preservation-latest-land-use-battle-in-eastern-york-county/65354943007/,7.93651396409384
min_k,nonmember,https://www.ydr.com/story/news/2022/08/02/pennsylvania-turnpike-tolls-increase-by-5-percent-january-e-zpass-pa-turnpike-hike/65389692007/,6.135249742897608
min_k,nonmember,https://www.ydr.com/story/sports/college/penn-state/football/2022/08/02/psu-football-games-nittany-lions-james-franklin-sean-clifford/65385455007/,8.054659867828542
min_k,nonmember,https://www.ydr.com/restricted/?return=https%3A%2F%2Fwww.ydr.com%2Fstory%2Fnews%2Fwatchdog%2F2022%2F04%2F20%2Fc-sau-prison-trainer-testifies-unemployed-exaggerated-business-jospha-garcia%2F65350079007%2F,0.5283197739012063
min_k,nonmember,https://www.ydr.com/restricted/?return=https%3A%2F%2Fwww.ydr.com%2Fstory%2Fsports%2Fhigh-school%2Fbaseball%2F2022%2F04%2F13%2Fhigh-school-sports-baseball-at-york-high-in-the-yaiaa-puerto-rico%2F65345438007%2F,0.5283197739012063
min_k,nonmember,https://www.ydr.com/restricted/?return=https%3A%2F%2Fwww.ydr.com%2Fstory%2Fnews%2Fcrime%2F2022%2F05%2F06%2Fmothers-day-struggle-for-those-who-have-lost-children-parents%2F65353690007%2F,0.5283197739012063
min_k,nonmember,https://www.ydr.com/story/sports/2022/05/05/toronto-blue-jays-call-up-delone-catholic-grad-casey-lawrence/65353814007/,6.169544367723062
min_k,nonmember,https://www.ydr.com/story/news/politics/elections/2022/05/26/politico-mark-meadows-burned-papers-after-meeting-with-scott-perry/65357627007/,6.586390950463035
min_k,nonmember,https://www.ydr.com/story/sports/high-school/2022/04/25/select-gametimepa-yaiaa-athletes-of-the-week-for-april18-to-april-23/65351891007/,7.082054050601259
min_k,nonmember,https://www.ydr.com/story/news/2022/04/08/york-county-food-bank-is-moving-its-operations-out-of-the-former-kmart-store/65348695007/,6.4557409435510635
min_k,nonmember,https://www.ydr.com/story/opinion/2022/05/23/pas-farmers-municipalities-pay-for-legislatures-inaction-on-clean-water/65357214007/,7.289964984445011
min_k,nonmember,https://www.ydr.com/restricted/?return=https%3A%2F%2Fwww.ydr.com%2Fstory%2Fnews%2Flocal%2F2022%2F06%2F13%2Ftasalina-young-memory-daughter-dyamond-helps-others-in-york-pa%2F65356517007%2F,0.7153644582219082
min_k,nonmember,https://www.ydr.com/story/news/local/2022/07/18/pa-backing-historic-small-restaurants-grant-awarded-harmony-inn/65371204007/,7.959988993483704
min_k,nonmember,https://www.ydr.com/story/news/2022/04/20/senator-jake-corman-eyes-pa-governors-office-after-23-years-in-dc/65348987007/,6.600487911782297
min_k,nonmember,https://www.ydr.com/story/news/2022/06/30/cheap-gas-what-is-e15-unleaded-88-and-e85-is-it-safe-to-use-in-cars-boats-vehicles-sheetz/65364424007/,6.6675762412617505
min_k,nonmember,https://www.ydr.com/restricted/?return=https%3A%2F%2Fwww.ydr.com%2Fstory%2Fnews%2F2022%2F04%2F07%2Fpa-speed-cameras-work-zones-tickets-tossed-after-error-found%2F65345082007%2F,0.5283197739012063
min_k,nonmember,https://www.ydr.com/story/sports/high-school/2022/05/09/select-gametimepa-yaiaa-athletes-of-the-week-formay-2-to-may-7/65354485007/,7.314004516601562
min_k,nonmember,https://www.ydr.com/story/sports/high-school/softball/2022/07/06/piaa-softball-coaches-select-states-top-players/65365518007/,7.3135902759356375
min_k,nonmember,https://www.ydr.com/story/sports/high-school/football/2022/08/22/central-pa-football-schedule-scores-york-adams-2022-season/65409218007/,4.71156811933913
min_k,nonmember,https://www.ydr.com/story/sports/college/2022/03/31/ncaa-gymnastic-regionals-how-to-watch-the-action-from-4-competitions/65347499007/,6.524058757868028
min_k,nonmember,https://www.ydr.com/story/news/2022/07/29/one-killed-building-collapse-adams-county-central-pa-farm-state-police-say/65386328007/,6.952616109848022
min_k,nonmember,https://www.ydr.com/story/news/2022/09/14/pa-residents-with-criminal-records-could-get-help/69491572007/,7.46999204860014
min_k,nonmember,https://www.ydr.com/story/news/crime/2022/05/18/york-city-police-investigating-womans-overnight-death-as-homicide/65356359007/,6.233348184161716
min_k,nonmember,https://www.ydr.com/restricted/?return=https%3A%2F%2Fwww.ydr.com%2Fstory%2Fnews%2F2022%2F04%2F21%2Fcomings-and-goings-eco-friendly-store-opens-in-york-coffee-shop-closes%2F65351060007%2F,0.5283197739012063
min_k,nonmember,https://www.ydr.com/restricted/?return=https%3A%2F%2Fwww.ydr.com%2Fstory%2Fnews%2F2022%2F05%2F11%2Fthe-york-and-adams-county-real-estate-markets-are-still-pretty-hot%2F65354554007%2F,0.5283197739012063
min_k,nonmember,https://www.ydr.com/story/news/local/2022/09/06/fall-festivals-and-family-friendly-activities-in-york-county/65419910007/,6.565206226862577
min_k,nonmember,https://www.ydr.com/story/sports/high-school/2022/04/18/select-gametimepa-yaiaa-athletes-of-the-week-for-april-11-16/65350764007/,7.2436960959921075
min_k,nonmember,https://www.ydr.com/story/news/2022/04/26/man-dies-after-falling-into-the-codorus-creek-in-york-fire-chief-says/65351925007/,5.9468246667008655
min_k,nonmember,https://www.ydr.com/story/news/local/2022/08/04/children-injured-in-deadly-amish-tractor-crash-york-county-remain-in-hospital/65390689007/,6.838355932480249
min_k,nonmember,https://www.ydr.com/story/news/crime/2022/04/18/york-school-district-chad-gerrick-pleads-guilty-disorderly-conduct/65350765007/,6.23101302689197
min_k,nonmember,https://www.ydr.com/story/news/local/2022/05/05/york-city-council-brings-crown-act-to-board-for-hair-discrimination/65353633007/,6.930744680991539
min_k,nonmember,https://www.ydr.com/story/sports/high-school/wrestling/2022/05/05/dave-gable-steps-down-as-dallastown-wrestling-coach-after-25-years/65353876007/,6.831816686598282
min_k,nonmember,https://www.ydr.com/story/news/crime/2022/05/25/former-north-york-tax-collector-keith-ramsay-rejected-veterans-wellness-court/65356693007/,6.859960926903619
min_k,nonmember,https://www.ydr.com/story/sports/high-school/volleyball-boys/2022/06/01/piaa-boys-volleyball-results-matchups/65358273007/,4.937605324186809
min_k,nonmember,https://www.ydr.com/story/news/2022/08/02/the-community-responds-to-help-an-amish-family-touched-by-tragedy/65388394007/,7.136994535876516
min_k,nonmember,https://www.ydr.com/story/news/politics/2022/04/07/kenyatta-running-for-senate-because-the-status-quo-will-not-save-us/65348457007/,6.719545547064248
min_k,nonmember,https://www.ydr.com/restricted/?return=https%3A%2F%2Fwww.ydr.com%2Fstory%2Fnews%2Fcrime%2F2022%2F05%2F09%2Fhearing-joe-fitzpatrick-iii-first-degree-murder-second-trial-york-county%2F65353970007%2F,0.5283197739012063
min_k,nonmember,https://www.ydr.com/story/news/2022/05/18/shamaine-daniels-wins-democratic-nomination-to-face-scott-perry-us-congress/65355455007/,6.528232371735716
min_k,nonmember,https://www.ydr.com/story/news/local/2022/06/22/adams-county-crash-leaves-three-dead-pa-police-say/65362619007/,6.878883769114812
min_k,nonmember,https://www.ydr.com/restricted/?return=https%3A%2F%2Fwww.ydr.com%2Fstory%2Fsports%2Fhigh-school%2Ftrack%2F2022%2F05%2F19%2Fpiaa-track-and-field-70-athletes-to-watch-in-district-3-meet%2F65355844007%2F,0.5283197739012063
min_k,nonmember,https://www.ydr.com/story/news/crime/2022/08/25/york-county-pa-da-says-shooting-after-wedding-self-defense/65415627007/,6.503838918646988
min_k,nonmember,https://www.ydr.com/story/sports/college/penn-state/football/2022/06/28/penn-state-football-james-franklin-recruits-southern-players-from-alabama-al-florida-fla/65362631007/,7.045413791316829
min_k,nonmember,https://www.ydr.com/restricted/?return=https%3A%2F%2Fwww.ydr.com%2Fstory%2Fnews%2F2022%2F06%2F02%2Fafter-a-long-two-years-heres-where-summer-festivals-in-central-pa-stand-in-2022%2F65352431007%2F,0.5887846277294627
min_k,nonmember,https://www.ydr.com/story/news/2022/05/03/encore-a-celebration-of-york-county-high-school-musicials-returns/65351061007/,6.76257447563872
min_k,nonmember,https://www.ydr.com/story/news/local/2022/07/05/electric-wooden-tour-boat-chief-uncus-launched-in-susquehanna-river-york-county/65365534007/,7.619819900882778
min_k,nonmember,https://www.ydr.com/story/news/fixing-york/2022/09/01/redevelopment-plans-for-south-george-street-post-office-sought/65468307007/,7.542024191688089
min_k,nonmember,https://www.ydr.com/story/sports/high-school/volleyball-boys/2022/07/08/piaa-district-3-13-yaiaa-players-named-boys-volleyball-all-stars/65368955007/,6.959317501926922
min_k,nonmember,https://www.ydr.com/story/sports/high-school/football/2022/09/17/yaiaa-football-scores-from-week-4-dallastown-central-york-earn-wins/69496327007/,6.639438143358544
min_k,nonmember,https://www.ydr.com/story/sports/high-school/football/2022/05/18/central-yorks-cade-pribula-transfers-from-delaware-to-sacred-heart/65355912007/,6.307805094159084
min_k,nonmember,https://www.ydr.com/story/news/local/2022/09/15/vandals-damaged-a-welcome-to-york-gateway-water-company-will-fix-it/69492561007/,7.477774319583422
min_k,nonmember,https://www.ydr.com/story/news/local/2022/07/13/christmas-smile-in-july-offers-free-food-gifts-and-more-in-york/65371977007/,7.583107164031581
min_k,nonmember,https://www.ydr.com/story/news/crime/2022/09/07/strada-brothers-sentence-in-whispering-wind-bear-spirit-shooting-death/65466363007/,6.514401052189969
min_k,nonmember,https://www.ydr.com/story/opinion/2022/07/05/years-after-civil-war-york-surrendered-a-second-time-to-confederates/65367339007/,8.340117069205853
min_k,nonmember,https://www.ydr.com/story/news/politics/elections/2022/08/24/scott-perry-sues-department-of-justice-block-access-cellphone-jan-6-probe/65418234007/,6.880309154369213
min_k,nonmember,https://www.ydr.com/story/news/2022/05/23/york-state-fair-2022-what-to-expect-concerts-prices-heroes-hall/65355495007/,6.934494846797935
min_k,nonmember,https://www.ydr.com/story/sports/high-school/2022/07/15/nil-name-age-likeness-policy-pa-high-school-athletes-1-step-closer-to-deals-heres-how/65373478007/,6.527766461883273
min_k,nonmember,https://www.ydr.com/story/sports/high-school/track/2022/05/20/district-3-track-and-field-results-from-day-1-in-shippensburg/65356535007/,6.86066440532082
min_k,nonmember,https://www.ydr.com/story/news/crime/2022/08/19/former-york-city-police-officer-charged-sexual-abuse-teen-joseph-palmer/65411308007/,6.359504579478859
min_k,nonmember,https://www.ydr.com/story/news/health/2022/08/23/wellspan-health-celebrates-ecmo-survivors/65410594007/,7.009803285598755
min_k,nonmember,https://www.ydr.com/story/news/politics/elections/2022/07/20/u-s-rep-scott-perry-votes-in-favor-of-bill-to-protect-gay-marriage/65378069007/,6.931214525458518
min_k,nonmember,https://www.ydr.com/story/sports/high-school/football/2022/07/11/dallastown-star-named-gametimepa-yaiaa-boys-athlete-of-the-year/65368843007/,6.968695534861147
min_k,nonmember,https://www.ydr.com/story/sports/college/penn-state/football/2022/09/13/penn-state-big-ten-college-football-auburn-tigers-sec-drew-allar/69486532007/,7.5249306613748725
min_k,nonmember,https://www.ydr.com/story/opinion/2022/04/26/sen-regan-we-will-not-allow-satan-into-northern-york-county-schools/65352053007/,7.552132728404569
min_k,nonmember,https://www.ydr.com/story/opinion/2022/05/24/southcentral-pa-teachers-influence-lasts-a-lifetime/65357368007/,7.719019781459462
min_k,nonmember,https://www.ydr.com/story/news/politics/2022/04/24/primary-election-2022-47th-pa-state-house-seat-contested-republican-ticket/65350261007/,8.136816333321963
min_k,nonmember,https://www.ydr.com/story/news/2022/04/12/easter-traditions-in-central-pa-include-pysanky-eggs-and-easter-bread/65348709007/,7.558083696541497
min_k,nonmember,https://www.ydr.com/restricted/?return=https%3A%2F%2Fwww.ydr.com%2Fstory%2Fnews%2Flocal%2F2022%2F04%2F20%2Fcan-after-school-satan-club-sue-northern-york-school-district-lucien-greaves%2F65351105007%2F,0.5283197739012063
min_k,nonmember,https://www.ydr.com/story/sports/high-school/2022/09/12/yaiaa-sports-select-athletes-of-the-week-for-sept-5-to-sept-10/69487037007/,8.083442659939037
min_k,nonmember,https://www.ydr.com/story/news/2022/04/20/more-than-21000-tulips-are-near-full-bloom-at-hershey-gardens/65350850007/,7.535943570889924
min_k,nonmember,https://www.ydr.com/story/news/local/2022/09/01/gas-prices-drop-below-4-dollars-gallon-at-some-stations-in-york-county/65466343007/,6.445818378614343
min_k,nonmember,https://www.ydr.com/story/news/2022/06/13/christmas-assault-victim-barbara-laughman-west-manchester-township-encompass-health/65360603007/,6.471580312058732
min_k,nonmember,https://www.ydr.com/story/sports/college/penn-state/football/2022/04/12/penn-state-football-nittany-lions-add-demeioun-robinson-maryland-linebacker/65349874007/,6.767573144025864
min_k,nonmember,https://www.ydr.com/restricted/?return=https%3A%2F%2Fwww.ydr.com%2Fstory%2Fnews%2F2022%2F05%2F09%2Fwestinghouse-atom-smasher-rots-away-in-a-pennsylvania-neighborhood%2F65352649007%2F,0.5283197739012063
min_k,nonmember,https://www.ydr.com/story/news/watchdog/2022/05/20/pennsylvania-supreme-court-denies-request-appeal-york-county-prison-corrections-officers-taunting/65356543007/,6.871627032756805
min_k,nonmember,https://www.ydr.com/story/sports/high-school/2022/05/27/piaa-track-and-field-chambersburgs-j-j-kelly-wins-triple-jump-title/65357639007/,7.1194411503371375
min_k,nonmember,https://www.ydr.com/story/sports/college/penn-state/football/2022/07/21/penn-state-football-sexual-extortion-student-athletes-police/65377756007/,6.498316613639274
min_k,nonmember,https://www.ydr.com/story/sports/high-school/football/2022/06/10/york-catholic-hires-longtime-assistant-brad-hayek-as-head-football-coach/65360074007/,6.701206462511878
min_k,nonmember,https://www.ydr.com/story/news/crime/2022/04/06/pennsylvania-superior-court-permission-appeal-ex-southwestern-regional-police-officer-shooting/65348674007/,6.409951622009277
min_k,nonmember,https://www.ydr.com/story/sports/college/penn-state/football/2022/09/01/penn-state-purdue-boilermakers-big-ten-live-scoring-updates/65465506007/,7.247103642750453
min_k,nonmember,https://www.ydr.com/story/news/health/2022/04/01/a-night-to-remember-those-lost-by-covid-with-1488-luminaries-in-york/65347724007/,8.084564455093876
min_k,nonmember,https://www.ydr.com/story/news/crime/2022/09/13/one-dead-one-injured-in-reported-stabbing-in-springettsbury-township/69492968007/,6.109292429068993
min_k,nonmember,https://www.ydr.com/story/sports/college/penn-state/football/2022/05/09/penn-state-nittany-lions-football-dani-dennis-sutton-defensive-lineman/65352114007/,7.5865712810207055
min_k,nonmember,https://www.ydr.com/story/news/crime/2022/08/08/5-people-found-unconscious-two-now-dead-in-york-county-pa-home/65396070007/,6.686743804386684
min_k,nonmember,https://www.ydr.com/restricted/?return=https%3A%2F%2Fwww.ydr.com%2Fstory%2Fsports%2Fhigh-school%2Fbaseball%2F2022%2F05%2F24%2Fyork-high-baseball-dominican-republic-puerto-rico-york-revolution%2F65355801007%2F,0.5856676194095559
min_k,nonmember,https://www.ydr.com/restricted/?return=https%3A%2F%2Fwww.ydr.com%2Fstory%2Fnews%2Fwatchdog%2F2022%2F04%2F14%2Frobert-vicosa-murder-suicide-timeline-events-transparency%2F65349570007%2F,0.5283197739012063
min_k,nonmember,https://www.ydr.com/story/news/2022/08/25/fundraiser-christine-fousek-rylee-reynolds-stewartstown-york-county/65419562007/,6.802729194228713
min_k,nonmember,https://www.ydr.com/story/sports/high-school/football/2022/09/02/central-pennsylvania-high-school-football-scoreboard-see-which-york-adams-teams-won-in-week-2/65468092007/,6.6639856590944175
min_k,nonmember,https://www.ydr.com/story/sports/college/penn-state/football/2022/04/29/nfl-draft-penn-state-football-arnold-ebiketie-atlanta-falcons/65352157007/,6.994395137655324
min_k,nonmember,https://www.ydr.com/story/news/2022/09/14/trans-siberian-orchestra-to-perform-2-concerts-in-hershey-in-december/69491582007/,6.221326050758361
min_k,nonmember,https://www.ydr.com/story/news/crime/2022/09/14/one-dead-one-injured-in-reported-stabbing-in-springettsbury-township/69492968007/,6.191111250238104
min_k,nonmember,https://www.ydr.com/story/news/politics/elections/2022/08/17/democrat-shamaine-daniels-poll-shows-lead-over-rep-scott-perry/65404028007/,7.505189944462604
min_k,nonmember,https://www.ydr.com/story/news/2022/05/18/york-county-2022-democratic-republican-primary-race-results-today/65355341007/,5.885516140196058
min_k,nonmember,https://www.ydr.com/story/news/crime/2022/09/13/york-county-coroner-identifies-man-who-died-after-weekend-shooting-in-city/69491367007/,5.648944075145419
min_k,nonmember,https://www.ydr.com/story/news/crime/2022/04/27/man-pleads-no-contest-third-degree-murder-deadly-shooting-west-manheim-township-york-county/65352283007/,6.144351048314053
min_k,nonmember,https://www.ydr.com/story/news/crime/2022/05/26/former-northern-york-county-regional-police-chief-facing-dui-charges/65357632007/,6.796573679787772
min_k,nonmember,https://www.ydr.com/story/news/2022/07/05/teen-dies-4-injured-single-vehicle-crash-near-littlestown-adams-county-pa-july-4/65367258007/,6.8757755424402935
min_k,nonmember,https://www.ydr.com/story/news/2022/04/13/conor-lamb-senate-race-says-record-over-john-fetterman/65348890007/,6.72281022493705
min_k,nonmember,https://www.ydr.com/story/sports/high-school/football/2022/09/08/central-pa-high-school-football-live-scoreboard-from-week-3-yaiaa-ll-league-mid-penn-conference/66862778007/,8.097886502742767
min_k,nonmember,https://www.ydr.com/story/news/2022/05/10/real-id-in-pa-with-deadline-approaching-heres-what-you-need-to-know/65353960007/,6.402032203870277
min_k,nonmember,https://www.ydr.com/story/sports/college/penn-state/football/2022/04/29/penn-state-ad-patrick-kraft-confirmed-friday/65352557007/,7.266836595165637
min_k,nonmember,https://www.ydr.com/story/news/crime/2022/05/27/daiquan-dickerson-sentenced-life-prison-murdering-dover-area-high-school-student-emily-shoemaker/65356726007/,6.5307388134601405
min_k,nonmember,https://www.ydr.com/story/sports/high-school/2022/06/27/award-winning-kennard-dale-powerlifting-coach-steps-down/65362716007/,7.0122385170254
min_k,nonmember,https://www.ydr.com/story/sports/college/penn-state/football/2022/07/01/college-football-usc-ucla-joining-penn-state-big-ten/65366000007/,7.838973197070035
min_k,nonmember,https://www.ydr.com/story/sports/high-school/softball/2022/05/26/district-3-softball-championships-results-scores-from-each-round/65357552007/,5.173338511410882
min_k,nonmember,https://www.ydr.com/story/news/2022/05/20/police-investigating-shooting-west-manchester-west-york-auto-spa-express/65356744007/,6.086181710978023
min_k,nonmember,https://www.ydr.com/story/news/2022/06/07/philadelphia-man-sedition-charges-u-s-capitol-insurrection/65359583007/,5.708521007657884
min_k,nonmember,https://www.ydr.com/story/news/2022/08/11/hundreds-turn-out-to-protest-the-re-use-of-york-county-landfill/65398396007/,7.484357533564094
min_k,nonmember,https://www.ydr.com/story/news/crime/2022/08/19/takanii-beatty-gets-prison-time-for-york-rape-prostitution-case/65405818007/,6.257692554209492
min_k,nonmember,https://www.ydr.com/restricted/?return=https%3A%2F%2Fwww.ydr.com%2Fstory%2Fnews%2F2022%2F06%2F14%2Fwill-pennsylvania-make-it-easier-for-teachers-to-carry-guns%2F65360505007%2F,0.7153644582219082
min_k,nonmember,https://www.ydr.com/story/news/local/2022/08/16/lawsuit-louis-appell-iii-filed-against-ufd-founders-settled/65395849007/,7.139125899763297
min_k,nonmember,https://www.ydr.com/story/news/2022/08/01/york-pa-three-alarm-fire-destroys-vacant-home-east-mason-avenue/65387808007/,7.135192854264203
min_k,nonmember,https://www.ydr.com/story/news/2022/08/09/pa-cuts-corporate-net-income-tax-nearly-in-half/65396041007/,6.28775344096439
min_k,nonmember,https://www.ydr.com/story/news/local/2022/06/27/six-york-county-restaurants-out-of-compliance-inspections-dirty-kitchens/65361708007/,7.369756661255182
min_k,nonmember,https://www.ydr.com/story/news/2022/05/27/weather-alert-storms-flash-floods-possible-tornado-central-pa/65357673007/,5.8077185259925
min_k,nonmember,https://www.ydr.com/story/news/politics/2022/04/24/voters-guide-2022-10th-congressional-race-in-pennsylvania/65350260007/,8.139036560058594
min_k,nonmember,https://www.ydr.com/story/news/crime/2022/04/28/york-county-victims-rights-coalition-march-vigil-trauma-support/65352197007/,7.041328109227694
min_k,nonmember,https://www.ydr.com/story/news/politics/2022/04/24/primary-election-2022-two-republicans-vying-pa-169th-state-house-seat/65350263007/,9.666415801415077
min_k,nonmember,https://www.ydr.com/restricted/?return=https%3A%2F%2Fwww.ydr.com%2Fstory%2Fnews%2F2022%2F05%2F03%2Fa-developer-has-big-plans-for-former-memorial-hospital-site%2F65352173007%2F,0.5283197739012063
min_k,nonmember,https://www.ydr.com/story/opinion/2022/07/15/the-long-road-to-vindication-for-officer-clayton-swartz-opinion/65374340007/,8.041428308792781
min_k,nonmember,https://www.ydr.com/story/sports/high-school/tennis-girls/2022/04/29/yaiaa-tennis-which-players-are-still-alive-for-championships/65352612007/,7.765421563928777
min_k,nonmember,https://www.ydr.com/story/sports/college/penn-state/football/2022/09/18/penn-state-football-nick-singleton-auburn-tigers-big-ten-sec/69494656007/,7.495986526584967
min_k,nonmember,https://www.ydr.com/story/news/2022/06/22/american-idol-finalist-huntergirl-york-state-fair-july-29/65362462007/,6.041728973388672
min_k,nonmember,https://www.ydr.com/story/news/crime/2022/05/16/york-activists-dog-and-car-stolen-begs-thief-to-return-pet-safely/65355772007/,7.4039788292449655
min_k,nonmember,https://www.ydr.com/story/news/2022/04/18/mollys-courtyard-cafe-york-to-close-and-new-cafe-reopens-in-june/65349885007/,6.891100530007585
min_k,nonmember,https://www.ydr.com/story/news/2022/06/29/co-defendant-in-dover-student-emily-shoemakers-murder-sentenced/65364373007/,6.400275806758715
min_k,nonmember,https://www.ydr.com/restricted/?return=https%3A%2F%2Fwww.ydr.com%2Fstory%2Flife%2Ffood%2F2022%2F05%2F16%2Ffarms-in-york-county-offer-home-deliveries%2F65352137007%2F,0.5283197739012063
min_k,nonmember,https://www.ydr.com/story/news/local/2022/06/10/york-county-police-partner-with-logos-on-public-safety-collaboration/65359772007/,7.60191640487084
min_k,nonmember,https://www.ydr.com/story/opinion/2022/08/02/st-lukes-lutheran-church-celebrates-250-anniversary-in-southern-york-county/65389486007/,8.101744076344355
min_k,nonmember,https://www.ydr.com/restricted/?return=https%3A%2F%2Fwww.ydr.com%2Fin-depth%2Fnews%2F2022%2F06%2F13%2Factivism-social-justice-york-most-influential-people%2F65351407007%2F,0.7153644582219082
min_k,nonmember,https://www.ydr.com/story/news/local/2022/05/31/murder-suicide-victim-erin-walker-remembered-at-central-memorial/65358157007/,7.188913996114671
min_k,nonmember,https://www.ydr.com/story/news/local/2022/07/21/york-mayor-michael-helfrich-oath-of-office-decision-appealed-to-superior-court/65377376007/,7.232357609379399
min_k,nonmember,https://www.ydr.com/restricted/?return=https%3A%2F%2Fwww.ydr.com%2Fstory%2Fnews%2F2022%2F05%2F12%2Fparents-at-northeastern-school-district-fed-up-with-bullying%2F65351444007%2F,0.5283197739012063
min_k,nonmember,https://www.ydr.com/story/sports/high-school/football/2022/09/08/red-lion-high-school-garrett-coppersmith-makes-record-breaking-kick/66745861007/,7.103172291815281
min_k,nonmember,https://www.ydr.com/story/sports/high-school/football/2022/06/17/eric-depew-hired-as-red-land-football-coach-after-leaving-york-catholic/65361664007/,6.07128547148271
min_k,nonmember,https://www.ydr.com/story/news/2022/09/13/emt-struck-by-truck-in-downtown-york/69493220007/,8.375580898920695
min_k,nonmember,https://www.ydr.com/story/news/watchdog/2022/05/20/york-daily-record-takes-district-attorney-to-court-in-vicosa-case/65355306007/,6.735970601995951
min_k,nonmember,https://www.ydr.com/story/sports/2022/06/24/michigans-eli-brooks-signs-summer-league-contract-with-indiana-pacers/65363446007/,6.210833156362493
min_k,nonmember,https://www.ydr.com/restricted/?return=https%3A%2F%2Fwww.ydr.com%2Fstory%2Fsports%2Fhigh-school%2F2022%2F04%2F04%2Fyork-adams-players-watch-district-state-high-school-sports-yaiaa%2F65347631007%2F,0.5283197739012063
min_k,nonmember,https://www.ydr.com/story/news/2022/05/19/harley-davidson-york-county-pa-springettsbury-township-suspends-operations/65356500007/,5.638902838413532
min_k,nonmember,https://www.ydr.com/restricted/?return=https%3A%2F%2Fwww.ydr.com%2Fstory%2Fsports%2Fhigh-school%2Ffootball%2F2022%2F05%2F11%2Fcoach-russ-stoner-goes-beyond-football-for-city-of-york-school-district%2F65350937007%2F,0.5283197739012063
min_k,nonmember,https://www.ydr.com/story/news/2022/05/11/york-county-911-holding-recruitment-drive-to-fill-15-open-positions/65354635007/,6.701884428660075
min_k,nonmember,https://www.ydr.com/story/news/2022/06/03/central-pa-bars-taverns-facing-beer-shortage/65358543007/,7.215611111884024
min_k,nonmember,https://www.ydr.com/story/sports/college/2022/04/02/trinity-thomas-leads-florida-to-third-highest-gymnastic-total-in-ncaa/65347768007/,6.763443328440189
min_k,nonmember,https://www.ydr.com/restricted/?return=https%3A%2F%2Fwww.ydr.com%2Fstory%2Fnews%2F2022%2F05%2F16%2Fyork-county-restaurant-inspections-engine-oil-bottle-found-in-food-area-meat-not-covered%2F65354936007%2F,0.5283197739012063
min_k,nonmember,https://www.ydr.com/story/news/crime/2022/05/24/spring-garden-police-press-conference-central-york-high-school-teacher-fatal-shooting/65357296007/,7.3019571876525875
min_k,nonmember,https://www.ydr.com/story/sports/high-school/basketball-girls/2022/05/02/jim-kunkle-resigns-as-west-york-area-high-school-girls-basketball-coach/65353118007/,6.816720931474553
min_k,nonmember,https://www.ydr.com/story/opinion/2022/09/13/2022-dorrie-leader-award-recipient-lizaida-morales/69492274007/,7.703810780426192
min_k,nonmember,https://www.ydr.com/story/news/2022/05/24/celebrate-national-wine-day-with-mark-and-vals-wine-in-york/65356572007/,6.95768897327376
min_k,nonmember,https://www.ydr.com/story/sports/high-school/football/2022/09/06/yaiaa-sports-select-athletes-of-the-week-foraug-29-to-sept-3/65475033007/,7.877880768342451
min_k,nonmember,https://www.ydr.com/story/sports/college/penn-state/football/2022/04/20/penn-state-blue-white-football-game-2022-james-franklin-nick-singleton/65350805007/,7.491141743693792
min_k,nonmember,https://www.ydr.com/story/sports/high-school/2022/05/31/high-school-sports-select-final-yaiaa-athletes-of-week-for-2021-22/65358283007/,7.808050330092267
min_k,nonmember,https://www.ydr.com/story/news/politics/2022/04/25/pa-voters-guide-2022-where-the-primary-candidates-stand/65350980007/,6.374893711868828
min_k,nonmember,https://www.ydr.com/story/news/local/community/2022/07/27/russia-ukraine-war-antonina-kovalenko-emigsville-george-hay-kain/65381771007/,6.829642418976668
min_k,nonmember,https://www.ydr.com/story/sports/nfl/2022/04/25/bruce-arians-retirement-nfl-coach-tampa-bay-health-tom-brady/65348336007/,7.279928405043008
min_k,nonmember,https://www.ydr.com/story/news/local/2022/08/15/route-30-pa-crash-claims-the-life-of-one-york-township-woman/65403368007/,6.3627655133605
min_k,nonmember,https://www.ydr.com/story/news/local/2022/05/31/york-police-offer-form-for-residents-that-suffer-from-mental-illness/65357719007/,7.038321588490461
min_k,nonmember,https://www.ydr.com/story/news/2022/08/11/congressman-scott-perry-pa-10th-district-fbi-investigation/65399207007/,6.947266803504272
min_k,nonmember,https://www.ydr.com/story/news/politics/2022/09/15/mastriano-education-plan-would-cut-school-funding-by-12b-union-says/69495468007/,6.710309738204593
min_k,nonmember,https://www.ydr.com/story/news/2022/04/07/life-with-alopecia-is-an-emotional-roller-coaster/65348435007/,6.660332205977854
min_k,nonmember,https://www.ydr.com/story/sports/outdoors/2022/09/01/trout-stocking-hatcheries-pa-fish-boat-commission/65462285007/,7.21483362282758
min_k,nonmember,https://www.ydr.com/story/news/2022/06/10/osha-investigating-after-workers-fall-in-chocolate-tank-lancaster-pennsylvania-factory/65360110007/,6.137610985386756
min_k,nonmember,https://www.ydr.com/story/news/2022/05/26/distinguished-young-women-of-york-county-to-award-scholarships/65357279007/,7.454957331929888
min_k,nonmember,https://www.ydr.com/story/news/politics/2022/04/05/primary-2022-who-is-running-for-office-in-central-pa/65346540007/,6.538620458761223
min_k,nonmember,https://www.ydr.com/story/opinion/2022/04/06/sen-mike-regan-its-time-to-legalize-adult-use-marijuana-in-pa/65348677007/,6.617106424136595
min_k,nonmember,https://www.ydr.com/story/news/local/2022/09/07/problem-solver-studios-in-west-york-offers-safe-space-for-music-artists/65458109007/,6.956127660539416
min_k,nonmember,https://www.ydr.com/story/news/local/2022/07/13/video-helps-york-police-arrest-jaquez-brown-in-killing-of-shaheim-carr/65372942007/,6.707082935664207
min_k,nonmember,https://www.ydr.com/story/news/2022/07/08/wildcat-roller-coaster-hershey-park-closing-rmc-coasters/65369486007/,7.149152699269746
min_k,nonmember,https://www.ydr.com/story/news/2022/05/17/primary-day-in-pennsylvania-what-you-need-to-know-about-the-polls-last-minute-mail-ballots/65352112007/,6.345148457510997
min_k,nonmember,https://www.ydr.com/story/news/politics/2022/04/14/pa-governors-race-doug-mastriano-leading-election-denier/65349168007/,6.464124270475628
min_k,nonmember,https://www.ydr.com/story/news/2022/06/10/scott-perry-sought-presidential-pardon-january-6-insurrection-capitol-attack-liz-cheney/65360025007/,5.568179997530851
min_k,nonmember,https://www.ydr.com/story/sports/high-school/lacrosse-boys/2022/05/16/yaiaa-boys-lacrosse-coaches-name-2022-all-stars-players-of-the-year/65355776007/,7.195741358110982
min_k,nonmember,https://www.ydr.com/restricted/?return=https%3A%2F%2Fwww.ydr.com%2Fstory%2Fsports%2Fhigh-school%2F2022%2F04%2F05%2Fyork-adams-players-watch-district-state-high-school-sports-yaiaa%2F65347631007%2F,0.5283197739012063
min_k,nonmember,https://www.ydr.com/restricted/?return=https%3A%2F%2Fwww.ydr.com%2Fstory%2Fnews%2F2022%2F05%2F09%2Fcould-mental-health-experts-prevented-killing-of-lebanon-police-lt-william-lebo%2F65352523007%2F,0.5283197739012063
min_k,nonmember,https://www.ydr.com/story/news/local/2022/08/03/york-xl-york-county-food-bank-seek-grants-from-gannett-community-thrives/65385659007/,7.542789225067411
min_k,nonmember,https://www.ydr.com/story/news/2022/06/07/baltimore-county-md-collector-chad-shapiro-has-thomas-edison-light-bulbs/65352109007/,8.004938438475838
min_k,nonmember,https://www.ydr.com/story/opinion/2022/06/15/york-countys-conspiracy-of-1803-a-troubling-story/65361114007/,8.422811193244401
min_k,nonmember,https://www.ydr.com/story/sports/high-school/basketball-girls/2022/04/18/dallastowns-dshantae-edwards-commits-to-bethune-cookman-basketball/65350270007/,6.649648062660971
min_k,nonmember,https://www.ydr.com/restricted/?return=https%3A%2F%2Fwww.ydr.com%2Fstory%2Fsports%2Fhigh-school%2F2022%2F06%2F21%2Fgettysburg-athletics-should-the-yaiaa-be-ok-with-move-to-mid-penn%2F65361026007%2F,0.8536495254702459
min_k,nonmember,https://www.ydr.com/story/news/2022/04/01/lebanon-city-police-officer-lebo-shooting-timeline-travis-shaud/65347767007/,6.1727887803857975
min_k,nonmember,https://www.ydr.com/story/news/2022/07/27/former-superfund-site-in-hopewell-twp-could-be-reopened-as-landfill/65382901007/,6.770754503400139
min_k,nonmember,https://www.ydr.com/restricted/?return=https%3A%2F%2Fwww.ydr.com%2Fstory%2Fnews%2F2022%2F04%2F05%2Fnew-pizza-shop-opens-in-york-as-an-old-favorite-returns%2F65347318007%2F,0.5283197739012063
min_k,nonmember,https://www.ydr.com/story/news/local/2022/08/31/united-steelworkers-union-gives-notice-of-strike-to-bae-systems-in-york/65464768007/,6.898079377300334
min_k,nonmember,https://www.ydr.com/story/news/2022/06/16/first-black-owned-gettysburg-the-keystone-inn-bed-breakfast/65354942007/,7.462314093717232
min_k,nonmember,https://www.ydr.com/story/news/traffic/2022/08/29/route-462-market-street-by-interstate-83-to-close-five-weeks-for-bridge-replacement/65417738007/,6.609478884327168
min_k,nonmember,https://www.ydr.com/restricted/?return=https%3A%2F%2Fwww.ydr.com%2Fstory%2Fnews%2Flocal%2F2022%2F06%2F02%2Fconfidential-settlement-lawsuits-deaths-two-york-city-firefighters-ivan-flanscha-zachary-anthony%2F65357792007%2F,0.5887846277294627
min_k,nonmember,https://www.ydr.com/story/money/business/2022/07/17/best-of-the-best-awards-to-honor-the-finest-of-york-county/65373475007/,7.294556624094645
min_k,nonmember,https://www.ydr.com/story/news/politics/elections/2022/07/06/pa-coronavirus-deaths-doug-mastriano-republican-governor-race-josh-shapiro/65367847007/,6.222457325085998
min_k,nonmember,https://www.ydr.com/story/news/crime/2022/09/01/former-east-manchester-township-manager-gene-david-gentzler-kidnapping-sentenced-to-prison/65462077007/,7.037101064409528
min_k,nonmember,https://www.ydr.com/story/sports/college/2022/04/16/florida-falls-short-ncaa-gymnastics-title-trinity-thomas-scores-perfect-10-west-york/65350392007/,7.141129817837983
min_k,nonmember,https://www.ydr.com/story/opinion/2022/04/29/sen-mike-regan-legally-wrong-in-stand-against-after-school-club-satan/65352613007/,7.25384904176761
min_k,nonmember,https://www.ydr.com/restricted/?return=https%3A%2F%2Fwww.ydr.com%2Fstory%2Fnews%2F2022%2F05%2F04%2Fcomings-and-goings-popular-taco-place-returns-bar-and-grill-closes%2F65353557007%2F,0.5283197739012063
min_k,nonmember,https://www.ydr.com/story/news/2022/06/13/york-state-fair-pa-toby-keith-tour-cancels-concert-july/65360563007/,6.383738828917681
min_k,nonmember,https://www.ydr.com/story/news/2022/06/14/chanceford-township-york-county-pa-teen-dies-from-injuries-in-crash-at-i-83-and-route-30-wellspan/65360665007/,6.339718118957851
min_k,nonmember,https://www.ydr.com/story/news/local/2022/04/06/pennsylvania-state-police-settle-profiling-immigration-lawsuit/65348777007/,5.820866670953222
min_k,nonmember,https://www.ydr.com/story/life/food/2022/05/25/york-county-restaurants-guide-for-dining-outside-coffee-bakeries/65357297007/,7.704450373495779
min_k,nonmember,https://www.ydr.com/story/news/local/2022/08/15/william-goodridge-statue-is-first-in-york-to-honor-african-americans/65400442007/,7.864298720559674
min_k,nonmember,https://www.ydr.com/story/sports/high-school/baseball/2022/06/06/coastal-carolina-baseball-nick-parker-shut-out-east-carolina-ncaa-regional/65358918007/,6.301583970885679
min_k,nonmember,https://www.ydr.com/story/sports/high-school/2022/05/28/piaa-track-spring-groves-laila-campbell-claims-two-gold-medals-again/65357640007/,6.10663818051224
min_k,nonmember,https://www.ydr.com/story/news/2022/08/01/york-state-fair-2022-sees-sharp-attendance-drop-hot-weather-blamed/65388258007/,6.7976533481909795
min_k,nonmember,https://www.ydr.com/restricted/?return=https%3A%2F%2Fwww.ydr.com%2Fstory%2Fnews%2Fwatchdog%2F2022%2F05%2F25%2Fman-pleads-guilty-third-degree-murder-deadly-interstate-83-crash%2F65357260007%2F,0.5856676194095559
min_k,nonmember,https://www.ydr.com/story/life/2022/06/23/102-year-old-retired-teacher-shares-memories-at-susquehannock-high/65362172007/,6.917543127320029
min_k,nonmember,https://www.ydr.com/story/news/crime/2022/05/22/one-injured-in-shooting-at-walmart-in-newberry-township-york-county/65356844007/,5.8541802462409525
min_k,nonmember,https://www.ydr.com/story/news/local/2022/07/06/york-county-pa-single-vehicle-crash-one-woman-killed-lower-chanceford-township/65367755007/,5.166745013660854
min_k,nonmember,https://www.ydr.com/story/news/local/2022/05/03/crown-act-would-bar-discrimination-of-race-based-hairstyles-in-york/65353530007/,6.952144065912623
min_k,nonmember,https://www.ydr.com/story/sports/high-school/baseball/2022/06/14/yaiaa-baseball-coaches-name-2022-league-all-stars-players-of-the-year/65360678007/,6.58887767645479
min_k,nonmember,https://www.ydr.com/story/news/crime/2022/06/06/york-woman-arrested-stole-car-with-toddler-inside/65358916007/,5.687285165786744
min_k,nonmember,https://www.ydr.com/story/news/2022/06/07/gas-prices-in-central-pa-surpass-5-a-gallon-at-some-stations/65359220007/,5.6087594990524945
min_k,nonmember,https://www.ydr.com/story/news/history/gettysburg/2022/04/06/thaddeus-stevens-gets-a-statue-from-his-fan-club-in-gettysburg/65348341007/,7.5919127409485565
min_k,nonmember,https://www.ydr.com/story/news/local/2022/06/03/pedal-4-peace-wavecrave365-operating-in-condemned-building-closed-for-now/65358672007/,7.8380382259686785
min_k,nonmember,https://www.ydr.com/story/news/politics/2022/05/18/keith-gillespie-stan-saylor-lose-pa-house-seats-in-gop-primary/65355136007/,7.294778130395072
min_k,nonmember,https://www.ydr.com/in-depth/news/2022/05/24/saving-york-street-by-street-the-unsung-people-helping-our-hometown/65351134007/,6.949714613943985
min_k,nonmember,https://www.ydr.com/story/opinion/2022/04/21/opinion-legalizing-marijuana-in-pa-is-a-dangerous-idea/65351230007/,7.197693824768066
min_k,nonmember,https://www.ydr.com/story/sports/college/penn-state/football/2022/07/19/penn-state-football-parecruiting-surge-in-big-ten-london-montgomery/65372327007/,7.142998097547844
min_k,nonmember,https://www.ydr.com/restricted/?return=https%3A%2F%2Fwww.ydr.com%2Fstory%2Fnews%2Fwatchdog%2F2022%2F05%2F04%2Fnew-federal-guidance-juvenile-justice-reform-act-of-2018%2F65352687007%2F,0.5283197739012063
min_k,nonmember,https://www.ydr.com/story/sports/high-school/2022/05/16/athletes-of-the-week-select-the-latest-yaiaa-winners/65355822007/,7.23960562105532
min_k,nonmember,https://www.ydr.com/story/sports/high-school/2022/08/26/central-pa-football-scores-highlights-from-week-1-yaiaa-ll-league-mid-penn-conference/65420337007/,7.178402549342105
min_k,nonmember,https://www.ydr.com/story/opinion/2022/07/13/articles-of-confederation-crafters-sentenced-1st-constitution-to-short-life/65373089007/,8.374377140838108
min_k,nonmember,https://www.ydr.com/story/sports/high-school/2022/05/02/york-adams-athletes-select-this-weeks-top-performers-in-online-polls/65353164007/,7.349038269208825
min_k,nonmember,https://www.ydr.com/story/news/2022/04/05/dillsburg-halal-meats-suspended-after-usda-observes-mishandling-of-lamb/65348320007/,7.40496381462043
min_k,nonmember,https://www.ydr.com/restricted/?return=https%3A%2F%2Fwww.ydr.com%2Fstory%2Fnews%2F2022%2F06%2F21%2Fdallastown-area-high-school-and-alumni-to-perform-mamma-mia-two-years-after-covid-shutdown%2F65360132007%2F,0.8536495254702459
min_k,nonmember,https://www.ydr.com/story/news/crime/2022/04/18/york-city-struggles-for-answers-in-wake-of-continued-gun-violence/65347686007/,6.865273896016572
min_k,nonmember,https://www.ydr.com/story/news/local/2022/08/22/york-county-pa-history-center-construction-underway-site-from-first-power-station/65406643007/,7.996462272138012
min_k,nonmember,https://www.ydr.com/story/life/2022/05/23/red-lion-senior-high-school-offers-student-run-cafe/65355189007/,7.401292922004821
min_k,nonmember,https://www.ydr.com/restricted/?return=https%3A%2F%2Fwww.ydr.com%2Fstory%2Fsports%2Fhigh-school%2F2022%2F05%2F17%2Fthe-district-3-playoffs-are-here-these-are-the-top-athletes-to-watch%2F65355261007%2F,0.5283197739012063
min_k,nonmember,https://www.ydr.com/story/sports/high-school/football/2022/08/31/central-pa-high-school-football-scoreboard-results-from-week-2-yaiaa-ll-league-mid-penn-conference/65465990007/,7.907187539703992
min_k,nonmember,https://www.ydr.com/story/news/local/2022/06/27/sheetz-lowers-some-gas-prices-in-pennsylvania-for-july-4th-holiday/65364124007/,6.169641571574741
min_k,nonmember,https://www.ydr.com/story/money/companies/2022/09/12/refillism-store-in-york-boosts-access-to-eco-friendly-lifestyle/68221522007/,6.800347531401871
min_k,nonmember,https://www.ydr.com/story/news/local/2022/04/04/dover-area-northern-york-county-pa-teen-dies-car-crash/65348254007/,5.1967365364036935
min_k,nonmember,https://www.ydr.com/story/news/crime/2022/08/10/kimberly-metz-sentenced-in-willmar-santos-batista-fathers-day-york-murder/65394957007/,6.946794354915619
min_k,nonmember,https://www.ydr.com/story/sports/high-school/football/2022/09/16/central-pa-high-school-football-live-scoreboard-week-4-yaiaa-ll-league-mid-penn-conference/69496403007/,8.633113940556845
min_k,nonmember,https://www.ydr.com/story/news/local/2022/08/04/tractor-crash-in-york-county-results-another-death-4-year-old-boy-jeffrey-ryan-fisher/65391877007/,6.681656975107095
min_k,nonmember,https://www.ydr.com/story/news/2022/04/06/route-30-adams-county-crash-claims-the-life-of-york-haven-man/65348639007/,6.740676385164261
min_k,nonmember,https://www.ydr.com/story/news/local/2022/04/21/york-county-judge-hears-argument-petition-seeking-disqualification-york-mayor-michael-helfrich/65351027007/,6.961427710580487
min_k,nonmember,https://www.ydr.com/restricted/?return=https%3A%2F%2Fwww.ydr.com%2Fstory%2Fnews%2F2022%2F06%2F09%2Fcomings-and-goings-downtown-york-gets-a-number-of-new-businesses%2F65359731007%2F,0.6548260943015339
min_k,nonmember,https://www.ydr.com/story/news/local/2022/08/24/live-band-members-and-bill-hynes-get-lawsuit-for-think-loud-studio-property/65404659007/,7.66663850185483
min_k,nonmember,https://www.ydr.com/story/news/2022/06/16/tornado-watch-issued-for-central-pennsylvania-national-weather-service/65361497007/,6.26041734629664
min_k,nonmember,https://www.ydr.com/story/news/crime/2022/05/23/central-york-teacher-killed-in-murder-suicide-in-spring-garden-township/65357189007/,6.472882386257774
min_k,nonmember,https://www.ydr.com/story/news/2022/04/26/pennsylvanias-child-welfare-system-needs-to-be-reformed/65351885007/,7.290009344970831
min_k,nonmember,https://www.ydr.com/story/opinion/2022/09/06/question-for-pennsylvania-child-welfare-how-can-more-children-be-saved/65463989007/,7.1218547561329695
min_k,nonmember,https://www.ydr.com/story/sports/high-school/2022/06/06/piaa-championships-first-round-results-from-baseball-softball-playoffs/65359199007/,6.441115467888968
min_k,nonmember,https://www.ydr.com/story/news/crime/2022/05/12/child-abuse-york-county-man-submerged-2-year-olds-hand-in-hot-water/65355049007/,6.384745425735878
min_k,nonmember,https://www.ydr.com/story/sports/college/penn-state/football/2022/08/25/penn-state-football-nittany-lions-jiayir-brown-tig-big-ten/65399007007/,7.328636523102483
min_k,nonmember,https://www.ydr.com/story/news/local/2022/04/19/satanist-club-proposal-to-northern-york-county-school-district-board/65350967007/,7.637935403498208
min_k,nonmember,https://www.ydr.com/story/news/2022/05/25/why-you-will-pay-400-for-a-bushel-of-blue-crabs-summer-2022-in-pa/65357266007/,7.199153114291071
min_k,nonmember,https://www.ydr.com/story/news/2022/08/10/hershey-chocolate-enough-candy-halloween-but-it-will-cost-more/65395842007/,7.181682848930359
min_k,nonmember,https://www.ydr.com/story/news/2022/05/10/pa-gas-prices-rise-new-record-high-dwindling-supplies/65353817007/,5.567529188407646
min_k,nonmember,https://www.ydr.com/story/news/local/2022/06/27/hanover-area-may-soon-get-a-wawa-first-in-york-county-pa/65363962007/,7.071129682216238
min_k,nonmember,https://www.ydr.com/story/news/2022/06/14/saving-york-street-by-street-read-about-heroes-york-pa/65360879007/,7.214871223707845
min_k,nonmember,https://www.ydr.com/story/news/2022/08/10/after-yorkfest-was-canceled-again-local-artists-stepped-up-yorks-art-week/65396122007/,7.276957351382416
min_k,nonmember,https://www.ydr.com/story/sports/college/penn-state/football/2022/09/11/ncaa-college-football-penn-state-ohio-bobcats-nicholas-singleton-drew-allar/66789648007/,7.470491026268631
min_k,nonmember,https://www.ydr.com/story/news/2022/05/05/voter-intimidation-delayed-primary-results-possible-pa-official-says/65353837007/,6.5075569947560625
min_k,nonmember,https://www.ydr.com/story/news/local/2022/07/14/york-water-co-seeks-31-percent-rate-hike-puc-to-investigate/65373927007/,7.412483334541321
min_k,nonmember,https://www.ydr.com/story/opinion/2022/04/18/this-war-is-partly-about-russian-vs-ukrainian-language/65350841007/,8.541117439705156
min_k,nonmember,https://www.ydr.com/story/news/crime/2022/05/26/man-sentenced-prison-aggravated-animal-cruelty-york-county/65356698007/,6.757975289851059
min_k,nonmember,https://www.ydr.com/story/news/crime/2022/07/07/york-settles-with-officer-clayton-swartz-joking-george-floyd-murder/65368943007/,7.439112890113905
min_k,nonmember,https://www.ydr.com/story/sports/high-school/2022/05/18/yaiaa-tournament-winners-from-volleyball-baseball-softball/65355964007/,6.577074722007469
min_k,nonmember,https://www.ydr.com/story/news/2022/04/14/pa-republican-jeff-bartos-is-running-for-u-s-senate-on-kitchen-table-issues/65348985007/,6.789933327533284
min_k,nonmember,https://www.ydr.com/story/news/local/2022/07/05/central-pennsylvania-teen-opens-up-ice-cream-shop-with-unusual-flavors/65364068007/,6.874508446296759
min_k,nonmember,https://www.ydr.com/restricted/?return=https%3A%2F%2Fwww.ydr.com%2Fstory%2Fnews%2F2022%2F06%2F13%2Farchetype-pizza-in-downtown-york-to-open-june%2F65359889007%2F,0.7153644582219082
min_k,nonmember,https://www.ydr.com/story/news/local/2022/08/15/york-county-pa-man-dies-suspected-carbon-monoxide-poisoning-car-accidentally-left-running-garage/65403627007/,7.488215559407284
min_k,nonmember,https://www.ydr.com/story/news/2022/05/10/meltdown-three-mile-island-airs-on-netflix/65353510007/,7.575224740164621
min_k,nonmember,https://www.ydr.com/story/news/politics/2022/07/08/pa-lawmakers-agree-to-spend-billions-in-stimulus-money-in-budget/65369988007/,6.451056260164543
min_k,nonmember,https://www.ydr.com/story/sports/high-school/baseball/2022/06/13/piaa-baseball-everett-tops-delone-in-class-2a-semifinals/65360511007/,6.621674717019458
min_k,nonmember,https://www.ydr.com/story/sports/high-school/football/2022/08/23/yaiaa-football-2022-preview-here-are-the-games-to-watch/65409917007/,6.4476884347421155
min_k,nonmember,https://www.ydr.com/story/sports/outdoors/2022/05/19/gifford-pinchot-state-park-offers-camping-boating-fishing-hiking/65355940007/,6.584608777125079
min_k,nonmember,https://www.ydr.com/story/news/2022/04/12/conor-lamb-senate-race-says-record-over-john-fetterman/65348890007/,6.72281022493705
min_k,nonmember,https://www.ydr.com/story/news/politics/2022/04/06/heres-how-charlie-gerow-is-standing-out-in-the-pa-gop-governor-race/65347892007/,6.378842486670954
min_k,nonmember,https://www.ydr.com/story/sports/high-school/basketball-boys/2022/05/07/susquehannocks-jalen-franklin-makes-class-5a-all-state-basketball-team/65354032007/,6.799027151733864
min_k,nonmember,https://www.ydr.com/story/news/2022/05/03/5-5-million-purchase-saves-mifflin-house-an-underground-railroad-site/65352510007/,7.012522731090616
min_k,nonmember,https://www.ydr.com/story/news/2022/09/12/pennsylvania-turnpike-why-millions-of-dollars-are-owed-in-unpaid-tolls/65384329007/,6.582600252615973
min_k,nonmember,https://www.ydr.com/restricted/?return=https%3A%2F%2Fwww.ydr.com%2Fstory%2Fnews%2Fwatchdog%2F2022%2F04%2F22%2Fdante-mullinix-billboard-blames-york-county-for-death-of-2-year-old%2F65351181007%2F,0.5283197739012063
min_k,nonmember,https://www.ydr.com/story/news/2022/06/15/volunteer-fire-departments-struggle-to-recruit-worry-about-response-times/65353542007/,6.978820835086082
min_k,nonmember,https://www.ydr.com/story/news/2022/06/21/red-lion-man-dies-in-single-vehicle-crash-over-the-weekend-york-county/65362165007/,5.884107086393568
min_k,nonmember,https://www.ydr.com/story/news/crime/2022/05/11/medical-marijuana-is-a-schedule-1-controlled-substance-in-pa-court/65354517007/,6.553351541962287
min_k,nonmember,https://www.ydr.com/story/news/2022/06/16/local-fireworks-york-harrisburg-gettysburg-lancaster-pennsylvania/65358665007/,6.859725416580603
min_k,nonmember,https://www.ydr.com/story/news/2022/07/22/york-father-says-sesame-place-character-snubbed-his-black-daughter/65379052007/,6.489780560318304
min_k,nonmember,https://www.ydr.com/story/news/crime/2022/05/13/teen-pleads-guilty-third-degree-murder-prison-accomplice-deadly-shooting-york/65354698007/,6.615592654424769
min_k,nonmember,https://www.ydr.com/story/opinion/2022/05/27/how-we-can-solve-pas-behavioral-health-care-crisis/65357753007/,6.480847951693413
min_k,nonmember,https://www.ydr.com/story/news/crime/2022/05/26/york-city-police-pa-investigating-a-homicide-involving-possible-trespasser/65357571007/,5.713069753646851
min_k,nonmember,https://www.ydr.com/story/news/crime/2022/08/18/york-area-man-charged-killing-man-dumping-body-lancaster-county/65408859007/,6.264989924880694
min_k,nonmember,https://www.ydr.com/restricted/?return=https%3A%2F%2Fwww.ydr.com%2Fin-depth%2Fnews%2F2022%2F06%2F13%2Fpolitics-york-county-most-influential-government-reoublican-democrat%2F65351421007%2F,0.7153644582219082
min_k,nonmember,https://www.ydr.com/story/sports/high-school/football/2022/08/15/pa-high-school-football-2022-york-adams-league-team-by-team-previews-players-to-watch/65403160007/,7.8904711221683925
min_k,nonmember,https://www.ydr.com/story/news/crime/2022/09/08/man-stabs-random-customer-at-walmart-in-york-county-to-return-to-jail-police-say/65742433007/,6.9169064215671865
min_k,nonmember,https://www.ydr.com/story/news/politics/elections/2022/07/08/scott-perry-congress-pa-republican-refuses-testimony-pardon/65369434007/,6.729252448980359
min_k,nonmember,https://www.ydr.com/story/news/politics/2022/04/21/tracking-campaign-updates-in-pennsylvanias-senate-and-governor-races/65350855007/,6.549223421495172
min_k,nonmember,https://www.ydr.com/story/sports/high-school/baseball/2022/04/19/dallastown-baseball-coach-greg-kinneman-reaches-100-career-wins/65350766007/,6.7480573450543275
min_k,nonmember,https://www.ydr.com/restricted/?return=https%3A%2F%2Fwww.ydr.com%2Fin-depth%2Fnews%2F2022%2F05%2F24%2Fyork-pa-northeast-neighborhood-2-women-do-what-they-can-to-help-saving-york-street-by-street%2F65351426007%2F,0.5856676194095559
min_k,nonmember,https://www.ydr.com/story/news/local/2022/08/24/interstate-83-closed-after-truck-strikes-queen-street-overpass-again/65418552007/,7.091517177495089
min_k,nonmember,https://www.ydr.com/restricted/?return=https%3A%2F%2Fwww.ydr.com%2Fstory%2Fnews%2F2022%2F05%2F25%2Frestaurant-inspections-seven-out-of-compliance%2F65355268007%2F,0.5856676194095559
min_k,nonmember,https://www.ydr.com/story/news/2022/08/10/rep-scott-perry-republican-york-county-pa-fbi-agents-seized-cellphone/65398266007/,1.0632976907477887
min_k,nonmember,https://www.ydr.com/story/opinion/2022/06/15/bidens-border-failure-creates-national-security-humanitarian-crisis/65361133007/,6.9363392491646
min_k,nonmember,https://www.ydr.com/story/opinion/2022/05/18/give-mother-of-red-lion-catherine-meyer-due-recognition/65356449007/,8.080504016743767
min_k,nonmember,https://www.ydr.com/story/news/local/2022/04/08/central-york-students-testify-before-congress-on-national-book-bans/65348834007/,6.827559091958655
min_k,nonmember,https://www.ydr.com/story/life/2022/08/29/silverberry-soaps-central-pa-student-starts-own-business/65417685007/,7.971403498924215
min_k,nonmember,https://www.ydr.com/story/opinion/2022/05/31/tropical-storm-agnes-50-years-ago-like-something-out-of-the-bible/65358222007/,7.391831934306325
min_k,nonmember,https://www.ydr.com/story/opinion/2022/08/19/by-2060-yorks-summer-temps-will-be-like-nashvilles-opinion/65410717007/,7.7396274206170625
min_k,nonmember,https://www.ydr.com/story/sports/college/penn-state/football/2022/06/01/penn-state-football-white-out-game-against-minnesota-not-ohio-state/65358413007/,7.576959141513758
min_k,nonmember,https://www.ydr.com/story/news/local/2022/08/03/national-night-out-in-york-is-a-time-to-focus-on-how-to-stop-violence/65389933007/,7.648082088288807
min_k,nonmember,https://www.ydr.com/story/sports/high-school/2022/05/09/yaiaa-tournaments-which-teams-will-be-competing-for-championships/65354533007/,4.976535213960184
min_k,nonmember,https://www.ydr.com/story/sports/high-school/2022/07/05/select-gametimepas-yaiaa-athletes-of-the-year-for-2021-22/65365394007/,6.479630256367621
min_k,nonmember,https://www.ydr.com/story/sports/outdoors/2022/05/19/many-options-to-consider-when-picking-purchasing-a-kayak-recreational-touring-fishing-paddles/65355833007/,7.0826278368632
min_k,nonmember,https://www.ydr.com/story/news/crime/2022/05/18/man-pleads-guilty-aggravated-assault-accomplice-murder-dover-area-high-school-senior-emily-shoemaker/65355302007/,6.310405618765137
min_k,nonmember,https://www.ydr.com/story/sports/high-school/football/2022/07/20/spring-grove-footballs-andrew-osmun-commits-to-fordham-university/65378458007/,6.5199419885194265
min_k,nonmember,https://www.ydr.com/restricted/?return=https%3A%2F%2Fwww.ydr.com%2Fstory%2Fnews%2F2022%2F05%2F10%2Fwestinghouse-atom-smasher-rots-away-in-a-pennsylvania-neighborhood%2F65352649007%2F,0.5283197739012063
min_k,nonmember,https://www.ydr.com/restricted/?return=https%3A%2F%2Fwww.ydr.com%2Fstory%2Fnews%2Fwatchdog%2F2022%2F04%2F26%2Fjudge-rejects-invasion-of-privacy-claim-york-city-police-officer-clayton-swartz%2F65351520007%2F,1.0937975396697188
min_k,nonmember,https://www.ydr.com/story/news/local/2022/04/05/jk-salvage-explosion-attracts-fire-department-and-scares-residents/65348532007/,7.657860458942881
min_k,nonmember,https://www.ydr.com/story/news/2022/05/06/man-dies-two-vehicle-crash-chanceford-township-york-county-pa/65353951007/,4.874646152219465
min_k,nonmember,https://www.ydr.com/restricted/?return=https%3A%2F%2Fwww.ydr.com%2Fstory%2Fnews%2Fcrime%2F2022%2F04%2F04%2Faaron-miller-on-trial-for-vehicular-manslaughter%2F65348325007%2F,0.5283197739012063
min_k,nonmember,https://www.ydr.com/story/news/2022/05/07/give-local-york-raises-4-1-million-for-local-nonprofits/65353553007/,7.921252486980067
min_k,nonmember,https://www.ydr.com/story/news/crime/2022/07/29/joe-fitzpatrick-released-low-bail-in-atv-case-involving-wifes-death/65385352007/,7.152056113328084
min_k,nonmember,https://www.ydr.com/story/sports/high-school/2022/05/17/district-3-tournaments-scores-schedule-for-boys-girls-championships/65355972007/,4.935439187036434
min_k,nonmember,https://www.ydr.com/story/news/crime/2022/06/15/pa-superior-court-prevents-one-dollar-bail-for-man-in-atv-murder-trial/65359895007/,6.6310785838535855
min_k,nonmember,https://www.ydr.com/story/sports/college/penn-state/football/2022/07/20/penn-state-football-quarterback-sean-clifford-linebacker-curtis-jacobs-big-ten-stars/65372841007/,7.218992781639099
min_k,nonmember,https://www.ydr.com/story/sports/college/penn-state/football/2022/09/18/penn-state-football-sean-clifford-nick-singleton-auburn-big-ten/69494944007/,8.250550929842325
min_k,nonmember,https://www.ydr.com/story/news/crime/2022/04/18/two-found-dead-red-lion-york-county-pa-murder-suicide-easter-morning/65350459007/,6.636974549761005
min_k,nonmember,https://www.ydr.com/story/news/crime/2022/04/04/split-verdict-trial-attempted-murder-shooting-north-codorus-township-york-county/65346449007/,6.501797087052289
min_k,nonmember,https://www.ydr.com/restricted/?return=https%3A%2F%2Fwww.ydr.com%2Fstory%2Fsports%2Fhigh-school%2F2022%2F06%2F23%2Fyaiaa-2021-2022-top-sports-high-schools-in-york-adams-league-dallastown-central-york-pa-dallastown%2F65362250007%2F,0.7153644582219082
min_k,nonmember,https://www.ydr.com/story/news/politics/elections/2022/08/30/eight-more-republicans-just-endorsed-josh-shapiro-over-doug-mastriano/65458907007/,6.9376331164142275
min_k,nonmember,https://www.ydr.com/story/sports/college/2022/04/15/ncaa-gymnastics-perfect-score-gives-floridas-thomas-3-national-titles/65350064007/,7.392378670197946
min_k,nonmember,https://www.ydr.com/story/news/2022/05/20/tornado-watch-issued-for-central-pa/65356692007/,5.675361565181187
min_k,nonmember,https://www.ydr.com/story/news/local/2022/07/08/jerry-reynolds-airville-body-found-holtwood-pa-death-lancaster-county/65369407007/,6.560781937019498
min_k,nonmember,https://www.ydr.com/story/sports/high-school/football/2022/06/07/pitt-football-dallastowns-kenny-johnson-verbally-commits-to-panthers/65359210007/,6.49994989955832
min_k,nonmember,https://www.ydr.com/story/news/2022/08/02/snow-ice-storms-bound-for-pennsylvania-farmers-almanac-winter-forecast/65389109007/,6.458083994248334
min_k,nonmember,https://www.ydr.com/story/news/crime/2022/04/01/man-found-guilty-involuntary-manslaughter-not-guilty-murder-deadly-shooting-york/65346416007/,7.029337727106535
min_k,nonmember,https://www.ydr.com/restricted/?return=https%3A%2F%2Fwww.ydr.com%2Fstory%2Fnews%2F2022%2F04%2F22%2Fcomings-and-goings-eco-friendly-store-opens-in-york-coffee-shop-closes%2F65351060007%2F,0.5283197739012063
min_k,nonmember,https://www.ydr.com/story/sports/high-school/football/2022/04/12/spring-grove-area-high-school-will-thompson-hired-as-football-coach-francis-scott-key/65349834007/,6.673940684344317
min_k,nonmember,https://www.ydr.com/story/sports/high-school/softball/2022/06/13/yaiaa-softball-coaches-name-2022-league-all-stars-players-of-the-year/65360527007/,6.653252186903095
min_k,nonmember,https://www.ydr.com/story/opinion/2022/04/22/york-naacp-area-schools-not-doing-enough-about-rise-of-racial-prejudice/65351389007/,7.098175663131851
min_k,nonmember,https://www.ydr.com/story/news/crime/2022/06/21/york-man-dies-in-weekend-shooting-police-charge-brother-with-homicide/65362149007/,5.740876690982139
min_k,nonmember,https://www.ydr.com/story/sports/college/penn-state/football/2022/08/29/penn-state-football-james-franklin-big-ten-vs-purdue-sean-clifford/65407825007/,7.708511532127083
min_k,nonmember,https://www.ydr.com/story/news/crime/2022/08/18/pennsylvania-state-trooper-driving-under-influence-central-pa/65409961007/,5.410561102628708
min_k,nonmember,https://www.ydr.com/story/sports/high-school/wrestling/2022/06/28/spring-grove-high-school-officially-starts-girls-wrestling-team/65364409007/,6.635009914922257
min_k,nonmember,https://www.ydr.com/restricted/?return=https%3A%2F%2Fwww.ydr.com%2Fin-depth%2Fnews%2F2022%2F06%2F14%2Fmike-smith-and-his-temple-guard-give-york-pa-youths-positive-path%2F6596906001%2F,0.7153644582219082
min_k,nonmember,https://www.ydr.com/story/sports/high-school/baseball/2022/05/26/district-3-baseball-scores-results-from-postseason-tournaments/65357551007/,5.545158042464146
min_k,nonmember,https://www.ydr.com/story/opinion/2022/07/04/the-american-is-great-vision-vs-the-revolutionary-vision/65364730007/,8.022693195685143
min_k,nonmember,https://www.ydr.com/story/sports/high-school/basketball-boys/2022/07/06/florida-basketball-perkiomens-new-oxford-tommy-haugh-makes-commitment/65367304007/,7.018699413418505
min_k,nonmember,https://www.ydr.com/story/news/2022/08/08/back-to-school-dates-updates-at-york-county-school-districts-education/65386876007/,5.93715698731378
min_k,nonmember,https://www.ydr.com/story/news/2022/04/07/york-county-food-bank-is-moving-its-operations-out-of-the-former-kmart-store/65348695007/,6.571958986918132
min_k,nonmember,https://www.ydr.com/story/news/2022/07/01/white-clover-farm-stand-in-hellam-spurred-by-pandemic-food-supply-issues/65347398007/,7.44575490833314
min_k,nonmember,https://www.ydr.com/story/news/crime/2022/08/01/york-city-police-investigating-15th-homicide-2022/65388869007/,4.846188081885284
min_k,nonmember,https://www.ydr.com/story/news/crime/2022/05/06/york-police-man-shot-killed-friday-south-pine-street/65354059007/,4.041707067489624
min_k,nonmember,https://www.ydr.com/story/news/2022/07/25/gettysburg-national-military-parks-little-roundtop-to-close-for-18-months-devils-den-construction-pa/65376312007/,7.861282220622837
min_k,nonmember,https://www.ydr.com/story/opinion/2022/06/29/the-american-is-great-vision-vs-the-revolutionary-vision/65364730007/,8.022693195685143
min_k,nonmember,https://www.ydr.com/story/news/watchdog/2022/04/29/insurance-fraud-york-county-woman-faked-death-in-ukraine-cops-say/65352546007/,6.557467979599673
min_k,nonmember,https://www.ydr.com/story/sports/high-school/basketball-girls/2022/04/28/three-yaiaa-girls-basketball-players-named-to-piaa-all-state-teams/65352253007/,6.417509802059778
min_k,nonmember,https://www.ydr.com/story/sports/high-school/track/2022/05/21/district-3-track-and-field/65356540007/,6.675489336530739
min_k,nonmember,https://www.ydr.com/story/news/2022/06/27/woman-dies-three-vehicle-crash-hanover-pa/65363667007/,5.613416075706482
min_k,nonmember,https://www.ydr.com/story/sports/college/penn-state/football/2022/04/30/nfl-draft-bears-take-penn-states-jaquan-brisker-in-second-round/65352177007/,7.034474234580994
min_k,nonmember,https://www.ydr.com/story/news/politics/elections/2022/06/23/testimony-rep-scott-perry-pardon-from-donald-trump-election-pennsylvania/65363103007/,6.702831608327952
min_k,nonmember,https://www.ydr.com/story/news/local/2022/07/12/severe-thunderstorms-forecast-in-central-pennsylvania-tuesday/65372125007/,6.96473389137082
min_k,nonmember,https://www.ydr.com/story/news/2022/07/28/steve-miller-band-cancels-york-fair-show-because-of-positive-covid-test/65385293007/,6.994337023221529
min_k,nonmember,https://www.ydr.com/story/news/politics/2022/04/20/pa-governor-race-2022-gop-candidates-debate-in-gettysburg/65350851007/,6.774431598933581
min_k,nonmember,https://www.ydr.com/story/opinion/2022/09/16/both-pa-candidates-for-governor-agree-on-school-choice/69498441007/,7.345484725634257
min_k,nonmember,https://www.ydr.com/story/news/local/community/2022/06/10/rainbow-rose-center-hosts-york-county-pride-at-cousler-park/65360038007/,7.796935188359227
min_k,nonmember,https://www.ydr.com/in-depth/news/politics/elections/2022/08/23/voter-fraud-is-rare-in-pennsylvania-but-allegations-flew-after-2020/65376026007/,6.488787308031199
min_k,nonmember,https://www.ydr.com/story/news/crime/2022/06/27/york-city-police-investigates-homicide-after-man-dies-ot-op/65363658007/,4.93303102053953
min_k,nonmember,https://www.ydr.com/story/sports/high-school/2022/06/13/pa-lawmakers-some-say-girls-cant-compete-against-biological-boys/65359859007/,6.758283559967872
min_k,nonmember,https://www.ydr.com/story/news/politics/elections/2022/06/23/pa-house-speaker-bryan-cutler-details-2020-pressure-campaign/65362478007/,7.70967448583924
min_k,nonmember,https://www.ydr.com/story/news/local/2022/07/27/man-dies-forklift-accident-at-jk-salvage-spring-garden-township/65384163007/,5.926224580177894
min_k,nonmember,https://www.ydr.com/story/sports/high-school/football/2022/04/13/york-high-quarterback-sam-stoner-gets-division-i-offers-st-francis-towson/65349927007/,7.1464609170261815
min_k,nonmember,https://www.ydr.com/story/news/2022/04/19/check-out-10-unusual-wedding-venues-in-central-pennsylvania/65349484007/,7.47747088773751
min_k,nonmember,https://www.ydr.com/story/news/politics/elections/2022/06/16/yorkers-react-to-rep-scott-perrys-refusal-to-cooperate-with-jan-6-panel/65359564007/,7.370825787856115
min_k,nonmember,https://www.ydr.com/restricted/?return=https%3A%2F%2Fwww.ydr.com%2Fstory%2Fnews%2Fcrime%2F2022%2F04%2F06%2Fmistrial-declared-in-case-of-construction-worker-hit-killed-by-driver%2F65348679007%2F,0.5283197739012063
min_k,nonmember,https://www.ydr.com/story/news/2022/05/31/man-dies-suspected-drowning-susquehanna-river-york-pa-memorial-day/65358177007/,6.382792222499847
min_k,nonmember,https://www.ydr.com/story/news/local/2022/05/18/yorktowne-hotel-rooftop-dining-construction-facade-update/65354723007/,7.93177502822876
min_k,nonmember,https://www.ydr.com/story/news/watchdog/2022/04/25/teen-alleges-sexual-abuse-against-ex-york-city-police-officer/65351893007/,6.969231325037339
min_k,nonmember,https://www.ydr.com/story/news/crime/2022/04/28/judge-grants-delay-trial-man-charged-first-degree-murder-dante-mullinix-york/65352473007/,7.236155465352449
min_k,nonmember,https://www.ydr.com/story/sports/college/2022/06/28/ncaa-gymnastics-trinity-thomas-returning-for-fifth-season-at-florida/65364355007/,6.738440333879911
min_k,nonmember,https://www.ydr.com/story/news/local/2022/07/06/martin-library-6-million-renovation-completed-in-downtown-york/65367399007/,8.034534606440314
min_k,nonmember,https://www.ydr.com/story/news/politics/2022/04/05/heres-why-democrat-john-fetterman-is-touring-in-red-pa-counties/65347627007/,6.798177874416386
min_k,nonmember,https://www.ydr.com/story/news/2022/04/06/stray-goldendoodle-becomes-new-york-revolution-team-dog/65348529007/,7.779415316808791
min_k,nonmember,https://www.ydr.com/restricted/?return=https%3A%2F%2Fwww.ydr.com%2Fstory%2Fsports%2Foutdoors%2F2022%2F05%2F19%2Fmom-appalachian-trail-addiction-jon-mundis-overdose-awareness%2F65352265007%2F,0.5283197739012063
min_k,nonmember,https://www.ydr.com/story/news/politics/2022/06/30/pennsylvanias-new-fiscal-year-will-begin-without-a-state-budget/65365334007/,1.16825040592812
min_k,nonmember,https://www.ydr.com/story/news/2022/04/25/man-dies-after-falling-into-the-codorus-creek-in-york-fire-chief-says/65351925007/,6.077472932636738
min_k,nonmember,https://www.ydr.com/story/news/2022/05/30/gda-covid-19-state-2022-05-30-pa-ppyr/65358091007/,2.0660297400035086
min_k,nonmember,https://www.ydr.com/story/news/2022/06/20/a-new-apprenticeship-for-young-artists-is-coming-to-york/65361188007/,7.609631684091356
min_k,nonmember,https://www.ydr.com/story/news/local/2022/07/26/york-pa-residents-share-surveillance-cam-footage-of-shaheim-carr-murder-with-police/65378104007/,7.372380356212239
min_k,nonmember,https://www.ydr.com/story/news/local/2022/05/16/see-major-updates-martin-library-york-before-july-grand-opening-teen-space/65354512007/,7.991577502579717
min_k,nonmember,https://www.ydr.com/story/news/education/2022/08/29/satanism-event-fundraiser-york-county-pa-after-school-satan-club/65457233007/,7.597245176395257
min_k,nonmember,https://www.ydr.com/story/news/2022/08/04/best-of-the-best-awards-holds-first-gala-honors-york-county-businesses/65391182007/,8.118456567163433
min_k,nonmember,https://www.ydr.com/story/opinion/2022/08/17/come-take-a-seat-in-york-pa-with-the-accomplished-william-c-goodridge/65407358007/,8.015393997374035
min_k,nonmember,https://www.ydr.com/story/news/local/2022/04/11/lawsuit-york-mayor-michael-helfrich-oath-of-office/65349492007/,7.206607816288773
min_k,nonmember,https://www.ydr.com/story/news/2022/06/15/dover-solar-farm-approved-in-25-minutes/65361179007/,7.227928897402934
min_k,nonmember,https://www.ydr.com/story/news/local/2022/07/27/hope-fest-returns-to-york-with-hoops-tourney-gas-card-giveaway/65382794007/,6.791236840761625
min_k,nonmember,https://www.ydr.com/story/sports/high-school/lacrosse-boys/2022/05/14/central-york-boys-york-catholic-girls-lacrosse-teams-earn-yaiaa-titles/65355281007/,6.147921564072136
min_k,nonmember,https://www.ydr.com/story/news/crime/2022/07/06/york-city-police-investigating-14th-homicide-tying-last-years-total/65368039007/,6.690514178503127
min_k,nonmember,https://www.ydr.com/story/news/history/2022/04/05/artist-makes-connections-to-chip-away-at-wall-between-york-and-hanover/65348433007/,7.860741478042034
min_k,nonmember,https://www.ydr.com/story/sports/high-school/track/2022/05/14/piaa-track-and-field-laila-campbell-sets-blistering-league-mark-in-100/65355100007/,6.227075978193356
min_k,nonmember,https://www.ydr.com/story/news/local/2022/08/25/interstate-83-reopen-after-queen-street-overpass-struck-exit-16-york/65420277007/,6.306259012713875
min_k,nonmember,https://www.ydr.com/story/news/local/2022/04/21/sixth-dover-solar-meeting-brings-new-witness-and-hopeful-decision-date/65351113007/,7.569735187373749
min_k,nonmember,https://www.ydr.com/story/sports/high-school/2022/05/19/susquehannock-delone-catholic-basketball-earns-sportsmanship-scholarships/65356510007/,7.034307692127843
min_k,nonmember,https://www.ydr.com/story/sports/college/penn-state/football/2022/08/12/penn-state-football-big-ten-quarterback-jaxon-smolik-james-franklin/65402058007/,6.9275529980659485
min_k,nonmember,https://www.ydr.com/restricted/?return=https%3A%2F%2Fwww.ydr.com%2Fstory%2Fnews%2Fcrime%2F2022%2F04%2F01%2Fman-testifies-own-defense-attempted-murder-trial-shooting-north-codorous-township-york-county%2F65347533007%2F,0.5283197739012063
min_k,nonmember,https://www.ydr.com/story/news/2022/04/21/david-mccormick-pa-senate-candidate-making-strides-in-gop-primary/65348988007/,6.1973042572911075
min_k,nonmember,https://www.ydr.com/story/money/2022/08/31/unemployment-reaches-pre-pandemic-levels-but-consumers-are-more-pessimistic-than-ever/65419897007/,6.559847576759162
min_k,nonmember,https://www.ydr.com/story/sports/high-school/football/2022/09/10/central-pa-high-school-football-scoreboard-yaiaa-scores-week-3-results-highlights-york-high-carlisle/66852753007/,6.879032003436303
min_k,nonmember,https://www.ydr.com/story/news/2022/07/25/peach-bottom-township-pa-man-dies-in-skid-loader-accident/65381471007/,7.255315426417759
min_k,nonmember,https://www.ydr.com/story/news/politics/2022/09/12/pa-activists-demand-united-states-house-ethics-investigation-of-rep-scott-perry/66891225007/,6.352473570021573
min_k,nonmember,https://www.ydr.com/story/sports/college/penn-state/football/2022/08/31/penn-state-football-college-football-big-ten-purdue-james-franklin/65462642007/,6.652325347212495
min_k,nonmember,https://www.ydr.com/story/sports/high-school/basketball-boys/2022/07/20/york-countys-kent-olewiler-makes-new-mexico-state-basketball-roster-yaiaa-central-york/65371201007/,6.632545610574575
min_k,nonmember,https://www.ydr.com/story/news/2022/07/01/deadly-crash-near-east-berlin-has-claimed-the-life-of-a-fourth-person-coroner-says/65365902007/,6.259226131439209
min_k,nonmember,https://www.ydr.com/story/news/2022/06/15/man-drowns-while-swimming-codorus-state-park-lake-york-pa-coroner-says/65361080007/,5.9030334179218
min_k,nonmember,https://www.ydr.com/story/sports/high-school/2022/06/22/what-will-the-yaiaa-look-like-with-22-teams-here-are-the-new-divisions/65362221007/,4.666949180869369
min_k,nonmember,https://www.ydr.com/story/news/local/2022/08/22/route-30-crash-west-manchester-township-pa-man-dead/65413093007/,5.915267180312764
min_k,nonmember,https://www.ydr.com/story/opinion/2022/09/12/york-day-nursery-turning-90-this-year/69486679007/,7.702042033625584
min_k,nonmember,https://www.ydr.com/story/opinion/2022/06/28/what-would-you-have-done-if-a-freedom-seeker-had-knocked-on-your-door/65364541007/,8.548941478870884
min_k,nonmember,https://www.ydr.com/story/news/2022/04/27/keystone-kidspace-now-open-in-109-year-old-armory/65350228007/,7.5065188599484305
min_k,nonmember,https://www.ydr.com/story/news/politics/2022/05/10/republican-challengers-vying-to-unseat-saylor-gillespie-and-klunk/65354567007/,7.03947679848935
min_k,nonmember,https://www.ydr.com/story/news/crime/2022/04/28/man-pleads-guilty-animal-cruelty-probation-york-county/65352476007/,5.790039596976815
min_k,nonmember,https://www.ydr.com/story/news/crime/2022/06/09/dasean-morris-sentenced-in-york-murder-of-kyle-hagenbuch-thunderguards-motorcyles/65359290007/,6.829302611416334
min_k,nonmember,https://www.ydr.com/story/sports/college/penn-state/football/2022/09/02/penn-state-football-purdue-big-ten-james-franklin-sean-clifford/65465704007/,8.40353883475792
min_k,nonmember,https://www.ydr.com/story/news/2022/08/23/5-year-old-girl-woman-fatally-stabbed-at-home-southern-york-county-pa/65414954007/,6.054527327195922
min_k,nonmember,https://www.ydr.com/story/news/crime/2022/05/20/u-s-marshals-arrest-york-man-in-fatal-shooting-of-selvin-mcewan/65356641007/,5.574504516892514
min_k,nonmember,https://www.ydr.com/story/sports/high-school/lacrosse-girls/2022/04/26/how-these-best-friends-are-driving-york-catholic-lacrosses-title-hopes/65351446007/,6.51604208036473
min_k,nonmember,https://www.ydr.com/story/opinion/2022/08/09/big-york-county-birthdays-on-horizon/65396977007/,8.374150347980587
min_k,nonmember,https://www.ydr.com/story/sports/outdoors/2022/08/13/catawissa-recreation-area-off-road-atv-use-riding-created-by-pa-dcnr-paragon-adventure-park/65402298007/,6.982931931813558
min_k,nonmember,https://www.ydr.com/story/news/2022/06/14/volunteer-fire-departments-struggle-to-recruit-worry-about-response-times/65353542007/,6.978820835086082
min_k,nonmember,https://www.ydr.com/story/news/2022/06/02/delma-rivera-lytle-york-vying-for-ms-senior-pa-america/65358261007/,7.138100794609019
min_k,nonmember,https://www.ydr.com/story/sports/high-school/lacrosse-boys/2022/06/01/piaa-lacrosse-schedule-results-from-state-championships/65358281007/,5.905536271030118
min_k,nonmember,https://www.ydr.com/story/news/2022/06/21/two-men-from-southwestern-york-county-die-in-maryland-crash/65362339007/,6.73803829110187
min_k,nonmember,https://www.ydr.com/story/news/politics/elections/2022/05/13/two-democrats-seek-party-nomination-in-10th-congressional-district/65355137007/,6.500848290104194
min_k,nonmember,https://www.ydr.com/story/news/crime/2022/04/18/teen-in-fatal-shooting-of-york-high-william-penn-high-school-student-malaki-beady-to-stand-trial/65350077007/,6.679017532872789
min_k,nonmember,https://www.ydr.com/story/sports/college/penn-state/football/2022/09/13/penn-state-football-big-ten-james-franklin-auburn-tigers-sec/69487321007/,7.458293713719012
min_k,nonmember,https://www.ydr.com/story/news/local/2022/04/18/puc-approves-sale-of-york-water-company-to-private-business-pawc/65350202007/,7.427772966591087
min_k,nonmember,https://www.ydr.com/story/sports/2022/07/11/american-ninja-warrior-2022-cf-branden-williams-new-oxford/65362232007/,7.128251693668437
min_k,nonmember,https://www.ydr.com/story/opinion/2022/05/11/pas-low-producing-wells-are-leaking-methane/65353721007/,7.482616968643971
min_k,nonmember,https://www.ydr.com/story/sports/college/penn-state/football/2022/09/14/penn-state-college-football-big-ten-auburn-tigers-in-sec/69487422007/,7.173202032609419
min_k,nonmember,https://www.ydr.com/story/opinion/2022/04/27/kreutz-creek-librarys-former-building-gains-new-life/65352254007/,8.52930304032267
min_k,nonmember,https://www.ydr.com/story/news/local/2022/06/27/lake-williams-dam-excavation-under-way-york-empty-lake-bed-turns-green/65362846007/,8.180802202224731
min_k,nonmember,https://www.ydr.com/story/sports/high-school/2022/04/04/select-gametimepa-yaiaa-athletes-of-the-week-for-march-25-to-april-2/65348290007/,6.74193374783385
min_k,nonmember,https://www.ydr.com/story/news/2022/04/18/bill-mcswain-running-for-pa-governor-2022-primary-election/65348986007/,6.384818064719868
min_k,nonmember,https://www.ydr.com/story/news/2022/08/22/york-pa-bans-washing-cars-in-driveways-or-on-streets/65410788007/,7.339754992264968
min_k,nonmember,https://www.ydr.com/story/sports/college/2022/04/01/trinity-thomas-leads-florida-into-regional-final-with-pair-of-10s-gymnastics-ncaa/65347723007/,7.019510016991542
min_k,nonmember,https://www.ydr.com/story/sports/high-school/2022/04/11/select-gametimepa-yaiaa-athletes-of-the-week-for-april-4-to-april-9/65349464007/,6.4878498656409125
min_k,nonmember,https://www.ydr.com/story/news/local/2022/08/30/old-farmers-almanac-predicts-snowy-cold-winter-for-central-pennsylvania/65461359007/,6.424657143079317
min_k,nonmember,https://www.ydr.com/story/sports/college/penn-state/2022/05/10/nfl-penn-state-nittany-lions-football-walk-on-drew-hartlaub-to-carolina-panthers/65353082007/,7.092969603186486
min_k,nonmember,https://www.ydr.com/story/news/local/2022/04/20/after-school-satan-club-denied-northern-york-school-board-joy-el-christian-club/65351019007/,7.33050578557528
min_k,nonmember,https://www.ydr.com/restricted/?return=https%3A%2F%2Fwww.ydr.com%2Fin-depth%2Fnews%2F2022%2F06%2F13%2Farts-entertainment-york-county-most-influential-people%2F65351410007%2F,0.7153644582219082
min_k,nonmember,https://www.ydr.com/story/opinion/2022/06/07/agnes-left-behind-mud-dead-rats-old-tires-and-all-kinds-of-trash/65359554007/,7.357819001339304
min_k,nonmember,https://www.ydr.com/story/news/local/2022/08/22/gifford-pinchot-state-park-suspends-water-activities-in-the-lake/65413407007/,7.7300867693764825
min_k,nonmember,https://www.ydr.com/story/news/politics/blogs/ydr-politics/2022/08/16/12-things-to-know-about-u-s-rep-scott-perry-a-focus-of-jan-6-probe/65398484007/,7.452807483450664
min_k,nonmember,https://www.ydr.com/story/sports/college/penn-state/football/2022/09/02/penn-state-football-sean-clifford-joey-porter-purdue-james-franklin-drew-allar/65465541007/,7.746684861525394
min_k,nonmember,https://www.ydr.com/story/news/crime/2022/09/08/virginia-hayden-sentenced-for-husband-thomas-hayden-death-remains-found-in-foodsaver-bag/65466365007/,7.4365682112027525
min_k,nonmember,https://www.ydr.com/story/news/2022/06/06/york-county-prison-trainer-joseph-garcia-testified-in-cv-case/65358870007/,7.420900301800834
min_k,nonmember,https://www.ydr.com/restricted/?return=https%3A%2F%2Fwww.ydr.com%2Fstory%2Fnews%2Fwatchdog%2F2022%2F05%2F18%2Fson-louis-appell-jr-initiates-civil-rico-case-limited-liability-company-owns-old-mesto-corp-building%2F65355293007%2F,0.5283197739012063
min_k,nonmember,https://www.ydr.com/story/news/2022/09/07/congressional-committee-skewers-postal-service-in-philadelphia-meeting-louis-dejoy/65800851007/,7.344020557403565
min_k,nonmember,https://www.ydr.com/story/money/careers/2022/09/13/having-trouble-hiring-penn-mar-might-be-able-to-help/69487345007/,7.06643888296768
min_k,nonmember,https://www.ydr.com/restricted/?return=https%3A%2F%2Fwww.ydr.com%2Fin-depth%2Fnews%2F2022%2F06%2F13%2Fsports-york-county-most-influential-athletics-football-gymnastics-swimming%2F65351425007%2F,0.7153644582219082
min_k,nonmember,https://www.ydr.com/restricted/?return=https%3A%2F%2Fwww.ydr.com%2Fstory%2Fnews%2Fhistory%2Fgettysburg%2F2022%2F04%2F14%2Fraven-rock-mountain-nuclear-attack-target-doomsday-preppers-worried%2F65349485007%2F,0.5283197739012063
min_k,nonmember,https://www.ydr.com/story/opinion/2022/08/31/what-would-you-do-if-you-witnessed-someone-at-risk/65465660007/,7.78514575470439
min_k,nonmember,https://www.ydr.com/restricted/?return=https%3A%2F%2Fwww.ydr.com%2Fstory%2Fmoney%2Fbusiness%2F2022%2F05%2F31%2Fcomings-and-goings-popular-pool-closed-for-summer-market-houses-add-stands%2F65357481007%2F,0.5856676194095559
min_k,nonmember,https://www.ydr.com/story/news/religion/2022/04/05/york-county-church-tells-gospel-in-22-year-stained-glass-project/65345285007/,7.492208583266647
min_k,nonmember,https://www.ydr.com/story/opinion/2022/07/20/big-important-york-county-history-cultural-projects-picking-up-steam/65377980007/,8.252577078507244
min_k,nonmember,https://www.ydr.com/story/news/local/2022/08/22/i-83-overpass-york-county-repairs-route-74-bridge/65409148007/,7.002990983781361
min_k,nonmember,https://www.ydr.com/story/news/2022/05/03/dining-out-for-spring-checking-out-revival-social-club-in-york/65350791007/,7.4064554920736345
min_k,nonmember,https://www.ydr.com/story/news/2022/06/06/northeastern-school-district-offers-students-cdl-training-amid-driver-shortages/65357688007/,7.0433821984387315
min_k,nonmember,https://www.ydr.com/story/news/2022/07/28/york-state-fair-2022-fried-cauliflower-lolas-waffles-ice-cream/65384751007/,7.390801425602125
min_k,nonmember,https://www.ydr.com/story/sports/high-school/football/2022/08/29/central-pa-high-school-football-wil-rider-no-longer-football-coach-hanover-high-school/65462473007/,6.792389931502165
min_k,nonmember,https://www.ydr.com/story/news/2022/06/09/how-the-pandemic-helped-wolfgang-confectioners-rebound-from-bankruptcy-candy-york-pa/65358750007/,7.028819752968068
min_k,nonmember,https://www.ydr.com/story/news/watchdog/2022/05/16/federal-judge-grants-preliminary-injuction-grandmother-2-year-old-dante-mullinix-york/65355837007/,6.5993492106065395
min_k,nonmember,https://www.ydr.com/story/sports/high-school/2022/04/07/track-and-field-league-has-records-dating-to-1980-and-others-from-2021/65348542007/,6.860802386873331
min_k,nonmember,https://www.ydr.com/story/news/2022/06/05/amber-alert-canceled-after-toddler-missing-from-york-county-is-found-safe/65358883007/,5.8928102314472195
min_k,nonmember,https://www.ydr.com/restricted/?return=https%3A%2F%2Fwww.ydr.com%2Fin-depth%2Fnews%2F2022%2F06%2F13%2Fbusiness-development-york-county-most-influential-people%2F65351418007%2F,0.7153644582219082
min_k,nonmember,https://www.ydr.com/story/news/local/2022/09/06/interstate-83-queen-street-overpass-repairs-cost-up-to-double-after-hits/65467467007/,7.052101877757481
min_k,nonmember,https://www.ydr.com/story/news/2022/06/15/vietnam-veteran-jon-langione-75-finally-got-eastern-york-high-school-diploma/65358492007/,7.079188931265542
min_k,nonmember,https://www.ydr.com/story/news/local/2022/05/12/york-county-prison-feasibility-study-competency-restoration-center/65354974007/,6.418791990069782
min_k,nonmember,https://www.ydr.com/restricted/?return=https%3A%2F%2Fwww.ydr.com%2Fstory%2Fnews%2Fcrime%2F2022%2F04%2F12%2Fex-york-ice-arena-general-manager-mike-cleveland-enters-accelerated-rehabilitative-disposition%2F65348922007%2F,0.5283197739012063
min_k,nonmember,https://www.ydr.com/story/news/crime/2022/08/26/virginia-man-sentenced-logging-truck-death-hanover-brian-mawyer-eugene-ben-fuhrman/65418220007/,7.187322191489759
min_k,nonmember,https://www.ydr.com/story/news/2022/04/25/encore-a-celebration-of-york-county-high-school-musicials-returns/65351061007/,6.569600375657229
min_k,nonmember,https://www.ydr.com/story/sports/college/penn-state/2022/04/11/former-nfl-penn-state-nittany-lion-running-back-gary-brown-dies-of-cancer/65349538007/,7.37051620426968
min_k,nonmember,https://www.ydr.com/story/sports/college/penn-state/football/2022/09/07/penn-state-big-ten-college-football-james-franklin-joey-porter/65475134007/,7.555855129182953
min_k,nonmember,https://www.ydr.com/story/sports/high-school/football/2022/06/23/northeastern-high-school-approves-kirby-brubaker-as-head-football-coach/65362925007/,6.86277027629869
min_k,nonmember,https://www.ydr.com/story/news/local/2022/08/31/york-county-judicial-center-closed-today-because-of-cooling-unit-leak/65465478007/,8.034139072193819
min_k,nonmember,https://www.ydr.com/restricted/?return=https%3A%2F%2Fwww.ydr.com%2Fin-depth%2Fnews%2F2022%2F06%2F01%2Frevitalization-gentrification-york-pa-salem-square-neighborhood%2F6795644001%2F,0.5856676194095559
min_k,nonmember,https://www.ydr.com/story/sports/high-school/football/2022/06/09/york-suburbans-mike-bentivegna-earns-offer-from-st-francis/65359674007/,6.548014064629872
min_k,nonmember,https://www.ydr.com/story/sports/high-school/football/2022/04/26/central-york-quarterback-cade-pribula-to-transfer-from-delaware/65352088007/,6.4536167612942785
min_k,nonmember,https://www.ydr.com/story/news/2022/07/21/york-state-fair-2022-how-to-beat-the-heat-wave-through-the-weekend/65377927007/,6.45682672470335
min_k,nonmember,https://www.ydr.com/story/news/2022/08/17/york-daily-record-editor-randy-parker-has-left-the-newspaper/65407329007/,6.832862568884781
min_k,nonmember,https://www.ydr.com/story/sports/college/penn-state/football/2022/08/29/penn-state-football-james-franklin-big-ten-purdue-sean-clifford/65461391007/,6.836553888556398
min_k,nonmember,https://www.ydr.com/story/entertainment/2022/05/03/choir-choir-choir-event-brings-singing-after-covid-to-appell-center/65352201007/,8.503466113668974
min_k,nonmember,https://www.ydr.com/story/news/local/2022/09/06/long-pine-run-reservoir-in-michaux-state-forest-adams-county-offers-quiet-escape/65466799007/,8.256564368804296
zlib,member,https://www.ydr.com/story/news/2022/05/02/york-county-will-not-offer-drop-box-for-voters-to-return-mail-ballots/65353056007/,0.0021297680751674064
zlib,member,https://www.ydr.com/story/news/crime/2022/05/23/dover-township-man-charged-in-shooting-at-the-walmart-in-northern-york-county/65357213007/,0.0018824941013137766
zlib,member,https://www.ydr.com/restricted/?return=https%3A%2F%2Fwww.ydr.com%2Fstory%2Fnews%2F2022%2F04%2F27%2Fex-york-county-911-employee-discrimination-wrongful-termination-lawsuit%2F65351908007%2F,0.001416997908206159
zlib,member,https://www.ydr.com/restricted/?return=https%3A%2F%2Fwww.ydr.com%2Fstory%2Fnews%2F2022%2F06%2F08%2Fthis-small-central-pa-town-grew-like-crazy-during-the-pandemic-mechanicsburg%2F65358412007%2F,0.0007842940881435794
zlib,member,https://www.ydr.com/story/opinion/2022/08/23/york-pa-s-market-street-parking-garage-tells-50-year-tale-of-change/65415733007/,0.0010828543387127513
zlib,member,https://www.ydr.com/story/sports/high-school/lacrosse-girls/2022/05/26/district-3-lacrosse-twin-valley-tops-york-catholic-for-2a-girls-title/65357508007/,0.001050212427483927
zlib,member,https://www.ydr.com/story/sports/outdoors/2022/07/19/world-record-butterfly-ray-caught-by-camp-hill-pa-bow-angler-jeremy-gipe/65374856007/,0.0013429083020284145
zlib,member,https://www.ydr.com/story/news/politics/2022/04/24/primary-election-2022-heres-who-is-running-pa-94th-state-house-seat/65350262007/,0.010151050803501305
zlib,member,https://www.ydr.com/story/sports/college/penn-state/football/2022/09/10/penn-state-football-ohio-bobcats-nicholas-singleton-drew-allar-kaytron-allen/66779446007/,0.0010729423607687169
zlib,member,https://www.ydr.com/story/sports/high-school/2022/06/16/yaiaa-girls-lacrosse-coaches-name-2022-league-all-stars/65361380007/,0.0017757742126013566
zlib,member,https://www.ydr.com/story/news/2022/07/19/pa-moves-water-quality-and-saving-the-chesapeake-to-the-front-burner/65374281007/,0.0010922734572340795
zlib,member,https://www.ydr.com/story/news/2022/08/19/harley-davidson-iam-union-new-contract-york-pennsylvania-plant/65410302007/,0.0031338771886077425
zlib,member,https://www.ydr.com/story/news/crime/2022/05/31/man-sentenced-prison-aggravated-assault-attack-meredith-keltner-north-codorus-township-york-county/65357791007/,0.0006939847801000714
zlib,member,https://www.ydr.com/story/news/crime/2022/07/26/tyrell-dotson-convicted-of-murder-for-death-of-willmar-santos-batista/65378028007/,0.0017386781690738697
zlib,member,https://www.ydr.com/restricted/?return=https%3A%2F%2Fwww.ydr.com%2Fstory%2Fsports%2Fhigh-school%2F2022%2F05%2F23%2Fthe-top-baseball-and-softball-players-in-the-district-3-playoffs%2F65356526007%2F,0.000679997462349579
zlib,member,https://www.ydr.com/restricted/?return=https%3A%2F%2Fwww.ydr.com%2Fstory%2Fnews%2Fcrime%2F2022%2F04%2F06%2Fwoman-found-guilty-keeping-remains-grandmother-freezer-social-security-york-county%2F65347682007%2F,0.000679997462349579
zlib,member,https://www.ydr.com/restricted/?return=https%3A%2F%2Fwww.ydr.com%2Fstory%2Fnews%2Fwatchdog%2F2022%2F05%2F11%2Fyork-shooting-tony-wasilewski-2014-not-guilty%2F65350885007%2F,0.000679997462349579
zlib,member,https://www.ydr.com/story/news/2022/05/06/voter-intimidation-delayed-primary-results-possible-pa-official-says/65353837007/,0.0011472016240119099
zlib,member,https://www.ydr.com/story/news/2022/04/13/pa-state-house-passes-bill-against-trans-girls-in-girls-sports/65349966007/,0.00017298039522414517
zlib,member,https://www.ydr.com/story/news/crime/2022/05/03/york-county-police-departments-struggle-to-find-new-and-diverse-hires/65352123007/,0.0011694796777708817
zlib,member,https://www.ydr.com/story/news/crime/2022/04/14/three-die-two-separate-shootings-york-pa-this-week/65349623007/,0.0014028160054834163
zlib,member,https://www.ydr.com/story/sports/college/penn-state/football/2022/04/18/penn-state-eric-wilson-journey-nfl-draft-2022/65347360007/,0.0009046191171613744
zlib,member,https://www.ydr.com/story/news/local/2022/04/15/pennsylvania-supreme-court-suspends-law-license-york-attorney-clarence-allen/65350197007/,0.0012442431546528408
zlib,member,https://www.ydr.com/story/news/2022/04/21/interstate-81-accident-pa-police-release-names-six-who-died/65351243007/,0.0030691601876012098
zlib,member,https://www.ydr.com/story/news/2022/06/14/hurricane-agnes-flood-1972-devastated-central-pennsylvania-heavy-rain-flooding/65359285007/,0.0009412190909271275
zlib,member,https://www.ydr.com/restricted/?return=https%3A%2F%2Fwww.ydr.com%2Fstory%2Fsports%2Fhigh-school%2Ftrack%2F2022%2F05%2F18%2Fpiaa-track-and-field-70-athletes-to-watch-in-district-3-meet%2F65355844007%2F,0.000679997462349579
zlib,member,https://www.ydr.com/story/sports/college/penn-state/football/2022/06/09/penn-state-football-nick-singleton-kaytron-allen-lead-james-franklin/65359587007/,0.0009858310306160736
zlib,member,https://www.ydr.com/story/news/2022/07/13/left-bank-restaurant-bar-eatery-downtown-york-pa-for-sale/65372564007/,0.0022403104410270063
zlib,member,https://www.ydr.com/story/sports/high-school/basketball-girls/2022/07/05/new-west-york-and-spring-grove-basketball-york-college-coaches-started-at-same-place/65364925007/,0.000720958526536444
zlib,member,https://www.ydr.com/story/news/local/2022/09/16/springettsbury-township-man-dies-25-days-after-2-vehicle-crash/69497262007/,0.004265009045581903
zlib,member,https://www.ydr.com/restricted/?return=https%3A%2F%2Fwww.ydr.com%2Fin-depth%2Fsports%2F2022%2F06%2F15%2F22-women-who-changed-york-adams-sports-before-after-title-ix%2F65351069007%2F,0.000854829885704974
zlib,member,https://www.ydr.com/restricted/?return=https%3A%2F%2Fwww.ydr.com%2Fstory%2Fnews%2Fcrime%2F2022%2F04%2F07%2Fman-sentenced-prison-two-deadly-drug-overdoses-york-county%2F65347700007%2F,0.000679997462349579
zlib,member,https://www.ydr.com/story/sports/high-school/football/2022/06/06/central-york-football-players-continue-to-pick-up-division-i-offers/65358420007/,0.0006601473309965073
zlib,member,https://www.ydr.com/story/news/2022/08/04/york-police-turn-to-the-community-for-ideas-to-reduce-gun-violence/65388415007/,0.0013797285644021953
zlib,member,https://www.ydr.com/story/opinion/2022/06/21/york-aauw-at-50-group-resets-for-new-chapter-of-its-story/65362223007/,0.0006753810758678477
zlib,member,https://www.ydr.com/story/sports/college/penn-state/football/2022/08/08/penn-state-football-coaches-poll-big-ten-james-franklin/65395659007/,0.0020500996517299236
zlib,member,https://www.ydr.com/story/news/2022/07/27/york-state-fair-ride-inspections-what-you-need-to-know/65382750007/,0.0015606653944368698
zlib,member,https://www.ydr.com/story/news/local/2022/07/11/york-state-fair-july-22-31-details-admission-tickets-parking-hours-and-more/65364021007/,0.0009711072073329767
zlib,member,https://www.ydr.com/story/news/2022/07/12/rep-scott-perry-proud-boys-leader-zachary-rehl-implicated-jan-6-testimony/65372007007/,0.0012416778608539173
zlib,member,https://www.ydr.com/story/sports/high-school/track-girls/2022/06/21/laila-campbell-wins-100-meter-dash-at-new-balance-nationals/65362272007/,0.0018935737130205965
zlib,member,https://www.ydr.com/story/sports/college/penn-state/football/2022/09/08/penn-state-big-ten-and-college-football-ohio-james-franklin/65742707007/,0.0008260857292731158
zlib,member,https://www.ydr.com/story/news/2022/04/06/lake-williams-dam-built-in-1911-is-being-demolished/65348530007/,0.0021633898061300303
zlib,member,https://www.ydr.com/story/news/2022/06/22/rich-wurzbach-of-mrg-labs-invented-a-blood-test-for-machines/65352146007/,0.0006208382063420507
zlib,member,https://www.ydr.com/story/news/2022/06/30/child-found-dead-pool-campground-southern-york-county-pa-after-going-missing/65365256007/,0.00232592042074991
zlib,member,https://www.ydr.com/story/news/local/2022/06/23/judge-rules-favor-york-mayor-michael-helfrich-over-oath-office-henry-nixon/65363082007/,0.00154093917433259
zlib,member,https://www.ydr.com/story/news/2022/05/12/jan-6-panel-subpoenas-us-rep-scott-perry/65355153007/,0.0004274446218259611
zlib,member,https://www.ydr.com/story/news/2022/07/25/mechanicsburg-man-dies-in-two-vehicle-crash-in-dover-township-police-say/65382145007/,0.0027806585322273833
zlib,member,https://www.ydr.com/story/sports/college/penn-state/football/2022/09/06/penn-state-college-football-big-ten-ohio-james-franklin-nick-singleton/65474170007/,0.0027523368579703204
zlib,member,https://www.ydr.com/story/sports/high-school/2022/05/23/district-3-volleyball-results-scores-from-class-3a-2a-tournaments/65357229007/,0.001668811653578388
zlib,member,https://www.ydr.com/restricted/?return=https%3A%2F%2Fwww.ydr.com%2Fin-depth%2Fnews%2F2022%2F06%2F13%2Fphilanthropy-nonprofits-york-county-most-influential-people-charity-giving%2F65352045007%2F,0.000854829885704974
zlib,member,https://www.ydr.com/story/news/local/2022/09/09/tech-company-buys-york-continental-square-citizens-bank-property/67309566007/,0.0022875493901183975
zlib,member,https://www.ydr.com/story/news/politics/elections/2022/07/03/protesters-at-york-rally-want-scott-perry-gone-from-congress/65366404007/,0.0015616931788328924
zlib,member,https://www.ydr.com/restricted/?return=https%3A%2F%2Fwww.ydr.com%2Fstory%2Fnews%2F2022%2F04%2F21%2Fyork-restaurant-inspections-one-out-of-compliance%2F65350038007%2F,0.000679997462349579
zlib,member,https://www.ydr.com/story/news/2022/05/02/yorks-mothers-day-street-fair-was-canceled-but-theres-an-alternative-alexandria-keener-beaver-street/65352175007/,0.0014570410835834074
zlib,member,https://www.ydr.com/story/sports/high-school/baseball/2022/06/02/district-3-baseball-east-pennsboro-beats-littlestown-for-4a-title/65358498007/,0.0009384873637135979
zlib,member,https://www.ydr.com/restricted/?return=https%3A%2F%2Fwww.ydr.com%2Fstory%2Fnews%2Fwatchdog%2F2022%2F05%2F03%2Fmedical-marijuana-zero-tolerance-dui-pennsylvania%2F65352215007%2F,0.000679997462349579
zlib,member,https://www.ydr.com/story/news/2022/07/18/york-state-fair-2022-guide-to-what-to-eat/65373031007/,0.0008735195203352605
zlib,member,https://www.ydr.com/story/opinion/columnists/2022/05/17/reporter-katia-parks-shares-insights-to-york-pa-violence/65350927007/,0.0008946833972543637
zlib,member,https://www.ydr.com/story/sports/high-school/football/2022/05/10/jon-scepanski-leaves-northeastern-to-take-conestoga-valley-football-job/65354649007/,0.0010276588501727522
zlib,member,https://www.ydr.com/story/news/2022/07/06/pennsylvania-residents-among-those-arrested-u-s-capitol-insurrection/4331778001/,0.00012489420644286523
zlib,member,https://www.ydr.com/story/news/politics/2022/05/18/jeff-piccola-chairman-of-york-county-gop-resigns/65356063007/,0.002163098980758393
zlib,member,https://www.ydr.com/story/news/2022/05/17/york-county-2022-democratic-republican-primary-race-results-today/65355341007/,0.0021751718990780607
zlib,member,https://www.ydr.com/story/sports/high-school/football/2022/09/13/sam-stoner-jahiem-white-closing-in-on-york-high-william-penn-football-records/69487731007/,0.0009846944920179665
zlib,member,https://www.ydr.com/story/news/2022/08/10/fat-daddys-nightclub-closes-auctioning-off-everything-in-york-pa-springettsbury/65395677007/,0.0031739888515739875
zlib,member,https://www.ydr.com/story/sports/college/penn-state/football/2022/04/28/greatest-penn-state-catches-receivers-jahan-dotson-jameson-williams/65352118007/,0.0007524808359511332
zlib,member,https://www.ydr.com/story/opinion/2022/07/26/these-key-projects-would-boost-quality-of-life-in-york-county/65383602007/,0.0007995721037922717
zlib,member,https://www.ydr.com/story/news/2022/04/27/congressman-scott-perry-new-text-reveals-more-about-attempt-to-change-2020-presidential-election-res/65352246007/,0.002894566870860594
zlib,member,https://www.ydr.com/story/news/2022/09/08/the-best-dive-bars-in-york-county-pa-here-are-6-to-check-out/65475324007/,0.0014869338927982134
zlib,member,https://www.ydr.com/story/news/crime/2022/07/12/jaquez-brown-suspect-york-murder-shaheim-carr-recently-freed-prison/65371037007/,0.001207139597902871
zlib,member,https://www.ydr.com/restricted/?return=https%3A%2F%2Fwww.ydr.com%2Fstory%2Fnews%2F2022%2F06%2F07%2Fnew-species-yorkicystis-haefneri-discovered-dig-fossils-york-pa%2F65357621007%2F,0.0007842940881435794
zlib,member,https://www.ydr.com/story/sports/high-school/football/2022/05/31/west-yorks-terry-bupp-elected-to-pennsylvania-football-coaches-hall-of-fame/65357624007/,0.0009414383609039683
zlib,member,https://www.ydr.com/story/sports/high-school/basketball-boys/2022/05/03/piaa-schools-vote-against-adding-a-shot-clock-to-high-school-basketball/65353578007/,0.0014167909375773875
zlib,member,https://www.ydr.com/story/news/2022/06/29/the-haines-shoe-house-in-york-county-will-become-an-airbnb/65364374007/,0.0022030073987299456
zlib,member,https://www.ydr.com/story/news/2022/05/04/meltdown-three-mile-island-airs-on-netflix/65353510007/,0.0024044191714074105
zlib,member,https://www.ydr.com/story/opinion/2022/09/06/restoring-yorks-potters-field-do-it-yourself-urbanism/65474708007/,0.0007507602165062188
zlib,member,https://www.ydr.com/story/news/2022/04/07/central-pennsylvania-to-receive-rain-today-national-weather-service-says/65348821007/,0.011098044080664938
zlib,member,https://www.ydr.com/story/news/2022/05/16/severe-thunderstorm-watch-issued-central-pa-tornado-possible/65355765007/,0.004752938841001974
zlib,member,https://www.ydr.com/story/news/politics/2022/04/11/dr-oz-senate-campaign-trump-endorsement/65349165007/,0.001058085241463529
zlib,member,https://www.ydr.com/story/sports/college/penn-state/football/2022/04/29/nfl-draft-washington-commanders-penn-states-receiver-jahan-dotson-in-first-round/65352135007/,0.0013761175008346115
zlib,member,https://www.ydr.com/story/sports/college/penn-state/2022/04/24/penn-state-james-franklin-sean-clifford-lead-psu-at-blue-white-game/65351312007/,0.0013293052733750299
zlib,member,https://www.ydr.com/story/sports/college/penn-state/2022/04/23/penn-state-football-blue-white-game-with-james-franklin-drew-allar/65351234007/,0.0010188003774341235
zlib,member,https://www.ydr.com/story/news/crime/2022/06/15/spring-garden-township-man-charged-with-fatally-stabbing-pregnant-woman-in-york-in-may/65361137007/,0.0016830499295171356
zlib,member,https://www.ydr.com/story/sports/high-school/basketball-girls/2022/07/11/gettysburg-star-named-gametimepa-yaiaa-girls-athlete-of-the-year/65370388007/,0.0012026318241192323
zlib,member,https://www.ydr.com/story/sports/high-school/2022/05/23/select-gametimepa-yaiaa-athletes-of-the-week-for-may-16-to-may-21/65357145007/,0.004304445847662194
zlib,member,https://www.ydr.com/story/news/2022/05/09/york-county-bakery-collects-donations-to-support-ukrainian-refugees/65353063007/,0.0018435247361843405
zlib,member,https://www.ydr.com/story/news/2022/04/12/white-clover-farm-stand-in-hellam-spurred-by-pandemic-food-supply-issues/65347398007/,0.0011585625442482395
zlib,member,https://www.ydr.com/story/sports/high-school/football/2022/08/27/yaiaa-football-week-1-york-high-loses-thriller-central-york-gets-big-win/65457937007/,0.000940769968490028
zlib,member,https://www.ydr.com/story/sports/college/penn-state/football/2022/08/29/penn-state-football-big-ten-purdue-boilermakers-nick-singleton/65461401007/,0.0025460168064094226
zlib,member,https://www.ydr.com/story/news/local/2022/06/22/central-pa-braces-severe-thunderstorms-across-states-md-dc-wva-va-wednesday-evening-9-pm/65362654007/,0.004626977174459361
zlib,member,https://www.ydr.com/story/news/crime/2022/06/20/york-pa-woman-sentenced-hiding-grandmother-body-freezer-social-security/65361623007/,0.0014709802069160231
zlib,member,https://www.ydr.com/story/news/local/2022/05/26/veterans-memorial-gold-star-garden-memorial-day-event-honoring-wwi-kia/65354618007/,0.0009714815586422666
zlib,member,https://www.ydr.com/story/news/crime/2022/04/15/man-dies-after-being-shot-during-fight-outside-home-in-adams-county/65350257007/,0.0037764473142807486
zlib,member,https://www.ydr.com/story/news/local/2022/07/29/multiple-casualties-chanceford-township-crash-york-county-traffic-collision/65386614007/,0.0025812853330719316
zlib,member,https://www.ydr.com/story/opinion/2022/05/03/new-life-for-hanover-trolley-rails/65353555007/,0.0008225116857855429
zlib,member,https://www.ydr.com/story/news/2022/05/13/infant-found-dead-east-berlin-mother-ashley-decker-charged/65355254007/,0.0010670492988915103
zlib,member,https://www.ydr.com/story/news/local/2022/07/18/reverend-adrian-boxley-appointed-york-city-district-justice-by-state/65371722007/,0.002479097697757023
zlib,member,https://www.ydr.com/story/news/2022/05/03/give-local-york-24-hours-of-fundraising-right-around-the-corner/65353091007/,0.001105663946153342
zlib,member,https://www.ydr.com/story/news/nation/2022/07/06/michael-lopatic-of-lancaster-dead-one-year-after-insurrection-arrest/65367853007/,0.001798083049007744
zlib,member,https://www.ydr.com/story/sports/high-school/football/2022/08/27/central-pa-high-school-football-yaiaa-scores-results-highlights-from-week-1/65419140007/,0.0005921637374041943
zlib,member,https://www.ydr.com/story/news/2022/09/12/pa-drivers-will-get-new-licenses-with-enhanced-security-features/69486893007/,0.0036800956413272886
zlib,member,https://www.ydr.com/story/sports/college/penn-state/football/2022/09/10/penn-state-football-score-vs-ohio-university-bobcats-big-ten-nick-singleton/66758652007/,0.0025548418780600023
zlib,member,https://www.ydr.com/story/news/crime/2022/05/23/murder-suicide-deadly-shooting-gunfire-mar-weekend-in-york-county/65356861007/,0.0010538848954131815
zlib,member,https://www.ydr.com/story/opinion/2022/04/12/2-century-old-st-paul-lebanon-lutheran-church-illustrates-easter-message/65349861007/,0.001091834981913767
zlib,member,https://www.ydr.com/story/opinion/2022/04/19/100-year-old-catholic-womans-club-in-york-draws-strength-from-its-past/65350914007/,0.001216162966320802
zlib,member,https://www.ydr.com/story/sports/high-school/baseball/2022/06/09/piaa-baseball-delone-catholic-tops-schuylkill-haven-to-reach-2a-semis/65359966007/,0.001015126749826953
zlib,member,https://www.ydr.com/story/news/crime/2022/05/26/york-county-district-attorney-drops-charges-co-defendant-attack-north-codorus-township/65357291007/,0.0013979801125446436
zlib,member,https://www.ydr.com/story/sports/college/penn-state/football/2022/08/07/penn-state-football-3-things-to-learn-about-2022-big-ten-season/65393638007/,0.0008519967647939491
zlib,member,https://www.ydr.com/story/sports/college/penn-state/football/2022/06/02/drew-hartlaub-hanover-leaves-carolina-panthers-injury-concussions/65358206007/,0.001303058025722157
zlib,member,https://www.ydr.com/restricted/?return=https%3A%2F%2Fwww.ydr.com%2Fstory%2Fnews%2F2022%2F05%2F10%2Fcould-mental-health-experts-prevented-killing-of-lebanon-police-lt-william-lebo%2F65352523007%2F,0.000679997462349579
zlib,member,https://www.ydr.com/restricted/?return=https%3A%2F%2Fwww.ydr.com%2Fstory%2Fsports%2Fhigh-school%2F2022%2F05%2F24%2Fnil-name-image-likeness-deals-could-be-headed-piaa-what-it-means-pa-high-school%2F65354558007%2F,0.0007656512823470954
zlib,member,https://www.ydr.com/story/news/2022/05/24/brian-korte-york-haven-lynwood-nester-dillsburg-charged-capitol-riots/65357319007/,0.0017877968831967017
zlib,member,https://www.ydr.com/story/opinion/2022/06/23/trovestreet-a-new-way-to-learn-about-aging-in-york-county/65362833007/,0.0011915598783576035
zlib,member,https://www.ydr.com/story/opinion/2022/05/11/mifflin-house-preservation-latest-land-use-battle-in-eastern-york-county/65354943007/,0.0005830383886925927
zlib,member,https://www.ydr.com/story/news/2022/08/02/pennsylvania-turnpike-tolls-increase-by-5-percent-january-e-zpass-pa-turnpike-hike/65389692007/,0.0022735992203951963
zlib,member,https://www.ydr.com/story/sports/college/penn-state/football/2022/08/02/psu-football-games-nittany-lions-james-franklin-sean-clifford/65385455007/,0.0016031310058790208
zlib,member,https://www.ydr.com/restricted/?return=https%3A%2F%2Fwww.ydr.com%2Fstory%2Fnews%2Fwatchdog%2F2022%2F04%2F20%2Fc-sau-prison-trainer-testifies-unemployed-exaggerated-business-jospha-garcia%2F65350079007%2F,0.000679997462349579
zlib,member,https://www.ydr.com/restricted/?return=https%3A%2F%2Fwww.ydr.com%2Fstory%2Fsports%2Fhigh-school%2Fbaseball%2F2022%2F04%2F13%2Fhigh-school-sports-baseball-at-york-high-in-the-yaiaa-puerto-rico%2F65345438007%2F,0.000679997462349579
zlib,member,https://www.ydr.com/restricted/?return=https%3A%2F%2Fwww.ydr.com%2Fstory%2Fnews%2Fcrime%2F2022%2F05%2F06%2Fmothers-day-struggle-for-those-who-have-lost-children-parents%2F65353690007%2F,0.000679997462349579
zlib,member,https://www.ydr.com/story/sports/2022/05/05/toronto-blue-jays-call-up-delone-catholic-grad-casey-lawrence/65353814007/,0.0013614572970693044
zlib,member,https://www.ydr.com/story/news/politics/elections/2022/05/26/politico-mark-meadows-burned-papers-after-meeting-with-scott-perry/65357627007/,0.0025723537387787186
zlib,member,https://www.ydr.com/story/sports/high-school/2022/04/25/select-gametimepa-yaiaa-athletes-of-the-week-for-april18-to-april-23/65351891007/,0.004788555226005941
zlib,member,https://www.ydr.com/story/news/2022/04/08/york-county-food-bank-is-moving-its-operations-out-of-the-former-kmart-store/65348695007/,0.0022488385591814502
zlib,member,https://www.ydr.com/story/opinion/2022/05/23/pas-farmers-municipalities-pay-for-legislatures-inaction-on-clean-water/65357214007/,0.0011776851509614742
zlib,member,https://www.ydr.com/restricted/?return=https%3A%2F%2Fwww.ydr.com%2Fstory%2Fnews%2Flocal%2F2022%2F06%2F13%2Ftasalina-young-memory-daughter-dyamond-helps-others-in-york-pa%2F65356517007%2F,0.000854829885704974
zlib,member,https://www.ydr.com/story/news/local/2022/07/18/pa-backing-historic-small-restaurants-grant-awarded-harmony-inn/65371204007/,0.0016775916065693728
zlib,member,https://www.ydr.com/story/news/2022/04/20/senator-jake-corman-eyes-pa-governors-office-after-23-years-in-dc/65348987007/,0.0007397510454720647
zlib,member,https://www.ydr.com/story/news/2022/06/30/cheap-gas-what-is-e15-unleaded-88-and-e85-is-it-safe-to-use-in-cars-boats-vehicles-sheetz/65364424007/,0.0011281818682582325
zlib,member,https://www.ydr.com/restricted/?return=https%3A%2F%2Fwww.ydr.com%2Fstory%2Fnews%2F2022%2F04%2F07%2Fpa-speed-cameras-work-zones-tickets-tossed-after-error-found%2F65345082007%2F,0.000679997462349579
zlib,member,https://www.ydr.com/story/sports/high-school/2022/05/09/select-gametimepa-yaiaa-athletes-of-the-week-formay-2-to-may-7/65354485007/,0.005142090946449079
zlib,member,https://www.ydr.com/story/sports/high-school/softball/2022/07/06/piaa-softball-coaches-select-states-top-players/65365518007/,0.0004712410123969302
zlib,member,https://www.ydr.com/story/sports/high-school/football/2022/08/22/central-pa-football-schedule-scores-york-adams-2022-season/65409218007/,0.0006136240548370284
zlib,member,https://www.ydr.com/story/sports/college/2022/03/31/ncaa-gymnastic-regionals-how-to-watch-the-action-from-4-competitions/65347499007/,0.0017834518929618743
zlib,member,https://www.ydr.com/story/news/2022/07/29/one-killed-building-collapse-adams-county-central-pa-farm-state-police-say/65386328007/,0.0037337434571898397
zlib,member,https://www.ydr.com/story/news/2022/09/14/pa-residents-with-criminal-records-could-get-help/69491572007/,0.0019220812192602941
zlib,member,https://www.ydr.com/story/news/crime/2022/05/18/york-city-police-investigating-womans-overnight-death-as-homicide/65356359007/,0.003265964961445716
zlib,member,https://www.ydr.com/restricted/?return=https%3A%2F%2Fwww.ydr.com%2Fstory%2Fnews%2F2022%2F04%2F21%2Fcomings-and-goings-eco-friendly-store-opens-in-york-coffee-shop-closes%2F65351060007%2F,0.000679997462349579
zlib,member,https://www.ydr.com/restricted/?return=https%3A%2F%2Fwww.ydr.com%2Fstory%2Fnews%2F2022%2F05%2F11%2Fthe-york-and-adams-county-real-estate-markets-are-still-pretty-hot%2F65354554007%2F,0.000679997462349579
zlib,member,https://www.ydr.com/story/news/local/2022/09/06/fall-festivals-and-family-friendly-activities-in-york-county/65419910007/,0.0006609307936934781
zlib,member,https://www.ydr.com/story/sports/high-school/2022/04/18/select-gametimepa-yaiaa-athletes-of-the-week-for-april-11-16/65350764007/,0.004839074642411833
zlib,member,https://www.ydr.com/story/news/2022/04/26/man-dies-after-falling-into-the-codorus-creek-in-york-fire-chief-says/65351925007/,0.0023596171832134297
zlib,member,https://www.ydr.com/story/news/local/2022/08/04/children-injured-in-deadly-amish-tractor-crash-york-county-remain-in-hospital/65390689007/,0.0026026889338310244
zlib,member,https://www.ydr.com/story/news/crime/2022/04/18/york-school-district-chad-gerrick-pleads-guilty-disorderly-conduct/65350765007/,0.0017469130711840644
zlib,member,https://www.ydr.com/story/news/local/2022/05/05/york-city-council-brings-crown-act-to-board-for-hair-discrimination/65353633007/,0.0016551528201571135
zlib,member,https://www.ydr.com/story/sports/high-school/wrestling/2022/05/05/dave-gable-steps-down-as-dallastown-wrestling-coach-after-25-years/65353876007/,0.0007398676546025618
zlib,member,https://www.ydr.com/story/news/crime/2022/05/25/former-north-york-tax-collector-keith-ramsay-rejected-veterans-wellness-court/65356693007/,0.002079799117021115
zlib,member,https://www.ydr.com/story/sports/high-school/volleyball-boys/2022/06/01/piaa-boys-volleyball-results-matchups/65358273007/,0.0012745153942367755
zlib,member,https://www.ydr.com/story/news/2022/08/02/the-community-responds-to-help-an-amish-family-touched-by-tragedy/65388394007/,0.0007815052205392747
zlib,member,https://www.ydr.com/story/news/politics/2022/04/07/kenyatta-running-for-senate-because-the-status-quo-will-not-save-us/65348457007/,0.0007751314193364995
zlib,member,https://www.ydr.com/restricted/?return=https%3A%2F%2Fwww.ydr.com%2Fstory%2Fnews%2Fcrime%2F2022%2F05%2F09%2Fhearing-joe-fitzpatrick-iii-first-degree-murder-second-trial-york-county%2F65353970007%2F,0.000679997462349579
zlib,member,https://www.ydr.com/story/news/2022/05/18/shamaine-daniels-wins-democratic-nomination-to-face-scott-perry-us-congress/65355455007/,0.0012211870178469473
zlib,member,https://www.ydr.com/story/news/local/2022/06/22/adams-county-crash-leaves-three-dead-pa-police-say/65362619007/,0.0037662374279729253
zlib,member,https://www.ydr.com/restricted/?return=https%3A%2F%2Fwww.ydr.com%2Fstory%2Fsports%2Fhigh-school%2Ftrack%2F2022%2F05%2F19%2Fpiaa-track-and-field-70-athletes-to-watch-in-district-3-meet%2F65355844007%2F,0.000679997462349579
zlib,member,https://www.ydr.com/story/news/crime/2022/08/25/york-county-pa-da-says-shooting-after-wedding-self-defense/65415627007/,0.0020363941087976002
zlib,member,https://www.ydr.com/story/sports/college/penn-state/football/2022/06/28/penn-state-football-james-franklin-recruits-southern-players-from-alabama-al-florida-fla/65362631007/,0.0008576969567557418
zlib,member,https://www.ydr.com/restricted/?return=https%3A%2F%2Fwww.ydr.com%2Fstory%2Fnews%2F2022%2F06%2F02%2Fafter-a-long-two-years-heres-where-summer-festivals-in-central-pa-stand-in-2022%2F65352431007%2F,0.0006189343665043
zlib,member,https://www.ydr.com/story/news/2022/05/03/encore-a-celebration-of-york-county-high-school-musicials-returns/65351061007/,0.001313889561939416
zlib,member,https://www.ydr.com/story/news/local/2022/07/05/electric-wooden-tour-boat-chief-uncus-launched-in-susquehanna-river-york-county/65365534007/,0.0019599863552463275
zlib,member,https://www.ydr.com/story/news/fixing-york/2022/09/01/redevelopment-plans-for-south-george-street-post-office-sought/65468307007/,0.002280897272107643
zlib,member,https://www.ydr.com/story/sports/high-school/volleyball-boys/2022/07/08/piaa-district-3-13-yaiaa-players-named-boys-volleyball-all-stars/65368955007/,0.0015385358993882598
zlib,member,https://www.ydr.com/story/sports/high-school/football/2022/09/17/yaiaa-football-scores-from-week-4-dallastown-central-york-earn-wins/69496327007/,0.0011626705382472738
zlib,member,https://www.ydr.com/story/sports/high-school/football/2022/05/18/central-yorks-cade-pribula-transfers-from-delaware-to-sacred-heart/65355912007/,0.0009189821843555288
zlib,member,https://www.ydr.com/story/news/local/2022/09/15/vandals-damaged-a-welcome-to-york-gateway-water-company-will-fix-it/69492561007/,0.0032913437585004733
zlib,member,https://www.ydr.com/story/news/local/2022/07/13/christmas-smile-in-july-offers-free-food-gifts-and-more-in-york/65371977007/,0.003191189273594746
zlib,member,https://www.ydr.com/story/news/crime/2022/09/07/strada-brothers-sentence-in-whispering-wind-bear-spirit-shooting-death/65466363007/,0.002345555666813551
zlib,member,https://www.ydr.com/story/opinion/2022/07/05/years-after-civil-war-york-surrendered-a-second-time-to-confederates/65367339007/,0.000840029881587629
zlib,member,https://www.ydr.com/story/news/politics/elections/2022/08/24/scott-perry-sues-department-of-justice-block-access-cellphone-jan-6-probe/65418234007/,0.0015201130833257229
zlib,member,https://www.ydr.com/story/news/2022/05/23/york-state-fair-2022-what-to-expect-concerts-prices-heroes-hall/65355495007/,0.0005481455928463482
zlib,member,https://www.ydr.com/story/sports/high-school/2022/07/15/nil-name-age-likeness-policy-pa-high-school-athletes-1-step-closer-to-deals-heres-how/65373478007/,0.0019792282073472214
zlib,member,https://www.ydr.com/story/sports/high-school/track/2022/05/20/district-3-track-and-field-results-from-day-1-in-shippensburg/65356535007/,0.0010884336075718227
zlib,member,https://www.ydr.com/story/news/crime/2022/08/19/former-york-city-police-officer-charged-sexual-abuse-teen-joseph-palmer/65411308007/,0.0016468025725202983
zlib,member,https://www.ydr.com/story/news/health/2022/08/23/wellspan-health-celebrates-ecmo-survivors/65410594007/,0.0015876655549939835
zlib,member,https://www.ydr.com/story/news/politics/elections/2022/07/20/u-s-rep-scott-perry-votes-in-favor-of-bill-to-protect-gay-marriage/65378069007/,0.0020113484532751904
zlib,member,https://www.ydr.com/story/sports/high-school/football/2022/07/11/dallastown-star-named-gametimepa-yaiaa-boys-athlete-of-the-year/65368843007/,0.0011563557551089846
zlib,member,https://www.ydr.com/story/sports/college/penn-state/football/2022/09/13/penn-state-big-ten-college-football-auburn-tigers-sec-drew-allar/69486532007/,0.0018761473473121047
zlib,member,https://www.ydr.com/story/opinion/2022/04/26/sen-regan-we-will-not-allow-satan-into-northern-york-county-schools/65352053007/,0.0018144415774689622
zlib,member,https://www.ydr.com/story/opinion/2022/05/24/southcentral-pa-teachers-influence-lasts-a-lifetime/65357368007/,0.0008689902702055879
zlib,member,https://www.ydr.com/story/news/politics/2022/04/24/primary-election-2022-47th-pa-state-house-seat-contested-republican-ticket/65350261007/,0.010574570884080658
zlib,member,https://www.ydr.com/story/news/2022/04/12/easter-traditions-in-central-pa-include-pysanky-eggs-and-easter-bread/65348709007/,0.0007906475705406814
zlib,member,https://www.ydr.com/restricted/?return=https%3A%2F%2Fwww.ydr.com%2Fstory%2Fnews%2Flocal%2F2022%2F04%2F20%2Fcan-after-school-satan-club-sue-northern-york-school-district-lucien-greaves%2F65351105007%2F,0.000679997462349579
zlib,member,https://www.ydr.com/story/sports/high-school/2022/09/12/yaiaa-sports-select-athletes-of-the-week-for-sept-5-to-sept-10/69487037007/,0.004861382568467368
zlib,member,https://www.ydr.com/story/news/2022/04/20/more-than-21000-tulips-are-near-full-bloom-at-hershey-gardens/65350850007/,0.0022865341911011343
zlib,member,https://www.ydr.com/story/news/local/2022/09/01/gas-prices-drop-below-4-dollars-gallon-at-some-stations-in-york-county/65466343007/,0.0020415649911975325
zlib,member,https://www.ydr.com/story/news/2022/06/13/christmas-assault-victim-barbara-laughman-west-manchester-township-encompass-health/65360603007/,0.004599650805166315
zlib,member,https://www.ydr.com/story/sports/college/penn-state/football/2022/04/12/penn-state-football-nittany-lions-add-demeioun-robinson-maryland-linebacker/65349874007/,0.0014053641457351038
zlib,member,https://www.ydr.com/restricted/?return=https%3A%2F%2Fwww.ydr.com%2Fstory%2Fnews%2F2022%2F05%2F09%2Fwestinghouse-atom-smasher-rots-away-in-a-pennsylvania-neighborhood%2F65352649007%2F,0.000679997462349579
zlib,member,https://www.ydr.com/story/news/watchdog/2022/05/20/pennsylvania-supreme-court-denies-request-appeal-york-county-prison-corrections-officers-taunting/65356543007/,0.0015704722053745896
zlib,member,https://www.ydr.com/story/sports/high-school/2022/05/27/piaa-track-and-field-chambersburgs-j-j-kelly-wins-triple-jump-title/65357639007/,0.000933422742242502
zlib,member,https://www.ydr.com/story/sports/college/penn-state/football/2022/07/21/penn-state-football-sexual-extortion-student-athletes-police/65377756007/,0.0022694663773744047
zlib,member,https://www.ydr.com/story/sports/high-school/football/2022/06/10/york-catholic-hires-longtime-assistant-brad-hayek-as-head-football-coach/65360074007/,0.0009634120942311833
zlib,member,https://www.ydr.com/story/news/crime/2022/04/06/pennsylvania-superior-court-permission-appeal-ex-southwestern-regional-police-officer-shooting/65348674007/,0.0016282645761553013
zlib,member,https://www.ydr.com/story/sports/college/penn-state/football/2022/09/01/penn-state-purdue-boilermakers-big-ten-live-scoring-updates/65465506007/,0.000519891881816325
zlib,member,https://www.ydr.com/story/news/health/2022/04/01/a-night-to-remember-those-lost-by-covid-with-1488-luminaries-in-york/65347724007/,0.0021815921349263084
zlib,member,https://www.ydr.com/story/news/crime/2022/09/13/one-dead-one-injured-in-reported-stabbing-in-springettsbury-township/69492968007/,0.0029547891807651253
zlib,member,https://www.ydr.com/story/sports/college/penn-state/football/2022/05/09/penn-state-nittany-lions-football-dani-dennis-sutton-defensive-lineman/65352114007/,0.0007754323408056471
zlib,member,https://www.ydr.com/story/news/crime/2022/08/08/5-people-found-unconscious-two-now-dead-in-york-county-pa-home/65396070007/,0.0026820925022156255
zlib,member,https://www.ydr.com/restricted/?return=https%3A%2F%2Fwww.ydr.com%2Fstory%2Fsports%2Fhigh-school%2Fbaseball%2F2022%2F05%2F24%2Fyork-high-baseball-dominican-republic-puerto-rico-york-revolution%2F65355801007%2F,0.0007656512823470954
zlib,member,https://www.ydr.com/restricted/?return=https%3A%2F%2Fwww.ydr.com%2Fstory%2Fnews%2Fwatchdog%2F2022%2F04%2F14%2Frobert-vicosa-murder-suicide-timeline-events-transparency%2F65349570007%2F,0.000679997462349579
zlib,member,https://www.ydr.com/story/news/2022/08/25/fundraiser-christine-fousek-rylee-reynolds-stewartstown-york-county/65419562007/,0.002630885878274845
zlib,member,https://www.ydr.com/story/sports/high-school/football/2022/09/02/central-pennsylvania-high-school-football-scoreboard-see-which-york-adams-teams-won-in-week-2/65468092007/,0.002125931242537849
zlib,member,https://www.ydr.com/story/sports/college/penn-state/football/2022/04/29/nfl-draft-penn-state-football-arnold-ebiketie-atlanta-falcons/65352157007/,0.0015913008961196866
zlib,member,https://www.ydr.com/story/news/2022/09/14/trans-siberian-orchestra-to-perform-2-concerts-in-hershey-in-december/69491582007/,0.0037759133619629836
zlib,member,https://www.ydr.com/story/news/crime/2022/09/14/one-dead-one-injured-in-reported-stabbing-in-springettsbury-township/69492968007/,0.002129076504276998
zlib,member,https://www.ydr.com/story/news/politics/elections/2022/08/17/democrat-shamaine-daniels-poll-shows-lead-over-rep-scott-perry/65404028007/,0.001392020841480128
zlib,member,https://www.ydr.com/story/news/2022/05/18/york-county-2022-democratic-republican-primary-race-results-today/65355341007/,0.0021751718990780607
zlib,member,https://www.ydr.com/story/news/crime/2022/09/13/york-county-coroner-identifies-man-who-died-after-weekend-shooting-in-city/69491367007/,0.0024301664672339565
zlib,member,https://www.ydr.com/story/news/crime/2022/04/27/man-pleads-no-contest-third-degree-murder-deadly-shooting-west-manheim-township-york-county/65352283007/,0.001016460730122988
zlib,member,https://www.ydr.com/story/news/crime/2022/05/26/former-northern-york-county-regional-police-chief-facing-dui-charges/65357632007/,0.0015098416493407563
zlib,member,https://www.ydr.com/story/news/2022/07/05/teen-dies-4-injured-single-vehicle-crash-near-littlestown-adams-county-pa-july-4/65367258007/,0.002628407096456636
zlib,member,https://www.ydr.com/story/news/2022/04/13/conor-lamb-senate-race-says-record-over-john-fetterman/65348890007/,0.0006039331747318278
zlib,member,https://www.ydr.com/story/sports/high-school/football/2022/09/08/central-pa-high-school-football-live-scoreboard-from-week-3-yaiaa-ll-league-mid-penn-conference/66862778007/,0.005226200137419825
zlib,member,https://www.ydr.com/story/news/2022/05/10/real-id-in-pa-with-deadline-approaching-heres-what-you-need-to-know/65353960007/,0.0007894650177733136
zlib,member,https://www.ydr.com/story/sports/college/penn-state/football/2022/04/29/penn-state-ad-patrick-kraft-confirmed-friday/65352557007/,0.0017337358813216835
zlib,member,https://www.ydr.com/story/news/crime/2022/05/27/daiquan-dickerson-sentenced-life-prison-murdering-dover-area-high-school-student-emily-shoemaker/65356726007/,0.0009918957223744938
zlib,member,https://www.ydr.com/story/sports/high-school/2022/06/27/award-winning-kennard-dale-powerlifting-coach-steps-down/65362716007/,0.0006716675558311419
zlib,member,https://www.ydr.com/story/sports/college/penn-state/football/2022/07/01/college-football-usc-ucla-joining-penn-state-big-ten/65366000007/,0.0013472055134528542
zlib,member,https://www.ydr.com/story/sports/high-school/softball/2022/05/26/district-3-softball-championships-results-scores-from-each-round/65357552007/,0.0013201550682579051
zlib,member,https://www.ydr.com/story/news/2022/05/20/police-investigating-shooting-west-manchester-west-york-auto-spa-express/65356744007/,0.002713204338414141
zlib,member,https://www.ydr.com/story/news/2022/06/07/philadelphia-man-sedition-charges-u-s-capitol-insurrection/65359583007/,0.0011129068718413136
zlib,member,https://www.ydr.com/story/news/2022/08/11/hundreds-turn-out-to-protest-the-re-use-of-york-county-landfill/65398396007/,0.0010124214950729135
zlib,member,https://www.ydr.com/story/news/crime/2022/08/19/takanii-beatty-gets-prison-time-for-york-rape-prostitution-case/65405818007/,0.0019248350647446395
zlib,member,https://www.ydr.com/restricted/?return=https%3A%2F%2Fwww.ydr.com%2Fstory%2Fnews%2F2022%2F06%2F14%2Fwill-pennsylvania-make-it-easier-for-teachers-to-carry-guns%2F65360505007%2F,0.000854829885704974
zlib,member,https://www.ydr.com/story/news/local/2022/08/16/lawsuit-louis-appell-iii-filed-against-ufd-founders-settled/65395849007/,0.0016516910139893809
zlib,member,https://www.ydr.com/story/news/2022/08/01/york-pa-three-alarm-fire-destroys-vacant-home-east-mason-avenue/65387808007/,0.0025695921999349513
zlib,member,https://www.ydr.com/story/news/2022/08/09/pa-cuts-corporate-net-income-tax-nearly-in-half/65396041007/,0.002717104457955472
zlib,member,https://www.ydr.com/story/news/local/2022/06/27/six-york-county-restaurants-out-of-compliance-inspections-dirty-kitchens/65361708007/,0.0004326013208702216
zlib,member,https://www.ydr.com/story/news/2022/05/27/weather-alert-storms-flash-floods-possible-tornado-central-pa/65357673007/,0.002036162026006459
zlib,member,https://www.ydr.com/story/news/politics/2022/04/24/voters-guide-2022-10th-congressional-race-in-pennsylvania/65350260007/,0.01015040719416902
zlib,member,https://www.ydr.com/story/news/crime/2022/04/28/york-county-victims-rights-coalition-march-vigil-trauma-support/65352197007/,0.001535257560674728
zlib,member,https://www.ydr.com/story/news/politics/2022/04/24/primary-election-2022-two-republicans-vying-pa-169th-state-house-seat/65350263007/,0.014105972706496647
zlib,member,https://www.ydr.com/restricted/?return=https%3A%2F%2Fwww.ydr.com%2Fstory%2Fnews%2F2022%2F05%2F03%2Fa-developer-has-big-plans-for-former-memorial-hospital-site%2F65352173007%2F,0.000679997462349579
zlib,member,https://www.ydr.com/story/opinion/2022/07/15/the-long-road-to-vindication-for-officer-clayton-swartz-opinion/65374340007/,0.0008854169715972426
zlib,member,https://www.ydr.com/story/sports/high-school/tennis-girls/2022/04/29/yaiaa-tennis-which-players-are-still-alive-for-championships/65352612007/,0.004477867424173881
zlib,member,https://www.ydr.com/story/sports/college/penn-state/football/2022/09/18/penn-state-football-nick-singleton-auburn-tigers-big-ten-sec/69494656007/,0.0009997075076922629
zlib,member,https://www.ydr.com/story/news/2022/06/22/american-idol-finalist-huntergirl-york-state-fair-july-29/65362462007/,0.0029373687392978977
zlib,member,https://www.ydr.com/story/news/crime/2022/05/16/york-activists-dog-and-car-stolen-begs-thief-to-return-pet-safely/65355772007/,0.0022689806628036283
zlib,member,https://www.ydr.com/story/news/2022/04/18/mollys-courtyard-cafe-york-to-close-and-new-cafe-reopens-in-june/65349885007/,0.0012535140122085968
zlib,member,https://www.ydr.com/story/news/2022/06/29/co-defendant-in-dover-student-emily-shoemakers-murder-sentenced/65364373007/,0.0017467210989676736
zlib,member,https://www.ydr.com/restricted/?return=https%3A%2F%2Fwww.ydr.com%2Fstory%2Flife%2Ffood%2F2022%2F05%2F16%2Ffarms-in-york-county-offer-home-deliveries%2F65352137007%2F,0.000679997462349579
zlib,member,https://www.ydr.com/story/news/local/2022/06/10/york-county-police-partner-with-logos-on-public-safety-collaboration/65359772007/,0.0018542614967643764
zlib,member,https://www.ydr.com/story/opinion/2022/08/02/st-lukes-lutheran-church-celebrates-250-anniversary-in-southern-york-county/65389486007/,0.0008288360565456959
zlib,member,https://www.ydr.com/restricted/?return=https%3A%2F%2Fwww.ydr.com%2Fin-depth%2Fnews%2F2022%2F06%2F13%2Factivism-social-justice-york-most-influential-people%2F65351407007%2F,0.000854829885704974
zlib,member,https://www.ydr.com/story/news/local/2022/05/31/murder-suicide-victim-erin-walker-remembered-at-central-memorial/65358157007/,0.0014707495073353857
zlib,member,https://www.ydr.com/story/news/local/2022/07/21/york-mayor-michael-helfrich-oath-of-office-decision-appealed-to-superior-court/65377376007/,0.0021518739976015707
zlib,member,https://www.ydr.com/restricted/?return=https%3A%2F%2Fwww.ydr.com%2Fstory%2Fnews%2F2022%2F05%2F12%2Fparents-at-northeastern-school-district-fed-up-with-bullying%2F65351444007%2F,0.000679997462349579
zlib,member,https://www.ydr.com/story/sports/high-school/football/2022/09/08/red-lion-high-school-garrett-coppersmith-makes-record-breaking-kick/66745861007/,0.0008421550687196464
zlib,member,https://www.ydr.com/story/sports/high-school/football/2022/06/17/eric-depew-hired-as-red-land-football-coach-after-leaving-york-catholic/65361664007/,0.0008217838306773883
zlib,member,https://www.ydr.com/story/news/2022/09/13/emt-struck-by-truck-in-downtown-york/69493220007/,0.007482983969236659
zlib,member,https://www.ydr.com/story/news/watchdog/2022/05/20/york-daily-record-takes-district-attorney-to-court-in-vicosa-case/65355306007/,0.0009693212371911571
zlib,member,https://www.ydr.com/story/sports/2022/06/24/michigans-eli-brooks-signs-summer-league-contract-with-indiana-pacers/65363446007/,0.0019182709162175334
zlib,member,https://www.ydr.com/restricted/?return=https%3A%2F%2Fwww.ydr.com%2Fstory%2Fsports%2Fhigh-school%2F2022%2F04%2F04%2Fyork-adams-players-watch-district-state-high-school-sports-yaiaa%2F65347631007%2F,0.000679997462349579
zlib,member,https://www.ydr.com/story/news/2022/05/19/harley-davidson-york-county-pa-springettsbury-township-suspends-operations/65356500007/,0.002731387247426006
zlib,member,https://www.ydr.com/restricted/?return=https%3A%2F%2Fwww.ydr.com%2Fstory%2Fsports%2Fhigh-school%2Ffootball%2F2022%2F05%2F11%2Fcoach-russ-stoner-goes-beyond-football-for-city-of-york-school-district%2F65350937007%2F,0.000679997462349579
zlib,member,https://www.ydr.com/story/news/2022/05/11/york-county-911-holding-recruitment-drive-to-fill-15-open-positions/65354635007/,0.0015306983625871149
zlib,member,https://www.ydr.com/story/news/2022/06/03/central-pa-bars-taverns-facing-beer-shortage/65358543007/,0.001648499263771913
zlib,member,https://www.ydr.com/story/sports/college/2022/04/02/trinity-thomas-leads-florida-to-third-highest-gymnastic-total-in-ncaa/65347768007/,0.0018839836369975963
zlib,member,https://www.ydr.com/restricted/?return=https%3A%2F%2Fwww.ydr.com%2Fstory%2Fnews%2F2022%2F05%2F16%2Fyork-county-restaurant-inspections-engine-oil-bottle-found-in-food-area-meat-not-covered%2F65354936007%2F,0.000679997462349579
zlib,member,https://www.ydr.com/story/news/crime/2022/05/24/spring-garden-police-press-conference-central-york-high-school-teacher-fatal-shooting/65357296007/,0.004344946365845731
zlib,member,https://www.ydr.com/story/sports/high-school/basketball-girls/2022/05/02/jim-kunkle-resigns-as-west-york-area-high-school-girls-basketball-coach/65353118007/,0.001114013356549963
zlib,member,https://www.ydr.com/story/opinion/2022/09/13/2022-dorrie-leader-award-recipient-lizaida-morales/69492274007/,0.0007743688143901691
zlib,member,https://www.ydr.com/story/news/2022/05/24/celebrate-national-wine-day-with-mark-and-vals-wine-in-york/65356572007/,0.0010662725448060365
zlib,member,https://www.ydr.com/story/sports/high-school/football/2022/09/06/yaiaa-sports-select-athletes-of-the-week-foraug-29-to-sept-3/65475033007/,0.005364412882183666
zlib,member,https://www.ydr.com/story/sports/college/penn-state/football/2022/04/20/penn-state-blue-white-football-game-2022-james-franklin-nick-singleton/65350805007/,0.0009224024294483761
zlib,member,https://www.ydr.com/story/sports/high-school/2022/05/31/high-school-sports-select-final-yaiaa-athletes-of-week-for-2021-22/65358283007/,0.0054859607492333306
zlib,member,https://www.ydr.com/story/news/politics/2022/04/25/pa-voters-guide-2022-where-the-primary-candidates-stand/65350980007/,0.0011723420947793229
zlib,member,https://www.ydr.com/story/news/local/community/2022/07/27/russia-ukraine-war-antonina-kovalenko-emigsville-george-hay-kain/65381771007/,0.0013435823995001657
zlib,member,https://www.ydr.com/story/sports/nfl/2022/04/25/bruce-arians-retirement-nfl-coach-tampa-bay-health-tom-brady/65348336007/,0.0008329475774469714
zlib,member,https://www.ydr.com/story/news/local/2022/08/15/route-30-pa-crash-claims-the-life-of-one-york-township-woman/65403368007/,0.002843025943113821
zlib,member,https://www.ydr.com/story/news/local/2022/05/31/york-police-offer-form-for-residents-that-suffer-from-mental-illness/65357719007/,0.0015616646547377397
zlib,member,https://www.ydr.com/story/news/2022/08/11/congressman-scott-perry-pa-10th-district-fbi-investigation/65399207007/,0.0011110858257097533
zlib,member,https://www.ydr.com/story/news/politics/2022/09/15/mastriano-education-plan-would-cut-school-funding-by-12b-union-says/69495468007/,0.001334413897859417
zlib,member,https://www.ydr.com/story/news/2022/04/07/life-with-alopecia-is-an-emotional-roller-coaster/65348435007/,0.0008317070526023478
zlib,member,https://www.ydr.com/story/sports/outdoors/2022/09/01/trout-stocking-hatcheries-pa-fish-boat-commission/65462285007/,0.0007727632870045645
zlib,member,https://www.ydr.com/story/news/2022/06/10/osha-investigating-after-workers-fall-in-chocolate-tank-lancaster-pennsylvania-factory/65360110007/,0.0026251195807199257
zlib,member,https://www.ydr.com/story/news/2022/05/26/distinguished-young-women-of-york-county-to-award-scholarships/65357279007/,0.0016103692215579503
zlib,member,https://www.ydr.com/story/news/politics/2022/04/05/primary-2022-who-is-running-for-office-in-central-pa/65346540007/,0.0005859019792866235
zlib,member,https://www.ydr.com/story/opinion/2022/04/06/sen-mike-regan-its-time-to-legalize-adult-use-marijuana-in-pa/65348677007/,0.0013392784258173935
zlib,member,https://www.ydr.com/story/news/local/2022/09/07/problem-solver-studios-in-west-york-offers-safe-space-for-music-artists/65458109007/,0.0011927884014799504
zlib,member,https://www.ydr.com/story/news/local/2022/07/13/video-helps-york-police-arrest-jaquez-brown-in-killing-of-shaheim-carr/65372942007/,0.0010103350713643955
zlib,member,https://www.ydr.com/story/news/2022/07/08/wildcat-roller-coaster-hershey-park-closing-rmc-coasters/65369486007/,0.003045771902761573
zlib,member,https://www.ydr.com/story/news/2022/05/17/primary-day-in-pennsylvania-what-you-need-to-know-about-the-polls-last-minute-mail-ballots/65352112007/,0.0007829312593872266
zlib,member,https://www.ydr.com/story/news/politics/2022/04/14/pa-governors-race-doug-mastriano-leading-election-denier/65349168007/,0.0010892579795807988
zlib,member,https://www.ydr.com/story/news/2022/06/10/scott-perry-sought-presidential-pardon-january-6-insurrection-capitol-attack-liz-cheney/65360025007/,0.002304876348503199
zlib,member,https://www.ydr.com/story/sports/high-school/lacrosse-boys/2022/05/16/yaiaa-boys-lacrosse-coaches-name-2022-all-stars-players-of-the-year/65355776007/,0.0018686587776503972
zlib,member,https://www.ydr.com/restricted/?return=https%3A%2F%2Fwww.ydr.com%2Fstory%2Fsports%2Fhigh-school%2F2022%2F04%2F05%2Fyork-adams-players-watch-district-state-high-school-sports-yaiaa%2F65347631007%2F,0.000679997462349579
zlib,member,https://www.ydr.com/restricted/?return=https%3A%2F%2Fwww.ydr.com%2Fstory%2Fnews%2F2022%2F05%2F09%2Fcould-mental-health-experts-prevented-killing-of-lebanon-police-lt-william-lebo%2F65352523007%2F,0.000679997462349579
zlib,member,https://www.ydr.com/story/news/local/2022/08/03/york-xl-york-county-food-bank-seek-grants-from-gannett-community-thrives/65385659007/,0.002359902858991011
zlib,member,https://www.ydr.com/story/news/2022/06/07/baltimore-county-md-collector-chad-shapiro-has-thomas-edison-light-bulbs/65352109007/,0.001175282722745193
zlib,member,https://www.ydr.com/story/opinion/2022/06/15/york-countys-conspiracy-of-1803-a-troubling-story/65361114007/,0.0007628933246375178
zlib,member,https://www.ydr.com/story/sports/high-school/basketball-girls/2022/04/18/dallastowns-dshantae-edwards-commits-to-bethune-cookman-basketball/65350270007/,0.0009957261791274398
zlib,member,https://www.ydr.com/restricted/?return=https%3A%2F%2Fwww.ydr.com%2Fstory%2Fsports%2Fhigh-school%2F2022%2F06%2F21%2Fgettysburg-athletics-should-the-yaiaa-be-ok-with-move-to-mid-penn%2F65361026007%2F,0.0009465055677502668
zlib,member,https://www.ydr.com/story/news/2022/04/01/lebanon-city-police-officer-lebo-shooting-timeline-travis-shaud/65347767007/,0.001773207308124929
zlib,member,https://www.ydr.com/story/news/2022/07/27/former-superfund-site-in-hopewell-twp-could-be-reopened-as-landfill/65382901007/,0.0013229181444640034
zlib,member,https://www.ydr.com/restricted/?return=https%3A%2F%2Fwww.ydr.com%2Fstory%2Fnews%2F2022%2F04%2F05%2Fnew-pizza-shop-opens-in-york-as-an-old-favorite-returns%2F65347318007%2F,0.000679997462349579
zlib,member,https://www.ydr.com/story/news/local/2022/08/31/united-steelworkers-union-gives-notice-of-strike-to-bae-systems-in-york/65464768007/,0.0019083187743020075
zlib,member,https://www.ydr.com/story/news/2022/06/16/first-black-owned-gettysburg-the-keystone-inn-bed-breakfast/65354942007/,0.0011846134231383717
zlib,member,https://www.ydr.com/story/news/traffic/2022/08/29/route-462-market-street-by-interstate-83-to-close-five-weeks-for-bridge-replacement/65417738007/,0.0009949325839956464
zlib,member,https://www.ydr.com/restricted/?return=https%3A%2F%2Fwww.ydr.com%2Fstory%2Fnews%2Flocal%2F2022%2F06%2F02%2Fconfidential-settlement-lawsuits-deaths-two-york-city-firefighters-ivan-flanscha-zachary-anthony%2F65357792007%2F,0.0006189343665043
zlib,member,https://www.ydr.com/story/money/business/2022/07/17/best-of-the-best-awards-to-honor-the-finest-of-york-county/65373475007/,0.0028880910446254736
zlib,member,https://www.ydr.com/story/news/politics/elections/2022/07/06/pa-coronavirus-deaths-doug-mastriano-republican-governor-race-josh-shapiro/65367847007/,0.0006019517472735845
zlib,member,https://www.ydr.com/story/news/crime/2022/09/01/former-east-manchester-township-manager-gene-david-gentzler-kidnapping-sentenced-to-prison/65462077007/,0.0026314047785087297
zlib,member,https://www.ydr.com/story/sports/college/2022/04/16/florida-falls-short-ncaa-gymnastics-title-trinity-thomas-scores-perfect-10-west-york/65350392007/,0.0016813728751265474
zlib,member,https://www.ydr.com/story/opinion/2022/04/29/sen-mike-regan-legally-wrong-in-stand-against-after-school-club-satan/65352613007/,0.0010106319924579265
zlib,member,https://www.ydr.com/restricted/?return=https%3A%2F%2Fwww.ydr.com%2Fstory%2Fnews%2F2022%2F05%2F04%2Fcomings-and-goings-popular-taco-place-returns-bar-and-grill-closes%2F65353557007%2F,0.000679997462349579
zlib,member,https://www.ydr.com/story/news/2022/06/13/york-state-fair-pa-toby-keith-tour-cancels-concert-july/65360563007/,0.003238073553970359
zlib,member,https://www.ydr.com/story/news/2022/06/14/chanceford-township-york-county-pa-teen-dies-from-injuries-in-crash-at-i-83-and-route-30-wellspan/65360665007/,0.0037425456338636433
zlib,member,https://www.ydr.com/story/news/local/2022/04/06/pennsylvania-state-police-settle-profiling-immigration-lawsuit/65348777007/,0.0008896342535411867
zlib,member,https://www.ydr.com/story/life/food/2022/05/25/york-county-restaurants-guide-for-dining-outside-coffee-bakeries/65357297007/,0.001697231626056105
zlib,member,https://www.ydr.com/story/news/local/2022/08/15/william-goodridge-statue-is-first-in-york-to-honor-african-americans/65400442007/,0.0015561838073250283
zlib,member,https://www.ydr.com/story/sports/high-school/baseball/2022/06/06/coastal-carolina-baseball-nick-parker-shut-out-east-carolina-ncaa-regional/65358918007/,0.0012664572176422613
zlib,member,https://www.ydr.com/story/sports/high-school/2022/05/28/piaa-track-spring-groves-laila-campbell-claims-two-gold-medals-again/65357640007/,0.0007255377447895872
zlib,member,https://www.ydr.com/story/news/2022/08/01/york-state-fair-2022-sees-sharp-attendance-drop-hot-weather-blamed/65388258007/,0.0015366651633434369
zlib,member,https://www.ydr.com/restricted/?return=https%3A%2F%2Fwww.ydr.com%2Fstory%2Fnews%2Fwatchdog%2F2022%2F05%2F25%2Fman-pleads-guilty-third-degree-murder-deadly-interstate-83-crash%2F65357260007%2F,0.0007656512823470954
zlib,member,https://www.ydr.com/story/life/2022/06/23/102-year-old-retired-teacher-shares-memories-at-susquehannock-high/65362172007/,0.0011788669760622876
zlib,member,https://www.ydr.com/story/news/crime/2022/05/22/one-injured-in-shooting-at-walmart-in-newberry-township-york-county/65356844007/,0.0019278065745930168
zlib,member,https://www.ydr.com/story/news/local/2022/07/06/york-county-pa-single-vehicle-crash-one-woman-killed-lower-chanceford-township/65367755007/,0.0026162121632629194
zlib,member,https://www.ydr.com/story/news/local/2022/05/03/crown-act-would-bar-discrimination-of-race-based-hairstyles-in-york/65353530007/,0.0014906128779371556
zlib,member,https://www.ydr.com/story/sports/high-school/baseball/2022/06/14/yaiaa-baseball-coaches-name-2022-league-all-stars-players-of-the-year/65360678007/,0.0008568197783151547
zlib,member,https://www.ydr.com/story/news/crime/2022/06/06/york-woman-arrested-stole-car-with-toddler-inside/65358916007/,0.0017071923664970826
zlib,member,https://www.ydr.com/story/news/2022/06/07/gas-prices-in-central-pa-surpass-5-a-gallon-at-some-stations/65359220007/,0.0009008322122080995
zlib,member,https://www.ydr.com/story/news/history/gettysburg/2022/04/06/thaddeus-stevens-gets-a-statue-from-his-fan-club-in-gettysburg/65348341007/,0.001048844613476063
zlib,member,https://www.ydr.com/story/news/local/2022/06/03/pedal-4-peace-wavecrave365-operating-in-condemned-building-closed-for-now/65358672007/,0.0015934313106307641
zlib,member,https://www.ydr.com/story/news/politics/2022/05/18/keith-gillespie-stan-saylor-lose-pa-house-seats-in-gop-primary/65355136007/,0.0007353417221472283
zlib,member,https://www.ydr.com/in-depth/news/2022/05/24/saving-york-street-by-street-the-unsung-people-helping-our-hometown/65351134007/,0.001346937425189761
zlib,member,https://www.ydr.com/story/opinion/2022/04/21/opinion-legalizing-marijuana-in-pa-is-a-dangerous-idea/65351230007/,0.0020413236114151354
zlib,member,https://www.ydr.com/story/sports/college/penn-state/football/2022/07/19/penn-state-football-parecruiting-surge-in-big-ten-london-montgomery/65372327007/,0.001224436093075283
zlib,member,https://www.ydr.com/restricted/?return=https%3A%2F%2Fwww.ydr.com%2Fstory%2Fnews%2Fwatchdog%2F2022%2F05%2F04%2Fnew-federal-guidance-juvenile-justice-reform-act-of-2018%2F65352687007%2F,0.000679997462349579
zlib,member,https://www.ydr.com/story/sports/high-school/2022/05/16/athletes-of-the-week-select-the-latest-yaiaa-winners/65355822007/,0.004235327257316389
zlib,member,https://www.ydr.com/story/sports/high-school/2022/08/26/central-pa-football-scores-highlights-from-week-1-yaiaa-ll-league-mid-penn-conference/65420337007/,0.005703682335840462
zlib,member,https://www.ydr.com/story/opinion/2022/07/13/articles-of-confederation-crafters-sentenced-1st-constitution-to-short-life/65373089007/,0.000900162927057444
zlib,member,https://www.ydr.com/story/sports/high-school/2022/05/02/york-adams-athletes-select-this-weeks-top-performers-in-online-polls/65353164007/,0.004777925110385952
zlib,member,https://www.ydr.com/story/news/2022/04/05/dillsburg-halal-meats-suspended-after-usda-observes-mishandling-of-lamb/65348320007/,0.001772772625725845
zlib,member,https://www.ydr.com/restricted/?return=https%3A%2F%2Fwww.ydr.com%2Fstory%2Fnews%2F2022%2F06%2F21%2Fdallastown-area-high-school-and-alumni-to-perform-mamma-mia-two-years-after-covid-shutdown%2F65360132007%2F,0.0009465055677502668
zlib,member,https://www.ydr.com/story/news/crime/2022/04/18/york-city-struggles-for-answers-in-wake-of-continued-gun-violence/65347686007/,0.001086905092202464
zlib,member,https://www.ydr.com/story/news/local/2022/08/22/york-county-pa-history-center-construction-underway-site-from-first-power-station/65406643007/,0.0026237272563834502
zlib,member,https://www.ydr.com/story/life/2022/05/23/red-lion-senior-high-school-offers-student-run-cafe/65355189007/,0.0019017565374400585
zlib,member,https://www.ydr.com/restricted/?return=https%3A%2F%2Fwww.ydr.com%2Fstory%2Fsports%2Fhigh-school%2F2022%2F05%2F17%2Fthe-district-3-playoffs-are-here-these-are-the-top-athletes-to-watch%2F65355261007%2F,0.000679997462349579
zlib,member,https://www.ydr.com/story/sports/high-school/football/2022/08/31/central-pa-high-school-football-scoreboard-results-from-week-2-yaiaa-ll-league-mid-penn-conference/65465990007/,0.005002705657469459
zlib,member,https://www.ydr.com/story/news/local/2022/06/27/sheetz-lowers-some-gas-prices-in-pennsylvania-for-july-4th-holiday/65364124007/,0.001843886463888914
zlib,member,https://www.ydr.com/story/money/companies/2022/09/12/refillism-store-in-york-boosts-access-to-eco-friendly-lifestyle/68221522007/,0.0008937515280150546
zlib,member,https://www.ydr.com/story/news/local/2022/04/04/dover-area-northern-york-county-pa-teen-dies-car-crash/65348254007/,0.0015123064830855119
zlib,member,https://www.ydr.com/story/news/crime/2022/08/10/kimberly-metz-sentenced-in-willmar-santos-batista-fathers-day-york-murder/65394957007/,0.001509409381223657
zlib,member,https://www.ydr.com/story/sports/high-school/football/2022/09/16/central-pa-high-school-football-live-scoreboard-week-4-yaiaa-ll-league-mid-penn-conference/69496403007/,0.005252204884046371
zlib,member,https://www.ydr.com/story/news/local/2022/08/04/tractor-crash-in-york-county-results-another-death-4-year-old-boy-jeffrey-ryan-fisher/65391877007/,0.0021492543279230804
zlib,member,https://www.ydr.com/story/news/2022/04/06/route-30-adams-county-crash-claims-the-life-of-york-haven-man/65348639007/,0.004057784060090027
zlib,member,https://www.ydr.com/story/news/local/2022/04/21/york-county-judge-hears-argument-petition-seeking-disqualification-york-mayor-michael-helfrich/65351027007/,0.000909967214473775
zlib,member,https://www.ydr.com/restricted/?return=https%3A%2F%2Fwww.ydr.com%2Fstory%2Fnews%2F2022%2F06%2F09%2Fcomings-and-goings-downtown-york-gets-a-number-of-new-businesses%2F65359731007%2F,0.0007842940881435794
zlib,member,https://www.ydr.com/story/news/local/2022/08/24/live-band-members-and-bill-hynes-get-lawsuit-for-think-loud-studio-property/65404659007/,0.0010788986968257586
zlib,member,https://www.ydr.com/story/news/2022/06/16/tornado-watch-issued-for-central-pennsylvania-national-weather-service/65361497007/,0.005412115077894422
zlib,member,https://www.ydr.com/story/news/crime/2022/05/23/central-york-teacher-killed-in-murder-suicide-in-spring-garden-township/65357189007/,0.001953353741508124
zlib,member,https://www.ydr.com/story/news/2022/04/26/pennsylvanias-child-welfare-system-needs-to-be-reformed/65351885007/,0.0010800127984204348
zlib,member,https://www.ydr.com/story/opinion/2022/09/06/question-for-pennsylvania-child-welfare-how-can-more-children-be-saved/65463989007/,0.0006244079598660207
zlib,member,https://www.ydr.com/story/sports/high-school/2022/06/06/piaa-championships-first-round-results-from-baseball-softball-playoffs/65359199007/,0.0031413591362619486
zlib,member,https://www.ydr.com/story/news/crime/2022/05/12/child-abuse-york-county-man-submerged-2-year-olds-hand-in-hot-water/65355049007/,0.0013257960200665634
zlib,member,https://www.ydr.com/story/sports/college/penn-state/football/2022/08/25/penn-state-football-nittany-lions-jiayir-brown-tig-big-ten/65399007007/,0.0009890487320657051
zlib,member,https://www.ydr.com/story/news/local/2022/04/19/satanist-club-proposal-to-northern-york-county-school-district-board/65350967007/,0.0013317031658992519
zlib,member,https://www.ydr.com/story/news/2022/05/25/why-you-will-pay-400-for-a-bushel-of-blue-crabs-summer-2022-in-pa/65357266007/,0.0006783225340615819
zlib,member,https://www.ydr.com/story/news/2022/08/10/hershey-chocolate-enough-candy-halloween-but-it-will-cost-more/65395842007/,0.0016231683806973898
zlib,member,https://www.ydr.com/story/news/2022/05/10/pa-gas-prices-rise-new-record-high-dwindling-supplies/65353817007/,0.001036674075815937
zlib,member,https://www.ydr.com/story/news/local/2022/06/27/hanover-area-may-soon-get-a-wawa-first-in-york-county-pa/65363962007/,0.002385303917572624
zlib,member,https://www.ydr.com/story/news/2022/06/14/saving-york-street-by-street-read-about-heroes-york-pa/65360879007/,0.0010317149448076858
zlib,member,https://www.ydr.com/story/news/2022/08/10/after-yorkfest-was-canceled-again-local-artists-stepped-up-yorks-art-week/65396122007/,0.00214642464062753
zlib,member,https://www.ydr.com/story/sports/college/penn-state/football/2022/09/11/ncaa-college-football-penn-state-ohio-bobcats-nicholas-singleton-drew-allar/66789648007/,0.0011539372415673426
zlib,member,https://www.ydr.com/story/news/2022/05/05/voter-intimidation-delayed-primary-results-possible-pa-official-says/65353837007/,0.0016927889981599115
zlib,member,https://www.ydr.com/story/news/local/2022/07/14/york-water-co-seeks-31-percent-rate-hike-puc-to-investigate/65373927007/,0.002095794024542428
zlib,member,https://www.ydr.com/story/opinion/2022/04/18/this-war-is-partly-about-russian-vs-ukrainian-language/65350841007/,0.0011081853712254478
zlib,member,https://www.ydr.com/story/news/crime/2022/05/26/man-sentenced-prison-aggravated-animal-cruelty-york-county/65356698007/,0.0023170810990192337
zlib,member,https://www.ydr.com/story/news/crime/2022/07/07/york-settles-with-officer-clayton-swartz-joking-george-floyd-murder/65368943007/,0.0012019524505222253
zlib,member,https://www.ydr.com/story/sports/high-school/2022/05/18/yaiaa-tournament-winners-from-volleyball-baseball-softball/65355964007/,0.0040708118251364
zlib,member,https://www.ydr.com/story/news/2022/04/14/pa-republican-jeff-bartos-is-running-for-u-s-senate-on-kitchen-table-issues/65348985007/,0.0006527819415725148
zlib,member,https://www.ydr.com/story/news/local/2022/07/05/central-pennsylvania-teen-opens-up-ice-cream-shop-with-unusual-flavors/65364068007/,0.0010973938821178713
zlib,member,https://www.ydr.com/restricted/?return=https%3A%2F%2Fwww.ydr.com%2Fstory%2Fnews%2F2022%2F06%2F13%2Farchetype-pizza-in-downtown-york-to-open-june%2F65359889007%2F,0.000854829885704974
zlib,member,https://www.ydr.com/story/news/local/2022/08/15/york-county-pa-man-dies-suspected-carbon-monoxide-poisoning-car-accidentally-left-running-garage/65403627007/,0.005090153066422415
zlib,member,https://www.ydr.com/story/news/2022/05/10/meltdown-three-mile-island-airs-on-netflix/65353510007/,0.0023270843500620354
zlib,member,https://www.ydr.com/story/news/politics/2022/07/08/pa-lawmakers-agree-to-spend-billions-in-stimulus-money-in-budget/65369988007/,0.0008927929376368703
zlib,member,https://www.ydr.com/story/sports/high-school/baseball/2022/06/13/piaa-baseball-everett-tops-delone-in-class-2a-semifinals/65360511007/,0.0011593115997428577
zlib,member,https://www.ydr.com/story/sports/high-school/football/2022/08/23/yaiaa-football-2022-preview-here-are-the-games-to-watch/65409917007/,0.0008982688734760023
zlib,member,https://www.ydr.com/story/sports/outdoors/2022/05/19/gifford-pinchot-state-park-offers-camping-boating-fishing-hiking/65355940007/,0.0009537009884478932
zlib,member,https://www.ydr.com/story/news/2022/04/12/conor-lamb-senate-race-says-record-over-john-fetterman/65348890007/,0.0006039331747318278
zlib,member,https://www.ydr.com/story/news/politics/2022/04/06/heres-how-charlie-gerow-is-standing-out-in-the-pa-gop-governor-race/65347892007/,0.0010487629616756852
zlib,member,https://www.ydr.com/story/sports/high-school/basketball-boys/2022/05/07/susquehannocks-jalen-franklin-makes-class-5a-all-state-basketball-team/65354032007/,0.0007255804699541095
zlib,member,https://www.ydr.com/story/news/2022/05/03/5-5-million-purchase-saves-mifflin-house-an-underground-railroad-site/65352510007/,0.0007971955376072382
zlib,member,https://www.ydr.com/story/news/2022/09/12/pennsylvania-turnpike-why-millions-of-dollars-are-owed-in-unpaid-tolls/65384329007/,0.0006821434953298748
zlib,member,https://www.ydr.com/restricted/?return=https%3A%2F%2Fwww.ydr.com%2Fstory%2Fnews%2Fwatchdog%2F2022%2F04%2F22%2Fdante-mullinix-billboard-blames-york-county-for-death-of-2-year-old%2F65351181007%2F,0.000679997462349579
zlib,member,https://www.ydr.com/story/news/2022/06/15/volunteer-fire-departments-struggle-to-recruit-worry-about-response-times/65353542007/,0.0016041950221637028
zlib,member,https://www.ydr.com/story/news/2022/06/21/red-lion-man-dies-in-single-vehicle-crash-over-the-weekend-york-county/65362165007/,0.003568792121610263
zlib,member,https://www.ydr.com/story/news/crime/2022/05/11/medical-marijuana-is-a-schedule-1-controlled-substance-in-pa-court/65354517007/,0.0007287984203392873
zlib,member,https://www.ydr.com/story/news/2022/06/16/local-fireworks-york-harrisburg-gettysburg-lancaster-pennsylvania/65358665007/,0.0007700909398253914
zlib,member,https://www.ydr.com/story/news/2022/07/22/york-father-says-sesame-place-character-snubbed-his-black-daughter/65379052007/,0.0008608911194965689
zlib,member,https://www.ydr.com/story/news/crime/2022/05/13/teen-pleads-guilty-third-degree-murder-prison-accomplice-deadly-shooting-york/65354698007/,0.001577582997501729
zlib,member,https://www.ydr.com/story/opinion/2022/05/27/how-we-can-solve-pas-behavioral-health-care-crisis/65357753007/,0.0013272141903486203
zlib,member,https://www.ydr.com/story/news/crime/2022/05/26/york-city-police-pa-investigating-a-homicide-involving-possible-trespasser/65357571007/,0.0020921494146633767
zlib,member,https://www.ydr.com/story/news/crime/2022/08/18/york-area-man-charged-killing-man-dumping-body-lancaster-county/65408859007/,0.003076918772545028
zlib,member,https://www.ydr.com/restricted/?return=https%3A%2F%2Fwww.ydr.com%2Fin-depth%2Fnews%2F2022%2F06%2F13%2Fpolitics-york-county-most-influential-government-reoublican-democrat%2F65351421007%2F,0.000854829885704974
zlib,member,https://www.ydr.com/story/sports/high-school/football/2022/08/15/pa-high-school-football-2022-york-adams-league-team-by-team-previews-players-to-watch/65403160007/,0.0015173445630155026
zlib,member,https://www.ydr.com/story/news/crime/2022/09/08/man-stabs-random-customer-at-walmart-in-york-county-to-return-to-jail-police-say/65742433007/,0.0024243266095723055
zlib,member,https://www.ydr.com/story/news/politics/elections/2022/07/08/scott-perry-congress-pa-republican-refuses-testimony-pardon/65369434007/,0.0026554597596958034
zlib,member,https://www.ydr.com/story/news/politics/2022/04/21/tracking-campaign-updates-in-pennsylvanias-senate-and-governor-races/65350855007/,0.0007032751087114943
zlib,member,https://www.ydr.com/story/sports/high-school/baseball/2022/04/19/dallastown-baseball-coach-greg-kinneman-reaches-100-career-wins/65350766007/,0.0009180172359186595
zlib,member,https://www.ydr.com/restricted/?return=https%3A%2F%2Fwww.ydr.com%2Fin-depth%2Fnews%2F2022%2F05%2F24%2Fyork-pa-northeast-neighborhood-2-women-do-what-they-can-to-help-saving-york-street-by-street%2F65351426007%2F,0.0007656512823470954
zlib,member,https://www.ydr.com/story/news/local/2022/08/24/interstate-83-closed-after-truck-strikes-queen-street-overpass-again/65418552007/,0.0027813814272703097
zlib,member,https://www.ydr.com/restricted/?return=https%3A%2F%2Fwww.ydr.com%2Fstory%2Fnews%2F2022%2F05%2F25%2Frestaurant-inspections-seven-out-of-compliance%2F65355268007%2F,0.0007656512823470954
zlib,member,https://www.ydr.com/story/news/2022/08/10/rep-scott-perry-republican-york-county-pa-fbi-agents-seized-cellphone/65398266007/,0.00013723613851070366
zlib,member,https://www.ydr.com/story/opinion/2022/06/15/bidens-border-failure-creates-national-security-humanitarian-crisis/65361133007/,0.0010940798831610952
zlib,member,https://www.ydr.com/story/opinion/2022/05/18/give-mother-of-red-lion-catherine-meyer-due-recognition/65356449007/,0.0010185586880540377
zlib,member,https://www.ydr.com/story/news/local/2022/04/08/central-york-students-testify-before-congress-on-national-book-bans/65348834007/,0.0022861626267969594
zlib,member,https://www.ydr.com/story/life/2022/08/29/silverberry-soaps-central-pa-student-starts-own-business/65417685007/,0.0014660039279859266
zlib,member,https://www.ydr.com/story/opinion/2022/05/31/tropical-storm-agnes-50-years-ago-like-something-out-of-the-bible/65358222007/,0.0007723206739619027
zlib,member,https://www.ydr.com/story/opinion/2022/08/19/by-2060-yorks-summer-temps-will-be-like-nashvilles-opinion/65410717007/,0.0012953064490896116
zlib,member,https://www.ydr.com/story/sports/college/penn-state/football/2022/06/01/penn-state-football-white-out-game-against-minnesota-not-ohio-state/65358413007/,0.0021577865598733886
zlib,member,https://www.ydr.com/story/news/local/2022/08/03/national-night-out-in-york-is-a-time-to-focus-on-how-to-stop-violence/65389933007/,0.0021716821420816835
zlib,member,https://www.ydr.com/story/sports/high-school/2022/05/09/yaiaa-tournaments-which-teams-will-be-competing-for-championships/65354533007/,0.0014066887629980648
zlib,member,https://www.ydr.com/story/sports/high-school/2022/07/05/select-gametimepas-yaiaa-athletes-of-the-year-for-2021-22/65365394007/,0.0022371716363606057
zlib,member,https://www.ydr.com/story/sports/outdoors/2022/05/19/many-options-to-consider-when-picking-purchasing-a-kayak-recreational-touring-fishing-paddles/65355833007/,0.0005712576946550152
zlib,member,https://www.ydr.com/story/news/crime/2022/05/18/man-pleads-guilty-aggravated-assault-accomplice-murder-dover-area-high-school-senior-emily-shoemaker/65355302007/,0.001145609186085666
zlib,member,https://www.ydr.com/story/sports/high-school/football/2022/07/20/spring-grove-footballs-andrew-osmun-commits-to-fordham-university/65378458007/,0.0007761298190428265
zlib,member,https://www.ydr.com/restricted/?return=https%3A%2F%2Fwww.ydr.com%2Fstory%2Fnews%2F2022%2F05%2F10%2Fwestinghouse-atom-smasher-rots-away-in-a-pennsylvania-neighborhood%2F65352649007%2F,0.000679997462349579
zlib,member,https://www.ydr.com/restricted/?return=https%3A%2F%2Fwww.ydr.com%2Fstory%2Fnews%2Fwatchdog%2F2022%2F04%2F26%2Fjudge-rejects-invasion-of-privacy-claim-york-city-police-officer-clayton-swartz%2F65351520007%2F,0.001416997908206159
zlib,member,https://www.ydr.com/story/news/local/2022/04/05/jk-salvage-explosion-attracts-fire-department-and-scares-residents/65348532007/,0.00208564418933861
zlib,member,https://www.ydr.com/story/news/2022/05/06/man-dies-two-vehicle-crash-chanceford-township-york-county-pa/65353951007/,0.0019974260309350783
zlib,member,https://www.ydr.com/restricted/?return=https%3A%2F%2Fwww.ydr.com%2Fstory%2Fnews%2Fcrime%2F2022%2F04%2F04%2Faaron-miller-on-trial-for-vehicular-manslaughter%2F65348325007%2F,0.000679997462349579
zlib,member,https://www.ydr.com/story/news/2022/05/07/give-local-york-raises-4-1-million-for-local-nonprofits/65353553007/,0.002354804904881316
zlib,member,https://www.ydr.com/story/news/crime/2022/07/29/joe-fitzpatrick-released-low-bail-in-atv-case-involving-wifes-death/65385352007/,0.0022134386099439745
zlib,member,https://www.ydr.com/story/sports/high-school/2022/05/17/district-3-tournaments-scores-schedule-for-boys-girls-championships/65355972007/,0.0015180061712079932
zlib,member,https://www.ydr.com/story/news/crime/2022/06/15/pa-superior-court-prevents-one-dollar-bail-for-man-in-atv-murder-trial/65359895007/,0.0016523514948018232
zlib,member,https://www.ydr.com/story/sports/college/penn-state/football/2022/07/20/penn-state-football-quarterback-sean-clifford-linebacker-curtis-jacobs-big-ten-stars/65372841007/,0.0011103556134500164
zlib,member,https://www.ydr.com/story/sports/college/penn-state/football/2022/09/18/penn-state-football-sean-clifford-nick-singleton-auburn-big-ten/69494944007/,0.001320446786541
zlib,member,https://www.ydr.com/story/news/crime/2022/04/18/two-found-dead-red-lion-york-county-pa-murder-suicide-easter-morning/65350459007/,0.003570743426244554
zlib,member,https://www.ydr.com/story/news/crime/2022/04/04/split-verdict-trial-attempted-murder-shooting-north-codorus-township-york-county/65346449007/,0.0006710608620337575
zlib,member,https://www.ydr.com/restricted/?return=https%3A%2F%2Fwww.ydr.com%2Fstory%2Fsports%2Fhigh-school%2F2022%2F06%2F23%2Fyaiaa-2021-2022-top-sports-high-schools-in-york-adams-league-dallastown-central-york-pa-dallastown%2F65362250007%2F,0.000854829885704974
zlib,member,https://www.ydr.com/story/news/politics/elections/2022/08/30/eight-more-republicans-just-endorsed-josh-shapiro-over-doug-mastriano/65458907007/,0.0016508140442826609
zlib,member,https://www.ydr.com/story/sports/college/2022/04/15/ncaa-gymnastics-perfect-score-gives-floridas-thomas-3-national-titles/65350064007/,0.0024337749126531758
zlib,member,https://www.ydr.com/story/news/2022/05/20/tornado-watch-issued-for-central-pa/65356692007/,0.003200986472341038
zlib,member,https://www.ydr.com/story/news/local/2022/07/08/jerry-reynolds-airville-body-found-holtwood-pa-death-lancaster-county/65369407007/,0.0035435263445467253
zlib,member,https://www.ydr.com/story/sports/high-school/football/2022/06/07/pitt-football-dallastowns-kenny-johnson-verbally-commits-to-panthers/65359210007/,0.0006388217070779377
zlib,member,https://www.ydr.com/story/news/2022/08/02/snow-ice-storms-bound-for-pennsylvania-farmers-almanac-winter-forecast/65389109007/,0.0029177503409121303
zlib,member,https://www.ydr.com/story/news/crime/2022/04/01/man-found-guilty-involuntary-manslaughter-not-guilty-murder-deadly-shooting-york/65346416007/,0.001870844635623785
zlib,member,https://www.ydr.com/restricted/?return=https%3A%2F%2Fwww.ydr.com%2Fstory%2Fnews%2F2022%2F04%2F22%2Fcomings-and-goings-eco-friendly-store-opens-in-york-coffee-shop-closes%2F65351060007%2F,0.000679997462349579
zlib,member,https://www.ydr.com/story/sports/high-school/football/2022/04/12/spring-grove-area-high-school-will-thompson-hired-as-football-coach-francis-scott-key/65349834007/,0.0010587900549075204
zlib,member,https://www.ydr.com/story/sports/high-school/softball/2022/06/13/yaiaa-softball-coaches-name-2022-league-all-stars-players-of-the-year/65360527007/,0.0010909979774993246
zlib,member,https://www.ydr.com/story/opinion/2022/04/22/york-naacp-area-schools-not-doing-enough-about-rise-of-racial-prejudice/65351389007/,0.0021030774488471943
zlib,member,https://www.ydr.com/story/news/crime/2022/06/21/york-man-dies-in-weekend-shooting-police-charge-brother-with-homicide/65362149007/,0.0012912912079865522
zlib,member,https://www.ydr.com/story/sports/college/penn-state/football/2022/08/29/penn-state-football-james-franklin-big-ten-vs-purdue-sean-clifford/65407825007/,0.001176781540710608
zlib,member,https://www.ydr.com/story/news/crime/2022/08/18/pennsylvania-state-trooper-driving-under-influence-central-pa/65409961007/,0.0037773997221085213
zlib,member,https://www.ydr.com/story/sports/high-school/wrestling/2022/06/28/spring-grove-high-school-officially-starts-girls-wrestling-team/65364409007/,0.0007956231703000293
zlib,member,https://www.ydr.com/restricted/?return=https%3A%2F%2Fwww.ydr.com%2Fin-depth%2Fnews%2F2022%2F06%2F14%2Fmike-smith-and-his-temple-guard-give-york-pa-youths-positive-path%2F6596906001%2F,0.000854829885704974
zlib,member,https://www.ydr.com/story/sports/high-school/baseball/2022/05/26/district-3-baseball-scores-results-from-postseason-tournaments/65357551007/,0.0012896812692253898
zlib,member,https://www.ydr.com/story/opinion/2022/07/04/the-american-is-great-vision-vs-the-revolutionary-vision/65364730007/,0.0012468026641649422
zlib,member,https://www.ydr.com/story/sports/high-school/basketball-boys/2022/07/06/florida-basketball-perkiomens-new-oxford-tommy-haugh-makes-commitment/65367304007/,0.0005733315128491664
zlib,member,https://www.ydr.com/story/news/2022/08/08/back-to-school-dates-updates-at-york-county-school-districts-education/65386876007/,0.0011832552873601277
zlib,member,https://www.ydr.com/story/news/2022/04/07/york-county-food-bank-is-moving-its-operations-out-of-the-former-kmart-store/65348695007/,0.0024231905413641514
zlib,member,https://www.ydr.com/story/news/2022/07/01/white-clover-farm-stand-in-hellam-spurred-by-pandemic-food-supply-issues/65347398007/,0.0011585625442482395
zlib,member,https://www.ydr.com/story/news/crime/2022/08/01/york-city-police-investigating-15th-homicide-2022/65388869007/,0.002342220666021198
zlib,member,https://www.ydr.com/story/news/crime/2022/05/06/york-police-man-shot-killed-friday-south-pine-street/65354059007/,0.0021381562276421816
zlib,member,https://www.ydr.com/story/news/2022/07/25/gettysburg-national-military-parks-little-roundtop-to-close-for-18-months-devils-den-construction-pa/65376312007/,0.0017528417429637673
zlib,member,https://www.ydr.com/story/opinion/2022/06/29/the-american-is-great-vision-vs-the-revolutionary-vision/65364730007/,0.0012468026641649422
zlib,member,https://www.ydr.com/story/news/watchdog/2022/04/29/insurance-fraud-york-county-woman-faked-death-in-ukraine-cops-say/65352546007/,0.0008924381002139407
zlib,member,https://www.ydr.com/story/sports/high-school/basketball-girls/2022/04/28/three-yaiaa-girls-basketball-players-named-to-piaa-all-state-teams/65352253007/,0.0005771193352192651
zlib,member,https://www.ydr.com/story/sports/high-school/track/2022/05/21/district-3-track-and-field/65356540007/,0.0005256710326006773
zlib,member,https://www.ydr.com/story/news/2022/06/27/woman-dies-three-vehicle-crash-hanover-pa/65363667007/,0.0024727849811741146
zlib,member,https://www.ydr.com/story/sports/college/penn-state/football/2022/04/30/nfl-draft-bears-take-penn-states-jaquan-brisker-in-second-round/65352177007/,0.002112698081151554
zlib,member,https://www.ydr.com/story/news/politics/elections/2022/06/23/testimony-rep-scott-perry-pardon-from-donald-trump-election-pennsylvania/65363103007/,0.0010426944590688565
zlib,member,https://www.ydr.com/story/news/local/2022/07/12/severe-thunderstorms-forecast-in-central-pennsylvania-tuesday/65372125007/,0.004737882855275602
zlib,member,https://www.ydr.com/story/news/2022/07/28/steve-miller-band-cancels-york-fair-show-because-of-positive-covid-test/65385293007/,0.0029682084534839353
zlib,member,https://www.ydr.com/story/news/politics/2022/04/20/pa-governor-race-2022-gop-candidates-debate-in-gettysburg/65350851007/,0.0006490217606433867
zlib,member,https://www.ydr.com/story/opinion/2022/09/16/both-pa-candidates-for-governor-agree-on-school-choice/69498441007/,0.0013791417236105777
zlib,member,https://www.ydr.com/story/news/local/community/2022/06/10/rainbow-rose-center-hosts-york-county-pride-at-cousler-park/65360038007/,0.001945771980183084
zlib,member,https://www.ydr.com/in-depth/news/politics/elections/2022/08/23/voter-fraud-is-rare-in-pennsylvania-but-allegations-flew-after-2020/65376026007/,0.0010374443464947604
zlib,member,https://www.ydr.com/story/news/crime/2022/06/27/york-city-police-investigates-homicide-after-man-dies-ot-op/65363658007/,0.0016077072785627314
zlib,member,https://www.ydr.com/story/sports/high-school/2022/06/13/pa-lawmakers-some-say-girls-cant-compete-against-biological-boys/65359859007/,0.00042272482880787387
zlib,member,https://www.ydr.com/story/news/politics/elections/2022/06/23/pa-house-speaker-bryan-cutler-details-2020-pressure-campaign/65362478007/,0.002155095088256534
zlib,member,https://www.ydr.com/story/news/local/2022/07/27/man-dies-forklift-accident-at-jk-salvage-spring-garden-township/65384163007/,0.002383406200220013
zlib,member,https://www.ydr.com/story/sports/high-school/football/2022/04/13/york-high-quarterback-sam-stoner-gets-division-i-offers-st-francis-towson/65349927007/,0.0006821367876274979
zlib,member,https://www.ydr.com/story/news/2022/04/19/check-out-10-unusual-wedding-venues-in-central-pennsylvania/65349484007/,0.0007264007204101796
zlib,member,https://www.ydr.com/story/news/politics/elections/2022/06/16/yorkers-react-to-rep-scott-perrys-refusal-to-cooperate-with-jan-6-panel/65359564007/,0.0010628922896830754
zlib,member,https://www.ydr.com/restricted/?return=https%3A%2F%2Fwww.ydr.com%2Fstory%2Fnews%2Fcrime%2F2022%2F04%2F06%2Fmistrial-declared-in-case-of-construction-worker-hit-killed-by-driver%2F65348679007%2F,0.000679997462349579
zlib,member,https://www.ydr.com/story/news/2022/05/31/man-dies-suspected-drowning-susquehanna-river-york-pa-memorial-day/65358177007/,0.002768276004431819
zlib,member,https://www.ydr.com/story/news/local/2022/05/18/yorktowne-hotel-rooftop-dining-construction-facade-update/65354723007/,0.002251350016108085
zlib,member,https://www.ydr.com/story/news/watchdog/2022/04/25/teen-alleges-sexual-abuse-against-ex-york-city-police-officer/65351893007/,0.0013180335506763547
zlib,member,https://www.ydr.com/story/news/crime/2022/04/28/judge-grants-delay-trial-man-charged-first-degree-murder-dante-mullinix-york/65352473007/,0.0015776726612397867
zlib,member,https://www.ydr.com/story/sports/college/2022/06/28/ncaa-gymnastics-trinity-thomas-returning-for-fifth-season-at-florida/65364355007/,0.0018264150848831479
zlib,member,https://www.ydr.com/story/news/local/2022/07/06/martin-library-6-million-renovation-completed-in-downtown-york/65367399007/,0.0021563377433167176
zlib,member,https://www.ydr.com/story/news/politics/2022/04/05/heres-why-democrat-john-fetterman-is-touring-in-red-pa-counties/65347627007/,0.0010255551649365061
zlib,member,https://www.ydr.com/story/news/2022/04/06/stray-goldendoodle-becomes-new-york-revolution-team-dog/65348529007/,0.0024634559110620342
zlib,member,https://www.ydr.com/restricted/?return=https%3A%2F%2Fwww.ydr.com%2Fstory%2Fsports%2Foutdoors%2F2022%2F05%2F19%2Fmom-appalachian-trail-addiction-jon-mundis-overdose-awareness%2F65352265007%2F,0.000679997462349579
zlib,member,https://www.ydr.com/story/news/politics/2022/06/30/pennsylvanias-new-fiscal-year-will-begin-without-a-state-budget/65365334007/,0.0002820863438758212
zlib,member,https://www.ydr.com/story/news/2022/04/25/man-dies-after-falling-into-the-codorus-creek-in-york-fire-chief-says/65351925007/,0.0028298002013771723
zlib,member,https://www.ydr.com/story/news/2022/05/30/gda-covid-19-state-2022-05-30-pa-ppyr/65358091007/,0.00025942228366194586
zlib,member,https://www.ydr.com/story/news/2022/06/20/a-new-apprenticeship-for-young-artists-is-coming-to-york/65361188007/,0.0014702423043764928
zlib,member,https://www.ydr.com/story/news/local/2022/07/26/york-pa-residents-share-surveillance-cam-footage-of-shaheim-carr-murder-with-police/65378104007/,0.0013815948434144016
zlib,member,https://www.ydr.com/story/news/local/2022/05/16/see-major-updates-martin-library-york-before-july-grand-opening-teen-space/65354512007/,0.0016251273955317405
zlib,member,https://www.ydr.com/story/news/education/2022/08/29/satanism-event-fundraiser-york-county-pa-after-school-satan-club/65457233007/,0.0014219267830104375
zlib,member,https://www.ydr.com/story/news/2022/08/04/best-of-the-best-awards-holds-first-gala-honors-york-county-businesses/65391182007/,0.000637428846305549
zlib,member,https://www.ydr.com/story/opinion/2022/08/17/come-take-a-seat-in-york-pa-with-the-accomplished-william-c-goodridge/65407358007/,0.0009562855658142435
zlib,member,https://www.ydr.com/story/news/local/2022/04/11/lawsuit-york-mayor-michael-helfrich-oath-of-office/65349492007/,0.0011995200319243648
zlib,member,https://www.ydr.com/story/news/2022/06/15/dover-solar-farm-approved-in-25-minutes/65361179007/,0.0015228163330162526
zlib,member,https://www.ydr.com/story/news/local/2022/07/27/hope-fest-returns-to-york-with-hoops-tourney-gas-card-giveaway/65382794007/,0.0021023176540658473
zlib,member,https://www.ydr.com/story/sports/high-school/lacrosse-boys/2022/05/14/central-york-boys-york-catholic-girls-lacrosse-teams-earn-yaiaa-titles/65355281007/,0.0006574081549853271
zlib,member,https://www.ydr.com/story/news/crime/2022/07/06/york-city-police-investigating-14th-homicide-tying-last-years-total/65368039007/,0.004179480085108802
zlib,member,https://www.ydr.com/story/news/history/2022/04/05/artist-makes-connections-to-chip-away-at-wall-between-york-and-hanover/65348433007/,0.0007715318314629116
zlib,member,https://www.ydr.com/story/sports/high-school/track/2022/05/14/piaa-track-and-field-laila-campbell-sets-blistering-league-mark-in-100/65355100007/,0.000338895161149205
zlib,member,https://www.ydr.com/story/news/local/2022/08/25/interstate-83-reopen-after-queen-street-overpass-struck-exit-16-york/65420277007/,0.0022880446570282833
zlib,member,https://www.ydr.com/story/news/local/2022/04/21/sixth-dover-solar-meeting-brings-new-witness-and-hopeful-decision-date/65351113007/,0.0012326849448673007
zlib,member,https://www.ydr.com/story/sports/high-school/2022/05/19/susquehannock-delone-catholic-basketball-earns-sportsmanship-scholarships/65356510007/,0.0015929409495317863
zlib,member,https://www.ydr.com/story/sports/college/penn-state/football/2022/08/12/penn-state-football-big-ten-quarterback-jaxon-smolik-james-franklin/65402058007/,0.0012931584534268
zlib,member,https://www.ydr.com/restricted/?return=https%3A%2F%2Fwww.ydr.com%2Fstory%2Fnews%2Fcrime%2F2022%2F04%2F01%2Fman-testifies-own-defense-attempted-murder-trial-shooting-north-codorous-township-york-county%2F65347533007%2F,0.000679997462349579
zlib,member,https://www.ydr.com/story/news/2022/04/21/david-mccormick-pa-senate-candidate-making-strides-in-gop-primary/65348988007/,0.0007623837489615141
zlib,member,https://www.ydr.com/story/money/2022/08/31/unemployment-reaches-pre-pandemic-levels-but-consumers-are-more-pessimistic-than-ever/65419897007/,0.0006090116553217767
zlib,member,https://www.ydr.com/story/sports/high-school/football/2022/09/10/central-pa-high-school-football-scoreboard-yaiaa-scores-week-3-results-highlights-york-high-carlisle/66852753007/,0.0005284568248369646
zlib,member,https://www.ydr.com/story/news/2022/07/25/peach-bottom-township-pa-man-dies-in-skid-loader-accident/65381471007/,0.005092908885936864
zlib,member,https://www.ydr.com/story/news/politics/2022/09/12/pa-activists-demand-united-states-house-ethics-investigation-of-rep-scott-perry/66891225007/,0.0012206084496308128
zlib,member,https://www.ydr.com/story/sports/college/penn-state/football/2022/08/31/penn-state-football-college-football-big-ten-purdue-james-franklin/65462642007/,0.0007254581027283084
zlib,member,https://www.ydr.com/story/sports/high-school/basketball-boys/2022/07/20/york-countys-kent-olewiler-makes-new-mexico-state-basketball-roster-yaiaa-central-york/65371201007/,0.0005660349850248045
zlib,member,https://www.ydr.com/story/news/2022/07/01/deadly-crash-near-east-berlin-has-claimed-the-life-of-a-fourth-person-coroner-says/65365902007/,0.0029316046226021135
zlib,member,https://www.ydr.com/story/news/2022/06/15/man-drowns-while-swimming-codorus-state-park-lake-york-pa-coroner-says/65361080007/,0.002702979941914387
zlib,member,https://www.ydr.com/story/sports/high-school/2022/06/22/what-will-the-yaiaa-look-like-with-22-teams-here-are-the-new-divisions/65362221007/,0.0006858923033681725
zlib,member,https://www.ydr.com/story/news/local/2022/08/22/route-30-crash-west-manchester-township-pa-man-dead/65413093007/,0.0034861521478401197
zlib,member,https://www.ydr.com/story/opinion/2022/09/12/york-day-nursery-turning-90-this-year/69486679007/,0.0009995772255987096
zlib,member,https://www.ydr.com/story/opinion/2022/06/28/what-would-you-have-done-if-a-freedom-seeker-had-knocked-on-your-door/65364541007/,0.0008374914549739271
zlib,member,https://www.ydr.com/story/news/2022/04/27/keystone-kidspace-now-open-in-109-year-old-armory/65350228007/,0.0011532916095290933
zlib,member,https://www.ydr.com/story/news/politics/2022/05/10/republican-challengers-vying-to-unseat-saylor-gillespie-and-klunk/65354567007/,0.0008307839090460245
zlib,member,https://www.ydr.com/story/news/crime/2022/04/28/man-pleads-guilty-animal-cruelty-probation-york-county/65352476007/,0.0019170584129679369
zlib,member,https://www.ydr.com/story/news/crime/2022/06/09/dasean-morris-sentenced-in-york-murder-of-kyle-hagenbuch-thunderguards-motorcyles/65359290007/,0.002566667139418457
zlib,member,https://www.ydr.com/story/sports/college/penn-state/football/2022/09/02/penn-state-football-purdue-big-ten-james-franklin-sean-clifford/65465704007/,0.0018252425748231252
zlib,member,https://www.ydr.com/story/news/2022/08/23/5-year-old-girl-woman-fatally-stabbed-at-home-southern-york-county-pa/65414954007/,0.001454240896968587
zlib,member,https://www.ydr.com/story/news/crime/2022/05/20/u-s-marshals-arrest-york-man-in-fatal-shooting-of-selvin-mcewan/65356641007/,0.0015270521084687389
zlib,member,https://www.ydr.com/story/sports/high-school/lacrosse-girls/2022/04/26/how-these-best-friends-are-driving-york-catholic-lacrosses-title-hopes/65351446007/,0.000810784690063001
zlib,member,https://www.ydr.com/story/opinion/2022/08/09/big-york-county-birthdays-on-horizon/65396977007/,0.0009221201757095054
zlib,member,https://www.ydr.com/story/sports/outdoors/2022/08/13/catawissa-recreation-area-off-road-atv-use-riding-created-by-pa-dcnr-paragon-adventure-park/65402298007/,0.00104732236270858
zlib,member,https://www.ydr.com/story/news/2022/06/14/volunteer-fire-departments-struggle-to-recruit-worry-about-response-times/65353542007/,0.0016041950221637028
zlib,member,https://www.ydr.com/story/news/2022/06/02/delma-rivera-lytle-york-vying-for-ms-senior-pa-america/65358261007/,0.0016350496126148202
zlib,member,https://www.ydr.com/story/sports/high-school/lacrosse-boys/2022/06/01/piaa-lacrosse-schedule-results-from-state-championships/65358281007/,0.001596045163778141
zlib,member,https://www.ydr.com/story/news/2022/06/21/two-men-from-southwestern-york-county-die-in-maryland-crash/65362339007/,0.0038260550410126677
zlib,member,https://www.ydr.com/story/news/politics/elections/2022/05/13/two-democrats-seek-party-nomination-in-10th-congressional-district/65355137007/,0.0013790860731407086
zlib,member,https://www.ydr.com/story/news/crime/2022/04/18/teen-in-fatal-shooting-of-york-high-william-penn-high-school-student-malaki-beady-to-stand-trial/65350077007/,0.001576977543906744
zlib,member,https://www.ydr.com/story/sports/college/penn-state/football/2022/09/13/penn-state-football-big-ten-james-franklin-auburn-tigers-sec/69487321007/,0.0014965426534527578
zlib,member,https://www.ydr.com/story/news/local/2022/04/18/puc-approves-sale-of-york-water-company-to-private-business-pawc/65350202007/,0.0016706912174488118
zlib,member,https://www.ydr.com/story/sports/2022/07/11/american-ninja-warrior-2022-cf-branden-williams-new-oxford/65362232007/,0.0005495438079007196
zlib,member,https://www.ydr.com/story/opinion/2022/05/11/pas-low-producing-wells-are-leaking-methane/65353721007/,0.0011384761450816104
zlib,member,https://www.ydr.com/story/sports/college/penn-state/football/2022/09/14/penn-state-college-football-big-ten-auburn-tigers-in-sec/69487422007/,0.000851711042759255
zlib,member,https://www.ydr.com/story/opinion/2022/04/27/kreutz-creek-librarys-former-building-gains-new-life/65352254007/,0.0009228864516790805
zlib,member,https://www.ydr.com/story/news/local/2022/06/27/lake-williams-dam-excavation-under-way-york-empty-lake-bed-turns-green/65362846007/,0.0026781315370558558
zlib,member,https://www.ydr.com/story/sports/high-school/2022/04/04/select-gametimepa-yaiaa-athletes-of-the-week-for-march-25-to-april-2/65348290007/,0.00435273079283241
zlib,member,https://www.ydr.com/story/news/2022/04/18/bill-mcswain-running-for-pa-governor-2022-primary-election/65348986007/,0.0006314562454524531
zlib,member,https://www.ydr.com/story/news/2022/08/22/york-pa-bans-washing-cars-in-driveways-or-on-streets/65410788007/,0.0013322462565826376
zlib,member,https://www.ydr.com/story/sports/college/2022/04/01/trinity-thomas-leads-florida-into-regional-final-with-pair-of-10s-gymnastics-ncaa/65347723007/,0.002410685215311337
zlib,member,https://www.ydr.com/story/sports/high-school/2022/04/11/select-gametimepa-yaiaa-athletes-of-the-week-for-april-4-to-april-9/65349464007/,0.0036282110321454305
zlib,member,https://www.ydr.com/story/news/local/2022/08/30/old-farmers-almanac-predicts-snowy-cold-winter-for-central-pennsylvania/65461359007/,0.0017657818112086243
zlib,member,https://www.ydr.com/story/sports/college/penn-state/2022/05/10/nfl-penn-state-nittany-lions-football-walk-on-drew-hartlaub-to-carolina-panthers/65353082007/,0.0008629135749105299
zlib,member,https://www.ydr.com/story/news/local/2022/04/20/after-school-satan-club-denied-northern-york-school-board-joy-el-christian-club/65351019007/,0.0017942206190148145
zlib,member,https://www.ydr.com/restricted/?return=https%3A%2F%2Fwww.ydr.com%2Fin-depth%2Fnews%2F2022%2F06%2F13%2Farts-entertainment-york-county-most-influential-people%2F65351410007%2F,0.000854829885704974
zlib,member,https://www.ydr.com/story/opinion/2022/06/07/agnes-left-behind-mud-dead-rats-old-tires-and-all-kinds-of-trash/65359554007/,0.0006086730167014956
zlib,member,https://www.ydr.com/story/news/local/2022/08/22/gifford-pinchot-state-park-suspends-water-activities-in-the-lake/65413407007/,0.0036322002964499856
zlib,member,https://www.ydr.com/story/news/politics/blogs/ydr-politics/2022/08/16/12-things-to-know-about-u-s-rep-scott-perry-a-focus-of-jan-6-probe/65398484007/,0.0007180740307984807
zlib,member,https://www.ydr.com/story/sports/college/penn-state/football/2022/09/02/penn-state-football-sean-clifford-joey-porter-purdue-james-franklin-drew-allar/65465541007/,0.0012952445217289741
zlib,member,https://www.ydr.com/story/news/crime/2022/09/08/virginia-hayden-sentenced-for-husband-thomas-hayden-death-remains-found-in-foodsaver-bag/65466365007/,0.0016370763786402434
zlib,member,https://www.ydr.com/story/news/2022/06/06/york-county-prison-trainer-joseph-garcia-testified-in-cv-case/65358870007/,0.0009770614920809166
zlib,member,https://www.ydr.com/restricted/?return=https%3A%2F%2Fwww.ydr.com%2Fstory%2Fnews%2Fwatchdog%2F2022%2F05%2F18%2Fson-louis-appell-jr-initiates-civil-rico-case-limited-liability-company-owns-old-mesto-corp-building%2F65355293007%2F,0.000679997462349579
zlib,member,https://www.ydr.com/story/news/2022/09/07/congressional-committee-skewers-postal-service-in-philadelphia-meeting-louis-dejoy/65800851007/,0.0018114372465205981
zlib,member,https://www.ydr.com/story/money/careers/2022/09/13/having-trouble-hiring-penn-mar-might-be-able-to-help/69487345007/,0.0010019937929086624
zlib,member,https://www.ydr.com/restricted/?return=https%3A%2F%2Fwww.ydr.com%2Fin-depth%2Fnews%2F2022%2F06%2F13%2Fsports-york-county-most-influential-athletics-football-gymnastics-swimming%2F65351425007%2F,0.000854829885704974
zlib,member,https://www.ydr.com/restricted/?return=https%3A%2F%2Fwww.ydr.com%2Fstory%2Fnews%2Fhistory%2Fgettysburg%2F2022%2F04%2F14%2Fraven-rock-mountain-nuclear-attack-target-doomsday-preppers-worried%2F65349485007%2F,0.000679997462349579
zlib,member,https://www.ydr.com/story/opinion/2022/08/31/what-would-you-do-if-you-witnessed-someone-at-risk/65465660007/,0.0008038560455912924
zlib,member,https://www.ydr.com/restricted/?return=https%3A%2F%2Fwww.ydr.com%2Fstory%2Fmoney%2Fbusiness%2F2022%2F05%2F31%2Fcomings-and-goings-popular-pool-closed-for-summer-market-houses-add-stands%2F65357481007%2F,0.0007656512823470954
zlib,member,https://www.ydr.com/story/news/religion/2022/04/05/york-county-church-tells-gospel-in-22-year-stained-glass-project/65345285007/,0.0019926189916517107
zlib,member,https://www.ydr.com/story/opinion/2022/07/20/big-important-york-county-history-cultural-projects-picking-up-steam/65377980007/,0.0007027568608233727
zlib,member,https://www.ydr.com/story/news/local/2022/08/22/i-83-overpass-york-county-repairs-route-74-bridge/65409148007/,0.0025492456189671188
zlib,member,https://www.ydr.com/story/news/2022/05/03/dining-out-for-spring-checking-out-revival-social-club-in-york/65350791007/,0.0013487996099874418
zlib,member,https://www.ydr.com/story/news/2022/06/06/northeastern-school-district-offers-students-cdl-training-amid-driver-shortages/65357688007/,0.0008031237623640549
zlib,member,https://www.ydr.com/story/news/2022/07/28/york-state-fair-2022-fried-cauliflower-lolas-waffles-ice-cream/65384751007/,0.002100963414461411
zlib,member,https://www.ydr.com/story/sports/high-school/football/2022/08/29/central-pa-high-school-football-wil-rider-no-longer-football-coach-hanover-high-school/65462473007/,0.001966916186863983
zlib,member,https://www.ydr.com/story/news/2022/06/09/how-the-pandemic-helped-wolfgang-confectioners-rebound-from-bankruptcy-candy-york-pa/65358750007/,0.00045472267627785247
zlib,member,https://www.ydr.com/story/news/watchdog/2022/05/16/federal-judge-grants-preliminary-injuction-grandmother-2-year-old-dante-mullinix-york/65355837007/,0.001111443452467698
zlib,member,https://www.ydr.com/story/sports/high-school/2022/04/07/track-and-field-league-has-records-dating-to-1980-and-others-from-2021/65348542007/,0.0014684161201875682
zlib,member,https://www.ydr.com/story/news/2022/06/05/amber-alert-canceled-after-toddler-missing-from-york-county-is-found-safe/65358883007/,0.0022426135742502035
zlib,member,https://www.ydr.com/restricted/?return=https%3A%2F%2Fwww.ydr.com%2Fin-depth%2Fnews%2F2022%2F06%2F13%2Fbusiness-development-york-county-most-influential-people%2F65351418007%2F,0.000854829885704974
zlib,member,https://www.ydr.com/story/news/local/2022/09/06/interstate-83-queen-street-overpass-repairs-cost-up-to-double-after-hits/65467467007/,0.0017729041453487886
zlib,member,https://www.ydr.com/story/news/2022/06/15/vietnam-veteran-jon-langione-75-finally-got-eastern-york-high-school-diploma/65358492007/,0.00023738762922492762
zlib,member,https://www.ydr.com/story/news/local/2022/05/12/york-county-prison-feasibility-study-competency-restoration-center/65354974007/,0.0015014814379157864
zlib,member,https://www.ydr.com/restricted/?return=https%3A%2F%2Fwww.ydr.com%2Fstory%2Fnews%2Fcrime%2F2022%2F04%2F12%2Fex-york-ice-arena-general-manager-mike-cleveland-enters-accelerated-rehabilitative-disposition%2F65348922007%2F,0.000679997462349579
zlib,member,https://www.ydr.com/story/news/crime/2022/08/26/virginia-man-sentenced-logging-truck-death-hanover-brian-mawyer-eugene-ben-fuhrman/65418220007/,0.0017120589390118976
zlib,member,https://www.ydr.com/story/news/2022/04/25/encore-a-celebration-of-york-county-high-school-musicials-returns/65351061007/,0.002190643776653402
zlib,member,https://www.ydr.com/story/sports/college/penn-state/2022/04/11/former-nfl-penn-state-nittany-lion-running-back-gary-brown-dies-of-cancer/65349538007/,0.0015563188992047132
zlib,member,https://www.ydr.com/story/sports/college/penn-state/football/2022/09/07/penn-state-big-ten-college-football-james-franklin-joey-porter/65475134007/,0.0013888491912608044
zlib,member,https://www.ydr.com/story/sports/high-school/football/2022/06/23/northeastern-high-school-approves-kirby-brubaker-as-head-football-coach/65362925007/,0.0010455241995891342
zlib,member,https://www.ydr.com/story/news/local/2022/08/31/york-county-judicial-center-closed-today-because-of-cooling-unit-leak/65465478007/,0.0060383871103057395
zlib,member,https://www.ydr.com/restricted/?return=https%3A%2F%2Fwww.ydr.com%2Fin-depth%2Fnews%2F2022%2F06%2F01%2Frevitalization-gentrification-york-pa-salem-square-neighborhood%2F6795644001%2F,0.0007656512823470954
zlib,member,https://www.ydr.com/story/sports/high-school/football/2022/06/09/york-suburbans-mike-bentivegna-earns-offer-from-st-francis/65359674007/,0.0007583680132522201
zlib,member,https://www.ydr.com/story/sports/high-school/football/2022/04/26/central-york-quarterback-cade-pribula-to-transfer-from-delaware/65352088007/,0.000837241079885353
zlib,member,https://www.ydr.com/story/news/2022/07/21/york-state-fair-2022-how-to-beat-the-heat-wave-through-the-weekend/65377927007/,0.0016862619647182563
zlib,member,https://www.ydr.com/story/news/2022/08/17/york-daily-record-editor-randy-parker-has-left-the-newspaper/65407329007/,0.0022475157306935767
zlib,member,https://www.ydr.com/story/sports/college/penn-state/football/2022/08/29/penn-state-football-james-franklin-big-ten-purdue-sean-clifford/65461391007/,0.001409965520265337
zlib,member,https://www.ydr.com/story/entertainment/2022/05/03/choir-choir-choir-event-brings-singing-after-covid-to-appell-center/65352201007/,0.004320175944033296
zlib,member,https://www.ydr.com/story/news/local/2022/09/06/long-pine-run-reservoir-in-michaux-state-forest-adams-county-offers-quiet-escape/65466799007/,0.002966073442441538
zlib,nonmember,https://www.ydr.com/story/news/2022/05/02/york-county-will-not-offer-drop-box-for-voters-to-return-mail-ballots/65353056007/,0.0021297680751674064
zlib,nonmember,https://www.ydr.com/story/news/crime/2022/05/23/dover-township-man-charged-in-shooting-at-the-walmart-in-northern-york-county/65357213007/,0.0018824941013137766
zlib,nonmember,https://www.ydr.com/restricted/?return=https%3A%2F%2Fwww.ydr.com%2Fstory%2Fnews%2F2022%2F04%2F27%2Fex-york-county-911-employee-discrimination-wrongful-termination-lawsuit%2F65351908007%2F,0.001416997908206159
zlib,nonmember,https://www.ydr.com/restricted/?return=https%3A%2F%2Fwww.ydr.com%2Fstory%2Fnews%2F2022%2F06%2F08%2Fthis-small-central-pa-town-grew-like-crazy-during-the-pandemic-mechanicsburg%2F65358412007%2F,0.0007842940881435794
zlib,nonmember,https://www.ydr.com/story/opinion/2022/08/23/york-pa-s-market-street-parking-garage-tells-50-year-tale-of-change/65415733007/,0.0010828543387127513
zlib,nonmember,https://www.ydr.com/story/sports/high-school/lacrosse-girls/2022/05/26/district-3-lacrosse-twin-valley-tops-york-catholic-for-2a-girls-title/65357508007/,0.001050212427483927
zlib,nonmember,https://www.ydr.com/story/sports/outdoors/2022/07/19/world-record-butterfly-ray-caught-by-camp-hill-pa-bow-angler-jeremy-gipe/65374856007/,0.0013429083020284145
zlib,nonmember,https://www.ydr.com/story/news/politics/2022/04/24/primary-election-2022-heres-who-is-running-pa-94th-state-house-seat/65350262007/,0.010151050803501305
zlib,nonmember,https://www.ydr.com/story/sports/college/penn-state/football/2022/09/10/penn-state-football-ohio-bobcats-nicholas-singleton-drew-allar-kaytron-allen/66779446007/,0.0010729423607687169
zlib,nonmember,https://www.ydr.com/story/sports/high-school/2022/06/16/yaiaa-girls-lacrosse-coaches-name-2022-league-all-stars/65361380007/,0.0017757742126013566
zlib,nonmember,https://www.ydr.com/story/news/2022/07/19/pa-moves-water-quality-and-saving-the-chesapeake-to-the-front-burner/65374281007/,0.0010922734572340795
zlib,nonmember,https://www.ydr.com/story/news/2022/08/19/harley-davidson-iam-union-new-contract-york-pennsylvania-plant/65410302007/,0.0031338771886077425
zlib,nonmember,https://www.ydr.com/story/news/crime/2022/05/31/man-sentenced-prison-aggravated-assault-attack-meredith-keltner-north-codorus-township-york-county/65357791007/,0.0006939847801000714
zlib,nonmember,https://www.ydr.com/story/news/crime/2022/07/26/tyrell-dotson-convicted-of-murder-for-death-of-willmar-santos-batista/65378028007/,0.0017386781690738697
zlib,nonmember,https://www.ydr.com/restricted/?return=https%3A%2F%2Fwww.ydr.com%2Fstory%2Fsports%2Fhigh-school%2F2022%2F05%2F23%2Fthe-top-baseball-and-softball-players-in-the-district-3-playoffs%2F65356526007%2F,0.000679997462349579
zlib,nonmember,https://www.ydr.com/restricted/?return=https%3A%2F%2Fwww.ydr.com%2Fstory%2Fnews%2Fcrime%2F2022%2F04%2F06%2Fwoman-found-guilty-keeping-remains-grandmother-freezer-social-security-york-county%2F65347682007%2F,0.000679997462349579
zlib,nonmember,https://www.ydr.com/restricted/?return=https%3A%2F%2Fwww.ydr.com%2Fstory%2Fnews%2Fwatchdog%2F2022%2F05%2F11%2Fyork-shooting-tony-wasilewski-2014-not-guilty%2F65350885007%2F,0.000679997462349579
zlib,nonmember,https://www.ydr.com/story/news/2022/05/06/voter-intimidation-delayed-primary-results-possible-pa-official-says/65353837007/,0.0011472016240119099
zlib,nonmember,https://www.ydr.com/story/news/2022/04/13/pa-state-house-passes-bill-against-trans-girls-in-girls-sports/65349966007/,0.00017298039522414517
zlib,nonmember,https://www.ydr.com/story/news/crime/2022/05/03/york-county-police-departments-struggle-to-find-new-and-diverse-hires/65352123007/,0.0011694796777708817
zlib,nonmember,https://www.ydr.com/story/news/crime/2022/04/14/three-die-two-separate-shootings-york-pa-this-week/65349623007/,0.0014028160054834163
zlib,nonmember,https://www.ydr.com/story/sports/college/penn-state/football/2022/04/18/penn-state-eric-wilson-journey-nfl-draft-2022/65347360007/,0.0009046191171613744
zlib,nonmember,https://www.ydr.com/story/news/local/2022/04/15/pennsylvania-supreme-court-suspends-law-license-york-attorney-clarence-allen/65350197007/,0.0012442431546528408
zlib,nonmember,https://www.ydr.com/story/news/2022/04/21/interstate-81-accident-pa-police-release-names-six-who-died/65351243007/,0.0030691601876012098
zlib,nonmember,https://www.ydr.com/story/news/2022/06/14/hurricane-agnes-flood-1972-devastated-central-pennsylvania-heavy-rain-flooding/65359285007/,0.0009412190909271275
zlib,nonmember,https://www.ydr.com/restricted/?return=https%3A%2F%2Fwww.ydr.com%2Fstory%2Fsports%2Fhigh-school%2Ftrack%2F2022%2F05%2F18%2Fpiaa-track-and-field-70-athletes-to-watch-in-district-3-meet%2F65355844007%2F,0.000679997462349579
zlib,nonmember,https://www.ydr.com/story/sports/college/penn-state/football/2022/06/09/penn-state-football-nick-singleton-kaytron-allen-lead-james-franklin/65359587007/,0.0009858310306160736
zlib,nonmember,https://www.ydr.com/story/news/2022/07/13/left-bank-restaurant-bar-eatery-downtown-york-pa-for-sale/65372564007/,0.0022403104410270063
zlib,nonmember,https://www.ydr.com/story/sports/high-school/basketball-girls/2022/07/05/new-west-york-and-spring-grove-basketball-york-college-coaches-started-at-same-place/65364925007/,0.000720958526536444
zlib,nonmember,https://www.ydr.com/story/news/local/2022/09/16/springettsbury-township-man-dies-25-days-after-2-vehicle-crash/69497262007/,0.004265009045581903
zlib,nonmember,https://www.ydr.com/restricted/?return=https%3A%2F%2Fwww.ydr.com%2Fin-depth%2Fsports%2F2022%2F06%2F15%2F22-women-who-changed-york-adams-sports-before-after-title-ix%2F65351069007%2F,0.000854829885704974
zlib,nonmember,https://www.ydr.com/restricted/?return=https%3A%2F%2Fwww.ydr.com%2Fstory%2Fnews%2Fcrime%2F2022%2F04%2F07%2Fman-sentenced-prison-two-deadly-drug-overdoses-york-county%2F65347700007%2F,0.000679997462349579
zlib,nonmember,https://www.ydr.com/story/sports/high-school/football/2022/06/06/central-york-football-players-continue-to-pick-up-division-i-offers/65358420007/,0.0006601473309965073
zlib,nonmember,https://www.ydr.com/story/news/2022/08/04/york-police-turn-to-the-community-for-ideas-to-reduce-gun-violence/65388415007/,0.0013797285644021953
zlib,nonmember,https://www.ydr.com/story/opinion/2022/06/21/york-aauw-at-50-group-resets-for-new-chapter-of-its-story/65362223007/,0.0006753810758678477
zlib,nonmember,https://www.ydr.com/story/sports/college/penn-state/football/2022/08/08/penn-state-football-coaches-poll-big-ten-james-franklin/65395659007/,0.0020500996517299236
zlib,nonmember,https://www.ydr.com/story/news/2022/07/27/york-state-fair-ride-inspections-what-you-need-to-know/65382750007/,0.0015606653944368698
zlib,nonmember,https://www.ydr.com/story/news/local/2022/07/11/york-state-fair-july-22-31-details-admission-tickets-parking-hours-and-more/65364021007/,0.0009711072073329767
zlib,nonmember,https://www.ydr.com/story/news/2022/07/12/rep-scott-perry-proud-boys-leader-zachary-rehl-implicated-jan-6-testimony/65372007007/,0.0012416778608539173
zlib,nonmember,https://www.ydr.com/story/sports/high-school/track-girls/2022/06/21/laila-campbell-wins-100-meter-dash-at-new-balance-nationals/65362272007/,0.0018935737130205965
zlib,nonmember,https://www.ydr.com/story/sports/college/penn-state/football/2022/09/08/penn-state-big-ten-and-college-football-ohio-james-franklin/65742707007/,0.0008260857292731158
zlib,nonmember,https://www.ydr.com/story/news/2022/04/06/lake-williams-dam-built-in-1911-is-being-demolished/65348530007/,0.0021633898061300303
zlib,nonmember,https://www.ydr.com/story/news/2022/06/22/rich-wurzbach-of-mrg-labs-invented-a-blood-test-for-machines/65352146007/,0.0006208382063420507
zlib,nonmember,https://www.ydr.com/story/news/2022/06/30/child-found-dead-pool-campground-southern-york-county-pa-after-going-missing/65365256007/,0.00232592042074991
zlib,nonmember,https://www.ydr.com/story/news/local/2022/06/23/judge-rules-favor-york-mayor-michael-helfrich-over-oath-office-henry-nixon/65363082007/,0.00154093917433259
zlib,nonmember,https://www.ydr.com/story/news/2022/05/12/jan-6-panel-subpoenas-us-rep-scott-perry/65355153007/,0.0004274446218259611
zlib,nonmember,https://www.ydr.com/story/news/2022/07/25/mechanicsburg-man-dies-in-two-vehicle-crash-in-dover-township-police-say/65382145007/,0.0027806585322273833
zlib,nonmember,https://www.ydr.com/story/sports/college/penn-state/football/2022/09/06/penn-state-college-football-big-ten-ohio-james-franklin-nick-singleton/65474170007/,0.0027523368579703204
zlib,nonmember,https://www.ydr.com/story/sports/high-school/2022/05/23/district-3-volleyball-results-scores-from-class-3a-2a-tournaments/65357229007/,0.001668811653578388
zlib,nonmember,https://www.ydr.com/restricted/?return=https%3A%2F%2Fwww.ydr.com%2Fin-depth%2Fnews%2F2022%2F06%2F13%2Fphilanthropy-nonprofits-york-county-most-influential-people-charity-giving%2F65352045007%2F,0.000854829885704974
zlib,nonmember,https://www.ydr.com/story/news/local/2022/09/09/tech-company-buys-york-continental-square-citizens-bank-property/67309566007/,0.0022875493901183975
zlib,nonmember,https://www.ydr.com/story/news/politics/elections/2022/07/03/protesters-at-york-rally-want-scott-perry-gone-from-congress/65366404007/,0.0015616931788328924
zlib,nonmember,https://www.ydr.com/restricted/?return=https%3A%2F%2Fwww.ydr.com%2Fstory%2Fnews%2F2022%2F04%2F21%2Fyork-restaurant-inspections-one-out-of-compliance%2F65350038007%2F,0.000679997462349579
zlib,nonmember,https://www.ydr.com/story/news/2022/05/02/yorks-mothers-day-street-fair-was-canceled-but-theres-an-alternative-alexandria-keener-beaver-street/65352175007/,0.0014570410835834074
zlib,nonmember,https://www.ydr.com/story/sports/high-school/baseball/2022/06/02/district-3-baseball-east-pennsboro-beats-littlestown-for-4a-title/65358498007/,0.0009384873637135979
zlib,nonmember,https://www.ydr.com/restricted/?return=https%3A%2F%2Fwww.ydr.com%2Fstory%2Fnews%2Fwatchdog%2F2022%2F05%2F03%2Fmedical-marijuana-zero-tolerance-dui-pennsylvania%2F65352215007%2F,0.000679997462349579
zlib,nonmember,https://www.ydr.com/story/news/2022/07/18/york-state-fair-2022-guide-to-what-to-eat/65373031007/,0.0008735195203352605
zlib,nonmember,https://www.ydr.com/story/opinion/columnists/2022/05/17/reporter-katia-parks-shares-insights-to-york-pa-violence/65350927007/,0.0008946833972543637
zlib,nonmember,https://www.ydr.com/story/sports/high-school/football/2022/05/10/jon-scepanski-leaves-northeastern-to-take-conestoga-valley-football-job/65354649007/,0.0010276588501727522
zlib,nonmember,https://www.ydr.com/story/news/2022/07/06/pennsylvania-residents-among-those-arrested-u-s-capitol-insurrection/4331778001/,0.00012489420644286523
zlib,nonmember,https://www.ydr.com/story/news/politics/2022/05/18/jeff-piccola-chairman-of-york-county-gop-resigns/65356063007/,0.002163098980758393
zlib,nonmember,https://www.ydr.com/story/news/2022/05/17/york-county-2022-democratic-republican-primary-race-results-today/65355341007/,0.0021751718990780607
zlib,nonmember,https://www.ydr.com/story/sports/high-school/football/2022/09/13/sam-stoner-jahiem-white-closing-in-on-york-high-william-penn-football-records/69487731007/,0.0009846944920179665
zlib,nonmember,https://www.ydr.com/story/news/2022/08/10/fat-daddys-nightclub-closes-auctioning-off-everything-in-york-pa-springettsbury/65395677007/,0.0031739888515739875
zlib,nonmember,https://www.ydr.com/story/sports/college/penn-state/football/2022/04/28/greatest-penn-state-catches-receivers-jahan-dotson-jameson-williams/65352118007/,0.0007524808359511332
zlib,nonmember,https://www.ydr.com/story/opinion/2022/07/26/these-key-projects-would-boost-quality-of-life-in-york-county/65383602007/,0.0007995721037922717
zlib,nonmember,https://www.ydr.com/story/news/2022/04/27/congressman-scott-perry-new-text-reveals-more-about-attempt-to-change-2020-presidential-election-res/65352246007/,0.002894566870860594
zlib,nonmember,https://www.ydr.com/story/news/2022/09/08/the-best-dive-bars-in-york-county-pa-here-are-6-to-check-out/65475324007/,0.0014869338927982134
zlib,nonmember,https://www.ydr.com/story/news/crime/2022/07/12/jaquez-brown-suspect-york-murder-shaheim-carr-recently-freed-prison/65371037007/,0.001207139597902871
zlib,nonmember,https://www.ydr.com/restricted/?return=https%3A%2F%2Fwww.ydr.com%2Fstory%2Fnews%2F2022%2F06%2F07%2Fnew-species-yorkicystis-haefneri-discovered-dig-fossils-york-pa%2F65357621007%2F,0.0007842940881435794
zlib,nonmember,https://www.ydr.com/story/sports/high-school/football/2022/05/31/west-yorks-terry-bupp-elected-to-pennsylvania-football-coaches-hall-of-fame/65357624007/,0.0009414383609039683
zlib,nonmember,https://www.ydr.com/story/sports/high-school/basketball-boys/2022/05/03/piaa-schools-vote-against-adding-a-shot-clock-to-high-school-basketball/65353578007/,0.0014167909375773875
zlib,nonmember,https://www.ydr.com/story/news/2022/06/29/the-haines-shoe-house-in-york-county-will-become-an-airbnb/65364374007/,0.0022030073987299456
zlib,nonmember,https://www.ydr.com/story/news/2022/05/04/meltdown-three-mile-island-airs-on-netflix/65353510007/,0.0024044191714074105
zlib,nonmember,https://www.ydr.com/story/opinion/2022/09/06/restoring-yorks-potters-field-do-it-yourself-urbanism/65474708007/,0.0007507602165062188
zlib,nonmember,https://www.ydr.com/story/news/2022/04/07/central-pennsylvania-to-receive-rain-today-national-weather-service-says/65348821007/,0.011098044080664938
zlib,nonmember,https://www.ydr.com/story/news/2022/05/16/severe-thunderstorm-watch-issued-central-pa-tornado-possible/65355765007/,0.004752938841001974
zlib,nonmember,https://www.ydr.com/story/news/politics/2022/04/11/dr-oz-senate-campaign-trump-endorsement/65349165007/,0.001058085241463529
zlib,nonmember,https://www.ydr.com/story/sports/college/penn-state/football/2022/04/29/nfl-draft-washington-commanders-penn-states-receiver-jahan-dotson-in-first-round/65352135007/,0.0013761175008346115
zlib,nonmember,https://www.ydr.com/story/sports/college/penn-state/2022/04/24/penn-state-james-franklin-sean-clifford-lead-psu-at-blue-white-game/65351312007/,0.0013293052733750299
zlib,nonmember,https://www.ydr.com/story/sports/college/penn-state/2022/04/23/penn-state-football-blue-white-game-with-james-franklin-drew-allar/65351234007/,0.0010188003774341235
zlib,nonmember,https://www.ydr.com/story/news/crime/2022/06/15/spring-garden-township-man-charged-with-fatally-stabbing-pregnant-woman-in-york-in-may/65361137007/,0.0016830499295171356
zlib,nonmember,https://www.ydr.com/story/sports/high-school/basketball-girls/2022/07/11/gettysburg-star-named-gametimepa-yaiaa-girls-athlete-of-the-year/65370388007/,0.0012026318241192323
zlib,nonmember,https://www.ydr.com/story/sports/high-school/2022/05/23/select-gametimepa-yaiaa-athletes-of-the-week-for-may-16-to-may-21/65357145007/,0.004304445847662194
zlib,nonmember,https://www.ydr.com/story/news/2022/05/09/york-county-bakery-collects-donations-to-support-ukrainian-refugees/65353063007/,0.0018435247361843405
zlib,nonmember,https://www.ydr.com/story/news/2022/04/12/white-clover-farm-stand-in-hellam-spurred-by-pandemic-food-supply-issues/65347398007/,0.0011585625442482395
zlib,nonmember,https://www.ydr.com/story/sports/high-school/football/2022/08/27/yaiaa-football-week-1-york-high-loses-thriller-central-york-gets-big-win/65457937007/,0.000940769968490028
zlib,nonmember,https://www.ydr.com/story/sports/college/penn-state/football/2022/08/29/penn-state-football-big-ten-purdue-boilermakers-nick-singleton/65461401007/,0.0025460168064094226
zlib,nonmember,https://www.ydr.com/story/news/local/2022/06/22/central-pa-braces-severe-thunderstorms-across-states-md-dc-wva-va-wednesday-evening-9-pm/65362654007/,0.004626977174459361
zlib,nonmember,https://www.ydr.com/story/news/crime/2022/06/20/york-pa-woman-sentenced-hiding-grandmother-body-freezer-social-security/65361623007/,0.0014709802069160231
zlib,nonmember,https://www.ydr.com/story/news/local/2022/05/26/veterans-memorial-gold-star-garden-memorial-day-event-honoring-wwi-kia/65354618007/,0.0009714815586422666
zlib,nonmember,https://www.ydr.com/story/news/crime/2022/04/15/man-dies-after-being-shot-during-fight-outside-home-in-adams-county/65350257007/,0.0037764473142807486
zlib,nonmember,https://www.ydr.com/story/news/local/2022/07/29/multiple-casualties-chanceford-township-crash-york-county-traffic-collision/65386614007/,0.0025812853330719316
zlib,nonmember,https://www.ydr.com/story/opinion/2022/05/03/new-life-for-hanover-trolley-rails/65353555007/,0.0008225116857855429
zlib,nonmember,https://www.ydr.com/story/news/2022/05/13/infant-found-dead-east-berlin-mother-ashley-decker-charged/65355254007/,0.0010670492988915103
zlib,nonmember,https://www.ydr.com/story/news/local/2022/07/18/reverend-adrian-boxley-appointed-york-city-district-justice-by-state/65371722007/,0.002479097697757023
zlib,nonmember,https://www.ydr.com/story/news/2022/05/03/give-local-york-24-hours-of-fundraising-right-around-the-corner/65353091007/,0.001105663946153342
zlib,nonmember,https://www.ydr.com/story/news/nation/2022/07/06/michael-lopatic-of-lancaster-dead-one-year-after-insurrection-arrest/65367853007/,0.001798083049007744
zlib,nonmember,https://www.ydr.com/story/sports/high-school/football/2022/08/27/central-pa-high-school-football-yaiaa-scores-results-highlights-from-week-1/65419140007/,0.0005921637374041943
zlib,nonmember,https://www.ydr.com/story/news/2022/09/12/pa-drivers-will-get-new-licenses-with-enhanced-security-features/69486893007/,0.0036800956413272886
zlib,nonmember,https://www.ydr.com/story/sports/college/penn-state/football/2022/09/10/penn-state-football-score-vs-ohio-university-bobcats-big-ten-nick-singleton/66758652007/,0.0025548418780600023
zlib,nonmember,https://www.ydr.com/story/news/crime/2022/05/23/murder-suicide-deadly-shooting-gunfire-mar-weekend-in-york-county/65356861007/,0.0010538848954131815
zlib,nonmember,https://www.ydr.com/story/opinion/2022/04/12/2-century-old-st-paul-lebanon-lutheran-church-illustrates-easter-message/65349861007/,0.001091834981913767
zlib,nonmember,https://www.ydr.com/story/opinion/2022/04/19/100-year-old-catholic-womans-club-in-york-draws-strength-from-its-past/65350914007/,0.001216162966320802
zlib,nonmember,https://www.ydr.com/story/sports/high-school/baseball/2022/06/09/piaa-baseball-delone-catholic-tops-schuylkill-haven-to-reach-2a-semis/65359966007/,0.001015126749826953
zlib,nonmember,https://www.ydr.com/story/news/crime/2022/05/26/york-county-district-attorney-drops-charges-co-defendant-attack-north-codorus-township/65357291007/,0.0013979801125446436
zlib,nonmember,https://www.ydr.com/story/sports/college/penn-state/football/2022/08/07/penn-state-football-3-things-to-learn-about-2022-big-ten-season/65393638007/,0.0008519967647939491
zlib,nonmember,https://www.ydr.com/story/sports/college/penn-state/football/2022/06/02/drew-hartlaub-hanover-leaves-carolina-panthers-injury-concussions/65358206007/,0.001303058025722157
zlib,nonmember,https://www.ydr.com/restricted/?return=https%3A%2F%2Fwww.ydr.com%2Fstory%2Fnews%2F2022%2F05%2F10%2Fcould-mental-health-experts-prevented-killing-of-lebanon-police-lt-william-lebo%2F65352523007%2F,0.000679997462349579
zlib,nonmember,https://www.ydr.com/restricted/?return=https%3A%2F%2Fwww.ydr.com%2Fstory%2Fsports%2Fhigh-school%2F2022%2F05%2F24%2Fnil-name-image-likeness-deals-could-be-headed-piaa-what-it-means-pa-high-school%2F65354558007%2F,0.0007656512823470954
zlib,nonmember,https://www.ydr.com/story/news/2022/05/24/brian-korte-york-haven-lynwood-nester-dillsburg-charged-capitol-riots/65357319007/,0.0017877968831967017
zlib,nonmember,https://www.ydr.com/story/opinion/2022/06/23/trovestreet-a-new-way-to-learn-about-aging-in-york-county/65362833007/,0.0011915598783576035
zlib,nonmember,https://www.ydr.com/story/opinion/2022/05/11/mifflin-house-preservation-latest-land-use-battle-in-eastern-york-county/65354943007/,0.0005830383886925927
zlib,nonmember,https://www.ydr.com/story/news/2022/08/02/pennsylvania-turnpike-tolls-increase-by-5-percent-january-e-zpass-pa-turnpike-hike/65389692007/,0.0022735992203951963
zlib,nonmember,https://www.ydr.com/story/sports/college/penn-state/football/2022/08/02/psu-football-games-nittany-lions-james-franklin-sean-clifford/65385455007/,0.0016031310058790208
zlib,nonmember,https://www.ydr.com/restricted/?return=https%3A%2F%2Fwww.ydr.com%2Fstory%2Fnews%2Fwatchdog%2F2022%2F04%2F20%2Fc-sau-prison-trainer-testifies-unemployed-exaggerated-business-jospha-garcia%2F65350079007%2F,0.000679997462349579
zlib,nonmember,https://www.ydr.com/restricted/?return=https%3A%2F%2Fwww.ydr.com%2Fstory%2Fsports%2Fhigh-school%2Fbaseball%2F2022%2F04%2F13%2Fhigh-school-sports-baseball-at-york-high-in-the-yaiaa-puerto-rico%2F65345438007%2F,0.000679997462349579
zlib,nonmember,https://www.ydr.com/restricted/?return=https%3A%2F%2Fwww.ydr.com%2Fstory%2Fnews%2Fcrime%2F2022%2F05%2F06%2Fmothers-day-struggle-for-those-who-have-lost-children-parents%2F65353690007%2F,0.000679997462349579
zlib,nonmember,https://www.ydr.com/story/sports/2022/05/05/toronto-blue-jays-call-up-delone-catholic-grad-casey-lawrence/65353814007/,0.0013614572970693044
zlib,nonmember,https://www.ydr.com/story/news/politics/elections/2022/05/26/politico-mark-meadows-burned-papers-after-meeting-with-scott-perry/65357627007/,0.0025723537387787186
zlib,nonmember,https://www.ydr.com/story/sports/high-school/2022/04/25/select-gametimepa-yaiaa-athletes-of-the-week-for-april18-to-april-23/65351891007/,0.004788555226005941
zlib,nonmember,https://www.ydr.com/story/news/2022/04/08/york-county-food-bank-is-moving-its-operations-out-of-the-former-kmart-store/65348695007/,0.0022488385591814502
zlib,nonmember,https://www.ydr.com/story/opinion/2022/05/23/pas-farmers-municipalities-pay-for-legislatures-inaction-on-clean-water/65357214007/,0.0011776851509614742
zlib,nonmember,https://www.ydr.com/restricted/?return=https%3A%2F%2Fwww.ydr.com%2Fstory%2Fnews%2Flocal%2F2022%2F06%2F13%2Ftasalina-young-memory-daughter-dyamond-helps-others-in-york-pa%2F65356517007%2F,0.000854829885704974
zlib,nonmember,https://www.ydr.com/story/news/local/2022/07/18/pa-backing-historic-small-restaurants-grant-awarded-harmony-inn/65371204007/,0.0016775916065693728
zlib,nonmember,https://www.ydr.com/story/news/2022/04/20/senator-jake-corman-eyes-pa-governors-office-after-23-years-in-dc/65348987007/,0.0007397510454720647
zlib,nonmember,https://www.ydr.com/story/news/2022/06/30/cheap-gas-what-is-e15-unleaded-88-and-e85-is-it-safe-to-use-in-cars-boats-vehicles-sheetz/65364424007/,0.0011281818682582325
zlib,nonmember,https://www.ydr.com/restricted/?return=https%3A%2F%2Fwww.ydr.com%2Fstory%2Fnews%2F2022%2F04%2F07%2Fpa-speed-cameras-work-zones-tickets-tossed-after-error-found%2F65345082007%2F,0.000679997462349579
zlib,nonmember,https://www.ydr.com/story/sports/high-school/2022/05/09/select-gametimepa-yaiaa-athletes-of-the-week-formay-2-to-may-7/65354485007/,0.005142090946449079
zlib,nonmember,https://www.ydr.com/story/sports/high-school/softball/2022/07/06/piaa-softball-coaches-select-states-top-players/65365518007/,0.0004712410123969302
zlib,nonmember,https://www.ydr.com/story/sports/high-school/football/2022/08/22/central-pa-football-schedule-scores-york-adams-2022-season/65409218007/,0.0006136240548370284
zlib,nonmember,https://www.ydr.com/story/sports/college/2022/03/31/ncaa-gymnastic-regionals-how-to-watch-the-action-from-4-competitions/65347499007/,0.0017834518929618743
zlib,nonmember,https://www.ydr.com/story/news/2022/07/29/one-killed-building-collapse-adams-county-central-pa-farm-state-police-say/65386328007/,0.0037337434571898397
zlib,nonmember,https://www.ydr.com/story/news/2022/09/14/pa-residents-with-criminal-records-could-get-help/69491572007/,0.0019220812192602941
zlib,nonmember,https://www.ydr.com/story/news/crime/2022/05/18/york-city-police-investigating-womans-overnight-death-as-homicide/65356359007/,0.003265964961445716
zlib,nonmember,https://www.ydr.com/restricted/?return=https%3A%2F%2Fwww.ydr.com%2Fstory%2Fnews%2F2022%2F04%2F21%2Fcomings-and-goings-eco-friendly-store-opens-in-york-coffee-shop-closes%2F65351060007%2F,0.000679997462349579
zlib,nonmember,https://www.ydr.com/restricted/?return=https%3A%2F%2Fwww.ydr.com%2Fstory%2Fnews%2F2022%2F05%2F11%2Fthe-york-and-adams-county-real-estate-markets-are-still-pretty-hot%2F65354554007%2F,0.000679997462349579
zlib,nonmember,https://www.ydr.com/story/news/local/2022/09/06/fall-festivals-and-family-friendly-activities-in-york-county/65419910007/,0.0006609307936934781
zlib,nonmember,https://www.ydr.com/story/sports/high-school/2022/04/18/select-gametimepa-yaiaa-athletes-of-the-week-for-april-11-16/65350764007/,0.004839074642411833
zlib,nonmember,https://www.ydr.com/story/news/2022/04/26/man-dies-after-falling-into-the-codorus-creek-in-york-fire-chief-says/65351925007/,0.0023596171832134297
zlib,nonmember,https://www.ydr.com/story/news/local/2022/08/04/children-injured-in-deadly-amish-tractor-crash-york-county-remain-in-hospital/65390689007/,0.0026026889338310244
zlib,nonmember,https://www.ydr.com/story/news/crime/2022/04/18/york-school-district-chad-gerrick-pleads-guilty-disorderly-conduct/65350765007/,0.0017469130711840644
zlib,nonmember,https://www.ydr.com/story/news/local/2022/05/05/york-city-council-brings-crown-act-to-board-for-hair-discrimination/65353633007/,0.0016551528201571135
zlib,nonmember,https://www.ydr.com/story/sports/high-school/wrestling/2022/05/05/dave-gable-steps-down-as-dallastown-wrestling-coach-after-25-years/65353876007/,0.0007398676546025618
zlib,nonmember,https://www.ydr.com/story/news/crime/2022/05/25/former-north-york-tax-collector-keith-ramsay-rejected-veterans-wellness-court/65356693007/,0.002079799117021115
zlib,nonmember,https://www.ydr.com/story/sports/high-school/volleyball-boys/2022/06/01/piaa-boys-volleyball-results-matchups/65358273007/,0.0012745153942367755
zlib,nonmember,https://www.ydr.com/story/news/2022/08/02/the-community-responds-to-help-an-amish-family-touched-by-tragedy/65388394007/,0.0007815052205392747
zlib,nonmember,https://www.ydr.com/story/news/politics/2022/04/07/kenyatta-running-for-senate-because-the-status-quo-will-not-save-us/65348457007/,0.0007751314193364995
zlib,nonmember,https://www.ydr.com/restricted/?return=https%3A%2F%2Fwww.ydr.com%2Fstory%2Fnews%2Fcrime%2F2022%2F05%2F09%2Fhearing-joe-fitzpatrick-iii-first-degree-murder-second-trial-york-county%2F65353970007%2F,0.000679997462349579
zlib,nonmember,https://www.ydr.com/story/news/2022/05/18/shamaine-daniels-wins-democratic-nomination-to-face-scott-perry-us-congress/65355455007/,0.0012211870178469473
zlib,nonmember,https://www.ydr.com/story/news/local/2022/06/22/adams-county-crash-leaves-three-dead-pa-police-say/65362619007/,0.0037662374279729253
zlib,nonmember,https://www.ydr.com/restricted/?return=https%3A%2F%2Fwww.ydr.com%2Fstory%2Fsports%2Fhigh-school%2Ftrack%2F2022%2F05%2F19%2Fpiaa-track-and-field-70-athletes-to-watch-in-district-3-meet%2F65355844007%2F,0.000679997462349579
zlib,nonmember,https://www.ydr.com/story/news/crime/2022/08/25/york-county-pa-da-says-shooting-after-wedding-self-defense/65415627007/,0.0020363941087976002
zlib,nonmember,https://www.ydr.com/story/sports/college/penn-state/football/2022/06/28/penn-state-football-james-franklin-recruits-southern-players-from-alabama-al-florida-fla/65362631007/,0.0008576969567557418
zlib,nonmember,https://www.ydr.com/restricted/?return=https%3A%2F%2Fwww.ydr.com%2Fstory%2Fnews%2F2022%2F06%2F02%2Fafter-a-long-two-years-heres-where-summer-festivals-in-central-pa-stand-in-2022%2F65352431007%2F,0.0006189343665043
zlib,nonmember,https://www.ydr.com/story/news/2022/05/03/encore-a-celebration-of-york-county-high-school-musicials-returns/65351061007/,0.001313889561939416
zlib,nonmember,https://www.ydr.com/story/news/local/2022/07/05/electric-wooden-tour-boat-chief-uncus-launched-in-susquehanna-river-york-county/65365534007/,0.0019599863552463275
zlib,nonmember,https://www.ydr.com/story/news/fixing-york/2022/09/01/redevelopment-plans-for-south-george-street-post-office-sought/65468307007/,0.002280897272107643
zlib,nonmember,https://www.ydr.com/story/sports/high-school/volleyball-boys/2022/07/08/piaa-district-3-13-yaiaa-players-named-boys-volleyball-all-stars/65368955007/,0.0015385358993882598
zlib,nonmember,https://www.ydr.com/story/sports/high-school/football/2022/09/17/yaiaa-football-scores-from-week-4-dallastown-central-york-earn-wins/69496327007/,0.0011626705382472738
zlib,nonmember,https://www.ydr.com/story/sports/high-school/football/2022/05/18/central-yorks-cade-pribula-transfers-from-delaware-to-sacred-heart/65355912007/,0.0009189821843555288
zlib,nonmember,https://www.ydr.com/story/news/local/2022/09/15/vandals-damaged-a-welcome-to-york-gateway-water-company-will-fix-it/69492561007/,0.0032913437585004733
zlib,nonmember,https://www.ydr.com/story/news/local/2022/07/13/christmas-smile-in-july-offers-free-food-gifts-and-more-in-york/65371977007/,0.003191189273594746
zlib,nonmember,https://www.ydr.com/story/news/crime/2022/09/07/strada-brothers-sentence-in-whispering-wind-bear-spirit-shooting-death/65466363007/,0.002345555666813551
zlib,nonmember,https://www.ydr.com/story/opinion/2022/07/05/years-after-civil-war-york-surrendered-a-second-time-to-confederates/65367339007/,0.000840029881587629
zlib,nonmember,https://www.ydr.com/story/news/politics/elections/2022/08/24/scott-perry-sues-department-of-justice-block-access-cellphone-jan-6-probe/65418234007/,0.0015201130833257229
zlib,nonmember,https://www.ydr.com/story/news/2022/05/23/york-state-fair-2022-what-to-expect-concerts-prices-heroes-hall/65355495007/,0.0005481455928463482
zlib,nonmember,https://www.ydr.com/story/sports/high-school/2022/07/15/nil-name-age-likeness-policy-pa-high-school-athletes-1-step-closer-to-deals-heres-how/65373478007/,0.0019792282073472214
zlib,nonmember,https://www.ydr.com/story/sports/high-school/track/2022/05/20/district-3-track-and-field-results-from-day-1-in-shippensburg/65356535007/,0.0010884336075718227
zlib,nonmember,https://www.ydr.com/story/news/crime/2022/08/19/former-york-city-police-officer-charged-sexual-abuse-teen-joseph-palmer/65411308007/,0.0016468025725202983
zlib,nonmember,https://www.ydr.com/story/news/health/2022/08/23/wellspan-health-celebrates-ecmo-survivors/65410594007/,0.0015876655549939835
zlib,nonmember,https://www.ydr.com/story/news/politics/elections/2022/07/20/u-s-rep-scott-perry-votes-in-favor-of-bill-to-protect-gay-marriage/65378069007/,0.0020113484532751904
zlib,nonmember,https://www.ydr.com/story/sports/high-school/football/2022/07/11/dallastown-star-named-gametimepa-yaiaa-boys-athlete-of-the-year/65368843007/,0.0011563557551089846
zlib,nonmember,https://www.ydr.com/story/sports/college/penn-state/football/2022/09/13/penn-state-big-ten-college-football-auburn-tigers-sec-drew-allar/69486532007/,0.0018761473473121047
zlib,nonmember,https://www.ydr.com/story/opinion/2022/04/26/sen-regan-we-will-not-allow-satan-into-northern-york-county-schools/65352053007/,0.0018144415774689622
zlib,nonmember,https://www.ydr.com/story/opinion/2022/05/24/southcentral-pa-teachers-influence-lasts-a-lifetime/65357368007/,0.0008689902702055879
zlib,nonmember,https://www.ydr.com/story/news/politics/2022/04/24/primary-election-2022-47th-pa-state-house-seat-contested-republican-ticket/65350261007/,0.010574570884080658
zlib,nonmember,https://www.ydr.com/story/news/2022/04/12/easter-traditions-in-central-pa-include-pysanky-eggs-and-easter-bread/65348709007/,0.0007906475705406814
zlib,nonmember,https://www.ydr.com/restricted/?return=https%3A%2F%2Fwww.ydr.com%2Fstory%2Fnews%2Flocal%2F2022%2F04%2F20%2Fcan-after-school-satan-club-sue-northern-york-school-district-lucien-greaves%2F65351105007%2F,0.000679997462349579
zlib,nonmember,https://www.ydr.com/story/sports/high-school/2022/09/12/yaiaa-sports-select-athletes-of-the-week-for-sept-5-to-sept-10/69487037007/,0.004861382568467368
zlib,nonmember,https://www.ydr.com/story/news/2022/04/20/more-than-21000-tulips-are-near-full-bloom-at-hershey-gardens/65350850007/,0.0022865341911011343
zlib,nonmember,https://www.ydr.com/story/news/local/2022/09/01/gas-prices-drop-below-4-dollars-gallon-at-some-stations-in-york-county/65466343007/,0.0020415649911975325
zlib,nonmember,https://www.ydr.com/story/news/2022/06/13/christmas-assault-victim-barbara-laughman-west-manchester-township-encompass-health/65360603007/,0.004599650805166315
zlib,nonmember,https://www.ydr.com/story/sports/college/penn-state/football/2022/04/12/penn-state-football-nittany-lions-add-demeioun-robinson-maryland-linebacker/65349874007/,0.0014053641457351038
zlib,nonmember,https://www.ydr.com/restricted/?return=https%3A%2F%2Fwww.ydr.com%2Fstory%2Fnews%2F2022%2F05%2F09%2Fwestinghouse-atom-smasher-rots-away-in-a-pennsylvania-neighborhood%2F65352649007%2F,0.000679997462349579
zlib,nonmember,https://www.ydr.com/story/news/watchdog/2022/05/20/pennsylvania-supreme-court-denies-request-appeal-york-county-prison-corrections-officers-taunting/65356543007/,0.0015704722053745896
zlib,nonmember,https://www.ydr.com/story/sports/high-school/2022/05/27/piaa-track-and-field-chambersburgs-j-j-kelly-wins-triple-jump-title/65357639007/,0.000933422742242502
zlib,nonmember,https://www.ydr.com/story/sports/college/penn-state/football/2022/07/21/penn-state-football-sexual-extortion-student-athletes-police/65377756007/,0.0022694663773744047
zlib,nonmember,https://www.ydr.com/story/sports/high-school/football/2022/06/10/york-catholic-hires-longtime-assistant-brad-hayek-as-head-football-coach/65360074007/,0.0009634120942311833
zlib,nonmember,https://www.ydr.com/story/news/crime/2022/04/06/pennsylvania-superior-court-permission-appeal-ex-southwestern-regional-police-officer-shooting/65348674007/,0.0016282645761553013
zlib,nonmember,https://www.ydr.com/story/sports/college/penn-state/football/2022/09/01/penn-state-purdue-boilermakers-big-ten-live-scoring-updates/65465506007/,0.000519891881816325
zlib,nonmember,https://www.ydr.com/story/news/health/2022/04/01/a-night-to-remember-those-lost-by-covid-with-1488-luminaries-in-york/65347724007/,0.0021815921349263084
zlib,nonmember,https://www.ydr.com/story/news/crime/2022/09/13/one-dead-one-injured-in-reported-stabbing-in-springettsbury-township/69492968007/,0.0029547891807651253
zlib,nonmember,https://www.ydr.com/story/sports/college/penn-state/football/2022/05/09/penn-state-nittany-lions-football-dani-dennis-sutton-defensive-lineman/65352114007/,0.0007754323408056471
zlib,nonmember,https://www.ydr.com/story/news/crime/2022/08/08/5-people-found-unconscious-two-now-dead-in-york-county-pa-home/65396070007/,0.0026820925022156255
zlib,nonmember,https://www.ydr.com/restricted/?return=https%3A%2F%2Fwww.ydr.com%2Fstory%2Fsports%2Fhigh-school%2Fbaseball%2F2022%2F05%2F24%2Fyork-high-baseball-dominican-republic-puerto-rico-york-revolution%2F65355801007%2F,0.0007656512823470954
zlib,nonmember,https://www.ydr.com/restricted/?return=https%3A%2F%2Fwww.ydr.com%2Fstory%2Fnews%2Fwatchdog%2F2022%2F04%2F14%2Frobert-vicosa-murder-suicide-timeline-events-transparency%2F65349570007%2F,0.000679997462349579
zlib,nonmember,https://www.ydr.com/story/news/2022/08/25/fundraiser-christine-fousek-rylee-reynolds-stewartstown-york-county/65419562007/,0.002630885878274845
zlib,nonmember,https://www.ydr.com/story/sports/high-school/football/2022/09/02/central-pennsylvania-high-school-football-scoreboard-see-which-york-adams-teams-won-in-week-2/65468092007/,0.002125931242537849
zlib,nonmember,https://www.ydr.com/story/sports/college/penn-state/football/2022/04/29/nfl-draft-penn-state-football-arnold-ebiketie-atlanta-falcons/65352157007/,0.0015913008961196866
zlib,nonmember,https://www.ydr.com/story/news/2022/09/14/trans-siberian-orchestra-to-perform-2-concerts-in-hershey-in-december/69491582007/,0.0037759133619629836
zlib,nonmember,https://www.ydr.com/story/news/crime/2022/09/14/one-dead-one-injured-in-reported-stabbing-in-springettsbury-township/69492968007/,0.002129076504276998
zlib,nonmember,https://www.ydr.com/story/news/politics/elections/2022/08/17/democrat-shamaine-daniels-poll-shows-lead-over-rep-scott-perry/65404028007/,0.001392020841480128
zlib,nonmember,https://www.ydr.com/story/news/2022/05/18/york-county-2022-democratic-republican-primary-race-results-today/65355341007/,0.0021751718990780607
zlib,nonmember,https://www.ydr.com/story/news/crime/2022/09/13/york-county-coroner-identifies-man-who-died-after-weekend-shooting-in-city/69491367007/,0.0024301664672339565
zlib,nonmember,https://www.ydr.com/story/news/crime/2022/04/27/man-pleads-no-contest-third-degree-murder-deadly-shooting-west-manheim-township-york-county/65352283007/,0.001016460730122988
zlib,nonmember,https://www.ydr.com/story/news/crime/2022/05/26/former-northern-york-county-regional-police-chief-facing-dui-charges/65357632007/,0.0015098416493407563
zlib,nonmember,https://www.ydr.com/story/news/2022/07/05/teen-dies-4-injured-single-vehicle-crash-near-littlestown-adams-county-pa-july-4/65367258007/,0.002628407096456636
zlib,nonmember,https://www.ydr.com/story/news/2022/04/13/conor-lamb-senate-race-says-record-over-john-fetterman/65348890007/,0.0006039331747318278
zlib,nonmember,https://www.ydr.com/story/sports/high-school/football/2022/09/08/central-pa-high-school-football-live-scoreboard-from-week-3-yaiaa-ll-league-mid-penn-conference/66862778007/,0.005226200137419825
zlib,nonmember,https://www.ydr.com/story/news/2022/05/10/real-id-in-pa-with-deadline-approaching-heres-what-you-need-to-know/65353960007/,0.0007894650177733136
zlib,nonmember,https://www.ydr.com/story/sports/college/penn-state/football/2022/04/29/penn-state-ad-patrick-kraft-confirmed-friday/65352557007/,0.0017337358813216835
zlib,nonmember,https://www.ydr.com/story/news/crime/2022/05/27/daiquan-dickerson-sentenced-life-prison-murdering-dover-area-high-school-student-emily-shoemaker/65356726007/,0.0009918957223744938
zlib,nonmember,https://www.ydr.com/story/sports/high-school/2022/06/27/award-winning-kennard-dale-powerlifting-coach-steps-down/65362716007/,0.0006716675558311419
zlib,nonmember,https://www.ydr.com/story/sports/college/penn-state/football/2022/07/01/college-football-usc-ucla-joining-penn-state-big-ten/65366000007/,0.0013472055134528542
zlib,nonmember,https://www.ydr.com/story/sports/high-school/softball/2022/05/26/district-3-softball-championships-results-scores-from-each-round/65357552007/,0.0013201550682579051
zlib,nonmember,https://www.ydr.com/story/news/2022/05/20/police-investigating-shooting-west-manchester-west-york-auto-spa-express/65356744007/,0.002713204338414141
zlib,nonmember,https://www.ydr.com/story/news/2022/06/07/philadelphia-man-sedition-charges-u-s-capitol-insurrection/65359583007/,0.0011129068718413136
zlib,nonmember,https://www.ydr.com/story/news/2022/08/11/hundreds-turn-out-to-protest-the-re-use-of-york-county-landfill/65398396007/,0.0010124214950729135
zlib,nonmember,https://www.ydr.com/story/news/crime/2022/08/19/takanii-beatty-gets-prison-time-for-york-rape-prostitution-case/65405818007/,0.0019248350647446395
zlib,nonmember,https://www.ydr.com/restricted/?return=https%3A%2F%2Fwww.ydr.com%2Fstory%2Fnews%2F2022%2F06%2F14%2Fwill-pennsylvania-make-it-easier-for-teachers-to-carry-guns%2F65360505007%2F,0.000854829885704974
zlib,nonmember,https://www.ydr.com/story/news/local/2022/08/16/lawsuit-louis-appell-iii-filed-against-ufd-founders-settled/65395849007/,0.0016516910139893809
zlib,nonmember,https://www.ydr.com/story/news/2022/08/01/york-pa-three-alarm-fire-destroys-vacant-home-east-mason-avenue/65387808007/,0.0025695921999349513
zlib,nonmember,https://www.ydr.com/story/news/2022/08/09/pa-cuts-corporate-net-income-tax-nearly-in-half/65396041007/,0.002717104457955472
zlib,nonmember,https://www.ydr.com/story/news/local/2022/06/27/six-york-county-restaurants-out-of-compliance-inspections-dirty-kitchens/65361708007/,0.0004326013208702216
zlib,nonmember,https://www.ydr.com/story/news/2022/05/27/weather-alert-storms-flash-floods-possible-tornado-central-pa/65357673007/,0.002036162026006459
zlib,nonmember,https://www.ydr.com/story/news/politics/2022/04/24/voters-guide-2022-10th-congressional-race-in-pennsylvania/65350260007/,0.01015040719416902
zlib,nonmember,https://www.ydr.com/story/news/crime/2022/04/28/york-county-victims-rights-coalition-march-vigil-trauma-support/65352197007/,0.001535257560674728
zlib,nonmember,https://www.ydr.com/story/news/politics/2022/04/24/primary-election-2022-two-republicans-vying-pa-169th-state-house-seat/65350263007/,0.014105972706496647
zlib,nonmember,https://www.ydr.com/restricted/?return=https%3A%2F%2Fwww.ydr.com%2Fstory%2Fnews%2F2022%2F05%2F03%2Fa-developer-has-big-plans-for-former-memorial-hospital-site%2F65352173007%2F,0.000679997462349579
zlib,nonmember,https://www.ydr.com/story/opinion/2022/07/15/the-long-road-to-vindication-for-officer-clayton-swartz-opinion/65374340007/,0.0008854169715972426
zlib,nonmember,https://www.ydr.com/story/sports/high-school/tennis-girls/2022/04/29/yaiaa-tennis-which-players-are-still-alive-for-championships/65352612007/,0.004477867424173881
zlib,nonmember,https://www.ydr.com/story/sports/college/penn-state/football/2022/09/18/penn-state-football-nick-singleton-auburn-tigers-big-ten-sec/69494656007/,0.0009997075076922629
zlib,nonmember,https://www.ydr.com/story/news/2022/06/22/american-idol-finalist-huntergirl-york-state-fair-july-29/65362462007/,0.0029373687392978977
zlib,nonmember,https://www.ydr.com/story/news/crime/2022/05/16/york-activists-dog-and-car-stolen-begs-thief-to-return-pet-safely/65355772007/,0.0022689806628036283
zlib,nonmember,https://www.ydr.com/story/news/2022/04/18/mollys-courtyard-cafe-york-to-close-and-new-cafe-reopens-in-june/65349885007/,0.0012535140122085968
zlib,nonmember,https://www.ydr.com/story/news/2022/06/29/co-defendant-in-dover-student-emily-shoemakers-murder-sentenced/65364373007/,0.0017467210989676736
zlib,nonmember,https://www.ydr.com/restricted/?return=https%3A%2F%2Fwww.ydr.com%2Fstory%2Flife%2Ffood%2F2022%2F05%2F16%2Ffarms-in-york-county-offer-home-deliveries%2F65352137007%2F,0.000679997462349579
zlib,nonmember,https://www.ydr.com/story/news/local/2022/06/10/york-county-police-partner-with-logos-on-public-safety-collaboration/65359772007/,0.0018542614967643764
zlib,nonmember,https://www.ydr.com/story/opinion/2022/08/02/st-lukes-lutheran-church-celebrates-250-anniversary-in-southern-york-county/65389486007/,0.0008288360565456959
zlib,nonmember,https://www.ydr.com/restricted/?return=https%3A%2F%2Fwww.ydr.com%2Fin-depth%2Fnews%2F2022%2F06%2F13%2Factivism-social-justice-york-most-influential-people%2F65351407007%2F,0.000854829885704974
zlib,nonmember,https://www.ydr.com/story/news/local/2022/05/31/murder-suicide-victim-erin-walker-remembered-at-central-memorial/65358157007/,0.0014707495073353857
zlib,nonmember,https://www.ydr.com/story/news/local/2022/07/21/york-mayor-michael-helfrich-oath-of-office-decision-appealed-to-superior-court/65377376007/,0.0021518739976015707
zlib,nonmember,https://www.ydr.com/restricted/?return=https%3A%2F%2Fwww.ydr.com%2Fstory%2Fnews%2F2022%2F05%2F12%2Fparents-at-northeastern-school-district-fed-up-with-bullying%2F65351444007%2F,0.000679997462349579
zlib,nonmember,https://www.ydr.com/story/sports/high-school/football/2022/09/08/red-lion-high-school-garrett-coppersmith-makes-record-breaking-kick/66745861007/,0.0008421550687196464
zlib,nonmember,https://www.ydr.com/story/sports/high-school/football/2022/06/17/eric-depew-hired-as-red-land-football-coach-after-leaving-york-catholic/65361664007/,0.0008217838306773883
zlib,nonmember,https://www.ydr.com/story/news/2022/09/13/emt-struck-by-truck-in-downtown-york/69493220007/,0.007482983969236659
zlib,nonmember,https://www.ydr.com/story/news/watchdog/2022/05/20/york-daily-record-takes-district-attorney-to-court-in-vicosa-case/65355306007/,0.0009693212371911571
zlib,nonmember,https://www.ydr.com/story/sports/2022/06/24/michigans-eli-brooks-signs-summer-league-contract-with-indiana-pacers/65363446007/,0.0019182709162175334
zlib,nonmember,https://www.ydr.com/restricted/?return=https%3A%2F%2Fwww.ydr.com%2Fstory%2Fsports%2Fhigh-school%2F2022%2F04%2F04%2Fyork-adams-players-watch-district-state-high-school-sports-yaiaa%2F65347631007%2F,0.000679997462349579
zlib,nonmember,https://www.ydr.com/story/news/2022/05/19/harley-davidson-york-county-pa-springettsbury-township-suspends-operations/65356500007/,0.002731387247426006
zlib,nonmember,https://www.ydr.com/restricted/?return=https%3A%2F%2Fwww.ydr.com%2Fstory%2Fsports%2Fhigh-school%2Ffootball%2F2022%2F05%2F11%2Fcoach-russ-stoner-goes-beyond-football-for-city-of-york-school-district%2F65350937007%2F,0.000679997462349579
zlib,nonmember,https://www.ydr.com/story/news/2022/05/11/york-county-911-holding-recruitment-drive-to-fill-15-open-positions/65354635007/,0.0015306983625871149
zlib,nonmember,https://www.ydr.com/story/news/2022/06/03/central-pa-bars-taverns-facing-beer-shortage/65358543007/,0.001648499263771913
zlib,nonmember,https://www.ydr.com/story/sports/college/2022/04/02/trinity-thomas-leads-florida-to-third-highest-gymnastic-total-in-ncaa/65347768007/,0.0018839836369975963
zlib,nonmember,https://www.ydr.com/restricted/?return=https%3A%2F%2Fwww.ydr.com%2Fstory%2Fnews%2F2022%2F05%2F16%2Fyork-county-restaurant-inspections-engine-oil-bottle-found-in-food-area-meat-not-covered%2F65354936007%2F,0.000679997462349579
zlib,nonmember,https://www.ydr.com/story/news/crime/2022/05/24/spring-garden-police-press-conference-central-york-high-school-teacher-fatal-shooting/65357296007/,0.004344946365845731
zlib,nonmember,https://www.ydr.com/story/sports/high-school/basketball-girls/2022/05/02/jim-kunkle-resigns-as-west-york-area-high-school-girls-basketball-coach/65353118007/,0.001114013356549963
zlib,nonmember,https://www.ydr.com/story/opinion/2022/09/13/2022-dorrie-leader-award-recipient-lizaida-morales/69492274007/,0.0007743688143901691
zlib,nonmember,https://www.ydr.com/story/news/2022/05/24/celebrate-national-wine-day-with-mark-and-vals-wine-in-york/65356572007/,0.0010662725448060365
zlib,nonmember,https://www.ydr.com/story/sports/high-school/football/2022/09/06/yaiaa-sports-select-athletes-of-the-week-foraug-29-to-sept-3/65475033007/,0.005364412882183666
zlib,nonmember,https://www.ydr.com/story/sports/college/penn-state/football/2022/04/20/penn-state-blue-white-football-game-2022-james-franklin-nick-singleton/65350805007/,0.0009224024294483761
zlib,nonmember,https://www.ydr.com/story/sports/high-school/2022/05/31/high-school-sports-select-final-yaiaa-athletes-of-week-for-2021-22/65358283007/,0.0054859607492333306
zlib,nonmember,https://www.ydr.com/story/news/politics/2022/04/25/pa-voters-guide-2022-where-the-primary-candidates-stand/65350980007/,0.0011723420947793229
zlib,nonmember,https://www.ydr.com/story/news/local/community/2022/07/27/russia-ukraine-war-antonina-kovalenko-emigsville-george-hay-kain/65381771007/,0.0013435823995001657
zlib,nonmember,https://www.ydr.com/story/sports/nfl/2022/04/25/bruce-arians-retirement-nfl-coach-tampa-bay-health-tom-brady/65348336007/,0.0008329475774469714
zlib,nonmember,https://www.ydr.com/story/news/local/2022/08/15/route-30-pa-crash-claims-the-life-of-one-york-township-woman/65403368007/,0.002843025943113821
zlib,nonmember,https://www.ydr.com/story/news/local/2022/05/31/york-police-offer-form-for-residents-that-suffer-from-mental-illness/65357719007/,0.0015616646547377397
zlib,nonmember,https://www.ydr.com/story/news/2022/08/11/congressman-scott-perry-pa-10th-district-fbi-investigation/65399207007/,0.0011110858257097533
zlib,nonmember,https://www.ydr.com/story/news/politics/2022/09/15/mastriano-education-plan-would-cut-school-funding-by-12b-union-says/69495468007/,0.001334413897859417
zlib,nonmember,https://www.ydr.com/story/news/2022/04/07/life-with-alopecia-is-an-emotional-roller-coaster/65348435007/,0.0008317070526023478
zlib,nonmember,https://www.ydr.com/story/sports/outdoors/2022/09/01/trout-stocking-hatcheries-pa-fish-boat-commission/65462285007/,0.0007727632870045645
zlib,nonmember,https://www.ydr.com/story/news/2022/06/10/osha-investigating-after-workers-fall-in-chocolate-tank-lancaster-pennsylvania-factory/65360110007/,0.0026251195807199257
zlib,nonmember,https://www.ydr.com/story/news/2022/05/26/distinguished-young-women-of-york-county-to-award-scholarships/65357279007/,0.0016103692215579503
zlib,nonmember,https://www.ydr.com/story/news/politics/2022/04/05/primary-2022-who-is-running-for-office-in-central-pa/65346540007/,0.0005859019792866235
zlib,nonmember,https://www.ydr.com/story/opinion/2022/04/06/sen-mike-regan-its-time-to-legalize-adult-use-marijuana-in-pa/65348677007/,0.0013392784258173935
zlib,nonmember,https://www.ydr.com/story/news/local/2022/09/07/problem-solver-studios-in-west-york-offers-safe-space-for-music-artists/65458109007/,0.0011927884014799504
zlib,nonmember,https://www.ydr.com/story/news/local/2022/07/13/video-helps-york-police-arrest-jaquez-brown-in-killing-of-shaheim-carr/65372942007/,0.0010103350713643955
zlib,nonmember,https://www.ydr.com/story/news/2022/07/08/wildcat-roller-coaster-hershey-park-closing-rmc-coasters/65369486007/,0.003045771902761573
zlib,nonmember,https://www.ydr.com/story/news/2022/05/17/primary-day-in-pennsylvania-what-you-need-to-know-about-the-polls-last-minute-mail-ballots/65352112007/,0.0007829312593872266
zlib,nonmember,https://www.ydr.com/story/news/politics/2022/04/14/pa-governors-race-doug-mastriano-leading-election-denier/65349168007/,0.0010892579795807988
zlib,nonmember,https://www.ydr.com/story/news/2022/06/10/scott-perry-sought-presidential-pardon-january-6-insurrection-capitol-attack-liz-cheney/65360025007/,0.002304876348503199
zlib,nonmember,https://www.ydr.com/story/sports/high-school/lacrosse-boys/2022/05/16/yaiaa-boys-lacrosse-coaches-name-2022-all-stars-players-of-the-year/65355776007/,0.0018686587776503972
zlib,nonmember,https://www.ydr.com/restricted/?return=https%3A%2F%2Fwww.ydr.com%2Fstory%2Fsports%2Fhigh-school%2F2022%2F04%2F05%2Fyork-adams-players-watch-district-state-high-school-sports-yaiaa%2F65347631007%2F,0.000679997462349579
zlib,nonmember,https://www.ydr.com/restricted/?return=https%3A%2F%2Fwww.ydr.com%2Fstory%2Fnews%2F2022%2F05%2F09%2Fcould-mental-health-experts-prevented-killing-of-lebanon-police-lt-william-lebo%2F65352523007%2F,0.000679997462349579
zlib,nonmember,https://www.ydr.com/story/news/local/2022/08/03/york-xl-york-county-food-bank-seek-grants-from-gannett-community-thrives/65385659007/,0.002359902858991011
zlib,nonmember,https://www.ydr.com/story/news/2022/06/07/baltimore-county-md-collector-chad-shapiro-has-thomas-edison-light-bulbs/65352109007/,0.001175282722745193
zlib,nonmember,https://www.ydr.com/story/opinion/2022/06/15/york-countys-conspiracy-of-1803-a-troubling-story/65361114007/,0.0007628933246375178
zlib,nonmember,https://www.ydr.com/story/sports/high-school/basketball-girls/2022/04/18/dallastowns-dshantae-edwards-commits-to-bethune-cookman-basketball/65350270007/,0.0009957261791274398
zlib,nonmember,https://www.ydr.com/restricted/?return=https%3A%2F%2Fwww.ydr.com%2Fstory%2Fsports%2Fhigh-school%2F2022%2F06%2F21%2Fgettysburg-athletics-should-the-yaiaa-be-ok-with-move-to-mid-penn%2F65361026007%2F,0.0009465055677502668
zlib,nonmember,https://www.ydr.com/story/news/2022/04/01/lebanon-city-police-officer-lebo-shooting-timeline-travis-shaud/65347767007/,0.001773207308124929
zlib,nonmember,https://www.ydr.com/story/news/2022/07/27/former-superfund-site-in-hopewell-twp-could-be-reopened-as-landfill/65382901007/,0.0013229181444640034
zlib,nonmember,https://www.ydr.com/restricted/?return=https%3A%2F%2Fwww.ydr.com%2Fstory%2Fnews%2F2022%2F04%2F05%2Fnew-pizza-shop-opens-in-york-as-an-old-favorite-returns%2F65347318007%2F,0.000679997462349579
zlib,nonmember,https://www.ydr.com/story/news/local/2022/08/31/united-steelworkers-union-gives-notice-of-strike-to-bae-systems-in-york/65464768007/,0.0019083187743020075
zlib,nonmember,https://www.ydr.com/story/news/2022/06/16/first-black-owned-gettysburg-the-keystone-inn-bed-breakfast/65354942007/,0.0011846134231383717
zlib,nonmember,https://www.ydr.com/story/news/traffic/2022/08/29/route-462-market-street-by-interstate-83-to-close-five-weeks-for-bridge-replacement/65417738007/,0.0009949325839956464
zlib,nonmember,https://www.ydr.com/restricted/?return=https%3A%2F%2Fwww.ydr.com%2Fstory%2Fnews%2Flocal%2F2022%2F06%2F02%2Fconfidential-settlement-lawsuits-deaths-two-york-city-firefighters-ivan-flanscha-zachary-anthony%2F65357792007%2F,0.0006189343665043
zlib,nonmember,https://www.ydr.com/story/money/business/2022/07/17/best-of-the-best-awards-to-honor-the-finest-of-york-county/65373475007/,0.0028880910446254736
zlib,nonmember,https://www.ydr.com/story/news/politics/elections/2022/07/06/pa-coronavirus-deaths-doug-mastriano-republican-governor-race-josh-shapiro/65367847007/,0.0006019517472735845
zlib,nonmember,https://www.ydr.com/story/news/crime/2022/09/01/former-east-manchester-township-manager-gene-david-gentzler-kidnapping-sentenced-to-prison/65462077007/,0.0026314047785087297
zlib,nonmember,https://www.ydr.com/story/sports/college/2022/04/16/florida-falls-short-ncaa-gymnastics-title-trinity-thomas-scores-perfect-10-west-york/65350392007/,0.0016813728751265474
zlib,nonmember,https://www.ydr.com/story/opinion/2022/04/29/sen-mike-regan-legally-wrong-in-stand-against-after-school-club-satan/65352613007/,0.0010106319924579265
zlib,nonmember,https://www.ydr.com/restricted/?return=https%3A%2F%2Fwww.ydr.com%2Fstory%2Fnews%2F2022%2F05%2F04%2Fcomings-and-goings-popular-taco-place-returns-bar-and-grill-closes%2F65353557007%2F,0.000679997462349579
zlib,nonmember,https://www.ydr.com/story/news/2022/06/13/york-state-fair-pa-toby-keith-tour-cancels-concert-july/65360563007/,0.003238073553970359
zlib,nonmember,https://www.ydr.com/story/news/2022/06/14/chanceford-township-york-county-pa-teen-dies-from-injuries-in-crash-at-i-83-and-route-30-wellspan/65360665007/,0.0037425456338636433
zlib,nonmember,https://www.ydr.com/story/news/local/2022/04/06/pennsylvania-state-police-settle-profiling-immigration-lawsuit/65348777007/,0.0008896342535411867
zlib,nonmember,https://www.ydr.com/story/life/food/2022/05/25/york-county-restaurants-guide-for-dining-outside-coffee-bakeries/65357297007/,0.001697231626056105
zlib,nonmember,https://www.ydr.com/story/news/local/2022/08/15/william-goodridge-statue-is-first-in-york-to-honor-african-americans/65400442007/,0.0015561838073250283
zlib,nonmember,https://www.ydr.com/story/sports/high-school/baseball/2022/06/06/coastal-carolina-baseball-nick-parker-shut-out-east-carolina-ncaa-regional/65358918007/,0.0012664572176422613
zlib,nonmember,https://www.ydr.com/story/sports/high-school/2022/05/28/piaa-track-spring-groves-laila-campbell-claims-two-gold-medals-again/65357640007/,0.0007255377447895872
zlib,nonmember,https://www.ydr.com/story/news/2022/08/01/york-state-fair-2022-sees-sharp-attendance-drop-hot-weather-blamed/65388258007/,0.0015366651633434369
zlib,nonmember,https://www.ydr.com/restricted/?return=https%3A%2F%2Fwww.ydr.com%2Fstory%2Fnews%2Fwatchdog%2F2022%2F05%2F25%2Fman-pleads-guilty-third-degree-murder-deadly-interstate-83-crash%2F65357260007%2F,0.0007656512823470954
zlib,nonmember,https://www.ydr.com/story/life/2022/06/23/102-year-old-retired-teacher-shares-memories-at-susquehannock-high/65362172007/,0.0011788669760622876
zlib,nonmember,https://www.ydr.com/story/news/crime/2022/05/22/one-injured-in-shooting-at-walmart-in-newberry-township-york-county/65356844007/,0.0019278065745930168
zlib,nonmember,https://www.ydr.com/story/news/local/2022/07/06/york-county-pa-single-vehicle-crash-one-woman-killed-lower-chanceford-township/65367755007/,0.0026162121632629194
zlib,nonmember,https://www.ydr.com/story/news/local/2022/05/03/crown-act-would-bar-discrimination-of-race-based-hairstyles-in-york/65353530007/,0.0014906128779371556
zlib,nonmember,https://www.ydr.com/story/sports/high-school/baseball/2022/06/14/yaiaa-baseball-coaches-name-2022-league-all-stars-players-of-the-year/65360678007/,0.0008568197783151547
zlib,nonmember,https://www.ydr.com/story/news/crime/2022/06/06/york-woman-arrested-stole-car-with-toddler-inside/65358916007/,0.0017071923664970826
zlib,nonmember,https://www.ydr.com/story/news/2022/06/07/gas-prices-in-central-pa-surpass-5-a-gallon-at-some-stations/65359220007/,0.0009008322122080995
zlib,nonmember,https://www.ydr.com/story/news/history/gettysburg/2022/04/06/thaddeus-stevens-gets-a-statue-from-his-fan-club-in-gettysburg/65348341007/,0.001048844613476063
zlib,nonmember,https://www.ydr.com/story/news/local/2022/06/03/pedal-4-peace-wavecrave365-operating-in-condemned-building-closed-for-now/65358672007/,0.0015934313106307641
zlib,nonmember,https://www.ydr.com/story/news/politics/2022/05/18/keith-gillespie-stan-saylor-lose-pa-house-seats-in-gop-primary/65355136007/,0.0007353417221472283
zlib,nonmember,https://www.ydr.com/in-depth/news/2022/05/24/saving-york-street-by-street-the-unsung-people-helping-our-hometown/65351134007/,0.001346937425189761
zlib,nonmember,https://www.ydr.com/story/opinion/2022/04/21/opinion-legalizing-marijuana-in-pa-is-a-dangerous-idea/65351230007/,0.0020413236114151354
zlib,nonmember,https://www.ydr.com/story/sports/college/penn-state/football/2022/07/19/penn-state-football-parecruiting-surge-in-big-ten-london-montgomery/65372327007/,0.001224436093075283
zlib,nonmember,https://www.ydr.com/restricted/?return=https%3A%2F%2Fwww.ydr.com%2Fstory%2Fnews%2Fwatchdog%2F2022%2F05%2F04%2Fnew-federal-guidance-juvenile-justice-reform-act-of-2018%2F65352687007%2F,0.000679997462349579
zlib,nonmember,https://www.ydr.com/story/sports/high-school/2022/05/16/athletes-of-the-week-select-the-latest-yaiaa-winners/65355822007/,0.004235327257316389
zlib,nonmember,https://www.ydr.com/story/sports/high-school/2022/08/26/central-pa-football-scores-highlights-from-week-1-yaiaa-ll-league-mid-penn-conference/65420337007/,0.005703682335840462
zlib,nonmember,https://www.ydr.com/story/opinion/2022/07/13/articles-of-confederation-crafters-sentenced-1st-constitution-to-short-life/65373089007/,0.000900162927057444
zlib,nonmember,https://www.ydr.com/story/sports/high-school/2022/05/02/york-adams-athletes-select-this-weeks-top-performers-in-online-polls/65353164007/,0.004777925110385952
zlib,nonmember,https://www.ydr.com/story/news/2022/04/05/dillsburg-halal-meats-suspended-after-usda-observes-mishandling-of-lamb/65348320007/,0.001772772625725845
zlib,nonmember,https://www.ydr.com/restricted/?return=https%3A%2F%2Fwww.ydr.com%2Fstory%2Fnews%2F2022%2F06%2F21%2Fdallastown-area-high-school-and-alumni-to-perform-mamma-mia-two-years-after-covid-shutdown%2F65360132007%2F,0.0009465055677502668
zlib,nonmember,https://www.ydr.com/story/news/crime/2022/04/18/york-city-struggles-for-answers-in-wake-of-continued-gun-violence/65347686007/,0.001086905092202464
zlib,nonmember,https://www.ydr.com/story/news/local/2022/08/22/york-county-pa-history-center-construction-underway-site-from-first-power-station/65406643007/,0.0026237272563834502
zlib,nonmember,https://www.ydr.com/story/life/2022/05/23/red-lion-senior-high-school-offers-student-run-cafe/65355189007/,0.0019017565374400585
zlib,nonmember,https://www.ydr.com/restricted/?return=https%3A%2F%2Fwww.ydr.com%2Fstory%2Fsports%2Fhigh-school%2F2022%2F05%2F17%2Fthe-district-3-playoffs-are-here-these-are-the-top-athletes-to-watch%2F65355261007%2F,0.000679997462349579
zlib,nonmember,https://www.ydr.com/story/sports/high-school/football/2022/08/31/central-pa-high-school-football-scoreboard-results-from-week-2-yaiaa-ll-league-mid-penn-conference/65465990007/,0.005002705657469459
zlib,nonmember,https://www.ydr.com/story/news/local/2022/06/27/sheetz-lowers-some-gas-prices-in-pennsylvania-for-july-4th-holiday/65364124007/,0.001843886463888914
zlib,nonmember,https://www.ydr.com/story/money/companies/2022/09/12/refillism-store-in-york-boosts-access-to-eco-friendly-lifestyle/68221522007/,0.0008937515280150546
zlib,nonmember,https://www.ydr.com/story/news/local/2022/04/04/dover-area-northern-york-county-pa-teen-dies-car-crash/65348254007/,0.0015123064830855119
zlib,nonmember,https://www.ydr.com/story/news/crime/2022/08/10/kimberly-metz-sentenced-in-willmar-santos-batista-fathers-day-york-murder/65394957007/,0.001509409381223657
zlib,nonmember,https://www.ydr.com/story/sports/high-school/football/2022/09/16/central-pa-high-school-football-live-scoreboard-week-4-yaiaa-ll-league-mid-penn-conference/69496403007/,0.005252204884046371
zlib,nonmember,https://www.ydr.com/story/news/local/2022/08/04/tractor-crash-in-york-county-results-another-death-4-year-old-boy-jeffrey-ryan-fisher/65391877007/,0.0021492543279230804
zlib,nonmember,https://www.ydr.com/story/news/2022/04/06/route-30-adams-county-crash-claims-the-life-of-york-haven-man/65348639007/,0.004057784060090027
zlib,nonmember,https://www.ydr.com/story/news/local/2022/04/21/york-county-judge-hears-argument-petition-seeking-disqualification-york-mayor-michael-helfrich/65351027007/,0.000909967214473775
zlib,nonmember,https://www.ydr.com/restricted/?return=https%3A%2F%2Fwww.ydr.com%2Fstory%2Fnews%2F2022%2F06%2F09%2Fcomings-and-goings-downtown-york-gets-a-number-of-new-businesses%2F65359731007%2F,0.0007842940881435794
zlib,nonmember,https://www.ydr.com/story/news/local/2022/08/24/live-band-members-and-bill-hynes-get-lawsuit-for-think-loud-studio-property/65404659007/,0.0010788986968257586
zlib,nonmember,https://www.ydr.com/story/news/2022/06/16/tornado-watch-issued-for-central-pennsylvania-national-weather-service/65361497007/,0.005412115077894422
zlib,nonmember,https://www.ydr.com/story/news/crime/2022/05/23/central-york-teacher-killed-in-murder-suicide-in-spring-garden-township/65357189007/,0.001953353741508124
zlib,nonmember,https://www.ydr.com/story/news/2022/04/26/pennsylvanias-child-welfare-system-needs-to-be-reformed/65351885007/,0.0010800127984204348
zlib,nonmember,https://www.ydr.com/story/opinion/2022/09/06/question-for-pennsylvania-child-welfare-how-can-more-children-be-saved/65463989007/,0.0006244079598660207
zlib,nonmember,https://www.ydr.com/story/sports/high-school/2022/06/06/piaa-championships-first-round-results-from-baseball-softball-playoffs/65359199007/,0.0031413591362619486
zlib,nonmember,https://www.ydr.com/story/news/crime/2022/05/12/child-abuse-york-county-man-submerged-2-year-olds-hand-in-hot-water/65355049007/,0.0013257960200665634
zlib,nonmember,https://www.ydr.com/story/sports/college/penn-state/football/2022/08/25/penn-state-football-nittany-lions-jiayir-brown-tig-big-ten/65399007007/,0.0009890487320657051
zlib,nonmember,https://www.ydr.com/story/news/local/2022/04/19/satanist-club-proposal-to-northern-york-county-school-district-board/65350967007/,0.0013317031658992519
zlib,nonmember,https://www.ydr.com/story/news/2022/05/25/why-you-will-pay-400-for-a-bushel-of-blue-crabs-summer-2022-in-pa/65357266007/,0.0006783225340615819
zlib,nonmember,https://www.ydr.com/story/news/2022/08/10/hershey-chocolate-enough-candy-halloween-but-it-will-cost-more/65395842007/,0.0016231683806973898
zlib,nonmember,https://www.ydr.com/story/news/2022/05/10/pa-gas-prices-rise-new-record-high-dwindling-supplies/65353817007/,0.001036674075815937
zlib,nonmember,https://www.ydr.com/story/news/local/2022/06/27/hanover-area-may-soon-get-a-wawa-first-in-york-county-pa/65363962007/,0.002385303917572624
zlib,nonmember,https://www.ydr.com/story/news/2022/06/14/saving-york-street-by-street-read-about-heroes-york-pa/65360879007/,0.0010317149448076858
zlib,nonmember,https://www.ydr.com/story/news/2022/08/10/after-yorkfest-was-canceled-again-local-artists-stepped-up-yorks-art-week/65396122007/,0.00214642464062753
zlib,nonmember,https://www.ydr.com/story/sports/college/penn-state/football/2022/09/11/ncaa-college-football-penn-state-ohio-bobcats-nicholas-singleton-drew-allar/66789648007/,0.0011539372415673426
zlib,nonmember,https://www.ydr.com/story/news/2022/05/05/voter-intimidation-delayed-primary-results-possible-pa-official-says/65353837007/,0.0016927889981599115
zlib,nonmember,https://www.ydr.com/story/news/local/2022/07/14/york-water-co-seeks-31-percent-rate-hike-puc-to-investigate/65373927007/,0.002095794024542428
zlib,nonmember,https://www.ydr.com/story/opinion/2022/04/18/this-war-is-partly-about-russian-vs-ukrainian-language/65350841007/,0.0011081853712254478
zlib,nonmember,https://www.ydr.com/story/news/crime/2022/05/26/man-sentenced-prison-aggravated-animal-cruelty-york-county/65356698007/,0.0023170810990192337
zlib,nonmember,https://www.ydr.com/story/news/crime/2022/07/07/york-settles-with-officer-clayton-swartz-joking-george-floyd-murder/65368943007/,0.0012019524505222253
zlib,nonmember,https://www.ydr.com/story/sports/high-school/2022/05/18/yaiaa-tournament-winners-from-volleyball-baseball-softball/65355964007/,0.0040708118251364
zlib,nonmember,https://www.ydr.com/story/news/2022/04/14/pa-republican-jeff-bartos-is-running-for-u-s-senate-on-kitchen-table-issues/65348985007/,0.0006527819415725148
zlib,nonmember,https://www.ydr.com/story/news/local/2022/07/05/central-pennsylvania-teen-opens-up-ice-cream-shop-with-unusual-flavors/65364068007/,0.0010973938821178713
zlib,nonmember,https://www.ydr.com/restricted/?return=https%3A%2F%2Fwww.ydr.com%2Fstory%2Fnews%2F2022%2F06%2F13%2Farchetype-pizza-in-downtown-york-to-open-june%2F65359889007%2F,0.000854829885704974
zlib,nonmember,https://www.ydr.com/story/news/local/2022/08/15/york-county-pa-man-dies-suspected-carbon-monoxide-poisoning-car-accidentally-left-running-garage/65403627007/,0.005090153066422415
zlib,nonmember,https://www.ydr.com/story/news/2022/05/10/meltdown-three-mile-island-airs-on-netflix/65353510007/,0.0023270843500620354
zlib,nonmember,https://www.ydr.com/story/news/politics/2022/07/08/pa-lawmakers-agree-to-spend-billions-in-stimulus-money-in-budget/65369988007/,0.0008927929376368703
zlib,nonmember,https://www.ydr.com/story/sports/high-school/baseball/2022/06/13/piaa-baseball-everett-tops-delone-in-class-2a-semifinals/65360511007/,0.0011593115997428577
zlib,nonmember,https://www.ydr.com/story/sports/high-school/football/2022/08/23/yaiaa-football-2022-preview-here-are-the-games-to-watch/65409917007/,0.0008982688734760023
zlib,nonmember,https://www.ydr.com/story/sports/outdoors/2022/05/19/gifford-pinchot-state-park-offers-camping-boating-fishing-hiking/65355940007/,0.0009537009884478932
zlib,nonmember,https://www.ydr.com/story/news/2022/04/12/conor-lamb-senate-race-says-record-over-john-fetterman/65348890007/,0.0006039331747318278
zlib,nonmember,https://www.ydr.com/story/news/politics/2022/04/06/heres-how-charlie-gerow-is-standing-out-in-the-pa-gop-governor-race/65347892007/,0.0010487629616756852
zlib,nonmember,https://www.ydr.com/story/sports/high-school/basketball-boys/2022/05/07/susquehannocks-jalen-franklin-makes-class-5a-all-state-basketball-team/65354032007/,0.0007255804699541095
zlib,nonmember,https://www.ydr.com/story/news/2022/05/03/5-5-million-purchase-saves-mifflin-house-an-underground-railroad-site/65352510007/,0.0007971955376072382
zlib,nonmember,https://www.ydr.com/story/news/2022/09/12/pennsylvania-turnpike-why-millions-of-dollars-are-owed-in-unpaid-tolls/65384329007/,0.0006821434953298748
zlib,nonmember,https://www.ydr.com/restricted/?return=https%3A%2F%2Fwww.ydr.com%2Fstory%2Fnews%2Fwatchdog%2F2022%2F04%2F22%2Fdante-mullinix-billboard-blames-york-county-for-death-of-2-year-old%2F65351181007%2F,0.000679997462349579
zlib,nonmember,https://www.ydr.com/story/news/2022/06/15/volunteer-fire-departments-struggle-to-recruit-worry-about-response-times/65353542007/,0.0016041950221637028
zlib,nonmember,https://www.ydr.com/story/news/2022/06/21/red-lion-man-dies-in-single-vehicle-crash-over-the-weekend-york-county/65362165007/,0.003568792121610263
zlib,nonmember,https://www.ydr.com/story/news/crime/2022/05/11/medical-marijuana-is-a-schedule-1-controlled-substance-in-pa-court/65354517007/,0.0007287984203392873
zlib,nonmember,https://www.ydr.com/story/news/2022/06/16/local-fireworks-york-harrisburg-gettysburg-lancaster-pennsylvania/65358665007/,0.0007700909398253914
zlib,nonmember,https://www.ydr.com/story/news/2022/07/22/york-father-says-sesame-place-character-snubbed-his-black-daughter/65379052007/,0.0008608911194965689
zlib,nonmember,https://www.ydr.com/story/news/crime/2022/05/13/teen-pleads-guilty-third-degree-murder-prison-accomplice-deadly-shooting-york/65354698007/,0.001577582997501729
zlib,nonmember,https://www.ydr.com/story/opinion/2022/05/27/how-we-can-solve-pas-behavioral-health-care-crisis/65357753007/,0.0013272141903486203
zlib,nonmember,https://www.ydr.com/story/news/crime/2022/05/26/york-city-police-pa-investigating-a-homicide-involving-possible-trespasser/65357571007/,0.0020921494146633767
zlib,nonmember,https://www.ydr.com/story/news/crime/2022/08/18/york-area-man-charged-killing-man-dumping-body-lancaster-county/65408859007/,0.003076918772545028
zlib,nonmember,https://www.ydr.com/restricted/?return=https%3A%2F%2Fwww.ydr.com%2Fin-depth%2Fnews%2F2022%2F06%2F13%2Fpolitics-york-county-most-influential-government-reoublican-democrat%2F65351421007%2F,0.000854829885704974
zlib,nonmember,https://www.ydr.com/story/sports/high-school/football/2022/08/15/pa-high-school-football-2022-york-adams-league-team-by-team-previews-players-to-watch/65403160007/,0.0015173445630155026
zlib,nonmember,https://www.ydr.com/story/news/crime/2022/09/08/man-stabs-random-customer-at-walmart-in-york-county-to-return-to-jail-police-say/65742433007/,0.0024243266095723055
zlib,nonmember,https://www.ydr.com/story/news/politics/elections/2022/07/08/scott-perry-congress-pa-republican-refuses-testimony-pardon/65369434007/,0.0026554597596958034
zlib,nonmember,https://www.ydr.com/story/news/politics/2022/04/21/tracking-campaign-updates-in-pennsylvanias-senate-and-governor-races/65350855007/,0.0007032751087114943
zlib,nonmember,https://www.ydr.com/story/sports/high-school/baseball/2022/04/19/dallastown-baseball-coach-greg-kinneman-reaches-100-career-wins/65350766007/,0.0009180172359186595
zlib,nonmember,https://www.ydr.com/restricted/?return=https%3A%2F%2Fwww.ydr.com%2Fin-depth%2Fnews%2F2022%2F05%2F24%2Fyork-pa-northeast-neighborhood-2-women-do-what-they-can-to-help-saving-york-street-by-street%2F65351426007%2F,0.0007656512823470954
zlib,nonmember,https://www.ydr.com/story/news/local/2022/08/24/interstate-83-closed-after-truck-strikes-queen-street-overpass-again/65418552007/,0.0027813814272703097
zlib,nonmember,https://www.ydr.com/restricted/?return=https%3A%2F%2Fwww.ydr.com%2Fstory%2Fnews%2F2022%2F05%2F25%2Frestaurant-inspections-seven-out-of-compliance%2F65355268007%2F,0.0007656512823470954
zlib,nonmember,https://www.ydr.com/story/news/2022/08/10/rep-scott-perry-republican-york-county-pa-fbi-agents-seized-cellphone/65398266007/,0.00013723613851070366
zlib,nonmember,https://www.ydr.com/story/opinion/2022/06/15/bidens-border-failure-creates-national-security-humanitarian-crisis/65361133007/,0.0010940798831610952
zlib,nonmember,https://www.ydr.com/story/opinion/2022/05/18/give-mother-of-red-lion-catherine-meyer-due-recognition/65356449007/,0.0010185586880540377
zlib,nonmember,https://www.ydr.com/story/news/local/2022/04/08/central-york-students-testify-before-congress-on-national-book-bans/65348834007/,0.0022861626267969594
zlib,nonmember,https://www.ydr.com/story/life/2022/08/29/silverberry-soaps-central-pa-student-starts-own-business/65417685007/,0.0014660039279859266
zlib,nonmember,https://www.ydr.com/story/opinion/2022/05/31/tropical-storm-agnes-50-years-ago-like-something-out-of-the-bible/65358222007/,0.0007723206739619027
zlib,nonmember,https://www.ydr.com/story/opinion/2022/08/19/by-2060-yorks-summer-temps-will-be-like-nashvilles-opinion/65410717007/,0.0012953064490896116
zlib,nonmember,https://www.ydr.com/story/sports/college/penn-state/football/2022/06/01/penn-state-football-white-out-game-against-minnesota-not-ohio-state/65358413007/,0.0021577865598733886
zlib,nonmember,https://www.ydr.com/story/news/local/2022/08/03/national-night-out-in-york-is-a-time-to-focus-on-how-to-stop-violence/65389933007/,0.0021716821420816835
zlib,nonmember,https://www.ydr.com/story/sports/high-school/2022/05/09/yaiaa-tournaments-which-teams-will-be-competing-for-championships/65354533007/,0.0014066887629980648
zlib,nonmember,https://www.ydr.com/story/sports/high-school/2022/07/05/select-gametimepas-yaiaa-athletes-of-the-year-for-2021-22/65365394007/,0.0022371716363606057
zlib,nonmember,https://www.ydr.com/story/sports/outdoors/2022/05/19/many-options-to-consider-when-picking-purchasing-a-kayak-recreational-touring-fishing-paddles/65355833007/,0.0005712576946550152
zlib,nonmember,https://www.ydr.com/story/news/crime/2022/05/18/man-pleads-guilty-aggravated-assault-accomplice-murder-dover-area-high-school-senior-emily-shoemaker/65355302007/,0.001145609186085666
zlib,nonmember,https://www.ydr.com/story/sports/high-school/football/2022/07/20/spring-grove-footballs-andrew-osmun-commits-to-fordham-university/65378458007/,0.0007761298190428265
zlib,nonmember,https://www.ydr.com/restricted/?return=https%3A%2F%2Fwww.ydr.com%2Fstory%2Fnews%2F2022%2F05%2F10%2Fwestinghouse-atom-smasher-rots-away-in-a-pennsylvania-neighborhood%2F65352649007%2F,0.000679997462349579
zlib,nonmember,https://www.ydr.com/restricted/?return=https%3A%2F%2Fwww.ydr.com%2Fstory%2Fnews%2Fwatchdog%2F2022%2F04%2F26%2Fjudge-rejects-invasion-of-privacy-claim-york-city-police-officer-clayton-swartz%2F65351520007%2F,0.001416997908206159
zlib,nonmember,https://www.ydr.com/story/news/local/2022/04/05/jk-salvage-explosion-attracts-fire-department-and-scares-residents/65348532007/,0.00208564418933861
zlib,nonmember,https://www.ydr.com/story/news/2022/05/06/man-dies-two-vehicle-crash-chanceford-township-york-county-pa/65353951007/,0.0019974260309350783
zlib,nonmember,https://www.ydr.com/restricted/?return=https%3A%2F%2Fwww.ydr.com%2Fstory%2Fnews%2Fcrime%2F2022%2F04%2F04%2Faaron-miller-on-trial-for-vehicular-manslaughter%2F65348325007%2F,0.000679997462349579
zlib,nonmember,https://www.ydr.com/story/news/2022/05/07/give-local-york-raises-4-1-million-for-local-nonprofits/65353553007/,0.002354804904881316
zlib,nonmember,https://www.ydr.com/story/news/crime/2022/07/29/joe-fitzpatrick-released-low-bail-in-atv-case-involving-wifes-death/65385352007/,0.0022134386099439745
zlib,nonmember,https://www.ydr.com/story/sports/high-school/2022/05/17/district-3-tournaments-scores-schedule-for-boys-girls-championships/65355972007/,0.0015180061712079932
zlib,nonmember,https://www.ydr.com/story/news/crime/2022/06/15/pa-superior-court-prevents-one-dollar-bail-for-man-in-atv-murder-trial/65359895007/,0.0016523514948018232
zlib,nonmember,https://www.ydr.com/story/sports/college/penn-state/football/2022/07/20/penn-state-football-quarterback-sean-clifford-linebacker-curtis-jacobs-big-ten-stars/65372841007/,0.0011103556134500164
zlib,nonmember,https://www.ydr.com/story/sports/college/penn-state/football/2022/09/18/penn-state-football-sean-clifford-nick-singleton-auburn-big-ten/69494944007/,0.001320446786541
zlib,nonmember,https://www.ydr.com/story/news/crime/2022/04/18/two-found-dead-red-lion-york-county-pa-murder-suicide-easter-morning/65350459007/,0.003570743426244554
zlib,nonmember,https://www.ydr.com/story/news/crime/2022/04/04/split-verdict-trial-attempted-murder-shooting-north-codorus-township-york-county/65346449007/,0.0006710608620337575
zlib,nonmember,https://www.ydr.com/restricted/?return=https%3A%2F%2Fwww.ydr.com%2Fstory%2Fsports%2Fhigh-school%2F2022%2F06%2F23%2Fyaiaa-2021-2022-top-sports-high-schools-in-york-adams-league-dallastown-central-york-pa-dallastown%2F65362250007%2F,0.000854829885704974
zlib,nonmember,https://www.ydr.com/story/news/politics/elections/2022/08/30/eight-more-republicans-just-endorsed-josh-shapiro-over-doug-mastriano/65458907007/,0.0016508140442826609
zlib,nonmember,https://www.ydr.com/story/sports/college/2022/04/15/ncaa-gymnastics-perfect-score-gives-floridas-thomas-3-national-titles/65350064007/,0.0024337749126531758
zlib,nonmember,https://www.ydr.com/story/news/2022/05/20/tornado-watch-issued-for-central-pa/65356692007/,0.003200986472341038
zlib,nonmember,https://www.ydr.com/story/news/local/2022/07/08/jerry-reynolds-airville-body-found-holtwood-pa-death-lancaster-county/65369407007/,0.0035435263445467253
zlib,nonmember,https://www.ydr.com/story/sports/high-school/football/2022/06/07/pitt-football-dallastowns-kenny-johnson-verbally-commits-to-panthers/65359210007/,0.0006388217070779377
zlib,nonmember,https://www.ydr.com/story/news/2022/08/02/snow-ice-storms-bound-for-pennsylvania-farmers-almanac-winter-forecast/65389109007/,0.0029177503409121303
zlib,nonmember,https://www.ydr.com/story/news/crime/2022/04/01/man-found-guilty-involuntary-manslaughter-not-guilty-murder-deadly-shooting-york/65346416007/,0.001870844635623785
zlib,nonmember,https://www.ydr.com/restricted/?return=https%3A%2F%2Fwww.ydr.com%2Fstory%2Fnews%2F2022%2F04%2F22%2Fcomings-and-goings-eco-friendly-store-opens-in-york-coffee-shop-closes%2F65351060007%2F,0.000679997462349579
zlib,nonmember,https://www.ydr.com/story/sports/high-school/football/2022/04/12/spring-grove-area-high-school-will-thompson-hired-as-football-coach-francis-scott-key/65349834007/,0.0010587900549075204
zlib,nonmember,https://www.ydr.com/story/sports/high-school/softball/2022/06/13/yaiaa-softball-coaches-name-2022-league-all-stars-players-of-the-year/65360527007/,0.0010909979774993246
zlib,nonmember,https://www.ydr.com/story/opinion/2022/04/22/york-naacp-area-schools-not-doing-enough-about-rise-of-racial-prejudice/65351389007/,0.0021030774488471943
zlib,nonmember,https://www.ydr.com/story/news/crime/2022/06/21/york-man-dies-in-weekend-shooting-police-charge-brother-with-homicide/65362149007/,0.0012912912079865522
zlib,nonmember,https://www.ydr.com/story/sports/college/penn-state/football/2022/08/29/penn-state-football-james-franklin-big-ten-vs-purdue-sean-clifford/65407825007/,0.001176781540710608
zlib,nonmember,https://www.ydr.com/story/news/crime/2022/08/18/pennsylvania-state-trooper-driving-under-influence-central-pa/65409961007/,0.0037773997221085213
zlib,nonmember,https://www.ydr.com/story/sports/high-school/wrestling/2022/06/28/spring-grove-high-school-officially-starts-girls-wrestling-team/65364409007/,0.0007956231703000293
zlib,nonmember,https://www.ydr.com/restricted/?return=https%3A%2F%2Fwww.ydr.com%2Fin-depth%2Fnews%2F2022%2F06%2F14%2Fmike-smith-and-his-temple-guard-give-york-pa-youths-positive-path%2F6596906001%2F,0.000854829885704974
zlib,nonmember,https://www.ydr.com/story/sports/high-school/baseball/2022/05/26/district-3-baseball-scores-results-from-postseason-tournaments/65357551007/,0.0012896812692253898
zlib,nonmember,https://www.ydr.com/story/opinion/2022/07/04/the-american-is-great-vision-vs-the-revolutionary-vision/65364730007/,0.0012468026641649422
zlib,nonmember,https://www.ydr.com/story/sports/high-school/basketball-boys/2022/07/06/florida-basketball-perkiomens-new-oxford-tommy-haugh-makes-commitment/65367304007/,0.0005733315128491664
zlib,nonmember,https://www.ydr.com/story/news/2022/08/08/back-to-school-dates-updates-at-york-county-school-districts-education/65386876007/,0.0011832552873601277
zlib,nonmember,https://www.ydr.com/story/news/2022/04/07/york-county-food-bank-is-moving-its-operations-out-of-the-former-kmart-store/65348695007/,0.0024231905413641514
zlib,nonmember,https://www.ydr.com/story/news/2022/07/01/white-clover-farm-stand-in-hellam-spurred-by-pandemic-food-supply-issues/65347398007/,0.0011585625442482395
zlib,nonmember,https://www.ydr.com/story/news/crime/2022/08/01/york-city-police-investigating-15th-homicide-2022/65388869007/,0.002342220666021198
zlib,nonmember,https://www.ydr.com/story/news/crime/2022/05/06/york-police-man-shot-killed-friday-south-pine-street/65354059007/,0.0021381562276421816
zlib,nonmember,https://www.ydr.com/story/news/2022/07/25/gettysburg-national-military-parks-little-roundtop-to-close-for-18-months-devils-den-construction-pa/65376312007/,0.0017528417429637673
zlib,nonmember,https://www.ydr.com/story/opinion/2022/06/29/the-american-is-great-vision-vs-the-revolutionary-vision/65364730007/,0.0012468026641649422
zlib,nonmember,https://www.ydr.com/story/news/watchdog/2022/04/29/insurance-fraud-york-county-woman-faked-death-in-ukraine-cops-say/65352546007/,0.0008924381002139407
zlib,nonmember,https://www.ydr.com/story/sports/high-school/basketball-girls/2022/04/28/three-yaiaa-girls-basketball-players-named-to-piaa-all-state-teams/65352253007/,0.0005771193352192651
zlib,nonmember,https://www.ydr.com/story/sports/high-school/track/2022/05/21/district-3-track-and-field/65356540007/,0.0005256710326006773
zlib,nonmember,https://www.ydr.com/story/news/2022/06/27/woman-dies-three-vehicle-crash-hanover-pa/65363667007/,0.0024727849811741146
zlib,nonmember,https://www.ydr.com/story/sports/college/penn-state/football/2022/04/30/nfl-draft-bears-take-penn-states-jaquan-brisker-in-second-round/65352177007/,0.002112698081151554
zlib,nonmember,https://www.ydr.com/story/news/politics/elections/2022/06/23/testimony-rep-scott-perry-pardon-from-donald-trump-election-pennsylvania/65363103007/,0.0010426944590688565
zlib,nonmember,https://www.ydr.com/story/news/local/2022/07/12/severe-thunderstorms-forecast-in-central-pennsylvania-tuesday/65372125007/,0.004737882855275602
zlib,nonmember,https://www.ydr.com/story/news/2022/07/28/steve-miller-band-cancels-york-fair-show-because-of-positive-covid-test/65385293007/,0.0029682084534839353
zlib,nonmember,https://www.ydr.com/story/news/politics/2022/04/20/pa-governor-race-2022-gop-candidates-debate-in-gettysburg/65350851007/,0.0006490217606433867
zlib,nonmember,https://www.ydr.com/story/opinion/2022/09/16/both-pa-candidates-for-governor-agree-on-school-choice/69498441007/,0.0013791417236105777
zlib,nonmember,https://www.ydr.com/story/news/local/community/2022/06/10/rainbow-rose-center-hosts-york-county-pride-at-cousler-park/65360038007/,0.001945771980183084
zlib,nonmember,https://www.ydr.com/in-depth/news/politics/elections/2022/08/23/voter-fraud-is-rare-in-pennsylvania-but-allegations-flew-after-2020/65376026007/,0.0010374443464947604
zlib,nonmember,https://www.ydr.com/story/news/crime/2022/06/27/york-city-police-investigates-homicide-after-man-dies-ot-op/65363658007/,0.0016077072785627314
zlib,nonmember,https://www.ydr.com/story/sports/high-school/2022/06/13/pa-lawmakers-some-say-girls-cant-compete-against-biological-boys/65359859007/,0.00042272482880787387
zlib,nonmember,https://www.ydr.com/story/news/politics/elections/2022/06/23/pa-house-speaker-bryan-cutler-details-2020-pressure-campaign/65362478007/,0.002155095088256534
zlib,nonmember,https://www.ydr.com/story/news/local/2022/07/27/man-dies-forklift-accident-at-jk-salvage-spring-garden-township/65384163007/,0.002383406200220013
zlib,nonmember,https://www.ydr.com/story/sports/high-school/football/2022/04/13/york-high-quarterback-sam-stoner-gets-division-i-offers-st-francis-towson/65349927007/,0.0006821367876274979
zlib,nonmember,https://www.ydr.com/story/news/2022/04/19/check-out-10-unusual-wedding-venues-in-central-pennsylvania/65349484007/,0.0007264007204101796
zlib,nonmember,https://www.ydr.com/story/news/politics/elections/2022/06/16/yorkers-react-to-rep-scott-perrys-refusal-to-cooperate-with-jan-6-panel/65359564007/,0.0010628922896830754
zlib,nonmember,https://www.ydr.com/restricted/?return=https%3A%2F%2Fwww.ydr.com%2Fstory%2Fnews%2Fcrime%2F2022%2F04%2F06%2Fmistrial-declared-in-case-of-construction-worker-hit-killed-by-driver%2F65348679007%2F,0.000679997462349579
zlib,nonmember,https://www.ydr.com/story/news/2022/05/31/man-dies-suspected-drowning-susquehanna-river-york-pa-memorial-day/65358177007/,0.002768276004431819
zlib,nonmember,https://www.ydr.com/story/news/local/2022/05/18/yorktowne-hotel-rooftop-dining-construction-facade-update/65354723007/,0.002251350016108085
zlib,nonmember,https://www.ydr.com/story/news/watchdog/2022/04/25/teen-alleges-sexual-abuse-against-ex-york-city-police-officer/65351893007/,0.0013180335506763547
zlib,nonmember,https://www.ydr.com/story/news/crime/2022/04/28/judge-grants-delay-trial-man-charged-first-degree-murder-dante-mullinix-york/65352473007/,0.0015776726612397867
zlib,nonmember,https://www.ydr.com/story/sports/college/2022/06/28/ncaa-gymnastics-trinity-thomas-returning-for-fifth-season-at-florida/65364355007/,0.0018264150848831479
zlib,nonmember,https://www.ydr.com/story/news/local/2022/07/06/martin-library-6-million-renovation-completed-in-downtown-york/65367399007/,0.0021563377433167176
zlib,nonmember,https://www.ydr.com/story/news/politics/2022/04/05/heres-why-democrat-john-fetterman-is-touring-in-red-pa-counties/65347627007/,0.0010255551649365061
zlib,nonmember,https://www.ydr.com/story/news/2022/04/06/stray-goldendoodle-becomes-new-york-revolution-team-dog/65348529007/,0.0024634559110620342
zlib,nonmember,https://www.ydr.com/restricted/?return=https%3A%2F%2Fwww.ydr.com%2Fstory%2Fsports%2Foutdoors%2F2022%2F05%2F19%2Fmom-appalachian-trail-addiction-jon-mundis-overdose-awareness%2F65352265007%2F,0.000679997462349579
zlib,nonmember,https://www.ydr.com/story/news/politics/2022/06/30/pennsylvanias-new-fiscal-year-will-begin-without-a-state-budget/65365334007/,0.0002820863438758212
zlib,nonmember,https://www.ydr.com/story/news/2022/04/25/man-dies-after-falling-into-the-codorus-creek-in-york-fire-chief-says/65351925007/,0.0028298002013771723
zlib,nonmember,https://www.ydr.com/story/news/2022/05/30/gda-covid-19-state-2022-05-30-pa-ppyr/65358091007/,0.00025942228366194586
zlib,nonmember,https://www.ydr.com/story/news/2022/06/20/a-new-apprenticeship-for-young-artists-is-coming-to-york/65361188007/,0.0014702423043764928
zlib,nonmember,https://www.ydr.com/story/news/local/2022/07/26/york-pa-residents-share-surveillance-cam-footage-of-shaheim-carr-murder-with-police/65378104007/,0.0013815948434144016
zlib,nonmember,https://www.ydr.com/story/news/local/2022/05/16/see-major-updates-martin-library-york-before-july-grand-opening-teen-space/65354512007/,0.0016251273955317405
zlib,nonmember,https://www.ydr.com/story/news/education/2022/08/29/satanism-event-fundraiser-york-county-pa-after-school-satan-club/65457233007/,0.0014219267830104375
zlib,nonmember,https://www.ydr.com/story/news/2022/08/04/best-of-the-best-awards-holds-first-gala-honors-york-county-businesses/65391182007/,0.000637428846305549
zlib,nonmember,https://www.ydr.com/story/opinion/2022/08/17/come-take-a-seat-in-york-pa-with-the-accomplished-william-c-goodridge/65407358007/,0.0009562855658142435
zlib,nonmember,https://www.ydr.com/story/news/local/2022/04/11/lawsuit-york-mayor-michael-helfrich-oath-of-office/65349492007/,0.0011995200319243648
zlib,nonmember,https://www.ydr.com/story/news/2022/06/15/dover-solar-farm-approved-in-25-minutes/65361179007/,0.0015228163330162526
zlib,nonmember,https://www.ydr.com/story/news/local/2022/07/27/hope-fest-returns-to-york-with-hoops-tourney-gas-card-giveaway/65382794007/,0.0021023176540658473
zlib,nonmember,https://www.ydr.com/story/sports/high-school/lacrosse-boys/2022/05/14/central-york-boys-york-catholic-girls-lacrosse-teams-earn-yaiaa-titles/65355281007/,0.0006574081549853271
zlib,nonmember,https://www.ydr.com/story/news/crime/2022/07/06/york-city-police-investigating-14th-homicide-tying-last-years-total/65368039007/,0.004179480085108802
zlib,nonmember,https://www.ydr.com/story/news/history/2022/04/05/artist-makes-connections-to-chip-away-at-wall-between-york-and-hanover/65348433007/,0.0007715318314629116
zlib,nonmember,https://www.ydr.com/story/sports/high-school/track/2022/05/14/piaa-track-and-field-laila-campbell-sets-blistering-league-mark-in-100/65355100007/,0.000338895161149205
zlib,nonmember,https://www.ydr.com/story/news/local/2022/08/25/interstate-83-reopen-after-queen-street-overpass-struck-exit-16-york/65420277007/,0.0022880446570282833
zlib,nonmember,https://www.ydr.com/story/news/local/2022/04/21/sixth-dover-solar-meeting-brings-new-witness-and-hopeful-decision-date/65351113007/,0.0012326849448673007
zlib,nonmember,https://www.ydr.com/story/sports/high-school/2022/05/19/susquehannock-delone-catholic-basketball-earns-sportsmanship-scholarships/65356510007/,0.0015929409495317863
zlib,nonmember,https://www.ydr.com/story/sports/college/penn-state/football/2022/08/12/penn-state-football-big-ten-quarterback-jaxon-smolik-james-franklin/65402058007/,0.0012931584534268
zlib,nonmember,https://www.ydr.com/restricted/?return=https%3A%2F%2Fwww.ydr.com%2Fstory%2Fnews%2Fcrime%2F2022%2F04%2F01%2Fman-testifies-own-defense-attempted-murder-trial-shooting-north-codorous-township-york-county%2F65347533007%2F,0.000679997462349579
zlib,nonmember,https://www.ydr.com/story/news/2022/04/21/david-mccormick-pa-senate-candidate-making-strides-in-gop-primary/65348988007/,0.0007623837489615141
zlib,nonmember,https://www.ydr.com/story/money/2022/08/31/unemployment-reaches-pre-pandemic-levels-but-consumers-are-more-pessimistic-than-ever/65419897007/,0.0006090116553217767
zlib,nonmember,https://www.ydr.com/story/sports/high-school/football/2022/09/10/central-pa-high-school-football-scoreboard-yaiaa-scores-week-3-results-highlights-york-high-carlisle/66852753007/,0.0005284568248369646
zlib,nonmember,https://www.ydr.com/story/news/2022/07/25/peach-bottom-township-pa-man-dies-in-skid-loader-accident/65381471007/,0.005092908885936864
zlib,nonmember,https://www.ydr.com/story/news/politics/2022/09/12/pa-activists-demand-united-states-house-ethics-investigation-of-rep-scott-perry/66891225007/,0.0012206084496308128
zlib,nonmember,https://www.ydr.com/story/sports/college/penn-state/football/2022/08/31/penn-state-football-college-football-big-ten-purdue-james-franklin/65462642007/,0.0007254581027283084
zlib,nonmember,https://www.ydr.com/story/sports/high-school/basketball-boys/2022/07/20/york-countys-kent-olewiler-makes-new-mexico-state-basketball-roster-yaiaa-central-york/65371201007/,0.0005660349850248045
zlib,nonmember,https://www.ydr.com/story/news/2022/07/01/deadly-crash-near-east-berlin-has-claimed-the-life-of-a-fourth-person-coroner-says/65365902007/,0.0029316046226021135
zlib,nonmember,https://www.ydr.com/story/news/2022/06/15/man-drowns-while-swimming-codorus-state-park-lake-york-pa-coroner-says/65361080007/,0.002702979941914387
zlib,nonmember,https://www.ydr.com/story/sports/high-school/2022/06/22/what-will-the-yaiaa-look-like-with-22-teams-here-are-the-new-divisions/65362221007/,0.0006858923033681725
zlib,nonmember,https://www.ydr.com/story/news/local/2022/08/22/route-30-crash-west-manchester-township-pa-man-dead/65413093007/,0.0034861521478401197
zlib,nonmember,https://www.ydr.com/story/opinion/2022/09/12/york-day-nursery-turning-90-this-year/69486679007/,0.0009995772255987096
zlib,nonmember,https://www.ydr.com/story/opinion/2022/06/28/what-would-you-have-done-if-a-freedom-seeker-had-knocked-on-your-door/65364541007/,0.0008374914549739271
zlib,nonmember,https://www.ydr.com/story/news/2022/04/27/keystone-kidspace-now-open-in-109-year-old-armory/65350228007/,0.0011532916095290933
zlib,nonmember,https://www.ydr.com/story/news/politics/2022/05/10/republican-challengers-vying-to-unseat-saylor-gillespie-and-klunk/65354567007/,0.0008307839090460245
zlib,nonmember,https://www.ydr.com/story/news/crime/2022/04/28/man-pleads-guilty-animal-cruelty-probation-york-county/65352476007/,0.0019170584129679369
zlib,nonmember,https://www.ydr.com/story/news/crime/2022/06/09/dasean-morris-sentenced-in-york-murder-of-kyle-hagenbuch-thunderguards-motorcyles/65359290007/,0.002566667139418457
zlib,nonmember,https://www.ydr.com/story/sports/college/penn-state/football/2022/09/02/penn-state-football-purdue-big-ten-james-franklin-sean-clifford/65465704007/,0.0018252425748231252
zlib,nonmember,https://www.ydr.com/story/news/2022/08/23/5-year-old-girl-woman-fatally-stabbed-at-home-southern-york-county-pa/65414954007/,0.001454240896968587
zlib,nonmember,https://www.ydr.com/story/news/crime/2022/05/20/u-s-marshals-arrest-york-man-in-fatal-shooting-of-selvin-mcewan/65356641007/,0.0015270521084687389
zlib,nonmember,https://www.ydr.com/story/sports/high-school/lacrosse-girls/2022/04/26/how-these-best-friends-are-driving-york-catholic-lacrosses-title-hopes/65351446007/,0.000810784690063001
zlib,nonmember,https://www.ydr.com/story/opinion/2022/08/09/big-york-county-birthdays-on-horizon/65396977007/,0.0009221201757095054
zlib,nonmember,https://www.ydr.com/story/sports/outdoors/2022/08/13/catawissa-recreation-area-off-road-atv-use-riding-created-by-pa-dcnr-paragon-adventure-park/65402298007/,0.00104732236270858
zlib,nonmember,https://www.ydr.com/story/news/2022/06/14/volunteer-fire-departments-struggle-to-recruit-worry-about-response-times/65353542007/,0.0016041950221637028
zlib,nonmember,https://www.ydr.com/story/news/2022/06/02/delma-rivera-lytle-york-vying-for-ms-senior-pa-america/65358261007/,0.0016350496126148202
zlib,nonmember,https://www.ydr.com/story/sports/high-school/lacrosse-boys/2022/06/01/piaa-lacrosse-schedule-results-from-state-championships/65358281007/,0.001596045163778141
zlib,nonmember,https://www.ydr.com/story/news/2022/06/21/two-men-from-southwestern-york-county-die-in-maryland-crash/65362339007/,0.0038260550410126677
zlib,nonmember,https://www.ydr.com/story/news/politics/elections/2022/05/13/two-democrats-seek-party-nomination-in-10th-congressional-district/65355137007/,0.0013790860731407086
zlib,nonmember,https://www.ydr.com/story/news/crime/2022/04/18/teen-in-fatal-shooting-of-york-high-william-penn-high-school-student-malaki-beady-to-stand-trial/65350077007/,0.001576977543906744
zlib,nonmember,https://www.ydr.com/story/sports/college/penn-state/football/2022/09/13/penn-state-football-big-ten-james-franklin-auburn-tigers-sec/69487321007/,0.0014965426534527578
zlib,nonmember,https://www.ydr.com/story/news/local/2022/04/18/puc-approves-sale-of-york-water-company-to-private-business-pawc/65350202007/,0.0016706912174488118
zlib,nonmember,https://www.ydr.com/story/sports/2022/07/11/american-ninja-warrior-2022-cf-branden-williams-new-oxford/65362232007/,0.0005495438079007196
zlib,nonmember,https://www.ydr.com/story/opinion/2022/05/11/pas-low-producing-wells-are-leaking-methane/65353721007/,0.0011384761450816104
zlib,nonmember,https://www.ydr.com/story/sports/college/penn-state/football/2022/09/14/penn-state-college-football-big-ten-auburn-tigers-in-sec/69487422007/,0.000851711042759255
zlib,nonmember,https://www.ydr.com/story/opinion/2022/04/27/kreutz-creek-librarys-former-building-gains-new-life/65352254007/,0.0009228864516790805
zlib,nonmember,https://www.ydr.com/story/news/local/2022/06/27/lake-williams-dam-excavation-under-way-york-empty-lake-bed-turns-green/65362846007/,0.0026781315370558558
zlib,nonmember,https://www.ydr.com/story/sports/high-school/2022/04/04/select-gametimepa-yaiaa-athletes-of-the-week-for-march-25-to-april-2/65348290007/,0.00435273079283241
zlib,nonmember,https://www.ydr.com/story/news/2022/04/18/bill-mcswain-running-for-pa-governor-2022-primary-election/65348986007/,0.0006314562454524531
zlib,nonmember,https://www.ydr.com/story/news/2022/08/22/york-pa-bans-washing-cars-in-driveways-or-on-streets/65410788007/,0.0013322462565826376
zlib,nonmember,https://www.ydr.com/story/sports/college/2022/04/01/trinity-thomas-leads-florida-into-regional-final-with-pair-of-10s-gymnastics-ncaa/65347723007/,0.002410685215311337
zlib,nonmember,https://www.ydr.com/story/sports/high-school/2022/04/11/select-gametimepa-yaiaa-athletes-of-the-week-for-april-4-to-april-9/65349464007/,0.0036282110321454305
zlib,nonmember,https://www.ydr.com/story/news/local/2022/08/30/old-farmers-almanac-predicts-snowy-cold-winter-for-central-pennsylvania/65461359007/,0.0017657818112086243
zlib,nonmember,https://www.ydr.com/story/sports/college/penn-state/2022/05/10/nfl-penn-state-nittany-lions-football-walk-on-drew-hartlaub-to-carolina-panthers/65353082007/,0.0008629135749105299
zlib,nonmember,https://www.ydr.com/story/news/local/2022/04/20/after-school-satan-club-denied-northern-york-school-board-joy-el-christian-club/65351019007/,0.0017942206190148145
zlib,nonmember,https://www.ydr.com/restricted/?return=https%3A%2F%2Fwww.ydr.com%2Fin-depth%2Fnews%2F2022%2F06%2F13%2Farts-entertainment-york-county-most-influential-people%2F65351410007%2F,0.000854829885704974
zlib,nonmember,https://www.ydr.com/story/opinion/2022/06/07/agnes-left-behind-mud-dead-rats-old-tires-and-all-kinds-of-trash/65359554007/,0.0006086730167014956
zlib,nonmember,https://www.ydr.com/story/news/local/2022/08/22/gifford-pinchot-state-park-suspends-water-activities-in-the-lake/65413407007/,0.0036322002964499856
zlib,nonmember,https://www.ydr.com/story/news/politics/blogs/ydr-politics/2022/08/16/12-things-to-know-about-u-s-rep-scott-perry-a-focus-of-jan-6-probe/65398484007/,0.0007180740307984807
zlib,nonmember,https://www.ydr.com/story/sports/college/penn-state/football/2022/09/02/penn-state-football-sean-clifford-joey-porter-purdue-james-franklin-drew-allar/65465541007/,0.0012952445217289741
zlib,nonmember,https://www.ydr.com/story/news/crime/2022/09/08/virginia-hayden-sentenced-for-husband-thomas-hayden-death-remains-found-in-foodsaver-bag/65466365007/,0.0016370763786402434
zlib,nonmember,https://www.ydr.com/story/news/2022/06/06/york-county-prison-trainer-joseph-garcia-testified-in-cv-case/65358870007/,0.0009770614920809166
zlib,nonmember,https://www.ydr.com/restricted/?return=https%3A%2F%2Fwww.ydr.com%2Fstory%2Fnews%2Fwatchdog%2F2022%2F05%2F18%2Fson-louis-appell-jr-initiates-civil-rico-case-limited-liability-company-owns-old-mesto-corp-building%2F65355293007%2F,0.000679997462349579
zlib,nonmember,https://www.ydr.com/story/news/2022/09/07/congressional-committee-skewers-postal-service-in-philadelphia-meeting-louis-dejoy/65800851007/,0.0018114372465205981
zlib,nonmember,https://www.ydr.com/story/money/careers/2022/09/13/having-trouble-hiring-penn-mar-might-be-able-to-help/69487345007/,0.0010019937929086624
zlib,nonmember,https://www.ydr.com/restricted/?return=https%3A%2F%2Fwww.ydr.com%2Fin-depth%2Fnews%2F2022%2F06%2F13%2Fsports-york-county-most-influential-athletics-football-gymnastics-swimming%2F65351425007%2F,0.000854829885704974
zlib,nonmember,https://www.ydr.com/restricted/?return=https%3A%2F%2Fwww.ydr.com%2Fstory%2Fnews%2Fhistory%2Fgettysburg%2F2022%2F04%2F14%2Fraven-rock-mountain-nuclear-attack-target-doomsday-preppers-worried%2F65349485007%2F,0.000679997462349579
zlib,nonmember,https://www.ydr.com/story/opinion/2022/08/31/what-would-you-do-if-you-witnessed-someone-at-risk/65465660007/,0.0008038560455912924
zlib,nonmember,https://www.ydr.com/restricted/?return=https%3A%2F%2Fwww.ydr.com%2Fstory%2Fmoney%2Fbusiness%2F2022%2F05%2F31%2Fcomings-and-goings-popular-pool-closed-for-summer-market-houses-add-stands%2F65357481007%2F,0.0007656512823470954
zlib,nonmember,https://www.ydr.com/story/news/religion/2022/04/05/york-county-church-tells-gospel-in-22-year-stained-glass-project/65345285007/,0.0019926189916517107
zlib,nonmember,https://www.ydr.com/story/opinion/2022/07/20/big-important-york-county-history-cultural-projects-picking-up-steam/65377980007/,0.0007027568608233727
zlib,nonmember,https://www.ydr.com/story/news/local/2022/08/22/i-83-overpass-york-county-repairs-route-74-bridge/65409148007/,0.0025492456189671188
zlib,nonmember,https://www.ydr.com/story/news/2022/05/03/dining-out-for-spring-checking-out-revival-social-club-in-york/65350791007/,0.0013487996099874418
zlib,nonmember,https://www.ydr.com/story/news/2022/06/06/northeastern-school-district-offers-students-cdl-training-amid-driver-shortages/65357688007/,0.0008031237623640549
zlib,nonmember,https://www.ydr.com/story/news/2022/07/28/york-state-fair-2022-fried-cauliflower-lolas-waffles-ice-cream/65384751007/,0.002100963414461411
zlib,nonmember,https://www.ydr.com/story/sports/high-school/football/2022/08/29/central-pa-high-school-football-wil-rider-no-longer-football-coach-hanover-high-school/65462473007/,0.001966916186863983
zlib,nonmember,https://www.ydr.com/story/news/2022/06/09/how-the-pandemic-helped-wolfgang-confectioners-rebound-from-bankruptcy-candy-york-pa/65358750007/,0.00045472267627785247
zlib,nonmember,https://www.ydr.com/story/news/watchdog/2022/05/16/federal-judge-grants-preliminary-injuction-grandmother-2-year-old-dante-mullinix-york/65355837007/,0.001111443452467698
zlib,nonmember,https://www.ydr.com/story/sports/high-school/2022/04/07/track-and-field-league-has-records-dating-to-1980-and-others-from-2021/65348542007/,0.0014684161201875682
zlib,nonmember,https://www.ydr.com/story/news/2022/06/05/amber-alert-canceled-after-toddler-missing-from-york-county-is-found-safe/65358883007/,0.0022426135742502035
zlib,nonmember,https://www.ydr.com/restricted/?return=https%3A%2F%2Fwww.ydr.com%2Fin-depth%2Fnews%2F2022%2F06%2F13%2Fbusiness-development-york-county-most-influential-people%2F65351418007%2F,0.000854829885704974
zlib,nonmember,https://www.ydr.com/story/news/local/2022/09/06/interstate-83-queen-street-overpass-repairs-cost-up-to-double-after-hits/65467467007/,0.0017729041453487886
zlib,nonmember,https://www.ydr.com/story/news/2022/06/15/vietnam-veteran-jon-langione-75-finally-got-eastern-york-high-school-diploma/65358492007/,0.00023738762922492762
zlib,nonmember,https://www.ydr.com/story/news/local/2022/05/12/york-county-prison-feasibility-study-competency-restoration-center/65354974007/,0.0015014814379157864
zlib,nonmember,https://www.ydr.com/restricted/?return=https%3A%2F%2Fwww.ydr.com%2Fstory%2Fnews%2Fcrime%2F2022%2F04%2F12%2Fex-york-ice-arena-general-manager-mike-cleveland-enters-accelerated-rehabilitative-disposition%2F65348922007%2F,0.000679997462349579
zlib,nonmember,https://www.ydr.com/story/news/crime/2022/08/26/virginia-man-sentenced-logging-truck-death-hanover-brian-mawyer-eugene-ben-fuhrman/65418220007/,0.0017120589390118976
zlib,nonmember,https://www.ydr.com/story/news/2022/04/25/encore-a-celebration-of-york-county-high-school-musicials-returns/65351061007/,0.002190643776653402
zlib,nonmember,https://www.ydr.com/story/sports/college/penn-state/2022/04/11/former-nfl-penn-state-nittany-lion-running-back-gary-brown-dies-of-cancer/65349538007/,0.0015563188992047132
zlib,nonmember,https://www.ydr.com/story/sports/college/penn-state/football/2022/09/07/penn-state-big-ten-college-football-james-franklin-joey-porter/65475134007/,0.0013888491912608044
zlib,nonmember,https://www.ydr.com/story/sports/high-school/football/2022/06/23/northeastern-high-school-approves-kirby-brubaker-as-head-football-coach/65362925007/,0.0010455241995891342
zlib,nonmember,https://www.ydr.com/story/news/local/2022/08/31/york-county-judicial-center-closed-today-because-of-cooling-unit-leak/65465478007/,0.0060383871103057395
zlib,nonmember,https://www.ydr.com/restricted/?return=https%3A%2F%2Fwww.ydr.com%2Fin-depth%2Fnews%2F2022%2F06%2F01%2Frevitalization-gentrification-york-pa-salem-square-neighborhood%2F6795644001%2F,0.0007656512823470954
zlib,nonmember,https://www.ydr.com/story/sports/high-school/football/2022/06/09/york-suburbans-mike-bentivegna-earns-offer-from-st-francis/65359674007/,0.0007583680132522201
zlib,nonmember,https://www.ydr.com/story/sports/high-school/football/2022/04/26/central-york-quarterback-cade-pribula-to-transfer-from-delaware/65352088007/,0.000837241079885353
zlib,nonmember,https://www.ydr.com/story/news/2022/07/21/york-state-fair-2022-how-to-beat-the-heat-wave-through-the-weekend/65377927007/,0.0016862619647182563
zlib,nonmember,https://www.ydr.com/story/news/2022/08/17/york-daily-record-editor-randy-parker-has-left-the-newspaper/65407329007/,0.0022475157306935767
zlib,nonmember,https://www.ydr.com/story/sports/college/penn-state/football/2022/08/29/penn-state-football-james-franklin-big-ten-purdue-sean-clifford/65461391007/,0.001409965520265337
zlib,nonmember,https://www.ydr.com/story/entertainment/2022/05/03/choir-choir-choir-event-brings-singing-after-covid-to-appell-center/65352201007/,0.004320175944033296
zlib,nonmember,https://www.ydr.com/story/news/local/2022/09/06/long-pine-run-reservoir-in-michaux-state-forest-adams-county-offers-quiet-escape/65466799007/,0.002966073442441538
