method,membership,doc_id,score
loss,member,https://www.ydr.com/story/news/2022/05/02/york-county-will-not-offer-drop-box-for-voters-to-return-mail-ballots/65353056007/,2.0256255279756568
loss,member,https://www.ydr.com/story/news/crime/2022/05/23/dover-township-man-charged-in-shooting-at-the-walmart-in-northern-york-county/65357213007/,1.9882738936480333
loss,member,https://www.ydr.com/restricted/?return=https%3A%2F%2Fwww.ydr.com%2Fstory%2Fnews%2F2022%2F04%2F27%2Fex-york-county-911-employee-discrimination-wrongful-termination-lawsuit%2F65351908007%2F,0.2145022330349786
loss,member,https://www.ydr.com/restricted/?return=https%3A%2F%2Fwww.ydr.com%2Fstory%2Fnews%2F2022%2F06%2F08%2Fthis-small-central-pa-town-grew-like-crazy-during-the-pandemic-mechanicsburg%2F65358412007%2F,0.10591054274939694
loss,member,https://www.ydr.com/story/opinion/2022/08/23/york-pa-s-market-street-parking-garage-tells-50-year-tale-of-change/65415733007/,3.506126769277239
loss,member,https://www.ydr.com/story/sports/high-school/lacrosse-girls/2022/05/26/district-3-lacrosse-twin-valley-tops-york-catholic-for-2a-girls-title/65357508007/,2.380476633194321
loss,member,https://www.ydr.com/story/sports/outdoors/2022/07/19/world-record-butterfly-ray-caught-by-camp-hill-pa-bow-angler-jeremy-gipe/65374856007/,2.688098482430055
loss,member,https://www.ydr.com/story/news/politics/2022/04/24/primary-election-2022-heres-who-is-running-pa-94th-state-house-seat/65350262007/,2.298052295005484
loss,member,https://www.ydr.com/story/sports/college/penn-state/football/2022/09/10/penn-state-football-ohio-bobcats-nicholas-singleton-drew-allar-kaytron-allen/66779446007/,3.1114915524873163
loss,member,https://www.ydr.com/story/sports/high-school/2022/06/16/yaiaa-girls-lacrosse-coaches-name-2022-league-all-stars/65361380007/,2.272048655629848
loss,member,https://www.ydr.com/story/news/2022/07/19/pa-moves-water-quality-and-saving-the-chesapeake-to-the-front-burner/65374281007/,2.422829602166368
loss,member,https://www.ydr.com/story/news/2022/08/19/harley-davidson-iam-union-new-contract-york-pennsylvania-plant/65410302007/,2.5788160743928494
loss,member,https://www.ydr.com/story/news/crime/2022/05/31/man-sentenced-prison-aggravated-assault-attack-meredith-keltner-north-codorus-township-york-county/65357791007/,2.242960152934852
loss,member,https://www.ydr.com/story/news/crime/2022/07/26/tyrell-dotson-convicted-of-murder-for-death-of-willmar-santos-batista/65378028007/,2.502936791593012
loss,member,https://www.ydr.com/restricted/?return=https%3A%2F%2Fwww.ydr.com%2Fstory%2Fsports%2Fhigh-school%2F2022%2F05%2F23%2Fthe-top-baseball-and-softball-players-in-the-district-3-playoffs%2F65356526007%2F,0.09279081092669027
loss,member,https://www.ydr.com/restricted/?return=https%3A%2F%2Fwww.ydr.com%2Fstory%2Fnews%2Fcrime%2F2022%2F04%2F06%2Fwoman-found-guilty-keeping-remains-grandmother-freezer-social-security-york-county%2F65347682007%2F,0.09279081092669027
loss,member,https://www.ydr.com/restricted/?return=https%3A%2F%2Fwww.ydr.com%2Fstory%2Fnews%2Fwatchdog%2F2022%2F05%2F11%2Fyork-shooting-tony-wasilewski-2014-not-guilty%2F65350885007%2F,0.09279081092669027
loss,member,https://www.ydr.com/story/news/2022/05/06/voter-intimidation-delayed-primary-results-possible-pa-official-says/65353837007/,2.4759274609813677
loss,member,https://www.ydr.com/story/news/2022/04/13/pa-state-house-passes-bill-against-trans-girls-in-girls-sports/65349966007/,0.5100307068705388
loss,member,https://www.ydr.com/story/news/crime/2022/05/03/york-county-police-departments-struggle-to-find-new-and-diverse-hires/65352123007/,2.6507964766747163
loss,member,https://www.ydr.com/story/news/crime/2022/04/14/three-die-two-separate-shootings-york-pa-this-week/65349623007/,1.8112689058322848
loss,member,https://www.ydr.com/story/sports/college/penn-state/football/2022/04/18/penn-state-eric-wilson-journey-nfl-draft-2022/65347360007/,3.167983804049128
loss,member,https://www.ydr.com/story/news/local/2022/04/15/pennsylvania-supreme-court-suspends-law-license-york-attorney-clarence-allen/65350197007/,2.109006834331582
loss,member,https://www.ydr.com/story/news/2022/04/21/interstate-81-accident-pa-police-release-names-six-who-died/65351243007/,2.232058782819062
loss,member,https://www.ydr.com/story/news/2022/06/14/hurricane-agnes-flood-1972-devastated-central-pennsylvania-heavy-rain-flooding/65359285007/,2.5300698216528548
loss,member,https://www.ydr.com/restricted/?return=https%3A%2F%2Fwww.ydr.com%2Fstory%2Fsports%2Fhigh-school%2Ftrack%2F2022%2F05%2F18%2Fpiaa-track-and-field-70-athletes-to-watch-in-district-3-meet%2F65355844007%2F,0.09279081092669027
loss,member,https://www.ydr.com/story/sports/college/penn-state/football/2022/06/09/penn-state-football-nick-singleton-kaytron-allen-lead-james-franklin/65359587007/,2.8507270519351056
loss,member,https://www.ydr.com/story/news/2022/07/13/left-bank-restaurant-bar-eatery-downtown-york-pa-for-sale/65372564007/,2.5399741438846326
loss,member,https://www.ydr.com/story/sports/high-school/basketball-girls/2022/07/05/new-west-york-and-spring-grove-basketball-york-college-coaches-started-at-same-place/65364925007/,2.6177382889841296
loss,member,https://www.ydr.com/story/news/local/2022/09/16/springettsbury-township-man-dies-25-days-after-2-vehicle-crash/69497262007/,2.0213842535430255
loss,member,https://www.ydr.com/restricted/?return=https%3A%2F%2Fwww.ydr.com%2Fin-depth%2Fsports%2F2022%2F06%2F15%2F22-women-who-changed-york-adams-sports-before-after-title-ix%2F65351069007%2F,0.12695625464168023
loss,member,https://www.ydr.com/restricted/?return=https%3A%2F%2Fwww.ydr.com%2Fstory%2Fnews%2Fcrime%2F2022%2F04%2F07%2Fman-sentenced-prison-two-deadly-drug-overdoses-york-county%2F65347700007%2F,0.09279081092669027
loss,member,https://www.ydr.com/story/sports/high-school/football/2022/06/06/central-york-football-players-continue-to-pick-up-division-i-offers/65358420007/,2.5093179020861194
loss,member,https://www.ydr.com/story/news/2022/08/04/york-police-turn-to-the-community-for-ideas-to-reduce-gun-violence/65388415007/,2.7627107727089073
loss,member,https://www.ydr.com/story/opinion/2022/06/21/york-aauw-at-50-group-resets-for-new-chapter-of-its-story/65362223007/,3.1849722475043976
loss,member,https://www.ydr.com/story/sports/college/penn-state/football/2022/08/08/penn-state-football-coaches-poll-big-ten-james-franklin/65395659007/,2.2921904138642613
loss,member,https://www.ydr.com/story/news/2022/07/27/york-state-fair-ride-inspections-what-you-need-to-know/65382750007/,2.5659755283359886
loss,member,https://www.ydr.com/story/news/local/2022/07/11/york-state-fair-july-22-31-details-admission-tickets-parking-hours-and-more/65364021007/,2.3776921279636243
loss,member,https://www.ydr.com/story/news/2022/07/12/rep-scott-perry-proud-boys-leader-zachary-rehl-implicated-jan-6-testimony/65372007007/,1.8598219691389157
loss,member,https://www.ydr.com/story/sports/high-school/track-girls/2022/06/21/laila-campbell-wins-100-meter-dash-at-new-balance-nationals/65362272007/,2.241583946111131
loss,member,https://www.ydr.com/story/sports/college/penn-state/football/2022/09/08/penn-state-big-ten-and-college-football-ohio-james-franklin/65742707007/,2.1333604805808797
loss,member,https://www.ydr.com/story/news/2022/04/06/lake-williams-dam-built-in-1911-is-being-demolished/65348530007/,2.9508994380747726
loss,member,https://www.ydr.com/story/news/2022/06/22/rich-wurzbach-of-mrg-labs-invented-a-blood-test-for-machines/65352146007/,2.823595695945537
loss,member,https://www.ydr.com/story/news/2022/06/30/child-found-dead-pool-campground-southern-york-county-pa-after-going-missing/65365256007/,2.200356601165088
loss,member,https://www.ydr.com/story/news/local/2022/06/23/judge-rules-favor-york-mayor-michael-helfrich-over-oath-office-henry-nixon/65363082007/,2.5450159304755693
loss,member,https://www.ydr.com/story/news/2022/05/12/jan-6-panel-subpoenas-us-rep-scott-perry/65355153007/,0.5988650895614972
loss,member,https://www.ydr.com/story/news/2022/07/25/mechanicsburg-man-dies-in-two-vehicle-crash-in-dover-township-police-say/65382145007/,1.7187812433922471
loss,member,https://www.ydr.com/story/sports/college/penn-state/football/2022/09/06/penn-state-college-football-big-ten-ohio-james-franklin-nick-singleton/65474170007/,3.2407541245230975
loss,member,https://www.ydr.com/story/sports/high-school/2022/05/23/district-3-volleyball-results-scores-from-class-3a-2a-tournaments/65357229007/,1.4467146612984008
loss,member,https://www.ydr.com/restricted/?return=https%3A%2F%2Fwww.ydr.com%2Fin-depth%2Fnews%2F2022%2F06%2F13%2Fphilanthropy-nonprofits-york-county-most-influential-people-charity-giving%2F65352045007%2F,0.12695625464168023
loss,member,https://www.ydr.com/story/news/local/2022/09/09/tech-company-buys-york-continental-square-citizens-bank-property/67309566007/,2.9511876789998492
loss,member,https://www.ydr.com/story/news/politics/elections/2022/07/03/protesters-at-york-rally-want-scott-perry-gone-from-congress/65366404007/,2.242136075204071
loss,member,https://www.ydr.com/restricted/?return=https%3A%2F%2Fwww.ydr.com%2Fstory%2Fnews%2F2022%2F04%2F21%2Fyork-restaurant-inspections-one-out-of-compliance%2F65350038007%2F,0.09279081092669027
loss,member,https://www.ydr.com/story/news/2022/05/02/yorks-mothers-day-street-fair-was-canceled-but-theres-an-alternative-alexandria-keener-beaver-street/65352175007/,2.632529201411974
loss,member,https://www.ydr.com/story/sports/high-school/baseball/2022/06/02/district-3-baseball-east-pennsboro-beats-littlestown-for-4a-title/65358498007/,2.2984654792860453
loss,member,https://www.ydr.com/restricted/?return=https%3A%2F%2Fwww.ydr.com%2Fstory%2Fnews%2Fwatchdog%2F2022%2F05%2F03%2Fmedical-marijuana-zero-tolerance-dui-pennsylvania%2F65352215007%2F,0.09279081092669027
loss,member,https://www.ydr.com/story/news/2022/07/18/york-state-fair-2022-guide-to-what-to-eat/65373031007/,2.8194340853764506
loss,member,https://www.ydr.com/story/opinion/columnists/2022/05/17/reporter-katia-parks-shares-insights-to-york-pa-violence/65350927007/,2.8704462196057405
loss,member,https://www.ydr.com/story/sports/high-school/football/2022/05/10/jon-scepanski-leaves-northeastern-to-take-conestoga-valley-football-job/65354649007/,2.201617732725563
loss,member,https://www.ydr.com/story/news/2022/07/06/pennsylvania-residents-among-those-arrested-u-s-capitol-insurrection/4331778001/,2.1472873235240533
loss,member,https://www.ydr.com/story/news/politics/2022/05/18/jeff-piccola-chairman-of-york-county-gop-resigns/65356063007/,2.50732699690509
loss,member,https://www.ydr.com/story/news/2022/05/17/york-county-2022-democratic-republican-primary-race-results-today/65355341007/,1.906178771889722
loss,member,https://www.ydr.com/story/sports/high-school/football/2022/09/13/sam-stoner-jahiem-white-closing-in-on-york-high-william-penn-football-records/69487731007/,2.588750879948307
loss,member,https://www.ydr.com/story/news/2022/08/10/fat-daddys-nightclub-closes-auctioning-off-everything-in-york-pa-springettsbury/65395677007/,2.882231905641974
loss,member,https://www.ydr.com/story/sports/college/penn-state/football/2022/04/28/greatest-penn-state-catches-receivers-jahan-dotson-jameson-williams/65352118007/,2.787544963095085
loss,member,https://www.ydr.com/story/opinion/2022/07/26/these-key-projects-would-boost-quality-of-life-in-york-county/65383602007/,3.198464247353241
loss,member,https://www.ydr.com/story/news/2022/04/27/congressman-scott-perry-new-text-reveals-more-about-attempt-to-change-2020-presidential-election-res/65352246007/,1.909296551414224
loss,member,https://www.ydr.com/story/news/2022/09/08/the-best-dive-bars-in-york-county-pa-here-are-6-to-check-out/65475324007/,3.0183258098429664
loss,member,https://www.ydr.com/story/news/crime/2022/07/12/jaquez-brown-suspect-york-murder-shaheim-carr-recently-freed-prison/65371037007/,2.4250624419523255
loss,member,https://www.ydr.com/restricted/?return=https%3A%2F%2Fwww.ydr.com%2Fstory%2Fnews%2F2022%2F06%2F07%2Fnew-species-yorkicystis-haefneri-discovered-dig-fossils-york-pa%2F65357621007%2F,0.10591054274939694
loss,member,https://www.ydr.com/story/sports/high-school/football/2022/05/31/west-yorks-terry-bupp-elected-to-pennsylvania-football-coaches-hall-of-fame/65357624007/,2.5415701557684214
loss,member,https://www.ydr.com/story/sports/high-school/basketball-boys/2022/05/03/piaa-schools-vote-against-adding-a-shot-clock-to-high-school-basketball/65353578007/,2.5201475849498904
loss,member,https://www.ydr.com/story/news/2022/06/29/the-haines-shoe-house-in-york-county-will-become-an-airbnb/65364374007/,2.520276900137812
loss,member,https://www.ydr.com/story/news/2022/05/04/meltdown-three-mile-island-airs-on-netflix/65353510007/,2.758242556217857
loss,member,https://www.ydr.com/story/opinion/2022/09/06/restoring-yorks-potters-field-do-it-yourself-urbanism/65474708007/,3.1748386307625505
loss,member,https://www.ydr.com/story/news/2022/04/07/central-pennsylvania-to-receive-rain-today-national-weather-service-says/65348821007/,2.700667641337735
loss,member,https://www.ydr.com/story/news/2022/05/16/severe-thunderstorm-watch-issued-central-pa-tornado-possible/65355765007/,2.40434591236942
loss,member,https://www.ydr.com/story/news/politics/2022/04/11/dr-oz-senate-campaign-trump-endorsement/65349165007/,2.2860069470139766
loss,member,https://www.ydr.com/story/sports/college/penn-state/football/2022/04/29/nfl-draft-washington-commanders-penn-states-receiver-jahan-dotson-in-first-round/65352135007/,2.5796242521341406
loss,member,https://www.ydr.com/story/sports/college/penn-state/2022/04/24/penn-state-james-franklin-sean-clifford-lead-psu-at-blue-white-game/65351312007/,3.0388767137340897
loss,member,https://www.ydr.com/story/sports/college/penn-state/2022/04/23/penn-state-football-blue-white-game-with-james-franklin-drew-allar/65351234007/,2.926547290563031
loss,member,https://www.ydr.com/story/news/crime/2022/06/15/spring-garden-township-man-charged-with-fatally-stabbing-pregnant-woman-in-york-in-may/65361137007/,2.1025296376939924
loss,member,https://www.ydr.com/story/sports/high-school/basketball-girls/2022/07/11/gettysburg-star-named-gametimepa-yaiaa-girls-athlete-of-the-year/65370388007/,2.372761762803539
loss,member,https://www.ydr.com/story/sports/high-school/2022/05/23/select-gametimepa-yaiaa-athletes-of-the-week-for-may-16-to-may-21/65357145007/,2.2409773671309843
loss,member,https://www.ydr.com/story/news/2022/05/09/york-county-bakery-collects-donations-to-support-ukrainian-refugees/65353063007/,2.5751213562422577
loss,member,https://www.ydr.com/story/news/2022/04/12/white-clover-farm-stand-in-hellam-spurred-by-pandemic-food-supply-issues/65347398007/,2.7928652952152606
loss,member,https://www.ydr.com/story/sports/high-school/football/2022/08/27/yaiaa-football-week-1-york-high-loses-thriller-central-york-gets-big-win/65457937007/,2.6555806246667304
loss,member,https://www.ydr.com/story/sports/college/penn-state/football/2022/08/29/penn-state-football-big-ten-purdue-boilermakers-nick-singleton/65461401007/,3.0754015354967783
loss,member,https://www.ydr.com/story/news/local/2022/06/22/central-pa-braces-severe-thunderstorms-across-states-md-dc-wva-va-wednesday-evening-9-pm/65362654007/,2.4913175367553313
loss,member,https://www.ydr.com/story/news/crime/2022/06/20/york-pa-woman-sentenced-hiding-grandmother-body-freezer-social-security/65361623007/,2.639483724459311
loss,member,https://www.ydr.com/story/news/local/2022/05/26/veterans-memorial-gold-star-garden-memorial-day-event-honoring-wwi-kia/65354618007/,2.8088267111520318
loss,member,https://www.ydr.com/story/news/crime/2022/04/15/man-dies-after-being-shot-during-fight-outside-home-in-adams-county/65350257007/,2.292458715370287
loss,member,https://www.ydr.com/story/news/local/2022/07/29/multiple-casualties-chanceford-township-crash-york-county-traffic-collision/65386614007/,2.0411824022763536
loss,member,https://www.ydr.com/story/opinion/2022/05/03/new-life-for-hanover-trolley-rails/65353555007/,2.9867085997477067
loss,member,https://www.ydr.com/story/news/2022/05/13/infant-found-dead-east-berlin-mother-ashley-decker-charged/65355254007/,1.9027339778186938
loss,member,https://www.ydr.com/story/news/local/2022/07/18/reverend-adrian-boxley-appointed-york-city-district-justice-by-state/65371722007/,2.789856297243012
loss,member,https://www.ydr.com/story/news/2022/05/03/give-local-york-24-hours-of-fundraising-right-around-the-corner/65353091007/,2.899816456469145
loss,member,https://www.ydr.com/story/news/nation/2022/07/06/michael-lopatic-of-lancaster-dead-one-year-after-insurrection-arrest/65367853007/,2.0708331847645076
loss,member,https://www.ydr.com/story/sports/high-school/football/2022/08/27/central-pa-high-school-football-yaiaa-scores-results-highlights-from-week-1/65419140007/,2.398216307024525
loss,member,https://www.ydr.com/story/news/2022/09/12/pa-drivers-will-get-new-licenses-with-enhanced-security-features/69486893007/,2.1861963523479946
loss,member,https://www.ydr.com/story/sports/college/penn-state/football/2022/09/10/penn-state-football-score-vs-ohio-university-bobcats-big-ten-nick-singleton/66758652007/,2.910703338373999
loss,member,https://www.ydr.com/story/news/crime/2022/05/23/murder-suicide-deadly-shooting-gunfire-mar-weekend-in-york-county/65356861007/,2.0370802761722406
loss,member,https://www.ydr.com/story/opinion/2022/04/12/2-century-old-st-paul-lebanon-lutheran-church-illustrates-easter-message/65349861007/,3.165371444051066
loss,member,https://www.ydr.com/story/opinion/2022/04/19/100-year-old-catholic-womans-club-in-york-draws-strength-from-its-past/65350914007/,3.0855207472609805
loss,member,https://www.ydr.com/story/sports/high-school/baseball/2022/06/09/piaa-baseball-delone-catholic-tops-schuylkill-haven-to-reach-2a-semis/65359966007/,2.4682920798273202
loss,member,https://www.ydr.com/story/news/crime/2022/05/26/york-county-district-attorney-drops-charges-co-defendant-attack-north-codorus-township/65357291007/,1.9934322199019048
loss,member,https://www.ydr.com/story/sports/college/penn-state/football/2022/08/07/penn-state-football-3-things-to-learn-about-2022-big-ten-season/65393638007/,2.725277059594116
loss,member,https://www.ydr.com/story/sports/college/penn-state/football/2022/06/02/drew-hartlaub-hanover-leaves-carolina-panthers-injury-concussions/65358206007/,2.869652968499621
loss,member,https://www.ydr.com/restricted/?return=https%3A%2F%2Fwww.ydr.com%2Fstory%2Fnews%2F2022%2F05%2F10%2Fcould-mental-health-experts-prevented-killing-of-lebanon-police-lt-william-lebo%2F65352523007%2F,0.09279081092669027
loss,member,https://www.ydr.com/restricted/?return=https%3A%2F%2Fwww.ydr.com%2Fstory%2Fsports%2Fhigh-school%2F2022%2F05%2F24%2Fnil-name-image-likeness-deals-could-be-headed-piaa-what-it-means-pa-high-school%2F65354558007%2F,0.10497148890412288
loss,member,https://www.ydr.com/story/news/2022/05/24/brian-korte-york-haven-lynwood-nester-dillsburg-charged-capitol-riots/65357319007/,2.62505909660455
loss,member,https://www.ydr.com/story/opinion/2022/06/23/trovestreet-a-new-way-to-learn-about-aging-in-york-county/65362833007/,2.6718751387418944
loss,member,https://www.ydr.com/story/opinion/2022/05/11/mifflin-house-preservation-latest-land-use-battle-in-eastern-york-county/65354943007/,2.980952054558916
loss,member,https://www.ydr.com/story/news/2022/08/02/pennsylvania-turnpike-tolls-increase-by-5-percent-january-e-zpass-pa-turnpike-hike/65389692007/,2.07433128127538
loss,member,https://www.ydr.com/story/sports/college/penn-state/football/2022/08/02/psu-football-games-nittany-lions-james-franklin-sean-clifford/65385455007/,3.33185679773367
loss,member,https://www.ydr.com/restricted/?return=https%3A%2F%2Fwww.ydr.com%2Fstory%2Fnews%2Fwatchdog%2F2022%2F04%2F20%2Fc-sau-prison-trainer-testifies-unemployed-exaggerated-business-jospha-garcia%2F65350079007%2F,0.09279081092669027
loss,member,https://www.ydr.com/restricted/?return=https%3A%2F%2Fwww.ydr.com%2Fstory%2Fsports%2Fhigh-school%2Fbaseball%2F2022%2F04%2F13%2Fhigh-school-sports-baseball-at-york-high-in-the-yaiaa-puerto-rico%2F65345438007%2F,0.09279081092669027
loss,member,https://www.ydr.com/restricted/?return=https%3A%2F%2Fwww.ydr.com%2Fstory%2Fnews%2Fcrime%2F2022%2F05%2F06%2Fmothers-day-struggle-for-those-who-have-lost-children-parents%2F65353690007%2F,0.09279081092669027
loss,member,https://www.ydr.com/story/sports/2022/05/05/toronto-blue-jays-call-up-delone-catholic-grad-casey-lawrence/65353814007/,2.163168560512798
loss,member,https://www.ydr.com/story/news/politics/elections/2022/05/26/politico-mark-meadows-burned-papers-after-meeting-with-scott-perry/65357627007/,1.9808519599573833
loss,member,https://www.ydr.com/story/sports/high-school/2022/04/25/select-gametimepa-yaiaa-athletes-of-the-week-for-april18-to-april-23/65351891007/,2.35424552522387
loss,member,https://www.ydr.com/story/news/2022/04/08/york-county-food-bank-is-moving-its-operations-out-of-the-former-kmart-store/65348695007/,2.4534382337658327
loss,member,https://www.ydr.com/story/opinion/2022/05/23/pas-farmers-municipalities-pay-for-legislatures-inaction-on-clean-water/65357214007/,2.8405520072503974
loss,member,https://www.ydr.com/restricted/?return=https%3A%2F%2Fwww.ydr.com%2Fstory%2Fnews%2Flocal%2F2022%2F06%2F13%2Ftasalina-young-memory-daughter-dyamond-helps-others-in-york-pa%2F65356517007%2F,0.12695625464168023
loss,member,https://www.ydr.com/story/news/local/2022/07/18/pa-backing-historic-small-restaurants-grant-awarded-harmony-inn/65371204007/,2.867378719034163
loss,member,https://www.ydr.com/story/news/2022/04/20/senator-jake-corman-eyes-pa-governors-office-after-23-years-in-dc/65348987007/,2.1641924584416494
loss,member,https://www.ydr.com/story/news/2022/06/30/cheap-gas-what-is-e15-unleaded-88-and-e85-is-it-safe-to-use-in-cars-boats-vehicles-sheetz/65364424007/,2.363660893075515
loss,member,https://www.ydr.com/restricted/?return=https%3A%2F%2Fwww.ydr.com%2Fstory%2Fnews%2F2022%2F04%2F07%2Fpa-speed-cameras-work-zones-tickets-tossed-after-error-found%2F65345082007%2F,0.09279081092669027
loss,member,https://www.ydr.com/story/sports/high-school/2022/05/09/select-gametimepa-yaiaa-athletes-of-the-week-formay-2-to-may-7/65354485007/,2.43642529687831
loss,member,https://www.ydr.com/story/sports/high-school/softball/2022/07/06/piaa-softball-coaches-select-states-top-players/65365518007/,2.4819183097462023
loss,member,https://www.ydr.com/story/sports/high-school/football/2022/08/22/central-pa-football-schedule-scores-york-adams-2022-season/65409218007/,1.0069345011043775
loss,member,https://www.ydr.com/story/sports/college/2022/03/31/ncaa-gymnastic-regionals-how-to-watch-the-action-from-4-competitions/65347499007/,2.393067770644685
loss,member,https://www.ydr.com/story/news/2022/07/29/one-killed-building-collapse-adams-county-central-pa-farm-state-police-say/65386328007/,2.404696391280437
loss,member,https://www.ydr.com/story/news/2022/09/14/pa-residents-with-criminal-records-could-get-help/69491572007/,2.5409426461922027
loss,member,https://www.ydr.com/story/news/crime/2022/05/18/york-city-police-investigating-womans-overnight-death-as-homicide/65356359007/,2.0473478413176234
loss,member,https://www.ydr.com/restricted/?return=https%3A%2F%2Fwww.ydr.com%2Fstory%2Fnews%2F2022%2F04%2F21%2Fcomings-and-goings-eco-friendly-store-opens-in-york-coffee-shop-closes%2F65351060007%2F,0.09279081092669027
loss,member,https://www.ydr.com/restricted/?return=https%3A%2F%2Fwww.ydr.com%2Fstory%2Fnews%2F2022%2F05%2F11%2Fthe-york-and-adams-county-real-estate-markets-are-still-pretty-hot%2F65354554007%2F,0.09279081092669027
loss,member,https://www.ydr.com/story/news/local/2022/09/06/fall-festivals-and-family-friendly-activities-in-york-county/65419910007/,2.193838926091158
loss,member,https://www.ydr.com/story/sports/high-school/2022/04/18/select-gametimepa-yaiaa-athletes-of-the-week-for-april-11-16/65350764007/,2.3678591319045346
loss,member,https://www.ydr.com/story/news/2022/04/26/man-dies-after-falling-into-the-codorus-creek-in-york-fire-chief-says/65351925007/,2.0444416489756065
loss,member,https://www.ydr.com/story/news/local/2022/08/04/children-injured-in-deadly-amish-tractor-crash-york-county-remain-in-hospital/65390689007/,2.266672407297342
loss,member,https://www.ydr.com/story/news/crime/2022/04/18/york-school-district-chad-gerrick-pleads-guilty-disorderly-conduct/65350765007/,2.0364828854812584
loss,member,https://www.ydr.com/story/news/local/2022/05/05/york-city-council-brings-crown-act-to-board-for-hair-discrimination/65353633007/,2.51230851036132
loss,member,https://www.ydr.com/story/sports/high-school/wrestling/2022/05/05/dave-gable-steps-down-as-dallastown-wrestling-coach-after-25-years/65353876007/,2.657059695556266
loss,member,https://www.ydr.com/story/news/crime/2022/05/25/former-north-york-tax-collector-keith-ramsay-rejected-veterans-wellness-court/65356693007/,2.2879869832923707
loss,member,https://www.ydr.com/story/sports/high-school/volleyball-boys/2022/06/01/piaa-boys-volleyball-results-matchups/65358273007/,1.3796531192671364
loss,member,https://www.ydr.com/story/news/2022/08/02/the-community-responds-to-help-an-amish-family-touched-by-tragedy/65388394007/,2.664942742242786
loss,member,https://www.ydr.com/story/news/politics/2022/04/07/kenyatta-running-for-senate-because-the-status-quo-will-not-save-us/65348457007/,2.4222573878934366
loss,member,https://www.ydr.com/restricted/?return=https%3A%2F%2Fwww.ydr.com%2Fstory%2Fnews%2Fcrime%2F2022%2F05%2F09%2Fhearing-joe-fitzpatrick-iii-first-degree-murder-second-trial-york-county%2F65353970007%2F,0.09279081092669027
loss,member,https://www.ydr.com/story/news/2022/05/18/shamaine-daniels-wins-democratic-nomination-to-face-scott-perry-us-congress/65355455007/,2.3473931181508703
loss,member,https://www.ydr.com/story/news/local/2022/06/22/adams-county-crash-leaves-three-dead-pa-police-say/65362619007/,2.2902155100304924
loss,member,https://www.ydr.com/restricted/?return=https%3A%2F%2Fwww.ydr.com%2Fstory%2Fsports%2Fhigh-school%2Ftrack%2F2022%2F05%2F19%2Fpiaa-track-and-field-70-athletes-to-watch-in-district-3-meet%2F65355844007%2F,0.09279081092669027
loss,member,https://www.ydr.com/story/news/crime/2022/08/25/york-county-pa-da-says-shooting-after-wedding-self-defense/65415627007/,2.2095374787753386
loss,member,https://www.ydr.com/story/sports/college/penn-state/football/2022/06/28/penn-state-football-james-franklin-recruits-southern-players-from-alabama-al-florida-fla/65362631007/,2.53386425033374
loss,member,https://www.ydr.com/restricted/?return=https%3A%2F%2Fwww.ydr.com%2Fstory%2Fnews%2F2022%2F06%2F02%2Fafter-a-long-two-years-heres-where-summer-festivals-in-central-pa-stand-in-2022%2F65352431007%2F,0.08179579431363866
loss,member,https://www.ydr.com/story/news/2022/05/03/encore-a-celebration-of-york-county-high-school-musicials-returns/65351061007/,2.18204073822234
loss,member,https://www.ydr.com/story/news/local/2022/07/05/electric-wooden-tour-boat-chief-uncus-launched-in-susquehanna-river-york-county/65365534007/,2.9244221045636065
loss,member,https://www.ydr.com/story/news/fixing-york/2022/09/01/redevelopment-plans-for-south-george-street-post-office-sought/65468307007/,2.6637371947441246
loss,member,https://www.ydr.com/story/sports/high-school/volleyball-boys/2022/07/08/piaa-district-3-13-yaiaa-players-named-boys-volleyball-all-stars/65368955007/,2.2261736488539094
loss,member,https://www.ydr.com/story/sports/high-school/football/2022/09/17/yaiaa-football-scores-from-week-4-dallastown-central-york-earn-wins/69496327007/,2.3920192829074183
loss,member,https://www.ydr.com/story/sports/high-school/football/2022/05/18/central-yorks-cade-pribula-transfers-from-delaware-to-sacred-heart/65355912007/,2.3167318246206516
loss,member,https://www.ydr.com/story/news/local/2022/09/15/vandals-damaged-a-welcome-to-york-gateway-water-company-will-fix-it/69492561007/,2.64532052724048
loss,member,https://www.ydr.com/story/news/local/2022/07/13/christmas-smile-in-july-offers-free-food-gifts-and-more-in-york/65371977007/,2.584925940131909
loss,member,https://www.ydr.com/story/news/crime/2022/09/07/strada-brothers-sentence-in-whispering-wind-bear-spirit-shooting-death/65466363007/,2.12281344989885
loss,member,https://www.ydr.com/story/opinion/2022/07/05/years-after-civil-war-york-surrendered-a-second-time-to-confederates/65367339007/,3.32268167132436
loss,member,https://www.ydr.com/story/news/politics/elections/2022/08/24/scott-perry-sues-department-of-justice-block-access-cellphone-jan-6-probe/65418234007/,2.3840559424284065
loss,member,https://www.ydr.com/story/news/2022/05/23/york-state-fair-2022-what-to-expect-concerts-prices-heroes-hall/65355495007/,2.3215678024354416
loss,member,https://www.ydr.com/story/sports/high-school/2022/07/15/nil-name-age-likeness-policy-pa-high-school-athletes-1-step-closer-to-deals-heres-how/65373478007/,2.4431649282230805
loss,member,https://www.ydr.com/story/sports/high-school/track/2022/05/20/district-3-track-and-field-results-from-day-1-in-shippensburg/65356535007/,2.4577096934384763
loss,member,https://www.ydr.com/story/news/crime/2022/08/19/former-york-city-police-officer-charged-sexual-abuse-teen-joseph-palmer/65411308007/,2.3153995142936417
loss,member,https://www.ydr.com/story/news/health/2022/08/23/wellspan-health-celebrates-ecmo-survivors/65410594007/,2.382844026589526
loss,member,https://www.ydr.com/story/news/politics/elections/2022/07/20/u-s-rep-scott-perry-votes-in-favor-of-bill-to-protect-gay-marriage/65378069007/,2.1144557294501687
loss,member,https://www.ydr.com/story/sports/high-school/football/2022/07/11/dallastown-star-named-gametimepa-yaiaa-boys-athlete-of-the-year/65368843007/,2.572198750499271
loss,member,https://www.ydr.com/story/sports/college/penn-state/football/2022/09/13/penn-state-big-ten-college-football-auburn-tigers-sec-drew-allar/69486532007/,2.9352177319377755
loss,member,https://www.ydr.com/story/opinion/2022/04/26/sen-regan-we-will-not-allow-satan-into-northern-york-county-schools/65352053007/,3.022420701165495
loss,member,https://www.ydr.com/story/opinion/2022/05/24/southcentral-pa-teachers-influence-lasts-a-lifetime/65357368007/,3.008247160584333
loss,member,https://www.ydr.com/story/news/politics/2022/04/24/primary-election-2022-47th-pa-state-house-seat-contested-republican-ticket/65350261007/,2.6022142039093357
loss,member,https://www.ydr.com/story/news/2022/04/12/easter-traditions-in-central-pa-include-pysanky-eggs-and-easter-bread/65348709007/,3.0054287896438696
loss,member,https://www.ydr.com/restricted/?return=https%3A%2F%2Fwww.ydr.com%2Fstory%2Fnews%2Flocal%2F2022%2F04%2F20%2Fcan-after-school-satan-club-sue-northern-york-school-district-lucien-greaves%2F65351105007%2F,0.09279081092669027
loss,member,https://www.ydr.com/story/sports/high-school/2022/09/12/yaiaa-sports-select-athletes-of-the-week-for-sept-5-to-sept-10/69487037007/,2.6129725189383297
loss,member,https://www.ydr.com/story/news/2022/04/20/more-than-21000-tulips-are-near-full-bloom-at-hershey-gardens/65350850007/,2.7218678313759375
loss,member,https://www.ydr.com/story/news/local/2022/09/01/gas-prices-drop-below-4-dollars-gallon-at-some-stations-in-york-county/65466343007/,2.1089021055392476
loss,member,https://www.ydr.com/story/news/2022/06/13/christmas-assault-victim-barbara-laughman-west-manchester-township-encompass-health/65360603007/,2.1516529209894792
loss,member,https://www.ydr.com/story/sports/college/penn-state/football/2022/04/12/penn-state-football-nittany-lions-add-demeioun-robinson-maryland-linebacker/65349874007/,2.4836348908718713
loss,member,https://www.ydr.com/restricted/?return=https%3A%2F%2Fwww.ydr.com%2Fstory%2Fnews%2F2022%2F05%2F09%2Fwestinghouse-atom-smasher-rots-away-in-a-pennsylvania-neighborhood%2F65352649007%2F,0.09279081092669027
loss,member,https://www.ydr.com/story/news/watchdog/2022/05/20/pennsylvania-supreme-court-denies-request-appeal-york-county-prison-corrections-officers-taunting/65356543007/,2.334436526598072
loss,member,https://www.ydr.com/story/sports/high-school/2022/05/27/piaa-track-and-field-chambersburgs-j-j-kelly-wins-triple-jump-title/65357639007/,2.6788557878365515
loss,member,https://www.ydr.com/story/sports/college/penn-state/football/2022/07/21/penn-state-football-sexual-extortion-student-athletes-police/65377756007/,2.293173815709106
loss,member,https://www.ydr.com/story/sports/high-school/football/2022/06/10/york-catholic-hires-longtime-assistant-brad-hayek-as-head-football-coach/65360074007/,2.4246146887674604
loss,member,https://www.ydr.com/story/news/crime/2022/04/06/pennsylvania-superior-court-permission-appeal-ex-southwestern-regional-police-officer-shooting/65348674007/,2.267154660472828
loss,member,https://www.ydr.com/story/sports/college/penn-state/football/2022/09/01/penn-state-purdue-boilermakers-big-ten-live-scoring-updates/65465506007/,2.734578708437089
loss,member,https://www.ydr.com/story/news/health/2022/04/01/a-night-to-remember-those-lost-by-covid-with-1488-luminaries-in-york/65347724007/,3.06216279656995
loss,member,https://www.ydr.com/story/news/crime/2022/09/13/one-dead-one-injured-in-reported-stabbing-in-springettsbury-township/69492968007/,1.926864581426789
loss,member,https://www.ydr.com/story/sports/college/penn-state/football/2022/05/09/penn-state-nittany-lions-football-dani-dennis-sutton-defensive-lineman/65352114007/,2.8997743496694453
loss,member,https://www.ydr.com/story/news/crime/2022/08/08/5-people-found-unconscious-two-now-dead-in-york-county-pa-home/65396070007/,1.8262884690667187
loss,member,https://www.ydr.com/restricted/?return=https%3A%2F%2Fwww.ydr.com%2Fstory%2Fsports%2Fhigh-school%2Fbaseball%2F2022%2F05%2F24%2Fyork-high-baseball-dominican-republic-puerto-rico-york-revolution%2F65355801007%2F,0.10497148890412288
loss,member,https://www.ydr.com/restricted/?return=https%3A%2F%2Fwww.ydr.com%2Fstory%2Fnews%2Fwatchdog%2F2022%2F04%2F14%2Frobert-vicosa-murder-suicide-timeline-events-transparency%2F65349570007%2F,0.09279081092669027
loss,member,https://www.ydr.com/story/news/2022/08/25/fundraiser-christine-fousek-rylee-reynolds-stewartstown-york-county/65419562007/,2.0865742545489194
loss,member,https://www.ydr.com/story/sports/high-school/football/2022/09/02/central-pennsylvania-high-school-football-scoreboard-see-which-york-adams-teams-won-in-week-2/65468092007/,2.060727599557466
loss,member,https://www.ydr.com/story/sports/college/penn-state/football/2022/04/29/nfl-draft-penn-state-football-arnold-ebiketie-atlanta-falcons/65352157007/,2.5316139794855532
loss,member,https://www.ydr.com/story/news/2022/09/14/trans-siberian-orchestra-to-perform-2-concerts-in-hershey-in-december/69491582007/,2.0459403286980447
loss,member,https://www.ydr.com/story/news/crime/2022/09/14/one-dead-one-injured-in-reported-stabbing-in-springettsbury-township/69492968007/,1.9519891960135123
loss,member,https://www.ydr.com/story/news/politics/elections/2022/08/17/democrat-shamaine-daniels-poll-shows-lead-over-rep-scott-perry/65404028007/,2.5786786822971672
loss,member,https://www.ydr.com/story/news/2022/05/18/york-county-2022-democratic-republican-primary-race-results-today/65355341007/,1.906178771889722
loss,member,https://www.ydr.com/story/news/crime/2022/09/13/york-county-coroner-identifies-man-who-died-after-weekend-shooting-in-city/69491367007/,1.609157647948105
loss,member,https://www.ydr.com/story/news/crime/2022/04/27/man-pleads-no-contest-third-degree-murder-deadly-shooting-west-manheim-township-york-county/65352283007/,2.081359952476739
loss,member,https://www.ydr.com/story/news/crime/2022/05/26/former-northern-york-county-regional-police-chief-facing-dui-charges/65357632007/,2.401782202964938
loss,member,https://www.ydr.com/story/news/2022/07/05/teen-dies-4-injured-single-vehicle-crash-near-littlestown-adams-county-pa-july-4/65367258007/,2.2863815596410557
loss,member,https://www.ydr.com/story/news/2022/04/13/conor-lamb-senate-race-says-record-over-john-fetterman/65348890007/,2.3745892000815134
loss,member,https://www.ydr.com/story/sports/high-school/football/2022/09/08/central-pa-high-school-football-live-scoreboard-from-week-3-yaiaa-ll-league-mid-penn-conference/66862778007/,3.063918318307545
loss,member,https://www.ydr.com/story/news/2022/05/10/real-id-in-pa-with-deadline-approaching-heres-what-you-need-to-know/65353960007/,2.1625993759608506
loss,member,https://www.ydr.com/story/sports/college/penn-state/football/2022/04/29/penn-state-ad-patrick-kraft-confirmed-friday/65352557007/,2.673103173417073
loss,member,https://www.ydr.com/story/news/crime/2022/05/27/daiquan-dickerson-sentenced-life-prison-murdering-dover-area-high-school-student-emily-shoemaker/65356726007/,2.19116866916319
loss,member,https://www.ydr.com/story/sports/high-school/2022/06/27/award-winning-kennard-dale-powerlifting-coach-steps-down/65362716007/,2.6613428385836118
loss,member,https://www.ydr.com/story/sports/college/penn-state/football/2022/07/01/college-football-usc-ucla-joining-penn-state-big-ten/65366000007/,3.0093901976869653
loss,member,https://www.ydr.com/story/sports/high-school/softball/2022/05/26/district-3-softball-championships-results-scores-from-each-round/65357552007/,1.4731617387375544
loss,member,https://www.ydr.com/story/news/2022/05/20/police-investigating-shooting-west-manchester-west-york-auto-spa-express/65356744007/,2.31622890001292
loss,member,https://www.ydr.com/story/news/2022/06/07/philadelphia-man-sedition-charges-u-s-capitol-insurrection/65359583007/,1.686780704248476
loss,member,https://www.ydr.com/story/news/2022/08/11/hundreds-turn-out-to-protest-the-re-use-of-york-county-landfill/65398396007/,2.792884200285459
loss,member,https://www.ydr.com/story/news/crime/2022/08/19/takanii-beatty-gets-prison-time-for-york-rape-prostitution-case/65405818007/,2.218318665757702
loss,member,https://www.ydr.com/restricted/?return=https%3A%2F%2Fwww.ydr.com%2Fstory%2Fnews%2F2022%2F06%2F14%2Fwill-pennsylvania-make-it-easier-for-teachers-to-carry-guns%2F65360505007%2F,0.12695625464168023
loss,member,https://www.ydr.com/story/news/local/2022/08/16/lawsuit-louis-appell-iii-filed-against-ufd-founders-settled/65395849007/,2.6651282282707056
loss,member,https://www.ydr.com/story/news/2022/08/01/york-pa-three-alarm-fire-destroys-vacant-home-east-mason-avenue/65387808007/,2.773306033370924
loss,member,https://www.ydr.com/story/news/2022/08/09/pa-cuts-corporate-net-income-tax-nearly-in-half/65396041007/,2.3316228502257
loss,member,https://www.ydr.com/story/news/local/2022/06/27/six-york-county-restaurants-out-of-compliance-inspections-dirty-kitchens/65361708007/,2.4566458750555906
loss,member,https://www.ydr.com/story/news/2022/05/27/weather-alert-storms-flash-floods-possible-tornado-central-pa/65357673007/,2.1245628953426325
loss,member,https://www.ydr.com/story/news/politics/2022/04/24/voters-guide-2022-10th-congressional-race-in-pennsylvania/65350260007/,2.3459963238522565
loss,member,https://www.ydr.com/story/news/crime/2022/04/28/york-county-victims-rights-coalition-march-vigil-trauma-support/65352197007/,2.519455327963368
loss,member,https://www.ydr.com/story/news/politics/2022/04/24/primary-election-2022-two-republicans-vying-pa-169th-state-house-seat/65350263007/,3.035314296257557
loss,member,https://www.ydr.com/restricted/?return=https%3A%2F%2Fwww.ydr.com%2Fstory%2Fnews%2F2022%2F05%2F03%2Fa-developer-has-big-plans-for-former-memorial-hospital-site%2F65352173007%2F,0.09279081092669027
loss,member,https://www.ydr.com/story/opinion/2022/07/15/the-long-road-to-vindication-for-officer-clayton-swartz-opinion/65374340007/,3.1987876415770464
loss,member,https://www.ydr.com/story/sports/high-school/tennis-girls/2022/04/29/yaiaa-tennis-which-players-are-still-alive-for-championships/65352612007/,2.750406235143796
loss,member,https://www.ydr.com/story/sports/college/penn-state/football/2022/09/18/penn-state-football-nick-singleton-auburn-tigers-big-ten-sec/69494656007/,3.098966117787718
loss,member,https://www.ydr.com/story/news/2022/06/22/american-idol-finalist-huntergirl-york-state-fair-july-29/65362462007/,2.194859040256665
loss,member,https://www.ydr.com/story/news/crime/2022/05/16/york-activists-dog-and-car-stolen-begs-thief-to-return-pet-safely/65355772007/,2.74243870985185
loss,member,https://www.ydr.com/story/news/2022/04/18/mollys-courtyard-cafe-york-to-close-and-new-cafe-reopens-in-june/65349885007/,2.627932148765284
loss,member,https://www.ydr.com/story/news/2022/06/29/co-defendant-in-dover-student-emily-shoemakers-murder-sentenced/65364373007/,2.1627073146464397
loss,member,https://www.ydr.com/restricted/?return=https%3A%2F%2Fwww.ydr.com%2Fstory%2Flife%2Ffood%2F2022%2F05%2F16%2Ffarms-in-york-county-offer-home-deliveries%2F65352137007%2F,0.09279081092669027
loss,member,https://www.ydr.com/story/news/local/2022/06/10/york-county-police-partner-with-logos-on-public-safety-collaboration/65359772007/,2.919871128183733
loss,member,https://www.ydr.com/story/opinion/2022/08/02/st-lukes-lutheran-church-celebrates-250-anniversary-in-southern-york-county/65389486007/,3.1480277780189385
loss,member,https://www.ydr.com/restricted/?return=https%3A%2F%2Fwww.ydr.com%2Fin-depth%2Fnews%2F2022%2F06%2F13%2Factivism-social-justice-york-most-influential-people%2F65351407007%2F,0.12695625464168023
loss,member,https://www.ydr.com/story/news/local/2022/05/31/murder-suicide-victim-erin-walker-remembered-at-central-memorial/65358157007/,2.558430412584636
loss,member,https://www.ydr.com/story/news/local/2022/07/21/york-mayor-michael-helfrich-oath-of-office-decision-appealed-to-superior-court/65377376007/,2.631473887023652
loss,member,https://www.ydr.com/restricted/?return=https%3A%2F%2Fwww.ydr.com%2Fstory%2Fnews%2F2022%2F05%2F12%2Fparents-at-northeastern-school-district-fed-up-with-bullying%2F65351444007%2F,0.09279081092669027
loss,member,https://www.ydr.com/story/sports/high-school/football/2022/09/08/red-lion-high-school-garrett-coppersmith-makes-record-breaking-kick/66745861007/,2.7361843196517395
loss,member,https://www.ydr.com/story/sports/high-school/football/2022/06/17/eric-depew-hired-as-red-land-football-coach-after-leaving-york-catholic/65361664007/,2.329843242365125
loss,member,https://www.ydr.com/story/news/2022/09/13/emt-struck-by-truck-in-downtown-york/69493220007/,2.923583416181496
loss,member,https://www.ydr.com/story/news/watchdog/2022/05/20/york-daily-record-takes-district-attorney-to-court-in-vicosa-case/65355306007/,2.3777048288751073
loss,member,https://www.ydr.com/story/sports/2022/06/24/michigans-eli-brooks-signs-summer-league-contract-with-indiana-pacers/65363446007/,2.1713150144656295
loss,member,https://www.ydr.com/restricted/?return=https%3A%2F%2Fwww.ydr.com%2Fstory%2Fsports%2Fhigh-school%2F2022%2F04%2F04%2Fyork-adams-players-watch-district-state-high-school-sports-yaiaa%2F65347631007%2F,0.09279081092669027
loss,member,https://www.ydr.com/story/news/2022/05/19/harley-davidson-york-county-pa-springettsbury-township-suspends-operations/65356500007/,1.827237415613074
loss,member,https://www.ydr.com/restricted/?return=https%3A%2F%2Fwww.ydr.com%2Fstory%2Fsports%2Fhigh-school%2Ffootball%2F2022%2F05%2F11%2Fcoach-russ-stoner-goes-beyond-football-for-city-of-york-school-district%2F65350937007%2F,0.09279081092669027
loss,member,https://www.ydr.com/story/news/2022/05/11/york-county-911-holding-recruitment-drive-to-fill-15-open-positions/65354635007/,2.618411689923425
loss,member,https://www.ydr.com/story/news/2022/06/03/central-pa-bars-taverns-facing-beer-shortage/65358543007/,2.8203175406302883
loss,member,https://www.ydr.com/story/sports/college/2022/04/02/trinity-thomas-leads-florida-to-third-highest-gymnastic-total-in-ncaa/65347768007/,2.593125591675937
loss,member,https://www.ydr.com/restricted/?return=https%3A%2F%2Fwww.ydr.com%2Fstory%2Fnews%2F2022%2F05%2F16%2Fyork-county-restaurant-inspections-engine-oil-bottle-found-in-food-area-meat-not-covered%2F65354936007%2F,0.09279081092669027
loss,member,https://www.ydr.com/story/news/crime/2022/05/24/spring-garden-police-press-conference-central-york-high-school-teacher-fatal-shooting/65357296007/,2.5444392391225965
loss,member,https://www.ydr.com/story/sports/high-school/basketball-girls/2022/05/02/jim-kunkle-resigns-as-west-york-area-high-school-girls-basketball-coach/65353118007/,2.5472526066675227
loss,member,https://www.ydr.com/story/opinion/2022/09/13/2022-dorrie-leader-award-recipient-lizaida-morales/69492274007/,2.963054748163992
loss,member,https://www.ydr.com/story/news/2022/05/24/celebrate-national-wine-day-with-mark-and-vals-wine-in-york/65356572007/,2.7332808726813678
loss,member,https://www.ydr.com/story/sports/high-school/football/2022/09/06/yaiaa-sports-select-athletes-of-the-week-foraug-29-to-sept-3/65475033007/,2.3173004238409924
loss,member,https://www.ydr.com/story/sports/college/penn-state/football/2022/04/20/penn-state-blue-white-football-game-2022-james-franklin-nick-singleton/65350805007/,2.897465580325146
loss,member,https://www.ydr.com/story/sports/high-school/2022/05/31/high-school-sports-select-final-yaiaa-athletes-of-week-for-2021-22/65358283007/,2.713132659639626
loss,member,https://www.ydr.com/story/news/politics/2022/04/25/pa-voters-guide-2022-where-the-primary-candidates-stand/65350980007/,2.043966288217071
loss,member,https://www.ydr.com/story/news/local/community/2022/07/27/russia-ukraine-war-antonina-kovalenko-emigsville-george-hay-kain/65381771007/,2.432325736088813
loss,member,https://www.ydr.com/story/sports/nfl/2022/04/25/bruce-arians-retirement-nfl-coach-tampa-bay-health-tom-brady/65348336007/,3.0146505325609434
loss,member,https://www.ydr.com/story/news/local/2022/08/15/route-30-pa-crash-claims-the-life-of-one-york-township-woman/65403368007/,2.155118587634049
loss,member,https://www.ydr.com/story/news/local/2022/05/31/york-police-offer-form-for-residents-that-suffer-from-mental-illness/65357719007/,2.5587001237445697
loss,member,https://www.ydr.com/story/news/2022/08/11/congressman-scott-perry-pa-10th-district-fbi-investigation/65399207007/,2.344622101553412
loss,member,https://www.ydr.com/story/news/politics/2022/09/15/mastriano-education-plan-would-cut-school-funding-by-12b-union-says/69495468007/,2.352037538754015
loss,member,https://www.ydr.com/story/news/2022/04/07/life-with-alopecia-is-an-emotional-roller-coaster/65348435007/,2.264734959544891
loss,member,https://www.ydr.com/story/sports/outdoors/2022/09/01/trout-stocking-hatcheries-pa-fish-boat-commission/65462285007/,2.623368810242703
loss,member,https://www.ydr.com/story/news/2022/06/10/osha-investigating-after-workers-fall-in-chocolate-tank-lancaster-pennsylvania-factory/65360110007/,2.0508875542686926
loss,member,https://www.ydr.com/story/news/2022/05/26/distinguished-young-women-of-york-county-to-award-scholarships/65357279007/,2.5982531937915763
loss,member,https://www.ydr.com/story/news/politics/2022/04/05/primary-2022-who-is-running-for-office-in-central-pa/65346540007/,1.9373091330612497
loss,member,https://www.ydr.com/story/opinion/2022/04/06/sen-mike-regan-its-time-to-legalize-adult-use-marijuana-in-pa/65348677007/,2.7178821462152913
loss,member,https://www.ydr.com/story/news/local/2022/09/07/problem-solver-studios-in-west-york-offers-safe-space-for-music-artists/65458109007/,2.626809591554766
loss,member,https://www.ydr.com/story/news/local/2022/07/13/video-helps-york-police-arrest-jaquez-brown-in-killing-of-shaheim-carr/65372942007/,2.319519181769914
loss,member,https://www.ydr.com/story/news/2022/07/08/wildcat-roller-coaster-hershey-park-closing-rmc-coasters/65369486007/,2.5668610119970174
loss,member,https://www.ydr.com/story/news/2022/05/17/primary-day-in-pennsylvania-what-you-need-to-know-about-the-polls-last-minute-mail-ballots/65352112007/,1.8866322809503364
loss,member,https://www.ydr.com/story/news/politics/2022/04/14/pa-governors-race-doug-mastriano-leading-election-denier/65349168007/,2.294525877332916
loss,member,https://www.ydr.com/story/news/2022/06/10/scott-perry-sought-presidential-pardon-january-6-insurrection-capitol-attack-liz-cheney/65360025007/,1.942599357787059
loss,member,https://www.ydr.com/story/sports/high-school/lacrosse-boys/2022/05/16/yaiaa-boys-lacrosse-coaches-name-2022-all-stars-players-of-the-year/65355776007/,2.139960202030618
loss,member,https://www.ydr.com/restricted/?return=https%3A%2F%2Fwww.ydr.com%2Fstory%2Fsports%2Fhigh-school%2F2022%2F04%2F05%2Fyork-adams-players-watch-district-state-high-school-sports-yaiaa%2F65347631007%2F,0.09279081092669027
loss,member,https://www.ydr.com/restricted/?return=https%3A%2F%2Fwww.ydr.com%2Fstory%2Fnews%2F2022%2F05%2F09%2Fcould-mental-health-experts-prevented-killing-of-lebanon-police-lt-william-lebo%2F65352523007%2F,0.09279081092669027
loss,member,https://www.ydr.com/story/news/local/2022/08/03/york-xl-york-county-food-bank-seek-grants-from-gannett-community-thrives/65385659007/,2.981562779259373
loss,member,https://www.ydr.com/story/news/2022/06/07/baltimore-county-md-collector-chad-shapiro-has-thomas-edison-light-bulbs/65352109007/,3.34787534941987
loss,member,https://www.ydr.com/story/opinion/2022/06/15/york-countys-conspiracy-of-1803-a-troubling-story/65361114007/,3.3225181534459716
loss,member,https://www.ydr.com/story/sports/high-school/basketball-girls/2022/04/18/dallastowns-dshantae-edwards-commits-to-bethune-cookman-basketball/65350270007/,2.4764519741795548
loss,member,https://www.ydr.com/restricted/?return=https%3A%2F%2Fwww.ydr.com%2Fstory%2Fsports%2Fhigh-school%2F2022%2F06%2F21%2Fgettysburg-athletics-should-the-yaiaa-be-ok-with-move-to-mid-penn%2F65361026007%2F,0.121909475679828
loss,member,https://www.ydr.com/story/news/2022/04/01/lebanon-city-police-officer-lebo-shooting-timeline-travis-shaud/65347767007/,1.9472589687602166
loss,member,https://www.ydr.com/story/news/2022/07/27/former-superfund-site-in-hopewell-twp-could-be-reopened-as-landfill/65382901007/,2.6215156902602295
loss,member,https://www.ydr.com/restricted/?return=https%3A%2F%2Fwww.ydr.com%2Fstory%2Fnews%2F2022%2F04%2F05%2Fnew-pizza-shop-opens-in-york-as-an-old-favorite-returns%2F65347318007%2F,0.09279081092669027
loss,member,https://www.ydr.com/story/news/local/2022/08/31/united-steelworkers-union-gives-notice-of-strike-to-bae-systems-in-york/65464768007/,2.2834357150810285
loss,member,https://www.ydr.com/story/news/2022/06/16/first-black-owned-gettysburg-the-keystone-inn-bed-breakfast/65354942007/,2.711204253432679
loss,member,https://www.ydr.com/story/news/traffic/2022/08/29/route-462-market-street-by-interstate-83-to-close-five-weeks-for-bridge-replacement/65417738007/,2.4470892943261187
loss,member,https://www.ydr.com/restricted/?return=https%3A%2F%2Fwww.ydr.com%2Fstory%2Fnews%2Flocal%2F2022%2F06%2F02%2Fconfidential-settlement-lawsuits-deaths-two-york-city-firefighters-ivan-flanscha-zachary-anthony%2F65357792007%2F,0.08179579431363866
loss,member,https://www.ydr.com/story/money/business/2022/07/17/best-of-the-best-awards-to-honor-the-finest-of-york-county/65373475007/,2.6528101091973464
loss,member,https://www.ydr.com/story/news/politics/elections/2022/07/06/pa-coronavirus-deaths-doug-mastriano-republican-governor-race-josh-shapiro/65367847007/,0.15723781230573972
loss,member,https://www.ydr.com/story/news/crime/2022/09/01/former-east-manchester-township-manager-gene-david-gentzler-kidnapping-sentenced-to-prison/65462077007/,2.420906623556708
loss,member,https://www.ydr.com/story/sports/college/2022/04/16/florida-falls-short-ncaa-gymnastics-title-trinity-thomas-scores-perfect-10-west-york/65350392007/,2.842628397253225
loss,member,https://www.ydr.com/story/opinion/2022/04/29/sen-mike-regan-legally-wrong-in-stand-against-after-school-club-satan/65352613007/,2.8348761835206795
loss,member,https://www.ydr.com/restricted/?return=https%3A%2F%2Fwww.ydr.com%2Fstory%2Fnews%2F2022%2F05%2F04%2Fcomings-and-goings-popular-taco-place-returns-bar-and-grill-closes%2F65353557007%2F,0.09279081092669027
loss,member,https://www.ydr.com/story/news/2022/06/13/york-state-fair-pa-toby-keith-tour-cancels-concert-july/65360563007/,2.1805922402902835
loss,member,https://www.ydr.com/story/news/2022/06/14/chanceford-township-york-county-pa-teen-dies-from-injuries-in-crash-at-i-83-and-route-30-wellspan/65360665007/,1.9870198591110522
loss,member,https://www.ydr.com/story/news/local/2022/04/06/pennsylvania-state-police-settle-profiling-immigration-lawsuit/65348777007/,1.8016940678411937
loss,member,https://www.ydr.com/story/life/food/2022/05/25/york-county-restaurants-guide-for-dining-outside-coffee-bakeries/65357297007/,3.0204931694347867
loss,member,https://www.ydr.com/story/news/local/2022/08/15/william-goodridge-statue-is-first-in-york-to-honor-african-americans/65400442007/,2.8986679022864816
loss,member,https://www.ydr.com/story/sports/high-school/baseball/2022/06/06/coastal-carolina-baseball-nick-parker-shut-out-east-carolina-ncaa-regional/65358918007/,2.2035488140911963
loss,member,https://www.ydr.com/story/sports/high-school/2022/05/28/piaa-track-spring-groves-laila-campbell-claims-two-gold-medals-again/65357640007/,2.330209112505397
loss,member,https://www.ydr.com/story/news/2022/08/01/york-state-fair-2022-sees-sharp-attendance-drop-hot-weather-blamed/65388258007/,2.406533607936334
loss,member,https://www.ydr.com/restricted/?return=https%3A%2F%2Fwww.ydr.com%2Fstory%2Fnews%2Fwatchdog%2F2022%2F05%2F25%2Fman-pleads-guilty-third-degree-murder-deadly-interstate-83-crash%2F65357260007%2F,0.10497148890412288
loss,member,https://www.ydr.com/story/life/2022/06/23/102-year-old-retired-teacher-shares-memories-at-susquehannock-high/65362172007/,2.7522809503627075
loss,member,https://www.ydr.com/story/news/crime/2022/05/22/one-injured-in-shooting-at-walmart-in-newberry-township-york-county/65356844007/,2.036090343123413
loss,member,https://www.ydr.com/story/news/local/2022/07/06/york-county-pa-single-vehicle-crash-one-woman-killed-lower-chanceford-township/65367755007/,1.5719357379663996
loss,member,https://www.ydr.com/story/news/local/2022/05/03/crown-act-would-bar-discrimination-of-race-based-hairstyles-in-york/65353530007/,2.4095085379050847
loss,member,https://www.ydr.com/story/sports/high-school/baseball/2022/06/14/yaiaa-baseball-coaches-name-2022-league-all-stars-players-of-the-year/65360678007/,1.9879086832109985
loss,member,https://www.ydr.com/story/news/crime/2022/06/06/york-woman-arrested-stole-car-with-toddler-inside/65358916007/,1.909431033438559
loss,member,https://www.ydr.com/story/news/2022/06/07/gas-prices-in-central-pa-surpass-5-a-gallon-at-some-stations/65359220007/,1.9350767873789718
loss,member,https://www.ydr.com/story/news/history/gettysburg/2022/04/06/thaddeus-stevens-gets-a-statue-from-his-fan-club-in-gettysburg/65348341007/,2.981830711640789
loss,member,https://www.ydr.com/story/news/local/2022/06/03/pedal-4-peace-wavecrave365-operating-in-condemned-building-closed-for-now/65358672007/,2.9094636349242973
loss,member,https://www.ydr.com/story/news/politics/2022/05/18/keith-gillespie-stan-saylor-lose-pa-house-seats-in-gop-primary/65355136007/,2.689167824646077
loss,member,https://www.ydr.com/in-depth/news/2022/05/24/saving-york-street-by-street-the-unsung-people-helping-our-hometown/65351134007/,2.6221706562047005
loss,member,https://www.ydr.com/story/opinion/2022/04/21/opinion-legalizing-marijuana-in-pa-is-a-dangerous-idea/65351230007/,3.1280675253793735
loss,member,https://www.ydr.com/story/sports/college/penn-state/football/2022/07/19/penn-state-football-parecruiting-surge-in-big-ten-london-montgomery/65372327007/,2.7257455624931386
loss,member,https://www.ydr.com/restricted/?return=https%3A%2F%2Fwww.ydr.com%2Fstory%2Fnews%2Fwatchdog%2F2022%2F05%2F04%2Fnew-federal-guidance-juvenile-justice-reform-act-of-2018%2F65352687007%2F,0.09279081092669027
loss,member,https://www.ydr.com/story/sports/high-school/2022/05/16/athletes-of-the-week-select-the-latest-yaiaa-winners/65355822007/,2.4414404057473442
loss,member,https://www.ydr.com/story/sports/high-school/2022/08/26/central-pa-football-scores-highlights-from-week-1-yaiaa-ll-league-mid-penn-conference/65420337007/,2.8280605015364575
loss,member,https://www.ydr.com/story/opinion/2022/07/13/articles-of-confederation-crafters-sentenced-1st-constitution-to-short-life/65373089007/,3.3644889101991513
loss,member,https://www.ydr.com/story/sports/high-school/2022/05/02/york-adams-athletes-select-this-weeks-top-performers-in-online-polls/65353164007/,2.4145658588939956
loss,member,https://www.ydr.com/story/news/2022/04/05/dillsburg-halal-meats-suspended-after-usda-observes-mishandling-of-lamb/65348320007/,2.6345842833675666
loss,member,https://www.ydr.com/restricted/?return=https%3A%2F%2Fwww.ydr.com%2Fstory%2Fnews%2F2022%2F06%2F21%2Fdallastown-area-high-school-and-alumni-to-perform-mamma-mia-two-years-after-covid-shutdown%2F65360132007%2F,0.121909475679828
loss,member,https://www.ydr.com/story/news/crime/2022/04/18/york-city-struggles-for-answers-in-wake-of-continued-gun-violence/65347686007/,2.6228363927035496
loss,member,https://www.ydr.com/story/news/local/2022/08/22/york-county-pa-history-center-construction-underway-site-from-first-power-station/65406643007/,3.0954769257144865
loss,member,https://www.ydr.com/story/life/2022/05/23/red-lion-senior-high-school-offers-student-run-cafe/65355189007/,2.8074726535103656
loss,member,https://www.ydr.com/restricted/?return=https%3A%2F%2Fwww.ydr.com%2Fstory%2Fsports%2Fhigh-school%2F2022%2F05%2F17%2Fthe-district-3-playoffs-are-here-these-are-the-top-athletes-to-watch%2F65355261007%2F,0.09279081092669027
loss,member,https://www.ydr.com/story/sports/high-school/football/2022/08/31/central-pa-high-school-football-scoreboard-results-from-week-2-yaiaa-ll-league-mid-penn-conference/65465990007/,2.9217276259052225
loss,member,https://www.ydr.com/story/news/local/2022/06/27/sheetz-lowers-some-gas-prices-in-pennsylvania-for-july-4th-holiday/65364124007/,1.7948257523649551
loss,member,https://www.ydr.com/story/money/companies/2022/09/12/refillism-store-in-york-boosts-access-to-eco-friendly-lifestyle/68221522007/,2.6307051797699605
loss,member,https://www.ydr.com/story/news/local/2022/04/04/dover-area-northern-york-county-pa-teen-dies-car-crash/65348254007/,1.700414216332064
loss,member,https://www.ydr.com/story/news/crime/2022/08/10/kimberly-metz-sentenced-in-willmar-santos-batista-fathers-day-york-murder/65394957007/,2.5689283804141176
loss,member,https://www.ydr.com/story/sports/high-school/football/2022/09/16/central-pa-high-school-football-live-scoreboard-week-4-yaiaa-ll-league-mid-penn-conference/69496403007/,3.22283117387874
loss,member,https://www.ydr.com/story/news/local/2022/08/04/tractor-crash-in-york-county-results-another-death-4-year-old-boy-jeffrey-ryan-fisher/65391877007/,2.2186383808637204
loss,member,https://www.ydr.com/story/news/2022/04/06/route-30-adams-county-crash-claims-the-life-of-york-haven-man/65348639007/,1.9387620505276126
loss,member,https://www.ydr.com/story/news/local/2022/04/21/york-county-judge-hears-argument-petition-seeking-disqualification-york-mayor-michael-helfrich/65351027007/,2.404580598247368
loss,member,https://www.ydr.com/restricted/?return=https%3A%2F%2Fwww.ydr.com%2Fstory%2Fnews%2F2022%2F06%2F09%2Fcomings-and-goings-downtown-york-gets-a-number-of-new-businesses%2F65359731007%2F,0.10591054274939694
loss,member,https://www.ydr.com/story/news/local/2022/08/24/live-band-members-and-bill-hynes-get-lawsuit-for-think-loud-studio-property/65404659007/,2.8250073342614415
loss,member,https://www.ydr.com/story/news/2022/06/16/tornado-watch-issued-for-central-pennsylvania-national-weather-service/65361497007/,2.203274532397035
loss,member,https://www.ydr.com/story/news/crime/2022/05/23/central-york-teacher-killed-in-murder-suicide-in-spring-garden-township/65357189007/,2.1426108548174914
loss,member,https://www.ydr.com/story/news/2022/04/26/pennsylvanias-child-welfare-system-needs-to-be-reformed/65351885007/,2.716998370091991
loss,member,https://www.ydr.com/story/opinion/2022/09/06/question-for-pennsylvania-child-welfare-how-can-more-children-be-saved/65463989007/,2.7637257636491763
loss,member,https://www.ydr.com/story/sports/high-school/2022/06/06/piaa-championships-first-round-results-from-baseball-softball-playoffs/65359199007/,2.0194815644705173
loss,member,https://www.ydr.com/story/news/crime/2022/05/12/child-abuse-york-county-man-submerged-2-year-olds-hand-in-hot-water/65355049007/,2.126994598729698
loss,member,https://www.ydr.com/story/sports/college/penn-state/football/2022/08/25/penn-state-football-nittany-lions-jiayir-brown-tig-big-ten/65399007007/,2.8275759047897617
loss,member,https://www.ydr.com/story/news/local/2022/04/19/satanist-club-proposal-to-northern-york-county-school-district-board/65350967007/,2.9967001356623473
loss,member,https://www.ydr.com/story/news/2022/05/25/why-you-will-pay-400-for-a-bushel-of-blue-crabs-summer-2022-in-pa/65357266007/,2.598787340414656
loss,member,https://www.ydr.com/story/news/2022/08/10/hershey-chocolate-enough-candy-halloween-but-it-will-cost-more/65395842007/,2.5564494442887677
loss,member,https://www.ydr.com/story/news/2022/05/10/pa-gas-prices-rise-new-record-high-dwindling-supplies/65353817007/,1.8223234877577756
loss,member,https://www.ydr.com/story/news/local/2022/06/27/hanover-area-may-soon-get-a-wawa-first-in-york-county-pa/65363962007/,2.721619874845858
loss,member,https://www.ydr.com/story/news/2022/06/14/saving-york-street-by-street-read-about-heroes-york-pa/65360879007/,2.5748071866378037
loss,member,https://www.ydr.com/story/news/2022/08/10/after-yorkfest-was-canceled-again-local-artists-stepped-up-yorks-art-week/65396122007/,2.5633773264392374
loss,member,https://www.ydr.com/story/sports/college/penn-state/football/2022/09/11/ncaa-college-football-penn-state-ohio-bobcats-nicholas-singleton-drew-allar/66789648007/,2.9856877164247666
loss,member,https://www.ydr.com/story/news/2022/05/05/voter-intimidation-delayed-primary-results-possible-pa-official-says/65353837007/,2.424846989871797
loss,member,https://www.ydr.com/story/news/local/2022/07/14/york-water-co-seeks-31-percent-rate-hike-puc-to-investigate/65373927007/,2.6141968024404556
loss,member,https://www.ydr.com/story/opinion/2022/04/18/this-war-is-partly-about-russian-vs-ukrainian-language/65350841007/,3.2955226393861254
loss,member,https://www.ydr.com/story/news/crime/2022/05/26/man-sentenced-prison-aggravated-animal-cruelty-york-county/65356698007/,2.206051814208018
loss,member,https://www.ydr.com/story/news/crime/2022/07/07/york-settles-with-officer-clayton-swartz-joking-george-floyd-murder/65368943007/,2.671585055022186
loss,member,https://www.ydr.com/story/sports/high-school/2022/05/18/yaiaa-tournament-winners-from-volleyball-baseball-softball/65355964007/,2.352295571356003
loss,member,https://www.ydr.com/story/news/2022/04/14/pa-republican-jeff-bartos-is-running-for-u-s-senate-on-kitchen-table-issues/65348985007/,2.2947447737797386
loss,member,https://www.ydr.com/story/news/local/2022/07/05/central-pennsylvania-teen-opens-up-ice-cream-shop-with-unusual-flavors/65364068007/,2.4417570185279858
loss,member,https://www.ydr.com/restricted/?return=https%3A%2F%2Fwww.ydr.com%2Fstory%2Fnews%2F2022%2F06%2F13%2Farchetype-pizza-in-downtown-york-to-open-june%2F65359889007%2F,0.12695625464168023
loss,member,https://www.ydr.com/story/news/local/2022/08/15/york-county-pa-man-dies-suspected-carbon-monoxide-poisoning-car-accidentally-left-running-garage/65403627007/,2.3981034296356243
loss,member,https://www.ydr.com/story/news/2022/05/10/meltdown-three-mile-island-airs-on-netflix/65353510007/,2.8823827481423274
loss,member,https://www.ydr.com/story/news/politics/2022/07/08/pa-lawmakers-agree-to-spend-billions-in-stimulus-money-in-budget/65369988007/,2.1485479747707035
loss,member,https://www.ydr.com/story/sports/high-school/baseball/2022/06/13/piaa-baseball-everett-tops-delone-in-class-2a-semifinals/65360511007/,2.473279936868617
loss,member,https://www.ydr.com/story/sports/high-school/football/2022/08/23/yaiaa-football-2022-preview-here-are-the-games-to-watch/65409917007/,2.3227695956076304
loss,member,https://www.ydr.com/story/sports/outdoors/2022/05/19/gifford-pinchot-state-park-offers-camping-boating-fishing-hiking/65355940007/,2.418430590520216
loss,member,https://www.ydr.com/story/news/2022/04/12/conor-lamb-senate-race-says-record-over-john-fetterman/65348890007/,2.3745892000815134
loss,member,https://www.ydr.com/story/news/politics/2022/04/06/heres-how-charlie-gerow-is-standing-out-in-the-pa-gop-governor-race/65347892007/,2.422801226944397
loss,member,https://www.ydr.com/story/sports/high-school/basketball-boys/2022/05/07/susquehannocks-jalen-franklin-makes-class-5a-all-state-basketball-team/65354032007/,2.0776898028828468
loss,member,https://www.ydr.com/story/news/2022/05/03/5-5-million-purchase-saves-mifflin-house-an-underground-railroad-site/65352510007/,2.5140059037379374
loss,member,https://www.ydr.com/story/news/2022/09/12/pennsylvania-turnpike-why-millions-of-dollars-are-owed-in-unpaid-tolls/65384329007/,2.453379331779978
loss,member,https://www.ydr.com/restricted/?return=https%3A%2F%2Fwww.ydr.com%2Fstory%2Fnews%2Fwatchdog%2F2022%2F04%2F22%2Fdante-mullinix-billboard-blames-york-county-for-death-of-2-year-old%2F65351181007%2F,0.09279081092669027
loss,member,https://www.ydr.com/story/news/2022/06/15/volunteer-fire-departments-struggle-to-recruit-worry-about-response-times/65353542007/,2.4889526349525974
loss,member,https://www.ydr.com/story/news/2022/06/21/red-lion-man-dies-in-single-vehicle-crash-over-the-weekend-york-county/65362165007/,1.865364718344399
loss,member,https://www.ydr.com/story/news/crime/2022/05/11/medical-marijuana-is-a-schedule-1-controlled-substance-in-pa-court/65354517007/,2.2628224230659395
loss,member,https://www.ydr.com/story/news/2022/06/16/local-fireworks-york-harrisburg-gettysburg-lancaster-pennsylvania/65358665007/,2.154524369849066
loss,member,https://www.ydr.com/story/news/2022/07/22/york-father-says-sesame-place-character-snubbed-his-black-daughter/65379052007/,2.208165012689829
loss,member,https://www.ydr.com/story/news/crime/2022/05/13/teen-pleads-guilty-third-degree-murder-prison-accomplice-deadly-shooting-york/65354698007/,2.1854798172084693
loss,member,https://www.ydr.com/story/opinion/2022/05/27/how-we-can-solve-pas-behavioral-health-care-crisis/65357753007/,2.436702565209746
loss,member,https://www.ydr.com/story/news/crime/2022/05/26/york-city-police-pa-investigating-a-homicide-involving-possible-trespasser/65357571007/,1.7784271115823507
loss,member,https://www.ydr.com/story/news/crime/2022/08/18/york-area-man-charged-killing-man-dumping-body-lancaster-county/65408859007/,1.9930227848132762
loss,member,https://www.ydr.com/restricted/?return=https%3A%2F%2Fwww.ydr.com%2Fin-depth%2Fnews%2F2022%2F06%2F13%2Fpolitics-york-county-most-influential-government-reoublican-democrat%2F65351421007%2F,0.12695625464168023
loss,member,https://www.ydr.com/story/sports/high-school/football/2022/08/15/pa-high-school-football-2022-york-adams-league-team-by-team-previews-players-to-watch/65403160007/,2.8645123597840825
loss,member,https://www.ydr.com/story/news/crime/2022/09/08/man-stabs-random-customer-at-walmart-in-york-county-to-return-to-jail-police-say/65742433007/,2.271762810899226
loss,member,https://www.ydr.com/story/news/politics/elections/2022/07/08/scott-perry-congress-pa-republican-refuses-testimony-pardon/65369434007/,2.080332809296003
loss,member,https://www.ydr.com/story/news/politics/2022/04/21/tracking-campaign-updates-in-pennsylvanias-senate-and-governor-races/65350855007/,2.3286621635917104
loss,member,https://www.ydr.com/story/sports/high-school/baseball/2022/04/19/dallastown-baseball-coach-greg-kinneman-reaches-100-career-wins/65350766007/,2.670715480150622
loss,member,https://www.ydr.com/restricted/?return=https%3A%2F%2Fwww.ydr.com%2Fin-depth%2Fnews%2F2022%2F05%2F24%2Fyork-pa-northeast-neighborhood-2-women-do-what-they-can-to-help-saving-york-street-by-street%2F65351426007%2F,0.10497148890412288
loss,member,https://www.ydr.com/story/news/local/2022/08/24/interstate-83-closed-after-truck-strikes-queen-street-overpass-again/65418552007/,2.5625144954352757
loss,member,https://www.ydr.com/restricted/?return=https%3A%2F%2Fwww.ydr.com%2Fstory%2Fnews%2F2022%2F05%2F25%2Frestaurant-inspections-seven-out-of-compliance%2F65355268007%2F,0.10497148890412288
loss,member,https://www.ydr.com/story/news/2022/08/10/rep-scott-perry-republican-york-county-pa-fbi-agents-seized-cellphone/65398266007/,0.2249601833552755
loss,member,https://www.ydr.com/story/opinion/2022/06/15/bidens-border-failure-creates-national-security-humanitarian-crisis/65361133007/,2.5343799642774343
loss,member,https://www.ydr.com/story/opinion/2022/05/18/give-mother-of-red-lion-catherine-meyer-due-recognition/65356449007/,3.2340441324570586
loss,member,https://www.ydr.com/story/news/local/2022/04/08/central-york-students-testify-before-congress-on-national-book-bans/65348834007/,2.4187248747177903
loss,member,https://www.ydr.com/story/life/2022/08/29/silverberry-soaps-central-pa-student-starts-own-business/65417685007/,2.9361586575459615
loss,member,https://www.ydr.com/story/opinion/2022/05/31/tropical-storm-agnes-50-years-ago-like-something-out-of-the-bible/65358222007/,2.9971437737059254
loss,member,https://www.ydr.com/story/opinion/2022/08/19/by-2060-yorks-summer-temps-will-be-like-nashvilles-opinion/65410717007/,3.1272238843626545
loss,member,https://www.ydr.com/story/sports/college/penn-state/football/2022/06/01/penn-state-football-white-out-game-against-minnesota-not-ohio-state/65358413007/,2.8189258369301458
loss,member,https://www.ydr.com/story/news/local/2022/08/03/national-night-out-in-york-is-a-time-to-focus-on-how-to-stop-violence/65389933007/,2.727694362173281
loss,member,https://www.ydr.com/story/sports/high-school/2022/05/09/yaiaa-tournaments-which-teams-will-be-competing-for-championships/65354533007/,1.3785496381228015
loss,member,https://www.ydr.com/story/sports/high-school/2022/07/05/select-gametimepas-yaiaa-athletes-of-the-year-for-2021-22/65365394007/,2.1593107651193506
loss,member,https://www.ydr.com/story/sports/outdoors/2022/05/19/many-options-to-consider-when-picking-purchasing-a-kayak-recreational-touring-fishing-paddles/65355833007/,2.620219479625744
loss,member,https://www.ydr.com/story/news/crime/2022/05/18/man-pleads-guilty-aggravated-assault-accomplice-murder-dover-area-high-school-senior-emily-shoemaker/65355302007/,2.1802220158335355
loss,member,https://www.ydr.com/story/sports/high-school/football/2022/07/20/spring-grove-footballs-andrew-osmun-commits-to-fordham-university/65378458007/,2.422030907438681
loss,member,https://www.ydr.com/restricted/?return=https%3A%2F%2Fwww.ydr.com%2Fstory%2Fnews%2F2022%2F05%2F10%2Fwestinghouse-atom-smasher-rots-away-in-a-pennsylvania-neighborhood%2F65352649007%2F,0.09279081092669027
loss,member,https://www.ydr.com/restricted/?return=https%3A%2F%2Fwww.ydr.com%2Fstory%2Fnews%2Fwatchdog%2F2022%2F04%2F26%2Fjudge-rejects-invasion-of-privacy-claim-york-city-police-officer-clayton-swartz%2F65351520007%2F,0.2145022330349786
loss,member,https://www.ydr.com/story/news/local/2022/04/05/jk-salvage-explosion-attracts-fire-department-and-scares-residents/65348532007/,2.638709601655438
loss,member,https://www.ydr.com/story/news/2022/05/06/man-dies-two-vehicle-crash-chanceford-township-york-county-pa/65353951007/,1.5054113220660779
loss,member,https://www.ydr.com/restricted/?return=https%3A%2F%2Fwww.ydr.com%2Fstory%2Fnews%2Fcrime%2F2022%2F04%2F04%2Faaron-miller-on-trial-for-vehicular-manslaughter%2F65348325007%2F,0.09279081092669027
loss,member,https://www.ydr.com/story/news/2022/05/07/give-local-york-raises-4-1-million-for-local-nonprofits/65353553007/,2.995921609644733
loss,member,https://www.ydr.com/story/news/crime/2022/07/29/joe-fitzpatrick-released-low-bail-in-atv-case-involving-wifes-death/65385352007/,2.5979382017433594
loss,member,https://www.ydr.com/story/sports/high-school/2022/05/17/district-3-tournaments-scores-schedule-for-boys-girls-championships/65355972007/,1.3828739388609934
loss,member,https://www.ydr.com/story/news/crime/2022/06/15/pa-superior-court-prevents-one-dollar-bail-for-man-in-atv-murder-trial/65359895007/,2.458355753189774
loss,member,https://www.ydr.com/story/sports/college/penn-state/football/2022/07/20/penn-state-football-quarterback-sean-clifford-linebacker-curtis-jacobs-big-ten-stars/65372841007/,2.741461405249187
loss,member,https://www.ydr.com/story/sports/college/penn-state/football/2022/09/18/penn-state-football-sean-clifford-nick-singleton-auburn-big-ten/69494944007/,3.3557055532014153
loss,member,https://www.ydr.com/story/news/crime/2022/04/18/two-found-dead-red-lion-york-county-pa-murder-suicide-easter-morning/65350459007/,2.1971967852286447
loss,member,https://www.ydr.com/story/news/crime/2022/04/04/split-verdict-trial-attempted-murder-shooting-north-codorus-township-york-county/65346449007/,2.2768194651175975
loss,member,https://www.ydr.com/restricted/?return=https%3A%2F%2Fwww.ydr.com%2Fstory%2Fsports%2Fhigh-school%2F2022%2F06%2F23%2Fyaiaa-2021-2022-top-sports-high-schools-in-york-adams-league-dallastown-central-york-pa-dallastown%2F65362250007%2F,0.12695625464168023
loss,member,https://www.ydr.com/story/news/politics/elections/2022/08/30/eight-more-republicans-just-endorsed-josh-shapiro-over-doug-mastriano/65458907007/,2.496766680920243
loss,member,https://www.ydr.com/story/sports/college/2022/04/15/ncaa-gymnastics-perfect-score-gives-floridas-thomas-3-national-titles/65350064007/,3.0686910827031966
loss,member,https://www.ydr.com/story/news/2022/05/20/tornado-watch-issued-for-central-pa/65356692007/,1.826318987191014
loss,member,https://www.ydr.com/story/news/local/2022/07/08/jerry-reynolds-airville-body-found-holtwood-pa-death-lancaster-county/65369407007/,2.252092852280133
loss,member,https://www.ydr.com/story/sports/high-school/football/2022/06/07/pitt-football-dallastowns-kenny-johnson-verbally-commits-to-panthers/65359210007/,2.5153628275893225
loss,member,https://www.ydr.com/story/news/2022/08/02/snow-ice-storms-bound-for-pennsylvania-farmers-almanac-winter-forecast/65389109007/,2.393858276289635
loss,member,https://www.ydr.com/story/news/crime/2022/04/01/man-found-guilty-involuntary-manslaughter-not-guilty-murder-deadly-shooting-york/65346416007/,2.262125169480223
loss,member,https://www.ydr.com/restricted/?return=https%3A%2F%2Fwww.ydr.com%2Fstory%2Fnews%2F2022%2F04%2F22%2Fcomings-and-goings-eco-friendly-store-opens-in-york-coffee-shop-closes%2F65351060007%2F,0.09279081092669027
loss,member,https://www.ydr.com/story/sports/high-school/football/2022/04/12/spring-grove-area-high-school-will-thompson-hired-as-football-coach-francis-scott-key/65349834007/,2.4949347446701715
loss,member,https://www.ydr.com/story/sports/high-school/softball/2022/06/13/yaiaa-softball-coaches-name-2022-league-all-stars-players-of-the-year/65360527007/,1.9783138192636835
loss,member,https://www.ydr.com/story/opinion/2022/04/22/york-naacp-area-schools-not-doing-enough-about-rise-of-racial-prejudice/65351389007/,2.7886573366921366
loss,member,https://www.ydr.com/story/news/crime/2022/06/21/york-man-dies-in-weekend-shooting-police-charge-brother-with-homicide/65362149007/,1.9679773685524693
loss,member,https://www.ydr.com/story/sports/college/penn-state/football/2022/08/29/penn-state-football-james-franklin-big-ten-vs-purdue-sean-clifford/65407825007/,2.9948351227825123
loss,member,https://www.ydr.com/story/news/crime/2022/08/18/pennsylvania-state-trooper-driving-under-influence-central-pa/65409961007/,1.8584200751827962
loss,member,https://www.ydr.com/story/sports/high-school/wrestling/2022/06/28/spring-grove-high-school-officially-starts-girls-wrestling-team/65364409007/,2.5678011728243644
loss,member,https://www.ydr.com/restricted/?return=https%3A%2F%2Fwww.ydr.com%2Fin-depth%2Fnews%2F2022%2F06%2F14%2Fmike-smith-and-his-temple-guard-give-york-pa-youths-positive-path%2F6596906001%2F,0.12695625464168023
loss,member,https://www.ydr.com/story/sports/high-school/baseball/2022/05/26/district-3-baseball-scores-results-from-postseason-tournaments/65357551007/,1.630514962506913
loss,member,https://www.ydr.com/story/opinion/2022/07/04/the-american-is-great-vision-vs-the-revolutionary-vision/65364730007/,3.243657680124213
loss,member,https://www.ydr.com/story/sports/high-school/basketball-boys/2022/07/06/florida-basketball-perkiomens-new-oxford-tommy-haugh-makes-commitment/65367304007/,2.606283834595255
loss,member,https://www.ydr.com/story/news/2022/08/08/back-to-school-dates-updates-at-york-county-school-districts-education/65386876007/,1.7335356325945326
loss,member,https://www.ydr.com/story/news/2022/04/07/york-county-food-bank-is-moving-its-operations-out-of-the-former-kmart-store/65348695007/,2.5299852804063905
loss,member,https://www.ydr.com/story/news/2022/07/01/white-clover-farm-stand-in-hellam-spurred-by-pandemic-food-supply-issues/65347398007/,2.7928652952152606
loss,member,https://www.ydr.com/story/news/crime/2022/08/01/york-city-police-investigating-15th-homicide-2022/65388869007/,1.4776114605564534
loss,member,https://www.ydr.com/story/news/crime/2022/05/06/york-police-man-shot-killed-friday-south-pine-street/65354059007/,1.1893060958497839
loss,member,https://www.ydr.com/story/news/2022/07/25/gettysburg-national-military-parks-little-roundtop-to-close-for-18-months-devils-den-construction-pa/65376312007/,2.86756863728018
loss,member,https://www.ydr.com/story/opinion/2022/06/29/the-american-is-great-vision-vs-the-revolutionary-vision/65364730007/,3.243657680124213
loss,member,https://www.ydr.com/story/news/watchdog/2022/04/29/insurance-fraud-york-county-woman-faked-death-in-ukraine-cops-say/65352546007/,2.154718156727632
loss,member,https://www.ydr.com/story/sports/high-school/basketball-girls/2022/04/28/three-yaiaa-girls-basketball-players-named-to-piaa-all-state-teams/65352253007/,2.023253296309833
loss,member,https://www.ydr.com/story/sports/high-school/track/2022/05/21/district-3-track-and-field/65356540007/,2.512784868638701
loss,member,https://www.ydr.com/story/news/2022/06/27/woman-dies-three-vehicle-crash-hanover-pa/65363667007/,1.6882158408897237
loss,member,https://www.ydr.com/story/sports/college/penn-state/football/2022/04/30/nfl-draft-bears-take-penn-states-jaquan-brisker-in-second-round/65352177007/,2.4906227510420997
loss,member,https://www.ydr.com/story/news/politics/elections/2022/06/23/testimony-rep-scott-perry-pardon-from-donald-trump-election-pennsylvania/65363103007/,1.9516370456502599
loss,member,https://www.ydr.com/story/news/local/2022/07/12/severe-thunderstorms-forecast-in-central-pennsylvania-tuesday/65372125007/,2.48748729067471
loss,member,https://www.ydr.com/story/news/2022/07/28/steve-miller-band-cancels-york-fair-show-because-of-positive-covid-test/65385293007/,2.385671166089059
loss,member,https://www.ydr.com/story/news/politics/2022/04/20/pa-governor-race-2022-gop-candidates-debate-in-gettysburg/65350851007/,2.4340180359057886
loss,member,https://www.ydr.com/story/opinion/2022/09/16/both-pa-candidates-for-governor-agree-on-school-choice/69498441007/,2.7435400138965518
loss,member,https://www.ydr.com/story/news/local/community/2022/06/10/rainbow-rose-center-hosts-york-county-pride-at-cousler-park/65360038007/,2.645621280089543
loss,member,https://www.ydr.com/in-depth/news/politics/elections/2022/08/23/voter-fraud-is-rare-in-pennsylvania-but-allegations-flew-after-2020/65376026007/,2.4314181286691676
loss,member,https://www.ydr.com/story/news/crime/2022/06/27/york-city-police-investigates-homicide-after-man-dies-ot-op/65363658007/,1.5659212518918142
loss,member,https://www.ydr.com/story/sports/high-school/2022/06/13/pa-lawmakers-some-say-girls-cant-compete-against-biological-boys/65359859007/,2.464108474539276
loss,member,https://www.ydr.com/story/news/politics/elections/2022/06/23/pa-house-speaker-bryan-cutler-details-2020-pressure-campaign/65362478007/,2.7583657353505355
loss,member,https://www.ydr.com/story/news/local/2022/07/27/man-dies-forklift-accident-at-jk-salvage-spring-garden-township/65384163007/,1.922336108956831
loss,member,https://www.ydr.com/story/sports/high-school/football/2022/04/13/york-high-quarterback-sam-stoner-gets-division-i-offers-st-francis-towson/65349927007/,2.79165698333626
loss,member,https://www.ydr.com/story/news/2022/04/19/check-out-10-unusual-wedding-venues-in-central-pennsylvania/65349484007/,2.8637767582827234
loss,member,https://www.ydr.com/story/news/politics/elections/2022/06/16/yorkers-react-to-rep-scott-perrys-refusal-to-cooperate-with-jan-6-panel/65359564007/,2.467674055967872
loss,member,https://www.ydr.com/restricted/?return=https%3A%2F%2Fwww.ydr.com%2Fstory%2Fnews%2Fcrime%2F2022%2F04%2F06%2Fmistrial-declared-in-case-of-construction-worker-hit-killed-by-driver%2F65348679007%2F,0.09279081092669027
loss,member,https://www.ydr.com/story/news/2022/05/31/man-dies-suspected-drowning-susquehanna-river-york-pa-memorial-day/65358177007/,1.9952853836546476
loss,member,https://www.ydr.com/story/news/local/2022/05/18/yorktowne-hotel-rooftop-dining-construction-facade-update/65354723007/,3.2496615657241015
loss,member,https://www.ydr.com/story/news/watchdog/2022/04/25/teen-alleges-sexual-abuse-against-ex-york-city-police-officer/65351893007/,2.3729463732880878
loss,member,https://www.ydr.com/story/news/crime/2022/04/28/judge-grants-delay-trial-man-charged-first-degree-murder-dante-mullinix-york/65352473007/,2.4039501966789403
loss,member,https://www.ydr.com/story/sports/college/2022/06/28/ncaa-gymnastics-trinity-thomas-returning-for-fifth-season-at-florida/65364355007/,2.592193321455919
loss,member,https://www.ydr.com/story/news/local/2022/07/06/martin-library-6-million-renovation-completed-in-downtown-york/65367399007/,3.149570313610517
loss,member,https://www.ydr.com/story/news/politics/2022/04/05/heres-why-democrat-john-fetterman-is-touring-in-red-pa-counties/65347627007/,2.3731889932537182
loss,member,https://www.ydr.com/story/news/2022/04/06/stray-goldendoodle-becomes-new-york-revolution-team-dog/65348529007/,3.0007512034343606
loss,member,https://www.ydr.com/restricted/?return=https%3A%2F%2Fwww.ydr.com%2Fstory%2Fsports%2Foutdoors%2F2022%2F05%2F19%2Fmom-appalachian-trail-addiction-jon-mundis-overdose-awareness%2F65352265007%2F,0.09279081092669027
loss,member,https://www.ydr.com/story/news/politics/2022/06/30/pennsylvanias-new-fiscal-year-will-begin-without-a-state-budget/65365334007/,0.2634054481681019
loss,member,https://www.ydr.com/story/news/2022/04/25/man-dies-after-falling-into-the-codorus-creek-in-york-fire-chief-says/65351925007/,2.0796676925429325
loss,member,https://www.ydr.com/story/news/2022/05/30/gda-covid-19-state-2022-05-30-pa-ppyr/65358091007/,0.40764820428093007
loss,member,https://www.ydr.com/story/news/2022/06/20/a-new-apprenticeship-for-young-artists-is-coming-to-york/65361188007/,2.8581180119197263
loss,member,https://www.ydr.com/story/news/local/2022/07/26/york-pa-residents-share-surveillance-cam-footage-of-shaheim-carr-murder-with-police/65378104007/,2.8275281933729706
loss,member,https://www.ydr.com/story/news/local/2022/05/16/see-major-updates-martin-library-york-before-july-grand-opening-teen-space/65354512007/,3.095275943406912
loss,member,https://www.ydr.com/story/news/education/2022/08/29/satanism-event-fundraiser-york-county-pa-after-school-satan-club/65457233007/,2.6993174239225644
loss,member,https://www.ydr.com/story/news/2022/08/04/best-of-the-best-awards-holds-first-gala-honors-york-county-businesses/65391182007/,2.9247299390085058
loss,member,https://www.ydr.com/story/opinion/2022/08/17/come-take-a-seat-in-york-pa-with-the-accomplished-william-c-goodridge/65407358007/,3.0571667748112064
loss,member,https://www.ydr.com/story/news/local/2022/04/11/lawsuit-york-mayor-michael-helfrich-oath-of-office/65349492007/,2.638981700121233
loss,member,https://www.ydr.com/story/news/2022/06/15/dover-solar-farm-approved-in-25-minutes/65361179007/,2.7841474687460974
loss,member,https://www.ydr.com/story/news/local/2022/07/27/hope-fest-returns-to-york-with-hoops-tourney-gas-card-giveaway/65382794007/,2.4557293882894373
loss,member,https://www.ydr.com/story/sports/high-school/lacrosse-boys/2022/05/14/central-york-boys-york-catholic-girls-lacrosse-teams-earn-yaiaa-titles/65355281007/,2.1291567821512896
loss,member,https://www.ydr.com/story/news/crime/2022/07/06/york-city-police-investigating-14th-homicide-tying-last-years-total/65368039007/,2.2094652368001246
loss,member,https://www.ydr.com/story/news/history/2022/04/05/artist-makes-connections-to-chip-away-at-wall-between-york-and-hanover/65348433007/,3.2195943076976032
loss,member,https://www.ydr.com/story/sports/high-school/track/2022/05/14/piaa-track-and-field-laila-campbell-sets-blistering-league-mark-in-100/65355100007/,1.9683419024710431
loss,member,https://www.ydr.com/story/news/local/2022/08/25/interstate-83-reopen-after-queen-street-overpass-struck-exit-16-york/65420277007/,2.375991338503593
loss,member,https://www.ydr.com/story/news/local/2022/04/21/sixth-dover-solar-meeting-brings-new-witness-and-hopeful-decision-date/65351113007/,3.0435235126681834
loss,member,https://www.ydr.com/story/sports/high-school/2022/05/19/susquehannock-delone-catholic-basketball-earns-sportsmanship-scholarships/65356510007/,2.532228439328024
loss,member,https://www.ydr.com/story/sports/college/penn-state/football/2022/08/12/penn-state-football-big-ten-quarterback-jaxon-smolik-james-franklin/65402058007/,2.4540466117393525
loss,member,https://www.ydr.com/restricted/?return=https%3A%2F%2Fwww.ydr.com%2Fstory%2Fnews%2Fcrime%2F2022%2F04%2F01%2Fman-testifies-own-defense-attempted-murder-trial-shooting-north-codorous-township-york-county%2F65347533007%2F,0.09279081092669027
loss,member,https://www.ydr.com/story/news/2022/04/21/david-mccormick-pa-senate-candidate-making-strides-in-gop-primary/65348988007/,2.0651017115900716
loss,member,https://www.ydr.com/story/money/2022/08/31/unemployment-reaches-pre-pandemic-levels-but-consumers-are-more-pessimistic-than-ever/65419897007/,2.4309736126306123
loss,member,https://www.ydr.com/story/sports/high-school/football/2022/09/10/central-pa-high-school-football-scoreboard-yaiaa-scores-week-3-results-highlights-york-high-carlisle/66852753007/,2.4968722505281415
loss,member,https://www.ydr.com/story/news/2022/07/25/peach-bottom-township-pa-man-dies-in-skid-loader-accident/65381471007/,2.369052574173772
loss,member,https://www.ydr.com/story/news/politics/2022/09/12/pa-activists-demand-united-states-house-ethics-investigation-of-rep-scott-perry/66891225007/,2.2507385628603056
loss,member,https://www.ydr.com/story/sports/college/penn-state/football/2022/08/31/penn-state-football-college-football-big-ten-purdue-james-franklin/65462642007/,2.0814730362403693
loss,member,https://www.ydr.com/story/sports/high-school/basketball-boys/2022/07/20/york-countys-kent-olewiler-makes-new-mexico-state-basketball-roster-yaiaa-central-york/65371201007/,2.461265199462713
loss,member,https://www.ydr.com/story/news/2022/07/01/deadly-crash-near-east-berlin-has-claimed-the-life-of-a-fourth-person-coroner-says/65365902007/,2.1039702211701745
loss,member,https://www.ydr.com/story/news/2022/06/15/man-drowns-while-swimming-codorus-state-park-lake-york-pa-coroner-says/65361080007/,2.0133018255317627
loss,member,https://www.ydr.com/story/sports/high-school/2022/06/22/what-will-the-yaiaa-look-like-with-22-teams-here-are-the-new-divisions/65362221007/,1.1231933162825782
loss,member,https://www.ydr.com/story/news/local/2022/08/22/route-30-crash-west-manchester-township-pa-man-dead/65413093007/,1.8985893558263391
loss,member,https://www.ydr.com/story/opinion/2022/09/12/york-day-nursery-turning-90-this-year/69486679007/,2.8875301392739594
loss,member,https://www.ydr.com/story/opinion/2022/06/28/what-would-you-have-done-if-a-freedom-seeker-had-knocked-on-your-door/65364541007/,3.4358721527365246
loss,member,https://www.ydr.com/story/news/2022/04/27/keystone-kidspace-now-open-in-109-year-old-armory/65350228007/,2.746294571385869
loss,member,https://www.ydr.com/story/news/politics/2022/05/10/republican-challengers-vying-to-unseat-saylor-gillespie-and-klunk/65354567007/,2.5240755561357058
loss,member,https://www.ydr.com/story/news/crime/2022/04/28/man-pleads-guilty-animal-cruelty-probation-york-county/65352476007/,1.9242695341612939
loss,member,https://www.ydr.com/story/news/crime/2022/06/09/dasean-morris-sentenced-in-york-murder-of-kyle-hagenbuch-thunderguards-motorcyles/65359290007/,2.181122618404698
loss,member,https://www.ydr.com/story/sports/college/penn-state/football/2022/09/02/penn-state-football-purdue-big-ten-james-franklin-sean-clifford/65465704007/,3.437096540696854
loss,member,https://www.ydr.com/story/news/2022/08/23/5-year-old-girl-woman-fatally-stabbed-at-home-southern-york-county-pa/65414954007/,1.97576709717154
loss,member,https://www.ydr.com/story/news/crime/2022/05/20/u-s-marshals-arrest-york-man-in-fatal-shooting-of-selvin-mcewan/65356641007/,1.860109068305092
loss,member,https://www.ydr.com/story/sports/high-school/lacrosse-girls/2022/04/26/how-these-best-friends-are-driving-york-catholic-lacrosses-title-hopes/65351446007/,2.459447473645889
loss,member,https://www.ydr.com/story/opinion/2022/08/09/big-york-county-birthdays-on-horizon/65396977007/,3.2060407658495635
loss,member,https://www.ydr.com/story/sports/outdoors/2022/08/13/catawissa-recreation-area-off-road-atv-use-riding-created-by-pa-dcnr-paragon-adventure-park/65402298007/,2.535259939737645
loss,member,https://www.ydr.com/story/news/2022/06/14/volunteer-fire-departments-struggle-to-recruit-worry-about-response-times/65353542007/,2.4889526349525974
loss,member,https://www.ydr.com/story/news/2022/06/02/delma-rivera-lytle-york-vying-for-ms-senior-pa-america/65358261007/,2.8334792655568197
loss,member,https://www.ydr.com/story/sports/high-school/lacrosse-boys/2022/06/01/piaa-lacrosse-schedule-results-from-state-championships/65358281007/,1.8324849377862318
loss,member,https://www.ydr.com/story/news/2022/06/21/two-men-from-southwestern-york-county-die-in-maryland-crash/65362339007/,2.1169780238876967
loss,member,https://www.ydr.com/story/news/politics/elections/2022/05/13/two-democrats-seek-party-nomination-in-10th-congressional-district/65355137007/,2.1669332984877614
loss,member,https://www.ydr.com/story/news/crime/2022/04/18/teen-in-fatal-shooting-of-york-high-william-penn-high-school-student-malaki-beady-to-stand-trial/65350077007/,2.2861956635956786
loss,member,https://www.ydr.com/story/sports/college/penn-state/football/2022/09/13/penn-state-football-big-ten-james-franklin-auburn-tigers-sec/69487321007/,2.7621626581953165
loss,member,https://www.ydr.com/story/news/local/2022/04/18/puc-approves-sale-of-york-water-company-to-private-business-pawc/65350202007/,2.6981995593712402
loss,member,https://www.ydr.com/story/sports/2022/07/11/american-ninja-warrior-2022-cf-branden-williams-new-oxford/65362232007/,2.6041355572345353
loss,member,https://www.ydr.com/story/opinion/2022/05/11/pas-low-producing-wells-are-leaking-methane/65353721007/,2.9615748395972172
loss,member,https://www.ydr.com/story/sports/college/penn-state/football/2022/09/14/penn-state-college-football-big-ten-auburn-tigers-in-sec/69487422007/,2.2079228238154993
loss,member,https://www.ydr.com/story/opinion/2022/04/27/kreutz-creek-librarys-former-building-gains-new-life/65352254007/,3.3397523085966037
loss,member,https://www.ydr.com/story/news/local/2022/06/27/lake-williams-dam-excavation-under-way-york-empty-lake-bed-turns-green/65362846007/,3.139178766545286
loss,member,https://www.ydr.com/story/sports/high-school/2022/04/04/select-gametimepa-yaiaa-athletes-of-the-week-for-march-25-to-april-2/65348290007/,2.0716088905951064
loss,member,https://www.ydr.com/story/news/2022/04/18/bill-mcswain-running-for-pa-governor-2022-primary-election/65348986007/,2.1917978999011978
loss,member,https://www.ydr.com/story/news/2022/08/22/york-pa-bans-washing-cars-in-driveways-or-on-streets/65410788007/,2.714366191273574
loss,member,https://www.ydr.com/story/sports/college/2022/04/01/trinity-thomas-leads-florida-into-regional-final-with-pair-of-10s-gymnastics-ncaa/65347723007/,2.8370450430615684
loss,member,https://www.ydr.com/story/sports/high-school/2022/04/11/select-gametimepa-yaiaa-athletes-of-the-week-for-april-4-to-april-9/65349464007/,1.905907847029179
loss,member,https://www.ydr.com/story/news/local/2022/08/30/old-farmers-almanac-predicts-snowy-cold-winter-for-central-pennsylvania/65461359007/,2.218034973487591
loss,member,https://www.ydr.com/story/sports/college/penn-state/2022/05/10/nfl-penn-state-nittany-lions-football-walk-on-drew-hartlaub-to-carolina-panthers/65353082007/,2.7387359220571854
loss,member,https://www.ydr.com/story/news/local/2022/04/20/after-school-satan-club-denied-northern-york-school-board-joy-el-christian-club/65351019007/,2.7615516743690187
loss,member,https://www.ydr.com/restricted/?return=https%3A%2F%2Fwww.ydr.com%2Fin-depth%2Fnews%2F2022%2F06%2F13%2Farts-entertainment-york-county-most-influential-people%2F65351410007%2F,0.12695625464168023
loss,member,https://www.ydr.com/story/opinion/2022/06/07/agnes-left-behind-mud-dead-rats-old-tires-and-all-kinds-of-trash/65359554007/,2.947106890548502
loss,member,https://www.ydr.com/story/news/local/2022/08/22/gifford-pinchot-state-park-suspends-water-activities-in-the-lake/65413407007/,2.5219206455941405
loss,member,https://www.ydr.com/story/news/politics/blogs/ydr-politics/2022/08/16/12-things-to-know-about-u-s-rep-scott-perry-a-focus-of-jan-6-probe/65398484007/,2.6433913988302713
loss,member,https://www.ydr.com/story/sports/college/penn-state/football/2022/09/02/penn-state-football-sean-clifford-joey-porter-purdue-james-franklin-drew-allar/65465541007/,3.0746696917274563
loss,member,https://www.ydr.com/story/news/crime/2022/09/08/virginia-hayden-sentenced-for-husband-thomas-hayden-death-remains-found-in-foodsaver-bag/65466365007/,2.7268651780462445
loss,member,https://www.ydr.com/story/news/2022/06/06/york-county-prison-trainer-joseph-garcia-testified-in-cv-case/65358870007/,2.777131204265819
loss,member,https://www.ydr.com/restricted/?return=https%3A%2F%2Fwww.ydr.com%2Fstory%2Fnews%2Fwatchdog%2F2022%2F05%2F18%2Fson-louis-appell-jr-initiates-civil-rico-case-limited-liability-company-owns-old-mesto-corp-building%2F65355293007%2F,0.09279081092669027
loss,member,https://www.ydr.com/story/news/2022/09/07/congressional-committee-skewers-postal-service-in-philadelphia-meeting-louis-dejoy/65800851007/,2.7017319146499967
loss,member,https://www.ydr.com/story/money/careers/2022/09/13/having-trouble-hiring-penn-mar-might-be-able-to-help/69487345007/,2.603485779887519
loss,member,https://www.ydr.com/restricted/?return=https%3A%2F%2Fwww.ydr.com%2Fin-depth%2Fnews%2F2022%2F06%2F13%2Fsports-york-county-most-influential-athletics-football-gymnastics-swimming%2F65351425007%2F,0.12695625464168023
loss,member,https://www.ydr.com/restricted/?return=https%3A%2F%2Fwww.ydr.com%2Fstory%2Fnews%2Fhistory%2Fgettysburg%2F2022%2F04%2F14%2Fraven-rock-mountain-nuclear-attack-target-doomsday-preppers-worried%2F65349485007%2F,0.09279081092669027
loss,member,https://www.ydr.com/story/opinion/2022/08/31/what-would-you-do-if-you-witnessed-someone-at-risk/65465660007/,3.1456422986770285
loss,member,https://www.ydr.com/restricted/?return=https%3A%2F%2Fwww.ydr.com%2Fstory%2Fmoney%2Fbusiness%2F2022%2F05%2F31%2Fcomings-and-goings-popular-pool-closed-for-summer-market-houses-add-stands%2F65357481007%2F,0.10497148890412288
loss,member,https://www.ydr.com/story/news/religion/2022/04/05/york-county-church-tells-gospel-in-22-year-stained-glass-project/65345285007/,2.7997530726453697
loss,member,https://www.ydr.com/story/opinion/2022/07/20/big-important-york-county-history-cultural-projects-picking-up-steam/65377980007/,3.1519505670205183
loss,member,https://www.ydr.com/story/news/local/2022/08/22/i-83-overpass-york-county-repairs-route-74-bridge/65409148007/,2.4647194975542894
loss,member,https://www.ydr.com/story/news/2022/05/03/dining-out-for-spring-checking-out-revival-social-club-in-york/65350791007/,2.887903912966689
loss,member,https://www.ydr.com/story/news/2022/06/06/northeastern-school-district-offers-students-cdl-training-amid-driver-shortages/65357688007/,2.667504709010197
loss,member,https://www.ydr.com/story/news/2022/07/28/york-state-fair-2022-fried-cauliflower-lolas-waffles-ice-cream/65384751007/,2.852385579365389
loss,member,https://www.ydr.com/story/sports/high-school/football/2022/08/29/central-pa-high-school-football-wil-rider-no-longer-football-coach-hanover-high-school/65462473007/,2.3333751437884964
loss,member,https://www.ydr.com/story/news/2022/06/09/how-the-pandemic-helped-wolfgang-confectioners-rebound-from-bankruptcy-candy-york-pa/65358750007/,2.7359236892485304
loss,member,https://www.ydr.com/story/news/watchdog/2022/05/16/federal-judge-grants-preliminary-injuction-grandmother-2-year-old-dante-mullinix-york/65355837007/,2.32371263019877
loss,member,https://www.ydr.com/story/sports/high-school/2022/04/07/track-and-field-league-has-records-dating-to-1980-and-others-from-2021/65348542007/,2.366060184412376
loss,member,https://www.ydr.com/story/news/2022/06/05/amber-alert-canceled-after-toddler-missing-from-york-county-is-found-safe/65358883007/,2.1866077769861394
loss,member,https://www.ydr.com/restricted/?return=https%3A%2F%2Fwww.ydr.com%2Fin-depth%2Fnews%2F2022%2F06%2F13%2Fbusiness-development-york-county-most-influential-people%2F65351418007%2F,0.12695625464168023
loss,member,https://www.ydr.com/story/news/local/2022/09/06/interstate-83-queen-street-overpass-repairs-cost-up-to-double-after-hits/65467467007/,2.5611446555776536
loss,member,https://www.ydr.com/story/news/2022/06/15/vietnam-veteran-jon-langione-75-finally-got-eastern-york-high-school-diploma/65358492007/,2.646648300047215
loss,member,https://www.ydr.com/story/news/local/2022/05/12/york-county-prison-feasibility-study-competency-restoration-center/65354974007/,2.2012464881471976
loss,member,https://www.ydr.com/restricted/?return=https%3A%2F%2Fwww.ydr.com%2Fstory%2Fnews%2Fcrime%2F2022%2F04%2F12%2Fex-york-ice-arena-general-manager-mike-cleveland-enters-accelerated-rehabilitative-disposition%2F65348922007%2F,0.09279081092669027
loss,member,https://www.ydr.com/story/news/crime/2022/08/26/virginia-man-sentenced-logging-truck-death-hanover-brian-mawyer-eugene-ben-fuhrman/65418220007/,2.345192360454875
loss,member,https://www.ydr.com/story/news/2022/04/25/encore-a-celebration-of-york-county-high-school-musicials-returns/65351061007/,2.3559870217930423
loss,member,https://www.ydr.com/story/sports/college/penn-state/2022/04/11/former-nfl-penn-state-nittany-lion-running-back-gary-brown-dies-of-cancer/65349538007/,2.9624403886138784
loss,member,https://www.ydr.com/story/sports/college/penn-state/football/2022/09/07/penn-state-big-ten-college-football-james-franklin-joey-porter/65475134007/,3.0444653198791265
loss,member,https://www.ydr.com/story/sports/high-school/football/2022/06/23/northeastern-high-school-approves-kirby-brubaker-as-head-football-coach/65362925007/,2.555294992473197
loss,member,https://www.ydr.com/story/news/local/2022/08/31/york-county-judicial-center-closed-today-because-of-cooling-unit-leak/65465478007/,2.578299359146365
loss,member,https://www.ydr.com/restricted/?return=https%3A%2F%2Fwww.ydr.com%2Fin-depth%2Fnews%2F2022%2F06%2F01%2Frevitalization-gentrification-york-pa-salem-square-neighborhood%2F6795644001%2F,0.10497148890412288
loss,member,https://www.ydr.com/story/sports/high-school/football/2022/06/09/york-suburbans-mike-bentivegna-earns-offer-from-st-francis/65359674007/,2.48321980379064
loss,member,https://www.ydr.com/story/sports/high-school/football/2022/04/26/central-york-quarterback-cade-pribula-to-transfer-from-delaware/65352088007/,2.3926433716741196
loss,member,https://www.ydr.com/story/news/2022/07/21/york-state-fair-2022-how-to-beat-the-heat-wave-through-the-weekend/65377927007/,2.2703311642676325
loss,member,https://www.ydr.com/story/news/2022/08/17/york-daily-record-editor-randy-parker-has-left-the-newspaper/65407329007/,2.5982412774575194
loss,member,https://www.ydr.com/story/sports/college/penn-state/football/2022/08/29/penn-state-football-james-franklin-big-ten-purdue-sean-clifford/65461391007/,2.584855219593936
loss,member,https://www.ydr.com/story/entertainment/2022/05/03/choir-choir-choir-event-brings-singing-after-covid-to-appell-center/65352201007/,3.0194574230119997
loss,member,https://www.ydr.com/story/news/local/2022/09/06/long-pine-run-reservoir-in-michaux-state-forest-adams-county-offers-quiet-escape/65466799007/,3.1764495878597128
loss,nonmember,https://www.ydr.com/story/news/2022/05/02/york-county-will-not-offer-drop-box-for-voters-to-return-mail-ballots/65353056007/,2.0256255279756568
loss,nonmember,https://www.ydr.com/story/news/crime/2022/05/23/dover-township-man-charged-in-shooting-at-the-walmart-in-northern-york-county/65357213007/,1.9882738936480333
loss,nonmember,https://www.ydr.com/restricted/?return=https%3A%2F%2Fwww.ydr.com%2Fstory%2Fnews%2F2022%2F04%2F27%2Fex-york-county-911-employee-discrimination-wrongful-termination-lawsuit%2F65351908007%2F,0.2145022330349786
loss,nonmember,https://www.ydr.com/restricted/?return=https%3A%2F%2Fwww.ydr.com%2Fstory%2Fnews%2F2022%2F06%2F08%2Fthis-small-central-pa-town-grew-like-crazy-during-the-pandemic-mechanicsburg%2F65358412007%2F,0.10591054274939694
loss,nonmember,https://www.ydr.com/story/opinion/2022/08/23/york-pa-s-market-street-parking-garage-tells-50-year-tale-of-change/65415733007/,3.506126769277239
loss,nonmember,https://www.ydr.com/story/sports/high-school/lacrosse-girls/2022/05/26/district-3-lacrosse-twin-valley-tops-york-catholic-for-2a-girls-title/65357508007/,2.380476633194321
loss,nonmember,https://www.ydr.com/story/sports/outdoors/2022/07/19/world-record-butterfly-ray-caught-by-camp-hill-pa-bow-angler-jeremy-gipe/65374856007/,2.688098482430055
loss,nonmember,https://www.ydr.com/story/news/politics/2022/04/24/primary-election-2022-heres-who-is-running-pa-94th-state-house-seat/65350262007/,2.298052295005484
loss,nonmember,https://www.ydr.com/story/sports/college/penn-state/football/2022/09/10/penn-state-football-ohio-bobcats-nicholas-singleton-drew-allar-kaytron-allen/66779446007/,3.1114915524873163
loss,nonmember,https://www.ydr.com/story/sports/high-school/2022/06/16/yaiaa-girls-lacrosse-coaches-name-2022-league-all-stars/65361380007/,2.272048655629848
loss,nonmember,https://www.ydr.com/story/news/2022/07/19/pa-moves-water-quality-and-saving-the-chesapeake-to-the-front-burner/65374281007/,2.422829602166368
loss,nonmember,https://www.ydr.com/story/news/2022/08/19/harley-davidson-iam-union-new-contract-york-pennsylvania-plant/65410302007/,2.5788160743928494
loss,nonmember,https://www.ydr.com/story/news/crime/2022/05/31/man-sentenced-prison-aggravated-assault-attack-meredith-keltner-north-codorus-township-york-county/65357791007/,2.242960152934852
loss,nonmember,https://www.ydr.com/story/news/crime/2022/07/26/tyrell-dotson-convicted-of-murder-for-death-of-willmar-santos-batista/65378028007/,2.502936791593012
loss,nonmember,https://www.ydr.com/restricted/?return=https%3A%2F%2Fwww.ydr.com%2Fstory%2Fsports%2Fhigh-school%2F2022%2F05%2F23%2Fthe-top-baseball-and-softball-players-in-the-district-3-playoffs%2F65356526007%2F,0.09279081092669027
loss,nonmember,https://www.ydr.com/restricted/?return=https%3A%2F%2Fwww.ydr.com%2Fstory%2Fnews%2Fcrime%2F2022%2F04%2F06%2Fwoman-found-guilty-keeping-remains-grandmother-freezer-social-security-york-county%2F65347682007%2F,0.09279081092669027
loss,nonmember,https://www.ydr.com/restricted/?return=https%3A%2F%2Fwww.ydr.com%2Fstory%2Fnews%2Fwatchdog%2F2022%2F05%2F11%2Fyork-shooting-tony-wasilewski-2014-not-guilty%2F65350885007%2F,0.09279081092669027
loss,nonmember,https://www.ydr.com/story/news/2022/05/06/voter-intimidation-delayed-primary-results-possible-pa-official-says/65353837007/,2.4759274609813677
loss,nonmember,https://www.ydr.com/story/news/2022/04/13/pa-state-house-passes-bill-against-trans-girls-in-girls-sports/65349966007/,0.5100307068705388
loss,nonmember,https://www.ydr.com/story/news/crime/2022/05/03/york-county-police-departments-struggle-to-find-new-and-diverse-hires/65352123007/,2.6507964766747163
loss,nonmember,https://www.ydr.com/story/news/crime/2022/04/14/three-die-two-separate-shootings-york-pa-this-week/65349623007/,1.8112689058322848
loss,nonmember,https://www.ydr.com/story/sports/college/penn-state/football/2022/04/18/penn-state-eric-wilson-journey-nfl-draft-2022/65347360007/,3.167983804049128
loss,nonmember,https://www.ydr.com/story/news/local/2022/04/15/pennsylvania-supreme-court-suspends-law-license-york-attorney-clarence-allen/65350197007/,2.109006834331582
loss,nonmember,https://www.ydr.com/story/news/2022/04/21/interstate-81-accident-pa-police-release-names-six-who-died/65351243007/,2.232058782819062
loss,nonmember,https://www.ydr.com/story/news/2022/06/14/hurricane-agnes-flood-1972-devastated-central-pennsylvania-heavy-rain-flooding/65359285007/,2.5300698216528548
loss,nonmember,https://www.ydr.com/restricted/?return=https%3A%2F%2Fwww.ydr.com%2Fstory%2Fsports%2Fhigh-school%2Ftrack%2F2022%2F05%2F18%2Fpiaa-track-and-field-70-athletes-to-watch-in-district-3-meet%2F65355844007%2F,0.09279081092669027
loss,nonmember,https://www.ydr.com/story/sports/college/penn-state/football/2022/06/09/penn-state-football-nick-singleton-kaytron-allen-lead-james-franklin/65359587007/,2.8507270519351056
loss,nonmember,https://www.ydr.com/story/news/2022/07/13/left-bank-restaurant-bar-eatery-downtown-york-pa-for-sale/65372564007/,2.5399741438846326
loss,nonmember,https://www.ydr.com/story/sports/high-school/basketball-girls/2022/07/05/new-west-york-and-spring-grove-basketball-york-college-coaches-started-at-same-place/65364925007/,2.6177382889841296
loss,nonmember,https://www.ydr.com/story/news/local/2022/09/16/springettsbury-township-man-dies-25-days-after-2-vehicle-crash/69497262007/,2.0213842535430255
loss,nonmember,https://www.ydr.com/restricted/?return=https%3A%2F%2Fwww.ydr.com%2Fin-depth%2Fsports%2F2022%2F06%2F15%2F22-women-who-changed-york-adams-sports-before-after-title-ix%2F65351069007%2F,0.12695625464168023
loss,nonmember,https://www.ydr.com/restricted/?return=https%3A%2F%2Fwww.ydr.com%2Fstory%2Fnews%2Fcrime%2F2022%2F04%2F07%2Fman-sentenced-prison-two-deadly-drug-overdoses-york-county%2F65347700007%2F,0.09279081092669027
loss,nonmember,https://www.ydr.com/story/sports/high-school/football/2022/06/06/central-york-football-players-continue-to-pick-up-division-i-offers/65358420007/,2.5093179020861194
loss,nonmember,https://www.ydr.com/story/news/2022/08/04/york-police-turn-to-the-community-for-ideas-to-reduce-gun-violence/65388415007/,2.7627107727089073
loss,nonmember,https://www.ydr.com/story/opinion/2022/06/21/york-aauw-at-50-group-resets-for-new-chapter-of-its-story/65362223007/,3.1849722475043976
loss,nonmember,https://www.ydr.com/story/sports/college/penn-state/football/2022/08/08/penn-state-football-coaches-poll-big-ten-james-franklin/65395659007/,2.2921904138642613
loss,nonmember,https://www.ydr.com/story/news/2022/07/27/york-state-fair-ride-inspections-what-you-need-to-know/65382750007/,2.5659755283359886
loss,nonmember,https://www.ydr.com/story/news/local/2022/07/11/york-state-fair-july-22-31-details-admission-tickets-parking-hours-and-more/65364021007/,2.3776921279636243
loss,nonmember,https://www.ydr.com/story/news/2022/07/12/rep-scott-perry-proud-boys-leader-zachary-rehl-implicated-jan-6-testimony/65372007007/,1.8598219691389157
loss,nonmember,https://www.ydr.com/story/sports/high-school/track-girls/2022/06/21/laila-campbell-wins-100-meter-dash-at-new-balance-nationals/65362272007/,2.241583946111131
loss,nonmember,https://www.ydr.com/story/sports/college/penn-state/football/2022/09/08/penn-state-big-ten-and-college-football-ohio-james-franklin/65742707007/,2.1333604805808797
loss,nonmember,https://www.ydr.com/story/news/2022/04/06/lake-williams-dam-built-in-1911-is-being-demolished/65348530007/,2.9508994380747726
loss,nonmember,https://www.ydr.com/story/news/2022/06/22/rich-wurzbach-of-mrg-labs-invented-a-blood-test-for-machines/65352146007/,2.823595695945537
loss,nonmember,https://www.ydr.com/story/news/2022/06/30/child-found-dead-pool-campground-southern-york-county-pa-after-going-missing/65365256007/,2.200356601165088
loss,nonmember,https://www.ydr.com/story/news/local/2022/06/23/judge-rules-favor-york-mayor-michael-helfrich-over-oath-office-henry-nixon/65363082007/,2.5450159304755693
loss,nonmember,https://www.ydr.com/story/news/2022/05/12/jan-6-panel-subpoenas-us-rep-scott-perry/65355153007/,0.5988650895614972
loss,nonmember,https://www.ydr.com/story/news/2022/07/25/mechanicsburg-man-dies-in-two-vehicle-crash-in-dover-township-police-say/65382145007/,1.7187812433922471
loss,nonmember,https://www.ydr.com/story/sports/college/penn-state/football/2022/09/06/penn-state-college-football-big-ten-ohio-james-franklin-nick-singleton/65474170007/,3.2407541245230975
loss,nonmember,https://www.ydr.com/story/sports/high-school/2022/05/23/district-3-volleyball-results-scores-from-class-3a-2a-tournaments/65357229007/,1.4467146612984008
loss,nonmember,https://www.ydr.com/restricted/?return=https%3A%2F%2Fwww.ydr.com%2Fin-depth%2Fnews%2F2022%2F06%2F13%2Fphilanthropy-nonprofits-york-county-most-influential-people-charity-giving%2F65352045007%2F,0.12695625464168023
loss,nonmember,https://www.ydr.com/story/news/local/2022/09/09/tech-company-buys-york-continental-square-citizens-bank-property/67309566007/,2.9511876789998492
loss,nonmember,https://www.ydr.com/story/news/politics/elections/2022/07/03/protesters-at-york-rally-want-scott-perry-gone-from-congress/65366404007/,2.242136075204071
loss,nonmember,https://www.ydr.com/restricted/?return=https%3A%2F%2Fwww.ydr.com%2Fstory%2Fnews%2F2022%2F04%2F21%2Fyork-restaurant-inspections-one-out-of-compliance%2F65350038007%2F,0.09279081092669027
loss,nonmember,https://www.ydr.com/story/news/2022/05/02/yorks-mothers-day-street-fair-was-canceled-but-theres-an-alternative-alexandria-keener-beaver-street/65352175007/,2.632529201411974
loss,nonmember,https://www.ydr.com/story/sports/high-school/baseball/2022/06/02/district-3-baseball-east-pennsboro-beats-littlestown-for-4a-title/65358498007/,2.2984654792860453
loss,nonmember,https://www.ydr.com/restricted/?return=https%3A%2F%2Fwww.ydr.com%2Fstory%2Fnews%2Fwatchdog%2F2022%2F05%2F03%2Fmedical-marijuana-zero-tolerance-dui-pennsylvania%2F65352215007%2F,0.09279081092669027
loss,nonmember,https://www.ydr.com/story/news/2022/07/18/york-state-fair-2022-guide-to-what-to-eat/65373031007/,2.8194340853764506
loss,nonmember,https://www.ydr.com/story/opinion/columnists/2022/05/17/reporter-katia-parks-shares-insights-to-york-pa-violence/65350927007/,2.8704462196057405
loss,nonmember,https://www.ydr.com/story/sports/high-school/football/2022/05/10/jon-scepanski-leaves-northeastern-to-take-conestoga-valley-football-job/65354649007/,2.201617732725563
loss,nonmember,https://www.ydr.com/story/news/2022/07/06/pennsylvania-residents-among-those-arrested-u-s-capitol-insurrection/4331778001/,2.1472873235240533
loss,nonmember,https://www.ydr.com/story/news/politics/2022/05/18/jeff-piccola-chairman-of-york-county-gop-resigns/65356063007/,2.50732699690509
loss,nonmember,https://www.ydr.com/story/news/2022/05/17/york-county-2022-democratic-republican-primary-race-results-today/65355341007/,1.906178771889722
loss,nonmember,https://www.ydr.com/story/sports/high-school/football/2022/09/13/sam-stoner-jahiem-white-closing-in-on-york-high-william-penn-football-records/69487731007/,2.588750879948307
loss,nonmember,https://www.ydr.com/story/news/2022/08/10/fat-daddys-nightclub-closes-auctioning-off-everything-in-york-pa-springettsbury/65395677007/,2.882231905641974
loss,nonmember,https://www.ydr.com/story/sports/college/penn-state/football/2022/04/28/greatest-penn-state-catches-receivers-jahan-dotson-jameson-williams/65352118007/,2.787544963095085
loss,nonmember,https://www.ydr.com/story/opinion/2022/07/26/these-key-projects-would-boost-quality-of-life-in-york-county/65383602007/,3.198464247353241
loss,nonmember,https://www.ydr.com/story/news/2022/04/27/congressman-scott-perry-new-text-reveals-more-about-attempt-to-change-2020-presidential-election-res/65352246007/,1.909296551414224
loss,nonmember,https://www.ydr.com/story/news/2022/09/08/the-best-dive-bars-in-york-county-pa-here-are-6-to-check-out/65475324007/,3.0183258098429664
loss,nonmember,https://www.ydr.com/story/news/crime/2022/07/12/jaquez-brown-suspect-york-murder-shaheim-carr-recently-freed-prison/65371037007/,2.4250624419523255
loss,nonmember,https://www.ydr.com/restricted/?return=https%3A%2F%2Fwww.ydr.com%2Fstory%2Fnews%2F2022%2F06%2F07%2Fnew-species-yorkicystis-haefneri-discovered-dig-fossils-york-pa%2F65357621007%2F,0.10591054274939694
loss,nonmember,https://www.ydr.com/story/sports/high-school/football/2022/05/31/west-yorks-terry-bupp-elected-to-pennsylvania-football-coaches-hall-of-fame/65357624007/,2.5415701557684214
loss,nonmember,https://www.ydr.com/story/sports/high-school/basketball-boys/2022/05/03/piaa-schools-vote-against-adding-a-shot-clock-to-high-school-basketball/65353578007/,2.5201475849498904
loss,nonmember,https://www.ydr.com/story/news/2022/06/29/the-haines-shoe-house-in-york-county-will-become-an-airbnb/65364374007/,2.520276900137812
loss,nonmember,https://www.ydr.com/story/news/2022/05/04/meltdown-three-mile-island-airs-on-netflix/65353510007/,2.758242556217857
loss,nonmember,https://www.ydr.com/story/opinion/2022/09/06/restoring-yorks-potters-field-do-it-yourself-urbanism/65474708007/,3.1748386307625505
loss,nonmember,https://www.ydr.com/story/news/2022/04/07/central-pennsylvania-to-receive-rain-today-national-weather-service-says/65348821007/,2.700667641337735
loss,nonmember,https://www.ydr.com/story/news/2022/05/16/severe-thunderstorm-watch-issued-central-pa-tornado-possible/65355765007/,2.40434591236942
loss,nonmember,https://www.ydr.com/story/news/politics/2022/04/11/dr-oz-senate-campaign-trump-endorsement/65349165007/,2.2860069470139766
loss,nonmember,https://www.ydr.com/story/sports/college/penn-state/football/2022/04/29/nfl-draft-washington-commanders-penn-states-receiver-jahan-dotson-in-first-round/65352135007/,2.5796242521341406
loss,nonmember,https://www.ydr.com/story/sports/college/penn-state/2022/04/24/penn-state-james-franklin-sean-clifford-lead-psu-at-blue-white-game/65351312007/,3.0388767137340897
loss,nonmember,https://www.ydr.com/story/sports/college/penn-state/2022/04/23/penn-state-football-blue-white-game-with-james-franklin-drew-allar/65351234007/,2.926547290563031
loss,nonmember,https://www.ydr.com/story/news/crime/2022/06/15/spring-garden-township-man-charged-with-fatally-stabbing-pregnant-woman-in-york-in-may/65361137007/,2.1025296376939924
loss,nonmember,https://www.ydr.com/story/sports/high-school/basketball-girls/2022/07/11/gettysburg-star-named-gametimepa-yaiaa-girls-athlete-of-the-year/65370388007/,2.372761762803539
loss,nonmember,https://www.ydr.com/story/sports/high-school/2022/05/23/select-gametimepa-yaiaa-athletes-of-the-week-for-may-16-to-may-21/65357145007/,2.2409773671309843
loss,nonmember,https://www.ydr.com/story/news/2022/05/09/york-county-bakery-collects-donations-to-support-ukrainian-refugees/65353063007/,2.5751213562422577
loss,nonmember,https://www.ydr.com/story/news/2022/04/12/white-clover-farm-stand-in-hellam-spurred-by-pandemic-food-supply-issues/65347398007/,2.7928652952152606
loss,nonmember,https://www.ydr.com/story/sports/high-school/football/2022/08/27/yaiaa-football-week-1-york-high-loses-thriller-central-york-gets-big-win/65457937007/,2.6555806246667304
loss,nonmember,https://www.ydr.com/story/sports/college/penn-state/football/2022/08/29/penn-state-football-big-ten-purdue-boilermakers-nick-singleton/65461401007/,3.0754015354967783
loss,nonmember,https://www.ydr.com/story/news/local/2022/06/22/central-pa-braces-severe-thunderstorms-across-states-md-dc-wva-va-wednesday-evening-9-pm/65362654007/,2.4913175367553313
loss,nonmember,https://www.ydr.com/story/news/crime/2022/06/20/york-pa-woman-sentenced-hiding-grandmother-body-freezer-social-security/65361623007/,2.639483724459311
loss,nonmember,https://www.ydr.com/story/news/local/2022/05/26/veterans-memorial-gold-star-garden-memorial-day-event-honoring-wwi-kia/65354618007/,2.8088267111520318
loss,nonmember,https://www.ydr.com/story/news/crime/2022/04/15/man-dies-after-being-shot-during-fight-outside-home-in-adams-county/65350257007/,2.292458715370287
loss,nonmember,https://www.ydr.com/story/news/local/2022/07/29/multiple-casualties-chanceford-township-crash-york-county-traffic-collision/65386614007/,2.0411824022763536
loss,nonmember,https://www.ydr.com/story/opinion/2022/05/03/new-life-for-hanover-trolley-rails/65353555007/,2.9867085997477067
loss,nonmember,https://www.ydr.com/story/news/2022/05/13/infant-found-dead-east-berlin-mother-ashley-decker-charged/65355254007/,1.9027339778186938
loss,nonmember,https://www.ydr.com/story/news/local/2022/07/18/reverend-adrian-boxley-appointed-york-city-district-justice-by-state/65371722007/,2.789856297243012
loss,nonmember,https://www.ydr.com/story/news/2022/05/03/give-local-york-24-hours-of-fundraising-right-around-the-corner/65353091007/,2.899816456469145
loss,nonmember,https://www.ydr.com/story/news/nation/2022/07/06/michael-lopatic-of-lancaster-dead-one-year-after-insurrection-arrest/65367853007/,2.0708331847645076
loss,nonmember,https://www.ydr.com/story/sports/high-school/football/2022/08/27/central-pa-high-school-football-yaiaa-scores-results-highlights-from-week-1/65419140007/,2.398216307024525
loss,nonmember,https://www.ydr.com/story/news/2022/09/12/pa-drivers-will-get-new-licenses-with-enhanced-security-features/69486893007/,2.1861963523479946
loss,nonmember,https://www.ydr.com/story/sports/college/penn-state/football/2022/09/10/penn-state-football-score-vs-ohio-university-bobcats-big-ten-nick-singleton/66758652007/,2.910703338373999
loss,nonmember,https://www.ydr.com/story/news/crime/2022/05/23/murder-suicide-deadly-shooting-gunfire-mar-weekend-in-york-county/65356861007/,2.0370802761722406
loss,nonmember,https://www.ydr.com/story/opinion/2022/04/12/2-century-old-st-paul-lebanon-lutheran-church-illustrates-easter-message/65349861007/,3.165371444051066
loss,nonmember,https://www.ydr.com/story/opinion/2022/04/19/100-year-old-catholic-womans-club-in-york-draws-strength-from-its-past/65350914007/,3.0855207472609805
loss,nonmember,https://www.ydr.com/story/sports/high-school/baseball/2022/06/09/piaa-baseball-delone-catholic-tops-schuylkill-haven-to-reach-2a-semis/65359966007/,2.4682920798273202
loss,nonmember,https://www.ydr.com/story/news/crime/2022/05/26/york-county-district-attorney-drops-charges-co-defendant-attack-north-codorus-township/65357291007/,1.9934322199019048
loss,nonmember,https://www.ydr.com/story/sports/college/penn-state/football/2022/08/07/penn-state-football-3-things-to-learn-about-2022-big-ten-season/65393638007/,2.725277059594116
loss,nonmember,https://www.ydr.com/story/sports/college/penn-state/football/2022/06/02/drew-hartlaub-hanover-leaves-carolina-panthers-injury-concussions/65358206007/,2.869652968499621
loss,nonmember,https://www.ydr.com/restricted/?return=https%3A%2F%2Fwww.ydr.com%2Fstory%2Fnews%2F2022%2F05%2F10%2Fcould-mental-health-experts-prevented-killing-of-lebanon-police-lt-william-lebo%2F65352523007%2F,0.09279081092669027
loss,nonmember,https://www.ydr.com/restricted/?return=https%3A%2F%2Fwww.ydr.com%2Fstory%2Fsports%2Fhigh-school%2F2022%2F05%2F24%2Fnil-name-image-likeness-deals-could-be-headed-piaa-what-it-means-pa-high-school%2F65354558007%2F,0.10497148890412288
loss,nonmember,https://www.ydr.com/story/news/2022/05/24/brian-korte-york-haven-lynwood-nester-dillsburg-charged-capitol-riots/65357319007/,2.62505909660455
loss,nonmember,https://www.ydr.com/story/opinion/2022/06/23/trovestreet-a-new-way-to-learn-about-aging-in-york-county/65362833007/,2.6718751387418944
loss,nonmember,https://www.ydr.com/story/opinion/2022/05/11/mifflin-house-preservation-latest-land-use-battle-in-eastern-york-county/65354943007/,2.980952054558916
loss,nonmember,https://www.ydr.com/story/news/2022/08/02/pennsylvania-turnpike-tolls-increase-by-5-percent-january-e-zpass-pa-turnpike-hike/65389692007/,2.07433128127538
loss,nonmember,https://www.ydr.com/story/sports/college/penn-state/football/2022/08/02/psu-football-games-nittany-lions-james-franklin-sean-clifford/65385455007/,3.33185679773367
loss,nonmember,https://www.ydr.com/restricted/?return=https%3A%2F%2Fwww.ydr.com%2Fstory%2Fnews%2Fwatchdog%2F2022%2F04%2F20%2Fc-sau-prison-trainer-testifies-unemployed-exaggerated-business-jospha-garcia%2F65350079007%2F,0.09279081092669027
loss,nonmember,https://www.ydr.com/restricted/?return=https%3A%2F%2Fwww.ydr.com%2Fstory%2Fsports%2Fhigh-school%2Fbaseball%2F2022%2F04%2F13%2Fhigh-school-sports-baseball-at-york-high-in-the-yaiaa-puerto-rico%2F65345438007%2F,0.09279081092669027
loss,nonmember,https://www.ydr.com/restricted/?return=https%3A%2F%2Fwww.ydr.com%2Fstory%2Fnews%2Fcrime%2F2022%2F05%2F06%2Fmothers-day-struggle-for-those-who-have-lost-children-parents%2F65353690007%2F,0.09279081092669027
loss,nonmember,https://www.ydr.com/story/sports/2022/05/05/toronto-blue-jays-call-up-delone-catholic-grad-casey-lawrence/65353814007/,2.163168560512798
loss,nonmember,https://www.ydr.com/story/news/politics/elections/2022/05/26/politico-mark-meadows-burned-papers-after-meeting-with-scott-perry/65357627007/,1.9808519599573833
loss,nonmember,https://www.ydr.com/story/sports/high-school/2022/04/25/select-gametimepa-yaiaa-athletes-of-the-week-for-april18-to-april-23/65351891007/,2.35424552522387
loss,nonmember,https://www.ydr.com/story/news/2022/04/08/york-county-food-bank-is-moving-its-operations-out-of-the-former-kmart-store/65348695007/,2.4534382337658327
loss,nonmember,https://www.ydr.com/story/opinion/2022/05/23/pas-farmers-municipalities-pay-for-legislatures-inaction-on-clean-water/65357214007/,2.8405520072503974
loss,nonmember,https://www.ydr.com/restricted/?return=https%3A%2F%2Fwww.ydr.com%2Fstory%2Fnews%2Flocal%2F2022%2F06%2F13%2Ftasalina-young-memory-daughter-dyamond-helps-others-in-york-pa%2F65356517007%2F,0.12695625464168023
loss,nonmember,https://www.ydr.com/story/news/local/2022/07/18/pa-backing-historic-small-restaurants-grant-awarded-harmony-inn/65371204007/,2.867378719034163
loss,nonmember,https://www.ydr.com/story/news/2022/04/20/senator-jake-corman-eyes-pa-governors-office-after-23-years-in-dc/65348987007/,2.1641924584416494
loss,nonmember,https://www.ydr.com/story/news/2022/06/30/cheap-gas-what-is-e15-unleaded-88-and-e85-is-it-safe-to-use-in-cars-boats-vehicles-sheetz/65364424007/,2.363660893075515
loss,nonmember,https://www.ydr.com/restricted/?return=https%3A%2F%2Fwww.ydr.com%2Fstory%2Fnews%2F2022%2F04%2F07%2Fpa-speed-cameras-work-zones-tickets-tossed-after-error-found%2F65345082007%2F,0.09279081092669027
loss,nonmember,https://www.ydr.com/story/sports/high-school/2022/05/09/select-gametimepa-yaiaa-athletes-of-the-week-formay-2-to-may-7/65354485007/,2.43642529687831
loss,nonmember,https://www.ydr.com/story/sports/high-school/softball/2022/07/06/piaa-softball-coaches-select-states-top-players/65365518007/,2.4819183097462023
loss,nonmember,https://www.ydr.com/story/sports/high-school/football/2022/08/22/central-pa-football-schedule-scores-york-adams-2022-season/65409218007/,1.0069345011043775
loss,nonmember,https://www.ydr.com/story/sports/college/2022/03/31/ncaa-gymnastic-regionals-how-to-watch-the-action-from-4-competitions/65347499007/,2.393067770644685
loss,nonmember,https://www.ydr.com/story/news/2022/07/29/one-killed-building-collapse-adams-county-central-pa-farm-state-police-say/65386328007/,2.404696391280437
loss,nonmember,https://www.ydr.com/story/news/2022/09/14/pa-residents-with-criminal-records-could-get-help/69491572007/,2.5409426461922027
loss,nonmember,https://www.ydr.com/story/news/crime/2022/05/18/york-city-police-investigating-womans-overnight-death-as-homicide/65356359007/,2.0473478413176234
loss,nonmember,https://www.ydr.com/restricted/?return=https%3A%2F%2Fwww.ydr.com%2Fstory%2Fnews%2F2022%2F04%2F21%2Fcomings-and-goings-eco-friendly-store-opens-in-york-coffee-shop-closes%2F65351060007%2F,0.09279081092669027
loss,nonmember,https://www.ydr.com/restricted/?return=https%3A%2F%2Fwww.ydr.com%2Fstory%2Fnews%2F2022%2F05%2F11%2Fthe-york-and-adams-county-real-estate-markets-are-still-pretty-hot%2F65354554007%2F,0.09279081092669027
loss,nonmember,https://www.ydr.com/story/news/local/2022/09/06/fall-festivals-and-family-friendly-activities-in-york-county/65419910007/,2.193838926091158
loss,nonmember,https://www.ydr.com/story/sports/high-school/2022/04/18/select-gametimepa-yaiaa-athletes-of-the-week-for-april-11-16/65350764007/,2.3678591319045346
loss,nonmember,https://www.ydr.com/story/news/2022/04/26/man-dies-after-falling-into-the-codorus-creek-in-york-fire-chief-says/65351925007/,2.0444416489756065
loss,nonmember,https://www.ydr.com/story/news/local/2022/08/04/children-injured-in-deadly-amish-tractor-crash-york-county-remain-in-hospital/65390689007/,2.266672407297342
loss,nonmember,https://www.ydr.com/story/news/crime/2022/04/18/york-school-district-chad-gerrick-pleads-guilty-disorderly-conduct/65350765007/,2.0364828854812584
loss,nonmember,https://www.ydr.com/story/news/local/2022/05/05/york-city-council-brings-crown-act-to-board-for-hair-discrimination/65353633007/,2.51230851036132
loss,nonmember,https://www.ydr.com/story/sports/high-school/wrestling/2022/05/05/dave-gable-steps-down-as-dallastown-wrestling-coach-after-25-years/65353876007/,2.657059695556266
loss,nonmember,https://www.ydr.com/story/news/crime/2022/05/25/former-north-york-tax-collector-keith-ramsay-rejected-veterans-wellness-court/65356693007/,2.2879869832923707
loss,nonmember,https://www.ydr.com/story/sports/high-school/volleyball-boys/2022/06/01/piaa-boys-volleyball-results-matchups/65358273007/,1.3796531192671364
loss,nonmember,https://www.ydr.com/story/news/2022/08/02/the-community-responds-to-help-an-amish-family-touched-by-tragedy/65388394007/,2.664942742242786
loss,nonmember,https://www.ydr.com/story/news/politics/2022/04/07/kenyatta-running-for-senate-because-the-status-quo-will-not-save-us/65348457007/,2.4222573878934366
loss,nonmember,https://www.ydr.com/restricted/?return=https%3A%2F%2Fwww.ydr.com%2Fstory%2Fnews%2Fcrime%2F2022%2F05%2F09%2Fhearing-joe-fitzpatrick-iii-first-degree-murder-second-trial-york-county%2F65353970007%2F,0.09279081092669027
loss,nonmember,https://www.ydr.com/story/news/2022/05/18/shamaine-daniels-wins-democratic-nomination-to-face-scott-perry-us-congress/65355455007/,2.3473931181508703
loss,nonmember,https://www.ydr.com/story/news/local/2022/06/22/adams-county-crash-leaves-three-dead-pa-police-say/65362619007/,2.2902155100304924
loss,nonmember,https://www.ydr.com/restricted/?return=https%3A%2F%2Fwww.ydr.com%2Fstory%2Fsports%2Fhigh-school%2Ftrack%2F2022%2F05%2F19%2Fpiaa-track-and-field-70-athletes-to-watch-in-district-3-meet%2F65355844007%2F,0.09279081092669027
loss,nonmember,https://www.ydr.com/story/news/crime/2022/08/25/york-county-pa-da-says-shooting-after-wedding-self-defense/65415627007/,2.2095374787753386
loss,nonmember,https://www.ydr.com/story/sports/college/penn-state/football/2022/06/28/penn-state-football-james-franklin-recruits-southern-players-from-alabama-al-florida-fla/65362631007/,2.53386425033374
loss,nonmember,https://www.ydr.com/restricted/?return=https%3A%2F%2Fwww.ydr.com%2Fstory%2Fnews%2F2022%2F06%2F02%2Fafter-a-long-two-years-heres-where-summer-festivals-in-central-pa-stand-in-2022%2F65352431007%2F,0.08179579431363866
loss,nonmember,https://www.ydr.com/story/news/2022/05/03/encore-a-celebration-of-york-county-high-school-musicials-returns/65351061007/,2.18204073822234
loss,nonmember,https://www.ydr.com/story/news/local/2022/07/05/electric-wooden-tour-boat-chief-uncus-launched-in-susquehanna-river-york-county/65365534007/,2.9244221045636065
loss,nonmember,https://www.ydr.com/story/news/fixing-york/2022/09/01/redevelopment-plans-for-south-george-street-post-office-sought/65468307007/,2.6637371947441246
loss,nonmember,https://www.ydr.com/story/sports/high-school/volleyball-boys/2022/07/08/piaa-district-3-13-yaiaa-players-named-boys-volleyball-all-stars/65368955007/,2.2261736488539094
loss,nonmember,https://www.ydr.com/story/sports/high-school/football/2022/09/17/yaiaa-football-scores-from-week-4-dallastown-central-york-earn-wins/69496327007/,2.3920192829074183
loss,nonmember,https://www.ydr.com/story/sports/high-school/football/2022/05/18/central-yorks-cade-pribula-transfers-from-delaware-to-sacred-heart/65355912007/,2.3167318246206516
loss,nonmember,https://www.ydr.com/story/news/local/2022/09/15/vandals-damaged-a-welcome-to-york-gateway-water-company-will-fix-it/69492561007/,2.64532052724048
loss,nonmember,https://www.ydr.com/story/news/local/2022/07/13/christmas-smile-in-july-offers-free-food-gifts-and-more-in-york/65371977007/,2.584925940131909
loss,nonmember,https://www.ydr.com/story/news/crime/2022/09/07/strada-brothers-sentence-in-whispering-wind-bear-spirit-shooting-death/65466363007/,2.12281344989885
loss,nonmember,https://www.ydr.com/story/opinion/2022/07/05/years-after-civil-war-york-surrendered-a-second-time-to-confederates/65367339007/,3.32268167132436
loss,nonmember,https://www.ydr.com/story/news/politics/elections/2022/08/24/scott-perry-sues-department-of-justice-block-access-cellphone-jan-6-probe/65418234007/,2.3840559424284065
loss,nonmember,https://www.ydr.com/story/news/2022/05/23/york-state-fair-2022-what-to-expect-concerts-prices-heroes-hall/65355495007/,2.3215678024354416
loss,nonmember,https://www.ydr.com/story/sports/high-school/2022/07/15/nil-name-age-likeness-policy-pa-high-school-athletes-1-step-closer-to-deals-heres-how/65373478007/,2.4431649282230805
loss,nonmember,https://www.ydr.com/story/sports/high-school/track/2022/05/20/district-3-track-and-field-results-from-day-1-in-shippensburg/65356535007/,2.4577096934384763
loss,nonmember,https://www.ydr.com/story/news/crime/2022/08/19/former-york-city-police-officer-charged-sexual-abuse-teen-joseph-palmer/65411308007/,2.3153995142936417
loss,nonmember,https://www.ydr.com/story/news/health/2022/08/23/wellspan-health-celebrates-ecmo-survivors/65410594007/,2.382844026589526
loss,nonmember,https://www.ydr.com/story/news/politics/elections/2022/07/20/u-s-rep-scott-perry-votes-in-favor-of-bill-to-protect-gay-marriage/65378069007/,2.1144557294501687
loss,nonmember,https://www.ydr.com/story/sports/high-school/football/2022/07/11/dallastown-star-named-gametimepa-yaiaa-boys-athlete-of-the-year/65368843007/,2.572198750499271
loss,nonmember,https://www.ydr.com/story/sports/college/penn-state/football/2022/09/13/penn-state-big-ten-college-football-auburn-tigers-sec-drew-allar/69486532007/,2.9352177319377755
loss,nonmember,https://www.ydr.com/story/opinion/2022/04/26/sen-regan-we-will-not-allow-satan-into-northern-york-county-schools/65352053007/,3.022420701165495
loss,nonmember,https://www.ydr.com/story/opinion/2022/05/24/southcentral-pa-teachers-influence-lasts-a-lifetime/65357368007/,3.008247160584333
loss,nonmember,https://www.ydr.com/story/news/politics/2022/04/24/primary-election-2022-47th-pa-state-house-seat-contested-republican-ticket/65350261007/,2.6022142039093357
loss,nonmember,https://www.ydr.com/story/news/2022/04/12/easter-traditions-in-central-pa-include-pysanky-eggs-and-easter-bread/65348709007/,3.0054287896438696
loss,nonmember,https://www.ydr.com/restricted/?return=https%3A%2F%2Fwww.ydr.com%2Fstory%2Fnews%2Flocal%2F2022%2F04%2F20%2Fcan-after-school-satan-club-sue-northern-york-school-district-lucien-greaves%2F65351105007%2F,0.09279081092669027
loss,nonmember,https://www.ydr.com/story/sports/high-school/2022/09/12/yaiaa-sports-select-athletes-of-the-week-for-sept-5-to-sept-10/69487037007/,2.6129725189383297
loss,nonmember,https://www.ydr.com/story/news/2022/04/20/more-than-21000-tulips-are-near-full-bloom-at-hershey-gardens/65350850007/,2.7218678313759375
loss,nonmember,https://www.ydr.com/story/news/local/2022/09/01/gas-prices-drop-below-4-dollars-gallon-at-some-stations-in-york-county/65466343007/,2.1089021055392476
loss,nonmember,https://www.ydr.com/story/news/2022/06/13/christmas-assault-victim-barbara-laughman-west-manchester-township-encompass-health/65360603007/,2.1516529209894792
loss,nonmember,https://www.ydr.com/story/sports/college/penn-state/football/2022/04/12/penn-state-football-nittany-lions-add-demeioun-robinson-maryland-linebacker/65349874007/,2.4836348908718713
loss,nonmember,https://www.ydr.com/restricted/?return=https%3A%2F%2Fwww.ydr.com%2Fstory%2Fnews%2F2022%2F05%2F09%2Fwestinghouse-atom-smasher-rots-away-in-a-pennsylvania-neighborhood%2F65352649007%2F,0.09279081092669027
loss,nonmember,https://www.ydr.com/story/news/watchdog/2022/05/20/pennsylvania-supreme-court-denies-request-appeal-york-county-prison-corrections-officers-taunting/65356543007/,2.334436526598072
loss,nonmember,https://www.ydr.com/story/sports/high-school/2022/05/27/piaa-track-and-field-chambersburgs-j-j-kelly-wins-triple-jump-title/65357639007/,2.6788557878365515
loss,nonmember,https://www.ydr.com/story/sports/college/penn-state/football/2022/07/21/penn-state-football-sexual-extortion-student-athletes-police/65377756007/,2.293173815709106
loss,nonmember,https://www.ydr.com/story/sports/high-school/football/2022/06/10/york-catholic-hires-longtime-assistant-brad-hayek-as-head-football-coach/65360074007/,2.4246146887674604
loss,nonmember,https://www.ydr.com/story/news/crime/2022/04/06/pennsylvania-superior-court-permission-appeal-ex-southwestern-regional-police-officer-shooting/65348674007/,2.267154660472828
loss,nonmember,https://www.ydr.com/story/sports/college/penn-state/football/2022/09/01/penn-state-purdue-boilermakers-big-ten-live-scoring-updates/65465506007/,2.734578708437089
loss,nonmember,https://www.ydr.com/story/news/health/2022/04/01/a-night-to-remember-those-lost-by-covid-with-1488-luminaries-in-york/65347724007/,3.06216279656995
loss,nonmember,https://www.ydr.com/story/news/crime/2022/09/13/one-dead-one-injured-in-reported-stabbing-in-springettsbury-township/69492968007/,1.926864581426789
loss,nonmember,https://www.ydr.com/story/sports/college/penn-state/football/2022/05/09/penn-state-nittany-lions-football-dani-dennis-sutton-defensive-lineman/65352114007/,2.8997743496694453
loss,nonmember,https://www.ydr.com/story/news/crime/2022/08/08/5-people-found-unconscious-two-now-dead-in-york-county-pa-home/65396070007/,1.8262884690667187
loss,nonmember,https://www.ydr.com/restricted/?return=https%3A%2F%2Fwww.ydr.com%2Fstory%2Fsports%2Fhigh-school%2Fbaseball%2F2022%2F05%2F24%2Fyork-high-baseball-dominican-republic-puerto-rico-york-revolution%2F65355801007%2F,0.10497148890412288
loss,nonmember,https://www.ydr.com/restricted/?return=https%3A%2F%2Fwww.ydr.com%2Fstory%2Fnews%2Fwatchdog%2F2022%2F04%2F14%2Frobert-vicosa-murder-suicide-timeline-events-transparency%2F65349570007%2F,0.09279081092669027
loss,nonmember,https://www.ydr.com/story/news/2022/08/25/fundraiser-christine-fousek-rylee-reynolds-stewartstown-york-county/65419562007/,2.0865742545489194
loss,nonmember,https://www.ydr.com/story/sports/high-school/football/2022/09/02/central-pennsylvania-high-school-football-scoreboard-see-which-york-adams-teams-won-in-week-2/65468092007/,2.060727599557466
loss,nonmember,https://www.ydr.com/story/sports/college/penn-state/football/2022/04/29/nfl-draft-penn-state-football-arnold-ebiketie-atlanta-falcons/65352157007/,2.5316139794855532
loss,nonmember,https://www.ydr.com/story/news/2022/09/14/trans-siberian-orchestra-to-perform-2-concerts-in-hershey-in-december/69491582007/,2.0459403286980447
loss,nonmember,https://www.ydr.com/story/news/crime/2022/09/14/one-dead-one-injured-in-reported-stabbing-in-springettsbury-township/69492968007/,1.9519891960135123
loss,nonmember,https://www.ydr.com/story/news/politics/elections/2022/08/17/democrat-shamaine-daniels-poll-shows-lead-over-rep-scott-perry/65404028007/,2.5786786822971672
loss,nonmember,https://www.ydr.com/story/news/2022/05/18/york-county-2022-democratic-republican-primary-race-results-today/65355341007/,1.906178771889722
loss,nonmember,https://www.ydr.com/story/news/crime/2022/09/13/york-county-coroner-identifies-man-who-died-after-weekend-shooting-in-city/69491367007/,1.609157647948105
loss,nonmember,https://www.ydr.com/story/news/crime/2022/04/27/man-pleads-no-contest-third-degree-murder-deadly-shooting-west-manheim-township-york-county/65352283007/,2.081359952476739
loss,nonmember,https://www.ydr.com/story/news/crime/2022/05/26/former-northern-york-county-regional-police-chief-facing-dui-charges/65357632007/,2.401782202964938
loss,nonmember,https://www.ydr.com/story/news/2022/07/05/teen-dies-4-injured-single-vehicle-crash-near-littlestown-adams-county-pa-july-4/65367258007/,2.2863815596410557
loss,nonmember,https://www.ydr.com/story/news/2022/04/13/conor-lamb-senate-race-says-record-over-john-fetterman/65348890007/,2.3745892000815134
loss,nonmember,https://www.ydr.com/story/sports/high-school/football/2022/09/08/central-pa-high-school-football-live-scoreboard-from-week-3-yaiaa-ll-league-mid-penn-conference/66862778007/,3.063918318307545
loss,nonmember,https://www.ydr.com/story/news/2022/05/10/real-id-in-pa-with-deadline-approaching-heres-what-you-need-to-know/65353960007/,2.1625993759608506
loss,nonmember,https://www.ydr.com/story/sports/college/penn-state/football/2022/04/29/penn-state-ad-patrick-kraft-confirmed-friday/65352557007/,2.673103173417073
loss,nonmember,https://www.ydr.com/story/news/crime/2022/05/27/daiquan-dickerson-sentenced-life-prison-murdering-dover-area-high-school-student-emily-shoemaker/65356726007/,2.19116866916319
loss,nonmember,https://www.ydr.com/story/sports/high-school/2022/06/27/award-winning-kennard-dale-powerlifting-coach-steps-down/65362716007/,2.6613428385836118
loss,nonmember,https://www.ydr.com/story/sports/college/penn-state/football/2022/07/01/college-football-usc-ucla-joining-penn-state-big-ten/65366000007/,3.0093901976869653
loss,nonmember,https://www.ydr.com/story/sports/high-school/softball/2022/05/26/district-3-softball-championships-results-scores-from-each-round/65357552007/,1.4731617387375544
loss,nonmember,https://www.ydr.com/story/news/2022/05/20/police-investigating-shooting-west-manchester-west-york-auto-spa-express/65356744007/,2.31622890001292
loss,nonmember,https://www.ydr.com/story/news/2022/06/07/philadelphia-man-sedition-charges-u-s-capitol-insurrection/65359583007/,1.686780704248476
loss,nonmember,https://www.ydr.com/story/news/2022/08/11/hundreds-turn-out-to-protest-the-re-use-of-york-county-landfill/65398396007/,2.792884200285459
loss,nonmember,https://www.ydr.com/story/news/crime/2022/08/19/takanii-beatty-gets-prison-time-for-york-rape-prostitution-case/65405818007/,2.218318665757702
loss,nonmember,https://www.ydr.com/restricted/?return=https%3A%2F%2Fwww.ydr.com%2Fstory%2Fnews%2F2022%2F06%2F14%2Fwill-pennsylvania-make-it-easier-for-teachers-to-carry-guns%2F65360505007%2F,0.12695625464168023
loss,nonmember,https://www.ydr.com/story/news/local/2022/08/16/lawsuit-louis-appell-iii-filed-against-ufd-founders-settled/65395849007/,2.6651282282707056
loss,nonmember,https://www.ydr.com/story/news/2022/08/01/york-pa-three-alarm-fire-destroys-vacant-home-east-mason-avenue/65387808007/,2.773306033370924
loss,nonmember,https://www.ydr.com/story/news/2022/08/09/pa-cuts-corporate-net-income-tax-nearly-in-half/65396041007/,2.3316228502257
loss,nonmember,https://www.ydr.com/story/news/local/2022/06/27/six-york-county-restaurants-out-of-compliance-inspections-dirty-kitchens/65361708007/,2.4566458750555906
loss,nonmember,https://www.ydr.com/story/news/2022/05/27/weather-alert-storms-flash-floods-possible-tornado-central-pa/65357673007/,2.1245628953426325
loss,nonmember,https://www.ydr.com/story/news/politics/2022/04/24/voters-guide-2022-10th-congressional-race-in-pennsylvania/65350260007/,2.3459963238522565
loss,nonmember,https://www.ydr.com/story/news/crime/2022/04/28/york-county-victims-rights-coalition-march-vigil-trauma-support/65352197007/,2.519455327963368
loss,nonmember,https://www.ydr.com/story/news/politics/2022/04/24/primary-election-2022-two-republicans-vying-pa-169th-state-house-seat/65350263007/,3.035314296257557
loss,nonmember,https://www.ydr.com/restricted/?return=https%3A%2F%2Fwww.ydr.com%2Fstory%2Fnews%2F2022%2F05%2F03%2Fa-developer-has-big-plans-for-former-memorial-hospital-site%2F65352173007%2F,0.09279081092669027
loss,nonmember,https://www.ydr.com/story/opinion/2022/07/15/the-long-road-to-vindication-for-officer-clayton-swartz-opinion/65374340007/,3.1987876415770464
loss,nonmember,https://www.ydr.com/story/sports/high-school/tennis-girls/2022/04/29/yaiaa-tennis-which-players-are-still-alive-for-championships/65352612007/,2.750406235143796
loss,nonmember,https://www.ydr.com/story/sports/college/penn-state/football/2022/09/18/penn-state-football-nick-singleton-auburn-tigers-big-ten-sec/69494656007/,3.098966117787718
loss,nonmember,https://www.ydr.com/story/news/2022/06/22/american-idol-finalist-huntergirl-york-state-fair-july-29/65362462007/,2.194859040256665
loss,nonmember,https://www.ydr.com/story/news/crime/2022/05/16/york-activists-dog-and-car-stolen-begs-thief-to-return-pet-safely/65355772007/,2.74243870985185
loss,nonmember,https://www.ydr.com/story/news/2022/04/18/mollys-courtyard-cafe-york-to-close-and-new-cafe-reopens-in-june/65349885007/,2.627932148765284
loss,nonmember,https://www.ydr.com/story/news/2022/06/29/co-defendant-in-dover-student-emily-shoemakers-murder-sentenced/65364373007/,2.1627073146464397
loss,nonmember,https://www.ydr.com/restricted/?return=https%3A%2F%2Fwww.ydr.com%2Fstory%2Flife%2Ffood%2F2022%2F05%2F16%2Ffarms-in-york-county-offer-home-deliveries%2F65352137007%2F,0.09279081092669027
loss,nonmember,https://www.ydr.com/story/news/local/2022/06/10/york-county-police-partner-with-logos-on-public-safety-collaboration/65359772007/,2.919871128183733
loss,nonmember,https://www.ydr.com/story/opinion/2022/08/02/st-lukes-lutheran-church-celebrates-250-anniversary-in-southern-york-county/65389486007/,3.1480277780189385
loss,nonmember,https://www.ydr.com/restricted/?return=https%3A%2F%2Fwww.ydr.com%2Fin-depth%2Fnews%2F2022%2F06%2F13%2Factivism-social-justice-york-most-influential-people%2F65351407007%2F,0.12695625464168023
loss,nonmember,https://www.ydr.com/story/news/local/2022/05/31/murder-suicide-victim-erin-walker-remembered-at-central-memorial/65358157007/,2.558430412584636
loss,nonmember,https://www.ydr.com/story/news/local/2022/07/21/york-mayor-michael-helfrich-oath-of-office-decision-appealed-to-superior-court/65377376007/,2.631473887023652
loss,nonmember,https://www.ydr.com/restricted/?return=https%3A%2F%2Fwww.ydr.com%2Fstory%2Fnews%2F2022%2F05%2F12%2Fparents-at-northeastern-school-district-fed-up-with-bullying%2F65351444007%2F,0.09279081092669027
loss,nonmember,https://www.ydr.com/story/sports/high-school/football/2022/09/08/red-lion-high-school-garrett-coppersmith-makes-record-breaking-kick/66745861007/,2.7361843196517395
loss,nonmember,https://www.ydr.com/story/sports/high-school/football/2022/06/17/eric-depew-hired-as-red-land-football-coach-after-leaving-york-catholic/65361664007/,2.329843242365125
loss,nonmember,https://www.ydr.com/story/news/2022/09/13/emt-struck-by-truck-in-downtown-york/69493220007/,2.923583416181496
loss,nonmember,https://www.ydr.com/story/news/watchdog/2022/05/20/york-daily-record-takes-district-attorney-to-court-in-vicosa-case/65355306007/,2.3777048288751073
loss,nonmember,https://www.ydr.com/story/sports/2022/06/24/michigans-eli-brooks-signs-summer-league-contract-with-indiana-pacers/65363446007/,2.1713150144656295
loss,nonmember,https://www.ydr.com/restricted/?return=https%3A%2F%2Fwww.ydr.com%2Fstory%2Fsports%2Fhigh-school%2F2022%2F04%2F04%2Fyork-adams-players-watch-district-state-high-school-sports-yaiaa%2F65347631007%2F,0.09279081092669027
loss,nonmember,https://www.ydr.com/story/news/2022/05/19/harley-davidson-york-county-pa-springettsbury-township-suspends-operations/65356500007/,1.827237415613074
loss,nonmember,https://www.ydr.com/restricted/?return=https%3A%2F%2Fwww.ydr.com%2Fstory%2Fsports%2Fhigh-school%2Ffootball%2F2022%2F05%2F11%2Fcoach-russ-stoner-goes-beyond-football-for-city-of-york-school-district%2F65350937007%2F,0.09279081092669027
loss,nonmember,https://www.ydr.com/story/news/2022/05/11/york-county-911-holding-recruitment-drive-to-fill-15-open-positions/65354635007/,2.618411689923425
loss,nonmember,https://www.ydr.com/story/news/2022/06/03/central-pa-bars-taverns-facing-beer-shortage/65358543007/,2.8203175406302883
loss,nonmember,https://www.ydr.com/story/sports/college/2022/04/02/trinity-thomas-leads-florida-to-third-highest-gymnastic-total-in-ncaa/65347768007/,2.593125591675937
loss,nonmember,https://www.ydr.com/restricted/?return=https%3A%2F%2Fwww.ydr.com%2Fstory%2Fnews%2F2022%2F05%2F16%2Fyork-county-restaurant-inspections-engine-oil-bottle-found-in-food-area-meat-not-covered%2F65354936007%2F,0.09279081092669027
loss,nonmember,https://www.ydr.com/story/news/crime/2022/05/24/spring-garden-police-press-conference-central-york-high-school-teacher-fatal-shooting/65357296007/,2.5444392391225965
loss,nonmember,https://www.ydr.com/story/sports/high-school/basketball-girls/2022/05/02/jim-kunkle-resigns-as-west-york-area-high-school-girls-basketball-coach/65353118007/,2.5472526066675227
loss,nonmember,https://www.ydr.com/story/opinion/2022/09/13/2022-dorrie-leader-award-recipient-lizaida-morales/69492274007/,2.963054748163992
loss,nonmember,https://www.ydr.com/story/news/2022/05/24/celebrate-national-wine-day-with-mark-and-vals-wine-in-york/65356572007/,2.7332808726813678
loss,nonmember,https://www.ydr.com/story/sports/high-school/football/2022/09/06/yaiaa-sports-select-athletes-of-the-week-foraug-29-to-sept-3/65475033007/,2.3173004238409924
loss,nonmember,https://www.ydr.com/story/sports/college/penn-state/football/2022/04/20/penn-state-blue-white-football-game-2022-james-franklin-nick-singleton/65350805007/,2.897465580325146
loss,nonmember,https://www.ydr.com/story/sports/high-school/2022/05/31/high-school-sports-select-final-yaiaa-athletes-of-week-for-2021-22/65358283007/,2.713132659639626
loss,nonmember,https://www.ydr.com/story/news/politics/2022/04/25/pa-voters-guide-2022-where-the-primary-candidates-stand/65350980007/,2.043966288217071
loss,nonmember,https://www.ydr.com/story/news/local/community/2022/07/27/russia-ukraine-war-antonina-kovalenko-emigsville-george-hay-kain/65381771007/,2.432325736088813
loss,nonmember,https://www.ydr.com/story/sports/nfl/2022/04/25/bruce-arians-retirement-nfl-coach-tampa-bay-health-tom-brady/65348336007/,3.0146505325609434
loss,nonmember,https://www.ydr.com/story/news/local/2022/08/15/route-30-pa-crash-claims-the-life-of-one-york-township-woman/65403368007/,2.155118587634049
loss,nonmember,https://www.ydr.com/story/news/local/2022/05/31/york-police-offer-form-for-residents-that-suffer-from-mental-illness/65357719007/,2.5587001237445697
loss,nonmember,https://www.ydr.com/story/news/2022/08/11/congressman-scott-perry-pa-10th-district-fbi-investigation/65399207007/,2.344622101553412
loss,nonmember,https://www.ydr.com/story/news/politics/2022/09/15/mastriano-education-plan-would-cut-school-funding-by-12b-union-says/69495468007/,2.352037538754015
loss,nonmember,https://www.ydr.com/story/news/2022/04/07/life-with-alopecia-is-an-emotional-roller-coaster/65348435007/,2.264734959544891
loss,nonmember,https://www.ydr.com/story/sports/outdoors/2022/09/01/trout-stocking-hatcheries-pa-fish-boat-commission/65462285007/,2.623368810242703
loss,nonmember,https://www.ydr.com/story/news/2022/06/10/osha-investigating-after-workers-fall-in-chocolate-tank-lancaster-pennsylvania-factory/65360110007/,2.0508875542686926
loss,nonmember,https://www.ydr.com/story/news/2022/05/26/distinguished-young-women-of-york-county-to-award-scholarships/65357279007/,2.5982531937915763
loss,nonmember,https://www.ydr.com/story/news/politics/2022/04/05/primary-2022-who-is-running-for-office-in-central-pa/65346540007/,1.9373091330612497
loss,nonmember,https://www.ydr.com/story/opinion/2022/04/06/sen-mike-regan-its-time-to-legalize-adult-use-marijuana-in-pa/65348677007/,2.7178821462152913
loss,nonmember,https://www.ydr.com/story/news/local/2022/09/07/problem-solver-studios-in-west-york-offers-safe-space-for-music-artists/65458109007/,2.626809591554766
loss,nonmember,https://www.ydr.com/story/news/local/2022/07/13/video-helps-york-police-arrest-jaquez-brown-in-killing-of-shaheim-carr/65372942007/,2.319519181769914
loss,nonmember,https://www.ydr.com/story/news/2022/07/08/wildcat-roller-coaster-hershey-park-closing-rmc-coasters/65369486007/,2.5668610119970174
loss,nonmember,https://www.ydr.com/story/news/2022/05/17/primary-day-in-pennsylvania-what-you-need-to-know-about-the-polls-last-minute-mail-ballots/65352112007/,1.8866322809503364
loss,nonmember,https://www.ydr.com/story/news/politics/2022/04/14/pa-governors-race-doug-mastriano-leading-election-denier/65349168007/,2.294525877332916
loss,nonmember,https://www.ydr.com/story/news/2022/06/10/scott-perry-sought-presidential-pardon-january-6-insurrection-capitol-attack-liz-cheney/65360025007/,1.942599357787059
loss,nonmember,https://www.ydr.com/story/sports/high-school/lacrosse-boys/2022/05/16/yaiaa-boys-lacrosse-coaches-name-2022-all-stars-players-of-the-year/65355776007/,2.139960202030618
loss,nonmember,https://www.ydr.com/restricted/?return=https%3A%2F%2Fwww.ydr.com%2Fstory%2Fsports%2Fhigh-school%2F2022%2F04%2F05%2Fyork-adams-players-watch-district-state-high-school-sports-yaiaa%2F65347631007%2F,0.09279081092669027
loss,nonmember,https://www.ydr.com/restricted/?return=https%3A%2F%2Fwww.ydr.com%2Fstory%2Fnews%2F2022%2F05%2F09%2Fcould-mental-health-experts-prevented-killing-of-lebanon-police-lt-william-lebo%2F65352523007%2F,0.09279081092669027
loss,nonmember,https://www.ydr.com/story/news/local/2022/08/03/york-xl-york-county-food-bank-seek-grants-from-gannett-community-thrives/65385659007/,2.981562779259373
loss,nonmember,https://www.ydr.com/story/news/2022/06/07/baltimore-county-md-collector-chad-shapiro-has-thomas-edison-light-bulbs/65352109007/,3.34787534941987
loss,nonmember,https://www.ydr.com/story/opinion/2022/06/15/york-countys-conspiracy-of-1803-a-troubling-story/65361114007/,3.3225181534459716
loss,nonmember,https://www.ydr.com/story/sports/high-school/basketball-girls/2022/04/18/dallastowns-dshantae-edwards-commits-to-bethune-cookman-basketball/65350270007/,2.4764519741795548
loss,nonmember,https://www.ydr.com/restricted/?return=https%3A%2F%2Fwww.ydr.com%2Fstory%2Fsports%2Fhigh-school%2F2022%2F06%2F21%2Fgettysburg-athletics-should-the-yaiaa-be-ok-with-move-to-mid-penn%2F65361026007%2F,0.121909475679828
loss,nonmember,https://www.ydr.com/story/news/2022/04/01/lebanon-city-police-officer-lebo-shooting-timeline-travis-shaud/65347767007/,1.9472589687602166
loss,nonmember,https://www.ydr.com/story/news/2022/07/27/former-superfund-site-in-hopewell-twp-could-be-reopened-as-landfill/65382901007/,2.6215156902602295
loss,nonmember,https://www.ydr.com/restricted/?return=https%3A%2F%2Fwww.ydr.com%2Fstory%2Fnews%2F2022%2F04%2F05%2Fnew-pizza-shop-opens-in-york-as-an-old-favorite-returns%2F65347318007%2F,0.09279081092669027
loss,nonmember,https://www.ydr.com/story/news/local/2022/08/31/united-steelworkers-union-gives-notice-of-strike-to-bae-systems-in-york/65464768007/,2.2834357150810285
loss,nonmember,https://www.ydr.com/story/news/2022/06/16/first-black-owned-gettysburg-the-keystone-inn-bed-breakfast/65354942007/,2.711204253432679
loss,nonmember,https://www.ydr.com/story/news/traffic/2022/08/29/route-462-market-street-by-interstate-83-to-close-five-weeks-for-bridge-replacement/65417738007/,2.4470892943261187
loss,nonmember,https://www.ydr.com/restricted/?return=https%3A%2F%2Fwww.ydr.com%2Fstory%2Fnews%2Flocal%2F2022%2F06%2F02%2Fconfidential-settlement-lawsuits-deaths-two-york-city-firefighters-ivan-flanscha-zachary-anthony%2F65357792007%2F,0.08179579431363866
loss,nonmember,https://www.ydr.com/story/money/business/2022/07/17/best-of-the-best-awards-to-honor-the-finest-of-york-county/65373475007/,2.6528101091973464
loss,nonmember,https://www.ydr.com/story/news/politics/elections/2022/07/06/pa-coronavirus-deaths-doug-mastriano-republican-governor-race-josh-shapiro/65367847007/,0.15723781230573972
loss,nonmember,https://www.ydr.com/story/news/crime/2022/09/01/former-east-manchester-township-manager-gene-david-gentzler-kidnapping-sentenced-to-prison/65462077007/,2.420906623556708
loss,nonmember,https://www.ydr.com/story/sports/college/2022/04/16/florida-falls-short-ncaa-gymnastics-title-trinity-thomas-scores-perfect-10-west-york/65350392007/,2.842628397253225
loss,nonmember,https://www.ydr.com/story/opinion/2022/04/29/sen-mike-regan-legally-wrong-in-stand-against-after-school-club-satan/65352613007/,2.8348761835206795
loss,nonmember,https://www.ydr.com/restricted/?return=https%3A%2F%2Fwww.ydr.com%2Fstory%2Fnews%2F2022%2F05%2F04%2Fcomings-and-goings-popular-taco-place-returns-bar-and-grill-closes%2F65353557007%2F,0.09279081092669027
loss,nonmember,https://www.ydr.com/story/news/2022/06/13/york-state-fair-pa-toby-keith-tour-cancels-concert-july/65360563007/,2.1805922402902835
loss,nonmember,https://www.ydr.com/story/news/2022/06/14/chanceford-township-york-county-pa-teen-dies-from-injuries-in-crash-at-i-83-and-route-30-wellspan/65360665007/,1.9870198591110522
loss,nonmember,https://www.ydr.com/story/news/local/2022/04/06/pennsylvania-state-police-settle-profiling-immigration-lawsuit/65348777007/,1.8016940678411937
loss,nonmember,https://www.ydr.com/story/life/food/2022/05/25/york-county-restaurants-guide-for-dining-outside-coffee-bakeries/65357297007/,3.0204931694347867
loss,nonmember,https://www.ydr.com/story/news/local/2022/08/15/william-goodridge-statue-is-first-in-york-to-honor-african-americans/65400442007/,2.8986679022864816
loss,nonmember,https://www.ydr.com/story/sports/high-school/baseball/2022/06/06/coastal-carolina-baseball-nick-parker-shut-out-east-carolina-ncaa-regional/65358918007/,2.2035488140911963
loss,nonmember,https://www.ydr.com/story/sports/high-school/2022/05/28/piaa-track-spring-groves-laila-campbell-claims-two-gold-medals-again/65357640007/,2.330209112505397
loss,nonmember,https://www.ydr.com/story/news/2022/08/01/york-state-fair-2022-sees-sharp-attendance-drop-hot-weather-blamed/65388258007/,2.406533607936334
loss,nonmember,https://www.ydr.com/restricted/?return=https%3A%2F%2Fwww.ydr.com%2Fstory%2Fnews%2Fwatchdog%2F2022%2F05%2F25%2Fman-pleads-guilty-third-degree-murder-deadly-interstate-83-crash%2F65357260007%2F,0.10497148890412288
loss,nonmember,https://www.ydr.com/story/life/2022/06/23/102-year-old-retired-teacher-shares-memories-at-susquehannock-high/65362172007/,2.7522809503627075
loss,nonmember,https://www.ydr.com/story/news/crime/2022/05/22/one-injured-in-shooting-at-walmart-in-newberry-township-york-county/65356844007/,2.036090343123413
loss,nonmember,https://www.ydr.com/story/news/local/2022/07/06/york-county-pa-single-vehicle-crash-one-woman-killed-lower-chanceford-township/65367755007/,1.5719357379663996
loss,nonmember,https://www.ydr.com/story/news/local/2022/05/03/crown-act-would-bar-discrimination-of-race-based-hairstyles-in-york/65353530007/,2.4095085379050847
loss,nonmember,https://www.ydr.com/story/sports/high-school/baseball/2022/06/14/yaiaa-baseball-coaches-name-2022-league-all-stars-players-of-the-year/65360678007/,1.9879086832109985
loss,nonmember,https://www.ydr.com/story/news/crime/2022/06/06/york-woman-arrested-stole-car-with-toddler-inside/65358916007/,1.909431033438559
loss,nonmember,https://www.ydr.com/story/news/2022/06/07/gas-prices-in-central-pa-surpass-5-a-gallon-at-some-stations/65359220007/,1.9350767873789718
loss,nonmember,https://www.ydr.com/story/news/history/gettysburg/2022/04/06/thaddeus-stevens-gets-a-statue-from-his-fan-club-in-gettysburg/65348341007/,2.981830711640789
loss,nonmember,https://www.ydr.com/story/news/local/2022/06/03/pedal-4-peace-wavecrave365-operating-in-condemned-building-closed-for-now/65358672007/,2.9094636349242973
loss,nonmember,https://www.ydr.com/story/news/politics/2022/05/18/keith-gillespie-stan-saylor-lose-pa-house-seats-in-gop-primary/65355136007/,2.689167824646077
loss,nonmember,https://www.ydr.com/in-depth/news/2022/05/24/saving-york-street-by-street-the-unsung-people-helping-our-hometown/65351134007/,2.6221706562047005
loss,nonmember,https://www.ydr.com/story/opinion/2022/04/21/opinion-legalizing-marijuana-in-pa-is-a-dangerous-idea/65351230007/,3.1280675253793735
loss,nonmember,https://www.ydr.com/story/sports/college/penn-state/football/2022/07/19/penn-state-football-parecruiting-surge-in-big-ten-london-montgomery/65372327007/,2.7257455624931386
loss,nonmember,https://www.ydr.com/restricted/?return=https%3A%2F%2Fwww.ydr.com%2Fstory%2Fnews%2Fwatchdog%2F2022%2F05%2F04%2Fnew-federal-guidance-juvenile-justice-reform-act-of-2018%2F65352687007%2F,0.09279081092669027
loss,nonmember,https://www.ydr.com/story/sports/high-school/2022/05/16/athletes-of-the-week-select-the-latest-yaiaa-winners/65355822007/,2.4414404057473442
loss,nonmember,https://www.ydr.com/story/sports/high-school/2022/08/26/central-pa-football-scores-highlights-from-week-1-yaiaa-ll-league-mid-penn-conference/65420337007/,2.8280605015364575
loss,nonmember,https://www.ydr.com/story/opinion/2022/07/13/articles-of-confederation-crafters-sentenced-1st-constitution-to-short-life/65373089007/,3.3644889101991513
loss,nonmember,https://www.ydr.com/story/sports/high-school/2022/05/02/york-adams-athletes-select-this-weeks-top-performers-in-online-polls/65353164007/,2.4145658588939956
loss,nonmember,https://www.ydr.com/story/news/2022/04/05/dillsburg-halal-meats-suspended-after-usda-observes-mishandling-of-lamb/65348320007/,2.6345842833675666
loss,nonmember,https://www.ydr.com/restricted/?return=https%3A%2F%2Fwww.ydr.com%2Fstory%2Fnews%2F2022%2F06%2F21%2Fdallastown-area-high-school-and-alumni-to-perform-mamma-mia-two-years-after-covid-shutdown%2F65360132007%2F,0.121909475679828
loss,nonmember,https://www.ydr.com/story/news/crime/2022/04/18/york-city-struggles-for-answers-in-wake-of-continued-gun-violence/65347686007/,2.6228363927035496
loss,nonmember,https://www.ydr.com/story/news/local/2022/08/22/york-county-pa-history-center-construction-underway-site-from-first-power-station/65406643007/,3.0954769257144865
loss,nonmember,https://www.ydr.com/story/life/2022/05/23/red-lion-senior-high-school-offers-student-run-cafe/65355189007/,2.8074726535103656
loss,nonmember,https://www.ydr.com/restricted/?return=https%3A%2F%2Fwww.ydr.com%2Fstory%2Fsports%2Fhigh-school%2F2022%2F05%2F17%2Fthe-district-3-playoffs-are-here-these-are-the-top-athletes-to-watch%2F65355261007%2F,0.09279081092669027
loss,nonmember,https://www.ydr.com/story/sports/high-school/football/2022/08/31/central-pa-high-school-football-scoreboard-results-from-week-2-yaiaa-ll-league-mid-penn-conference/65465990007/,2.9217276259052225
loss,nonmember,https://www.ydr.com/story/news/local/2022/06/27/sheetz-lowers-some-gas-prices-in-pennsylvania-for-july-4th-holiday/65364124007/,1.7948257523649551
loss,nonmember,https://www.ydr.com/story/money/companies/2022/09/12/refillism-store-in-york-boosts-access-to-eco-friendly-lifestyle/68221522007/,2.6307051797699605
loss,nonmember,https://www.ydr.com/story/news/local/2022/04/04/dover-area-northern-york-county-pa-teen-dies-car-crash/65348254007/,1.700414216332064
loss,nonmember,https://www.ydr.com/story/news/crime/2022/08/10/kimberly-metz-sentenced-in-willmar-santos-batista-fathers-day-york-murder/65394957007/,2.5689283804141176
loss,nonmember,https://www.ydr.com/story/sports/high-school/football/2022/09/16/central-pa-high-school-football-live-scoreboard-week-4-yaiaa-ll-league-mid-penn-conference/69496403007/,3.22283117387874
loss,nonmember,https://www.ydr.com/story/news/local/2022/08/04/tractor-crash-in-york-county-results-another-death-4-year-old-boy-jeffrey-ryan-fisher/65391877007/,2.2186383808637204
loss,nonmember,https://www.ydr.com/story/news/2022/04/06/route-30-adams-county-crash-claims-the-life-of-york-haven-man/65348639007/,1.9387620505276126
loss,nonmember,https://www.ydr.com/story/news/local/2022/04/21/york-county-judge-hears-argument-petition-seeking-disqualification-york-mayor-michael-helfrich/65351027007/,2.404580598247368
loss,nonmember,https://www.ydr.com/restricted/?return=https%3A%2F%2Fwww.ydr.com%2Fstory%2Fnews%2F2022%2F06%2F09%2Fcomings-and-goings-downtown-york-gets-a-number-of-new-businesses%2F65359731007%2F,0.10591054274939694
loss,nonmember,https://www.ydr.com/story/news/local/2022/08/24/live-band-members-and-bill-hynes-get-lawsuit-for-think-loud-studio-property/65404659007/,2.8250073342614415
loss,nonmember,https://www.ydr.com/story/news/2022/06/16/tornado-watch-issued-for-central-pennsylvania-national-weather-service/65361497007/,2.203274532397035
loss,nonmember,https://www.ydr.com/story/news/crime/2022/05/23/central-york-teacher-killed-in-murder-suicide-in-spring-garden-township/65357189007/,2.1426108548174914
loss,nonmember,https://www.ydr.com/story/news/2022/04/26/pennsylvanias-child-welfare-system-needs-to-be-reformed/65351885007/,2.716998370091991
loss,nonmember,https://www.ydr.com/story/opinion/2022/09/06/question-for-pennsylvania-child-welfare-how-can-more-children-be-saved/65463989007/,2.7637257636491763
loss,nonmember,https://www.ydr.com/story/sports/high-school/2022/06/06/piaa-championships-first-round-results-from-baseball-softball-playoffs/65359199007/,2.0194815644705173
loss,nonmember,https://www.ydr.com/story/news/crime/2022/05/12/child-abuse-york-county-man-submerged-2-year-olds-hand-in-hot-water/65355049007/,2.126994598729698
loss,nonmember,https://www.ydr.com/story/sports/college/penn-state/football/2022/08/25/penn-state-football-nittany-lions-jiayir-brown-tig-big-ten/65399007007/,2.8275759047897617
loss,nonmember,https://www.ydr.com/story/news/local/2022/04/19/satanist-club-proposal-to-northern-york-county-school-district-board/65350967007/,2.9967001356623473
loss,nonmember,https://www.ydr.com/story/news/2022/05/25/why-you-will-pay-400-for-a-bushel-of-blue-crabs-summer-2022-in-pa/65357266007/,2.598787340414656
loss,nonmember,https://www.ydr.com/story/news/2022/08/10/hershey-chocolate-enough-candy-halloween-but-it-will-cost-more/65395842007/,2.5564494442887677
loss,nonmember,https://www.ydr.com/story/news/2022/05/10/pa-gas-prices-rise-new-record-high-dwindling-supplies/65353817007/,1.8223234877577756
loss,nonmember,https://www.ydr.com/story/news/local/2022/06/27/hanover-area-may-soon-get-a-wawa-first-in-york-county-pa/65363962007/,2.721619874845858
loss,nonmember,https://www.ydr.com/story/news/2022/06/14/saving-york-street-by-street-read-about-heroes-york-pa/65360879007/,2.5748071866378037
loss,nonmember,https://www.ydr.com/story/news/2022/08/10/after-yorkfest-was-canceled-again-local-artists-stepped-up-yorks-art-week/65396122007/,2.5633773264392374
loss,nonmember,https://www.ydr.com/story/sports/college/penn-state/football/2022/09/11/ncaa-college-football-penn-state-ohio-bobcats-nicholas-singleton-drew-allar/66789648007/,2.9856877164247666
loss,nonmember,https://www.ydr.com/story/news/2022/05/05/voter-intimidation-delayed-primary-results-possible-pa-official-says/65353837007/,2.424846989871797
loss,nonmember,https://www.ydr.com/story/news/local/2022/07/14/york-water-co-seeks-31-percent-rate-hike-puc-to-investigate/65373927007/,2.6141968024404556
loss,nonmember,https://www.ydr.com/story/opinion/2022/04/18/this-war-is-partly-about-russian-vs-ukrainian-language/65350841007/,3.2955226393861254
loss,nonmember,https://www.ydr.com/story/news/crime/2022/05/26/man-sentenced-prison-aggravated-animal-cruelty-york-county/65356698007/,2.206051814208018
loss,nonmember,https://www.ydr.com/story/news/crime/2022/07/07/york-settles-with-officer-clayton-swartz-joking-george-floyd-murder/65368943007/,2.671585055022186
loss,nonmember,https://www.ydr.com/story/sports/high-school/2022/05/18/yaiaa-tournament-winners-from-volleyball-baseball-softball/65355964007/,2.352295571356003
loss,nonmember,https://www.ydr.com/story/news/2022/04/14/pa-republican-jeff-bartos-is-running-for-u-s-senate-on-kitchen-table-issues/65348985007/,2.2947447737797386
loss,nonmember,https://www.ydr.com/story/news/local/2022/07/05/central-pennsylvania-teen-opens-up-ice-cream-shop-with-unusual-flavors/65364068007/,2.4417570185279858
loss,nonmember,https://www.ydr.com/restricted/?return=https%3A%2F%2Fwww.ydr.com%2Fstory%2Fnews%2F2022%2F06%2F13%2Farchetype-pizza-in-downtown-york-to-open-june%2F65359889007%2F,0.12695625464168023
loss,nonmember,https://www.ydr.com/story/news/local/2022/08/15/york-county-pa-man-dies-suspected-carbon-monoxide-poisoning-car-accidentally-left-running-garage/65403627007/,2.3981034296356243
loss,nonmember,https://www.ydr.com/story/news/2022/05/10/meltdown-three-mile-island-airs-on-netflix/65353510007/,2.8823827481423274
loss,nonmember,https://www.ydr.com/story/news/politics/2022/07/08/pa-lawmakers-agree-to-spend-billions-in-stimulus-money-in-budget/65369988007/,2.1485479747707035
loss,nonmember,https://www.ydr.com/story/sports/high-school/baseball/2022/06/13/piaa-baseball-everett-tops-delone-in-class-2a-semifinals/65360511007/,2.473279936868617
loss,nonmember,https://www.ydr.com/story/sports/high-school/football/2022/08/23/yaiaa-football-2022-preview-here-are-the-games-to-watch/65409917007/,2.3227695956076304
loss,nonmember,https://www.ydr.com/story/sports/outdoors/2022/05/19/gifford-pinchot-state-park-offers-camping-boating-fishing-hiking/65355940007/,2.418430590520216
loss,nonmember,https://www.ydr.com/story/news/2022/04/12/conor-lamb-senate-race-says-record-over-john-fetterman/65348890007/,2.3745892000815134
loss,nonmember,https://www.ydr.com/story/news/politics/2022/04/06/heres-how-charlie-gerow-is-standing-out-in-the-pa-gop-governor-race/65347892007/,2.422801226944397
loss,nonmember,https://www.ydr.com/story/sports/high-school/basketball-boys/2022/05/07/susquehannocks-jalen-franklin-makes-class-5a-all-state-basketball-team/65354032007/,2.0776898028828468
loss,nonmember,https://www.ydr.com/story/news/2022/05/03/5-5-million-purchase-saves-mifflin-house-an-underground-railroad-site/65352510007/,2.5140059037379374
loss,nonmember,https://www.ydr.com/story/news/2022/09/12/pennsylvania-turnpike-why-millions-of-dollars-are-owed-in-unpaid-tolls/65384329007/,2.453379331779978
loss,nonmember,https://www.ydr.com/restricted/?return=https%3A%2F%2Fwww.ydr.com%2Fstory%2Fnews%2Fwatchdog%2F2022%2F04%2F22%2Fdante-mullinix-billboard-blames-york-county-for-death-of-2-year-old%2F65351181007%2F,0.09279081092669027
loss,nonmember,https://www.ydr.com/story/news/2022/06/15/volunteer-fire-departments-struggle-to-recruit-worry-about-response-times/65353542007/,2.4889526349525974
loss,nonmember,https://www.ydr.com/story/news/2022/06/21/red-lion-man-dies-in-single-vehicle-crash-over-the-weekend-york-county/65362165007/,1.865364718344399
loss,nonmember,https://www.ydr.com/story/news/crime/2022/05/11/medical-marijuana-is-a-schedule-1-controlled-substance-in-pa-court/65354517007/,2.2628224230659395
loss,nonmember,https://www.ydr.com/story/news/2022/06/16/local-fireworks-york-harrisburg-gettysburg-lancaster-pennsylvania/65358665007/,2.154524369849066
loss,nonmember,https://www.ydr.com/story/news/2022/07/22/york-father-says-sesame-place-character-snubbed-his-black-daughter/65379052007/,2.208165012689829
loss,nonmember,https://www.ydr.com/story/news/crime/2022/05/13/teen-pleads-guilty-third-degree-murder-prison-accomplice-deadly-shooting-york/65354698007/,2.1854798172084693
loss,nonmember,https://www.ydr.com/story/opinion/2022/05/27/how-we-can-solve-pas-behavioral-health-care-crisis/65357753007/,2.436702565209746
loss,nonmember,https://www.ydr.com/story/news/crime/2022/05/26/york-city-police-pa-investigating-a-homicide-involving-possible-trespasser/65357571007/,1.7784271115823507
loss,nonmember,https://www.ydr.com/story/news/crime/2022/08/18/york-area-man-charged-killing-man-dumping-body-lancaster-county/65408859007/,1.9930227848132762
loss,nonmember,https://www.ydr.com/restricted/?return=https%3A%2F%2Fwww.ydr.com%2Fin-depth%2Fnews%2F2022%2F06%2F13%2Fpolitics-york-county-most-influential-government-reoublican-democrat%2F65351421007%2F,0.12695625464168023
loss,nonmember,https://www.ydr.com/story/sports/high-school/football/2022/08/15/pa-high-school-football-2022-york-adams-league-team-by-team-previews-players-to-watch/65403160007/,2.8645123597840825
loss,nonmember,https://www.ydr.com/story/news/crime/2022/09/08/man-stabs-random-customer-at-walmart-in-york-county-to-return-to-jail-police-say/65742433007/,2.271762810899226
loss,nonmember,https://www.ydr.com/story/news/politics/elections/2022/07/08/scott-perry-congress-pa-republican-refuses-testimony-pardon/65369434007/,2.080332809296003
loss,nonmember,https://www.ydr.com/story/news/politics/2022/04/21/tracking-campaign-updates-in-pennsylvanias-senate-and-governor-races/65350855007/,2.3286621635917104
loss,nonmember,https://www.ydr.com/story/sports/high-school/baseball/2022/04/19/dallastown-baseball-coach-greg-kinneman-reaches-100-career-wins/65350766007/,2.670715480150622
loss,nonmember,https://www.ydr.com/restricted/?return=https%3A%2F%2Fwww.ydr.com%2Fin-depth%2Fnews%2F2022%2F05%2F24%2Fyork-pa-northeast-neighborhood-2-women-do-what-they-can-to-help-saving-york-street-by-street%2F65351426007%2F,0.10497148890412288
loss,nonmember,https://www.ydr.com/story/news/local/2022/08/24/interstate-83-closed-after-truck-strikes-queen-street-overpass-again/65418552007/,2.5625144954352757
loss,nonmember,https://www.ydr.com/restricted/?return=https%3A%2F%2Fwww.ydr.com%2Fstory%2Fnews%2F2022%2F05%2F25%2Frestaurant-inspections-seven-out-of-compliance%2F65355268007%2F,0.10497148890412288
loss,nonmember,https://www.ydr.com/story/news/2022/08/10/rep-scott-perry-republican-york-county-pa-fbi-agents-seized-cellphone/65398266007/,0.2249601833552755
loss,nonmember,https://www.ydr.com/story/opinion/2022/06/15/bidens-border-failure-creates-national-security-humanitarian-crisis/65361133007/,2.5343799642774343
loss,nonmember,https://www.ydr.com/story/opinion/2022/05/18/give-mother-of-red-lion-catherine-meyer-due-recognition/65356449007/,3.2340441324570586
loss,nonmember,https://www.ydr.com/story/news/local/2022/04/08/central-york-students-testify-before-congress-on-national-book-bans/65348834007/,2.4187248747177903
loss,nonmember,https://www.ydr.com/story/life/2022/08/29/silverberry-soaps-central-pa-student-starts-own-business/65417685007/,2.9361586575459615
loss,nonmember,https://www.ydr.com/story/opinion/2022/05/31/tropical-storm-agnes-50-years-ago-like-something-out-of-the-bible/65358222007/,2.9971437737059254
loss,nonmember,https://www.ydr.com/story/opinion/2022/08/19/by-2060-yorks-summer-temps-will-be-like-nashvilles-opinion/65410717007/,3.1272238843626545
loss,nonmember,https://www.ydr.com/story/sports/college/penn-state/football/2022/06/01/penn-state-football-white-out-game-against-minnesota-not-ohio-state/65358413007/,2.8189258369301458
loss,nonmember,https://www.ydr.com/story/news/local/2022/08/03/national-night-out-in-york-is-a-time-to-focus-on-how-to-stop-violence/65389933007/,2.727694362173281
loss,nonmember,https://www.ydr.com/story/sports/high-school/2022/05/09/yaiaa-tournaments-which-teams-will-be-competing-for-championships/65354533007/,1.3785496381228015
loss,nonmember,https://www.ydr.com/story/sports/high-school/2022/07/05/select-gametimepas-yaiaa-athletes-of-the-year-for-2021-22/65365394007/,2.1593107651193506
loss,nonmember,https://www.ydr.com/story/sports/outdoors/2022/05/19/many-options-to-consider-when-picking-purchasing-a-kayak-recreational-touring-fishing-paddles/65355833007/,2.620219479625744
loss,nonmember,https://www.ydr.com/story/news/crime/2022/05/18/man-pleads-guilty-aggravated-assault-accomplice-murder-dover-area-high-school-senior-emily-shoemaker/65355302007/,2.1802220158335355
loss,nonmember,https://www.ydr.com/story/sports/high-school/football/2022/07/20/spring-grove-footballs-andrew-osmun-commits-to-fordham-university/65378458007/,2.422030907438681
loss,nonmember,https://www.ydr.com/restricted/?return=https%3A%2F%2Fwww.ydr.com%2Fstory%2Fnews%2F2022%2F05%2F10%2Fwestinghouse-atom-smasher-rots-away-in-a-pennsylvania-neighborhood%2F65352649007%2F,0.09279081092669027
loss,nonmember,https://www.ydr.com/restricted/?return=https%3A%2F%2Fwww.ydr.com%2Fstory%2Fnews%2Fwatchdog%2F2022%2F04%2F26%2Fjudge-rejects-invasion-of-privacy-claim-york-city-police-officer-clayton-swartz%2F65351520007%2F,0.2145022330349786
loss,nonmember,https://www.ydr.com/story/news/local/2022/04/05/jk-salvage-explosion-attracts-fire-department-and-scares-residents/65348532007/,2.638709601655438
loss,nonmember,https://www.ydr.com/story/news/2022/05/06/man-dies-two-vehicle-crash-chanceford-township-york-county-pa/65353951007/,1.5054113220660779
loss,nonmember,https://www.ydr.com/restricted/?return=https%3A%2F%2Fwww.ydr.com%2Fstory%2Fnews%2Fcrime%2F2022%2F04%2F04%2Faaron-miller-on-trial-for-vehicular-manslaughter%2F65348325007%2F,0.09279081092669027
loss,nonmember,https://www.ydr.com/story/news/2022/05/07/give-local-york-raises-4-1-million-for-local-nonprofits/65353553007/,2.995921609644733
loss,nonmember,https://www.ydr.com/story/news/crime/2022/07/29/joe-fitzpatrick-released-low-bail-in-atv-case-involving-wifes-death/65385352007/,2.5979382017433594
loss,nonmember,https://www.ydr.com/story/sports/high-school/2022/05/17/district-3-tournaments-scores-schedule-for-boys-girls-championships/65355972007/,1.3828739388609934
loss,nonmember,https://www.ydr.com/story/news/crime/2022/06/15/pa-superior-court-prevents-one-dollar-bail-for-man-in-atv-murder-trial/65359895007/,2.458355753189774
loss,nonmember,https://www.ydr.com/story/sports/college/penn-state/football/2022/07/20/penn-state-football-quarterback-sean-clifford-linebacker-curtis-jacobs-big-ten-stars/65372841007/,2.741461405249187
loss,nonmember,https://www.ydr.com/story/sports/college/penn-state/football/2022/09/18/penn-state-football-sean-clifford-nick-singleton-auburn-big-ten/69494944007/,3.3557055532014153
loss,nonmember,https://www.ydr.com/story/news/crime/2022/04/18/two-found-dead-red-lion-york-county-pa-murder-suicide-easter-morning/65350459007/,2.1971967852286447
loss,nonmember,https://www.ydr.com/story/news/crime/2022/04/04/split-verdict-trial-attempted-murder-shooting-north-codorus-township-york-county/65346449007/,2.2768194651175975
loss,nonmember,https://www.ydr.com/restricted/?return=https%3A%2F%2Fwww.ydr.com%2Fstory%2Fsports%2Fhigh-school%2F2022%2F06%2F23%2Fyaiaa-2021-2022-top-sports-high-schools-in-york-adams-league-dallastown-central-york-pa-dallastown%2F65362250007%2F,0.12695625464168023
loss,nonmember,https://www.ydr.com/story/news/politics/elections/2022/08/30/eight-more-republicans-just-endorsed-josh-shapiro-over-doug-mastriano/65458907007/,2.496766680920243
loss,nonmember,https://www.ydr.com/story/sports/college/2022/04/15/ncaa-gymnastics-perfect-score-gives-floridas-thomas-3-national-titles/65350064007/,3.0686910827031966
loss,nonmember,https://www.ydr.com/story/news/2022/05/20/tornado-watch-issued-for-central-pa/65356692007/,1.826318987191014
loss,nonmember,https://www.ydr.com/story/news/local/2022/07/08/jerry-reynolds-airville-body-found-holtwood-pa-death-lancaster-county/65369407007/,2.252092852280133
loss,nonmember,https://www.ydr.com/story/sports/high-school/football/2022/06/07/pitt-football-dallastowns-kenny-johnson-verbally-commits-to-panthers/65359210007/,2.5153628275893225
loss,nonmember,https://www.ydr.com/story/news/2022/08/02/snow-ice-storms-bound-for-pennsylvania-farmers-almanac-winter-forecast/65389109007/,2.393858276289635
loss,nonmember,https://www.ydr.com/story/news/crime/2022/04/01/man-found-guilty-involuntary-manslaughter-not-guilty-murder-deadly-shooting-york/65346416007/,2.262125169480223
loss,nonmember,https://www.ydr.com/restricted/?return=https%3A%2F%2Fwww.ydr.com%2Fstory%2Fnews%2F2022%2F04%2F22%2Fcomings-and-goings-eco-friendly-store-opens-in-york-coffee-shop-closes%2F65351060007%2F,0.09279081092669027
loss,nonmember,https://www.ydr.com/story/sports/high-school/football/2022/04/12/spring-grove-area-high-school-will-thompson-hired-as-football-coach-francis-scott-key/65349834007/,2.4949347446701715
loss,nonmember,https://www.ydr.com/story/sports/high-school/softball/2022/06/13/yaiaa-softball-coaches-name-2022-league-all-stars-players-of-the-year/65360527007/,1.9783138192636835
loss,nonmember,https://www.ydr.com/story/opinion/2022/04/22/york-naacp-area-schools-not-doing-enough-about-rise-of-racial-prejudice/65351389007/,2.7886573366921366
loss,nonmember,https://www.ydr.com/story/news/crime/2022/06/21/york-man-dies-in-weekend-shooting-police-charge-brother-with-homicide/65362149007/,1.9679773685524693
loss,nonmember,https://www.ydr.com/story/sports/college/penn-state/football/2022/08/29/penn-state-football-james-franklin-big-ten-vs-purdue-sean-clifford/65407825007/,2.9948351227825123
loss,nonmember,https://www.ydr.com/story/news/crime/2022/08/18/pennsylvania-state-trooper-driving-under-influence-central-pa/65409961007/,1.8584200751827962
loss,nonmember,https://www.ydr.com/story/sports/high-school/wrestling/2022/06/28/spring-grove-high-school-officially-starts-girls-wrestling-team/65364409007/,2.5678011728243644
loss,nonmember,https://www.ydr.com/restricted/?return=https%3A%2F%2Fwww.ydr.com%2Fin-depth%2Fnews%2F2022%2F06%2F14%2Fmike-smith-and-his-temple-guard-give-york-pa-youths-positive-path%2F6596906001%2F,0.12695625464168023
loss,nonmember,https://www.ydr.com/story/sports/high-school/baseball/2022/05/26/district-3-baseball-scores-results-from-postseason-tournaments/65357551007/,1.630514962506913
loss,nonmember,https://www.ydr.com/story/opinion/2022/07/04/the-american-is-great-vision-vs-the-revolutionary-vision/65364730007/,3.243657680124213
loss,nonmember,https://www.ydr.com/story/sports/high-school/basketball-boys/2022/07/06/florida-basketball-perkiomens-new-oxford-tommy-haugh-makes-commitment/65367304007/,2.606283834595255
loss,nonmember,https://www.ydr.com/story/news/2022/08/08/back-to-school-dates-updates-at-york-county-school-districts-education/65386876007/,1.7335356325945326
loss,nonmember,https://www.ydr.com/story/news/2022/04/07/york-county-food-bank-is-moving-its-operations-out-of-the-former-kmart-store/65348695007/,2.5299852804063905
loss,nonmember,https://www.ydr.com/story/news/2022/07/01/white-clover-farm-stand-in-hellam-spurred-by-pandemic-food-supply-issues/65347398007/,2.7928652952152606
loss,nonmember,https://www.ydr.com/story/news/crime/2022/08/01/york-city-police-investigating-15th-homicide-2022/65388869007/,1.4776114605564534
loss,nonmember,https://www.ydr.com/story/news/crime/2022/05/06/york-police-man-shot-killed-friday-south-pine-street/65354059007/,1.1893060958497839
loss,nonmember,https://www.ydr.com/story/news/2022/07/25/gettysburg-national-military-parks-little-roundtop-to-close-for-18-months-devils-den-construction-pa/65376312007/,2.86756863728018
loss,nonmember,https://www.ydr.com/story/opinion/2022/06/29/the-american-is-great-vision-vs-the-revolutionary-vision/65364730007/,3.243657680124213
loss,nonmember,https://www.ydr.com/story/news/watchdog/2022/04/29/insurance-fraud-york-county-woman-faked-death-in-ukraine-cops-say/65352546007/,2.154718156727632
loss,nonmember,https://www.ydr.com/story/sports/high-school/basketball-girls/2022/04/28/three-yaiaa-girls-basketball-players-named-to-piaa-all-state-teams/65352253007/,2.023253296309833
loss,nonmember,https://www.ydr.com/story/sports/high-school/track/2022/05/21/district-3-track-and-field/65356540007/,2.512784868638701
loss,nonmember,https://www.ydr.com/story/news/2022/06/27/woman-dies-three-vehicle-crash-hanover-pa/65363667007/,1.6882158408897237
loss,nonmember,https://www.ydr.com/story/sports/college/penn-state/football/2022/04/30/nfl-draft-bears-take-penn-states-jaquan-brisker-in-second-round/65352177007/,2.4906227510420997
loss,nonmember,https://www.ydr.com/story/news/politics/elections/2022/06/23/testimony-rep-scott-perry-pardon-from-donald-trump-election-pennsylvania/65363103007/,1.9516370456502599
loss,nonmember,https://www.ydr.com/story/news/local/2022/07/12/severe-thunderstorms-forecast-in-central-pennsylvania-tuesday/65372125007/,2.48748729067471
loss,nonmember,https://www.ydr.com/story/news/2022/07/28/steve-miller-band-cancels-york-fair-show-because-of-positive-covid-test/65385293007/,2.385671166089059
loss,nonmember,https://www.ydr.com/story/news/politics/2022/04/20/pa-governor-race-2022-gop-candidates-debate-in-gettysburg/65350851007/,2.4340180359057886
loss,nonmember,https://www.ydr.com/story/opinion/2022/09/16/both-pa-candidates-for-governor-agree-on-school-choice/69498441007/,2.7435400138965518
loss,nonmember,https://www.ydr.com/story/news/local/community/2022/06/10/rainbow-rose-center-hosts-york-county-pride-at-cousler-park/65360038007/,2.645621280089543
loss,nonmember,https://www.ydr.com/in-depth/news/politics/elections/2022/08/23/voter-fraud-is-rare-in-pennsylvania-but-allegations-flew-after-2020/65376026007/,2.4314181286691676
loss,nonmember,https://www.ydr.com/story/news/crime/2022/06/27/york-city-police-investigates-homicide-after-man-dies-ot-op/65363658007/,1.5659212518918142
loss,nonmember,https://www.ydr.com/story/sports/high-school/2022/06/13/pa-lawmakers-some-say-girls-cant-compete-against-biological-boys/65359859007/,2.464108474539276
loss,nonmember,https://www.ydr.com/story/news/politics/elections/2022/06/23/pa-house-speaker-bryan-cutler-details-2020-pressure-campaign/65362478007/,2.7583657353505355
loss,nonmember,https://www.ydr.com/story/news/local/2022/07/27/man-dies-forklift-accident-at-jk-salvage-spring-garden-township/65384163007/,1.922336108956831
loss,nonmember,https://www.ydr.com/story/sports/high-school/football/2022/04/13/york-high-quarterback-sam-stoner-gets-division-i-offers-st-francis-towson/65349927007/,2.79165698333626
loss,nonmember,https://www.ydr.com/story/news/2022/04/19/check-out-10-unusual-wedding-venues-in-central-pennsylvania/65349484007/,2.8637767582827234
loss,nonmember,https://www.ydr.com/story/news/politics/elections/2022/06/16/yorkers-react-to-rep-scott-perrys-refusal-to-cooperate-with-jan-6-panel/65359564007/,2.467674055967872
loss,nonmember,https://www.ydr.com/restricted/?return=https%3A%2F%2Fwww.ydr.com%2Fstory%2Fnews%2Fcrime%2F2022%2F04%2F06%2Fmistrial-declared-in-case-of-construction-worker-hit-killed-by-driver%2F65348679007%2F,0.09279081092669027
loss,nonmember,https://www.ydr.com/story/news/2022/05/31/man-dies-suspected-drowning-susquehanna-river-york-pa-memorial-day/65358177007/,1.9952853836546476
loss,nonmember,https://www.ydr.com/story/news/local/2022/05/18/yorktowne-hotel-rooftop-dining-construction-facade-update/65354723007/,3.2496615657241015
loss,nonmember,https://www.ydr.com/story/news/watchdog/2022/04/25/teen-alleges-sexual-abuse-against-ex-york-city-police-officer/65351893007/,2.3729463732880878
loss,nonmember,https://www.ydr.com/story/news/crime/2022/04/28/judge-grants-delay-trial-man-charged-first-degree-murder-dante-mullinix-york/65352473007/,2.4039501966789403
loss,nonmember,https://www.ydr.com/story/sports/college/2022/06/28/ncaa-gymnastics-trinity-thomas-returning-for-fifth-season-at-florida/65364355007/,2.592193321455919
loss,nonmember,https://www.ydr.com/story/news/local/2022/07/06/martin-library-6-million-renovation-completed-in-downtown-york/65367399007/,3.149570313610517
loss,nonmember,https://www.ydr.com/story/news/politics/2022/04/05/heres-why-democrat-john-fetterman-is-touring-in-red-pa-counties/65347627007/,2.3731889932537182
loss,nonmember,https://www.ydr.com/story/news/2022/04/06/stray-goldendoodle-becomes-new-york-revolution-team-dog/65348529007/,3.0007512034343606
loss,nonmember,https://www.ydr.com/restricted/?return=https%3A%2F%2Fwww.ydr.com%2Fstory%2Fsports%2Foutdoors%2F2022%2F05%2F19%2Fmom-appalachian-trail-addiction-jon-mundis-overdose-awareness%2F65352265007%2F,0.09279081092669027
loss,nonmember,https://www.ydr.com/story/news/politics/2022/06/30/pennsylvanias-new-fiscal-year-will-begin-without-a-state-budget/65365334007/,0.2634054481681019
loss,nonmember,https://www.ydr.com/story/news/2022/04/25/man-dies-after-falling-into-the-codorus-creek-in-york-fire-chief-says/65351925007/,2.0796676925429325
loss,nonmember,https://www.ydr.com/story/news/2022/05/30/gda-covid-19-state-2022-05-30-pa-ppyr/65358091007/,0.40764820428093007
loss,nonmember,https://www.ydr.com/story/news/2022/06/20/a-new-apprenticeship-for-young-artists-is-coming-to-york/65361188007/,2.8581180119197263
loss,nonmember,https://www.ydr.com/story/news/local/2022/07/26/york-pa-residents-share-surveillance-cam-footage-of-shaheim-carr-murder-with-police/65378104007/,2.8275281933729706
loss,nonmember,https://www.ydr.com/story/news/local/2022/05/16/see-major-updates-martin-library-york-before-july-grand-opening-teen-space/65354512007/,3.095275943406912
loss,nonmember,https://www.ydr.com/story/news/education/2022/08/29/satanism-event-fundraiser-york-county-pa-after-school-satan-club/65457233007/,2.6993174239225644
loss,nonmember,https://www.ydr.com/story/news/2022/08/04/best-of-the-best-awards-holds-first-gala-honors-york-county-businesses/65391182007/,2.9247299390085058
loss,nonmember,https://www.ydr.com/story/opinion/2022/08/17/come-take-a-seat-in-york-pa-with-the-accomplished-william-c-goodridge/65407358007/,3.0571667748112064
loss,nonmember,https://www.ydr.com/story/news/local/2022/04/11/lawsuit-york-mayor-michael-helfrich-oath-of-office/65349492007/,2.638981700121233
loss,nonmember,https://www.ydr.com/story/news/2022/06/15/dover-solar-farm-approved-in-25-minutes/65361179007/,2.7841474687460974
loss,nonmember,https://www.ydr.com/story/news/local/2022/07/27/hope-fest-returns-to-york-with-hoops-tourney-gas-card-giveaway/65382794007/,2.4557293882894373
loss,nonmember,https://www.ydr.com/story/sports/high-school/lacrosse-boys/2022/05/14/central-york-boys-york-catholic-girls-lacrosse-teams-earn-yaiaa-titles/65355281007/,2.1291567821512896
loss,nonmember,https://www.ydr.com/story/news/crime/2022/07/06/york-city-police-investigating-14th-homicide-tying-last-years-total/65368039007/,2.2094652368001246
loss,nonmember,https://www.ydr.com/story/news/history/2022/04/05/artist-makes-connections-to-chip-away-at-wall-between-york-and-hanover/65348433007/,3.2195943076976032
loss,nonmember,https://www.ydr.com/story/sports/high-school/track/2022/05/14/piaa-track-and-field-laila-campbell-sets-blistering-league-mark-in-100/65355100007/,1.9683419024710431
loss,nonmember,https://www.ydr.com/story/news/local/2022/08/25/interstate-83-reopen-after-queen-street-overpass-struck-exit-16-york/65420277007/,2.375991338503593
loss,nonmember,https://www.ydr.com/story/news/local/2022/04/21/sixth-dover-solar-meeting-brings-new-witness-and-hopeful-decision-date/65351113007/,3.0435235126681834
loss,nonmember,https://www.ydr.com/story/sports/high-school/2022/05/19/susquehannock-delone-catholic-basketball-earns-sportsmanship-scholarships/65356510007/,2.532228439328024
loss,nonmember,https://www.ydr.com/story/sports/college/penn-state/football/2022/08/12/penn-state-football-big-ten-quarterback-jaxon-smolik-james-franklin/65402058007/,2.4540466117393525
loss,nonmember,https://www.ydr.com/restricted/?return=https%3A%2F%2Fwww.ydr.com%2Fstory%2Fnews%2Fcrime%2F2022%2F04%2F01%2Fman-testifies-own-defense-attempted-murder-trial-shooting-north-codorous-township-york-county%2F65347533007%2F,0.09279081092669027
loss,nonmember,https://www.ydr.com/story/news/2022/04/21/david-mccormick-pa-senate-candidate-making-strides-in-gop-primary/65348988007/,2.0651017115900716
loss,nonmember,https://www.ydr.com/story/money/2022/08/31/unemployment-reaches-pre-pandemic-levels-but-consumers-are-more-pessimistic-than-ever/65419897007/,2.4309736126306123
loss,nonmember,https://www.ydr.com/story/sports/high-school/football/2022/09/10/central-pa-high-school-football-scoreboard-yaiaa-scores-week-3-results-highlights-york-high-carlisle/66852753007/,2.4968722505281415
loss,nonmember,https://www.ydr.com/story/news/2022/07/25/peach-bottom-township-pa-man-dies-in-skid-loader-accident/65381471007/,2.369052574173772
loss,nonmember,https://www.ydr.com/story/news/politics/2022/09/12/pa-activists-demand-united-states-house-ethics-investigation-of-rep-scott-perry/66891225007/,2.2507385628603056
loss,nonmember,https://www.ydr.com/story/sports/college/penn-state/football/2022/08/31/penn-state-football-college-football-big-ten-purdue-james-franklin/65462642007/,2.0814730362403693
loss,nonmember,https://www.ydr.com/story/sports/high-school/basketball-boys/2022/07/20/york-countys-kent-olewiler-makes-new-mexico-state-basketball-roster-yaiaa-central-york/65371201007/,2.461265199462713
loss,nonmember,https://www.ydr.com/story/news/2022/07/01/deadly-crash-near-east-berlin-has-claimed-the-life-of-a-fourth-person-coroner-says/65365902007/,2.1039702211701745
loss,nonmember,https://www.ydr.com/story/news/2022/06/15/man-drowns-while-swimming-codorus-state-park-lake-york-pa-coroner-says/65361080007/,2.0133018255317627
loss,nonmember,https://www.ydr.com/story/sports/high-school/2022/06/22/what-will-the-yaiaa-look-like-with-22-teams-here-are-the-new-divisions/65362221007/,1.1231933162825782
loss,nonmember,https://www.ydr.com/story/news/local/2022/08/22/route-30-crash-west-manchester-township-pa-man-dead/65413093007/,1.8985893558263391
loss,nonmember,https://www.ydr.com/story/opinion/2022/09/12/york-day-nursery-turning-90-this-year/69486679007/,2.8875301392739594
loss,nonmember,https://www.ydr.com/story/opinion/2022/06/28/what-would-you-have-done-if-a-freedom-seeker-had-knocked-on-your-door/65364541007/,3.4358721527365246
loss,nonmember,https://www.ydr.com/story/news/2022/04/27/keystone-kidspace-now-open-in-109-year-old-armory/65350228007/,2.746294571385869
loss,nonmember,https://www.ydr.com/story/news/politics/2022/05/10/republican-challengers-vying-to-unseat-saylor-gillespie-and-klunk/65354567007/,2.5240755561357058
loss,nonmember,https://www.ydr.com/story/news/crime/2022/04/28/man-pleads-guilty-animal-cruelty-probation-york-county/65352476007/,1.9242695341612939
loss,nonmember,https://www.ydr.com/story/news/crime/2022/06/09/dasean-morris-sentenced-in-york-murder-of-kyle-hagenbuch-thunderguards-motorcyles/65359290007/,2.181122618404698
loss,nonmember,https://www.ydr.com/story/sports/college/penn-state/football/2022/09/02/penn-state-football-purdue-big-ten-james-franklin-sean-clifford/65465704007/,3.437096540696854
loss,nonmember,https://www.ydr.com/story/news/2022/08/23/5-year-old-girl-woman-fatally-stabbed-at-home-southern-york-county-pa/65414954007/,1.97576709717154
loss,nonmember,https://www.ydr.com/story/news/crime/2022/05/20/u-s-marshals-arrest-york-man-in-fatal-shooting-of-selvin-mcewan/65356641007/,1.860109068305092
loss,nonmember,https://www.ydr.com/story/sports/high-school/lacrosse-girls/2022/04/26/how-these-best-friends-are-driving-york-catholic-lacrosses-title-hopes/65351446007/,2.459447473645889
loss,nonmember,https://www.ydr.com/story/opinion/2022/08/09/big-york-county-birthdays-on-horizon/65396977007/,3.2060407658495635
loss,nonmember,https://www.ydr.com/story/sports/outdoors/2022/08/13/catawissa-recreation-area-off-road-atv-use-riding-created-by-pa-dcnr-paragon-adventure-park/65402298007/,2.535259939737645
loss,nonmember,https://www.ydr.com/story/news/2022/06/14/volunteer-fire-departments-struggle-to-recruit-worry-about-response-times/65353542007/,2.4889526349525974
loss,nonmember,https://www.ydr.com/story/news/2022/06/02/delma-rivera-lytle-york-vying-for-ms-senior-pa-america/65358261007/,2.8334792655568197
loss,nonmember,https://www.ydr.com/story/sports/high-school/lacrosse-boys/2022/06/01/piaa-lacrosse-schedule-results-from-state-championships/65358281007/,1.8324849377862318
loss,nonmember,https://www.ydr.com/story/news/2022/06/21/two-men-from-southwestern-york-county-die-in-maryland-crash/65362339007/,2.1169780238876967
loss,nonmember,https://www.ydr.com/story/news/politics/elections/2022/05/13/two-democrats-seek-party-nomination-in-10th-congressional-district/65355137007/,2.1669332984877614
loss,nonmember,https://www.ydr.com/story/news/crime/2022/04/18/teen-in-fatal-shooting-of-york-high-william-penn-high-school-student-malaki-beady-to-stand-trial/65350077007/,2.2861956635956786
loss,nonmember,https://www.ydr.com/story/sports/college/penn-state/football/2022/09/13/penn-state-football-big-ten-james-franklin-auburn-tigers-sec/69487321007/,2.7621626581953165
loss,nonmember,https://www.ydr.com/story/news/local/2022/04/18/puc-approves-sale-of-york-water-company-to-private-business-pawc/65350202007/,2.6981995593712402
loss,nonmember,https://www.ydr.com/story/sports/2022/07/11/american-ninja-warrior-2022-cf-branden-williams-new-oxford/65362232007/,2.6041355572345353
loss,nonmember,https://www.ydr.com/story/opinion/2022/05/11/pas-low-producing-wells-are-leaking-methane/65353721007/,2.9615748395972172
loss,nonmember,https://www.ydr.com/story/sports/college/penn-state/football/2022/09/14/penn-state-college-football-big-ten-auburn-tigers-in-sec/69487422007/,2.2079228238154993
loss,nonmember,https://www.ydr.com/story/opinion/2022/04/27/kreutz-creek-librarys-former-building-gains-new-life/65352254007/,3.3397523085966037
loss,nonmember,https://www.ydr.com/story/news/local/2022/06/27/lake-williams-dam-excavation-under-way-york-empty-lake-bed-turns-green/65362846007/,3.139178766545286
loss,nonmember,https://www.ydr.com/story/sports/high-school/2022/04/04/select-gametimepa-yaiaa-athletes-of-the-week-for-march-25-to-april-2/65348290007/,2.0716088905951064
loss,nonmember,https://www.ydr.com/story/news/2022/04/18/bill-mcswain-running-for-pa-governor-2022-primary-election/65348986007/,2.1917978999011978
loss,nonmember,https://www.ydr.com/story/news/2022/08/22/york-pa-bans-washing-cars-in-driveways-or-on-streets/65410788007/,2.714366191273574
loss,nonmember,https://www.ydr.com/story/sports/college/2022/04/01/trinity-thomas-leads-florida-into-regional-final-with-pair-of-10s-gymnastics-ncaa/65347723007/,2.8370450430615684
loss,nonmember,https://www.ydr.com/story/sports/high-school/2022/04/11/select-gametimepa-yaiaa-athletes-of-the-week-for-april-4-to-april-9/65349464007/,1.905907847029179
loss,nonmember,https://www.ydr.com/story/news/local/2022/08/30/old-farmers-almanac-predicts-snowy-cold-winter-for-central-pennsylvania/65461359007/,2.218034973487591
loss,nonmember,https://www.ydr.com/story/sports/college/penn-state/2022/05/10/nfl-penn-state-nittany-lions-football-walk-on-drew-hartlaub-to-carolina-panthers/65353082007/,2.7387359220571854
loss,nonmember,https://www.ydr.com/story/news/local/2022/04/20/after-school-satan-club-denied-northern-york-school-board-joy-el-christian-club/65351019007/,2.7615516743690187
loss,nonmember,https://www.ydr.com/restricted/?return=https%3A%2F%2Fwww.ydr.com%2Fin-depth%2Fnews%2F2022%2F06%2F13%2Farts-entertainment-york-county-most-influential-people%2F65351410007%2F,0.12695625464168023
loss,nonmember,https://www.ydr.com/story/opinion/2022/06/07/agnes-left-behind-mud-dead-rats-old-tires-and-all-kinds-of-trash/65359554007/,2.947106890548502
loss,nonmember,https://www.ydr.com/story/news/local/2022/08/22/gifford-pinchot-state-park-suspends-water-activities-in-the-lake/65413407007/,2.5219206455941405
loss,nonmember,https://www.ydr.com/story/news/politics/blogs/ydr-politics/2022/08/16/12-things-to-know-about-u-s-rep-scott-perry-a-focus-of-jan-6-probe/65398484007/,2.6433913988302713
loss,nonmember,https://www.ydr.com/story/sports/college/penn-state/football/2022/09/02/penn-state-football-sean-clifford-joey-porter-purdue-james-franklin-drew-allar/65465541007/,3.0746696917274563
loss,nonmember,https://www.ydr.com/story/news/crime/2022/09/08/virginia-hayden-sentenced-for-husband-thomas-hayden-death-remains-found-in-foodsaver-bag/65466365007/,2.7268651780462445
loss,nonmember,https://www.ydr.com/story/news/2022/06/06/york-county-prison-trainer-joseph-garcia-testified-in-cv-case/65358870007/,2.777131204265819
loss,nonmember,https://www.ydr.com/restricted/?return=https%3A%2F%2Fwww.ydr.com%2Fstory%2Fnews%2Fwatchdog%2F2022%2F05%2F18%2Fson-louis-appell-jr-initiates-civil-rico-case-limited-liability-company-owns-old-mesto-corp-building%2F65355293007%2F,0.09279081092669027
loss,nonmember,https://www.ydr.com/story/news/2022/09/07/congressional-committee-skewers-postal-service-in-philadelphia-meeting-louis-dejoy/65800851007/,2.7017319146499967
loss,nonmember,https://www.ydr.com/story/money/careers/2022/09/13/having-trouble-hiring-penn-mar-might-be-able-to-help/69487345007/,2.603485779887519
loss,nonmember,https://www.ydr.com/restricted/?return=https%3A%2F%2Fwww.ydr.com%2Fin-depth%2Fnews%2F2022%2F06%2F13%2Fsports-york-county-most-influential-athletics-football-gymnastics-swimming%2F65351425007%2F,0.12695625464168023
loss,nonmember,https://www.ydr.com/restricted/?return=https%3A%2F%2Fwww.ydr.com%2Fstory%2Fnews%2Fhistory%2Fgettysburg%2F2022%2F04%2F14%2Fraven-rock-mountain-nuclear-attack-target-doomsday-preppers-worried%2F65349485007%2F,0.09279081092669027
loss,nonmember,https://www.ydr.com/story/opinion/2022/08/31/what-would-you-do-if-you-witnessed-someone-at-risk/65465660007/,3.1456422986770285
loss,nonmember,https://www.ydr.com/restricted/?return=https%3A%2F%2Fwww.ydr.com%2Fstory%2Fmoney%2Fbusiness%2F2022%2F05%2F31%2Fcomings-and-goings-popular-pool-closed-for-summer-market-houses-add-stands%2F65357481007%2F,0.10497148890412288
loss,nonmember,https://www.ydr.com/story/news/religion/2022/04/05/york-county-church-tells-gospel-in-22-year-stained-glass-project/65345285007/,2.7997530726453697
loss,nonmember,https://www.ydr.com/story/opinion/2022/07/20/big-important-york-county-history-cultural-projects-picking-up-steam/65377980007/,3.1519505670205183
loss,nonmember,https://www.ydr.com/story/news/local/2022/08/22/i-83-overpass-york-county-repairs-route-74-bridge/65409148007/,2.4647194975542894
loss,nonmember,https://www.ydr.com/story/news/2022/05/03/dining-out-for-spring-checking-out-revival-social-club-in-york/65350791007/,2.887903912966689
loss,nonmember,https://www.ydr.com/story/news/2022/06/06/northeastern-school-district-offers-students-cdl-training-amid-driver-shortages/65357688007/,2.667504709010197
loss,nonmember,https://www.ydr.com/story/news/2022/07/28/york-state-fair-2022-fried-cauliflower-lolas-waffles-ice-cream/65384751007/,2.852385579365389
loss,nonmember,https://www.ydr.com/story/sports/high-school/football/2022/08/29/central-pa-high-school-football-wil-rider-no-longer-football-coach-hanover-high-school/65462473007/,2.3333751437884964
loss,nonmember,https://www.ydr.com/story/news/2022/06/09/how-the-pandemic-helped-wolfgang-confectioners-rebound-from-bankruptcy-candy-york-pa/65358750007/,2.7359236892485304
loss,nonmember,https://www.ydr.com/story/news/watchdog/2022/05/16/federal-judge-grants-preliminary-injuction-grandmother-2-year-old-dante-mullinix-york/65355837007/,2.32371263019877
loss,nonmember,https://www.ydr.com/story/sports/high-school/2022/04/07/track-and-field-league-has-records-dating-to-1980-and-others-from-2021/65348542007/,2.366060184412376
loss,nonmember,https://www.ydr.com/story/news/2022/06/05/amber-alert-canceled-after-toddler-missing-from-york-county-is-found-safe/65358883007/,2.1866077769861394
loss,nonmember,https://www.ydr.com/restricted/?return=https%3A%2F%2Fwww.ydr.com%2Fin-depth%2Fnews%2F2022%2F06%2F13%2Fbusiness-development-york-county-most-influential-people%2F65351418007%2F,0.12695625464168023
loss,nonmember,https://www.ydr.com/story/news/local/2022/09/06/interstate-83-queen-street-overpass-repairs-cost-up-to-double-after-hits/65467467007/,2.5611446555776536
loss,nonmember,https://www.ydr.com/story/news/2022/06/15/vietnam-veteran-jon-langione-75-finally-got-eastern-york-high-school-diploma/65358492007/,2.646648300047215
loss,nonmember,https://www.ydr.com/story/news/local/2022/05/12/york-county-prison-feasibility-study-competency-restoration-center/65354974007/,2.2012464881471976
loss,nonmember,https://www.ydr.com/restricted/?return=https%3A%2F%2Fwww.ydr.com%2Fstory%2Fnews%2Fcrime%2F2022%2F04%2F12%2Fex-york-ice-arena-general-manager-mike-cleveland-enters-accelerated-rehabilitative-disposition%2F65348922007%2F,0.09279081092669027
loss,nonmember,https://www.ydr.com/story/news/crime/2022/08/26/virginia-man-sentenced-logging-truck-death-hanover-brian-mawyer-eugene-ben-fuhrman/65418220007/,2.345192360454875
loss,nonmember,https://www.ydr.com/story/news/2022/04/25/encore-a-celebration-of-york-county-high-school-musicials-returns/65351061007/,2.3559870217930423
loss,nonmember,https://www.ydr.com/story/sports/college/penn-state/2022/04/11/former-nfl-penn-state-nittany-lion-running-back-gary-brown-dies-of-cancer/65349538007/,2.9624403886138784
loss,nonmember,https://www.ydr.com/story/sports/college/penn-state/football/2022/09/07/penn-state-big-ten-college-football-james-franklin-joey-porter/65475134007/,3.0444653198791265
loss,nonmember,https://www.ydr.com/story/sports/high-school/football/2022/06/23/northeastern-high-school-approves-kirby-brubaker-as-head-football-coach/65362925007/,2.555294992473197
loss,nonmember,https://www.ydr.com/story/news/local/2022/08/31/york-county-judicial-center-closed-today-because-of-cooling-unit-leak/65465478007/,2.578299359146365
loss,nonmember,https://www.ydr.com/restricted/?return=https%3A%2F%2Fwww.ydr.com%2Fin-depth%2Fnews%2F2022%2F06%2F01%2Frevitalization-gentrification-york-pa-salem-square-neighborhood%2F6795644001%2F,0.10497148890412288
loss,nonmember,https://www.ydr.com/story/sports/high-school/football/2022/06/09/york-suburbans-mike-bentivegna-earns-offer-from-st-francis/65359674007/,2.48321980379064
loss,nonmember,https://www.ydr.com/story/sports/high-school/football/2022/04/26/central-york-quarterback-cade-pribula-to-transfer-from-delaware/65352088007/,2.3926433716741196
loss,nonmember,https://www.ydr.com/story/news/2022/07/21/york-state-fair-2022-how-to-beat-the-heat-wave-through-the-weekend/65377927007/,2.2703311642676325
loss,nonmember,https://www.ydr.com/story/news/2022/08/17/york-daily-record-editor-randy-parker-has-left-the-newspaper/65407329007/,2.5982412774575194
loss,nonmember,https://www.ydr.com/story/sports/college/penn-state/football/2022/08/29/penn-state-football-james-franklin-big-ten-purdue-sean-clifford/65461391007/,2.584855219593936
loss,nonmember,https://www.ydr.com/story/entertainment/2022/05/03/choir-choir-choir-event-brings-singing-after-covid-to-appell-center/65352201007/,3.0194574230119997
loss,nonmember,https://www.ydr.com/story/news/local/2022/09/06/long-pine-run-reservoir-in-michaux-state-forest-adams-county-offers-quiet-escape/65466799007/,3.1764495878597128
min_k,member,https://www.ydr.com/story/news/2022/05/02/york-county-will-not-offer-drop-box-for-voters-to-return-mail-ballots/65353056007/,5.918077948272869
min_k,member,https://www.ydr.com/story/news/crime/2022/05/23/dover-township-man-charged-in-shooting-at-the-walmart-in-northern-york-county/65357213007/,5.783866304271626
min_k,member,https://www.ydr.com/restricted/?return=https%3A%2F%2Fwww.ydr.com%2Fstory%2Fnews%2F2022%2F04%2F27%2Fex-york-county-911-employee-discrimination-wrongful-termination-lawsuit%2F65351908007%2F,1.082193715718776
min_k,member,https://www.ydr.com/restricted/?return=https%3A%2F%2Fwww.ydr.com%2Fstory%2Fnews%2F2022%2F06%2F08%2Fthis-small-central-pa-town-grew-like-crazy-during-the-pandemic-mechanicsburg%2F65358412007%2F,0.5295132376078981
min_k,member,https://www.ydr.com/story/opinion/2022/08/23/york-pa-s-market-street-parking-garage-tells-50-year-tale-of-change/65415733007/,8.759590178533317
min_k,member,https://www.ydr.com/story/sports/high-school/lacrosse-girls/2022/05/26/district-3-lacrosse-twin-valley-tops-york-catholic-for-2a-girls-title/65357508007/,6.638936473612199
min_k,member,https://www.ydr.com/story/sports/outdoors/2022/07/19/world-record-butterfly-ray-caught-by-camp-hill-pa-bow-angler-jeremy-gipe/65374856007/,7.447075321674347
min_k,member,https://www.ydr.com/story/news/politics/2022/04/24/primary-election-2022-heres-who-is-running-pa-94th-state-house-seat/65350262007/,6.556436508893967
min_k,member,https://www.ydr.com/story/sports/college/penn-state/football/2022/09/10/penn-state-football-ohio-bobcats-nicholas-singleton-drew-allar-kaytron-allen/66779446007/,7.776515609435453
min_k,member,https://www.ydr.com/story/sports/high-school/2022/06/16/yaiaa-girls-lacrosse-coaches-name-2022-league-all-stars/65361380007/,7.054667461418106
min_k,member,https://www.ydr.com/story/news/2022/07/19/pa-moves-water-quality-and-saving-the-chesapeake-to-the-front-burner/65374281007/,6.652839732751613
min_k,member,https://www.ydr.com/story/news/2022/08/19/harley-davidson-iam-union-new-contract-york-pennsylvania-plant/65410302007/,7.175874421090791
min_k,member,https://www.ydr.com/story/news/crime/2022/05/31/man-sentenced-prison-aggravated-assault-attack-meredith-keltner-north-codorus-township-york-county/65357791007/,6.585567829487202
min_k,member,https://www.ydr.com/story/news/crime/2022/07/26/tyrell-dotson-convicted-of-murder-for-death-of-willmar-santos-batista/65378028007/,7.338231220245361
min_k,member,https://www.ydr.com/restricted/?return=https%3A%2F%2Fwww.ydr.com%2Fstory%2Fsports%2Fhigh-school%2F2022%2F05%2F23%2Fthe-top-baseball-and-softball-players-in-the-district-3-playoffs%2F65356526007%2F,0.4681334398678287
min_k,member,https://www.ydr.com/restricted/?return=https%3A%2F%2Fwww.ydr.com%2Fstory%2Fnews%2Fcrime%2F2022%2F04%2F06%2Fwoman-found-guilty-keeping-remains-grandmother-freezer-social-security-york-county%2F65347682007%2F,0.4681334398678287
min_k,member,https://www.ydr.com/restricted/?return=https%3A%2F%2Fwww.ydr.com%2Fstory%2Fnews%2Fwatchdog%2F2022%2F05%2F11%2Fyork-shooting-tony-wasilewski-2014-not-guilty%2F65350885007%2F,0.4681334398678287
min_k,member,https://www.ydr.com/story/news/2022/05/06/voter-intimidation-delayed-primary-results-possible-pa-official-says/65353837007/,6.832409381866455
min_k,member,https://www.ydr.com/story/news/2022/04/13/pa-state-house-passes-bill-against-trans-girls-in-girls-sports/65349966007/,2.0623194148221353
min_k,member,https://www.ydr.com/story/news/crime/2022/05/03/york-county-police-departments-struggle-to-find-new-and-diverse-hires/65352123007/,7.104810909791426
min_k,member,https://www.ydr.com/story/news/crime/2022/04/14/three-die-two-separate-shootings-york-pa-this-week/65349623007/,5.656136700601289
min_k,member,https://www.ydr.com/story/sports/college/penn-state/football/2022/04/18/penn-state-eric-wilson-journey-nfl-draft-2022/65347360007/,7.768340346217156
min_k,member,https://www.ydr.com/story/news/local/2022/04/15/pennsylvania-supreme-court-suspends-law-license-york-attorney-clarence-allen/65350197007/,6.236879251897335
min_k,member,https://www.ydr.com/story/news/2022/04/21/interstate-81-accident-pa-police-release-names-six-who-died/65351243007/,6.605252992911417
min_k,member,https://www.ydr.com/story/news/2022/06/14/hurricane-agnes-flood-1972-devastated-central-pennsylvania-heavy-rain-flooding/65359285007/,7.020975961220845
min_k,member,https://www.ydr.com/restricted/?return=https%3A%2F%2Fwww.ydr.com%2Fstory%2Fsports%2Fhigh-school%2Ftrack%2F2022%2F05%2F18%2Fpiaa-track-and-field-70-athletes-to-watch-in-district-3-meet%2F65355844007%2F,0.4681334398678287
min_k,member,https://www.ydr.com/story/sports/college/penn-state/football/2022/06/09/penn-state-football-nick-singleton-kaytron-allen-lead-james-franklin/65359587007/,7.388288960528018
min_k,member,https://www.ydr.com/story/news/2022/07/13/left-bank-restaurant-bar-eatery-downtown-york-pa-for-sale/65372564007/,7.074633230077158
min_k,member,https://www.ydr.com/story/sports/high-school/basketball-girls/2022/07/05/new-west-york-and-spring-grove-basketball-york-college-coaches-started-at-same-place/65364925007/,6.884414478143056
min_k,member,https://www.ydr.com/story/news/local/2022/09/16/springettsbury-township-man-dies-25-days-after-2-vehicle-crash/69497262007/,5.871259505932148
min_k,member,https://www.ydr.com/restricted/?return=https%3A%2F%2Fwww.ydr.com%2Fin-depth%2Fsports%2F2022%2F06%2F15%2F22-women-who-changed-york-adams-sports-before-after-title-ix%2F65351069007%2F,0.6400175840086982
min_k,member,https://www.ydr.com/restricted/?return=https%3A%2F%2Fwww.ydr.com%2Fstory%2Fnews%2Fcrime%2F2022%2F04%2F07%2Fman-sentenced-prison-two-deadly-drug-overdoses-york-county%2F65347700007%2F,0.4681334398678287
min_k,member,https://www.ydr.com/story/sports/high-school/football/2022/06/06/central-york-football-players-continue-to-pick-up-division-i-offers/65358420007/,6.681636965183346
min_k,member,https://www.ydr.com/story/news/2022/08/04/york-police-turn-to-the-community-for-ideas-to-reduce-gun-violence/65388415007/,7.1959052952853115
min_k,member,https://www.ydr.com/story/opinion/2022/06/21/york-aauw-at-50-group-resets-for-new-chapter-of-its-story/65362223007/,8.080771650289345
min_k,member,https://www.ydr.com/story/sports/college/penn-state/football/2022/08/08/penn-state-football-coaches-poll-big-ten-james-franklin/65395659007/,6.755400471938284
min_k,member,https://www.ydr.com/story/news/2022/07/27/york-state-fair-ride-inspections-what-you-need-to-know/65382750007/,6.985849383454886
min_k,member,https://www.ydr.com/story/news/local/2022/07/11/york-state-fair-july-22-31-details-admission-tickets-parking-hours-and-more/65364021007/,6.985657987140474
min_k,member,https://www.ydr.com/story/news/2022/07/12/rep-scott-perry-proud-boys-leader-zachary-rehl-implicated-jan-6-testimony/65372007007/,5.921424399583768
min_k,member,https://www.ydr.com/story/sports/high-school/track-girls/2022/06/21/laila-campbell-wins-100-meter-dash-at-new-balance-nationals/65362272007/,6.374056935310364
min_k,member,https://www.ydr.com/story/sports/college/penn-state/football/2022/09/08/penn-state-big-ten-and-college-football-ohio-james-franklin/65742707007/,6.629132628013584
min_k,member,https://www.ydr.com/story/news/2022/04/06/lake-williams-dam-built-in-1911-is-being-demolished/65348530007/,7.7686385574011965
min_k,member,https://www.ydr.com/story/news/2022/06/22/rich-wurzbach-of-mrg-labs-invented-a-blood-test-for-machines/65352146007/,7.408715389925858
min_k,member,https://www.ydr.com/story/news/2022/06/30/child-found-dead-pool-campground-southern-york-county-pa-after-going-missing/65365256007/,6.341994070425266
min_k,member,https://www.ydr.com/story/news/local/2022/06/23/judge-rules-favor-york-mayor-michael-helfrich-over-oath-office-henry-nixon/65363082007/,7.058192241191864
min_k,member,https://www.ydr.com/story/news/2022/05/12/jan-6-panel-subpoenas-us-rep-scott-perry/65355153007/,2.9811680517351826
min_k,member,https://www.ydr.com/story/news/2022/07/25/mechanicsburg-man-dies-in-two-vehicle-crash-in-dover-township-police-say/65382145007/,5.578529902224271
min_k,member,https://www.ydr.com/story/sports/college/penn-state/football/2022/09/06/penn-state-college-football-big-ten-ohio-james-franklin-nick-singleton/65474170007/,8.084682563940683
min_k,member,https://www.ydr.com/story/sports/high-school/2022/05/23/district-3-volleyball-results-scores-from-class-3a-2a-tournaments/65357229007/,5.20569406872365
min_k,member,https://www.ydr.com/restricted/?return=https%3A%2F%2Fwww.ydr.com%2Fin-depth%2Fnews%2F2022%2F06%2F13%2Fphilanthropy-nonprofits-york-county-most-influential-people-charity-giving%2F65352045007%2F,0.6400175840086982
min_k,member,https://www.ydr.com/story/news/local/2022/09/09/tech-company-buys-york-continental-square-citizens-bank-property/67309566007/,7.972276270389557
min_k,member,https://www.ydr.com/story/news/politics/elections/2022/07/03/protesters-at-york-rally-want-scott-perry-gone-from-congress/65366404007/,6.490003383942764
min_k,member,https://www.ydr.com/restricted/?return=https%3A%2F%2Fwww.ydr.com%2Fstory%2Fnews%2F2022%2F04%2F21%2Fyork-restaurant-inspections-one-out-of-compliance%2F65350038007%2F,0.4681334398678287
min_k,member,https://www.ydr.com/story/news/2022/05/02/yorks-mothers-day-street-fair-was-canceled-but-theres-an-alternative-alexandria-keener-beaver-street/65352175007/,7.157434808202536
min_k,member,https://www.ydr.com/story/sports/high-school/baseball/2022/06/02/district-3-baseball-east-pennsboro-beats-littlestown-for-4a-title/65358498007/,6.532926322877869
min_k,member,https://www.ydr.com/restricted/?return=https%3A%2F%2Fwww.ydr.com%2Fstory%2Fnews%2Fwatchdog%2F2022%2F05%2F03%2Fmedical-marijuana-zero-tolerance-dui-pennsylvania%2F65352215007%2F,0.4681334398678287
min_k,member,https://www.ydr.com/story/news/2022/07/18/york-state-fair-2022-guide-to-what-to-eat/65373031007/,7.910438559534475
min_k,member,https://www.ydr.com/story/opinion/columnists/2022/05/17/reporter-katia-parks-shares-insights-to-york-pa-violence/65350927007/,7.222159800591407
min_k,member,https://www.ydr.com/story/sports/high-school/football/2022/05/10/jon-scepanski-leaves-northeastern-to-take-conestoga-valley-football-job/65354649007/,6.270927136284964
min_k,member,https://www.ydr.com/story/news/2022/07/06/pennsylvania-residents-among-those-arrested-u-s-capitol-insurrection/4331778001/,6.551112576949695
min_k,member,https://www.ydr.com/story/news/politics/2022/05/18/jeff-piccola-chairman-of-york-county-gop-resigns/65356063007/,6.879581985473632
min_k,member,https://www.ydr.com/story/news/2022/05/17/york-county-2022-democratic-republican-primary-race-results-today/65355341007/,5.903046713935004
min_k,member,https://www.ydr.com/story/sports/high-school/football/2022/09/13/sam-stoner-jahiem-white-closing-in-on-york-high-william-penn-football-records/69487731007/,6.8145135573621065
min_k,member,https://www.ydr.com/story/news/2022/08/10/fat-daddys-nightclub-closes-auctioning-off-everything-in-york-pa-springettsbury/65395677007/,7.737707732559799
min_k,member,https://www.ydr.com/story/sports/college/penn-state/football/2022/04/28/greatest-penn-state-catches-receivers-jahan-dotson-jameson-williams/65352118007/,7.457291390746832
min_k,member,https://www.ydr.com/story/opinion/2022/07/26/these-key-projects-would-boost-quality-of-life-in-york-county/65383602007/,8.271544223056413
min_k,member,https://www.ydr.com/story/news/2022/04/27/congressman-scott-perry-new-text-reveals-more-about-attempt-to-change-2020-presidential-election-res/65352246007/,6.220587346864783
min_k,member,https://www.ydr.com/story/news/2022/09/08/the-best-dive-bars-in-york-county-pa-here-are-6-to-check-out/65475324007/,8.00503398772867
min_k,member,https://www.ydr.com/story/news/crime/2022/07/12/jaquez-brown-suspect-york-murder-shaheim-carr-recently-freed-prison/65371037007/,6.94396259265239
min_k,member,https://www.ydr.com/restricted/?return=https%3A%2F%2Fwww.ydr.com%2Fstory%2Fnews%2F2022%2F06%2F07%2Fnew-species-yorkicystis-haefneri-discovered-dig-fossils-york-pa%2F65357621007%2F,0.5295132376078981
min_k,member,https://www.ydr.com/story/sports/high-school/football/2022/05/31/west-yorks-terry-bupp-elected-to-pennsylvania-football-coaches-hall-of-fame/65357624007/,6.783921069019246
min_k,member,https://www.ydr.com/story/sports/high-school/basketball-boys/2022/05/03/piaa-schools-vote-against-adding-a-shot-clock-to-high-school-basketball/65353578007/,6.908287357561516
min_k,member,https://www.ydr.com/story/news/2022/06/29/the-haines-shoe-house-in-york-county-will-become-an-airbnb/65364374007/,6.8869628218504095
min_k,member,https://www.ydr.com/story/news/2022/05/04/meltdown-three-mile-island-airs-on-netflix/65353510007/,7.318873277644522
min_k,member,https://www.ydr.com/story/opinion/2022/09/06/restoring-yorks-potters-field-do-it-yourself-urbanism/65474708007/,8.16775187705327
min_k,member,https://www.ydr.com/story/news/2022/04/07/central-pennsylvania-to-receive-rain-today-national-weather-service-says/65348821007/,7.068038070903105
min_k,member,https://www.ydr.com/story/news/2022/05/16/severe-thunderstorm-watch-issued-central-pa-tornado-possible/65355765007/,6.396439603857092
min_k,member,https://www.ydr.com/story/news/politics/2022/04/11/dr-oz-senate-campaign-trump-endorsement/65349165007/,6.70630263113508
min_k,member,https://www.ydr.com/story/sports/college/penn-state/football/2022/04/29/nfl-draft-washington-commanders-penn-states-receiver-jahan-dotson-in-first-round/65352135007/,7.413953469469656
min_k,member,https://www.ydr.com/story/sports/college/penn-state/2022/04/24/penn-state-james-franklin-sean-clifford-lead-psu-at-blue-white-game/65351312007/,7.527785319907992
min_k,member,https://www.ydr.com/story/sports/college/penn-state/2022/04/23/penn-state-football-blue-white-game-with-james-franklin-drew-allar/65351234007/,7.587134178394058
min_k,member,https://www.ydr.com/story/news/crime/2022/06/15/spring-garden-township-man-charged-with-fatally-stabbing-pregnant-woman-in-york-in-may/65361137007/,5.904470973310217
min_k,member,https://www.ydr.com/story/sports/high-school/basketball-girls/2022/07/11/gettysburg-star-named-gametimepa-yaiaa-girls-athlete-of-the-year/65370388007/,6.756004896360574
min_k,member,https://www.ydr.com/story/sports/high-school/2022/05/23/select-gametimepa-yaiaa-athletes-of-the-week-for-may-16-to-may-21/65357145007/,6.720442136128743
min_k,member,https://www.ydr.com/story/news/2022/05/09/york-county-bakery-collects-donations-to-support-ukrainian-refugees/65353063007/,6.7293291363289685
min_k,member,https://www.ydr.com/story/news/2022/04/12/white-clover-farm-stand-in-hellam-spurred-by-pandemic-food-supply-issues/65347398007/,7.458793104187516
min_k,member,https://www.ydr.com/story/sports/high-school/football/2022/08/27/yaiaa-football-week-1-york-high-loses-thriller-central-york-gets-big-win/65457937007/,7.071956399437431
min_k,member,https://www.ydr.com/story/sports/college/penn-state/football/2022/08/29/penn-state-football-big-ten-purdue-boilermakers-nick-singleton/65461401007/,8.033771568415116
min_k,member,https://www.ydr.com/story/news/local/2022/06/22/central-pa-braces-severe-thunderstorms-across-states-md-dc-wva-va-wednesday-evening-9-pm/65362654007/,6.881216219493321
min_k,member,https://www.ydr.com/story/news/crime/2022/06/20/york-pa-woman-sentenced-hiding-grandmother-body-freezer-social-security/65361623007/,7.501253942525165
min_k,member,https://www.ydr.com/story/news/local/2022/05/26/veterans-memorial-gold-star-garden-memorial-day-event-honoring-wwi-kia/65354618007/,7.480718913739615
min_k,member,https://www.ydr.com/story/news/crime/2022/04/15/man-dies-after-being-shot-during-fight-outside-home-in-adams-county/65350257007/,6.9535022311740455
min_k,member,https://www.ydr.com/story/news/local/2022/07/29/multiple-casualties-chanceford-township-crash-york-county-traffic-collision/65386614007/,5.963428002684863
min_k,member,https://www.ydr.com/story/opinion/2022/05/03/new-life-for-hanover-trolley-rails/65353555007/,7.835930081813232
min_k,member,https://www.ydr.com/story/news/2022/05/13/infant-found-dead-east-berlin-mother-ashley-decker-charged/65355254007/,5.970126987217429
min_k,member,https://www.ydr.com/story/news/local/2022/07/18/reverend-adrian-boxley-appointed-york-city-district-justice-by-state/65371722007/,7.471876004467839
min_k,member,https://www.ydr.com/story/news/2022/05/03/give-local-york-24-hours-of-fundraising-right-around-the-corner/65353091007/,8.15007362827178
min_k,member,https://www.ydr.com/story/news/nation/2022/07/06/michael-lopatic-of-lancaster-dead-one-year-after-insurrection-arrest/65367853007/,6.228903616175932
min_k,member,https://www.ydr.com/story/sports/high-school/football/2022/08/27/central-pa-high-school-football-yaiaa-scores-results-highlights-from-week-1/65419140007/,6.772915137608846
min_k,member,https://www.ydr.com/story/news/2022/09/12/pa-drivers-will-get-new-licenses-with-enhanced-security-features/69486893007/,5.872615011370912
min_k,member,https://www.ydr.com/story/sports/college/penn-state/football/2022/09/10/penn-state-football-score-vs-ohio-university-bobcats-big-ten-nick-singleton/66758652007/,7.580382829016828
min_k,member,https://www.ydr.com/story/news/crime/2022/05/23/murder-suicide-deadly-shooting-gunfire-mar-weekend-in-york-county/65356861007/,5.917150147259235
min_k,member,https://www.ydr.com/story/opinion/2022/04/12/2-century-old-st-paul-lebanon-lutheran-church-illustrates-easter-message/65349861007/,7.872381715607225
min_k,member,https://www.ydr.com/story/opinion/2022/04/19/100-year-old-catholic-womans-club-in-york-draws-strength-from-its-past/65350914007/,8.034559442182628
min_k,member,https://www.ydr.com/story/sports/high-school/baseball/2022/06/09/piaa-baseball-delone-catholic-tops-schuylkill-haven-to-reach-2a-semis/65359966007/,6.63075043124403
min_k,member,https://www.ydr.com/story/news/crime/2022/05/26/york-county-district-attorney-drops-charges-co-defendant-attack-north-codorus-township/65357291007/,6.22628594878921
min_k,member,https://www.ydr.com/story/sports/college/penn-state/football/2022/08/07/penn-state-football-3-things-to-learn-about-2022-big-ten-season/65393638007/,7.188482941592418
min_k,member,https://www.ydr.com/story/sports/college/penn-state/football/2022/06/02/drew-hartlaub-hanover-leaves-carolina-panthers-injury-concussions/65358206007/,7.210788824025867
min_k,member,https://www.ydr.com/restricted/?return=https%3A%2F%2Fwww.ydr.com%2Fstory%2Fnews%2F2022%2F05%2F10%2Fcould-mental-health-experts-prevented-killing-of-lebanon-police-lt-william-lebo%2F65352523007%2F,0.4681334398678287
min_k,member,https://www.ydr.com/restricted/?return=https%3A%2F%2Fwww.ydr.com%2Fstory%2Fsports%2Fhigh-school%2F2022%2F05%2F24%2Fnil-name-image-likeness-deals-could-be-headed-piaa-what-it-means-pa-high-school%2F65354558007%2F,0.5248051086730455
min_k,member,https://www.ydr.com/story/news/2022/05/24/brian-korte-york-haven-lynwood-nester-dillsburg-charged-capitol-riots/65357319007/,7.490748741409996
min_k,member,https://www.ydr.com/story/opinion/2022/06/23/trovestreet-a-new-way-to-learn-about-aging-in-york-county/65362833007/,7.14006340265274
min_k,member,https://www.ydr.com/story/opinion/2022/05/11/mifflin-house-preservation-latest-land-use-battle-in-eastern-york-county/65354943007/,7.930188849483541
min_k,member,https://www.ydr.com/story/news/2022/08/02/pennsylvania-turnpike-tolls-increase-by-5-percent-january-e-zpass-pa-turnpike-hike/65389692007/,5.837741149369107
min_k,member,https://www.ydr.com/story/sports/college/penn-state/football/2022/08/02/psu-football-games-nittany-lions-james-franklin-sean-clifford/65385455007/,7.789957366206429
min_k,member,https://www.ydr.com/restricted/?return=https%3A%2F%2Fwww.ydr.com%2Fstory%2Fnews%2Fwatchdog%2F2022%2F04%2F20%2Fc-sau-prison-trainer-testifies-unemployed-exaggerated-business-jospha-garcia%2F65350079007%2F,0.4681334398678287
min_k,member,https://www.ydr.com/restricted/?return=https%3A%2F%2Fwww.ydr.com%2Fstory%2Fsports%2Fhigh-school%2Fbaseball%2F2022%2F04%2F13%2Fhigh-school-sports-baseball-at-york-high-in-the-yaiaa-puerto-rico%2F65345438007%2F,0.4681334398678287
min_k,member,https://www.ydr.com/restricted/?return=https%3A%2F%2Fwww.ydr.com%2Fstory%2Fnews%2Fcrime%2F2022%2F05%2F06%2Fmothers-day-struggle-for-those-who-have-lost-children-parents%2F65353690007%2F,0.4681334398678287
min_k,member,https://www.ydr.com/story/sports/2022/05/05/toronto-blue-jays-call-up-delone-catholic-grad-casey-lawrence/65353814007/,6.104114330990214
min_k,member,https://www.ydr.com/story/news/politics/elections/2022/05/26/politico-mark-meadows-burned-papers-after-meeting-with-scott-perry/65357627007/,6.16887370745341
min_k,member,https://www.ydr.com/story/sports/high-school/2022/04/25/select-gametimepa-yaiaa-athletes-of-the-week-for-april18-to-april-23/65351891007/,7.142410025304677
min_k,member,https://www.ydr.com/story/news/2022/04/08/york-county-food-bank-is-moving-its-operations-out-of-the-former-kmart-store/65348695007/,6.469085976481438
min_k,member,https://www.ydr.com/story/opinion/2022/05/23/pas-farmers-municipalities-pay-for-legislatures-inaction-on-clean-water/65357214007/,7.167213465653214
min_k,member,https://www.ydr.com/restricted/?return=https%3A%2F%2Fwww.ydr.com%2Fstory%2Fnews%2Flocal%2F2022%2F06%2F13%2Ftasalina-young-memory-daughter-dyamond-helps-others-in-york-pa%2F65356517007%2F,0.6400175840086982
min_k,member,https://www.ydr.com/story/news/local/2022/07/18/pa-backing-historic-small-restaurants-grant-awarded-harmony-inn/65371204007/,8.005887895435482
min_k,member,https://www.ydr.com/story/news/2022/04/20/senator-jake-corman-eyes-pa-governors-office-after-23-years-in-dc/65348987007/,6.584267971466999
min_k,member,https://www.ydr.com/story/news/2022/06/30/cheap-gas-what-is-e15-unleaded-88-and-e85-is-it-safe-to-use-in-cars-boats-vehicles-sheetz/65364424007/,6.71105629032098
min_k,member,https://www.ydr.com/restricted/?return=https%3A%2F%2Fwww.ydr.com%2Fstory%2Fnews%2F2022%2F04%2F07%2Fpa-speed-cameras-work-zones-tickets-tossed-after-error-found%2F65345082007%2F,0.4681334398678287
min_k,member,https://www.ydr.com/story/sports/high-school/2022/05/09/select-gametimepa-yaiaa-athletes-of-the-week-formay-2-to-may-7/65354485007/,7.505495664808485
min_k,member,https://www.ydr.com/story/sports/high-school/softball/2022/07/06/piaa-softball-coaches-select-states-top-players/65365518007/,7.382583682965009
min_k,member,https://www.ydr.com/story/sports/high-school/football/2022/08/22/central-pa-football-schedule-scores-york-adams-2022-season/65409218007/,4.607833685413484
min_k,member,https://www.ydr.com/story/sports/college/2022/03/31/ncaa-gymnastic-regionals-how-to-watch-the-action-from-4-competitions/65347499007/,6.680925419456081
min_k,member,https://www.ydr.com/story/news/2022/07/29/one-killed-building-collapse-adams-county-central-pa-farm-state-police-say/65386328007/,6.816860036849976
min_k,member,https://www.ydr.com/story/news/2022/09/14/pa-residents-with-criminal-records-could-get-help/69491572007/,7.203914486059622
min_k,member,https://www.ydr.com/story/news/crime/2022/05/18/york-city-police-investigating-womans-overnight-death-as-homicide/65356359007/,6.541732189390395
min_k,member,https://www.ydr.com/restricted/?return=https%3A%2F%2Fwww.ydr.com%2Fstory%2Fnews%2F2022%2F04%2F21%2Fcomings-and-goings-eco-friendly-store-opens-in-york-coffee-shop-closes%2F65351060007%2F,0.4681334398678287
min_k,member,https://www.ydr.com/restricted/?return=https%3A%2F%2Fwww.ydr.com%2Fstory%2Fnews%2F2022%2F05%2F11%2Fthe-york-and-adams-county-real-estate-markets-are-still-pretty-hot%2F65354554007%2F,0.4681334398678287
min_k,member,https://www.ydr.com/story/news/local/2022/09/06/fall-festivals-and-family-friendly-activities-in-york-county/65419910007/,6.670518826368147
min_k,member,https://www.ydr.com/story/sports/high-school/2022/04/18/select-gametimepa-yaiaa-athletes-of-the-week-for-april-11-16/65350764007/,7.188036334757903
min_k,member,https://www.ydr.com/story/news/2022/04/26/man-dies-after-falling-into-the-codorus-creek-in-york-fire-chief-says/65351925007/,5.998983505525087
min_k,member,https://www.ydr.com/story/news/local/2022/08/04/children-injured-in-deadly-amish-tractor-crash-york-county-remain-in-hospital/65390689007/,6.476576591149355
min_k,member,https://www.ydr.com/story/news/crime/2022/04/18/york-school-district-chad-gerrick-pleads-guilty-disorderly-conduct/65350765007/,6.014521505318436
min_k,member,https://www.ydr.com/story/news/local/2022/05/05/york-city-council-brings-crown-act-to-board-for-hair-discrimination/65353633007/,7.060573409153865
min_k,member,https://www.ydr.com/story/sports/high-school/wrestling/2022/05/05/dave-gable-steps-down-as-dallastown-wrestling-coach-after-25-years/65353876007/,6.875796937409726
min_k,member,https://www.ydr.com/story/news/crime/2022/05/25/former-north-york-tax-collector-keith-ramsay-rejected-veterans-wellness-court/65356693007/,6.891080297604955
min_k,member,https://www.ydr.com/story/sports/high-school/volleyball-boys/2022/06/01/piaa-boys-volleyball-results-matchups/65358273007/,4.972862341243369
min_k,member,https://www.ydr.com/story/news/2022/08/02/the-community-responds-to-help-an-amish-family-touched-by-tragedy/65388394007/,7.211428217237042
min_k,member,https://www.ydr.com/story/news/politics/2022/04/07/kenyatta-running-for-senate-because-the-status-quo-will-not-save-us/65348457007/,6.77670714917121
min_k,member,https://www.ydr.com/restricted/?return=https%3A%2F%2Fwww.ydr.com%2Fstory%2Fnews%2Fcrime%2F2022%2F05%2F09%2Fhearing-joe-fitzpatrick-iii-first-degree-murder-second-trial-york-county%2F65353970007%2F,0.4681334398678287
min_k,member,https://www.ydr.com/story/news/2022/05/18/shamaine-daniels-wins-democratic-nomination-to-face-scott-perry-us-congress/65355455007/,6.495688749644571
min_k,member,https://www.ydr.com/story/news/local/2022/06/22/adams-county-crash-leaves-three-dead-pa-police-say/65362619007/,7.075301508108775
min_k,member,https://www.ydr.com/restricted/?return=https%3A%2F%2Fwww.ydr.com%2Fstory%2Fsports%2Fhigh-school%2Ftrack%2F2022%2F05%2F19%2Fpiaa-track-and-field-70-athletes-to-watch-in-district-3-meet%2F65355844007%2F,0.4681334398678287
min_k,member,https://www.ydr.com/story/news/crime/2022/08/25/york-county-pa-da-says-shooting-after-wedding-self-defense/65415627007/,6.458715443708459
min_k,member,https://www.ydr.com/story/sports/college/penn-state/football/2022/06/28/penn-state-football-james-franklin-recruits-southern-players-from-alabama-al-florida-fla/65362631007/,6.854429757758362
min_k,member,https://www.ydr.com/restricted/?return=https%3A%2F%2Fwww.ydr.com%2Fstory%2Fnews%2F2022%2F06%2F02%2Fafter-a-long-two-years-heres-where-summer-festivals-in-central-pa-stand-in-2022%2F65352431007%2F,0.4183353253980525
min_k,member,https://www.ydr.com/story/news/2022/05/03/encore-a-celebration-of-york-county-high-school-musicials-returns/65351061007/,6.903763982714439
min_k,member,https://www.ydr.com/story/news/local/2022/07/05/electric-wooden-tour-boat-chief-uncus-launched-in-susquehanna-river-york-county/65365534007/,7.608682458080462
min_k,member,https://www.ydr.com/story/news/fixing-york/2022/09/01/redevelopment-plans-for-south-george-street-post-office-sought/65468307007/,7.407418952268713
min_k,member,https://www.ydr.com/story/sports/high-school/volleyball-boys/2022/07/08/piaa-district-3-13-yaiaa-players-named-boys-volleyball-all-stars/65368955007/,7.03592466933565
min_k,member,https://www.ydr.com/story/sports/high-school/football/2022/09/17/yaiaa-football-scores-from-week-4-dallastown-central-york-earn-wins/69496327007/,6.681807974694481
min_k,member,https://www.ydr.com/story/sports/high-school/football/2022/05/18/central-yorks-cade-pribula-transfers-from-delaware-to-sacred-heart/65355912007/,6.3267700334309565
min_k,member,https://www.ydr.com/story/news/local/2022/09/15/vandals-damaged-a-welcome-to-york-gateway-water-company-will-fix-it/69492561007/,7.133878982230408
min_k,member,https://www.ydr.com/story/news/local/2022/07/13/christmas-smile-in-july-offers-free-food-gifts-and-more-in-york/65371977007/,7.465183979586551
min_k,member,https://www.ydr.com/story/news/crime/2022/09/07/strada-brothers-sentence-in-whispering-wind-bear-spirit-shooting-death/65466363007/,6.432744464655032
min_k,member,https://www.ydr.com/story/opinion/2022/07/05/years-after-civil-war-york-surrendered-a-second-time-to-confederates/65367339007/,8.387116376799767
min_k,member,https://www.ydr.com/story/news/politics/elections/2022/08/24/scott-perry-sues-department-of-justice-block-access-cellphone-jan-6-probe/65418234007/,6.9899053149753145
min_k,member,https://www.ydr.com/story/news/2022/05/23/york-state-fair-2022-what-to-expect-concerts-prices-heroes-hall/65355495007/,6.911939557260661
min_k,member,https://www.ydr.com/story/sports/high-school/2022/07/15/nil-name-age-likeness-policy-pa-high-school-athletes-1-step-closer-to-deals-heres-how/65373478007/,6.593289660555976
min_k,member,https://www.ydr.com/story/sports/high-school/track/2022/05/20/district-3-track-and-field-results-from-day-1-in-shippensburg/65356535007/,6.852704987191317
min_k,member,https://www.ydr.com/story/news/crime/2022/08/19/former-york-city-police-officer-charged-sexual-abuse-teen-joseph-palmer/65411308007/,6.314559691991562
min_k,member,https://www.ydr.com/story/news/health/2022/08/23/wellspan-health-celebrates-ecmo-survivors/65410594007/,6.765707629521688
min_k,member,https://www.ydr.com/story/news/politics/elections/2022/07/20/u-s-rep-scott-perry-votes-in-favor-of-bill-to-protect-gay-marriage/65378069007/,6.659909352827608
min_k,member,https://www.ydr.com/story/sports/high-school/football/2022/07/11/dallastown-star-named-gametimepa-yaiaa-boys-athlete-of-the-year/65368843007/,7.012052770905894
min_k,member,https://www.ydr.com/story/sports/college/penn-state/football/2022/09/13/penn-state-big-ten-college-football-auburn-tigers-sec-drew-allar/69486532007/,7.546480478662433
min_k,member,https://www.ydr.com/story/opinion/2022/04/26/sen-regan-we-will-not-allow-satan-into-northern-york-county-schools/65352053007/,7.701079519171464
min_k,member,https://www.ydr.com/story/opinion/2022/05/24/southcentral-pa-teachers-influence-lasts-a-lifetime/65357368007/,7.891702902587977
min_k,member,https://www.ydr.com/story/news/politics/2022/04/24/primary-election-2022-47th-pa-state-house-seat-contested-republican-ticket/65350261007/,7.730117461260627
min_k,member,https://www.ydr.com/story/news/2022/04/12/easter-traditions-in-central-pa-include-pysanky-eggs-and-easter-bread/65348709007/,7.527790686071391
min_k,member,https://www.ydr.com/restricted/?return=https%3A%2F%2Fwww.ydr.com%2Fstory%2Fnews%2Flocal%2F2022%2F04%2F20%2Fcan-after-school-satan-club-sue-northern-york-school-district-lucien-greaves%2F65351105007%2F,0.4681334398678287
min_k,member,https://www.ydr.com/story/sports/high-school/2022/09/12/yaiaa-sports-select-athletes-of-the-week-for-sept-5-to-sept-10/69487037007/,7.927953710743025
min_k,member,https://www.ydr.com/story/news/2022/04/20/more-than-21000-tulips-are-near-full-bloom-at-hershey-gardens/65350850007/,7.667809494754724
min_k,member,https://www.ydr.com/story/news/local/2022/09/01/gas-prices-drop-below-4-dollars-gallon-at-some-stations-in-york-county/65466343007/,6.293810508562171
min_k,member,https://www.ydr.com/story/news/2022/06/13/christmas-assault-victim-barbara-laughman-west-manchester-township-encompass-health/65360603007/,6.303203118814005
min_k,member,https://www.ydr.com/story/sports/college/penn-state/football/2022/04/12/penn-state-football-nittany-lions-add-demeioun-robinson-maryland-linebacker/65349874007/,6.781775076677845
min_k,member,https://www.ydr.com/restricted/?return=https%3A%2F%2Fwww.ydr.com%2Fstory%2Fnews%2F2022%2F05%2F09%2Fwestinghouse-atom-smasher-rots-away-in-a-pennsylvania-neighborhood%2F65352649007%2F,0.4681334398678287
min_k,member,https://www.ydr.com/story/news/watchdog/2022/05/20/pennsylvania-supreme-court-denies-request-appeal-york-county-prison-corrections-officers-taunting/65356543007/,6.921154576189378
min_k,member,https://www.ydr.com/story/sports/high-school/2022/05/27/piaa-track-and-field-chambersburgs-j-j-kelly-wins-triple-jump-title/65357639007/,7.093713148520411
min_k,member,https://www.ydr.com/story/sports/college/penn-state/football/2022/07/21/penn-state-football-sexual-extortion-student-athletes-police/65377756007/,6.432653462014547
min_k,member,https://www.ydr.com/story/sports/high-school/football/2022/06/10/york-catholic-hires-longtime-assistant-brad-hayek-as-head-football-coach/65360074007/,6.731678104004919
min_k,member,https://www.ydr.com/story/news/crime/2022/04/06/pennsylvania-superior-court-permission-appeal-ex-southwestern-regional-police-officer-shooting/65348674007/,6.525814685821533
min_k,member,https://www.ydr.com/story/sports/college/penn-state/football/2022/09/01/penn-state-purdue-boilermakers-big-ten-live-scoring-updates/65465506007/,7.264773438026855
min_k,member,https://www.ydr.com/story/news/health/2022/04/01/a-night-to-remember-those-lost-by-covid-with-1488-luminaries-in-york/65347724007/,7.854867915953359
min_k,member,https://www.ydr.com/story/news/crime/2022/09/13/one-dead-one-injured-in-reported-stabbing-in-springettsbury-township/69492968007/,5.985084932425926
min_k,member,https://www.ydr.com/story/sports/college/penn-state/football/2022/05/09/penn-state-nittany-lions-football-dani-dennis-sutton-defensive-lineman/65352114007/,7.6355998876932505
min_k,member,https://www.ydr.com/story/news/crime/2022/08/08/5-people-found-unconscious-two-now-dead-in-york-county-pa-home/65396070007/,6.008705248151506
min_k,member,https://www.ydr.com/restricted/?return=https%3A%2F%2Fwww.ydr.com%2Fstory%2Fsports%2Fhigh-school%2Fbaseball%2F2022%2F05%2F24%2Fyork-high-baseball-dominican-republic-puerto-rico-york-revolution%2F65355801007%2F,0.5248051086730455
min_k,member,https://www.ydr.com/restricted/?return=https%3A%2F%2Fwww.ydr.com%2Fstory%2Fnews%2Fwatchdog%2F2022%2F04%2F14%2Frobert-vicosa-murder-suicide-timeline-events-transparency%2F65349570007%2F,0.4681334398678287
min_k,member,https://www.ydr.com/story/news/2022/08/25/fundraiser-christine-fousek-rylee-reynolds-stewartstown-york-county/65419562007/,6.553515808002369
min_k,member,https://www.ydr.com/story/sports/high-school/football/2022/09/02/central-pennsylvania-high-school-football-scoreboard-see-which-york-adams-teams-won-in-week-2/65468092007/,6.799187393749461
min_k,member,https://www.ydr.com/story/sports/college/penn-state/football/2022/04/29/nfl-draft-penn-state-football-arnold-ebiketie-atlanta-falcons/65352157007/,7.064959072244578
min_k,member,https://www.ydr.com/story/news/2022/09/14/trans-siberian-orchestra-to-perform-2-concerts-in-hershey-in-december/69491582007/,6.0683161687850955
min_k,member,https://www.ydr.com/story/news/crime/2022/09/14/one-dead-one-injured-in-reported-stabbing-in-springettsbury-township/69492968007/,5.824921118034111
min_k,member,https://www.ydr.com/story/news/politics/elections/2022/08/17/democrat-shamaine-daniels-poll-shows-lead-over-rep-scott-perry/65404028007/,7.310012225645134
min_k,member,https://www.ydr.com/story/news/2022/05/18/york-county-2022-democratic-republican-primary-race-results-today/65355341007/,5.903046713935004
min_k,member,https://www.ydr.com/story/news/crime/2022/09/13/york-county-coroner-identifies-man-who-died-after-weekend-shooting-in-city/69491367007/,5.536159992218018
min_k,member,https://www.ydr.com/story/news/crime/2022/04/27/man-pleads-no-contest-third-degree-murder-deadly-shooting-west-manheim-township-york-county/65352283007/,6.320689520110255
min_k,member,https://www.ydr.com/story/news/crime/2022/05/26/former-northern-york-county-regional-police-chief-facing-dui-charges/65357632007/,6.9555557932172505
min_k,member,https://www.ydr.com/story/news/2022/07/05/teen-dies-4-injured-single-vehicle-crash-near-littlestown-adams-county-pa-july-4/65367258007/,6.589401691774778
min_k,member,https://www.ydr.com/story/news/2022/04/13/conor-lamb-senate-race-says-record-over-john-fetterman/65348890007/,6.765703896734734
min_k,member,https://www.ydr.com/story/sports/high-school/football/2022/09/08/central-pa-high-school-football-live-scoreboard-from-week-3-yaiaa-ll-league-mid-penn-conference/66862778007/,8.105435520410538
min_k,member,https://www.ydr.com/story/news/2022/05/10/real-id-in-pa-with-deadline-approaching-heres-what-you-need-to-know/65353960007/,6.38527950195417
min_k,member,https://www.ydr.com/story/sports/college/penn-state/football/2022/04/29/penn-state-ad-patrick-kraft-confirmed-friday/65352557007/,7.162090589833814
min_k,member,https://www.ydr.com/story/news/crime/2022/05/27/daiquan-dickerson-sentenced-life-prison-murdering-dover-area-high-school-student-emily-shoemaker/65356726007/,6.42234880079603
min_k,member,https://www.ydr.com/story/sports/high-school/2022/06/27/award-winning-kennard-dale-powerlifting-coach-steps-down/65362716007/,6.918257163865917
min_k,member,https://www.ydr.com/story/sports/college/penn-state/football/2022/07/01/college-football-usc-ucla-joining-penn-state-big-ten/65366000007/,7.887908969262634
min_k,member,https://www.ydr.com/story/sports/high-school/softball/2022/05/26/district-3-softball-championships-results-scores-from-each-round/65357552007/,5.307612230575162
min_k,member,https://www.ydr.com/story/news/2022/05/20/police-investigating-shooting-west-manchester-west-york-auto-spa-express/65356744007/,6.501340162558634
min_k,member,https://www.ydr.com/story/news/2022/06/07/philadelphia-man-sedition-charges-u-s-capitol-insurrection/65359583007/,5.61090157748936
min_k,member,https://www.ydr.com/story/news/2022/08/11/hundreds-turn-out-to-protest-the-re-use-of-york-county-landfill/65398396007/,7.411596875154335
min_k,member,https://www.ydr.com/story/news/crime/2022/08/19/takanii-beatty-gets-prison-time-for-york-rape-prostitution-case/65405818007/,6.494027567381906
min_k,member,https://www.ydr.com/restricted/?return=https%3A%2F%2Fwww.ydr.com%2Fstory%2Fnews%2F2022%2F06%2F14%2Fwill-pennsylvania-make-it-easier-for-teachers-to-carry-guns%2F65360505007%2F,0.6400175840086982
min_k,member,https://www.ydr.com/story/news/local/2022/08/16/lawsuit-louis-appell-iii-filed-against-ufd-founders-settled/65395849007/,7.208397972662717
min_k,member,https://www.ydr.com/story/news/2022/08/01/york-pa-three-alarm-fire-destroys-vacant-home-east-mason-avenue/65387808007/,7.370072162852567
min_k,member,https://www.ydr.com/story/news/2022/08/09/pa-cuts-corporate-net-income-tax-nearly-in-half/65396041007/,6.612429645699515
min_k,member,https://www.ydr.com/story/news/local/2022/06/27/six-york-county-restaurants-out-of-compliance-inspections-dirty-kitchens/65361708007/,7.524672867180814
min_k,member,https://www.ydr.com/story/news/2022/05/27/weather-alert-storms-flash-floods-possible-tornado-central-pa/65357673007/,6.11790591345893
min_k,member,https://www.ydr.com/story/news/politics/2022/04/24/voters-guide-2022-10th-congressional-race-in-pennsylvania/65350260007/,7.734689712524414
min_k,member,https://www.ydr.com/story/news/crime/2022/04/28/york-county-victims-rights-coalition-march-vigil-trauma-support/65352197007/,6.853771964708964
min_k,member,https://www.ydr.com/story/news/politics/2022/04/24/primary-election-2022-two-republicans-vying-pa-169th-state-house-seat/65350263007/,9.309390654930702
min_k,member,https://www.ydr.com/restricted/?return=https%3A%2F%2Fwww.ydr.com%2Fstory%2Fnews%2F2022%2F05%2F03%2Fa-developer-has-big-plans-for-former-memorial-hospital-site%2F65352173007%2F,0.4681334398678287
min_k,member,https://www.ydr.com/story/opinion/2022/07/15/the-long-road-to-vindication-for-officer-clayton-swartz-opinion/65374340007/,8.03730677446193
min_k,member,https://www.ydr.com/story/sports/high-school/tennis-girls/2022/04/29/yaiaa-tennis-which-players-are-still-alive-for-championships/65352612007/,7.878851777857
min_k,member,https://www.ydr.com/story/sports/college/penn-state/football/2022/09/18/penn-state-football-nick-singleton-auburn-tigers-big-ten-sec/69494656007/,7.606920520891853
min_k,member,https://www.ydr.com/story/news/2022/06/22/american-idol-finalist-huntergirl-york-state-fair-july-29/65362462007/,6.169385440765866
min_k,member,https://www.ydr.com/story/news/crime/2022/05/16/york-activists-dog-and-car-stolen-begs-thief-to-return-pet-safely/65355772007/,7.291540650488104
min_k,member,https://www.ydr.com/story/news/2022/04/18/mollys-courtyard-cafe-york-to-close-and-new-cafe-reopens-in-june/65349885007/,6.858191791458509
min_k,member,https://www.ydr.com/story/news/2022/06/29/co-defendant-in-dover-student-emily-shoemakers-murder-sentenced/65364373007/,6.323520258198614
min_k,member,https://www.ydr.com/restricted/?return=https%3A%2F%2Fwww.ydr.com%2Fstory%2Flife%2Ffood%2F2022%2F05%2F16%2Ffarms-in-york-county-offer-home-deliveries%2F65352137007%2F,0.4681334398678287
min_k,member,https://www.ydr.com/story/news/local/2022/06/10/york-county-police-partner-with-logos-on-public-safety-collaboration/65359772007/,7.753324563686665
min_k,member,https://www.ydr.com/story/opinion/2022/08/02/st-lukes-lutheran-church-celebrates-250-anniversary-in-southern-york-county/65389486007/,8.273803991797083
min_k,member,https://www.ydr.com/restricted/?return=https%3A%2F%2Fwww.ydr.com%2Fin-depth%2Fnews%2F2022%2F06%2F13%2Factivism-social-justice-york-most-influential-people%2F65351407007%2F,0.6400175840086982
min_k,member,https://www.ydr.com/story/news/local/2022/05/31/murder-suicide-victim-erin-walker-remembered-at-central-memorial/65358157007/,7.270807632110404
min_k,member,https://www.ydr.com/story/news/local/2022/07/21/york-mayor-michael-helfrich-oath-of-office-decision-appealed-to-superior-court/65377376007/,7.119642721640097
min_k,member,https://www.ydr.com/restricted/?return=https%3A%2F%2Fwww.ydr.com%2Fstory%2Fnews%2F2022%2F05%2F12%2Fparents-at-northeastern-school-district-fed-up-with-bullying%2F65351444007%2F,0.4681334398678287
min_k,member,https://www.ydr.com/story/sports/high-school/football/2022/09/08/red-lion-high-school-garrett-coppersmith-makes-record-breaking-kick/66745861007/,7.129836930334568
min_k,member,https://www.ydr.com/story/sports/high-school/football/2022/06/17/eric-depew-hired-as-red-land-football-coach-after-leaving-york-catholic/65361664007/,6.1860996749184345
min_k,member,https://www.ydr.com/story/news/2022/09/13/emt-struck-by-truck-in-downtown-york/69493220007/,7.902424176534017
min_k,member,https://www.ydr.com/story/news/watchdog/2022/05/20/york-daily-record-takes-district-attorney-to-court-in-vicosa-case/65355306007/,6.861063763313768
min_k,member,https://www.ydr.com/story/sports/2022/06/24/michigans-eli-brooks-signs-summer-league-contract-with-indiana-pacers/65363446007/,6.426623106002808
min_k,member,https://www.ydr.com/restricted/?return=https%3A%2F%2Fwww.ydr.com%2Fstory%2Fsports%2Fhigh-school%2F2022%2F04%2F04%2Fyork-adams-players-watch-district-state-high-school-sports-yaiaa%2F65347631007%2F,0.4681334398678287
min_k,member,https://www.ydr.com/story/news/2022/05/19/harley-davidson-york-county-pa-springettsbury-township-suspends-operations/65356500007/,5.355127036571503
min_k,member,https://www.ydr.com/restricted/?return=https%3A%2F%2Fwww.ydr.com%2Fstory%2Fsports%2Fhigh-school%2Ffootball%2F2022%2F05%2F11%2Fcoach-russ-stoner-goes-beyond-football-for-city-of-york-school-district%2F65350937007%2F,0.4681334398678287
min_k,member,https://www.ydr.com/story/news/2022/05/11/york-county-911-holding-recruitment-drive-to-fill-15-open-positions/65354635007/,6.869027969883938
min_k,member,https://www.ydr.com/story/news/2022/06/03/central-pa-bars-taverns-facing-beer-shortage/65358543007/,7.268978545868319
min_k,member,https://www.ydr.com/story/sports/college/2022/04/02/trinity-thomas-leads-florida-to-third-highest-gymnastic-total-in-ncaa/65347768007/,6.792535629123449
min_k,member,https://www.ydr.com/restricted/?return=https%3A%2F%2Fwww.ydr.com%2Fstory%2Fnews%2F2022%2F05%2F16%2Fyork-county-restaurant-inspections-engine-oil-bottle-found-in-food-area-meat-not-covered%2F65354936007%2F,0.4681334398678287
min_k,member,https://www.ydr.com/story/news/crime/2022/05/24/spring-garden-police-press-conference-central-york-high-school-teacher-fatal-shooting/65357296007/,7.215136032104493
min_k,member,https://www.ydr.com/story/sports/high-school/basketball-girls/2022/05/02/jim-kunkle-resigns-as-west-york-area-high-school-girls-basketball-coach/65353118007/,6.827221848243891
min_k,member,https://www.ydr.com/story/opinion/2022/09/13/2022-dorrie-leader-award-recipient-lizaida-morales/69492274007/,7.704624870435787
min_k,member,https://www.ydr.com/story/news/2022/05/24/celebrate-national-wine-day-with-mark-and-vals-wine-in-york/65356572007/,7.057152045607077
min_k,member,https://www.ydr.com/story/sports/high-school/football/2022/09/06/yaiaa-sports-select-athletes-of-the-week-foraug-29-to-sept-3/65475033007/,7.694355390288613
min_k,member,https://www.ydr.com/story/sports/college/penn-state/football/2022/04/20/penn-state-blue-white-football-game-2022-james-franklin-nick-singleton/65350805007/,7.469344003826168
min_k,member,https://www.ydr.com/story/sports/high-school/2022/05/31/high-school-sports-select-final-yaiaa-athletes-of-week-for-2021-22/65358283007/,7.896542467722079
min_k,member,https://www.ydr.com/story/news/politics/2022/04/25/pa-voters-guide-2022-where-the-primary-candidates-stand/65350980007/,6.369879027090129
min_k,member,https://www.ydr.com/story/news/local/community/2022/07/27/russia-ukraine-war-antonina-kovalenko-emigsville-george-hay-kain/65381771007/,6.7429831604381185
min_k,member,https://www.ydr.com/story/sports/nfl/2022/04/25/bruce-arians-retirement-nfl-coach-tampa-bay-health-tom-brady/65348336007/,7.3958523183629135
min_k,member,https://www.ydr.com/story/news/local/2022/08/15/route-30-pa-crash-claims-the-life-of-one-york-township-woman/65403368007/,6.554281860589981
min_k,member,https://www.ydr.com/story/news/local/2022/05/31/york-police-offer-form-for-residents-that-suffer-from-mental-illness/65357719007/,6.908896204587576
min_k,member,https://www.ydr.com/story/news/2022/08/11/congressman-scott-perry-pa-10th-district-fbi-investigation/65399207007/,6.536948045918361
min_k,member,https://www.ydr.com/story/news/politics/2022/09/15/mastriano-education-plan-would-cut-school-funding-by-12b-union-says/69495468007/,6.543876335734413
min_k,member,https://www.ydr.com/story/news/2022/04/07/life-with-alopecia-is-an-emotional-roller-coaster/65348435007/,6.5268148317981
min_k,member,https://www.ydr.com/story/sports/outdoors/2022/09/01/trout-stocking-hatcheries-pa-fish-boat-commission/65462285007/,7.206400324536868
min_k,member,https://www.ydr.com/story/news/2022/06/10/osha-investigating-after-workers-fall-in-chocolate-tank-lancaster-pennsylvania-factory/65360110007/,6.05031039637904
min_k,member,https://www.ydr.com/story/news/2022/05/26/distinguished-young-women-of-york-county-to-award-scholarships/65357279007/,7.481877874760401
min_k,member,https://www.ydr.com/story/news/politics/2022/04/05/primary-2022-who-is-running-for-office-in-central-pa/65346540007/,6.550264122929026
min_k,member,https://www.ydr.com/story/opinion/2022/04/06/sen-mike-regan-its-time-to-legalize-adult-use-marijuana-in-pa/65348677007/,6.67096988179467
min_k,member,https://www.ydr.com/story/news/local/2022/09/07/problem-solver-studios-in-west-york-offers-safe-space-for-music-artists/65458109007/,6.920955944061279
min_k,member,https://www.ydr.com/story/news/local/2022/07/13/video-helps-york-police-arrest-jaquez-brown-in-killing-of-shaheim-carr/65372942007/,6.647604909661698
min_k,member,https://www.ydr.com/story/news/2022/07/08/wildcat-roller-coaster-hershey-park-closing-rmc-coasters/65369486007/,7.2448892467900325
min_k,member,https://www.ydr.com/story/news/2022/05/17/primary-day-in-pennsylvania-what-you-need-to-know-about-the-polls-last-minute-mail-ballots/65352112007/,6.247399042420468
min_k,member,https://www.ydr.com/story/news/politics/2022/04/14/pa-governors-race-doug-mastriano-leading-election-denier/65349168007/,6.632026469121214
min_k,member,https://www.ydr.com/story/news/2022/06/10/scott-perry-sought-presidential-pardon-january-6-insurrection-capitol-attack-liz-cheney/65360025007/,6.146648645401001
min_k,member,https://www.ydr.com/story/sports/high-school/lacrosse-boys/2022/05/16/yaiaa-boys-lacrosse-coaches-name-2022-all-stars-players-of-the-year/65355776007/,7.029293281801285
min_k,member,https://www.ydr.com/restricted/?return=https%3A%2F%2Fwww.ydr.com%2Fstory%2Fsports%2Fhigh-school%2F2022%2F04%2F05%2Fyork-adams-players-watch-district-state-high-school-sports-yaiaa%2F65347631007%2F,0.4681334398678287
min_k,member,https://www.ydr.com/restricted/?return=https%3A%2F%2Fwww.ydr.com%2Fstory%2Fnews%2F2022%2F05%2F09%2Fcould-mental-health-experts-prevented-killing-of-lebanon-police-lt-william-lebo%2F65352523007%2F,0.4681334398678287
min_k,member,https://www.ydr.com/story/news/local/2022/08/03/york-xl-york-county-food-bank-seek-grants-from-gannett-community-thrives/65385659007/,7.606637609856469
min_k,member,https://www.ydr.com/story/news/2022/06/07/baltimore-county-md-collector-chad-shapiro-has-thomas-edison-light-bulbs/65352109007/,8.118670244933117
min_k,member,https://www.ydr.com/story/opinion/2022/06/15/york-countys-conspiracy-of-1803-a-troubling-story/65361114007/,8.39445552271466
min_k,member,https://www.ydr.com/story/sports/high-school/basketball-girls/2022/04/18/dallastowns-dshantae-edwards-commits-to-bethune-cookman-basketball/65350270007/,6.635884518275445
min_k,member,https://www.ydr.com/restricted/?return=https%3A%2F%2Fwww.ydr.com%2Fstory%2Fsports%2Fhigh-school%2F2022%2F06%2F21%2Fgettysburg-athletics-should-the-yaiaa-be-ok-with-move-to-mid-penn%2F65361026007%2F,0.6246947241828215
min_k,member,https://www.ydr.com/story/news/2022/04/01/lebanon-city-police-officer-lebo-shooting-timeline-travis-shaud/65347767007/,5.854610763896595
min_k,member,https://www.ydr.com/story/news/2022/07/27/former-superfund-site-in-hopewell-twp-could-be-reopened-as-landfill/65382901007/,6.933366154017073
min_k,member,https://www.ydr.com/restricted/?return=https%3A%2F%2Fwww.ydr.com%2Fstory%2Fnews%2F2022%2F04%2F05%2Fnew-pizza-shop-opens-in-york-as-an-old-favorite-returns%2F65347318007%2F,0.4681334398678287
min_k,member,https://www.ydr.com/story/news/local/2022/08/31/united-steelworkers-union-gives-notice-of-strike-to-bae-systems-in-york/65464768007/,6.437392716137868
min_k,member,https://www.ydr.com/story/news/2022/06/16/first-black-owned-gettysburg-the-keystone-inn-bed-breakfast/65354942007/,7.476453348238897
min_k,member,https://www.ydr.com/story/news/traffic/2022/08/29/route-462-market-street-by-interstate-83-to-close-five-weeks-for-bridge-replacement/65417738007/,6.6856387118903955
min_k,member,https://www.ydr.com/restricted/?return=https%3A%2F%2Fwww.ydr.com%2Fstory%2Fnews%2Flocal%2F2022%2F06%2F02%2Fconfidential-settlement-lawsuits-deaths-two-york-city-firefighters-ivan-flanscha-zachary-anthony%2F65357792007%2F,0.4183353253980525
min_k,member,https://www.ydr.com/story/money/business/2022/07/17/best-of-the-best-awards-to-honor-the-finest-of-york-county/65373475007/,7.348364168802897
min_k,member,https://www.ydr.com/story/news/politics/elections/2022/07/06/pa-coronavirus-deaths-doug-mastriano-republican-governor-race-josh-shapiro/65367847007/,0.7328518044087104
min_k,member,https://www.ydr.com/story/news/crime/2022/09/01/former-east-manchester-township-manager-gene-david-gentzler-kidnapping-sentenced-to-prison/65462077007/,6.988865802814434
min_k,member,https://www.ydr.com/story/sports/college/2022/04/16/florida-falls-short-ncaa-gymnastics-title-trinity-thomas-scores-perfect-10-west-york/65350392007/,7.23552999309465
min_k,member,https://www.ydr.com/story/opinion/2022/04/29/sen-mike-regan-legally-wrong-in-stand-against-after-school-club-satan/65352613007/,7.278859327127646
min_k,member,https://www.ydr.com/restricted/?return=https%3A%2F%2Fwww.ydr.com%2Fstory%2Fnews%2F2022%2F05%2F04%2Fcomings-and-goings-popular-taco-place-returns-bar-and-grill-closes%2F65353557007%2F,0.4681334398678287
min_k,member,https://www.ydr.com/story/news/2022/06/13/york-state-fair-pa-toby-keith-tour-cancels-concert-july/65360563007/,6.333800101684312
min_k,member,https://www.ydr.com/story/news/2022/06/14/chanceford-township-york-county-pa-teen-dies-from-injuries-in-crash-at-i-83-and-route-30-wellspan/65360665007/,5.999994438627492
min_k,member,https://www.ydr.com/story/news/local/2022/04/06/pennsylvania-state-police-settle-profiling-immigration-lawsuit/65348777007/,6.534729694745627
min_k,member,https://www.ydr.com/story/life/food/2022/05/25/york-county-restaurants-guide-for-dining-outside-coffee-bakeries/65357297007/,7.685021215869535
min_k,member,https://www.ydr.com/story/news/local/2022/08/15/william-goodridge-statue-is-first-in-york-to-honor-african-americans/65400442007/,7.670594500924299
min_k,member,https://www.ydr.com/story/sports/high-school/baseball/2022/06/06/coastal-carolina-baseball-nick-parker-shut-out-east-carolina-ncaa-regional/65358918007/,6.181625249874161
min_k,member,https://www.ydr.com/story/sports/high-school/2022/05/28/piaa-track-spring-groves-laila-campbell-claims-two-gold-medals-again/65357640007/,6.137327001619472
min_k,member,https://www.ydr.com/story/news/2022/08/01/york-state-fair-2022-sees-sharp-attendance-drop-hot-weather-blamed/65388258007/,6.6592301362715425
min_k,member,https://www.ydr.com/restricted/?return=https%3A%2F%2Fwww.ydr.com%2Fstory%2Fnews%2Fwatchdog%2F2022%2F05%2F25%2Fman-pleads-guilty-third-degree-murder-deadly-interstate-83-crash%2F65357260007%2F,0.5248051086730455
min_k,member,https://www.ydr.com/story/life/2022/06/23/102-year-old-retired-teacher-shares-memories-at-susquehannock-high/65362172007/,7.205057748881253
min_k,member,https://www.ydr.com/story/news/crime/2022/05/22/one-injured-in-shooting-at-walmart-in-newberry-township-york-county/65356844007/,6.234349660312428
min_k,member,https://www.ydr.com/story/news/local/2022/07/06/york-county-pa-single-vehicle-crash-one-woman-killed-lower-chanceford-township/65367755007/,5.191974503022653
min_k,member,https://www.ydr.com/story/news/local/2022/05/03/crown-act-would-bar-discrimination-of-race-based-hairstyles-in-york/65353530007/,6.817690640470407
min_k,member,https://www.ydr.com/story/sports/high-school/baseball/2022/06/14/yaiaa-baseball-coaches-name-2022-league-all-stars-players-of-the-year/65360678007/,6.595963638984353
min_k,member,https://www.ydr.com/story/news/crime/2022/06/06/york-woman-arrested-stole-car-with-toddler-inside/65358916007/,5.653593971729278
min_k,member,https://www.ydr.com/story/news/2022/06/07/gas-prices-in-central-pa-surpass-5-a-gallon-at-some-stations/65359220007/,5.80600098559731
min_k,member,https://www.ydr.com/story/news/history/gettysburg/2022/04/06/thaddeus-stevens-gets-a-statue-from-his-fan-club-in-gettysburg/65348341007/,7.732903442163577
min_k,member,https://www.ydr.com/story/news/local/2022/06/03/pedal-4-peace-wavecrave365-operating-in-condemned-building-closed-for-now/65358672007/,7.715353962920961
min_k,member,https://www.ydr.com/story/news/politics/2022/05/18/keith-gillespie-stan-saylor-lose-pa-house-seats-in-gop-primary/65355136007/,7.33791303225926
min_k,member,https://www.ydr.com/in-depth/news/2022/05/24/saving-york-street-by-street-the-unsung-people-helping-our-hometown/65351134007/,6.91303951224101
min_k,member,https://www.ydr.com/story/opinion/2022/04/21/opinion-legalizing-marijuana-in-pa-is-a-dangerous-idea/65351230007/,7.344604081794864
min_k,member,https://www.ydr.com/story/sports/college/penn-state/football/2022/07/19/penn-state-football-parecruiting-surge-in-big-ten-london-montgomery/65372327007/,7.089970572077813
min_k,member,https://www.ydr.com/restricted/?return=https%3A%2F%2Fwww.ydr.com%2Fstory%2Fnews%2Fwatchdog%2F2022%2F05%2F04%2Fnew-federal-guidance-juvenile-justice-reform-act-of-2018%2F65352687007%2F,0.4681334398678287
min_k,member,https://www.ydr.com/story/sports/high-school/2022/05/16/athletes-of-the-week-select-the-latest-yaiaa-winners/65355822007/,7.278190860041866
min_k,member,https://www.ydr.com/story/sports/high-school/2022/08/26/central-pa-football-scores-highlights-from-week-1-yaiaa-ll-league-mid-penn-conference/65420337007/,7.2744365365881665
min_k,member,https://www.ydr.com/story/opinion/2022/07/13/articles-of-confederation-crafters-sentenced-1st-constitution-to-short-life/65373089007/,8.32443520326293
min_k,member,https://www.ydr.com/story/sports/high-school/2022/05/02/york-adams-athletes-select-this-weeks-top-performers-in-online-polls/65353164007/,7.32996388103651
min_k,member,https://www.ydr.com/story/news/2022/04/05/dillsburg-halal-meats-suspended-after-usda-observes-mishandling-of-lamb/65348320007/,7.423135304281898
min_k,member,https://www.ydr.com/restricted/?return=https%3A%2F%2Fwww.ydr.com%2Fstory%2Fnews%2F2022%2F06%2F21%2Fdallastown-area-high-school-and-alumni-to-perform-mamma-mia-two-years-after-covid-shutdown%2F65360132007%2F,0.6246947241828215
min_k,member,https://www.ydr.com/story/news/crime/2022/04/18/york-city-struggles-for-answers-in-wake-of-continued-gun-violence/65347686007/,6.800166826499136
min_k,member,https://www.ydr.com/story/news/local/2022/08/22/york-county-pa-history-center-construction-underway-site-from-first-power-station/65406643007/,8.003466635334249
min_k,member,https://www.ydr.com/story/life/2022/05/23/red-lion-senior-high-school-offers-student-run-cafe/65355189007/,7.496687983709668
min_k,member,https://www.ydr.com/restricted/?return=https%3A%2F%2Fwww.ydr.com%2Fstory%2Fsports%2Fhigh-school%2F2022%2F05%2F17%2Fthe-district-3-playoffs-are-here-these-are-the-top-athletes-to-watch%2F65355261007%2F,0.4681334398678287
min_k,member,https://www.ydr.com/story/sports/high-school/football/2022/08/31/central-pa-high-school-football-scoreboard-results-from-week-2-yaiaa-ll-league-mid-penn-conference/65465990007/,7.746005739484515
min_k,member,https://www.ydr.com/story/news/local/2022/06/27/sheetz-lowers-some-gas-prices-in-pennsylvania-for-july-4th-holiday/65364124007/,6.267142131593492
min_k,member,https://www.ydr.com/story/money/companies/2022/09/12/refillism-store-in-york-boosts-access-to-eco-friendly-lifestyle/68221522007/,6.827754511929198
min_k,member,https://www.ydr.com/story/news/local/2022/04/04/dover-area-northern-york-county-pa-teen-dies-car-crash/65348254007/,5.110678965502446
min_k,member,https://www.ydr.com/story/news/crime/2022/08/10/kimberly-metz-sentenced-in-willmar-santos-batista-fathers-day-york-murder/65394957007/,6.9954176366329195
min_k,member,https://www.ydr.com/story/sports/high-school/football/2022/09/16/central-pa-high-school-football-live-scoreboard-week-4-yaiaa-ll-league-mid-penn-conference/69496403007/,8.333115577697754
min_k,member,https://www.ydr.com/story/news/local/2022/08/04/tractor-crash-in-york-county-results-another-death-4-year-old-boy-jeffrey-ryan-fisher/65391877007/,6.5164995340956855
min_k,member,https://www.ydr.com/story/news/2022/04/06/route-30-adams-county-crash-claims-the-life-of-york-haven-man/65348639007/,6.507909125089645
min_k,member,https://www.ydr.com/story/news/local/2022/04/21/york-county-judge-hears-argument-petition-seeking-disqualification-york-mayor-michael-helfrich/65351027007/,6.976177447231104
min_k,member,https://www.ydr.com/restricted/?return=https%3A%2F%2Fwww.ydr.com%2Fstory%2Fnews%2F2022%2F06%2F09%2Fcomings-and-goings-downtown-york-gets-a-number-of-new-businesses%2F65359731007%2F,0.5295132376078981
min_k,member,https://www.ydr.com/story/news/local/2022/08/24/live-band-members-and-bill-hynes-get-lawsuit-for-think-loud-studio-property/65404659007/,7.657553408497064
min_k,member,https://www.ydr.com/story/news/2022/06/16/tornado-watch-issued-for-central-pennsylvania-national-weather-service/65361497007/,6.519690020331021
min_k,member,https://www.ydr.com/story/news/crime/2022/05/23/central-york-teacher-killed-in-murder-suicide-in-spring-garden-township/65357189007/,6.352130508422851
min_k,member,https://www.ydr.com/story/news/2022/04/26/pennsylvanias-child-welfare-system-needs-to-be-reformed/65351885007/,7.320580612166656
min_k,member,https://www.ydr.com/story/opinion/2022/09/06/question-for-pennsylvania-child-welfare-how-can-more-children-be-saved/65463989007/,7.0813916680080435
min_k,member,https://www.ydr.com/story/sports/high-school/2022/06/06/piaa-championships-first-round-results-from-baseball-softball-playoffs/65359199007/,6.673962555612836
min_k,member,https://www.ydr.com/story/news/crime/2022/05/12/child-abuse-york-county-man-submerged-2-year-olds-hand-in-hot-water/65355049007/,6.595037242434672
min_k,member,https://www.ydr.com/story/sports/college/penn-state/football/2022/08/25/penn-state-football-nittany-lions-jiayir-brown-tig-big-ten/65399007007/,7.354216188522282
min_k,member,https://www.ydr.com/story/news/local/2022/04/19/satanist-club-proposal-to-northern-york-county-school-district-board/65350967007/,7.662159619680265
min_k,member,https://www.ydr.com/story/news/2022/05/25/why-you-will-pay-400-for-a-bushel-of-blue-crabs-summer-2022-in-pa/65357266007/,7.177026389871986
min_k,member,https://www.ydr.com/story/news/2022/08/10/hershey-chocolate-enough-candy-halloween-but-it-will-cost-more/65395842007/,7.344184463364737
min_k,member,https://www.ydr.com/story/news/2022/05/10/pa-gas-prices-rise-new-record-high-dwindling-supplies/65353817007/,5.67589581143725
min_k,member,https://www.ydr.com/story/news/local/2022/06/27/hanover-area-may-soon-get-a-wawa-first-in-york-county-pa/65363962007/,7.158051191492284
min_k,member,https://www.ydr.com/story/news/2022/06/14/saving-york-street-by-street-read-about-heroes-york-pa/65360879007/,7.123195225134828
min_k,member,https://www.ydr.com/story/news/2022/08/10/after-yorkfest-was-canceled-again-local-artists-stepped-up-yorks-art-week/65396122007/,7.172520146511569
min_k,member,https://www.ydr.com/story/sports/college/penn-state/football/2022/09/11/ncaa-college-football-penn-state-ohio-bobcats-nicholas-singleton-drew-allar/66789648007/,7.464757338899081
min_k,member,https://www.ydr.com/story/news/2022/05/05/voter-intimidation-delayed-primary-results-possible-pa-official-says/65353837007/,6.665271467632717
min_k,member,https://www.ydr.com/story/news/local/2022/07/14/york-water-co-seeks-31-percent-rate-hike-puc-to-investigate/65373927007/,7.317879094527318
min_k,member,https://www.ydr.com/story/opinion/2022/04/18/this-war-is-partly-about-russian-vs-ukrainian-language/65350841007/,8.986421835286535
min_k,member,https://www.ydr.com/story/news/crime/2022/05/26/man-sentenced-prison-aggravated-animal-cruelty-york-county/65356698007/,6.9112624709988815
min_k,member,https://www.ydr.com/story/news/crime/2022/07/07/york-settles-with-officer-clayton-swartz-joking-george-floyd-murder/65368943007/,7.409015713386165
min_k,member,https://www.ydr.com/story/sports/high-school/2022/05/18/yaiaa-tournament-winners-from-volleyball-baseball-softball/65355964007/,6.5759861645875155
min_k,member,https://www.ydr.com/story/news/2022/04/14/pa-republican-jeff-bartos-is-running-for-u-s-senate-on-kitchen-table-issues/65348985007/,6.723402966304319
min_k,member,https://www.ydr.com/story/news/local/2022/07/05/central-pennsylvania-teen-opens-up-ice-cream-shop-with-unusual-flavors/65364068007/,6.848054065113574
min_k,member,https://www.ydr.com/restricted/?return=https%3A%2F%2Fwww.ydr.com%2Fstory%2Fnews%2F2022%2F06%2F13%2Farchetype-pizza-in-downtown-york-to-open-june%2F65359889007%2F,0.6400175840086982
min_k,member,https://www.ydr.com/story/news/local/2022/08/15/york-county-pa-man-dies-suspected-carbon-monoxide-poisoning-car-accidentally-left-running-garage/65403627007/,7.1106510789770825
min_k,member,https://www.ydr.com/story/news/2022/05/10/meltdown-three-mile-island-airs-on-netflix/65353510007/,7.598755754743304
min_k,member,https://www.ydr.com/story/news/politics/2022/07/08/pa-lawmakers-agree-to-spend-billions-in-stimulus-money-in-budget/65369988007/,6.192609158332038
min_k,member,https://www.ydr.com/story/sports/high-school/baseball/2022/06/13/piaa-baseball-everett-tops-delone-in-class-2a-semifinals/65360511007/,6.598518249091752
min_k,member,https://www.ydr.com/story/sports/high-school/football/2022/08/23/yaiaa-football-2022-preview-here-are-the-games-to-watch/65409917007/,6.425319888856676
min_k,member,https://www.ydr.com/story/sports/outdoors/2022/05/19/gifford-pinchot-state-park-offers-camping-boating-fishing-hiking/65355940007/,6.66204323445944
min_k,member,https://www.ydr.com/story/news/2022/04/12/conor-lamb-senate-race-says-record-over-john-fetterman/65348890007/,6.765703896734734
min_k,member,https://www.ydr.com/story/news/politics/2022/04/06/heres-how-charlie-gerow-is-standing-out-in-the-pa-gop-governor-race/65347892007/,6.519624430148756
min_k,member,https://www.ydr.com/story/sports/high-school/basketball-boys/2022/05/07/susquehannocks-jalen-franklin-makes-class-5a-all-state-basketball-team/65354032007/,6.829934362843443
min_k,member,https://www.ydr.com/story/news/2022/05/03/5-5-million-purchase-saves-mifflin-house-an-underground-railroad-site/65352510007/,6.868371830396126
min_k,member,https://www.ydr.com/story/news/2022/09/12/pennsylvania-turnpike-why-millions-of-dollars-are-owed-in-unpaid-tolls/65384329007/,6.624285418752562
min_k,member,https://www.ydr.com/restricted/?return=https%3A%2F%2Fwww.ydr.com%2Fstory%2Fnews%2Fwatchdog%2F2022%2F04%2F22%2Fdante-mullinix-billboard-blames-york-county-for-death-of-2-year-old%2F65351181007%2F,0.4681334398678287
min_k,member,https://www.ydr.com/story/news/2022/06/15/volunteer-fire-departments-struggle-to-recruit-worry-about-response-times/65353542007/,7.033867393466209
min_k,member,https://www.ydr.com/story/news/2022/06/21/red-lion-man-dies-in-single-vehicle-crash-over-the-weekend-york-county/65362165007/,5.788134341769748
min_k,member,https://www.ydr.com/story/news/crime/2022/05/11/medical-marijuana-is-a-schedule-1-controlled-substance-in-pa-court/65354517007/,6.681230020041418
min_k,member,https://www.ydr.com/story/news/2022/06/16/local-fireworks-york-harrisburg-gettysburg-lancaster-pennsylvania/65358665007/,6.747490229844348
min_k,member,https://www.ydr.com/story/news/2022/07/22/york-father-says-sesame-place-character-snubbed-his-black-daughter/65379052007/,6.55479996934229
min_k,member,https://www.ydr.com/story/news/crime/2022/05/13/teen-pleads-guilty-third-degree-murder-prison-accomplice-deadly-shooting-york/65354698007/,6.505686068352852
min_k,member,https://www.ydr.com/story/opinion/2022/05/27/how-we-can-solve-pas-behavioral-health-care-crisis/65357753007/,6.465530453584133
min_k,member,https://www.ydr.com/story/news/crime/2022/05/26/york-city-police-pa-investigating-a-homicide-involving-possible-trespasser/65357571007/,5.850702638626099
min_k,member,https://www.ydr.com/story/news/crime/2022/08/18/york-area-man-charged-killing-man-dumping-body-lancaster-county/65408859007/,6.082368238916937
min_k,member,https://www.ydr.com/restricted/?return=https%3A%2F%2Fwww.ydr.com%2Fin-depth%2Fnews%2F2022%2F06%2F13%2Fpolitics-york-county-most-influential-government-reoublican-democrat%2F65351421007%2F,0.6400175840086982
min_k,member,https://www.ydr.com/story/sports/high-school/football/2022/08/15/pa-high-school-football-2022-york-adams-league-team-by-team-previews-players-to-watch/65403160007/,7.958766758097389
min_k,member,https://www.ydr.com/story/news/crime/2022/09/08/man-stabs-random-customer-at-walmart-in-york-county-to-return-to-jail-police-say/65742433007/,6.646889483487165
min_k,member,https://www.ydr.com/story/news/politics/elections/2022/07/08/scott-perry-congress-pa-republican-refuses-testimony-pardon/65369434007/,6.387664908948152
min_k,member,https://www.ydr.com/story/news/politics/2022/04/21/tracking-campaign-updates-in-pennsylvanias-senate-and-governor-races/65350855007/,6.674513976785201
min_k,member,https://www.ydr.com/story/sports/high-school/baseball/2022/04/19/dallastown-baseball-coach-greg-kinneman-reaches-100-career-wins/65350766007/,6.917690540123664
min_k,member,https://www.ydr.com/restricted/?return=https%3A%2F%2Fwww.ydr.com%2Fin-depth%2Fnews%2F2022%2F05%2F24%2Fyork-pa-northeast-neighborhood-2-women-do-what-they-can-to-help-saving-york-street-by-street%2F65351426007%2F,0.5248051086730455
min_k,member,https://www.ydr.com/story/news/local/2022/08/24/interstate-83-closed-after-truck-strikes-queen-street-overpass-again/65418552007/,7.10511209748008
min_k,member,https://www.ydr.com/restricted/?return=https%3A%2F%2Fwww.ydr.com%2Fstory%2Fnews%2F2022%2F05%2F25%2Frestaurant-inspections-seven-out-of-compliance%2F65355268007%2F,0.5248051086730455
min_k,member,https://www.ydr.com/story/news/2022/08/10/rep-scott-perry-republican-york-county-pa-fbi-agents-seized-cellphone/65398266007/,1.1240360511535847
min_k,member,https://www.ydr.com/story/opinion/2022/06/15/bidens-border-failure-creates-national-security-humanitarian-crisis/65361133007/,7.05534787013613
min_k,member,https://www.ydr.com/story/opinion/2022/05/18/give-mother-of-red-lion-catherine-meyer-due-recognition/65356449007/,8.20549832450019
min_k,member,https://www.ydr.com/story/news/local/2022/04/08/central-york-students-testify-before-congress-on-national-book-bans/65348834007/,6.865338032504162
min_k,member,https://www.ydr.com/story/life/2022/08/29/silverberry-soaps-central-pa-student-starts-own-business/65417685007/,7.897713359113763
min_k,member,https://www.ydr.com/story/opinion/2022/05/31/tropical-storm-agnes-50-years-ago-like-something-out-of-the-bible/65358222007/,7.6334928032238505
min_k,member,https://www.ydr.com/story/opinion/2022/08/19/by-2060-yorks-summer-temps-will-be-like-nashvilles-opinion/65410717007/,7.686071427815269
min_k,member,https://www.ydr.com/story/sports/college/penn-state/football/2022/06/01/penn-state-football-white-out-game-against-minnesota-not-ohio-state/65358413007/,7.694421538135462
min_k,member,https://www.ydr.com/story/news/local/2022/08/03/national-night-out-in-york-is-a-time-to-focus-on-how-to-stop-violence/65389933007/,7.344098767780122
min_k,member,https://www.ydr.com/story/sports/high-school/2022/05/09/yaiaa-tournaments-which-teams-will-be-competing-for-championships/65354533007/,4.941764739719597
min_k,member,https://www.ydr.com/story/sports/high-school/2022/07/05/select-gametimepas-yaiaa-athletes-of-the-year-for-2021-22/65365394007/,6.415938827478997
min_k,member,https://www.ydr.com/story/sports/outdoors/2022/05/19/many-options-to-consider-when-picking-purchasing-a-kayak-recreational-touring-fishing-paddles/65355833007/,7.104676015036446
min_k,member,https://www.ydr.com/story/news/crime/2022/05/18/man-pleads-guilty-aggravated-assault-accomplice-murder-dover-area-high-school-senior-emily-shoemaker/65355302007/,6.722309699112719
min_k,member,https://www.ydr.com/story/sports/high-school/football/2022/07/20/spring-grove-footballs-andrew-osmun-commits-to-fordham-university/65378458007/,6.509351283020616
min_k,member,https://www.ydr.com/restricted/?return=https%3A%2F%2Fwww.ydr.com%2Fstory%2Fnews%2F2022%2F05%2F10%2Fwestinghouse-atom-smasher-rots-away-in-a-pennsylvania-neighborhood%2F65352649007%2F,0.4681334398678287
min_k,member,https://www.ydr.com/restricted/?return=https%3A%2F%2Fwww.ydr.com%2Fstory%2Fnews%2Fwatchdog%2F2022%2F04%2F26%2Fjudge-rejects-invasion-of-privacy-claim-york-city-police-officer-clayton-swartz%2F65351520007%2F,1.082193715718776
min_k,member,https://www.ydr.com/story/news/local/2022/04/05/jk-salvage-explosion-attracts-fire-department-and-scares-residents/65348532007/,7.533683592813057
min_k,member,https://www.ydr.com/story/news/2022/05/06/man-dies-two-vehicle-crash-chanceford-township-york-county-pa/65353951007/,5.078454594458303
min_k,member,https://www.ydr.com/restricted/?return=https%3A%2F%2Fwww.ydr.com%2Fstory%2Fnews%2Fcrime%2F2022%2F04%2F04%2Faaron-miller-on-trial-for-vehicular-manslaughter%2F65348325007%2F,0.4681334398678287
min_k,member,https://www.ydr.com/story/news/2022/05/07/give-local-york-raises-4-1-million-for-local-nonprofits/65353553007/,7.983349297953918
min_k,member,https://www.ydr.com/story/news/crime/2022/07/29/joe-fitzpatrick-released-low-bail-in-atv-case-involving-wifes-death/65385352007/,7.178050593574448
min_k,member,https://www.ydr.com/story/sports/high-school/2022/05/17/district-3-tournaments-scores-schedule-for-boys-girls-championships/65355972007/,4.99890454554222
min_k,member,https://www.ydr.com/story/news/crime/2022/06/15/pa-superior-court-prevents-one-dollar-bail-for-man-in-atv-murder-trial/65359895007/,6.599271795803443
min_k,member,https://www.ydr.com/story/sports/college/penn-state/football/2022/07/20/penn-state-football-quarterback-sean-clifford-linebacker-curtis-jacobs-big-ten-stars/65372841007/,7.251729726791382
min_k,member,https://www.ydr.com/story/sports/college/penn-state/football/2022/09/18/penn-state-football-sean-clifford-nick-singleton-auburn-big-ten/69494944007/,8.154556313465381
min_k,member,https://www.ydr.com/story/news/crime/2022/04/18/two-found-dead-red-lion-york-county-pa-murder-suicide-easter-morning/65350459007/,6.712192264257693
min_k,member,https://www.ydr.com/story/news/crime/2022/04/04/split-verdict-trial-attempted-murder-shooting-north-codorus-township-york-county/65346449007/,6.569785024605546
min_k,member,https://www.ydr.com/restricted/?return=https%3A%2F%2Fwww.ydr.com%2Fstory%2Fsports%2Fhigh-school%2F2022%2F06%2F23%2Fyaiaa-2021-2022-top-sports-high-schools-in-york-adams-league-dallastown-central-york-pa-dallastown%2F65362250007%2F,0.6400175840086982
min_k,member,https://www.ydr.com/story/news/politics/elections/2022/08/30/eight-more-republicans-just-endorsed-josh-shapiro-over-doug-mastriano/65458907007/,6.886326053949792
min_k,member,https://www.ydr.com/story/sports/college/2022/04/15/ncaa-gymnastics-perfect-score-gives-floridas-thomas-3-national-titles/65350064007/,7.4241811699337426
min_k,member,https://www.ydr.com/story/news/2022/05/20/tornado-watch-issued-for-central-pa/65356692007/,5.8538176502500265
min_k,member,https://www.ydr.com/story/news/local/2022/07/08/jerry-reynolds-airville-body-found-holtwood-pa-death-lancaster-county/65369407007/,6.565926346124387
min_k,member,https://www.ydr.com/story/sports/high-school/football/2022/06/07/pitt-football-dallastowns-kenny-johnson-verbally-commits-to-panthers/65359210007/,6.57631085488427
min_k,member,https://www.ydr.com/story/news/2022/08/02/snow-ice-storms-bound-for-pennsylvania-farmers-almanac-winter-forecast/65389109007/,6.547560362254872
min_k,member,https://www.ydr.com/story/news/crime/2022/04/01/man-found-guilty-involuntary-manslaughter-not-guilty-murder-deadly-shooting-york/65346416007/,6.943626793531271
min_k,member,https://www.ydr.com/restricted/?return=https%3A%2F%2Fwww.ydr.com%2Fstory%2Fnews%2F2022%2F04%2F22%2Fcomings-and-goings-eco-friendly-store-opens-in-york-coffee-shop-closes%2F65351060007%2F,0.4681334398678287
min_k,member,https://www.ydr.com/story/sports/high-school/football/2022/04/12/spring-grove-area-high-school-will-thompson-hired-as-football-coach-francis-scott-key/65349834007/,6.700092869835931
min_k,member,https://www.ydr.com/story/sports/high-school/softball/2022/06/13/yaiaa-softball-coaches-name-2022-league-all-stars-players-of-the-year/65360527007/,6.582674057547616
min_k,member,https://www.ydr.com/story/opinion/2022/04/22/york-naacp-area-schools-not-doing-enough-about-rise-of-racial-prejudice/65351389007/,7.3445243448824495
min_k,member,https://www.ydr.com/story/news/crime/2022/06/21/york-man-dies-in-weekend-shooting-police-charge-brother-with-homicide/65362149007/,5.892412442050568
min_k,member,https://www.ydr.com/story/sports/college/penn-state/football/2022/08/29/penn-state-football-james-franklin-big-ten-vs-purdue-sean-clifford/65407825007/,7.718975963014545
min_k,member,https://www.ydr.com/story/news/crime/2022/08/18/pennsylvania-state-trooper-driving-under-influence-central-pa/65409961007/,5.417003810405731
min_k,member,https://www.ydr.com/story/sports/high-school/wrestling/2022/06/28/spring-grove-high-school-officially-starts-girls-wrestling-team/65364409007/,6.7297983855104295
min_k,member,https://www.ydr.com/restricted/?return=https%3A%2F%2Fwww.ydr.com%2Fin-depth%2Fnews%2F2022%2F06%2F14%2Fmike-smith-and-his-temple-guard-give-york-pa-youths-positive-path%2F6596906001%2F,0.6400175840086982
min_k,member,https://www.ydr.com/story/sports/high-school/baseball/2022/05/26/district-3-baseball-scores-results-from-postseason-tournaments/65357551007/,5.550560308057208
min_k,member,https://www.ydr.com/story/opinion/2022/07/04/the-american-is-great-vision-vs-the-revolutionary-vision/65364730007/,8.060386627778879
min_k,member,https://www.ydr.com/story/sports/high-school/basketball-boys/2022/07/06/florida-basketball-perkiomens-new-oxford-tommy-haugh-makes-commitment/65367304007/,7.024856362417174
min_k,member,https://www.ydr.com/story/news/2022/08/08/back-to-school-dates-updates-at-york-county-school-districts-education/65386876007/,5.8732092504056626
min_k,member,https://www.ydr.com/story/news/2022/04/07/york-county-food-bank-is-moving-its-operations-out-of-the-former-kmart-store/65348695007/,6.571906746758355
min_k,member,https://www.ydr.com/story/news/2022/07/01/white-clover-farm-stand-in-hellam-spurred-by-pandemic-food-supply-issues/65347398007/,7.458793104187516
min_k,member,https://www.ydr.com/story/news/crime/2022/08/01/york-city-police-investigating-15th-homicide-2022/65388869007/,4.979783080658823
min_k,member,https://www.ydr.com/story/news/crime/2022/05/06/york-police-man-shot-killed-friday-south-pine-street/65354059007/,4.234913833141327
min_k,member,https://www.ydr.com/story/news/2022/07/25/gettysburg-national-military-parks-little-roundtop-to-close-for-18-months-devils-den-construction-pa/65376312007/,7.7593620511509425
min_k,member,https://www.ydr.com/story/opinion/2022/06/29/the-american-is-great-vision-vs-the-revolutionary-vision/65364730007/,8.060386627778879
min_k,member,https://www.ydr.com/story/news/watchdog/2022/04/29/insurance-fraud-york-county-woman-faked-death-in-ukraine-cops-say/65352546007/,6.4220806240556705
min_k,member,https://www.ydr.com/story/sports/high-school/basketball-girls/2022/04/28/three-yaiaa-girls-basketball-players-named-to-piaa-all-state-teams/65352253007/,6.750228269680126
min_k,member,https://www.ydr.com/story/sports/high-school/track/2022/05/21/district-3-track-and-field/65356540007/,6.689706469027795
min_k,member,https://www.ydr.com/story/news/2022/06/27/woman-dies-three-vehicle-crash-hanover-pa/65363667007/,5.667841388333228
min_k,member,https://www.ydr.com/story/sports/college/penn-state/football/2022/04/30/nfl-draft-bears-take-penn-states-jaquan-brisker-in-second-round/65352177007/,7.188878974914551
min_k,member,https://www.ydr.com/story/news/politics/elections/2022/06/23/testimony-rep-scott-perry-pardon-from-donald-trump-election-pennsylvania/65363103007/,6.164460604841059
min_k,member,https://www.ydr.com/story/news/local/2022/07/12/severe-thunderstorms-forecast-in-central-pennsylvania-tuesday/65372125007/,6.666852741706662
min_k,member,https://www.ydr.com/story/news/2022/07/28/steve-miller-band-cancels-york-fair-show-because-of-positive-covid-test/65385293007/,6.826058886601374
min_k,member,https://www.ydr.com/story/news/politics/2022/04/20/pa-governor-race-2022-gop-candidates-debate-in-gettysburg/65350851007/,6.727323055267334
min_k,member,https://www.ydr.com/story/opinion/2022/09/16/both-pa-candidates-for-governor-agree-on-school-choice/69498441007/,7.2741970830493505
min_k,member,https://www.ydr.com/story/news/local/community/2022/06/10/rainbow-rose-center-hosts-york-county-pride-at-cousler-park/65360038007/,7.69558741717503
min_k,member,https://www.ydr.com/in-depth/news/politics/elections/2022/08/23/voter-fraud-is-rare-in-pennsylvania-but-allegations-flew-after-2020/65376026007/,6.60867689093765
min_k,member,https://www.ydr.com/story/news/crime/2022/06/27/york-city-police-investigates-homicide-after-man-dies-ot-op/65363658007/,5.1983681582333
min_k,member,https://www.ydr.com/story/sports/high-school/2022/06/13/pa-lawmakers-some-say-girls-cant-compete-against-biological-boys/65359859007/,6.845967260347742
min_k,member,https://www.ydr.com/story/news/politics/elections/2022/06/23/pa-house-speaker-bryan-cutler-details-2020-pressure-campaign/65362478007/,7.715916808288877
min_k,member,https://www.ydr.com/story/news/local/2022/07/27/man-dies-forklift-accident-at-jk-salvage-spring-garden-township/65384163007/,5.901809516319862
min_k,member,https://www.ydr.com/story/sports/high-school/football/2022/04/13/york-high-quarterback-sam-stoner-gets-division-i-offers-st-francis-towson/65349927007/,7.139537726776509
min_k,member,https://www.ydr.com/story/news/2022/04/19/check-out-10-unusual-wedding-venues-in-central-pennsylvania/65349484007/,7.6445031201397935
min_k,member,https://www.ydr.com/story/news/politics/elections/2022/06/16/yorkers-react-to-rep-scott-perrys-refusal-to-cooperate-with-jan-6-panel/65359564007/,7.029512642684141
min_k,member,https://www.ydr.com/restricted/?return=https%3A%2F%2Fwww.ydr.com%2Fstory%2Fnews%2Fcrime%2F2022%2F04%2F06%2Fmistrial-declared-in-case-of-construction-worker-hit-killed-by-driver%2F65348679007%2F,0.4681334398678287
min_k,member,https://www.ydr.com/story/news/2022/05/31/man-dies-suspected-drowning-susquehanna-river-york-pa-memorial-day/65358177007/,6.42451631228129
min_k,member,https://www.ydr.com/story/news/local/2022/05/18/yorktowne-hotel-rooftop-dining-construction-facade-update/65354723007/,8.021717323303223
min_k,member,https://www.ydr.com/story/news/watchdog/2022/04/25/teen-alleges-sexual-abuse-against-ex-york-city-police-officer/65351893007/,6.914552952261532
min_k,member,https://www.ydr.com/story/news/crime/2022/04/28/judge-grants-delay-trial-man-charged-first-degree-murder-dante-mullinix-york/65352473007/,7.187103556214477
min_k,member,https://www.ydr.com/story/sports/college/2022/06/28/ncaa-gymnastics-trinity-thomas-returning-for-fifth-season-at-florida/65364355007/,6.710228061676025
min_k,member,https://www.ydr.com/story/news/local/2022/07/06/martin-library-6-million-renovation-completed-in-downtown-york/65367399007/,8.103345061170645
min_k,member,https://www.ydr.com/story/news/politics/2022/04/05/heres-why-democrat-john-fetterman-is-touring-in-red-pa-counties/65347627007/,6.6303716121463605
min_k,member,https://www.ydr.com/story/news/2022/04/06/stray-goldendoodle-becomes-new-york-revolution-team-dog/65348529007/,7.806614049275717
min_k,member,https://www.ydr.com/restricted/?return=https%3A%2F%2Fwww.ydr.com%2Fstory%2Fsports%2Foutdoors%2F2022%2F05%2F19%2Fmom-appalachian-trail-addiction-jon-mundis-overdose-awareness%2F65352265007%2F,0.4681334398678287
min_k,member,https://www.ydr.com/story/news/politics/2022/06/30/pennsylvanias-new-fiscal-year-will-begin-without-a-state-budget/65365334007/,1.2684678769437596
min_k,member,https://www.ydr.com/story/news/2022/04/25/man-dies-after-falling-into-the-codorus-creek-in-york-fire-chief-says/65351925007/,6.09900664165616
min_k,member,https://www.ydr.com/story/news/2022/05/30/gda-covid-19-state-2022-05-30-pa-ppyr/65358091007/,2.0400663003819424
min_k,member,https://www.ydr.com/story/news/2022/06/20/a-new-apprenticeship-for-young-artists-is-coming-to-york/65361188007/,7.503715790642632
min_k,member,https://www.ydr.com/story/news/local/2022/07/26/york-pa-residents-share-surveillance-cam-footage-of-shaheim-carr-murder-with-police/65378104007/,7.374438906763936
min_k,member,https://www.ydr.com/story/news/local/2022/05/16/see-major-updates-martin-library-york-before-july-grand-opening-teen-space/65354512007/,7.933818005678947
min_k,member,https://www.ydr.com/story/news/education/2022/08/29/satanism-event-fundraiser-york-county-pa-after-school-satan-club/65457233007/,7.696800520320139
min_k,member,https://www.ydr.com/story/news/2022/08/04/best-of-the-best-awards-holds-first-gala-honors-york-county-businesses/65391182007/,8.122843891709715
min_k,member,https://www.ydr.com/story/opinion/2022/08/17/come-take-a-seat-in-york-pa-with-the-accomplished-william-c-goodridge/65407358007/,7.982024067167252
min_k,member,https://www.ydr.com/story/news/local/2022/04/11/lawsuit-york-mayor-michael-helfrich-oath-of-office/65349492007/,7.414650805945535
min_k,member,https://www.ydr.com/story/news/2022/06/15/dover-solar-farm-approved-in-25-minutes/65361179007/,7.410131366047638
min_k,member,https://www.ydr.com/story/news/local/2022/07/27/hope-fest-returns-to-york-with-hoops-tourney-gas-card-giveaway/65382794007/,6.5889240228212795
min_k,member,https://www.ydr.com/story/sports/high-school/lacrosse-boys/2022/05/14/central-york-boys-york-catholic-girls-lacrosse-teams-earn-yaiaa-titles/65355281007/,6.079583198066771
min_k,member,https://www.ydr.com/story/news/crime/2022/07/06/york-city-police-investigating-14th-homicide-tying-last-years-total/65368039007/,6.69039629754566
min_k,member,https://www.ydr.com/story/news/history/2022/04/05/artist-makes-connections-to-chip-away-at-wall-between-york-and-hanover/65348433007/,7.89554056754479
min_k,member,https://www.ydr.com/story/sports/high-school/track/2022/05/14/piaa-track-and-field-laila-campbell-sets-blistering-league-mark-in-100/65355100007/,6.407164924968749
min_k,member,https://www.ydr.com/story/news/local/2022/08/25/interstate-83-reopen-after-queen-street-overpass-struck-exit-16-york/65420277007/,6.220415257916008
min_k,member,https://www.ydr.com/story/news/local/2022/04/21/sixth-dover-solar-meeting-brings-new-witness-and-hopeful-decision-date/65351113007/,7.746467276795269
min_k,member,https://www.ydr.com/story/sports/high-school/2022/05/19/susquehannock-delone-catholic-basketball-earns-sportsmanship-scholarships/65356510007/,7.084636958952873
min_k,member,https://www.ydr.com/story/sports/college/penn-state/football/2022/08/12/penn-state-football-big-ten-quarterback-jaxon-smolik-james-franklin/65402058007/,6.881434679031372
min_k,member,https://www.ydr.com/restricted/?return=https%3A%2F%2Fwww.ydr.com%2Fstory%2Fnews%2Fcrime%2F2022%2F04%2F01%2Fman-testifies-own-defense-attempted-murder-trial-shooting-north-codorous-township-york-county%2F65347533007%2F,0.4681334398678287
min_k,member,https://www.ydr.com/story/news/2022/04/21/david-mccormick-pa-senate-candidate-making-strides-in-gop-primary/65348988007/,6.159946625411746
min_k,member,https://www.ydr.com/story/money/2022/08/31/unemployment-reaches-pre-pandemic-levels-but-consumers-are-more-pessimistic-than-ever/65419897007/,6.641836015608133
min_k,member,https://www.ydr.com/story/sports/high-school/football/2022/09/10/central-pa-high-school-football-scoreboard-yaiaa-scores-week-3-results-highlights-york-high-carlisle/66852753007/,6.94111227849225
min_k,member,https://www.ydr.com/story/news/2022/07/25/peach-bottom-township-pa-man-dies-in-skid-loader-accident/65381471007/,7.1090546471732
min_k,member,https://www.ydr.com/story/news/politics/2022/09/12/pa-activists-demand-united-states-house-ethics-investigation-of-rep-scott-perry/66891225007/,6.505796429337255
min_k,member,https://www.ydr.com/story/sports/college/penn-state/football/2022/08/31/penn-state-football-college-football-big-ten-purdue-james-franklin/65462642007/,6.517347955703736
min_k,member,https://www.ydr.com/story/sports/high-school/basketball-boys/2022/07/20/york-countys-kent-olewiler-makes-new-mexico-state-basketball-roster-yaiaa-central-york/65371201007/,6.5973372113573685
min_k,member,https://www.ydr.com/story/news/2022/07/01/deadly-crash-near-east-berlin-has-claimed-the-life-of-a-fourth-person-coroner-says/65365902007/,6.450009463383601
min_k,member,https://www.ydr.com/story/news/2022/06/15/man-drowns-while-swimming-codorus-state-park-lake-york-pa-coroner-says/65361080007/,5.743556605852567
min_k,member,https://www.ydr.com/story/sports/high-school/2022/06/22/what-will-the-yaiaa-look-like-with-22-teams-here-are-the-new-divisions/65362221007/,4.554641025560397
min_k,member,https://www.ydr.com/story/news/local/2022/08/22/route-30-crash-west-manchester-township-pa-man-dead/65413093007/,6.0590133396061985
min_k,member,https://www.ydr.com/story/opinion/2022/09/12/york-day-nursery-turning-90-this-year/69486679007/,7.603752669166116
min_k,member,https://www.ydr.com/story/opinion/2022/06/28/what-would-you-have-done-if-a-freedom-seeker-had-knocked-on-your-door/65364541007/,8.41797438116357
min_k,member,https://www.ydr.com/story/news/2022/04/27/keystone-kidspace-now-open-in-109-year-old-armory/65350228007/,7.36565883244787
min_k,member,https://www.ydr.com/story/news/politics/2022/05/10/republican-challengers-vying-to-unseat-saylor-gillespie-and-klunk/65354567007/,6.993975164059319
min_k,member,https://www.ydr.com/story/news/crime/2022/04/28/man-pleads-guilty-animal-cruelty-probation-york-county/65352476007/,6.00356738121955
min_k,member,https://www.ydr.com/story/news/crime/2022/06/09/dasean-morris-sentenced-in-york-murder-of-kyle-hagenbuch-thunderguards-motorcyles/65359290007/,6.7037262785924625
min_k,member,https://www.ydr.com/story/sports/college/penn-state/football/2022/09/02/penn-state-football-purdue-big-ten-james-franklin-sean-clifford/65465704007/,8.404899809418655
min_k,member,https://www.ydr.com/story/news/2022/08/23/5-year-old-girl-woman-fatally-stabbed-at-home-southern-york-county-pa/65414954007/,5.932075763816264
min_k,member,https://www.ydr.com/story/news/crime/2022/05/20/u-s-marshals-arrest-york-man-in-fatal-shooting-of-selvin-mcewan/65356641007/,5.596619931317992
min_k,member,https://www.ydr.com/story/sports/high-school/lacrosse-girls/2022/04/26/how-these-best-friends-are-driving-york-catholic-lacrosses-title-hopes/65351446007/,6.5811533771063155
min_k,member,https://www.ydr.com/story/opinion/2022/08/09/big-york-county-birthdays-on-horizon/65396977007/,8.350327144969594
min_k,member,https://www.ydr.com/story/sports/outdoors/2022/08/13/catawissa-recreation-area-off-road-atv-use-riding-created-by-pa-dcnr-paragon-adventure-park/65402298007/,7.052899011394434
min_k,member,https://www.ydr.com/story/news/2022/06/14/volunteer-fire-departments-struggle-to-recruit-worry-about-response-times/65353542007/,7.033867393466209
min_k,member,https://www.ydr.com/story/news/2022/06/02/delma-rivera-lytle-york-vying-for-ms-senior-pa-america/65358261007/,7.235335081618353
min_k,member,https://www.ydr.com/story/sports/high-school/lacrosse-boys/2022/06/01/piaa-lacrosse-schedule-results-from-state-championships/65358281007/,6.129265566049896
min_k,member,https://www.ydr.com/story/news/2022/06/21/two-men-from-southwestern-york-county-die-in-maryland-crash/65362339007/,6.699292835981949
min_k,member,https://www.ydr.com/story/news/politics/elections/2022/05/13/two-democrats-seek-party-nomination-in-10th-congressional-district/65355137007/,6.2361148059768166
min_k,member,https://www.ydr.com/story/news/crime/2022/04/18/teen-in-fatal-shooting-of-york-high-william-penn-high-school-student-malaki-beady-to-stand-trial/65350077007/,6.586368287792642
min_k,member,https://www.ydr.com/story/sports/college/penn-state/football/2022/09/13/penn-state-football-big-ten-james-franklin-auburn-tigers-sec/69487321007/,7.437409010278174
min_k,member,https://www.ydr.com/story/news/local/2022/04/18/puc-approves-sale-of-york-water-company-to-private-business-pawc/65350202007/,7.305749506563754
min_k,member,https://www.ydr.com/story/sports/2022/07/11/american-ninja-warrior-2022-cf-branden-williams-new-oxford/65362232007/,7.053567355045218
min_k,member,https://www.ydr.com/story/opinion/2022/05/11/pas-low-producing-wells-are-leaking-methane/65353721007/,7.806747803321252
min_k,member,https://www.ydr.com/story/sports/college/penn-state/football/2022/09/14/penn-state-college-football-big-ten-auburn-tigers-in-sec/69487422007/,6.952025557431308
min_k,member,https://www.ydr.com/story/opinion/2022/04/27/kreutz-creek-librarys-former-building-gains-new-life/65352254007/,8.568538439238875
min_k,member,https://www.ydr.com/story/news/local/2022/06/27/lake-williams-dam-excavation-under-way-york-empty-lake-bed-turns-green/65362846007/,8.001882739067078
min_k,member,https://www.ydr.com/story/sports/high-school/2022/04/04/select-gametimepa-yaiaa-athletes-of-the-week-for-march-25-to-april-2/65348290007/,6.907756683873195
min_k,member,https://www.ydr.com/story/news/2022/04/18/bill-mcswain-running-for-pa-governor-2022-primary-election/65348986007/,6.419884559400487
min_k,member,https://www.ydr.com/story/news/2022/08/22/york-pa-bans-washing-cars-in-driveways-or-on-streets/65410788007/,7.2476894231942985
min_k,member,https://www.ydr.com/story/sports/college/2022/04/01/trinity-thomas-leads-florida-into-regional-final-with-pair-of-10s-gymnastics-ncaa/65347723007/,7.105346335814549
min_k,member,https://www.ydr.com/story/sports/high-school/2022/04/11/select-gametimepa-yaiaa-athletes-of-the-week-for-april-4-to-april-9/65349464007/,6.540762194565365
min_k,member,https://www.ydr.com/story/news/local/2022/08/30/old-farmers-almanac-predicts-snowy-cold-winter-for-central-pennsylvania/65461359007/,6.346886316935222
min_k,member,https://www.ydr.com/story/sports/college/penn-state/2022/05/10/nfl-penn-state-nittany-lions-football-walk-on-drew-hartlaub-to-carolina-panthers/65353082007/,7.118528689314055
min_k,member,https://www.ydr.com/story/news/local/2022/04/20/after-school-satan-club-denied-northern-york-school-board-joy-el-christian-club/65351019007/,7.5784550079932576
min_k,member,https://www.ydr.com/restricted/?return=https%3A%2F%2Fwww.ydr.com%2Fin-depth%2Fnews%2F2022%2F06%2F13%2Farts-entertainment-york-county-most-influential-people%2F65351410007%2F,0.6400175840086982
min_k,member,https://www.ydr.com/story/opinion/2022/06/07/agnes-left-behind-mud-dead-rats-old-tires-and-all-kinds-of-trash/65359554007/,7.5233920920561275
min_k,member,https://www.ydr.com/story/news/local/2022/08/22/gifford-pinchot-state-park-suspends-water-activities-in-the-lake/65413407007/,7.517096408775875
min_k,member,https://www.ydr.com/story/news/politics/blogs/ydr-politics/2022/08/16/12-things-to-know-about-u-s-rep-scott-perry-a-focus-of-jan-6-probe/65398484007/,7.346360637564701
min_k,member,https://www.ydr.com/story/sports/college/penn-state/football/2022/09/02/penn-state-football-sean-clifford-joey-porter-purdue-james-franklin-drew-allar/65465541007/,7.734895676517031
min_k,member,https://www.ydr.com/story/news/crime/2022/09/08/virginia-hayden-sentenced-for-husband-thomas-hayden-death-remains-found-in-foodsaver-bag/65466365007/,7.420620196486173
min_k,member,https://www.ydr.com/story/news/2022/06/06/york-county-prison-trainer-joseph-garcia-testified-in-cv-case/65358870007/,7.474760949611664
min_k,member,https://www.ydr.com/restricted/?return=https%3A%2F%2Fwww.ydr.com%2Fstory%2Fnews%2Fwatchdog%2F2022%2F05%2F18%2Fson-louis-appell-jr-initiates-civil-rico-case-limited-liability-company-owns-old-mesto-corp-building%2F65355293007%2F,0.4681334398678287
min_k,member,https://www.ydr.com/story/news/2022/09/07/congressional-committee-skewers-postal-service-in-philadelphia-meeting-louis-dejoy/65800851007/,7.327304187774658
min_k,member,https://www.ydr.com/story/money/careers/2022/09/13/having-trouble-hiring-penn-mar-might-be-able-to-help/69487345007/,7.024885415110349
min_k,member,https://www.ydr.com/restricted/?return=https%3A%2F%2Fwww.ydr.com%2Fin-depth%2Fnews%2F2022%2F06%2F13%2Fsports-york-county-most-influential-athletics-football-gymnastics-swimming%2F65351425007%2F,0.6400175840086982
min_k,member,https://www.ydr.com/restricted/?return=https%3A%2F%2Fwww.ydr.com%2Fstory%2Fnews%2Fhistory%2Fgettysburg%2F2022%2F04%2F14%2Fraven-rock-mountain-nuclear-attack-target-doomsday-preppers-worried%2F65349485007%2F,0.4681334398678287
min_k,member,https://www.ydr.com/story/opinion/2022/08/31/what-would-you-do-if-you-witnessed-someone-at-risk/65465660007/,7.7474854754669895
min_k,member,https://www.ydr.com/restricted/?return=https%3A%2F%2Fwww.ydr.com%2Fstory%2Fmoney%2Fbusiness%2F2022%2F05%2F31%2Fcomings-and-goings-popular-pool-closed-for-summer-market-houses-add-stands%2F65357481007%2F,0.5248051086730455
min_k,member,https://www.ydr.com/story/news/religion/2022/04/05/york-county-church-tells-gospel-in-22-year-stained-glass-project/65345285007/,7.43856974001284
min_k,member,https://www.ydr.com/story/opinion/2022/07/20/big-important-york-county-history-cultural-projects-picking-up-steam/65377980007/,8.283800663486604
min_k,member,https://www.ydr.com/story/news/local/2022/08/22/i-83-overpass-york-county-repairs-route-74-bridge/65409148007/,6.806749934241886
min_k,member,https://www.ydr.com/story/news/2022/05/03/dining-out-for-spring-checking-out-revival-social-club-in-york/65350791007/,7.551662204400548
min_k,member,https://www.ydr.com/story/news/2022/06/06/northeastern-school-district-offers-students-cdl-training-amid-driver-shortages/65357688007/,7.062059946380988
min_k,member,https://www.ydr.com/story/news/2022/07/28/york-state-fair-2022-fried-cauliflower-lolas-waffles-ice-cream/65384751007/,7.6782079530798875
min_k,member,https://www.ydr.com/story/sports/high-school/football/2022/08/29/central-pa-high-school-football-wil-rider-no-longer-football-coach-hanover-high-school/65462473007/,6.5912340526227595
min_k,member,https://www.ydr.com/story/news/2022/06/09/how-the-pandemic-helped-wolfgang-confectioners-rebound-from-bankruptcy-candy-york-pa/65358750007/,7.111444693640618
min_k,member,https://www.ydr.com/story/news/watchdog/2022/05/16/federal-judge-grants-preliminary-injuction-grandmother-2-year-old-dante-mullinix-york/65355837007/,6.675755059655337
min_k,member,https://www.ydr.com/story/sports/high-school/2022/04/07/track-and-field-league-has-records-dating-to-1980-and-others-from-2021/65348542007/,6.892270016310802
min_k,member,https://www.ydr.com/story/news/2022/06/05/amber-alert-canceled-after-toddler-missing-from-york-county-is-found-safe/65358883007/,6.245817092061043
min_k,member,https://www.ydr.com/restricted/?return=https%3A%2F%2Fwww.ydr.com%2Fin-depth%2Fnews%2F2022%2F06%2F13%2Fbusiness-development-york-county-most-influential-people%2F65351418007%2F,0.6400175840086982
min_k,member,https://www.ydr.com/story/news/local/2022/09/06/interstate-83-queen-street-overpass-repairs-cost-up-to-double-after-hits/65467467007/,6.9105893407549175
min_k,member,https://www.ydr.com/story/news/2022/06/15/vietnam-veteran-jon-langione-75-finally-got-eastern-york-high-school-diploma/65358492007/,7.085404303646827
min_k,member,https://www.ydr.com/story/news/local/2022/05/12/york-county-prison-feasibility-study-competency-restoration-center/65354974007/,6.502493832041235
min_k,member,https://www.ydr.com/restricted/?return=https%3A%2F%2Fwww.ydr.com%2Fstory%2Fnews%2Fcrime%2F2022%2F04%2F12%2Fex-york-ice-arena-general-manager-mike-cleveland-enters-accelerated-rehabilitative-disposition%2F65348922007%2F,0.4681334398678287
min_k,member,https://www.ydr.com/story/news/crime/2022/08/26/virginia-man-sentenced-logging-truck-death-hanover-brian-mawyer-eugene-ben-fuhrman/65418220007/,7.1180061554723935
min_k,member,https://www.ydr.com/story/news/2022/04/25/encore-a-celebration-of-york-county-high-school-musicials-returns/65351061007/,6.702442990135901
min_k,member,https://www.ydr.com/story/sports/college/penn-state/2022/04/11/former-nfl-penn-state-nittany-lion-running-back-gary-brown-dies-of-cancer/65349538007/,7.385231918131812
min_k,member,https://www.ydr.com/story/sports/college/penn-state/football/2022/09/07/penn-state-big-ten-college-football-james-franklin-joey-porter/65475134007/,7.536783773874499
min_k,member,https://www.ydr.com/story/sports/high-school/football/2022/06/23/northeastern-high-school-approves-kirby-brubaker-as-head-football-coach/65362925007/,6.864989295276492
min_k,member,https://www.ydr.com/story/news/local/2022/08/31/york-county-judicial-center-closed-today-because-of-cooling-unit-leak/65465478007/,7.5241438360775215
min_k,member,https://www.ydr.com/restricted/?return=https%3A%2F%2Fwww.ydr.com%2Fin-depth%2Fnews%2F2022%2F06%2F01%2Frevitalization-gentrification-york-pa-salem-square-neighborhood%2F6795644001%2F,0.5248051086730455
min_k,member,https://www.ydr.com/story/sports/high-school/football/2022/06/09/york-suburbans-mike-bentivegna-earns-offer-from-st-francis/65359674007/,6.650486258360056
min_k,member,https://www.ydr.com/story/sports/high-school/football/2022/04/26/central-york-quarterback-cade-pribula-to-transfer-from-delaware/65352088007/,6.41461952382868
min_k,member,https://www.ydr.com/story/news/2022/07/21/york-state-fair-2022-how-to-beat-the-heat-wave-through-the-weekend/65377927007/,6.54848395453559
min_k,member,https://www.ydr.com/story/news/2022/08/17/york-daily-record-editor-randy-parker-has-left-the-newspaper/65407329007/,6.8158474509249025
min_k,member,https://www.ydr.com/story/sports/college/penn-state/football/2022/08/29/penn-state-football-james-franklin-big-ten-purdue-sean-clifford/65461391007/,6.871824049655302
min_k,member,https://www.ydr.com/story/entertainment/2022/05/03/choir-choir-choir-event-brings-singing-after-covid-to-appell-center/65352201007/,8.278185187793168
min_k,member,https://www.ydr.com/story/news/local/2022/09/06/long-pine-run-reservoir-in-michaux-state-forest-adams-county-offers-quiet-escape/65466799007/,8.09676339228948
min_k,nonmember,https://www.ydr.com/story/news/2022/05/02/york-county-will-not-offer-drop-box-for-voters-to-return-mail-ballots/65353056007/,5.918077948272869
min_k,nonmember,https://www.ydr.com/story/news/crime/2022/05/23/dover-township-man-charged-in-shooting-at-the-walmart-in-northern-york-county/65357213007/,5.783866304271626
min_k,nonmember,https://www.ydr.com/restricted/?return=https%3A%2F%2Fwww.ydr.com%2Fstory%2Fnews%2F2022%2F04%2F27%2Fex-york-county-911-employee-discrimination-wrongful-termination-lawsuit%2F65351908007%2F,1.082193715718776
min_k,nonmember,https://www.ydr.com/restricted/?return=https%3A%2F%2Fwww.ydr.com%2Fstory%2Fnews%2F2022%2F06%2F08%2Fthis-small-central-pa-town-grew-like-crazy-during-the-pandemic-mechanicsburg%2F65358412007%2F,0.5295132376078981
min_k,nonmember,https://www.ydr.com/story/opinion/2022/08/23/york-pa-s-market-street-parking-garage-tells-50-year-tale-of-change/65415733007/,8.759590178533317
min_k,nonmember,https://www.ydr.com/story/sports/high-school/lacrosse-girls/2022/05/26/district-3-lacrosse-twin-valley-tops-york-catholic-for-2a-girls-title/65357508007/,6.638936473612199
min_k,nonmember,https://www.ydr.com/story/sports/outdoors/2022/07/19/world-record-butterfly-ray-caught-by-camp-hill-pa-bow-angler-jeremy-gipe/65374856007/,7.447075321674347
min_k,nonmember,https://www.ydr.com/story/news/politics/2022/04/24/primary-election-2022-heres-who-is-running-pa-94th-state-house-seat/65350262007/,6.556436508893967
min_k,nonmember,https://www.ydr.com/story/sports/college/penn-state/football/2022/09/10/penn-state-football-ohio-bobcats-nicholas-singleton-drew-allar-kaytron-allen/66779446007/,7.776515609435453
min_k,nonmember,https://www.ydr.com/story/sports/high-school/2022/06/16/yaiaa-girls-lacrosse-coaches-name-2022-league-all-stars/65361380007/,7.054667461418106
min_k,nonmember,https://www.ydr.com/story/news/2022/07/19/pa-moves-water-quality-and-saving-the-chesapeake-to-the-front-burner/65374281007/,6.652839732751613
min_k,nonmember,https://www.ydr.com/story/news/2022/08/19/harley-davidson-iam-union-new-contract-york-pennsylvania-plant/65410302007/,7.175874421090791
min_k,nonmember,https://www.ydr.com/story/news/crime/2022/05/31/man-sentenced-prison-aggravated-assault-attack-meredith-keltner-north-codorus-township-york-county/65357791007/,6.585567829487202
min_k,nonmember,https://www.ydr.com/story/news/crime/2022/07/26/tyrell-dotson-convicted-of-murder-for-death-of-willmar-santos-batista/65378028007/,7.338231220245361
min_k,nonmember,https://www.ydr.com/restricted/?return=https%3A%2F%2Fwww.ydr.com%2Fstory%2Fsports%2Fhigh-school%2F2022%2F05%2F23%2Fthe-top-baseball-and-softball-players-in-the-district-3-playoffs%2F65356526007%2F,0.4681334398678287
min_k,nonmember,https://www.ydr.com/restricted/?return=https%3A%2F%2Fwww.ydr.com%2Fstory%2Fnews%2Fcrime%2F2022%2F04%2F06%2Fwoman-found-guilty-keeping-remains-grandmother-freezer-social-security-york-county%2F65347682007%2F,0.4681334398678287
min_k,nonmember,https://www.ydr.com/restricted/?return=https%3A%2F%2Fwww.ydr.com%2Fstory%2Fnews%2Fwatchdog%2F2022%2F05%2F11%2Fyork-shooting-tony-wasilewski-2014-not-guilty%2F65350885007%2F,0.4681334398678287
min_k,nonmember,https://www.ydr.com/story/news/2022/05/06/voter-intimidation-delayed-primary-results-possible-pa-official-says/65353837007/,6.832409381866455
min_k,nonmember,https://www.ydr.com/story/news/2022/04/13/pa-state-house-passes-bill-against-trans-girls-in-girls-sports/65349966007/,2.0623194148221353
min_k,nonmember,https://www.ydr.com/story/news/crime/2022/05/03/york-county-police-departments-struggle-to-find-new-and-diverse-hires/65352123007/,7.104810909791426
min_k,nonmember,https://www.ydr.com/story/news/crime/2022/04/14/three-die-two-separate-shootings-york-pa-this-week/65349623007/,5.656136700601289
min_k,nonmember,https://www.ydr.com/story/sports/college/penn-state/football/2022/04/18/penn-state-eric-wilson-journey-nfl-draft-2022/65347360007/,7.768340346217156
min_k,nonmember,https://www.ydr.com/story/news/local/2022/04/15/pennsylvania-supreme-court-suspends-law-license-york-attorney-clarence-allen/65350197007/,6.236879251897335
min_k,nonmember,https://www.ydr.com/story/news/2022/04/21/interstate-81-accident-pa-police-release-names-six-who-died/65351243007/,6.605252992911417
min_k,nonmember,https://www.ydr.com/story/news/2022/06/14/hurricane-agnes-flood-1972-devastated-central-pennsylvania-heavy-rain-flooding/65359285007/,7.020975961220845
min_k,nonmember,https://www.ydr.com/restricted/?return=https%3A%2F%2Fwww.ydr.com%2Fstory%2Fsports%2Fhigh-school%2Ftrack%2F2022%2F05%2F18%2Fpiaa-track-and-field-70-athletes-to-watch-in-district-3-meet%2F65355844007%2F,0.4681334398678287
min_k,nonmember,https://www.ydr.com/story/sports/college/penn-state/football/2022/06/09/penn-state-football-nick-singleton-kaytron-allen-lead-james-franklin/65359587007/,7.388288960528018
min_k,nonmember,https://www.ydr.com/story/news/2022/07/13/left-bank-restaurant-bar-eatery-downtown-york-pa-for-sale/65372564007/,7.074633230077158
min_k,nonmember,https://www.ydr.com/story/sports/high-school/basketball-girls/2022/07/05/new-west-york-and-spring-grove-basketball-york-college-coaches-started-at-same-place/65364925007/,6.884414478143056
min_k,nonmember,https://www.ydr.com/story/news/local/2022/09/16/springettsbury-township-man-dies-25-days-after-2-vehicle-crash/69497262007/,5.871259505932148
min_k,nonmember,https://www.ydr.com/restricted/?return=https%3A%2F%2Fwww.ydr.com%2Fin-depth%2Fsports%2F2022%2F06%2F15%2F22-women-who-changed-york-adams-sports-before-after-title-ix%2F65351069007%2F,0.6400175840086982
min_k,nonmember,https://www.ydr.com/restricted/?return=https%3A%2F%2Fwww.ydr.com%2Fstory%2Fnews%2Fcrime%2F2022%2F04%2F07%2Fman-sentenced-prison-two-deadly-drug-overdoses-york-county%2F65347700007%2F,0.4681334398678287
min_k,nonmember,https://www.ydr.com/story/sports/high-school/football/2022/06/06/central-york-football-players-continue-to-pick-up-division-i-offers/65358420007/,6.681636965183346
min_k,nonmember,https://www.ydr.com/story/news/2022/08/04/york-police-turn-to-the-community-for-ideas-to-reduce-gun-violence/65388415007/,7.1959052952853115
min_k,nonmember,https://www.ydr.com/story/opinion/2022/06/21/york-aauw-at-50-group-resets-for-new-chapter-of-its-story/65362223007/,8.080771650289345
min_k,nonmember,https://www.ydr.com/story/sports/college/penn-state/football/2022/08/08/penn-state-football-coaches-poll-big-ten-james-franklin/65395659007/,6.755400471938284
min_k,nonmember,https://www.ydr.com/story/news/2022/07/27/york-state-fair-ride-inspections-what-you-need-to-know/65382750007/,6.985849383454886
min_k,nonmember,https://www.ydr.com/story/news/local/2022/07/11/york-state-fair-july-22-31-details-admission-tickets-parking-hours-and-more/65364021007/,6.985657987140474
min_k,nonmember,https://www.ydr.com/story/news/2022/07/12/rep-scott-perry-proud-boys-leader-zachary-rehl-implicated-jan-6-testimony/65372007007/,5.921424399583768
min_k,nonmember,https://www.ydr.com/story/sports/high-school/track-girls/2022/06/21/laila-campbell-wins-100-meter-dash-at-new-balance-nationals/65362272007/,6.374056935310364
min_k,nonmember,https://www.ydr.com/story/sports/college/penn-state/football/2022/09/08/penn-state-big-ten-and-college-football-ohio-james-franklin/65742707007/,6.629132628013584
min_k,nonmember,https://www.ydr.com/story/news/2022/04/06/lake-williams-dam-built-in-1911-is-being-demolished/65348530007/,7.7686385574011965
min_k,nonmember,https://www.ydr.com/story/news/2022/06/22/rich-wurzbach-of-mrg-labs-invented-a-blood-test-for-machines/65352146007/,7.408715389925858
min_k,nonmember,https://www.ydr.com/story/news/2022/06/30/child-found-dead-pool-campground-southern-york-county-pa-after-going-missing/65365256007/,6.341994070425266
min_k,nonmember,https://www.ydr.com/story/news/local/2022/06/23/judge-rules-favor-york-mayor-michael-helfrich-over-oath-office-henry-nixon/65363082007/,7.058192241191864
min_k,nonmember,https://www.ydr.com/story/news/2022/05/12/jan-6-panel-subpoenas-us-rep-scott-perry/65355153007/,2.9811680517351826
min_k,nonmember,https://www.ydr.com/story/news/2022/07/25/mechanicsburg-man-dies-in-two-vehicle-crash-in-dover-township-police-say/65382145007/,5.578529902224271
min_k,nonmember,https://www.ydr.com/story/sports/college/penn-state/football/2022/09/06/penn-state-college-football-big-ten-ohio-james-franklin-nick-singleton/65474170007/,8.084682563940683
min_k,nonmember,https://www.ydr.com/story/sports/high-school/2022/05/23/district-3-volleyball-results-scores-from-class-3a-2a-tournaments/65357229007/,5.20569406872365
min_k,nonmember,https://www.ydr.com/restricted/?return=https%3A%2F%2Fwww.ydr.com%2Fin-depth%2Fnews%2F2022%2F06%2F13%2Fphilanthropy-nonprofits-york-county-most-influential-people-charity-giving%2F65352045007%2F,0.6400175840086982
min_k,nonmember,https://www.ydr.com/story/news/local/2022/09/09/tech-company-buys-york-continental-square-citizens-bank-property/67309566007/,7.972276270389557
min_k,nonmember,https://www.ydr.com/story/news/politics/elections/2022/07/03/protesters-at-york-rally-want-scott-perry-gone-from-congress/65366404007/,6.490003383942764
min_k,nonmember,https://www.ydr.com/restricted/?return=https%3A%2F%2Fwww.ydr.com%2Fstory%2Fnews%2F2022%2F04%2F21%2Fyork-restaurant-inspections-one-out-of-compliance%2F65350038007%2F,0.4681334398678287
min_k,nonmember,https://www.ydr.com/story/news/2022/05/02/yorks-mothers-day-street-fair-was-canceled-but-theres-an-alternative-alexandria-keener-beaver-street/65352175007/,7.157434808202536
min_k,nonmember,https://www.ydr.com/story/sports/high-school/baseball/2022/06/02/district-3-baseball-east-pennsboro-beats-littlestown-for-4a-title/65358498007/,6.532926322877869
min_k,nonmember,https://www.ydr.com/restricted/?return=https%3A%2F%2Fwww.ydr.com%2Fstory%2Fnews%2Fwatchdog%2F2022%2F05%2F03%2Fmedical-marijuana-zero-tolerance-dui-pennsylvania%2F65352215007%2F,0.4681334398678287
min_k,nonmember,https://www.ydr.com/story/news/2022/07/18/york-state-fair-2022-guide-to-what-to-eat/65373031007/,7.910438559534475
min_k,nonmember,https://www.ydr.com/story/opinion/columnists/2022/05/17/reporter-katia-parks-shares-insights-to-york-pa-violence/65350927007/,7.222159800591407
min_k,nonmember,https://www.ydr.com/story/sports/high-school/football/2022/05/10/jon-scepanski-leaves-northeastern-to-take-conestoga-valley-football-job/65354649007/,6.270927136284964
min_k,nonmember,https://www.ydr.com/story/news/2022/07/06/pennsylvania-residents-among-those-arrested-u-s-capitol-insurrection/4331778001/,6.551112576949695
min_k,nonmember,https://www.ydr.com/story/news/politics/2022/05/18/jeff-piccola-chairman-of-york-county-gop-resigns/65356063007/,6.879581985473632
min_k,nonmember,https://www.ydr.com/story/news/2022/05/17/york-county-2022-democratic-republican-primary-race-results-today/65355341007/,5.903046713935004
min_k,nonmember,https://www.ydr.com/story/sports/high-school/football/2022/09/13/sam-stoner-jahiem-white-closing-in-on-york-high-william-penn-football-records/69487731007/,6.8145135573621065
min_k,nonmember,https://www.ydr.com/story/news/2022/08/10/fat-daddys-nightclub-closes-auctioning-off-everything-in-york-pa-springettsbury/65395677007/,7.737707732559799
min_k,nonmember,https://www.ydr.com/story/sports/college/penn-state/football/2022/04/28/greatest-penn-state-catches-receivers-jahan-dotson-jameson-williams/65352118007/,7.457291390746832
min_k,nonmember,https://www.ydr.com/story/opinion/2022/07/26/these-key-projects-would-boost-quality-of-life-in-york-county/65383602007/,8.271544223056413
min_k,nonmember,https://www.ydr.com/story/news/2022/04/27/congressman-scott-perry-new-text-reveals-more-about-attempt-to-change-2020-presidential-election-res/65352246007/,6.220587346864783
min_k,nonmember,https://www.ydr.com/story/news/2022/09/08/the-best-dive-bars-in-york-county-pa-here-are-6-to-check-out/65475324007/,8.00503398772867
min_k,nonmember,https://www.ydr.com/story/news/crime/2022/07/12/jaquez-brown-suspect-york-murder-shaheim-carr-recently-freed-prison/65371037007/,6.94396259265239
min_k,nonmember,https://www.ydr.com/restricted/?return=https%3A%2F%2Fwww.ydr.com%2Fstory%2Fnews%2F2022%2F06%2F07%2Fnew-species-yorkicystis-haefneri-discovered-dig-fossils-york-pa%2F65357621007%2F,0.5295132376078981
min_k,nonmember,https://www.ydr.com/story/sports/high-school/football/2022/05/31/west-yorks-terry-bupp-elected-to-pennsylvania-football-coaches-hall-of-fame/65357624007/,6.783921069019246
min_k,nonmember,https://www.ydr.com/story/sports/high-school/basketball-boys/2022/05/03/piaa-schools-vote-against-adding-a-shot-clock-to-high-school-basketball/65353578007/,6.908287357561516
min_k,nonmember,https://www.ydr.com/story/news/2022/06/29/the-haines-shoe-house-in-york-county-will-become-an-airbnb/65364374007/,6.8869628218504095
min_k,nonmember,https://www.ydr.com/story/news/2022/05/04/meltdown-three-mile-island-airs-on-netflix/65353510007/,7.318873277644522
min_k,nonmember,https://www.ydr.com/story/opinion/2022/09/06/restoring-yorks-potters-field-do-it-yourself-urbanism/65474708007/,8.16775187705327
min_k,nonmember,https://www.ydr.com/story/news/2022/04/07/central-pennsylvania-to-receive-rain-today-national-weather-service-says/65348821007/,7.068038070903105
min_k,nonmember,https://www.ydr.com/story/news/2022/05/16/severe-thunderstorm-watch-issued-central-pa-tornado-possible/65355765007/,6.396439603857092
min_k,nonmember,https://www.ydr.com/story/news/politics/2022/04/11/dr-oz-senate-campaign-trump-endorsement/65349165007/,6.70630263113508
min_k,nonmember,https://www.ydr.com/story/sports/college/penn-state/football/2022/04/29/nfl-draft-washington-commanders-penn-states-receiver-jahan-dotson-in-first-round/65352135007/,7.413953469469656
min_k,nonmember,https://www.ydr.com/story/sports/college/penn-state/2022/04/24/penn-state-james-franklin-sean-clifford-lead-psu-at-blue-white-game/65351312007/,7.527785319907992
min_k,nonmember,https://www.ydr.com/story/sports/college/penn-state/2022/04/23/penn-state-football-blue-white-game-with-james-franklin-drew-allar/65351234007/,7.587134178394058
min_k,nonmember,https://www.ydr.com/story/news/crime/2022/06/15/spring-garden-township-man-charged-with-fatally-stabbing-pregnant-woman-in-york-in-may/65361137007/,5.904470973310217
min_k,nonmember,https://www.ydr.com/story/sports/high-school/basketball-girls/2022/07/11/gettysburg-star-named-gametimepa-yaiaa-girls-athlete-of-the-year/65370388007/,6.756004896360574
min_k,nonmember,https://www.ydr.com/story/sports/high-school/2022/05/23/select-gametimepa-yaiaa-athletes-of-the-week-for-may-16-to-may-21/65357145007/,6.720442136128743
min_k,nonmember,https://www.ydr.com/story/news/2022/05/09/york-county-bakery-collects-donations-to-support-ukrainian-refugees/65353063007/,6.7293291363289685
min_k,nonmember,https://www.ydr.com/story/news/2022/04/12/white-clover-farm-stand-in-hellam-spurred-by-pandemic-food-supply-issues/65347398007/,7.458793104187516
min_k,nonmember,https://www.ydr.com/story/sports/high-school/football/2022/08/27/yaiaa-football-week-1-york-high-loses-thriller-central-york-gets-big-win/65457937007/,7.071956399437431
min_k,nonmember,https://www.ydr.com/story/sports/college/penn-state/football/2022/08/29/penn-state-football-big-ten-purdue-boilermakers-nick-singleton/65461401007/,8.033771568415116
min_k,nonmember,https://www.ydr.com/story/news/local/2022/06/22/central-pa-braces-severe-thunderstorms-across-states-md-dc-wva-va-wednesday-evening-9-pm/65362654007/,6.881216219493321
min_k,nonmember,https://www.ydr.com/story/news/crime/2022/06/20/york-pa-woman-sentenced-hiding-grandmother-body-freezer-social-security/65361623007/,7.501253942525165
min_k,nonmember,https://www.ydr.com/story/news/local/2022/05/26/veterans-memorial-gold-star-garden-memorial-day-event-honoring-wwi-kia/65354618007/,7.480718913739615
min_k,nonmember,https://www.ydr.com/story/news/crime/2022/04/15/man-dies-after-being-shot-during-fight-outside-home-in-adams-county/65350257007/,6.9535022311740455
min_k,nonmember,https://www.ydr.com/story/news/local/2022/07/29/multiple-casualties-chanceford-township-crash-york-county-traffic-collision/65386614007/,5.963428002684863
min_k,nonmember,https://www.ydr.com/story/opinion/2022/05/03/new-life-for-hanover-trolley-rails/65353555007/,7.835930081813232
min_k,nonmember,https://www.ydr.com/story/news/2022/05/13/infant-found-dead-east-berlin-mother-ashley-decker-charged/65355254007/,5.970126987217429
min_k,nonmember,https://www.ydr.com/story/news/local/2022/07/18/reverend-adrian-boxley-appointed-york-city-district-justice-by-state/65371722007/,7.471876004467839
min_k,nonmember,https://www.ydr.com/story/news/2022/05/03/give-local-york-24-hours-of-fundraising-right-around-the-corner/65353091007/,8.15007362827178
min_k,nonmember,https://www.ydr.com/story/news/nation/2022/07/06/michael-lopatic-of-lancaster-dead-one-year-after-insurrection-arrest/65367853007/,6.228903616175932
min_k,nonmember,https://www.ydr.com/story/sports/high-school/football/2022/08/27/central-pa-high-school-football-yaiaa-scores-results-highlights-from-week-1/65419140007/,6.772915137608846
min_k,nonmember,https://www.ydr.com/story/news/2022/09/12/pa-drivers-will-get-new-licenses-with-enhanced-security-features/69486893007/,5.872615011370912
min_k,nonmember,https://www.ydr.com/story/sports/college/penn-state/football/2022/09/10/penn-state-football-score-vs-ohio-university-bobcats-big-ten-nick-singleton/66758652007/,7.580382829016828
min_k,nonmember,https://www.ydr.com/story/news/crime/2022/05/23/murder-suicide-deadly-shooting-gunfire-mar-weekend-in-york-county/65356861007/,5.917150147259235
min_k,nonmember,https://www.ydr.com/story/opinion/2022/04/12/2-century-old-st-paul-lebanon-lutheran-church-illustrates-easter-message/65349861007/,7.872381715607225
min_k,nonmember,https://www.ydr.com/story/opinion/2022/04/19/100-year-old-catholic-womans-club-in-york-draws-strength-from-its-past/65350914007/,8.034559442182628
min_k,nonmember,https://www.ydr.com/story/sports/high-school/baseball/2022/06/09/piaa-baseball-delone-catholic-tops-schuylkill-haven-to-reach-2a-semis/65359966007/,6.63075043124403
min_k,nonmember,https://www.ydr.com/story/news/crime/2022/05/26/york-county-district-attorney-drops-charges-co-defendant-attack-north-codorus-township/65357291007/,6.22628594878921
min_k,nonmember,https://www.ydr.com/story/sports/college/penn-state/football/2022/08/07/penn-state-football-3-things-to-learn-about-2022-big-ten-season/65393638007/,7.188482941592418
min_k,nonmember,https://www.ydr.com/story/sports/college/penn-state/football/2022/06/02/drew-hartlaub-hanover-leaves-carolina-panthers-injury-concussions/65358206007/,7.210788824025867
min_k,nonmember,https://www.ydr.com/restricted/?return=https%3A%2F%2Fwww.ydr.com%2Fstory%2Fnews%2F2022%2F05%2F10%2Fcould-mental-health-experts-prevented-killing-of-lebanon-police-lt-william-lebo%2F65352523007%2F,0.4681334398678287
min_k,nonmember,https://www.ydr.com/restricted/?return=https%3A%2F%2Fwww.ydr.com%2Fstory%2Fsports%2Fhigh-school%2F2022%2F05%2F24%2Fnil-name-image-likeness-deals-could-be-headed-piaa-what-it-means-pa-high-school%2F65354558007%2F,0.5248051086730455
min_k,nonmember,https://www.ydr.com/story/news/2022/05/24/brian-korte-york-haven-lynwood-nester-dillsburg-charged-capitol-riots/65357319007/,7.490748741409996
min_k,nonmember,https://www.ydr.com/story/opinion/2022/06/23/trovestreet-a-new-way-to-learn-about-aging-in-york-county/65362833007/,7.14006340265274
min_k,nonmember,https://www.ydr.com/story/opinion/2022/05/11/mifflin-house-preservation-latest-land-use-battle-in-eastern-york-county/65354943007/,7.930188849483541
min_k,nonmember,https://www.ydr.com/story/news/2022/08/02/pennsylvania-turnpike-tolls-increase-by-5-percent-january-e-zpass-pa-turnpike-hike/65389692007/,5.837741149369107
min_k,nonmember,https://www.ydr.com/story/sports/college/penn-state/football/2022/08/02/psu-football-games-nittany-lions-james-franklin-sean-clifford/65385455007/,7.789957366206429
min_k,nonmember,https://www.ydr.com/restricted/?return=https%3A%2F%2Fwww.ydr.com%2Fstory%2Fnews%2Fwatchdog%2F2022%2F04%2F20%2Fc-sau-prison-trainer-testifies-unemployed-exaggerated-business-jospha-garcia%2F65350079007%2F,0.4681334398678287
min_k,nonmember,https://www.ydr.com/restricted/?return=https%3A%2F%2Fwww.ydr.com%2Fstory%2Fsports%2Fhigh-school%2Fbaseball%2F2022%2F04%2F13%2Fhigh-school-sports-baseball-at-york-high-in-the-yaiaa-puerto-rico%2F65345438007%2F,0.4681334398678287
min_k,nonmember,https://www.ydr.com/restricted/?return=https%3A%2F%2Fwww.ydr.com%2Fstory%2Fnews%2Fcrime%2F2022%2F05%2F06%2Fmothers-day-struggle-for-those-who-have-lost-children-parents%2F65353690007%2F,0.4681334398678287
min_k,nonmember,https://www.ydr.com/story/sports/2022/05/05/toronto-blue-jays-call-up-delone-catholic-grad-casey-lawrence/65353814007/,6.104114330990214
min_k,nonmember,https://www.ydr.com/story/news/politics/elections/2022/05/26/politico-mark-meadows-burned-papers-after-meeting-with-scott-perry/65357627007/,6.16887370745341
min_k,nonmember,https://www.ydr.com/story/sports/high-school/2022/04/25/select-gametimepa-yaiaa-athletes-of-the-week-for-april18-to-april-23/65351891007/,7.142410025304677
min_k,nonmember,https://www.ydr.com/story/news/2022/04/08/york-county-food-bank-is-moving-its-operations-out-of-the-former-kmart-store/65348695007/,6.469085976481438
min_k,nonmember,https://www.ydr.com/story/opinion/2022/05/23/pas-farmers-municipalities-pay-for-legislatures-inaction-on-clean-water/65357214007/,7.167213465653214
min_k,nonmember,https://www.ydr.com/restricted/?return=https%3A%2F%2Fwww.ydr.com%2Fstory%2Fnews%2Flocal%2F2022%2F06%2F13%2Ftasalina-young-memory-daughter-dyamond-helps-others-in-york-pa%2F65356517007%2F,0.6400175840086982
min_k,nonmember,https://www.ydr.com/story/news/local/2022/07/18/pa-backing-historic-small-restaurants-grant-awarded-harmony-inn/65371204007/,8.005887895435482
min_k,nonmember,https://www.ydr.com/story/news/2022/04/20/senator-jake-corman-eyes-pa-governors-office-after-23-years-in-dc/65348987007/,6.584267971466999
min_k,nonmember,https://www.ydr.com/story/news/2022/06/30/cheap-gas-what-is-e15-unleaded-88-and-e85-is-it-safe-to-use-in-cars-boats-vehicles-sheetz/65364424007/,6.71105629032098
min_k,nonmember,https://www.ydr.com/restricted/?return=https%3A%2F%2Fwww.ydr.com%2Fstory%2Fnews%2F2022%2F04%2F07%2Fpa-speed-cameras-work-zones-tickets-tossed-after-error-found%2F65345082007%2F,0.4681334398678287
min_k,nonmember,https://www.ydr.com/story/sports/high-school/2022/05/09/select-gametimepa-yaiaa-athletes-of-the-week-formay-2-to-may-7/65354485007/,7.505495664808485
min_k,nonmember,https://www.ydr.com/story/sports/high-school/softball/2022/07/06/piaa-softball-coaches-select-states-top-players/65365518007/,7.382583682965009
min_k,nonmember,https://www.ydr.com/story/sports/high-school/football/2022/08/22/central-pa-football-schedule-scores-york-adams-2022-season/65409218007/,4.607833685413484
min_k,nonmember,https://www.ydr.com/story/sports/college/2022/03/31/ncaa-gymnastic-regionals-how-to-watch-the-action-from-4-competitions/65347499007/,6.680925419456081
min_k,nonmember,https://www.ydr.com/story/news/2022/07/29/one-killed-building-collapse-adams-county-central-pa-farm-state-police-say/65386328007/,6.816860036849976
min_k,nonmember,https://www.ydr.com/story/news/2022/09/14/pa-residents-with-criminal-records-could-get-help/69491572007/,7.203914486059622
min_k,nonmember,https://www.ydr.com/story/news/crime/2022/05/18/york-city-police-investigating-womans-overnight-death-as-homicide/65356359007/,6.541732189390395
min_k,nonmember,https://www.ydr.com/restricted/?return=https%3A%2F%2Fwww.ydr.com%2Fstory%2Fnews%2F2022%2F04%2F21%2Fcomings-and-goings-eco-friendly-store-opens-in-york-coffee-shop-closes%2F65351060007%2F,0.4681334398678287
min_k,nonmember,https://www.ydr.com/restricted/?return=https%3A%2F%2Fwww.ydr.com%2Fstory%2Fnews%2F2022%2F05%2F11%2Fthe-york-and-adams-county-real-estate-markets-are-still-pretty-hot%2F65354554007%2F,0.4681334398678287
min_k,nonmember,https://www.ydr.com/story/news/local/2022/09/06/fall-festivals-and-family-friendly-activities-in-york-county/65419910007/,6.670518826368147
min_k,nonmember,https://www.ydr.com/story/sports/high-school/2022/04/18/select-gametimepa-yaiaa-athletes-of-the-week-for-april-11-16/65350764007/,7.188036334757903
min_k,nonmember,https://www.ydr.com/story/news/2022/04/26/man-dies-after-falling-into-the-codorus-creek-in-york-fire-chief-says/65351925007/,5.998983505525087
min_k,nonmember,https://www.ydr.com/story/news/local/2022/08/04/children-injured-in-deadly-amish-tractor-crash-york-county-remain-in-hospital/65390689007/,6.476576591149355
min_k,nonmember,https://www.ydr.com/story/news/crime/2022/04/18/york-school-district-chad-gerrick-pleads-guilty-disorderly-conduct/65350765007/,6.014521505318436
min_k,nonmember,https://www.ydr.com/story/news/local/2022/05/05/york-city-council-brings-crown-act-to-board-for-hair-discrimination/65353633007/,7.060573409153865
min_k,nonmember,https://www.ydr.com/story/sports/high-school/wrestling/2022/05/05/dave-gable-steps-down-as-dallastown-wrestling-coach-after-25-years/65353876007/,6.875796937409726
min_k,nonmember,https://www.ydr.com/story/news/crime/2022/05/25/former-north-york-tax-collector-keith-ramsay-rejected-veterans-wellness-court/65356693007/,6.891080297604955
min_k,nonmember,https://www.ydr.com/story/sports/high-school/volleyball-boys/2022/06/01/piaa-boys-volleyball-results-matchups/65358273007/,4.972862341243369
min_k,nonmember,https://www.ydr.com/story/news/2022/08/02/the-community-responds-to-help-an-amish-family-touched-by-tragedy/65388394007/,7.211428217237042
min_k,nonmember,https://www.ydr.com/story/news/politics/2022/04/07/kenyatta-running-for-senate-because-the-status-quo-will-not-save-us/65348457007/,6.77670714917121
min_k,nonmember,https://www.ydr.com/restricted/?return=https%3A%2F%2Fwww.ydr.com%2Fstory%2Fnews%2Fcrime%2F2022%2F05%2F09%2Fhearing-joe-fitzpatrick-iii-first-degree-murder-second-trial-york-county%2F65353970007%2F,0.4681334398678287
min_k,nonmember,https://www.ydr.com/story/news/2022/05/18/shamaine-daniels-wins-democratic-nomination-to-face-scott-perry-us-congress/65355455007/,6.495688749644571
min_k,nonmember,https://www.ydr.com/story/news/local/2022/06/22/adams-county-crash-leaves-three-dead-pa-police-say/65362619007/,7.075301508108775
min_k,nonmember,https://www.ydr.com/restricted/?return=https%3A%2F%2Fwww.ydr.com%2Fstory%2Fsports%2Fhigh-school%2Ftrack%2F2022%2F05%2F19%2Fpiaa-track-and-field-70-athletes-to-watch-in-district-3-meet%2F65355844007%2F,0.4681334398678287
min_k,nonmember,https://www.ydr.com/story/news/crime/2022/08/25/york-county-pa-da-says-shooting-after-wedding-self-defense/65415627007/,6.458715443708459
min_k,nonmember,https://www.ydr.com/story/sports/college/penn-state/football/2022/06/28/penn-state-football-james-franklin-recruits-southern-players-from-alabama-al-florida-fla/65362631007/,6.854429757758362
min_k,nonmember,https://www.ydr.com/restricted/?return=https%3A%2F%2Fwww.ydr.com%2Fstory%2Fnews%2F2022%2F06%2F02%2Fafter-a-long-two-years-heres-where-summer-festivals-in-central-pa-stand-in-2022%2F65352431007%2F,0.4183353253980525
min_k,nonmember,https://www.ydr.com/story/news/2022/05/03/encore-a-celebration-of-york-county-high-school-musicials-returns/65351061007/,6.903763982714439
min_k,nonmember,https://www.ydr.com/story/news/local/2022/07/05/electric-wooden-tour-boat-chief-uncus-launched-in-susquehanna-river-york-county/65365534007/,7.608682458080462
min_k,nonmember,https://www.ydr.com/story/news/fixing-york/2022/09/01/redevelopment-plans-for-south-george-street-post-office-sought/65468307007/,7.407418952268713
min_k,nonmember,https://www.ydr.com/story/sports/high-school/volleyball-boys/2022/07/08/piaa-district-3-13-yaiaa-players-named-boys-volleyball-all-stars/65368955007/,7.03592466933565
min_k,nonmember,https://www.ydr.com/story/sports/high-school/football/2022/09/17/yaiaa-football-scores-from-week-4-dallastown-central-york-earn-wins/69496327007/,6.681807974694481
min_k,nonmember,https://www.ydr.com/story/sports/high-school/football/2022/05/18/central-yorks-cade-pribula-transfers-from-delaware-to-sacred-heart/65355912007/,6.3267700334309565
min_k,nonmember,https://www.ydr.com/story/news/local/2022/09/15/vandals-damaged-a-welcome-to-york-gateway-water-company-will-fix-it/69492561007/,7.133878982230408
min_k,nonmember,https://www.ydr.com/story/news/local/2022/07/13/christmas-smile-in-july-offers-free-food-gifts-and-more-in-york/65371977007/,7.465183979586551
min_k,nonmember,https://www.ydr.com/story/news/crime/2022/09/07/strada-brothers-sentence-in-whispering-wind-bear-spirit-shooting-death/65466363007/,6.432744464655032
min_k,nonmember,https://www.ydr.com/story/opinion/2022/07/05/years-after-civil-war-york-surrendered-a-second-time-to-confederates/65367339007/,8.387116376799767
min_k,nonmember,https://www.ydr.com/story/news/politics/elections/2022/08/24/scott-perry-sues-department-of-justice-block-access-cellphone-jan-6-probe/65418234007/,6.9899053149753145
min_k,nonmember,https://www.ydr.com/story/news/2022/05/23/york-state-fair-2022-what-to-expect-concerts-prices-heroes-hall/65355495007/,6.911939557260661
min_k,nonmember,https://www.ydr.com/story/sports/high-school/2022/07/15/nil-name-age-likeness-policy-pa-high-school-athletes-1-step-closer-to-deals-heres-how/65373478007/,6.593289660555976
min_k,nonmember,https://www.ydr.com/story/sports/high-school/track/2022/05/20/district-3-track-and-field-results-from-day-1-in-shippensburg/65356535007/,6.852704987191317
min_k,nonmember,https://www.ydr.com/story/news/crime/2022/08/19/former-york-city-police-officer-charged-sexual-abuse-teen-joseph-palmer/65411308007/,6.314559691991562
min_k,nonmember,https://www.ydr.com/story/news/health/2022/08/23/wellspan-health-celebrates-ecmo-survivors/65410594007/,6.765707629521688
min_k,nonmember,https://www.ydr.com/story/news/politics/elections/2022/07/20/u-s-rep-scott-perry-votes-in-favor-of-bill-to-protect-gay-marriage/65378069007/,6.659909352827608
min_k,nonmember,https://www.ydr.com/story/sports/high-school/football/2022/07/11/dallastown-star-named-gametimepa-yaiaa-boys-athlete-of-the-year/65368843007/,7.012052770905894
min_k,nonmember,https://www.ydr.com/story/sports/college/penn-state/football/2022/09/13/penn-state-big-ten-college-football-auburn-tigers-sec-drew-allar/69486532007/,7.546480478662433
min_k,nonmember,https://www.ydr.com/story/opinion/2022/04/26/sen-regan-we-will-not-allow-satan-into-northern-york-county-schools/65352053007/,7.701079519171464
min_k,nonmember,https://www.ydr.com/story/opinion/2022/05/24/southcentral-pa-teachers-influence-lasts-a-lifetime/65357368007/,7.891702902587977
min_k,nonmember,https://www.ydr.com/story/news/politics/2022/04/24/primary-election-2022-47th-pa-state-house-seat-contested-republican-ticket/65350261007/,7.730117461260627
min_k,nonmember,https://www.ydr.com/story/news/2022/04/12/easter-traditions-in-central-pa-include-pysanky-eggs-and-easter-bread/65348709007/,7.527790686071391
min_k,nonmember,https://www.ydr.com/restricted/?return=https%3A%2F%2Fwww.ydr.com%2Fstory%2Fnews%2Flocal%2F2022%2F04%2F20%2Fcan-after-school-satan-club-sue-northern-york-school-district-lucien-greaves%2F65351105007%2F,0.4681334398678287
min_k,nonmember,https://www.ydr.com/story/sports/high-school/2022/09/12/yaiaa-sports-select-athletes-of-the-week-for-sept-5-to-sept-10/69487037007/,7.927953710743025
min_k,nonmember,https://www.ydr.com/story/news/2022/04/20/more-than-21000-tulips-are-near-full-bloom-at-hershey-gardens/65350850007/,7.667809494754724
min_k,nonmember,https://www.ydr.com/story/news/local/2022/09/01/gas-prices-drop-below-4-dollars-gallon-at-some-stations-in-york-county/65466343007/,6.293810508562171
min_k,nonmember,https://www.ydr.com/story/news/2022/06/13/christmas-assault-victim-barbara-laughman-west-manchester-township-encompass-health/65360603007/,6.303203118814005
min_k,nonmember,https://www.ydr.com/story/sports/college/penn-state/football/2022/04/12/penn-state-football-nittany-lions-add-demeioun-robinson-maryland-linebacker/65349874007/,6.781775076677845
min_k,nonmember,https://www.ydr.com/restricted/?return=https%3A%2F%2Fwww.ydr.com%2Fstory%2Fnews%2F2022%2F05%2F09%2Fwestinghouse-atom-smasher-rots-away-in-a-pennsylvania-neighborhood%2F65352649007%2F,0.4681334398678287
min_k,nonmember,https://www.ydr.com/story/news/watchdog/2022/05/20/pennsylvania-supreme-court-denies-request-appeal-york-county-prison-corrections-officers-taunting/65356543007/,6.921154576189378
min_k,nonmember,https://www.ydr.com/story/sports/high-school/2022/05/27/piaa-track-and-field-chambersburgs-j-j-kelly-wins-triple-jump-title/65357639007/,7.093713148520411
min_k,nonmember,https://www.ydr.com/story/sports/college/penn-state/football/2022/07/21/penn-state-football-sexual-extortion-student-athletes-police/65377756007/,6.432653462014547
min_k,nonmember,https://www.ydr.com/story/sports/high-school/football/2022/06/10/york-catholic-hires-longtime-assistant-brad-hayek-as-head-football-coach/65360074007/,6.731678104004919
min_k,nonmember,https://www.ydr.com/story/news/crime/2022/04/06/pennsylvania-superior-court-permission-appeal-ex-southwestern-regional-police-officer-shooting/65348674007/,6.525814685821533
min_k,nonmember,https://www.ydr.com/story/sports/college/penn-state/football/2022/09/01/penn-state-purdue-boilermakers-big-ten-live-scoring-updates/65465506007/,7.264773438026855
min_k,nonmember,https://www.ydr.com/story/news/health/2022/04/01/a-night-to-remember-those-lost-by-covid-with-1488-luminaries-in-york/65347724007/,7.854867915953359
min_k,nonmember,https://www.ydr.com/story/news/crime/2022/09/13/one-dead-one-injured-in-reported-stabbing-in-springettsbury-township/69492968007/,5.985084932425926
min_k,nonmember,https://www.ydr.com/story/sports/college/penn-state/football/2022/05/09/penn-state-nittany-lions-football-dani-dennis-sutton-defensive-lineman/65352114007/,7.6355998876932505
min_k,nonmember,https://www.ydr.com/story/news/crime/2022/08/08/5-people-found-unconscious-two-now-dead-in-york-county-pa-home/65396070007/,6.008705248151506
min_k,nonmember,https://www.ydr.com/restricted/?return=https%3A%2F%2Fwww.ydr.com%2Fstory%2Fsports%2Fhigh-school%2Fbaseball%2F2022%2F05%2F24%2Fyork-high-baseball-dominican-republic-puerto-rico-york-revolution%2F65355801007%2F,0.5248051086730455
min_k,nonmember,https://www.ydr.com/restricted/?return=https%3A%2F%2Fwww.ydr.com%2Fstory%2Fnews%2Fwatchdog%2F2022%2F04%2F14%2Frobert-vicosa-murder-suicide-timeline-events-transparency%2F65349570007%2F,0.4681334398678287
min_k,nonmember,https://www.ydr.com/story/news/2022/08/25/fundraiser-christine-fousek-rylee-reynolds-stewartstown-york-county/65419562007/,6.553515808002369
min_k,nonmember,https://www.ydr.com/story/sports/high-school/football/2022/09/02/central-pennsylvania-high-school-football-scoreboard-see-which-york-adams-teams-won-in-week-2/65468092007/,6.799187393749461
min_k,nonmember,https://www.ydr.com/story/sports/college/penn-state/football/2022/04/29/nfl-draft-penn-state-football-arnold-ebiketie-atlanta-falcons/65352157007/,7.064959072244578
min_k,nonmember,https://www.ydr.com/story/news/2022/09/14/trans-siberian-orchestra-to-perform-2-concerts-in-hershey-in-december/69491582007/,6.0683161687850955
min_k,nonmember,https://www.ydr.com/story/news/crime/2022/09/14/one-dead-one-injured-in-reported-stabbing-in-springettsbury-township/69492968007/,5.824921118034111
min_k,nonmember,https://www.ydr.com/story/news/politics/elections/2022/08/17/democrat-shamaine-daniels-poll-shows-lead-over-rep-scott-perry/65404028007/,7.310012225645134
min_k,nonmember,https://www.ydr.com/story/news/2022/05/18/york-county-2022-democratic-republican-primary-race-results-today/65355341007/,5.903046713935004
min_k,nonmember,https://www.ydr.com/story/news/crime/2022/09/13/york-county-coroner-identifies-man-who-died-after-weekend-shooting-in-city/69491367007/,5.536159992218018
min_k,nonmember,https://www.ydr.com/story/news/crime/2022/04/27/man-pleads-no-contest-third-degree-murder-deadly-shooting-west-manheim-township-york-county/65352283007/,6.320689520110255
min_k,nonmember,https://www.ydr.com/story/news/crime/2022/05/26/former-northern-york-county-regional-police-chief-facing-dui-charges/65357632007/,6.9555557932172505
min_k,nonmember,https://www.ydr.com/story/news/2022/07/05/teen-dies-4-injured-single-vehicle-crash-near-littlestown-adams-county-pa-july-4/65367258007/,6.589401691774778
min_k,nonmember,https://www.ydr.com/story/news/2022/04/13/conor-lamb-senate-race-says-record-over-john-fetterman/65348890007/,6.765703896734734
min_k,nonmember,https://www.ydr.com/story/sports/high-school/football/2022/09/08/central-pa-high-school-football-live-scoreboard-from-week-3-yaiaa-ll-league-mid-penn-conference/66862778007/,8.105435520410538
min_k,nonmember,https://www.ydr.com/story/news/2022/05/10/real-id-in-pa-with-deadline-approaching-heres-what-you-need-to-know/65353960007/,6.38527950195417
min_k,nonmember,https://www.ydr.com/story/sports/college/penn-state/football/2022/04/29/penn-state-ad-patrick-kraft-confirmed-friday/65352557007/,7.162090589833814
min_k,nonmember,https://www.ydr.com/story/news/crime/2022/05/27/daiquan-dickerson-sentenced-life-prison-murdering-dover-area-high-school-student-emily-shoemaker/65356726007/,6.42234880079603
min_k,nonmember,https://www.ydr.com/story/sports/high-school/2022/06/27/award-winning-kennard-dale-powerlifting-coach-steps-down/65362716007/,6.918257163865917
min_k,nonmember,https://www.ydr.com/story/sports/college/penn-state/football/2022/07/01/college-football-usc-ucla-joining-penn-state-big-ten/65366000007/,7.887908969262634
min_k,nonmember,https://www.ydr.com/story/sports/high-school/softball/2022/05/26/district-3-softball-championships-results-scores-from-each-round/65357552007/,5.307612230575162
min_k,nonmember,https://www.ydr.com/story/news/2022/05/20/police-investigating-shooting-west-manchester-west-york-auto-spa-express/65356744007/,6.501340162558634
min_k,nonmember,https://www.ydr.com/story/news/2022/06/07/philadelphia-man-sedition-charges-u-s-capitol-insurrection/65359583007/,5.61090157748936
min_k,nonmember,https://www.ydr.com/story/news/2022/08/11/hundreds-turn-out-to-protest-the-re-use-of-york-county-landfill/65398396007/,7.411596875154335
min_k,nonmember,https://www.ydr.com/story/news/crime/2022/08/19/takanii-beatty-gets-prison-time-for-york-rape-prostitution-case/65405818007/,6.494027567381906
min_k,nonmember,https://www.ydr.com/restricted/?return=https%3A%2F%2Fwww.ydr.com%2Fstory%2Fnews%2F2022%2F06%2F14%2Fwill-pennsylvania-make-it-easier-for-teachers-to-carry-guns%2F65360505007%2F,0.6400175840086982
min_k,nonmember,https://www.ydr.com/story/news/local/2022/08/16/lawsuit-louis-appell-iii-filed-against-ufd-founders-settled/65395849007/,7.208397972662717
min_k,nonmember,https://www.ydr.com/story/news/2022/08/01/york-pa-three-alarm-fire-destroys-vacant-home-east-mason-avenue/65387808007/,7.370072162852567
min_k,nonmember,https://www.ydr.com/story/news/2022/08/09/pa-cuts-corporate-net-income-tax-nearly-in-half/65396041007/,6.612429645699515
min_k,nonmember,https://www.ydr.com/story/news/local/2022/06/27/six-york-county-restaurants-out-of-compliance-inspections-dirty-kitchens/65361708007/,7.524672867180814
min_k,nonmember,https://www.ydr.com/story/news/2022/05/27/weather-alert-storms-flash-floods-possible-tornado-central-pa/65357673007/,6.11790591345893
min_k,nonmember,https://www.ydr.com/story/news/politics/2022/04/24/voters-guide-2022-10th-congressional-race-in-pennsylvania/65350260007/,7.734689712524414
min_k,nonmember,https://www.ydr.com/story/news/crime/2022/04/28/york-county-victims-rights-coalition-march-vigil-trauma-support/65352197007/,6.853771964708964
min_k,nonmember,https://www.ydr.com/story/news/politics/2022/04/24/primary-election-2022-two-republicans-vying-pa-169th-state-house-seat/65350263007/,9.309390654930702
min_k,nonmember,https://www.ydr.com/restricted/?return=https%3A%2F%2Fwww.ydr.com%2Fstory%2Fnews%2F2022%2F05%2F03%2Fa-developer-has-big-plans-for-former-memorial-hospital-site%2F65352173007%2F,0.4681334398678287
min_k,nonmember,https://www.ydr.com/story/opinion/2022/07/15/the-long-road-to-vindication-for-officer-clayton-swartz-opinion/65374340007/,8.03730677446193
min_k,nonmember,https://www.ydr.com/story/sports/high-school/tennis-girls/2022/04/29/yaiaa-tennis-which-players-are-still-alive-for-championships/65352612007/,7.878851777857
min_k,nonmember,https://www.ydr.com/story/sports/college/penn-state/football/2022/09/18/penn-state-football-nick-singleton-auburn-tigers-big-ten-sec/69494656007/,7.606920520891853
min_k,nonmember,https://www.ydr.com/story/news/2022/06/22/american-idol-finalist-huntergirl-york-state-fair-july-29/65362462007/,6.169385440765866
min_k,nonmember,https://www.ydr.com/story/news/crime/2022/05/16/york-activists-dog-and-car-stolen-begs-thief-to-return-pet-safely/65355772007/,7.291540650488104
min_k,nonmember,https://www.ydr.com/story/news/2022/04/18/mollys-courtyard-cafe-york-to-close-and-new-cafe-reopens-in-june/65349885007/,6.858191791458509
min_k,nonmember,https://www.ydr.com/story/news/2022/06/29/co-defendant-in-dover-student-emily-shoemakers-murder-sentenced/65364373007/,6.323520258198614
min_k,nonmember,https://www.ydr.com/restricted/?return=https%3A%2F%2Fwww.ydr.com%2Fstory%2Flife%2Ffood%2F2022%2F05%2F16%2Ffarms-in-york-county-offer-home-deliveries%2F65352137007%2F,0.4681334398678287
min_k,nonmember,https://www.ydr.com/story/news/local/2022/06/10/york-county-police-partner-with-logos-on-public-safety-collaboration/65359772007/,7.753324563686665
min_k,nonmember,https://www.ydr.com/story/opinion/2022/08/02/st-lukes-lutheran-church-celebrates-250-anniversary-in-southern-york-county/65389486007/,8.273803991797083
min_k,nonmember,https://www.ydr.com/restricted/?return=https%3A%2F%2Fwww.ydr.com%2Fin-depth%2Fnews%2F2022%2F06%2F13%2Factivism-social-justice-york-most-influential-people%2F65351407007%2F,0.6400175840086982
min_k,nonmember,https://www.ydr.com/story/news/local/2022/05/31/murder-suicide-victim-erin-walker-remembered-at-central-memorial/65358157007/,7.270807632110404
min_k,nonmember,https://www.ydr.com/story/news/local/2022/07/21/york-mayor-michael-helfrich-oath-of-office-decision-appealed-to-superior-court/65377376007/,7.119642721640097
min_k,nonmember,https://www.ydr.com/restricted/?return=https%3A%2F%2Fwww.ydr.com%2Fstory%2Fnews%2F2022%2F05%2F12%2Fparents-at-northeastern-school-district-fed-up-with-bullying%2F65351444007%2F,0.4681334398678287
min_k,nonmember,https://www.ydr.com/story/sports/high-school/football/2022/09/08/red-lion-high-school-garrett-coppersmith-makes-record-breaking-kick/66745861007/,7.129836930334568
min_k,nonmember,https://www.ydr.com/story/sports/high-school/football/2022/06/17/eric-depew-hired-as-red-land-football-coach-after-leaving-york-catholic/65361664007/,6.1860996749184345
min_k,nonmember,https://www.ydr.com/story/news/2022/09/13/emt-struck-by-truck-in-downtown-york/69493220007/,7.902424176534017
min_k,nonmember,https://www.ydr.com/story/news/watchdog/2022/05/20/york-daily-record-takes-district-attorney-to-court-in-vicosa-case/65355306007/,6.861063763313768
min_k,nonmember,https://www.ydr.com/story/sports/2022/06/24/michigans-eli-brooks-signs-summer-league-contract-with-indiana-pacers/65363446007/,6.426623106002808
min_k,nonmember,https://www.ydr.com/restricted/?return=https%3A%2F%2Fwww.ydr.com%2Fstory%2Fsports%2Fhigh-school%2F2022%2F04%2F04%2Fyork-adams-players-watch-district-state-high-school-sports-yaiaa%2F65347631007%2F,0.4681334398678287
min_k,nonmember,https://www.ydr.com/story/news/2022/05/19/harley-davidson-york-county-pa-springettsbury-township-suspends-operations/65356500007/,5.355127036571503
min_k,nonmember,https://www.ydr.com/restricted/?return=https%3A%2F%2Fwww.ydr.com%2Fstory%2Fsports%2Fhigh-school%2Ffootball%2F2022%2F05%2F11%2Fcoach-russ-stoner-goes-beyond-football-for-city-of-york-school-district%2F65350937007%2F,0.4681334398678287
min_k,nonmember,https://www.ydr.com/story/news/2022/05/11/york-county-911-holding-recruitment-drive-to-fill-15-open-positions/65354635007/,6.869027969883938
min_k,nonmember,https://www.ydr.com/story/news/2022/06/03/central-pa-bars-taverns-facing-beer-shortage/65358543007/,7.268978545868319
min_k,nonmember,https://www.ydr.com/story/sports/college/2022/04/02/trinity-thomas-leads-florida-to-third-highest-gymnastic-total-in-ncaa/65347768007/,6.792535629123449
min_k,nonmember,https://www.ydr.com/restricted/?return=https%3A%2F%2Fwww.ydr.com%2Fstory%2Fnews%2F2022%2F05%2F16%2Fyork-county-restaurant-inspections-engine-oil-bottle-found-in-food-area-meat-not-covered%2F65354936007%2F,0.4681334398678287
min_k,nonmember,https://www.ydr.com/story/news/crime/2022/05/24/spring-garden-police-press-conference-central-york-high-school-teacher-fatal-shooting/65357296007/,7.215136032104493
min_k,nonmember,https://www.ydr.com/story/sports/high-school/basketball-girls/2022/05/02/jim-kunkle-resigns-as-west-york-area-high-school-girls-basketball-coach/65353118007/,6.827221848243891
min_k,nonmember,https://www.ydr.com/story/opinion/2022/09/13/2022-dorrie-leader-award-recipient-lizaida-morales/69492274007/,7.704624870435787
min_k,nonmember,https://www.ydr.com/story/news/2022/05/24/celebrate-national-wine-day-with-mark-and-vals-wine-in-york/65356572007/,7.057152045607077
min_k,nonmember,https://www.ydr.com/story/sports/high-school/football/2022/09/06/yaiaa-sports-select-athletes-of-the-week-foraug-29-to-sept-3/65475033007/,7.694355390288613
min_k,nonmember,https://www.ydr.com/story/sports/college/penn-state/football/2022/04/20/penn-state-blue-white-football-game-2022-james-franklin-nick-singleton/65350805007/,7.469344003826168
min_k,nonmember,https://www.ydr.com/story/sports/high-school/2022/05/31/high-school-sports-select-final-yaiaa-athletes-of-week-for-2021-22/65358283007/,7.896542467722079
min_k,nonmember,https://www.ydr.com/story/news/politics/2022/04/25/pa-voters-guide-2022-where-the-primary-candidates-stand/65350980007/,6.369879027090129
min_k,nonmember,https://www.ydr.com/story/news/local/community/2022/07/27/russia-ukraine-war-antonina-kovalenko-emigsville-george-hay-kain/65381771007/,6.7429831604381185
min_k,nonmember,https://www.ydr.com/story/sports/nfl/2022/04/25/bruce-arians-retirement-nfl-coach-tampa-bay-health-tom-brady/65348336007/,7.3958523183629135
min_k,nonmember,https://www.ydr.com/story/news/local/2022/08/15/route-30-pa-crash-claims-the-life-of-one-york-township-woman/65403368007/,6.554281860589981
min_k,nonmember,https://www.ydr.com/story/news/local/2022/05/31/york-police-offer-form-for-residents-that-suffer-from-mental-illness/65357719007/,6.908896204587576
min_k,nonmember,https://www.ydr.com/story/news/2022/08/11/congressman-scott-perry-pa-10th-district-fbi-investigation/65399207007/,6.536948045918361
min_k,nonmember,https://www.ydr.com/story/news/politics/2022/09/15/mastriano-education-plan-would-cut-school-funding-by-12b-union-says/69495468007/,6.543876335734413
min_k,nonmember,https://www.ydr.com/story/news/2022/04/07/life-with-alopecia-is-an-emotional-roller-coaster/65348435007/,6.5268148317981
min_k,nonmember,https://www.ydr.com/story/sports/outdoors/2022/09/01/trout-stocking-hatcheries-pa-fish-boat-commission/65462285007/,7.206400324536868
min_k,nonmember,https://www.ydr.com/story/news/2022/06/10/osha-investigating-after-workers-fall-in-chocolate-tank-lancaster-pennsylvania-factory/65360110007/,6.05031039637904
min_k,nonmember,https://www.ydr.com/story/news/2022/05/26/distinguished-young-women-of-york-county-to-award-scholarships/65357279007/,7.481877874760401
min_k,nonmember,https://www.ydr.com/story/news/politics/2022/04/05/primary-2022-who-is-running-for-office-in-central-pa/65346540007/,6.550264122929026
min_k,nonmember,https://www.ydr.com/story/opinion/2022/04/06/sen-mike-regan-its-time-to-legalize-adult-use-marijuana-in-pa/65348677007/,6.67096988179467
min_k,nonmember,https://www.ydr.com/story/news/local/2022/09/07/problem-solver-studios-in-west-york-offers-safe-space-for-music-artists/65458109007/,6.920955944061279
min_k,nonmember,https://www.ydr.com/story/news/local/2022/07/13/video-helps-york-police-arrest-jaquez-brown-in-killing-of-shaheim-carr/65372942007/,6.647604909661698
min_k,nonmember,https://www.ydr.com/story/news/2022/07/08/wildcat-roller-coaster-hershey-park-closing-rmc-coasters/65369486007/,7.2448892467900325
min_k,nonmember,https://www.ydr.com/story/news/2022/05/17/primary-day-in-pennsylvania-what-you-need-to-know-about-the-polls-last-minute-mail-ballots/65352112007/,6.247399042420468
min_k,nonmember,https://www.ydr.com/story/news/politics/2022/04/14/pa-governors-race-doug-mastriano-leading-election-denier/65349168007/,6.632026469121214
min_k,nonmember,https://www.ydr.com/story/news/2022/06/10/scott-perry-sought-presidential-pardon-january-6-insurrection-capitol-attack-liz-cheney/65360025007/,6.146648645401001
min_k,nonmember,https://www.ydr.com/story/sports/high-school/lacrosse-boys/2022/05/16/yaiaa-boys-lacrosse-coaches-name-2022-all-stars-players-of-the-year/65355776007/,7.029293281801285
min_k,nonmember,https://www.ydr.com/restricted/?return=https%3A%2F%2Fwww.ydr.com%2Fstory%2Fsports%2Fhigh-school%2F2022%2F04%2F05%2Fyork-adams-players-watch-district-state-high-school-sports-yaiaa%2F65347631007%2F,0.4681334398678287
min_k,nonmember,https://www.ydr.com/restricted/?return=https%3A%2F%2Fwww.ydr.com%2Fstory%2Fnews%2F2022%2F05%2F09%2Fcould-mental-health-experts-prevented-killing-of-lebanon-police-lt-william-lebo%2F65352523007%2F,0.4681334398678287
min_k,nonmember,https://www.ydr.com/story/news/local/2022/08/03/york-xl-york-county-food-bank-seek-grants-from-gannett-community-thrives/65385659007/,7.606637609856469
min_k,nonmember,https://www.ydr.com/story/news/2022/06/07/baltimore-county-md-collector-chad-shapiro-has-thomas-edison-light-bulbs/65352109007/,8.118670244933117
min_k,nonmember,https://www.ydr.com/story/opinion/2022/06/15/york-countys-conspiracy-of-1803-a-troubling-story/65361114007/,8.39445552271466
min_k,nonmember,https://www.ydr.com/story/sports/high-school/basketball-girls/2022/04/18/dallastowns-dshantae-edwards-commits-to-bethune-cookman-basketball/65350270007/,6.635884518275445
min_k,nonmember,https://www.ydr.com/restricted/?return=https%3A%2F%2Fwww.ydr.com%2Fstory%2Fsports%2Fhigh-school%2F2022%2F06%2F21%2Fgettysburg-athletics-should-the-yaiaa-be-ok-with-move-to-mid-penn%2F65361026007%2F,0.6246947241828215
min_k,nonmember,https://www.ydr.com/story/news/2022/04/01/lebanon-city-police-officer-lebo-shooting-timeline-travis-shaud/65347767007/,5.854610763896595
min_k,nonmember,https://www.ydr.com/story/news/2022/07/27/former-superfund-site-in-hopewell-twp-could-be-reopened-as-landfill/65382901007/,6.933366154017073
min_k,nonmember,https://www.ydr.com/restricted/?return=https%3A%2F%2Fwww.ydr.com%2Fstory%2Fnews%2F2022%2F04%2F05%2Fnew-pizza-shop-opens-in-york-as-an-old-favorite-returns%2F65347318007%2F,0.4681334398678287
min_k,nonmember,https://www.ydr.com/story/news/local/2022/08/31/united-steelworkers-union-gives-notice-of-strike-to-bae-systems-in-york/65464768007/,6.437392716137868
min_k,nonmember,https://www.ydr.com/story/news/2022/06/16/first-black-owned-gettysburg-the-keystone-inn-bed-breakfast/65354942007/,7.476453348238897
min_k,nonmember,https://www.ydr.com/story/news/traffic/2022/08/29/route-462-market-street-by-interstate-83-to-close-five-weeks-for-bridge-replacement/65417738007/,6.6856387118903955
min_k,nonmember,https://www.ydr.com/restricted/?return=https%3A%2F%2Fwww.ydr.com%2Fstory%2Fnews%2Flocal%2F2022%2F06%2F02%2Fconfidential-settlement-lawsuits-deaths-two-york-city-firefighters-ivan-flanscha-zachary-anthony%2F65357792007%2F,0.4183353253980525
min_k,nonmember,https://www.ydr.com/story/money/business/2022/07/17/best-of-the-best-awards-to-honor-the-finest-of-york-county/65373475007/,7.348364168802897
min_k,nonmember,https://www.ydr.com/story/news/politics/elections/2022/07/06/pa-coronavirus-deaths-doug-mastriano-republican-governor-race-josh-shapiro/65367847007/,0.7328518044087104
min_k,nonmember,https://www.ydr.com/story/news/crime/2022/09/01/former-east-manchester-township-manager-gene-david-gentzler-kidnapping-sentenced-to-prison/65462077007/,6.988865802814434
min_k,nonmember,https://www.ydr.com/story/sports/college/2022/04/16/florida-falls-short-ncaa-gymnastics-title-trinity-thomas-scores-perfect-10-west-york/65350392007/,7.23552999309465
min_k,nonmember,https://www.ydr.com/story/opinion/2022/04/29/sen-mike-regan-legally-wrong-in-stand-against-after-school-club-satan/65352613007/,7.278859327127646
min_k,nonmember,https://www.ydr.com/restricted/?return=https%3A%2F%2Fwww.ydr.com%2Fstory%2Fnews%2F2022%2F05%2F04%2Fcomings-and-goings-popular-taco-place-returns-bar-and-grill-closes%2F65353557007%2F,0.4681334398678287
min_k,nonmember,https://www.ydr.com/story/news/2022/06/13/york-state-fair-pa-toby-keith-tour-cancels-concert-july/65360563007/,6.333800101684312
min_k,nonmember,https://www.ydr.com/story/news/2022/06/14/chanceford-township-york-county-pa-teen-dies-from-injuries-in-crash-at-i-83-and-route-30-wellspan/65360665007/,5.999994438627492
min_k,nonmember,https://www.ydr.com/story/news/local/2022/04/06/pennsylvania-state-police-settle-profiling-immigration-lawsuit/65348777007/,6.534729694745627
min_k,nonmember,https://www.ydr.com/story/life/food/2022/05/25/york-county-restaurants-guide-for-dining-outside-coffee-bakeries/65357297007/,7.685021215869535
min_k,nonmember,https://www.ydr.com/story/news/local/2022/08/15/william-goodridge-statue-is-first-in-york-to-honor-african-americans/65400442007/,7.670594500924299
min_k,nonmember,https://www.ydr.com/story/sports/high-school/baseball/2022/06/06/coastal-carolina-baseball-nick-parker-shut-out-east-carolina-ncaa-regional/65358918007/,6.181625249874161
min_k,nonmember,https://www.ydr.com/story/sports/high-school/2022/05/28/piaa-track-spring-groves-laila-campbell-claims-two-gold-medals-again/65357640007/,6.137327001619472
min_k,nonmember,https://www.ydr.com/story/news/2022/08/01/york-state-fair-2022-sees-sharp-attendance-drop-hot-weather-blamed/65388258007/,6.6592301362715425
min_k,nonmember,https://www.ydr.com/restricted/?return=https%3A%2F%2Fwww.ydr.com%2Fstory%2Fnews%2Fwatchdog%2F2022%2F05%2F25%2Fman-pleads-guilty-third-degree-murder-deadly-interstate-83-crash%2F65357260007%2F,0.5248051086730455
min_k,nonmember,https://www.ydr.com/story/life/2022/06/23/102-year-old-retired-teacher-shares-memories-at-susquehannock-high/65362172007/,7.205057748881253
min_k,nonmember,https://www.ydr.com/story/news/crime/2022/05/22/one-injured-in-shooting-at-walmart-in-newberry-township-york-county/65356844007/,6.234349660312428
min_k,nonmember,https://www.ydr.com/story/news/local/2022/07/06/york-county-pa-single-vehicle-crash-one-woman-killed-lower-chanceford-township/65367755007/,5.191974503022653
min_k,nonmember,https://www.ydr.com/story/news/local/2022/05/03/crown-act-would-bar-discrimination-of-race-based-hairstyles-in-york/65353530007/,6.817690640470407
min_k,nonmember,https://www.ydr.com/story/sports/high-school/baseball/2022/06/14/yaiaa-baseball-coaches-name-2022-league-all-stars-players-of-the-year/65360678007/,6.595963638984353
min_k,nonmember,https://www.ydr.com/story/news/crime/2022/06/06/york-woman-arrested-stole-car-with-toddler-inside/65358916007/,5.653593971729278
min_k,nonmember,https://www.ydr.com/story/news/2022/06/07/gas-prices-in-central-pa-surpass-5-a-gallon-at-some-stations/65359220007/,5.80600098559731
min_k,nonmember,https://www.ydr.com/story/news/history/gettysburg/2022/04/06/thaddeus-stevens-gets-a-statue-from-his-fan-club-in-gettysburg/65348341007/,7.732903442163577
min_k,nonmember,https://www.ydr.com/story/news/local/2022/06/03/pedal-4-peace-wavecrave365-operating-in-condemned-building-closed-for-now/65358672007/,7.715353962920961
min_k,nonmember,https://www.ydr.com/story/news/politics/2022/05/18/keith-gillespie-stan-saylor-lose-pa-house-seats-in-gop-primary/65355136007/,7.33791303225926
min_k,nonmember,https://www.ydr.com/in-depth/news/2022/05/24/saving-york-street-by-street-the-unsung-people-helping-our-hometown/65351134007/,6.91303951224101
min_k,nonmember,https://www.ydr.com/story/opinion/2022/04/21/opinion-legalizing-marijuana-in-pa-is-a-dangerous-idea/65351230007/,7.344604081794864
min_k,nonmember,https://www.ydr.com/story/sports/college/penn-state/football/2022/07/19/penn-state-football-parecruiting-surge-in-big-ten-london-montgomery/65372327007/,7.089970572077813
min_k,nonmember,https://www.ydr.com/restricted/?return=https%3A%2F%2Fwww.ydr.com%2Fstory%2Fnews%2Fwatchdog%2F2022%2F05%2F04%2Fnew-federal-guidance-juvenile-justice-reform-act-of-2018%2F65352687007%2F,0.4681334398678287
min_k,nonmember,https://www.ydr.com/story/sports/high-school/2022/05/16/athletes-of-the-week-select-the-latest-yaiaa-winners/65355822007/,7.278190860041866
min_k,nonmember,https://www.ydr.com/story/sports/high-school/2022/08/26/central-pa-football-scores-highlights-from-week-1-yaiaa-ll-league-mid-penn-conference/65420337007/,7.2744365365881665
min_k,nonmember,https://www.ydr.com/story/opinion/2022/07/13/articles-of-confederation-crafters-sentenced-1st-constitution-to-short-life/65373089007/,8.32443520326293
min_k,nonmember,https://www.ydr.com/story/sports/high-school/2022/05/02/york-adams-athletes-select-this-weeks-top-performers-in-online-polls/65353164007/,7.32996388103651
min_k,nonmember,https://www.ydr.com/story/news/2022/04/05/dillsburg-halal-meats-suspended-after-usda-observes-mishandling-of-lamb/65348320007/,7.423135304281898
min_k,nonmember,https://www.ydr.com/restricted/?return=https%3A%2F%2Fwww.ydr.com%2Fstory%2Fnews%2F2022%2F06%2F21%2Fdallastown-area-high-school-and-alumni-to-perform-mamma-mia-two-years-after-covid-shutdown%2F65360132007%2F,0.6246947241828215
min_k,nonmember,https://www.ydr.com/story/news/crime/2022/04/18/york-city-struggles-for-answers-in-wake-of-continued-gun-violence/65347686007/,6.800166826499136
min_k,nonmember,https://www.ydr.com/story/news/local/2022/08/22/york-county-pa-history-center-construction-underway-site-from-first-power-station/65406643007/,8.003466635334249
min_k,nonmember,https://www.ydr.com/story/life/2022/05/23/red-lion-senior-high-school-offers-student-run-cafe/65355189007/,7.496687983709668
min_k,nonmember,https://www.ydr.com/restricted/?return=https%3A%2F%2Fwww.ydr.com%2Fstory%2Fsports%2Fhigh-school%2F2022%2F05%2F17%2Fthe-district-3-playoffs-are-here-these-are-the-top-athletes-to-watch%2F65355261007%2F,0.4681334398678287
min_k,nonmember,https://www.ydr.com/story/sports/high-school/football/2022/08/31/central-pa-high-school-football-scoreboard-results-from-week-2-yaiaa-ll-league-mid-penn-conference/65465990007/,7.746005739484515
min_k,nonmember,https://www.ydr.com/story/news/local/2022/06/27/sheetz-lowers-some-gas-prices-in-pennsylvania-for-july-4th-holiday/65364124007/,6.267142131593492
min_k,nonmember,https://www.ydr.com/story/money/companies/2022/09/12/refillism-store-in-york-boosts-access-to-eco-friendly-lifestyle/68221522007/,6.827754511929198
min_k,nonmember,https://www.ydr.com/story/news/local/2022/04/04/dover-area-northern-york-county-pa-teen-dies-car-crash/65348254007/,5.110678965502446
min_k,nonmember,https://www.ydr.com/story/news/crime/2022/08/10/kimberly-metz-sentenced-in-willmar-santos-batista-fathers-day-york-murder/65394957007/,6.9954176366329195
min_k,nonmember,https://www.ydr.com/story/sports/high-school/football/2022/09/16/central-pa-high-school-football-live-scoreboard-week-4-yaiaa-ll-league-mid-penn-conference/69496403007/,8.333115577697754
min_k,nonmember,https://www.ydr.com/story/news/local/2022/08/04/tractor-crash-in-york-county-results-another-death-4-year-old-boy-jeffrey-ryan-fisher/65391877007/,6.5164995340956855
min_k,nonmember,https://www.ydr.com/story/news/2022/04/06/route-30-adams-county-crash-claims-the-life-of-york-haven-man/65348639007/,6.507909125089645
min_k,nonmember,https://www.ydr.com/story/news/local/2022/04/21/york-county-judge-hears-argument-petition-seeking-disqualification-york-mayor-michael-helfrich/65351027007/,6.976177447231104
min_k,nonmember,https://www.ydr.com/restricted/?return=https%3A%2F%2Fwww.ydr.com%2Fstory%2Fnews%2F2022%2F06%2F09%2Fcomings-and-goings-downtown-york-gets-a-number-of-new-businesses%2F65359731007%2F,0.5295132376078981
min_k,nonmember,https://www.ydr.com/story/news/local/2022/08/24/live-band-members-and-bill-hynes-get-lawsuit-for-think-loud-studio-property/65404659007/,7.657553408497064
min_k,nonmember,https://www.ydr.com/story/news/2022/06/16/tornado-watch-issued-for-central-pennsylvania-national-weather-service/65361497007/,6.519690020331021
min_k,nonmember,https://www.ydr.com/story/news/crime/2022/05/23/central-york-teacher-killed-in-murder-suicide-in-spring-garden-township/65357189007/,6.352130508422851
min_k,nonmember,https://www.ydr.com/story/news/2022/04/26/pennsylvanias-child-welfare-system-needs-to-be-reformed/65351885007/,7.320580612166656
min_k,nonmember,https://www.ydr.com/story/opinion/2022/09/06/question-for-pennsylvania-child-welfare-how-can-more-children-be-saved/65463989007/,7.0813916680080435
min_k,nonmember,https://www.ydr.com/story/sports/high-school/2022/06/06/piaa-championships-first-round-results-from-baseball-softball-playoffs/65359199007/,6.673962555612836
min_k,nonmember,https://www.ydr.com/story/news/crime/2022/05/12/child-abuse-york-county-man-submerged-2-year-olds-hand-in-hot-water/65355049007/,6.595037242434672
min_k,nonmember,https://www.ydr.com/story/sports/college/penn-state/football/2022/08/25/penn-state-football-nittany-lions-jiayir-brown-tig-big-ten/65399007007/,7.354216188522282
min_k,nonmember,https://www.ydr.com/story/news/local/2022/04/19/satanist-club-proposal-to-northern-york-county-school-district-board/65350967007/,7.662159619680265
min_k,nonmember,https://www.ydr.com/story/news/2022/05/25/why-you-will-pay-400-for-a-bushel-of-blue-crabs-summer-2022-in-pa/65357266007/,7.177026389871986
min_k,nonmember,https://www.ydr.com/story/news/2022/08/10/hershey-chocolate-enough-candy-halloween-but-it-will-cost-more/65395842007/,7.344184463364737
min_k,nonmember,https://www.ydr.com/story/news/2022/05/10/pa-gas-prices-rise-new-record-high-dwindling-supplies/65353817007/,5.67589581143725
min_k,nonmember,https://www.ydr.com/story/news/local/2022/06/27/hanover-area-may-soon-get-a-wawa-first-in-york-county-pa/65363962007/,7.158051191492284
min_k,nonmember,https://www.ydr.com/story/news/2022/06/14/saving-york-street-by-street-read-about-heroes-york-pa/65360879007/,7.123195225134828
min_k,nonmember,https://www.ydr.com/story/news/2022/08/10/after-yorkfest-was-canceled-again-local-artists-stepped-up-yorks-art-week/65396122007/,7.172520146511569
min_k,nonmember,https://www.ydr.com/story/sports/college/penn-state/football/2022/09/11/ncaa-college-football-penn-state-ohio-bobcats-nicholas-singleton-drew-allar/66789648007/,7.464757338899081
min_k,nonmember,https://www.ydr.com/story/news/2022/05/05/voter-intimidation-delayed-primary-results-possible-pa-official-says/65353837007/,6.665271467632717
min_k,nonmember,https://www.ydr.com/story/news/local/2022/07/14/york-water-co-seeks-31-percent-rate-hike-puc-to-investigate/65373927007/,7.317879094527318
min_k,nonmember,https://www.ydr.com/story/opinion/2022/04/18/this-war-is-partly-about-russian-vs-ukrainian-language/65350841007/,8.986421835286535
min_k,nonmember,https://www.ydr.com/story/news/crime/2022/05/26/man-sentenced-prison-aggravated-animal-cruelty-york-county/65356698007/,6.9112624709988815
min_k,nonmember,https://www.ydr.com/story/news/crime/2022/07/07/york-settles-with-officer-clayton-swartz-joking-george-floyd-murder/65368943007/,7.409015713386165
min_k,nonmember,https://www.ydr.com/story/sports/high-school/2022/05/18/yaiaa-tournament-winners-from-volleyball-baseball-softball/65355964007/,6.5759861645875155
min_k,nonmember,https://www.ydr.com/story/news/2022/04/14/pa-republican-jeff-bartos-is-running-for-u-s-senate-on-kitchen-table-issues/65348985007/,6.723402966304319
min_k,nonmember,https://www.ydr.com/story/news/local/2022/07/05/central-pennsylvania-teen-opens-up-ice-cream-shop-with-unusual-flavors/65364068007/,6.848054065113574
min_k,nonmember,https://www.ydr.com/restricted/?return=https%3A%2F%2Fwww.ydr.com%2Fstory%2Fnews%2F2022%2F06%2F13%2Farchetype-pizza-in-downtown-york-to-open-june%2F65359889007%2F,0.6400175840086982
min_k,nonmember,https://www.ydr.com/story/news/local/2022/08/15/york-county-pa-man-dies-suspected-carbon-monoxide-poisoning-car-accidentally-left-running-garage/65403627007/,7.1106510789770825
min_k,nonmember,https://www.ydr.com/story/news/2022/05/10/meltdown-three-mile-island-airs-on-netflix/65353510007/,7.598755754743304
min_k,nonmember,https://www.ydr.com/story/news/politics/2022/07/08/pa-lawmakers-agree-to-spend-billions-in-stimulus-money-in-budget/65369988007/,6.192609158332038
min_k,nonmember,https://www.ydr.com/story/sports/high-school/baseball/2022/06/13/piaa-baseball-everett-tops-delone-in-class-2a-semifinals/65360511007/,6.598518249091752
min_k,nonmember,https://www.ydr.com/story/sports/high-school/football/2022/08/23/yaiaa-football-2022-preview-here-are-the-games-to-watch/65409917007/,6.425319888856676
min_k,nonmember,https://www.ydr.com/story/sports/outdoors/2022/05/19/gifford-pinchot-state-park-offers-camping-boating-fishing-hiking/65355940007/,6.66204323445944
min_k,nonmember,https://www.ydr.com/story/news/2022/04/12/conor-lamb-senate-race-says-record-over-john-fetterman/65348890007/,6.765703896734734
min_k,nonmember,https://www.ydr.com/story/news/politics/2022/04/06/heres-how-charlie-gerow-is-standing-out-in-the-pa-gop-governor-race/65347892007/,6.519624430148756
min_k,nonmember,https://www.ydr.com/story/sports/high-school/basketball-boys/2022/05/07/susquehannocks-jalen-franklin-makes-class-5a-all-state-basketball-team/65354032007/,6.829934362843443
min_k,nonmember,https://www.ydr.com/story/news/2022/05/03/5-5-million-purchase-saves-mifflin-house-an-underground-railroad-site/65352510007/,6.868371830396126
min_k,nonmember,https://www.ydr.com/story/news/2022/09/12/pennsylvania-turnpike-why-millions-of-dollars-are-owed-in-unpaid-tolls/65384329007/,6.624285418752562
min_k,nonmember,https://www.ydr.com/restricted/?return=https%3A%2F%2Fwww.ydr.com%2Fstory%2Fnews%2Fwatchdog%2F2022%2F04%2F22%2Fdante-mullinix-billboard-blames-york-county-for-death-of-2-year-old%2F65351181007%2F,0.4681334398678287
min_k,nonmember,https://www.ydr.com/story/news/2022/06/15/volunteer-fire-departments-struggle-to-recruit-worry-about-response-times/65353542007/,7.033867393466209
min_k,nonmember,https://www.ydr.com/story/news/2022/06/21/red-lion-man-dies-in-single-vehicle-crash-over-the-weekend-york-county/65362165007/,5.788134341769748
min_k,nonmember,https://www.ydr.com/story/news/crime/2022/05/11/medical-marijuana-is-a-schedule-1-controlled-substance-in-pa-court/65354517007/,6.681230020041418
min_k,nonmember,https://www.ydr.com/story/news/2022/06/16/local-fireworks-york-harrisburg-gettysburg-lancaster-pennsylvania/65358665007/,6.747490229844348
min_k,nonmember,https://www.ydr.com/story/news/2022/07/22/york-father-says-sesame-place-character-snubbed-his-black-daughter/65379052007/,6.55479996934229
min_k,nonmember,https://www.ydr.com/story/news/crime/2022/05/13/teen-pleads-guilty-third-degree-murder-prison-accomplice-deadly-shooting-york/65354698007/,6.505686068352852
min_k,nonmember,https://www.ydr.com/story/opinion/2022/05/27/how-we-can-solve-pas-behavioral-health-care-crisis/65357753007/,6.465530453584133
min_k,nonmember,https://www.ydr.com/story/news/crime/2022/05/26/york-city-police-pa-investigating-a-homicide-involving-possible-trespasser/65357571007/,5.850702638626099
min_k,nonmember,https://www.ydr.com/story/news/crime/2022/08/18/york-area-man-charged-killing-man-dumping-body-lancaster-county/65408859007/,6.082368238916937
min_k,nonmember,https://www.ydr.com/restricted/?return=https%3A%2F%2Fwww.ydr.com%2Fin-depth%2Fnews%2F2022%2F06%2F13%2Fpolitics-york-county-most-influential-government-reoublican-democrat%2F65351421007%2F,0.6400175840086982
min_k,nonmember,https://www.ydr.com/story/sports/high-school/football/2022/08/15/pa-high-school-football-2022-york-adams-league-team-by-team-previews-players-to-watch/65403160007/,7.958766758097389
min_k,nonmember,https://www.ydr.com/story/news/crime/2022/09/08/man-stabs-random-customer-at-walmart-in-york-county-to-return-to-jail-police-say/65742433007/,6.646889483487165
min_k,nonmember,https://www.ydr.com/story/news/politics/elections/2022/07/08/scott-perry-congress-pa-republican-refuses-testimony-pardon/65369434007/,6.387664908948152
min_k,nonmember,https://www.ydr.com/story/news/politics/2022/04/21/tracking-campaign-updates-in-pennsylvanias-senate-and-governor-races/65350855007/,6.674513976785201
min_k,nonmember,https://www.ydr.com/story/sports/high-school/baseball/2022/04/19/dallastown-baseball-coach-greg-kinneman-reaches-100-career-wins/65350766007/,6.917690540123664
min_k,nonmember,https://www.ydr.com/restricted/?return=https%3A%2F%2Fwww.ydr.com%2Fin-depth%2Fnews%2F2022%2F05%2F24%2Fyork-pa-northeast-neighborhood-2-women-do-what-they-can-to-help-saving-york-street-by-street%2F65351426007%2F,0.5248051086730455
min_k,nonmember,https://www.ydr.com/story/news/local/2022/08/24/interstate-83-closed-after-truck-strikes-queen-street-overpass-again/65418552007/,7.10511209748008
min_k,nonmember,https://www.ydr.com/restricted/?return=https%3A%2F%2Fwww.ydr.com%2Fstory%2Fnews%2F2022%2F05%2F25%2Frestaurant-inspections-seven-out-of-compliance%2F65355268007%2F,0.5248051086730455
min_k,nonmember,https://www.ydr.com/story/news/2022/08/10/rep-scott-perry-republican-york-county-pa-fbi-agents-seized-cellphone/65398266007/,1.1240360511535847
min_k,nonmember,https://www.ydr.com/story/opinion/2022/06/15/bidens-border-failure-creates-national-security-humanitarian-crisis/65361133007/,7.05534787013613
min_k,nonmember,https://www.ydr.com/story/opinion/2022/05/18/give-mother-of-red-lion-catherine-meyer-due-recognition/65356449007/,8.20549832450019
min_k,nonmember,https://www.ydr.com/story/news/local/2022/04/08/central-york-students-testify-before-congress-on-national-book-bans/65348834007/,6.865338032504162
min_k,nonmember,https://www.ydr.com/story/life/2022/08/29/silverberry-soaps-central-pa-student-starts-own-business/65417685007/,7.897713359113763
min_k,nonmember,https://www.ydr.com/story/opinion/2022/05/31/tropical-storm-agnes-50-years-ago-like-something-out-of-the-bible/65358222007/,7.6334928032238505
min_k,nonmember,https://www.ydr.com/story/opinion/2022/08/19/by-2060-yorks-summer-temps-will-be-like-nashvilles-opinion/65410717007/,7.686071427815269
min_k,nonmember,https://www.ydr.com/story/sports/college/penn-state/football/2022/06/01/penn-state-football-white-out-game-against-minnesota-not-ohio-state/65358413007/,7.694421538135462
min_k,nonmember,https://www.ydr.com/story/news/local/2022/08/03/national-night-out-in-york-is-a-time-to-focus-on-how-to-stop-violence/65389933007/,7.344098767780122
min_k,nonmember,https://www.ydr.com/story/sports/high-school/2022/05/09/yaiaa-tournaments-which-teams-will-be-competing-for-championships/65354533007/,4.941764739719597
min_k,nonmember,https://www.ydr.com/story/sports/high-school/2022/07/05/select-gametimepas-yaiaa-athletes-of-the-year-for-2021-22/65365394007/,6.415938827478997
min_k,nonmember,https://www.ydr.com/story/sports/outdoors/2022/05/19/many-options-to-consider-when-picking-purchasing-a-kayak-recreational-touring-fishing-paddles/65355833007/,7.104676015036446
min_k,nonmember,https://www.ydr.com/story/news/crime/2022/05/18/man-pleads-guilty-aggravated-assault-accomplice-murder-dover-area-high-school-senior-emily-shoemaker/65355302007/,6.722309699112719
min_k,nonmember,https://www.ydr.com/story/sports/high-school/football/2022/07/20/spring-grove-footballs-andrew-osmun-commits-to-fordham-university/65378458007/,6.509351283020616
min_k,nonmember,https://www.ydr.com/restricted/?return=https%3A%2F%2Fwww.ydr.com%2Fstory%2Fnews%2F2022%2F05%2F10%2Fwestinghouse-atom-smasher-rots-away-in-a-pennsylvania-neighborhood%2F65352649007%2F,0.4681334398678287
min_k,nonmember,https://www.ydr.com/restricted/?return=https%3A%2F%2Fwww.ydr.com%2Fstory%2Fnews%2Fwatchdog%2F2022%2F04%2F26%2Fjudge-rejects-invasion-of-privacy-claim-york-city-police-officer-clayton-swartz%2F65351520007%2F,1.082193715718776
min_k,nonmember,https://www.ydr.com/story/news/local/2022/04/05/jk-salvage-explosion-attracts-fire-department-and-scares-residents/65348532007/,7.533683592813057
min_k,nonmember,https://www.ydr.com/story/news/2022/05/06/man-dies-two-vehicle-crash-chanceford-township-york-county-pa/65353951007/,5.078454594458303
min_k,nonmember,https://www.ydr.com/restricted/?return=https%3A%2F%2Fwww.ydr.com%2Fstory%2Fnews%2Fcrime%2F2022%2F04%2F04%2Faaron-miller-on-trial-for-vehicular-manslaughter%2F65348325007%2F,0.4681334398678287
min_k,nonmember,https://www.ydr.com/story/news/2022/05/07/give-local-york-raises-4-1-million-for-local-nonprofits/65353553007/,7.983349297953918
min_k,nonmember,https://www.ydr.com/story/news/crime/2022/07/29/joe-fitzpatrick-released-low-bail-in-atv-case-involving-wifes-death/65385352007/,7.178050593574448
min_k,nonmember,https://www.ydr.com/story/sports/high-school/2022/05/17/district-3-tournaments-scores-schedule-for-boys-girls-championships/65355972007/,4.99890454554222
min_k,nonmember,https://www.ydr.com/story/news/crime/2022/06/15/pa-superior-court-prevents-one-dollar-bail-for-man-in-atv-murder-trial/65359895007/,6.599271795803443
min_k,nonmember,https://www.ydr.com/story/sports/college/penn-state/football/2022/07/20/penn-state-football-quarterback-sean-clifford-linebacker-curtis-jacobs-big-ten-stars/65372841007/,7.251729726791382
min_k,nonmember,https://www.ydr.com/story/sports/college/penn-state/football/2022/09/18/penn-state-football-sean-clifford-nick-singleton-auburn-big-ten/69494944007/,8.154556313465381
min_k,nonmember,https://www.ydr.com/story/news/crime/2022/04/18/two-found-dead-red-lion-york-county-pa-murder-suicide-easter-morning/65350459007/,6.712192264257693
min_k,nonmember,https://www.ydr.com/story/news/crime/2022/04/04/split-verdict-trial-attempted-murder-shooting-north-codorus-township-york-county/65346449007/,6.569785024605546
min_k,nonmember,https://www.ydr.com/restricted/?return=https%3A%2F%2Fwww.ydr.com%2Fstory%2Fsports%2Fhigh-school%2F2022%2F06%2F23%2Fyaiaa-2021-2022-top-sports-high-schools-in-york-adams-league-dallastown-central-york-pa-dallastown%2F65362250007%2F,0.6400175840086982
min_k,nonmember,https://www.ydr.com/story/news/politics/elections/2022/08/30/eight-more-republicans-just-endorsed-josh-shapiro-over-doug-mastriano/65458907007/,6.886326053949792
min_k,nonmember,https://www.ydr.com/story/sports/college/2022/04/15/ncaa-gymnastics-perfect-score-gives-floridas-thomas-3-national-titles/65350064007/,7.4241811699337426
min_k,nonmember,https://www.ydr.com/story/news/2022/05/20/tornado-watch-issued-for-central-pa/65356692007/,5.8538176502500265
min_k,nonmember,https://www.ydr.com/story/news/local/2022/07/08/jerry-reynolds-airville-body-found-holtwood-pa-death-lancaster-county/65369407007/,6.565926346124387
min_k,nonmember,https://www.ydr.com/story/sports/high-school/football/2022/06/07/pitt-football-dallastowns-kenny-johnson-verbally-commits-to-panthers/65359210007/,6.57631085488427
min_k,nonmember,https://www.ydr.com/story/news/2022/08/02/snow-ice-storms-bound-for-pennsylvania-farmers-almanac-winter-forecast/65389109007/,6.547560362254872
min_k,nonmember,https://www.ydr.com/story/news/crime/2022/04/01/man-found-guilty-involuntary-manslaughter-not-guilty-murder-deadly-shooting-york/65346416007/,6.943626793531271
min_k,nonmember,https://www.ydr.com/restricted/?return=https%3A%2F%2Fwww.ydr.com%2Fstory%2Fnews%2F2022%2F04%2F22%2Fcomings-and-goings-eco-friendly-store-opens-in-york-coffee-shop-closes%2F65351060007%2F,0.4681334398678287
min_k,nonmember,https://www.ydr.com/story/sports/high-school/football/2022/04/12/spring-grove-area-high-school-will-thompson-hired-as-football-coach-francis-scott-key/65349834007/,6.700092869835931
min_k,nonmember,https://www.ydr.com/story/sports/high-school/softball/2022/06/13/yaiaa-softball-coaches-name-2022-league-all-stars-players-of-the-year/65360527007/,6.582674057547616
min_k,nonmember,https://www.ydr.com/story/opinion/2022/04/22/york-naacp-area-schools-not-doing-enough-about-rise-of-racial-prejudice/65351389007/,7.3445243448824495
min_k,nonmember,https://www.ydr.com/story/news/crime/2022/06/21/york-man-dies-in-weekend-shooting-police-charge-brother-with-homicide/65362149007/,5.892412442050568
min_k,nonmember,https://www.ydr.com/story/sports/college/penn-state/football/2022/08/29/penn-state-football-james-franklin-big-ten-vs-purdue-sean-clifford/65407825007/,7.718975963014545
min_k,nonmember,https://www.ydr.com/story/news/crime/2022/08/18/pennsylvania-state-trooper-driving-under-influence-central-pa/65409961007/,5.417003810405731
min_k,nonmember,https://www.ydr.com/story/sports/high-school/wrestling/2022/06/28/spring-grove-high-school-officially-starts-girls-wrestling-team/65364409007/,6.7297983855104295
min_k,nonmember,https://www.ydr.com/restricted/?return=https%3A%2F%2Fwww.ydr.com%2Fin-depth%2Fnews%2F2022%2F06%2F14%2Fmike-smith-and-his-temple-guard-give-york-pa-youths-positive-path%2F6596906001%2F,0.6400175840086982
min_k,nonmember,https://www.ydr.com/story/sports/high-school/baseball/2022/05/26/district-3-baseball-scores-results-from-postseason-tournaments/65357551007/,5.550560308057208
min_k,nonmember,https://www.ydr.com/story/opinion/2022/07/04/the-american-is-great-vision-vs-the-revolutionary-vision/65364730007/,8.060386627778879
min_k,nonmember,https://www.ydr.com/story/sports/high-school/basketball-boys/2022/07/06/florida-basketball-perkiomens-new-oxford-tommy-haugh-makes-commitment/65367304007/,7.024856362417174
min_k,nonmember,https://www.ydr.com/story/news/2022/08/08/back-to-school-dates-updates-at-york-county-school-districts-education/65386876007/,5.8732092504056626
min_k,nonmember,https://www.ydr.com/story/news/2022/04/07/york-county-food-bank-is-moving-its-operations-out-of-the-former-kmart-store/65348695007/,6.571906746758355
min_k,nonmember,https://www.ydr.com/story/news/2022/07/01/white-clover-farm-stand-in-hellam-spurred-by-pandemic-food-supply-issues/65347398007/,7.458793104187516
min_k,nonmember,https://www.ydr.com/story/news/crime/2022/08/01/york-city-police-investigating-15th-homicide-2022/65388869007/,4.979783080658823
min_k,nonmember,https://www.ydr.com/story/news/crime/2022/05/06/york-police-man-shot-killed-friday-south-pine-street/65354059007/,4.234913833141327
min_k,nonmember,https://www.ydr.com/story/news/2022/07/25/gettysburg-national-military-parks-little-roundtop-to-close-for-18-months-devils-den-construction-pa/65376312007/,7.7593620511509425
min_k,nonmember,https://www.ydr.com/story/opinion/2022/06/29/the-american-is-great-vision-vs-the-revolutionary-vision/65364730007/,8.060386627778879
min_k,nonmember,https://www.ydr.com/story/news/watchdog/2022/04/29/insurance-fraud-york-county-woman-faked-death-in-ukraine-cops-say/65352546007/,6.4220806240556705
min_k,nonmember,https://www.ydr.com/story/sports/high-school/basketball-girls/2022/04/28/three-yaiaa-girls-basketball-players-named-to-piaa-all-state-teams/65352253007/,6.750228269680126
min_k,nonmember,https://www.ydr.com/story/sports/high-school/track/2022/05/21/district-3-track-and-field/65356540007/,6.689706469027795
min_k,nonmember,https://www.ydr.com/story/news/2022/06/27/woman-dies-three-vehicle-crash-hanover-pa/65363667007/,5.667841388333228
min_k,nonmember,https://www.ydr.com/story/sports/college/penn-state/football/2022/04/30/nfl-draft-bears-take-penn-states-jaquan-brisker-in-second-round/65352177007/,7.188878974914551
min_k,nonmember,https://www.ydr.com/story/news/politics/elections/2022/06/23/testimony-rep-scott-perry-pardon-from-donald-trump-election-pennsylvania/65363103007/,6.164460604841059
min_k,nonmember,https://www.ydr.com/story/news/local/2022/07/12/severe-thunderstorms-forecast-in-central-pennsylvania-tuesday/65372125007/,6.666852741706662
min_k,nonmember,https://www.ydr.com/story/news/2022/07/28/steve-miller-band-cancels-york-fair-show-because-of-positive-covid-test/65385293007/,6.826058886601374
min_k,nonmember,https://www.ydr.com/story/news/politics/2022/04/20/pa-governor-race-2022-gop-candidates-debate-in-gettysburg/65350851007/,6.727323055267334
min_k,nonmember,https://www.ydr.com/story/opinion/2022/09/16/both-pa-candidates-for-governor-agree-on-school-choice/69498441007/,7.2741970830493505
min_k,nonmember,https://www.ydr.com/story/news/local/community/2022/06/10/rainbow-rose-center-hosts-york-county-pride-at-cousler-park/65360038007/,7.69558741717503
min_k,nonmember,https://www.ydr.com/in-depth/news/politics/elections/2022/08/23/voter-fraud-is-rare-in-pennsylvania-but-allegations-flew-after-2020/65376026007/,6.60867689093765
min_k,nonmember,https://www.ydr.com/story/news/crime/2022/06/27/york-city-police-investigates-homicide-after-man-dies-ot-op/65363658007/,5.1983681582333
min_k,nonmember,https://www.ydr.com/story/sports/high-school/2022/06/13/pa-lawmakers-some-say-girls-cant-compete-against-biological-boys/65359859007/,6.845967260347742
min_k,nonmember,https://www.ydr.com/story/news/politics/elections/2022/06/23/pa-house-speaker-bryan-cutler-details-2020-pressure-campaign/65362478007/,7.715916808288877
min_k,nonmember,https://www.ydr.com/story/news/local/2022/07/27/man-dies-forklift-accident-at-jk-salvage-spring-garden-township/65384163007/,5.901809516319862
min_k,nonmember,https://www.ydr.com/story/sports/high-school/football/2022/04/13/york-high-quarterback-sam-stoner-gets-division-i-offers-st-francis-towson/65349927007/,7.139537726776509
min_k,nonmember,https://www.ydr.com/story/news/2022/04/19/check-out-10-unusual-wedding-venues-in-central-pennsylvania/65349484007/,7.6445031201397935
min_k,nonmember,https://www.ydr.com/story/news/politics/elections/2022/06/16/yorkers-react-to-rep-scott-perrys-refusal-to-cooperate-with-jan-6-panel/65359564007/,7.029512642684141
min_k,nonmember,https://www.ydr.com/restricted/?return=https%3A%2F%2Fwww.ydr.com%2Fstory%2Fnews%2Fcrime%2F2022%2F04%2F06%2Fmistrial-declared-in-case-of-construction-worker-hit-killed-by-driver%2F65348679007%2F,0.4681334398678287
min_k,nonmember,https://www.ydr.com/story/news/2022/05/31/man-dies-suspected-drowning-susquehanna-river-york-pa-memorial-day/65358177007/,6.42451631228129
min_k,nonmember,https://www.ydr.com/story/news/local/2022/05/18/yorktowne-hotel-rooftop-dining-construction-facade-update/65354723007/,8.021717323303223
min_k,nonmember,https://www.ydr.com/story/news/watchdog/2022/04/25/teen-alleges-sexual-abuse-against-ex-york-city-police-officer/65351893007/,6.914552952261532
min_k,nonmember,https://www.ydr.com/story/news/crime/2022/04/28/judge-grants-delay-trial-man-charged-first-degree-murder-dante-mullinix-york/65352473007/,7.187103556214477
min_k,nonmember,https://www.ydr.com/story/sports/college/2022/06/28/ncaa-gymnastics-trinity-thomas-returning-for-fifth-season-at-florida/65364355007/,6.710228061676025
min_k,nonmember,https://www.ydr.com/story/news/local/2022/07/06/martin-library-6-million-renovation-completed-in-downtown-york/65367399007/,8.103345061170645
min_k,nonmember,https://www.ydr.com/story/news/politics/2022/04/05/heres-why-democrat-john-fetterman-is-touring-in-red-pa-counties/65347627007/,6.6303716121463605
min_k,nonmember,https://www.ydr.com/story/news/2022/04/06/stray-goldendoodle-becomes-new-york-revolution-team-dog/65348529007/,7.806614049275717
min_k,nonmember,https://www.ydr.com/restricted/?return=https%3A%2F%2Fwww.ydr.com%2Fstory%2Fsports%2Foutdoors%2F2022%2F05%2F19%2Fmom-appalachian-trail-addiction-jon-mundis-overdose-awareness%2F65352265007%2F,0.4681334398678287
min_k,nonmember,https://www.ydr.com/story/news/politics/2022/06/30/pennsylvanias-new-fiscal-year-will-begin-without-a-state-budget/65365334007/,1.2684678769437596
min_k,nonmember,https://www.ydr.com/story/news/2022/04/25/man-dies-after-falling-into-the-codorus-creek-in-york-fire-chief-says/65351925007/,6.09900664165616
min_k,nonmember,https://www.ydr.com/story/news/2022/05/30/gda-covid-19-state-2022-05-30-pa-ppyr/65358091007/,2.0400663003819424
min_k,nonmember,https://www.ydr.com/story/news/2022/06/20/a-new-apprenticeship-for-young-artists-is-coming-to-york/65361188007/,7.503715790642632
min_k,nonmember,https://www.ydr.com/story/news/local/2022/07/26/york-pa-residents-share-surveillance-cam-footage-of-shaheim-carr-murder-with-police/65378104007/,7.374438906763936
min_k,nonmember,https://www.ydr.com/story/news/local/2022/05/16/see-major-updates-martin-library-york-before-july-grand-opening-teen-space/65354512007/,7.933818005678947
min_k,nonmember,https://www.ydr.com/story/news/education/2022/08/29/satanism-event-fundraiser-york-county-pa-after-school-satan-club/65457233007/,7.696800520320139
min_k,nonmember,https://www.ydr.com/story/news/2022/08/04/best-of-the-best-awards-holds-first-gala-honors-york-county-businesses/65391182007/,8.122843891709715
min_k,nonmember,https://www.ydr.com/story/opinion/2022/08/17/come-take-a-seat-in-york-pa-with-the-accomplished-william-c-goodridge/65407358007/,7.982024067167252
min_k,nonmember,https://www.ydr.com/story/news/local/2022/04/11/lawsuit-york-mayor-michael-helfrich-oath-of-office/65349492007/,7.414650805945535
min_k,nonmember,https://www.ydr.com/story/news/2022/06/15/dover-solar-farm-approved-in-25-minutes/65361179007/,7.410131366047638
min_k,nonmember,https://www.ydr.com/story/news/local/2022/07/27/hope-fest-returns-to-york-with-hoops-tourney-gas-card-giveaway/65382794007/,6.5889240228212795
min_k,nonmember,https://www.ydr.com/story/sports/high-school/lacrosse-boys/2022/05/14/central-york-boys-york-catholic-girls-lacrosse-teams-earn-yaiaa-titles/65355281007/,6.079583198066771
min_k,nonmember,https://www.ydr.com/story/news/crime/2022/07/06/york-city-police-investigating-14th-homicide-tying-last-years-total/65368039007/,6.69039629754566
min_k,nonmember,https://www.ydr.com/story/news/history/2022/04/05/artist-makes-connections-to-chip-away-at-wall-between-york-and-hanover/65348433007/,7.89554056754479
min_k,nonmember,https://www.ydr.com/story/sports/high-school/track/2022/05/14/piaa-track-and-field-laila-campbell-sets-blistering-league-mark-in-100/65355100007/,6.407164924968749
min_k,nonmember,https://www.ydr.com/story/news/local/2022/08/25/interstate-83-reopen-after-queen-street-overpass-struck-exit-16-york/65420277007/,6.220415257916008
min_k,nonmember,https://www.ydr.com/story/news/local/2022/04/21/sixth-dover-solar-meeting-brings-new-witness-and-hopeful-decision-date/65351113007/,7.746467276795269
min_k,nonmember,https://www.ydr.com/story/sports/high-school/2022/05/19/susquehannock-delone-catholic-basketball-earns-sportsmanship-scholarships/65356510007/,7.084636958952873
min_k,nonmember,https://www.ydr.com/story/sports/college/penn-state/football/2022/08/12/penn-state-football-big-ten-quarterback-jaxon-smolik-james-franklin/65402058007/,6.881434679031372
min_k,nonmember,https://www.ydr.com/restricted/?return=https%3A%2F%2Fwww.ydr.com%2Fstory%2Fnews%2Fcrime%2F2022%2F04%2F01%2Fman-testifies-own-defense-attempted-murder-trial-shooting-north-codorous-township-york-county%2F65347533007%2F,0.4681334398678287
min_k,nonmember,https://www.ydr.com/story/news/2022/04/21/david-mccormick-pa-senate-candidate-making-strides-in-gop-primary/65348988007/,6.159946625411746
min_k,nonmember,https://www.ydr.com/story/money/2022/08/31/unemployment-reaches-pre-pandemic-levels-but-consumers-are-more-pessimistic-than-ever/65419897007/,6.641836015608133
min_k,nonmember,https://www.ydr.com/story/sports/high-school/football/2022/09/10/central-pa-high-school-football-scoreboard-yaiaa-scores-week-3-results-highlights-york-high-carlisle/66852753007/,6.94111227849225
min_k,nonmember,https://www.ydr.com/story/news/2022/07/25/peach-bottom-township-pa-man-dies-in-skid-loader-accident/65381471007/,7.1090546471732
min_k,nonmember,https://www.ydr.com/story/news/politics/2022/09/12/pa-activists-demand-united-states-house-ethics-investigation-of-rep-scott-perry/66891225007/,6.505796429337255
min_k,nonmember,https://www.ydr.com/story/sports/college/penn-state/football/2022/08/31/penn-state-football-college-football-big-ten-purdue-james-franklin/65462642007/,6.517347955703736
min_k,nonmember,https://www.ydr.com/story/sports/high-school/basketball-boys/2022/07/20/york-countys-kent-olewiler-makes-new-mexico-state-basketball-roster-yaiaa-central-york/65371201007/,6.5973372113573685
min_k,nonmember,https://www.ydr.com/story/news/2022/07/01/deadly-crash-near-east-berlin-has-claimed-the-life-of-a-fourth-person-coroner-says/65365902007/,6.450009463383601
min_k,nonmember,https://www.ydr.com/story/news/2022/06/15/man-drowns-while-swimming-codorus-state-park-lake-york-pa-coroner-says/65361080007/,5.743556605852567
min_k,nonmember,https://www.ydr.com/story/sports/high-school/2022/06/22/what-will-the-yaiaa-look-like-with-22-teams-here-are-the-new-divisions/65362221007/,4.554641025560397
min_k,nonmember,https://www.ydr.com/story/news/local/2022/08/22/route-30-crash-west-manchester-township-pa-man-dead/65413093007/,6.0590133396061985
min_k,nonmember,https://www.ydr.com/story/opinion/2022/09/12/york-day-nursery-turning-90-this-year/69486679007/,7.603752669166116
min_k,nonmember,https://www.ydr.com/story/opinion/2022/06/28/what-would-you-have-done-if-a-freedom-seeker-had-knocked-on-your-door/65364541007/,8.41797438116357
min_k,nonmember,https://www.ydr.com/story/news/2022/04/27/keystone-kidspace-now-open-in-109-year-old-armory/65350228007/,7.36565883244787
min_k,nonmember,https://www.ydr.com/story/news/politics/2022/05/10/republican-challengers-vying-to-unseat-saylor-gillespie-and-klunk/65354567007/,6.993975164059319
min_k,nonmember,https://www.ydr.com/story/news/crime/2022/04/28/man-pleads-guilty-animal-cruelty-probation-york-county/65352476007/,6.00356738121955
min_k,nonmember,https://www.ydr.com/story/news/crime/2022/06/09/dasean-morris-sentenced-in-york-murder-of-kyle-hagenbuch-thunderguards-motorcyles/65359290007/,6.7037262785924625
min_k,nonmember,https://www.ydr.com/story/sports/college/penn-state/football/2022/09/02/penn-state-football-purdue-big-ten-james-franklin-sean-clifford/65465704007/,8.404899809418655
min_k,nonmember,https://www.ydr.com/story/news/2022/08/23/5-year-old-girl-woman-fatally-stabbed-at-home-southern-york-county-pa/65414954007/,5.932075763816264
min_k,nonmember,https://www.ydr.com/story/news/crime/2022/05/20/u-s-marshals-arrest-york-man-in-fatal-shooting-of-selvin-mcewan/65356641007/,5.596619931317992
min_k,nonmember,https://www.ydr.com/story/sports/high-school/lacrosse-girls/2022/04/26/how-these-best-friends-are-driving-york-catholic-lacrosses-title-hopes/65351446007/,6.5811533771063155
min_k,nonmember,https://www.ydr.com/story/opinion/2022/08/09/big-york-county-birthdays-on-horizon/65396977007/,8.350327144969594
min_k,nonmember,https://www.ydr.com/story/sports/outdoors/2022/08/13/catawissa-recreation-area-off-road-atv-use-riding-created-by-pa-dcnr-paragon-adventure-park/65402298007/,7.052899011394434
min_k,nonmember,https://www.ydr.com/story/news/2022/06/14/volunteer-fire-departments-struggle-to-recruit-worry-about-response-times/65353542007/,7.033867393466209
min_k,nonmember,https://www.ydr.com/story/news/2022/06/02/delma-rivera-lytle-york-vying-for-ms-senior-pa-america/65358261007/,7.235335081618353
min_k,nonmember,https://www.ydr.com/story/sports/high-school/lacrosse-boys/2022/06/01/piaa-lacrosse-schedule-results-from-state-championships/65358281007/,6.129265566049896
min_k,nonmember,https://www.ydr.com/story/news/2022/06/21/two-men-from-southwestern-york-county-die-in-maryland-crash/65362339007/,6.699292835981949
min_k,nonmember,https://www.ydr.com/story/news/politics/elections/2022/05/13/two-democrats-seek-party-nomination-in-10th-congressional-district/65355137007/,6.2361148059768166
min_k,nonmember,https://www.ydr.com/story/news/crime/2022/04/18/teen-in-fatal-shooting-of-york-high-william-penn-high-school-student-malaki-beady-to-stand-trial/65350077007/,6.586368287792642
min_k,nonmember,https://www.ydr.com/story/sports/college/penn-state/football/2022/09/13/penn-state-football-big-ten-james-franklin-auburn-tigers-sec/69487321007/,7.437409010278174
min_k,nonmember,https://www.ydr.com/story/news/local/2022/04/18/puc-approves-sale-of-york-water-company-to-private-business-pawc/65350202007/,7.305749506563754
min_k,nonmember,https://www.ydr.com/story/sports/2022/07/11/american-ninja-warrior-2022-cf-branden-williams-new-oxford/65362232007/,7.053567355045218
min_k,nonmember,https://www.ydr.com/story/opinion/2022/05/11/pas-low-producing-wells-are-leaking-methane/65353721007/,7.806747803321252
min_k,nonmember,https://www.ydr.com/story/sports/college/penn-state/football/2022/09/14/penn-state-college-football-big-ten-auburn-tigers-in-sec/69487422007/,6.952025557431308
min_k,nonmember,https://www.ydr.com/story/opinion/2022/04/27/kreutz-creek-librarys-former-building-gains-new-life/65352254007/,8.568538439238875
min_k,nonmember,https://www.ydr.com/story/news/local/2022/06/27/lake-williams-dam-excavation-under-way-york-empty-lake-bed-turns-green/65362846007/,8.001882739067078
min_k,nonmember,https://www.ydr.com/story/sports/high-school/2022/04/04/select-gametimepa-yaiaa-athletes-of-the-week-for-march-25-to-april-2/65348290007/,6.907756683873195
min_k,nonmember,https://www.ydr.com/story/news/2022/04/18/bill-mcswain-running-for-pa-governor-2022-primary-election/65348986007/,6.419884559400487
min_k,nonmember,https://www.ydr.com/story/news/2022/08/22/york-pa-bans-washing-cars-in-driveways-or-on-streets/65410788007/,7.2476894231942985
min_k,nonmember,https://www.ydr.com/story/sports/college/2022/04/01/trinity-thomas-leads-florida-into-regional-final-with-pair-of-10s-gymnastics-ncaa/65347723007/,7.105346335814549
min_k,nonmember,https://www.ydr.com/story/sports/high-school/2022/04/11/select-gametimepa-yaiaa-athletes-of-the-week-for-april-4-to-april-9/65349464007/,6.540762194565365
min_k,nonmember,https://www.ydr.com/story/news/local/2022/08/30/old-farmers-almanac-predicts-snowy-cold-winter-for-central-pennsylvania/65461359007/,6.346886316935222
min_k,nonmember,https://www.ydr.com/story/sports/college/penn-state/2022/05/10/nfl-penn-state-nittany-lions-football-walk-on-drew-hartlaub-to-carolina-panthers/65353082007/,7.118528689314055
min_k,nonmember,https://www.ydr.com/story/news/local/2022/04/20/after-school-satan-club-denied-northern-york-school-board-joy-el-christian-club/65351019007/,7.5784550079932576
min_k,nonmember,https://www.ydr.com/restricted/?return=https%3A%2F%2Fwww.ydr.com%2Fin-depth%2Fnews%2F2022%2F06%2F13%2Farts-entertainment-york-county-most-influential-people%2F65351410007%2F,0.6400175840086982
min_k,nonmember,https://www.ydr.com/story/opinion/2022/06/07/agnes-left-behind-mud-dead-rats-old-tires-and-all-kinds-of-trash/65359554007/,7.5233920920561275
min_k,nonmember,https://www.ydr.com/story/news/local/2022/08/22/gifford-pinchot-state-park-suspends-water-activities-in-the-lake/65413407007/,7.517096408775875
min_k,nonmember,https://www.ydr.com/story/news/politics/blogs/ydr-politics/2022/08/16/12-things-to-know-about-u-s-rep-scott-perry-a-focus-of-jan-6-probe/65398484007/,7.346360637564701
min_k,nonmember,https://www.ydr.com/story/sports/college/penn-state/football/2022/09/02/penn-state-football-sean-clifford-joey-porter-purdue-james-franklin-drew-allar/65465541007/,7.734895676517031
min_k,nonmember,https://www.ydr.com/story/news/crime/2022/09/08/virginia-hayden-sentenced-for-husband-thomas-hayden-death-remains-found-in-foodsaver-bag/65466365007/,7.420620196486173
min_k,nonmember,https://www.ydr.com/story/news/2022/06/06/york-county-prison-trainer-joseph-garcia-testified-in-cv-case/65358870007/,7.474760949611664
min_k,nonmember,https://www.ydr.com/restricted/?return=https%3A%2F%2Fwww.ydr.com%2Fstory%2Fnews%2Fwatchdog%2F2022%2F05%2F18%2Fson-louis-appell-jr-initiates-civil-rico-case-limited-liability-company-owns-old-mesto-corp-building%2F65355293007%2F,0.4681334398678287
min_k,nonmember,https://www.ydr.com/story/news/2022/09/07/congressional-committee-skewers-postal-service-in-philadelphia-meeting-louis-dejoy/65800851007/,7.327304187774658
min_k,nonmember,https://www.ydr.com/story/money/careers/2022/09/13/having-trouble-hiring-penn-mar-might-be-able-to-help/69487345007/,7.024885415110349
min_k,nonmember,https://www.ydr.com/restricted/?return=https%3A%2F%2Fwww.ydr.com%2Fin-depth%2Fnews%2F2022%2F06%2F13%2Fsports-york-county-most-influential-athletics-football-gymnastics-swimming%2F65351425007%2F,0.6400175840086982
min_k,nonmember,https://www.ydr.com/restricted/?return=https%3A%2F%2Fwww.ydr.com%2Fstory%2Fnews%2Fhistory%2Fgettysburg%2F2022%2F04%2F14%2Fraven-rock-mountain-nuclear-attack-target-doomsday-preppers-worried%2F65349485007%2F,0.4681334398678287
min_k,nonmember,https://www.ydr.com/story/opinion/2022/08/31/what-would-you-do-if-you-witnessed-someone-at-risk/65465660007/,7.7474854754669895
min_k,nonmember,https://www.ydr.com/restricted/?return=https%3A%2F%2Fwww.ydr.com%2Fstory%2Fmoney%2Fbusiness%2F2022%2F05%2F31%2Fcomings-and-goings-popular-pool-closed-for-summer-market-houses-add-stands%2F65357481007%2F,0.5248051086730455
min_k,nonmember,https://www.ydr.com/story/news/religion/2022/04/05/york-county-church-tells-gospel-in-22-year-stained-glass-project/65345285007/,7.43856974001284
min_k,nonmember,https://www.ydr.com/story/opinion/2022/07/20/big-important-york-county-history-cultural-projects-picking-up-steam/65377980007/,8.283800663486604
min_k,nonmember,https://www.ydr.com/story/news/local/2022/08/22/i-83-overpass-york-county-repairs-route-74-bridge/65409148007/,6.806749934241886
min_k,nonmember,https://www.ydr.com/story/news/2022/05/03/dining-out-for-spring-checking-out-revival-social-club-in-york/65350791007/,7.551662204400548
min_k,nonmember,https://www.ydr.com/story/news/2022/06/06/northeastern-school-district-offers-students-cdl-training-amid-driver-shortages/65357688007/,7.062059946380988
min_k,nonmember,https://www.ydr.com/story/news/2022/07/28/york-state-fair-2022-fried-cauliflower-lolas-waffles-ice-cream/65384751007/,7.6782079530798875
min_k,nonmember,https://www.ydr.com/story/sports/high-school/football/2022/08/29/central-pa-high-school-football-wil-rider-no-longer-football-coach-hanover-high-school/65462473007/,6.5912340526227595
min_k,nonmember,https://www.ydr.com/story/news/2022/06/09/how-the-pandemic-helped-wolfgang-confectioners-rebound-from-bankruptcy-candy-york-pa/65358750007/,7.111444693640618
min_k,nonmember,https://www.ydr.com/story/news/watchdog/2022/05/16/federal-judge-grants-preliminary-injuction-grandmother-2-year-old-dante-mullinix-york/65355837007/,6.675755059655337
min_k,nonmember,https://www.ydr.com/story/sports/high-school/2022/04/07/track-and-field-league-has-records-dating-to-1980-and-others-from-2021/65348542007/,6.892270016310802
min_k,nonmember,https://www.ydr.com/story/news/2022/06/05/amber-alert-canceled-after-toddler-missing-from-york-county-is-found-safe/65358883007/,6.245817092061043
min_k,nonmember,https://www.ydr.com/restricted/?return=https%3A%2F%2Fwww.ydr.com%2Fin-depth%2Fnews%2F2022%2F06%2F13%2Fbusiness-development-york-county-most-influential-people%2F65351418007%2F,0.6400175840086982
min_k,nonmember,https://www.ydr.com/story/news/local/2022/09/06/interstate-83-queen-street-overpass-repairs-cost-up-to-double-after-hits/65467467007/,6.9105893407549175
min_k,nonmember,https://www.ydr.com/story/news/2022/06/15/vietnam-veteran-jon-langione-75-finally-got-eastern-york-high-school-diploma/65358492007/,7.085404303646827
min_k,nonmember,https://www.ydr.com/story/news/local/2022/05/12/york-county-prison-feasibility-study-competency-restoration-center/65354974007/,6.502493832041235
min_k,nonmember,https://www.ydr.com/restricted/?return=https%3A%2F%2Fwww.ydr.com%2Fstory%2Fnews%2Fcrime%2F2022%2F04%2F12%2Fex-york-ice-arena-general-manager-mike-cleveland-enters-accelerated-rehabilitative-disposition%2F65348922007%2F,0.4681334398678287
min_k,nonmember,https://www.ydr.com/story/news/crime/2022/08/26/virginia-man-sentenced-logging-truck-death-hanover-brian-mawyer-eugene-ben-fuhrman/65418220007/,7.1180061554723935
min_k,nonmember,https://www.ydr.com/story/news/2022/04/25/encore-a-celebration-of-york-county-high-school-musicials-returns/65351061007/,6.702442990135901
min_k,nonmember,https://www.ydr.com/story/sports/college/penn-state/2022/04/11/former-nfl-penn-state-nittany-lion-running-back-gary-brown-dies-of-cancer/65349538007/,7.385231918131812
min_k,nonmember,https://www.ydr.com/story/sports/college/penn-state/football/2022/09/07/penn-state-big-ten-college-football-james-franklin-joey-porter/65475134007/,7.536783773874499
min_k,nonmember,https://www.ydr.com/story/sports/high-school/football/2022/06/23/northeastern-high-school-approves-kirby-brubaker-as-head-football-coach/65362925007/,6.864989295276492
min_k,nonmember,https://www.ydr.com/story/news/local/2022/08/31/york-county-judicial-center-closed-today-because-of-cooling-unit-leak/65465478007/,7.5241438360775215
min_k,nonmember,https://www.ydr.com/restricted/?return=https%3A%2F%2Fwww.ydr.com%2Fin-depth%2Fnews%2F2022%2F06%2F01%2Frevitalization-gentrification-york-pa-salem-square-neighborhood%2F6795644001%2F,0.5248051086730455
min_k,nonmember,https://www.ydr.com/story/sports/high-school/football/2022/06/09/york-suburbans-mike-bentivegna-earns-offer-from-st-francis/65359674007/,6.650486258360056
min_k,nonmember,https://www.ydr.com/story/sports/high-school/football/2022/04/26/central-york-quarterback-cade-pribula-to-transfer-from-delaware/65352088007/,6.41461952382868
min_k,nonmember,https://www.ydr.com/story/news/2022/07/21/york-state-fair-2022-how-to-beat-the-heat-wave-through-the-weekend/65377927007/,6.54848395453559
min_k,nonmember,https://www.ydr.com/story/news/2022/08/17/york-daily-record-editor-randy-parker-has-left-the-newspaper/65407329007/,6.8158474509249025
min_k,nonmember,https://www.ydr.com/story/sports/college/penn-state/football/2022/08/29/penn-state-football-james-franklin-big-ten-purdue-sean-clifford/65461391007/,6.871824049655302
min_k,nonmember,https://www.ydr.com/story/entertainment/2022/05/03/choir-choir-choir-event-brings-singing-after-covid-to-appell-center/65352201007/,8.278185187793168
min_k,nonmember,https://www.ydr.com/story/news/local/2022/09/06/long-pine-run-reservoir-in-michaux-state-forest-adams-county-offers-quiet-escape/65466799007/,8.09676339228948
zlib,member,https://www.ydr.com/story/news/2022/05/02/york-county-will-not-offer-drop-box-for-voters-to-return-mail-ballots/65353056007/,0.0021412532008199332
zlib,member,https://www.ydr.com/story/news/crime/2022/05/23/dover-township-man-charged-in-shooting-at-the-walmart-in-northern-york-county/65357213007/,0.0018530045607157812
zlib,member,https://www.ydr.com/restricted/?return=https%3A%2F%2Fwww.ydr.com%2Fstory%2Fnews%2F2022%2F04%2F27%2Fex-york-county-911-employee-discrimination-wrongful-termination-lawsuit%2F65351908007%2F,0.0014019753793135855
zlib,member,https://www.ydr.com/restricted/?return=https%3A%2F%2Fwww.ydr.com%2Fstory%2Fnews%2F2022%2F06%2F08%2Fthis-small-central-pa-town-grew-like-crazy-during-the-pandemic-mechanicsburg%2F65358412007%2F,0.000634194866762856
zlib,member,https://www.ydr.com/story/opinion/2022/08/23/york-pa-s-market-street-parking-garage-tells-50-year-tale-of-change/65415733007/,0.001072538014462294
zlib,member,https://www.ydr.com/story/sports/high-school/lacrosse-girls/2022/05/26/district-3-lacrosse-twin-valley-tops-york-catholic-for-2a-girls-title/65357508007/,0.0010491302922848483
zlib,member,https://www.ydr.com/story/sports/outdoors/2022/07/19/world-record-butterfly-ray-caught-by-camp-hill-pa-bow-angler-jeremy-gipe/65374856007/,0.0013327211117650248
zlib,member,https://www.ydr.com/story/news/politics/2022/04/24/primary-election-2022-heres-who-is-running-pa-94th-state-house-seat/65350262007/,0.00930385544536633
zlib,member,https://www.ydr.com/story/sports/college/penn-state/football/2022/09/10/penn-state-football-ohio-bobcats-nicholas-singleton-drew-allar-kaytron-allen/66779446007/,0.0010483462104067779
zlib,member,https://www.ydr.com/story/sports/high-school/2022/06/16/yaiaa-girls-lacrosse-coaches-name-2022-league-all-stars/65361380007/,0.001749075177544148
zlib,member,https://www.ydr.com/story/news/2022/07/19/pa-moves-water-quality-and-saving-the-chesapeake-to-the-front-burner/65374281007/,0.001081137707347777
zlib,member,https://www.ydr.com/story/news/2022/08/19/harley-davidson-iam-union-new-contract-york-pennsylvania-plant/65410302007/,0.0031758818650158244
zlib,member,https://www.ydr.com/story/news/crime/2022/05/31/man-sentenced-prison-aggravated-assault-attack-meredith-keltner-north-codorus-township-york-county/65357791007/,0.0007075584078658839
zlib,member,https://www.ydr.com/story/news/crime/2022/07/26/tyrell-dotson-convicted-of-murder-for-death-of-willmar-santos-batista/65378028007/,0.0017237856691411928
zlib,member,https://www.ydr.com/restricted/?return=https%3A%2F%2Fwww.ydr.com%2Fstory%2Fsports%2Fhigh-school%2F2022%2F05%2F23%2Fthe-top-baseball-and-softball-players-in-the-district-3-playoffs%2F65356526007%2F,0.0006025377332901966
zlib,member,https://www.ydr.com/restricted/?return=https%3A%2F%2Fwww.ydr.com%2Fstory%2Fnews%2Fcrime%2F2022%2F04%2F06%2Fwoman-found-guilty-keeping-remains-grandmother-freezer-social-security-york-county%2F65347682007%2F,0.0006025377332901966
zlib,member,https://www.ydr.com/restricted/?return=https%3A%2F%2Fwww.ydr.com%2Fstory%2Fnews%2Fwatchdog%2F2022%2F05%2F11%2Fyork-shooting-tony-wasilewski-2014-not-guilty%2F65350885007%2F,0.0006025377332901966
zlib,member,https://www.ydr.com/story/news/2022/05/06/voter-intimidation-delayed-primary-results-possible-pa-official-says/65353837007/,0.001211314804785405
zlib,member,https://www.ydr.com/story/news/2022/04/13/pa-state-house-passes-bill-against-trans-girls-in-girls-sports/65349966007/,0.00036070064135115896
zlib,member,https://www.ydr.com/story/news/crime/2022/05/03/york-county-police-departments-struggle-to-find-new-and-diverse-hires/65352123007/,0.0011729187949888124
zlib,member,https://www.ydr.com/story/news/crime/2022/04/14/three-die-two-separate-shootings-york-pa-this-week/65349623007/,0.0013965064809809444
zlib,member,https://www.ydr.com/story/sports/college/penn-state/football/2022/04/18/penn-state-eric-wilson-journey-nfl-draft-2022/65347360007/,0.000908252237399406
zlib,member,https://www.ydr.com/story/news/local/2022/04/15/pennsylvania-supreme-court-suspends-law-license-york-attorney-clarence-allen/65350197007/,0.0012546144166160512
zlib,member,https://www.ydr.com/story/news/2022/04/21/interstate-81-accident-pa-police-release-names-six-who-died/65351243007/,0.0030576147709850164
zlib,member,https://www.ydr.com/story/news/2022/06/14/hurricane-agnes-flood-1972-devastated-central-pennsylvania-heavy-rain-flooding/65359285007/,0.0009415965097331056
zlib,member,https://www.ydr.com/restricted/?return=https%3A%2F%2Fwww.ydr.com%2Fstory%2Fsports%2Fhigh-school%2Ftrack%2F2022%2F05%2F18%2Fpiaa-track-and-field-70-athletes-to-watch-in-district-3-meet%2F65355844007%2F,0.0006025377332901966
zlib,member,https://www.ydr.com/story/sports/college/penn-state/football/2022/06/09/penn-state-football-nick-singleton-kaytron-allen-lead-james-franklin/65359587007/,0.0009936308999425256
zlib,member,https://www.ydr.com/story/news/2022/07/13/left-bank-restaurant-bar-eatery-downtown-york-pa-for-sale/65372564007/,0.002193414632024726
zlib,member,https://www.ydr.com/story/sports/high-school/basketball-girls/2022/07/05/new-west-york-and-spring-grove-basketball-york-college-coaches-started-at-same-place/65364925007/,0.0007203462545360841
zlib,member,https://www.ydr.com/story/news/local/2022/09/16/springettsbury-township-man-dies-25-days-after-2-vehicle-crash/69497262007/,0.004150686352244405
zlib,member,https://www.ydr.com/restricted/?return=https%3A%2F%2Fwww.ydr.com%2Fin-depth%2Fsports%2F2022%2F06%2F15%2F22-women-who-changed-york-adams-sports-before-after-title-ix%2F65351069007%2F,0.000764796714708917
zlib,member,https://www.ydr.com/restricted/?return=https%3A%2F%2Fwww.ydr.com%2Fstory%2Fnews%2Fcrime%2F2022%2F04%2F07%2Fman-sentenced-prison-two-deadly-drug-overdoses-york-county%2F65347700007%2F,0.0006025377332901966
zlib,member,https://www.ydr.com/story/sports/high-school/football/2022/06/06/central-york-football-players-continue-to-pick-up-division-i-offers/65358420007/,0.0006514324771770819
zlib,member,https://www.ydr.com/story/news/2022/08/04/york-police-turn-to-the-community-for-ideas-to-reduce-gun-violence/65388415007/,0.0013737994891640513
zlib,member,https://www.ydr.com/story/opinion/2022/06/21/york-aauw-at-50-group-resets-for-new-chapter-of-its-story/65362223007/,0.0006691118167026045
zlib,member,https://www.ydr.com/story/sports/college/penn-state/football/2022/08/08/penn-state-football-coaches-poll-big-ten-james-franklin/65395659007/,0.0019845804449041223
zlib,member,https://www.ydr.com/story/news/2022/07/27/york-state-fair-ride-inspections-what-you-need-to-know/65382750007/,0.0015495021306376742
zlib,member,https://www.ydr.com/story/news/local/2022/07/11/york-state-fair-july-22-31-details-admission-tickets-parking-hours-and-more/65364021007/,0.0009768661166654168
zlib,member,https://www.ydr.com/story/news/2022/07/12/rep-scott-perry-proud-boys-leader-zachary-rehl-implicated-jan-6-testimony/65372007007/,0.0011319671145093827
zlib,member,https://www.ydr.com/story/sports/high-school/track-girls/2022/06/21/laila-campbell-wins-100-meter-dash-at-new-balance-nationals/65362272007/,0.001890037054056603
zlib,member,https://www.ydr.com/story/sports/college/penn-state/football/2022/09/08/penn-state-big-ten-and-college-football-ohio-james-franklin/65742707007/,0.0008111636808292318
zlib,member,https://www.ydr.com/story/news/2022/04/06/lake-williams-dam-built-in-1911-is-being-demolished/65348530007/,0.0021539411956750165
zlib,member,https://www.ydr.com/story/news/2022/06/22/rich-wurzbach-of-mrg-labs-invented-a-blood-test-for-machines/65352146007/,0.0006212531784258607
zlib,member,https://www.ydr.com/story/news/2022/06/30/child-found-dead-pool-campground-southern-york-county-pa-after-going-missing/65365256007/,0.0024179742869946024
zlib,member,https://www.ydr.com/story/news/local/2022/06/23/judge-rules-favor-york-mayor-michael-helfrich-over-oath-office-henry-nixon/65363082007/,0.0015349915141589683
zlib,member,https://www.ydr.com/story/news/2022/05/12/jan-6-panel-subpoenas-us-rep-scott-perry/65355153007/,0.00040463857402803867
zlib,member,https://www.ydr.com/story/news/2022/07/25/mechanicsburg-man-dies-in-two-vehicle-crash-in-dover-township-police-say/65382145007/,0.0026442788359880725
zlib,member,https://www.ydr.com/story/sports/college/penn-state/football/2022/09/06/penn-state-college-football-big-ten-ohio-james-franklin-nick-singleton/65474170007/,0.002721036208667588
zlib,member,https://www.ydr.com/story/sports/high-school/2022/05/23/district-3-volleyball-results-scores-from-class-3a-2a-tournaments/65357229007/,0.0016628904152855182
zlib,member,https://www.ydr.com/restricted/?return=https%3A%2F%2Fwww.ydr.com%2Fin-depth%2Fnews%2F2022%2F06%2F13%2Fphilanthropy-nonprofits-york-county-most-influential-people-charity-giving%2F65352045007%2F,0.000764796714708917
zlib,member,https://www.ydr.com/story/news/local/2022/09/09/tech-company-buys-york-continental-square-citizens-bank-property/67309566007/,0.0022459571377472214
zlib,member,https://www.ydr.com/story/news/politics/elections/2022/07/03/protesters-at-york-rally-want-scott-perry-gone-from-congress/65366404007/,0.0014644912313547165
zlib,member,https://www.ydr.com/restricted/?return=https%3A%2F%2Fwww.ydr.com%2Fstory%2Fnews%2F2022%2F04%2F21%2Fyork-restaurant-inspections-one-out-of-compliance%2F65350038007%2F,0.0006025377332901966
zlib,member,https://www.ydr.com/story/news/2022/05/02/yorks-mothers-day-street-fair-was-canceled-but-theres-an-alternative-alexandria-keener-beaver-street/65352175007/,0.0014448568613677135
zlib,member,https://www.ydr.com/story/sports/high-school/baseball/2022/06/02/district-3-baseball-east-pennsboro-beats-littlestown-for-4a-title/65358498007/,0.0009435408371453388
zlib,member,https://www.ydr.com/restricted/?return=https%3A%2F%2Fwww.ydr.com%2Fstory%2Fnews%2Fwatchdog%2F2022%2F05%2F03%2Fmedical-marijuana-zero-tolerance-dui-pennsylvania%2F65352215007%2F,0.0006025377332901966
zlib,member,https://www.ydr.com/story/news/2022/07/18/york-state-fair-2022-guide-to-what-to-eat/65373031007/,0.0008635326448319909
zlib,member,https://www.ydr.com/story/opinion/columnists/2022/05/17/reporter-katia-parks-shares-insights-to-york-pa-violence/65350927007/,0.0008823996986184262
zlib,member,https://www.ydr.com/story/sports/high-school/football/2022/05/10/jon-scepanski-leaves-northeastern-to-take-conestoga-valley-football-job/65354649007/,0.0010297557215741642
zlib,member,https://www.ydr.com/story/news/2022/07/06/pennsylvania-residents-among-those-arrested-u-s-capitol-insurrection/4331778001/,0.0001229058052500746
zlib,member,https://www.ydr.com/story/news/politics/2022/05/18/jeff-piccola-chairman-of-york-county-gop-resigns/65356063007/,0.002189805237471694
zlib,member,https://www.ydr.com/story/news/2022/05/17/york-county-2022-democratic-republican-primary-race-results-today/65355341007/,0.0021710464372320295
zlib,member,https://www.ydr.com/story/sports/high-school/football/2022/09/13/sam-stoner-jahiem-white-closing-in-on-york-high-william-penn-football-records/69487731007/,0.000977624954663258
zlib,member,https://www.ydr.com/story/news/2022/08/10/fat-daddys-nightclub-closes-auctioning-off-everything-in-york-pa-springettsbury/65395677007/,0.0031159263844778096
zlib,member,https://www.ydr.com/story/sports/college/penn-state/football/2022/04/28/greatest-penn-state-catches-receivers-jahan-dotson-jameson-williams/65352118007/,0.000770252822076564
zlib,member,https://www.ydr.com/story/opinion/2022/07/26/these-key-projects-would-boost-quality-of-life-in-york-county/65383602007/,0.0007958358415907542
zlib,member,https://www.ydr.com/story/news/2022/04/27/congressman-scott-perry-new-text-reveals-more-about-attempt-to-change-2020-presidential-election-res/65352246007/,0.0028327842009113115
zlib,member,https://www.ydr.com/story/news/2022/09/08/the-best-dive-bars-in-york-county-pa-here-are-6-to-check-out/65475324007/,0.0015221007613933264
zlib,member,https://www.ydr.com/story/news/crime/2022/07/12/jaquez-brown-suspect-york-murder-shaheim-carr-recently-freed-prison/65371037007/,0.001201120575508829
zlib,member,https://www.ydr.com/restricted/?return=https%3A%2F%2Fwww.ydr.com%2Fstory%2Fnews%2F2022%2F06%2F07%2Fnew-species-yorkicystis-haefneri-discovered-dig-fossils-york-pa%2F65357621007%2F,0.000634194866762856
zlib,member,https://www.ydr.com/story/sports/high-school/football/2022/05/31/west-yorks-terry-bupp-elected-to-pennsylvania-football-coaches-hall-of-fame/65357624007/,0.0009378487659662072
zlib,member,https://www.ydr.com/story/sports/high-school/basketball-boys/2022/05/03/piaa-schools-vote-against-adding-a-shot-clock-to-high-school-basketball/65353578007/,0.001410267255148232
zlib,member,https://www.ydr.com/story/news/2022/06/29/the-haines-shoe-house-in-york-county-will-become-an-airbnb/65364374007/,0.0022870026317040036
zlib,member,https://www.ydr.com/story/news/2022/05/04/meltdown-three-mile-island-airs-on-netflix/65353510007/,0.0024737601401057015
zlib,member,https://www.ydr.com/story/opinion/2022/09/06/restoring-yorks-potters-field-do-it-yourself-urbanism/65474708007/,0.0007412651484386062
zlib,member,https://www.ydr.com/story/news/2022/04/07/central-pennsylvania-to-receive-rain-today-national-weather-service-says/65348821007/,0.010347385598995153
zlib,member,https://www.ydr.com/story/news/2022/05/16/severe-thunderstorm-watch-issued-central-pa-tornado-possible/65355765007/,0.004957414252308083
zlib,member,https://www.ydr.com/story/news/politics/2022/04/11/dr-oz-senate-campaign-trump-endorsement/65349165007/,0.0010343922837167314
zlib,member,https://www.ydr.com/story/sports/college/penn-state/football/2022/04/29/nfl-draft-washington-commanders-penn-states-receiver-jahan-dotson-in-first-round/65352135007/,0.0014355171130407015
zlib,member,https://www.ydr.com/story/sports/college/penn-state/2022/04/24/penn-state-james-franklin-sean-clifford-lead-psu-at-blue-white-game/65351312007/,0.001330506442090232
zlib,member,https://www.ydr.com/story/sports/college/penn-state/2022/04/23/penn-state-football-blue-white-game-with-james-franklin-drew-allar/65351234007/,0.0010429605454608094
zlib,member,https://www.ydr.com/story/news/crime/2022/06/15/spring-garden-township-man-charged-with-fatally-stabbing-pregnant-woman-in-york-in-may/65361137007/,0.0016647107186809123
zlib,member,https://www.ydr.com/story/sports/high-school/basketball-girls/2022/07/11/gettysburg-star-named-gametimepa-yaiaa-girls-athlete-of-the-year/65370388007/,0.0012112107007675034
zlib,member,https://www.ydr.com/story/sports/high-school/2022/05/23/select-gametimepa-yaiaa-athletes-of-the-week-for-may-16-to-may-21/65357145007/,0.004252328969888016
zlib,member,https://www.ydr.com/story/news/2022/05/09/york-county-bakery-collects-donations-to-support-ukrainian-refugees/65353063007/,0.0018512734408643117
zlib,member,https://www.ydr.com/story/news/2022/04/12/white-clover-farm-stand-in-hellam-spurred-by-pandemic-food-supply-issues/65347398007/,0.001142743574146997
zlib,member,https://www.ydr.com/story/sports/high-school/football/2022/08/27/yaiaa-football-week-1-york-high-loses-thriller-central-york-gets-big-win/65457937007/,0.0009344055681445216
zlib,member,https://www.ydr.com/story/sports/college/penn-state/football/2022/08/29/penn-state-football-big-ten-purdue-boilermakers-nick-singleton/65461401007/,0.002480162528626434
zlib,member,https://www.ydr.com/story/news/local/2022/06/22/central-pa-braces-severe-thunderstorms-across-states-md-dc-wva-va-wednesday-evening-9-pm/65362654007/,0.004639325021890748
zlib,member,https://www.ydr.com/story/news/crime/2022/06/20/york-pa-woman-sentenced-hiding-grandmother-body-freezer-social-security/65361623007/,0.0014954582008268051
zlib,member,https://www.ydr.com/story/news/local/2022/05/26/veterans-memorial-gold-star-garden-memorial-day-event-honoring-wwi-kia/65354618007/,0.0009763040358540256
zlib,member,https://www.ydr.com/story/news/crime/2022/04/15/man-dies-after-being-shot-during-fight-outside-home-in-adams-county/65350257007/,0.003892120060051421
zlib,member,https://www.ydr.com/story/news/local/2022/07/29/multiple-casualties-chanceford-township-crash-york-county-traffic-collision/65386614007/,0.0023652171521162846
zlib,member,https://www.ydr.com/story/opinion/2022/05/03/new-life-for-hanover-trolley-rails/65353555007/,0.0008246020430004713
zlib,member,https://www.ydr.com/story/news/2022/05/13/infant-found-dead-east-berlin-mother-ashley-decker-charged/65355254007/,0.0010829447796349993
zlib,member,https://www.ydr.com/story/news/local/2022/07/18/reverend-adrian-boxley-appointed-york-city-district-justice-by-state/65371722007/,0.0024645373650556642
zlib,member,https://www.ydr.com/story/news/2022/05/03/give-local-york-24-hours-of-fundraising-right-around-the-corner/65353091007/,0.0011278943821350234
zlib,member,https://www.ydr.com/story/news/nation/2022/07/06/michael-lopatic-of-lancaster-dead-one-year-after-insurrection-arrest/65367853007/,0.0018261315562297245
zlib,member,https://www.ydr.com/story/sports/high-school/football/2022/08/27/central-pa-high-school-football-yaiaa-scores-results-highlights-from-week-1/65419140007/,0.0005816677921475928
zlib,member,https://www.ydr.com/story/news/2022/09/12/pa-drivers-will-get-new-licenses-with-enhanced-security-features/69486893007/,0.003661970439443877
zlib,member,https://www.ydr.com/story/sports/college/penn-state/football/2022/09/10/penn-state-football-score-vs-ohio-university-bobcats-big-ten-nick-singleton/66758652007/,0.0025157332224494374
zlib,member,https://www.ydr.com/story/news/crime/2022/05/23/murder-suicide-deadly-shooting-gunfire-mar-weekend-in-york-county/65356861007/,0.0010430518567190173
zlib,member,https://www.ydr.com/story/opinion/2022/04/12/2-century-old-st-paul-lebanon-lutheran-church-illustrates-easter-message/65349861007/,0.001100998763148197
zlib,member,https://www.ydr.com/story/opinion/2022/04/19/100-year-old-catholic-womans-club-in-york-draws-strength-from-its-past/65350914007/,0.0012133388703346364
zlib,member,https://www.ydr.com/story/sports/high-school/baseball/2022/06/09/piaa-baseball-delone-catholic-tops-schuylkill-haven-to-reach-2a-semis/65359966007/,0.0010207990404579488
zlib,member,https://www.ydr.com/story/news/crime/2022/05/26/york-county-district-attorney-drops-charges-co-defendant-attack-north-codorus-township/65357291007/,0.0013949840587137192
zlib,member,https://www.ydr.com/story/sports/college/penn-state/football/2022/08/07/penn-state-football-3-things-to-learn-about-2022-big-ten-season/65393638007/,0.0008516490811231613
zlib,member,https://www.ydr.com/story/sports/college/penn-state/football/2022/06/02/drew-hartlaub-hanover-leaves-carolina-panthers-injury-concussions/65358206007/,0.0013230304142460216
zlib,member,https://www.ydr.com/restricted/?return=https%3A%2F%2Fwww.ydr.com%2Fstory%2Fnews%2F2022%2F05%2F10%2Fcould-mental-health-experts-prevented-killing-of-lebanon-police-lt-william-lebo%2F65352523007%2F,0.0006025377332901966
zlib,member,https://www.ydr.com/restricted/?return=https%3A%2F%2Fwww.ydr.com%2Fstory%2Fsports%2Fhigh-school%2F2022%2F05%2F24%2Fnil-name-image-likeness-deals-could-be-headed-piaa-what-it-means-pa-high-school%2F65354558007%2F,0.0006860881627720449
zlib,member,https://www.ydr.com/story/news/2022/05/24/brian-korte-york-haven-lynwood-nester-dillsburg-charged-capitol-riots/65357319007/,0.0017760886986498985
zlib,member,https://www.ydr.com/story/opinion/2022/06/23/trovestreet-a-new-way-to-learn-about-aging-in-york-county/65362833007/,0.001186972518321588
zlib,member,https://www.ydr.com/story/opinion/2022/05/11/mifflin-house-preservation-latest-land-use-battle-in-eastern-york-county/65354943007/,0.0005789380568185892
zlib,member,https://www.ydr.com/story/news/2022/08/02/pennsylvania-turnpike-tolls-increase-by-5-percent-january-e-zpass-pa-turnpike-hike/65389692007/,0.0021927391979655176
zlib,member,https://www.ydr.com/story/sports/college/penn-state/football/2022/08/02/psu-football-games-nittany-lions-james-franklin-sean-clifford/65385455007/,0.0015768371025715428
zlib,member,https://www.ydr.com/restricted/?return=https%3A%2F%2Fwww.ydr.com%2Fstory%2Fnews%2Fwatchdog%2F2022%2F04%2F20%2Fc-sau-prison-trainer-testifies-unemployed-exaggerated-business-jospha-garcia%2F65350079007%2F,0.0006025377332901966
zlib,member,https://www.ydr.com/restricted/?return=https%3A%2F%2Fwww.ydr.com%2Fstory%2Fsports%2Fhigh-school%2Fbaseball%2F2022%2F04%2F13%2Fhigh-school-sports-baseball-at-york-high-in-the-yaiaa-puerto-rico%2F65345438007%2F,0.0006025377332901966
zlib,member,https://www.ydr.com/restricted/?return=https%3A%2F%2Fwww.ydr.com%2Fstory%2Fnews%2Fcrime%2F2022%2F05%2F06%2Fmothers-day-struggle-for-those-who-have-lost-children-parents%2F65353690007%2F,0.0006025377332901966
zlib,member,https://www.ydr.com/story/sports/2022/05/05/toronto-blue-jays-call-up-delone-catholic-grad-casey-lawrence/65353814007/,0.001381333691259769
zlib,member,https://www.ydr.com/story/news/politics/elections/2022/05/26/politico-mark-meadows-burned-papers-after-meeting-with-scott-perry/65357627007/,0.002327675628622072
zlib,member,https://www.ydr.com/story/sports/high-school/2022/04/25/select-gametimepa-yaiaa-athletes-of-the-week-for-april18-to-april-23/65351891007/,0.004884326815817157
zlib,member,https://www.ydr.com/story/news/2022/04/08/york-county-food-bank-is-moving-its-operations-out-of-the-former-kmart-store/65348695007/,0.00227380744556611
zlib,member,https://www.ydr.com/story/opinion/2022/05/23/pas-farmers-municipalities-pay-for-legislatures-inaction-on-clean-water/65357214007/,0.001162731071326401
zlib,member,https://www.ydr.com/restricted/?return=https%3A%2F%2Fwww.ydr.com%2Fstory%2Fnews%2Flocal%2F2022%2F06%2F13%2Ftasalina-young-memory-daughter-dyamond-helps-others-in-york-pa%2F65356517007%2F,0.000764796714708917
zlib,member,https://www.ydr.com/story/news/local/2022/07/18/pa-backing-historic-small-restaurants-grant-awarded-harmony-inn/65371204007/,0.001672916405504179
zlib,member,https://www.ydr.com/story/news/2022/04/20/senator-jake-corman-eyes-pa-governors-office-after-23-years-in-dc/65348987007/,0.0007296670460019047
zlib,member,https://www.ydr.com/story/news/2022/06/30/cheap-gas-what-is-e15-unleaded-88-and-e85-is-it-safe-to-use-in-cars-boats-vehicles-sheetz/65364424007/,0.0011234129719940662
zlib,member,https://www.ydr.com/restricted/?return=https%3A%2F%2Fwww.ydr.com%2Fstory%2Fnews%2F2022%2F04%2F07%2Fpa-speed-cameras-work-zones-tickets-tossed-after-error-found%2F65345082007%2F,0.0006025377332901966
zlib,member,https://www.ydr.com/story/sports/high-school/2022/05/09/select-gametimepa-yaiaa-athletes-of-the-week-formay-2-to-may-7/65354485007/,0.005366575543784825
zlib,member,https://www.ydr.com/story/sports/high-school/softball/2022/07/06/piaa-softball-coaches-select-states-top-players/65365518007/,0.000477935357162758
zlib,member,https://www.ydr.com/story/sports/high-school/football/2022/08/22/central-pa-football-schedule-scores-york-adams-2022-season/65409218007/,0.0005975872410115
zlib,member,https://www.ydr.com/story/sports/college/2022/03/31/ncaa-gymnastic-regionals-how-to-watch-the-action-from-4-competitions/65347499007/,0.0017858714706303618
zlib,member,https://www.ydr.com/story/news/2022/07/29/one-killed-building-collapse-adams-county-central-pa-farm-state-police-say/65386328007/,0.0036324718901517175
zlib,member,https://www.ydr.com/story/news/2022/09/14/pa-residents-with-criminal-records-could-get-help/69491572007/,0.0018240794301451562
zlib,member,https://www.ydr.com/story/news/crime/2022/05/18/york-city-police-investigating-womans-overnight-death-as-homicide/65356359007/,0.0034009100354113345
zlib,member,https://www.ydr.com/restricted/?return=https%3A%2F%2Fwww.ydr.com%2Fstory%2Fnews%2F2022%2F04%2F21%2Fcomings-and-goings-eco-friendly-store-opens-in-york-coffee-shop-closes%2F65351060007%2F,0.0006025377332901966
zlib,member,https://www.ydr.com/restricted/?return=https%3A%2F%2Fwww.ydr.com%2Fstory%2Fnews%2F2022%2F05%2F11%2Fthe-york-and-adams-county-real-estate-markets-are-still-pretty-hot%2F65354554007%2F,0.0006025377332901966
zlib,member,https://www.ydr.com/story/news/local/2022/09/06/fall-festivals-and-family-friendly-activities-in-york-county/65419910007/,0.0006643970097187032
zlib,member,https://www.ydr.com/story/sports/high-school/2022/04/18/select-gametimepa-yaiaa-athletes-of-the-week-for-april-11-16/65350764007/,0.0048422477135062056
zlib,member,https://www.ydr.com/story/news/2022/04/26/man-dies-after-falling-into-the-codorus-creek-in-york-fire-chief-says/65351925007/,0.002416597693824594
zlib,member,https://www.ydr.com/story/news/local/2022/08/04/children-injured-in-deadly-amish-tractor-crash-york-county-remain-in-hospital/65390689007/,0.002453108665906214
zlib,member,https://www.ydr.com/story/news/crime/2022/04/18/york-school-district-chad-gerrick-pleads-guilty-disorderly-conduct/65350765007/,0.001742072613756423
zlib,member,https://www.ydr.com/story/news/local/2022/05/05/york-city-council-brings-crown-act-to-board-for-hair-discrimination/65353633007/,0.0016593847492478995
zlib,member,https://www.ydr.com/story/sports/high-school/wrestling/2022/05/05/dave-gable-steps-down-as-dallastown-wrestling-coach-after-25-years/65353876007/,0.0007405406063423261
zlib,member,https://www.ydr.com/story/news/crime/2022/05/25/former-north-york-tax-collector-keith-ramsay-rejected-veterans-wellness-court/65356693007/,0.0020780989857333066
zlib,member,https://www.ydr.com/story/sports/high-school/volleyball-boys/2022/06/01/piaa-boys-volleyball-results-matchups/65358273007/,0.0012869898500626272
zlib,member,https://www.ydr.com/story/news/2022/08/02/the-community-responds-to-help-an-amish-family-touched-by-tragedy/65388394007/,0.0007854237377668098
zlib,member,https://www.ydr.com/story/news/politics/2022/04/07/kenyatta-running-for-senate-because-the-status-quo-will-not-save-us/65348457007/,0.0007836484593637776
zlib,member,https://www.ydr.com/restricted/?return=https%3A%2F%2Fwww.ydr.com%2Fstory%2Fnews%2Fcrime%2F2022%2F05%2F09%2Fhearing-joe-fitzpatrick-iii-first-degree-murder-second-trial-york-county%2F65353970007%2F,0.0006025377332901966
zlib,member,https://www.ydr.com/story/news/2022/05/18/shamaine-daniels-wins-democratic-nomination-to-face-scott-perry-us-congress/65355455007/,0.001220058793217708
zlib,member,https://www.ydr.com/story/news/local/2022/06/22/adams-county-crash-leaves-three-dead-pa-police-say/65362619007/,0.0038751531472597162
zlib,member,https://www.ydr.com/restricted/?return=https%3A%2F%2Fwww.ydr.com%2Fstory%2Fsports%2Fhigh-school%2Ftrack%2F2022%2F05%2F19%2Fpiaa-track-and-field-70-athletes-to-watch-in-district-3-meet%2F65355844007%2F,0.0006025377332901966
zlib,member,https://www.ydr.com/story/news/crime/2022/08/25/york-county-pa-da-says-shooting-after-wedding-self-defense/65415627007/,0.0019977734889469606
zlib,member,https://www.ydr.com/story/sports/college/penn-state/football/2022/06/28/penn-state-football-james-franklin-recruits-southern-players-from-alabama-al-florida-fla/65362631007/,0.000841256391213061
zlib,member,https://www.ydr.com/restricted/?return=https%3A%2F%2Fwww.ydr.com%2Fstory%2Fnews%2F2022%2F06%2F02%2Fafter-a-long-two-years-heres-where-summer-festivals-in-central-pa-stand-in-2022%2F65352431007%2F,0.0004397623350195627
zlib,member,https://www.ydr.com/story/news/2022/05/03/encore-a-celebration-of-york-county-high-school-musicials-returns/65351061007/,0.0013370347660676101
zlib,member,https://www.ydr.com/story/news/local/2022/07/05/electric-wooden-tour-boat-chief-uncus-launched-in-susquehanna-river-york-county/65365534007/,0.0019367033805056998
zlib,member,https://www.ydr.com/story/news/fixing-york/2022/09/01/redevelopment-plans-for-south-george-street-post-office-sought/65468307007/,0.002155127180213693
zlib,member,https://www.ydr.com/story/sports/high-school/volleyball-boys/2022/07/08/piaa-district-3-13-yaiaa-players-named-boys-volleyball-all-stars/65368955007/,0.0015481040673532055
zlib,member,https://www.ydr.com/story/sports/high-school/football/2022/09/17/yaiaa-football-scores-from-week-4-dallastown-central-york-earn-wins/69496327007/,0.0011628679061290318
zlib,member,https://www.ydr.com/story/sports/high-school/football/2022/05/18/central-yorks-cade-pribula-transfers-from-delaware-to-sacred-heart/65355912007/,0.0009193380256431157
zlib,member,https://www.ydr.com/story/news/local/2022/09/15/vandals-damaged-a-welcome-to-york-gateway-water-company-will-fix-it/69492561007/,0.0030903277187388787
zlib,member,https://www.ydr.com/story/news/local/2022/07/13/christmas-smile-in-july-offers-free-food-gifts-and-more-in-york/65371977007/,0.0030339506339576395
zlib,member,https://www.ydr.com/story/news/crime/2022/09/07/strada-brothers-sentence-in-whispering-wind-bear-spirit-shooting-death/65466363007/,0.002330201372007519
zlib,member,https://www.ydr.com/story/opinion/2022/07/05/years-after-civil-war-york-surrendered-a-second-time-to-confederates/65367339007/,0.0008461119611215584
zlib,member,https://www.ydr.com/story/news/politics/elections/2022/08/24/scott-perry-sues-department-of-justice-block-access-cellphone-jan-6-probe/65418234007/,0.0014994062530996268
zlib,member,https://www.ydr.com/story/news/2022/05/23/york-state-fair-2022-what-to-expect-concerts-prices-heroes-hall/65355495007/,0.000550134550340152
zlib,member,https://www.ydr.com/story/sports/high-school/2022/07/15/nil-name-age-likeness-policy-pa-high-school-athletes-1-step-closer-to-deals-heres-how/65373478007/,0.0019390197843040323
zlib,member,https://www.ydr.com/story/sports/high-school/track/2022/05/20/district-3-track-and-field-results-from-day-1-in-shippensburg/65356535007/,0.0010903769713569106
zlib,member,https://www.ydr.com/story/news/crime/2022/08/19/former-york-city-police-officer-charged-sexual-abuse-teen-joseph-palmer/65411308007/,0.0016705624201252827
zlib,member,https://www.ydr.com/story/news/health/2022/08/23/wellspan-health-celebrates-ecmo-survivors/65410594007/,0.0015255083396859962
zlib,member,https://www.ydr.com/story/news/politics/elections/2022/07/20/u-s-rep-scott-perry-votes-in-favor-of-bill-to-protect-gay-marriage/65378069007/,0.0018466862265940338
zlib,member,https://www.ydr.com/story/sports/high-school/football/2022/07/11/dallastown-star-named-gametimepa-yaiaa-boys-athlete-of-the-year/65368843007/,0.001163890837329987
zlib,member,https://www.ydr.com/story/sports/college/penn-state/football/2022/09/13/penn-state-big-ten-college-football-auburn-tigers-sec-drew-allar/69486532007/,0.0018755384868611984
zlib,member,https://www.ydr.com/story/opinion/2022/04/26/sen-regan-we-will-not-allow-satan-into-northern-york-county-schools/65352053007/,0.0018328809588632473
zlib,member,https://www.ydr.com/story/opinion/2022/05/24/southcentral-pa-teachers-influence-lasts-a-lifetime/65357368007/,0.0008744904536582363
zlib,member,https://www.ydr.com/story/news/politics/2022/04/24/primary-election-2022-47th-pa-state-house-seat-contested-republican-ticket/65350261007/,0.009746120613892644
zlib,member,https://www.ydr.com/story/news/2022/04/12/easter-traditions-in-central-pa-include-pysanky-eggs-and-easter-bread/65348709007/,0.0007898630196173114
zlib,member,https://www.ydr.com/restricted/?return=https%3A%2F%2Fwww.ydr.com%2Fstory%2Fnews%2Flocal%2F2022%2F04%2F20%2Fcan-after-school-satan-club-sue-northern-york-school-district-lucien-greaves%2F65351105007%2F,0.0006025377332901966
zlib,member,https://www.ydr.com/story/sports/high-school/2022/09/12/yaiaa-sports-select-athletes-of-the-week-for-sept-5-to-sept-10/69487037007/,0.004768198027259726
zlib,member,https://www.ydr.com/story/news/2022/04/20/more-than-21000-tulips-are-near-full-bloom-at-hershey-gardens/65350850007/,0.002298874857581028
zlib,member,https://www.ydr.com/story/news/local/2022/09/01/gas-prices-drop-below-4-dollars-gallon-at-some-stations-in-york-county/65466343007/,0.0020008558876083945
zlib,member,https://www.ydr.com/story/news/2022/06/13/christmas-assault-victim-barbara-laughman-west-manchester-township-encompass-health/65360603007/,0.00445476795235917
zlib,member,https://www.ydr.com/story/sports/college/penn-state/football/2022/04/12/penn-state-football-nittany-lions-add-demeioun-robinson-maryland-linebacker/65349874007/,0.0014265565139987774
zlib,member,https://www.ydr.com/restricted/?return=https%3A%2F%2Fwww.ydr.com%2Fstory%2Fnews%2F2022%2F05%2F09%2Fwestinghouse-atom-smasher-rots-away-in-a-pennsylvania-neighborhood%2F65352649007%2F,0.0006025377332901966
zlib,member,https://www.ydr.com/story/news/watchdog/2022/05/20/pennsylvania-supreme-court-denies-request-appeal-york-county-prison-corrections-officers-taunting/65356543007/,0.0015594098374068616
zlib,member,https://www.ydr.com/story/sports/high-school/2022/05/27/piaa-track-and-field-chambersburgs-j-j-kelly-wins-triple-jump-title/65357639007/,0.000933399229211342
zlib,member,https://www.ydr.com/story/sports/college/penn-state/football/2022/07/21/penn-state-football-sexual-extortion-student-athletes-police/65377756007/,0.002219916568934275
zlib,member,https://www.ydr.com/story/sports/high-school/football/2022/06/10/york-catholic-hires-longtime-assistant-brad-hayek-as-head-football-coach/65360074007/,0.0009629129026082051
zlib,member,https://www.ydr.com/story/news/crime/2022/04/06/pennsylvania-superior-court-permission-appeal-ex-southwestern-regional-police-officer-shooting/65348674007/,0.001654857416403524
zlib,member,https://www.ydr.com/story/sports/college/penn-state/football/2022/09/01/penn-state-purdue-boilermakers-big-ten-live-scoring-updates/65465506007/,0.000520079632643037
zlib,member,https://www.ydr.com/story/news/health/2022/04/01/a-night-to-remember-those-lost-by-covid-with-1488-luminaries-in-york/65347724007/,0.002114753312548308
zlib,member,https://www.ydr.com/story/news/crime/2022/09/13/one-dead-one-injured-in-reported-stabbing-in-springettsbury-township/69492968007/,0.002867358008075579
zlib,member,https://www.ydr.com/story/sports/college/penn-state/football/2022/05/09/penn-state-nittany-lions-football-dani-dennis-sutton-defensive-lineman/65352114007/,0.0007776278760175503
zlib,member,https://www.ydr.com/story/news/crime/2022/08/08/5-people-found-unconscious-two-now-dead-in-york-county-pa-home/65396070007/,0.0023088349798567873
zlib,member,https://www.ydr.com/restricted/?return=https%3A%2F%2Fwww.ydr.com%2Fstory%2Fsports%2Fhigh-school%2Fbaseball%2F2022%2F05%2F24%2Fyork-high-baseball-dominican-republic-puerto-rico-york-revolution%2F65355801007%2F,0.0006860881627720449
zlib,member,https://www.ydr.com/restricted/?return=https%3A%2F%2Fwww.ydr.com%2Fstory%2Fnews%2Fwatchdog%2F2022%2F04%2F14%2Frobert-vicosa-murder-suicide-timeline-events-transparency%2F65349570007%2F,0.0006025377332901966
zlib,member,https://www.ydr.com/story/news/2022/08/25/fundraiser-christine-fousek-rylee-reynolds-stewartstown-york-county/65419562007/,0.0024840169697010945
zlib,member,https://www.ydr.com/story/sports/high-school/football/2022/09/02/central-pennsylvania-high-school-football-scoreboard-see-which-york-adams-teams-won-in-week-2/65468092007/,0.0021669059932255164
zlib,member,https://www.ydr.com/story/sports/college/penn-state/football/2022/04/29/nfl-draft-penn-state-football-arnold-ebiketie-atlanta-falcons/65352157007/,0.0016104414627770695
zlib,member,https://www.ydr.com/story/news/2022/09/14/trans-siberian-orchestra-to-perform-2-concerts-in-hershey-in-december/69491582007/,0.0036930330842924993
zlib,member,https://www.ydr.com/story/news/crime/2022/09/14/one-dead-one-injured-in-reported-stabbing-in-springettsbury-township/69492968007/,0.00199794185876511
zlib,member,https://www.ydr.com/story/news/politics/elections/2022/08/17/democrat-shamaine-daniels-poll-shows-lead-over-rep-scott-perry/65404028007/,0.0013416642467727197
zlib,member,https://www.ydr.com/story/news/2022/05/18/york-county-2022-democratic-republican-primary-race-results-today/65355341007/,0.0021710464372320295
zlib,member,https://www.ydr.com/story/news/crime/2022/09/13/york-county-coroner-identifies-man-who-died-after-weekend-shooting-in-city/69491367007/,0.0023220168080059236
zlib,member,https://www.ydr.com/story/news/crime/2022/04/27/man-pleads-no-contest-third-degree-murder-deadly-shooting-west-manheim-township-york-county/65352283007/,0.001055456365353316
zlib,member,https://www.ydr.com/story/news/crime/2022/05/26/former-northern-york-county-regional-police-chief-facing-dui-charges/65357632007/,0.0015346851137156153
zlib,member,https://www.ydr.com/story/news/2022/07/05/teen-dies-4-injured-single-vehicle-crash-near-littlestown-adams-county-pa-july-4/65367258007/,0.002548920356344544
zlib,member,https://www.ydr.com/story/news/2022/04/13/conor-lamb-senate-race-says-record-over-john-fetterman/65348890007/,0.0006088690256619265
zlib,member,https://www.ydr.com/story/sports/high-school/football/2022/09/08/central-pa-high-school-football-live-scoreboard-from-week-3-yaiaa-ll-league-mid-penn-conference/66862778007/,0.00521962234805374
zlib,member,https://www.ydr.com/story/news/2022/05/10/real-id-in-pa-with-deadline-approaching-heres-what-you-need-to-know/65353960007/,0.0007933233220692776
zlib,member,https://www.ydr.com/story/sports/college/penn-state/football/2022/04/29/penn-state-ad-patrick-kraft-confirmed-friday/65352557007/,0.0017268108355407447
zlib,member,https://www.ydr.com/story/news/crime/2022/05/27/daiquan-dickerson-sentenced-life-prison-murdering-dover-area-high-school-student-emily-shoemaker/65356726007/,0.0010009907122719003
zlib,member,https://www.ydr.com/story/sports/high-school/2022/06/27/award-winning-kennard-dale-powerlifting-coach-steps-down/65362716007/,0.0006717170213487157
zlib,member,https://www.ydr.com/story/sports/college/penn-state/football/2022/07/01/college-football-usc-ucla-joining-penn-state-big-ten/65366000007/,0.0013525349203087483
zlib,member,https://www.ydr.com/story/sports/high-school/softball/2022/05/26/district-3-softball-championships-results-scores-from-each-round/65357552007/,0.00140703126909031
zlib,member,https://www.ydr.com/story/news/2022/05/20/police-investigating-shooting-west-manchester-west-york-auto-spa-express/65356744007/,0.0029134954717143645
zlib,member,https://www.ydr.com/story/news/2022/06/07/philadelphia-man-sedition-charges-u-s-capitol-insurrection/65359583007/,0.0010522649433864478
zlib,member,https://www.ydr.com/story/news/2022/08/11/hundreds-turn-out-to-protest-the-re-use-of-york-county-landfill/65398396007/,0.0010053578834720875
zlib,member,https://www.ydr.com/story/news/crime/2022/08/19/takanii-beatty-gets-prison-time-for-york-rape-prostitution-case/65405818007/,0.001980641665855091
zlib,member,https://www.ydr.com/restricted/?return=https%3A%2F%2Fwww.ydr.com%2Fstory%2Fnews%2F2022%2F06%2F14%2Fwill-pennsylvania-make-it-easier-for-teachers-to-carry-guns%2F65360505007%2F,0.000764796714708917
zlib,member,https://www.ydr.com/story/news/local/2022/08/16/lawsuit-louis-appell-iii-filed-against-ufd-founders-settled/65395849007/,0.001647174430328001
zlib,member,https://www.ydr.com/story/news/2022/08/01/york-pa-three-alarm-fire-destroys-vacant-home-east-mason-avenue/65387808007/,0.0026821141521962515
zlib,member,https://www.ydr.com/story/news/2022/08/09/pa-cuts-corporate-net-income-tax-nearly-in-half/65396041007/,0.0028125727988247283
zlib,member,https://www.ydr.com/story/news/local/2022/06/27/six-york-county-restaurants-out-of-compliance-inspections-dirty-kitchens/65361708007/,0.00043106613003256547
zlib,member,https://www.ydr.com/story/news/2022/05/27/weather-alert-storms-flash-floods-possible-tornado-central-pa/65357673007/,0.0020788286647188186
zlib,member,https://www.ydr.com/story/news/politics/2022/04/24/voters-guide-2022-10th-congressional-race-in-pennsylvania/65350260007/,0.009164048140047877
zlib,member,https://www.ydr.com/story/news/crime/2022/04/28/york-county-victims-rights-coalition-march-vigil-trauma-support/65352197007/,0.0014864043232822228
zlib,member,https://www.ydr.com/story/news/politics/2022/04/24/primary-election-2022-two-republicans-vying-pa-169th-state-house-seat/65350263007/,0.013139888728387693
zlib,member,https://www.ydr.com/restricted/?return=https%3A%2F%2Fwww.ydr.com%2Fstory%2Fnews%2F2022%2F05%2F03%2Fa-developer-has-big-plans-for-former-memorial-hospital-site%2F65352173007%2F,0.0006025377332901966
zlib,member,https://www.ydr.com/story/opinion/2022/07/15/the-long-road-to-vindication-for-officer-clayton-swartz-opinion/65374340007/,0.0008856001222527814
zlib,member,https://www.ydr.com/story/sports/high-school/tennis-girls/2022/04/29/yaiaa-tennis-which-players-are-still-alive-for-championships/65352612007/,0.004614775562321805
zlib,member,https://www.ydr.com/story/sports/college/penn-state/football/2022/09/18/penn-state-football-nick-singleton-auburn-tigers-big-ten-sec/69494656007/,0.0010140595935169234
zlib,member,https://www.ydr.com/story/news/2022/06/22/american-idol-finalist-huntergirl-york-state-fair-july-29/65362462007/,0.002978099104825868
zlib,member,https://www.ydr.com/story/news/crime/2022/05/16/york-activists-dog-and-car-stolen-begs-thief-to-return-pet-safely/65355772007/,0.0022479005818457787
zlib,member,https://www.ydr.com/story/news/2022/04/18/mollys-courtyard-cafe-york-to-close-and-new-cafe-reopens-in-june/65349885007/,0.0012555815330937811
zlib,member,https://www.ydr.com/story/news/2022/06/29/co-defendant-in-dover-student-emily-shoemakers-murder-sentenced/65364373007/,0.0017385107030919934
zlib,member,https://www.ydr.com/restricted/?return=https%3A%2F%2Fwww.ydr.com%2Fstory%2Flife%2Ffood%2F2022%2F05%2F16%2Ffarms-in-york-county-offer-home-deliveries%2F65352137007%2F,0.0006025377332901966
zlib,member,https://www.ydr.com/story/news/local/2022/06/10/york-county-police-partner-with-logos-on-public-safety-collaboration/65359772007/,0.0018352426952757592
zlib,member,https://www.ydr.com/story/opinion/2022/08/02/st-lukes-lutheran-church-celebrates-250-anniversary-in-southern-york-county/65389486007/,0.0008385795892431909
zlib,member,https://www.ydr.com/restricted/?return=https%3A%2F%2Fwww.ydr.com%2Fin-depth%2Fnews%2F2022%2F06%2F13%2Factivism-social-justice-york-most-influential-people%2F65351407007%2F,0.000764796714708917
zlib,member,https://www.ydr.com/story/news/local/2022/05/31/murder-suicide-victim-erin-walker-remembered-at-central-memorial/65358157007/,0.0014729017919312816
zlib,member,https://www.ydr.com/story/news/local/2022/07/21/york-mayor-michael-helfrich-oath-of-office-decision-appealed-to-superior-court/65377376007/,0.002108552794089465
zlib,member,https://www.ydr.com/restricted/?return=https%3A%2F%2Fwww.ydr.com%2Fstory%2Fnews%2F2022%2F05%2F12%2Fparents-at-northeastern-school-district-fed-up-with-bullying%2F65351444007%2F,0.0006025377332901966
zlib,member,https://www.ydr.com/story/sports/high-school/football/2022/09/08/red-lion-high-school-garrett-coppersmith-makes-record-breaking-kick/66745861007/,0.0008497466831216583
zlib,member,https://www.ydr.com/story/sports/high-school/football/2022/06/17/eric-depew-hired-as-red-land-football-coach-after-leaving-york-catholic/65361664007/,0.0008353686777931608
zlib,member,https://www.ydr.com/story/news/2022/09/13/emt-struck-by-truck-in-downtown-york/69493220007/,0.007096076252867709
zlib,member,https://www.ydr.com/story/news/watchdog/2022/05/20/york-daily-record-takes-district-attorney-to-court-in-vicosa-case/65355306007/,0.000978479353446546
zlib,member,https://www.ydr.com/story/sports/2022/06/24/michigans-eli-brooks-signs-summer-league-contract-with-indiana-pacers/65363446007/,0.0019649909633173116
zlib,member,https://www.ydr.com/restricted/?return=https%3A%2F%2Fwww.ydr.com%2Fstory%2Fsports%2Fhigh-school%2F2022%2F04%2F04%2Fyork-adams-players-watch-district-state-high-school-sports-yaiaa%2F65347631007%2F,0.0006025377332901966
zlib,member,https://www.ydr.com/story/news/2022/05/19/harley-davidson-york-county-pa-springettsbury-township-suspends-operations/65356500007/,0.002760177364974432
zlib,member,https://www.ydr.com/restricted/?return=https%3A%2F%2Fwww.ydr.com%2Fstory%2Fsports%2Fhigh-school%2Ffootball%2F2022%2F05%2F11%2Fcoach-russ-stoner-goes-beyond-football-for-city-of-york-school-district%2F65350937007%2F,0.0006025377332901966
zlib,member,https://www.ydr.com/story/news/2022/05/11/york-county-911-holding-recruitment-drive-to-fill-15-open-positions/65354635007/,0.0015669728844544734
zlib,member,https://www.ydr.com/story/news/2022/06/03/central-pa-bars-taverns-facing-beer-shortage/65358543007/,0.0016717946298934726
zlib,member,https://www.ydr.com/story/sports/college/2022/04/02/trinity-thomas-leads-florida-to-third-highest-gymnastic-total-in-ncaa/65347768007/,0.0019039101260469433
zlib,member,https://www.ydr.com/restricted/?return=https%3A%2F%2Fwww.ydr.com%2Fstory%2Fnews%2F2022%2F05%2F16%2Fyork-county-restaurant-inspections-engine-oil-bottle-found-in-food-area-meat-not-covered%2F65354936007%2F,0.0006025377332901966
zlib,member,https://www.ydr.com/story/news/crime/2022/05/24/spring-garden-police-press-conference-central-york-high-school-teacher-fatal-shooting/65357296007/,0.004276368469113607
zlib,member,https://www.ydr.com/story/sports/high-school/basketball-girls/2022/05/02/jim-kunkle-resigns-as-west-york-area-high-school-girls-basketball-coach/65353118007/,0.0011186880134683894
zlib,member,https://www.ydr.com/story/opinion/2022/09/13/2022-dorrie-leader-award-recipient-lizaida-morales/69492274007/,0.0007698245643450227
zlib,member,https://www.ydr.com/story/news/2022/05/24/celebrate-national-wine-day-with-mark-and-vals-wine-in-york/65356572007/,0.0010837751279466168
zlib,member,https://www.ydr.com/story/sports/high-school/football/2022/09/06/yaiaa-sports-select-athletes-of-the-week-foraug-29-to-sept-3/65475033007/,0.005302746965311195
zlib,member,https://www.ydr.com/story/sports/college/penn-state/football/2022/04/20/penn-state-blue-white-football-game-2022-james-franklin-nick-singleton/65350805007/,0.0009260037009668092
zlib,member,https://www.ydr.com/story/sports/high-school/2022/05/31/high-school-sports-select-final-yaiaa-athletes-of-week-for-2021-22/65358283007/,0.005393901907832259
zlib,member,https://www.ydr.com/story/news/politics/2022/04/25/pa-voters-guide-2022-where-the-primary-candidates-stand/65350980007/,0.0011541311621779055
zlib,member,https://www.ydr.com/story/news/local/community/2022/07/27/russia-ukraine-war-antonina-kovalenko-emigsville-george-hay-kain/65381771007/,0.001286944833909425
zlib,member,https://www.ydr.com/story/sports/nfl/2022/04/25/bruce-arians-retirement-nfl-coach-tampa-bay-health-tom-brady/65348336007/,0.000839501679911151
zlib,member,https://www.ydr.com/story/news/local/2022/08/15/route-30-pa-crash-claims-the-life-of-one-york-township-woman/65403368007/,0.002877327887361881
zlib,member,https://www.ydr.com/story/news/local/2022/05/31/york-police-offer-form-for-residents-that-suffer-from-mental-illness/65357719007/,0.001525760360014651
zlib,member,https://www.ydr.com/story/news/2022/08/11/congressman-scott-perry-pa-10th-district-fbi-investigation/65399207007/,0.0010638031313763214
zlib,member,https://www.ydr.com/story/news/politics/2022/09/15/mastriano-education-plan-would-cut-school-funding-by-12b-union-says/69495468007/,0.001305237257910108
zlib,member,https://www.ydr.com/story/news/2022/04/07/life-with-alopecia-is-an-emotional-roller-coaster/65348435007/,0.0008117329604103552
zlib,member,https://www.ydr.com/story/sports/outdoors/2022/09/01/trout-stocking-hatcheries-pa-fish-boat-commission/65462285007/,0.0007699937805232471
zlib,member,https://www.ydr.com/story/news/2022/06/10/osha-investigating-after-workers-fall-in-chocolate-tank-lancaster-pennsylvania-factory/65360110007/,0.002541372434038033
zlib,member,https://www.ydr.com/story/news/2022/05/26/distinguished-young-women-of-york-county-to-award-scholarships/65357279007/,0.0016068356176818653
zlib,member,https://www.ydr.com/story/news/politics/2022/04/05/primary-2022-who-is-running-for-office-in-central-pa/65346540007/,0.0005852897682964501
zlib,member,https://www.ydr.com/story/opinion/2022/04/06/sen-mike-regan-its-time-to-legalize-adult-use-marijuana-in-pa/65348677007/,0.0013685207181345878
zlib,member,https://www.ydr.com/story/news/local/2022/09/07/problem-solver-studios-in-west-york-offers-safe-space-for-music-artists/65458109007/,0.0011902173047370938
zlib,member,https://www.ydr.com/story/news/local/2022/07/13/video-helps-york-police-arrest-jaquez-brown-in-killing-of-shaheim-carr/65372942007/,0.0009811840870431107
zlib,member,https://www.ydr.com/story/news/2022/07/08/wildcat-roller-coaster-hershey-park-closing-rmc-coasters/65369486007/,0.003030532481696597
zlib,member,https://www.ydr.com/story/news/2022/05/17/primary-day-in-pennsylvania-what-you-need-to-know-about-the-polls-last-minute-mail-ballots/65352112007/,0.0007672355758236422
zlib,member,https://www.ydr.com/story/news/politics/2022/04/14/pa-governors-race-doug-mastriano-leading-election-denier/65349168007/,0.0010921113171503646
zlib,member,https://www.ydr.com/story/news/2022/06/10/scott-perry-sought-presidential-pardon-january-6-insurrection-capitol-attack-liz-cheney/65360025007/,0.002614534801866836
zlib,member,https://www.ydr.com/story/sports/high-school/lacrosse-boys/2022/05/16/yaiaa-boys-lacrosse-coaches-name-2022-all-stars-players-of-the-year/65355776007/,0.0018576043420404668
zlib,member,https://www.ydr.com/restricted/?return=https%3A%2F%2Fwww.ydr.com%2Fstory%2Fsports%2Fhigh-school%2F2022%2F04%2F05%2Fyork-adams-players-watch-district-state-high-school-sports-yaiaa%2F65347631007%2F,0.0006025377332901966
zlib,member,https://www.ydr.com/restricted/?return=https%3A%2F%2Fwww.ydr.com%2Fstory%2Fnews%2F2022%2F05%2F09%2Fcould-mental-health-experts-prevented-killing-of-lebanon-police-lt-william-lebo%2F65352523007%2F,0.0006025377332901966
zlib,member,https://www.ydr.com/story/news/local/2022/08/03/york-xl-york-county-food-bank-seek-grants-from-gannett-community-thrives/65385659007/,0.002336647946128035
zlib,member,https://www.ydr.com/story/news/2022/06/07/baltimore-county-md-collector-chad-shapiro-has-thomas-edison-light-bulbs/65352109007/,0.0011922633010754524
zlib,member,https://www.ydr.com/story/opinion/2022/06/15/york-countys-conspiracy-of-1803-a-troubling-story/65361114007/,0.0007535763559641577
zlib,member,https://www.ydr.com/story/sports/high-school/basketball-girls/2022/04/18/dallastowns-dshantae-edwards-commits-to-bethune-cookman-basketball/65350270007/,0.0010022063837230087
zlib,member,https://www.ydr.com/restricted/?return=https%3A%2F%2Fwww.ydr.com%2Fstory%2Fsports%2Fhigh-school%2F2022%2F06%2F21%2Fgettysburg-athletics-should-the-yaiaa-be-ok-with-move-to-mid-penn%2F65361026007%2F,0.0006926674754535682
zlib,member,https://www.ydr.com/story/news/2022/04/01/lebanon-city-police-officer-lebo-shooting-timeline-travis-shaud/65347767007/,0.001621364670075118
zlib,member,https://www.ydr.com/story/news/2022/07/27/former-superfund-site-in-hopewell-twp-could-be-reopened-as-landfill/65382901007/,0.0013388742034015472
zlib,member,https://www.ydr.com/restricted/?return=https%3A%2F%2Fwww.ydr.com%2Fstory%2Fnews%2F2022%2F04%2F05%2Fnew-pizza-shop-opens-in-york-as-an-old-favorite-returns%2F65347318007%2F,0.0006025377332901966
zlib,member,https://www.ydr.com/story/news/local/2022/08/31/united-steelworkers-union-gives-notice-of-strike-to-bae-systems-in-york/65464768007/,0.0017511010084977213
zlib,member,https://www.ydr.com/story/news/2022/06/16/first-black-owned-gettysburg-the-keystone-inn-bed-breakfast/65354942007/,0.0011586342963387517
zlib,member,https://www.ydr.com/story/news/traffic/2022/08/29/route-462-market-street-by-interstate-83-to-close-five-weeks-for-bridge-replacement/65417738007/,0.000995966338757069
zlib,member,https://www.ydr.com/restricted/?return=https%3A%2F%2Fwww.ydr.com%2Fstory%2Fnews%2Flocal%2F2022%2F06%2F02%2Fconfidential-settlement-lawsuits-deaths-two-york-city-firefighters-ivan-flanscha-zachary-anthony%2F65357792007%2F,0.0004397623350195627
zlib,member,https://www.ydr.com/story/money/business/2022/07/17/best-of-the-best-awards-to-honor-the-finest-of-york-county/65373475007/,0.0028992460209807066
zlib,member,https://www.ydr.com/story/news/politics/elections/2022/07/06/pa-coronavirus-deaths-doug-mastriano-republican-governor-race-josh-shapiro/65367847007/,5.668270090329478e-05
zlib,member,https://www.ydr.com/story/news/crime/2022/09/01/former-east-manchester-township-manager-gene-david-gentzler-kidnapping-sentenced-to-prison/65462077007/,0.0026486943364953043
zlib,member,https://www.ydr.com/story/sports/college/2022/04/16/florida-falls-short-ncaa-gymnastics-title-trinity-thomas-scores-perfect-10-west-york/65350392007/,0.0016920407126507291
zlib,member,https://www.ydr.com/story/opinion/2022/04/29/sen-mike-regan-legally-wrong-in-stand-against-after-school-club-satan/65352613007/,0.0010067031901706959
zlib,member,https://www.ydr.com/restricted/?return=https%3A%2F%2Fwww.ydr.com%2Fstory%2Fnews%2F2022%2F05%2F04%2Fcomings-and-goings-popular-taco-place-returns-bar-and-grill-closes%2F65353557007%2F,0.0006025377332901966
zlib,member,https://www.ydr.com/story/news/2022/06/13/york-state-fair-pa-toby-keith-tour-cancels-concert-july/65360563007/,0.0031465977493366284
zlib,member,https://www.ydr.com/story/news/2022/06/14/chanceford-township-york-county-pa-teen-dies-from-injuries-in-crash-at-i-83-and-route-30-wellspan/65360665007/,0.003612763380201913
zlib,member,https://www.ydr.com/story/news/local/2022/04/06/pennsylvania-state-police-settle-profiling-immigration-lawsuit/65348777007/,0.0009408324114053231
zlib,member,https://www.ydr.com/story/life/food/2022/05/25/york-county-restaurants-guide-for-dining-outside-coffee-bakeries/65357297007/,0.0017210787290226706
zlib,member,https://www.ydr.com/story/news/local/2022/08/15/william-goodridge-statue-is-first-in-york-to-honor-african-americans/65400442007/,0.0015065841487975477
zlib,member,https://www.ydr.com/story/sports/high-school/baseball/2022/06/06/coastal-carolina-baseball-nick-parker-shut-out-east-carolina-ncaa-regional/65358918007/,0.0012491773322512451
zlib,member,https://www.ydr.com/story/sports/high-school/2022/05/28/piaa-track-spring-groves-laila-campbell-claims-two-gold-medals-again/65357640007/,0.0007241171884727771
zlib,member,https://www.ydr.com/story/news/2022/08/01/york-state-fair-2022-sees-sharp-attendance-drop-hot-weather-blamed/65388258007/,0.0015050241450508656
zlib,member,https://www.ydr.com/restricted/?return=https%3A%2F%2Fwww.ydr.com%2Fstory%2Fnews%2Fwatchdog%2F2022%2F05%2F25%2Fman-pleads-guilty-third-degree-murder-deadly-interstate-83-crash%2F65357260007%2F,0.0006860881627720449
zlib,member,https://www.ydr.com/story/life/2022/06/23/102-year-old-retired-teacher-shares-memories-at-susquehannock-high/65362172007/,0.0012172848077676725
zlib,member,https://www.ydr.com/story/news/crime/2022/05/22/one-injured-in-shooting-at-walmart-in-newberry-township-york-county/65356844007/,0.0020670967950491503
zlib,member,https://www.ydr.com/story/news/local/2022/07/06/york-county-pa-single-vehicle-crash-one-woman-killed-lower-chanceford-township/65367755007/,0.0025559930698640645
zlib,member,https://www.ydr.com/story/news/local/2022/05/03/crown-act-would-bar-discrimination-of-race-based-hairstyles-in-york/65353530007/,0.0014809517749877594
zlib,member,https://www.ydr.com/story/sports/high-school/baseball/2022/06/14/yaiaa-baseball-coaches-name-2022-league-all-stars-players-of-the-year/65360678007/,0.0008495336253038455
zlib,member,https://www.ydr.com/story/news/crime/2022/06/06/york-woman-arrested-stole-car-with-toddler-inside/65358916007/,0.0017078989565640062
zlib,member,https://www.ydr.com/story/news/2022/06/07/gas-prices-in-central-pa-surpass-5-a-gallon-at-some-stations/65359220007/,0.0009263172749540315
zlib,member,https://www.ydr.com/story/news/history/gettysburg/2022/04/06/thaddeus-stevens-gets-a-statue-from-his-fan-club-in-gettysburg/65348341007/,0.0010622838302959705
zlib,member,https://www.ydr.com/story/news/local/2022/06/03/pedal-4-peace-wavecrave365-operating-in-condemned-building-closed-for-now/65358672007/,0.0015575287124862404
zlib,member,https://www.ydr.com/story/news/politics/2022/05/18/keith-gillespie-stan-saylor-lose-pa-house-seats-in-gop-primary/65355136007/,0.0007524252447246997
zlib,member,https://www.ydr.com/in-depth/news/2022/05/24/saving-york-street-by-street-the-unsung-people-helping-our-hometown/65351134007/,0.0013488532182122945
zlib,member,https://www.ydr.com/story/opinion/2022/04/21/opinion-legalizing-marijuana-in-pa-is-a-dangerous-idea/65351230007/,0.0020620089158730212
zlib,member,https://www.ydr.com/story/sports/college/penn-state/football/2022/07/19/penn-state-football-parecruiting-surge-in-big-ten-london-montgomery/65372327007/,0.0012157651929050573
zlib,member,https://www.ydr.com/restricted/?return=https%3A%2F%2Fwww.ydr.com%2Fstory%2Fnews%2Fwatchdog%2F2022%2F05%2F04%2Fnew-federal-guidance-juvenile-justice-reform-act-of-2018%2F65352687007%2F,0.0006025377332901966
zlib,member,https://www.ydr.com/story/sports/high-school/2022/05/16/athletes-of-the-week-select-the-latest-yaiaa-winners/65355822007/,0.004238611815533584
zlib,member,https://www.ydr.com/story/sports/high-school/2022/08/26/central-pa-football-scores-highlights-from-week-1-yaiaa-ll-league-mid-penn-conference/65420337007/,0.0058071057526415965
zlib,member,https://www.ydr.com/story/opinion/2022/07/13/articles-of-confederation-crafters-sentenced-1st-constitution-to-short-life/65373089007/,0.0008898410235914179
zlib,member,https://www.ydr.com/story/sports/high-school/2022/05/02/york-adams-athletes-select-this-weeks-top-performers-in-online-polls/65353164007/,0.004877910826048476
zlib,member,https://www.ydr.com/story/news/2022/04/05/dillsburg-halal-meats-suspended-after-usda-observes-mishandling-of-lamb/65348320007/,0.0017587345015804851
zlib,member,https://www.ydr.com/restricted/?return=https%3A%2F%2Fwww.ydr.com%2Fstory%2Fnews%2F2022%2F06%2F21%2Fdallastown-area-high-school-and-alumni-to-perform-mamma-mia-two-years-after-covid-shutdown%2F65360132007%2F,0.0006926674754535682
zlib,member,https://www.ydr.com/story/news/crime/2022/04/18/york-city-struggles-for-answers-in-wake-of-continued-gun-violence/65347686007/,0.0010718579455265835
zlib,member,https://www.ydr.com/story/news/local/2022/08/22/york-county-pa-history-center-construction-underway-site-from-first-power-station/65406643007/,0.002543530752435897
zlib,member,https://www.ydr.com/story/life/2022/05/23/red-lion-senior-high-school-offers-student-run-cafe/65355189007/,0.0019242444506582354
zlib,member,https://www.ydr.com/restricted/?return=https%3A%2F%2Fwww.ydr.com%2Fstory%2Fsports%2Fhigh-school%2F2022%2F05%2F17%2Fthe-district-3-playoffs-are-here-these-are-the-top-athletes-to-watch%2F65355261007%2F,0.0006025377332901966
zlib,member,https://www.ydr.com/story/sports/high-school/football/2022/08/31/central-pa-high-school-football-scoreboard-results-from-week-2-yaiaa-ll-league-mid-penn-conference/65465990007/,0.004902227560243662
zlib,member,https://www.ydr.com/story/news/local/2022/06/27/sheetz-lowers-some-gas-prices-in-pennsylvania-for-july-4th-holiday/65364124007/,0.001729119221931556
zlib,member,https://www.ydr.com/story/money/companies/2022/09/12/refillism-store-in-york-boosts-access-to-eco-friendly-lifestyle/68221522007/,0.000900001772073199
zlib,member,https://www.ydr.com/story/news/local/2022/04/04/dover-area-northern-york-county-pa-teen-dies-car-crash/65348254007/,0.0015236686526272974
zlib,member,https://www.ydr.com/story/news/crime/2022/08/10/kimberly-metz-sentenced-in-willmar-santos-batista-fathers-day-york-murder/65394957007/,0.0014996663049702964
zlib,member,https://www.ydr.com/story/sports/high-school/football/2022/09/16/central-pa-high-school-football-live-scoreboard-week-4-yaiaa-ll-league-mid-penn-conference/69496403007/,0.005123737955292114
zlib,member,https://www.ydr.com/story/news/local/2022/08/04/tractor-crash-in-york-county-results-another-death-4-year-old-boy-jeffrey-ryan-fisher/65391877007/,0.002089113352979021
zlib,member,https://www.ydr.com/story/news/2022/04/06/route-30-adams-county-crash-claims-the-life-of-york-haven-man/65348639007/,0.003869784531991243
zlib,member,https://www.ydr.com/story/news/local/2022/04/21/york-county-judge-hears-argument-petition-seeking-disqualification-york-mayor-michael-helfrich/65351027007/,0.0009029592933711483
zlib,member,https://www.ydr.com/restricted/?return=https%3A%2F%2Fwww.ydr.com%2Fstory%2Fnews%2F2022%2F06%2F09%2Fcomings-and-goings-downtown-york-gets-a-number-of-new-businesses%2F65359731007%2F,0.000634194866762856
zlib,member,https://www.ydr.com/story/news/local/2022/08/24/live-band-members-and-bill-hynes-get-lawsuit-for-think-loud-studio-property/65404659007/,0.0010766034048252445
zlib,member,https://www.ydr.com/story/news/2022/06/16/tornado-watch-issued-for-central-pennsylvania-national-weather-service/65361497007/,0.005373840322919597
zlib,member,https://www.ydr.com/story/news/crime/2022/05/23/central-york-teacher-killed-in-murder-suicide-in-spring-garden-township/65357189007/,0.0019425302400883874
zlib,member,https://www.ydr.com/story/news/2022/04/26/pennsylvanias-child-welfare-system-needs-to-be-reformed/65351885007/,0.0010730641272085272
zlib,member,https://www.ydr.com/story/opinion/2022/09/06/question-for-pennsylvania-child-welfare-how-can-more-children-be-saved/65463989007/,0.0006159406649541289
zlib,member,https://www.ydr.com/story/sports/high-school/2022/06/06/piaa-championships-first-round-results-from-baseball-softball-playoffs/65359199007/,0.0031456099135054785
zlib,member,https://www.ydr.com/story/news/crime/2022/05/12/child-abuse-york-county-man-submerged-2-year-olds-hand-in-hot-water/65355049007/,0.00135304999919192
zlib,member,https://www.ydr.com/story/sports/college/penn-state/football/2022/08/25/penn-state-football-nittany-lions-jiayir-brown-tig-big-ten/65399007007/,0.0009824794665704523
zlib,member,https://www.ydr.com/story/news/local/2022/04/19/satanist-club-proposal-to-northern-york-county-school-district-board/65350967007/,0.0013396066766483447
zlib,member,https://www.ydr.com/story/news/2022/05/25/why-you-will-pay-400-for-a-bushel-of-blue-crabs-summer-2022-in-pa/65357266007/,0.0006772966745933427
zlib,member,https://www.ydr.com/story/news/2022/08/10/hershey-chocolate-enough-candy-halloween-but-it-will-cost-more/65395842007/,0.0016200566820587883
zlib,member,https://www.ydr.com/story/news/2022/05/10/pa-gas-prices-rise-new-record-high-dwindling-supplies/65353817007/,0.0010455097462752586
zlib,member,https://www.ydr.com/story/news/local/2022/06/27/hanover-area-may-soon-get-a-wawa-first-in-york-county-pa/65363962007/,0.0024042578399698393
zlib,member,https://www.ydr.com/story/news/2022/06/14/saving-york-street-by-street-read-about-heroes-york-pa/65360879007/,0.0010290995949791381
zlib,member,https://www.ydr.com/story/news/2022/08/10/after-yorkfest-was-canceled-again-local-artists-stepped-up-yorks-art-week/65396122007/,0.0021237591768344965
zlib,member,https://www.ydr.com/story/sports/college/penn-state/football/2022/09/11/ncaa-college-football-penn-state-ohio-bobcats-nicholas-singleton-drew-allar/66789648007/,0.001159490375310589
zlib,member,https://www.ydr.com/story/news/2022/05/05/voter-intimidation-delayed-primary-results-possible-pa-official-says/65353837007/,0.0017571354999070994
zlib,member,https://www.ydr.com/story/news/local/2022/07/14/york-water-co-seeks-31-percent-rate-hike-puc-to-investigate/65373927007/,0.002042341251906606
zlib,member,https://www.ydr.com/story/opinion/2022/04/18/this-war-is-partly-about-russian-vs-ukrainian-language/65350841007/,0.0011399248147305864
zlib,member,https://www.ydr.com/story/news/crime/2022/05/26/man-sentenced-prison-aggravated-animal-cruelty-york-county/65356698007/,0.002364471397864971
zlib,member,https://www.ydr.com/story/news/crime/2022/07/07/york-settles-with-officer-clayton-swartz-joking-george-floyd-murder/65368943007/,0.0012028748559307456
zlib,member,https://www.ydr.com/story/sports/high-school/2022/05/18/yaiaa-tournament-winners-from-volleyball-baseball-softball/65355964007/,0.00409807590828572
zlib,member,https://www.ydr.com/story/news/2022/04/14/pa-republican-jeff-bartos-is-running-for-u-s-senate-on-kitchen-table-issues/65348985007/,0.000652286746384235
zlib,member,https://www.ydr.com/story/news/local/2022/07/05/central-pennsylvania-teen-opens-up-ice-cream-shop-with-unusual-flavors/65364068007/,0.0010823391039574404
zlib,member,https://www.ydr.com/restricted/?return=https%3A%2F%2Fwww.ydr.com%2Fstory%2Fnews%2F2022%2F06%2F13%2Farchetype-pizza-in-downtown-york-to-open-june%2F65359889007%2F,0.000764796714708917
zlib,member,https://www.ydr.com/story/news/local/2022/08/15/york-county-pa-man-dies-suspected-carbon-monoxide-poisoning-car-accidentally-left-running-garage/65403627007/,0.00493436919678112
zlib,member,https://www.ydr.com/story/news/2022/05/10/meltdown-three-mile-island-airs-on-netflix/65353510007/,0.002364546963201253
zlib,member,https://www.ydr.com/story/news/politics/2022/07/08/pa-lawmakers-agree-to-spend-billions-in-stimulus-money-in-budget/65369988007/,0.0008549733285995637
zlib,member,https://www.ydr.com/story/sports/high-school/baseball/2022/06/13/piaa-baseball-everett-tops-delone-in-class-2a-semifinals/65360511007/,0.0011482265259371482
zlib,member,https://www.ydr.com/story/sports/high-school/football/2022/08/23/yaiaa-football-2022-preview-here-are-the-games-to-watch/65409917007/,0.0008978622325503016
zlib,member,https://www.ydr.com/story/sports/outdoors/2022/05/19/gifford-pinchot-state-park-offers-camping-boating-fishing-hiking/65355940007/,0.0009543924982321295
zlib,member,https://www.ydr.com/story/news/2022/04/12/conor-lamb-senate-race-says-record-over-john-fetterman/65348890007/,0.0006088690256619265
zlib,member,https://www.ydr.com/story/news/politics/2022/04/06/heres-how-charlie-gerow-is-standing-out-in-the-pa-gop-governor-race/65347892007/,0.0010570685981432797
zlib,member,https://www.ydr.com/story/sports/high-school/basketball-boys/2022/05/07/susquehannocks-jalen-franklin-makes-class-5a-all-state-basketball-team/65354032007/,0.0007290139659238059
zlib,member,https://www.ydr.com/story/news/2022/05/03/5-5-million-purchase-saves-mifflin-house-an-underground-railroad-site/65352510007/,0.0007780891066969784
zlib,member,https://www.ydr.com/story/news/2022/09/12/pennsylvania-turnpike-why-millions-of-dollars-are-owed-in-unpaid-tolls/65384329007/,0.0006816836153876015
zlib,member,https://www.ydr.com/restricted/?return=https%3A%2F%2Fwww.ydr.com%2Fstory%2Fnews%2Fwatchdog%2F2022%2F04%2F22%2Fdante-mullinix-billboard-blames-york-county-for-death-of-2-year-old%2F65351181007%2F,0.0006025377332901966
zlib,member,https://www.ydr.com/story/news/2022/06/15/volunteer-fire-departments-struggle-to-recruit-worry-about-response-times/65353542007/,0.0015934395870375144
zlib,member,https://www.ydr.com/story/news/2022/06/21/red-lion-man-dies-in-single-vehicle-crash-over-the-weekend-york-county/65362165007/,0.0035463207573087434
zlib,member,https://www.ydr.com/story/news/crime/2022/05/11/medical-marijuana-is-a-schedule-1-controlled-substance-in-pa-court/65354517007/,0.0007409372701591158
zlib,member,https://www.ydr.com/story/news/2022/06/16/local-fireworks-york-harrisburg-gettysburg-lancaster-pennsylvania/65358665007/,0.0007562388100558322
zlib,member,https://www.ydr.com/story/news/2022/07/22/york-father-says-sesame-place-character-snubbed-his-black-daughter/65379052007/,0.0008568742773340431
zlib,member,https://www.ydr.com/story/news/crime/2022/05/13/teen-pleads-guilty-third-degree-murder-prison-accomplice-deadly-shooting-york/65354698007/,0.0015532905594942924
zlib,member,https://www.ydr.com/story/opinion/2022/05/27/how-we-can-solve-pas-behavioral-health-care-crisis/65357753007/,0.0013271800464105372
zlib,member,https://www.ydr.com/story/news/crime/2022/05/26/york-city-police-pa-investigating-a-homicide-involving-possible-trespasser/65357571007/,0.0020898085917536438
zlib,member,https://www.ydr.com/story/news/crime/2022/08/18/york-area-man-charged-killing-man-dumping-body-lancaster-county/65408859007/,0.002935232378222793
zlib,member,https://www.ydr.com/restricted/?return=https%3A%2F%2Fwww.ydr.com%2Fin-depth%2Fnews%2F2022%2F06%2F13%2Fpolitics-york-county-most-influential-government-reoublican-democrat%2F65351421007%2F,0.000764796714708917
zlib,member,https://www.ydr.com/story/sports/high-school/football/2022/08/15/pa-high-school-football-2022-york-adams-league-team-by-team-previews-players-to-watch/65403160007/,0.0015408888433480808
zlib,member,https://www.ydr.com/story/news/crime/2022/09/08/man-stabs-random-customer-at-walmart-in-york-county-to-return-to-jail-police-say/65742433007/,0.0023276258308393707
zlib,member,https://www.ydr.com/story/news/politics/elections/2022/07/08/scott-perry-congress-pa-republican-refuses-testimony-pardon/65369434007/,0.0023857027629541317
zlib,member,https://www.ydr.com/story/news/politics/2022/04/21/tracking-campaign-updates-in-pennsylvanias-senate-and-governor-races/65350855007/,0.0007056552010883971
zlib,member,https://www.ydr.com/story/sports/high-school/baseball/2022/04/19/dallastown-baseball-coach-greg-kinneman-reaches-100-career-wins/65350766007/,0.0009364360028578619
zlib,member,https://www.ydr.com/restricted/?return=https%3A%2F%2Fwww.ydr.com%2Fin-depth%2Fnews%2F2022%2F05%2F24%2Fyork-pa-northeast-neighborhood-2-women-do-what-they-can-to-help-saving-york-street-by-street%2F65351426007%2F,0.0006860881627720449
zlib,member,https://www.ydr.com/story/news/local/2022/08/24/interstate-83-closed-after-truck-strikes-queen-street-overpass-again/65418552007/,0.0028097746660474513
zlib,member,https://www.ydr.com/restricted/?return=https%3A%2F%2Fwww.ydr.com%2Fstory%2Fnews%2F2022%2F05%2F25%2Frestaurant-inspections-seven-out-of-compliance%2F65355268007%2F,0.0006860881627720449
zlib,member,https://www.ydr.com/story/news/2022/08/10/rep-scott-perry-republican-york-county-pa-fbi-agents-seized-cellphone/65398266007/,0.00014494857174953318
zlib,member,https://www.ydr.com/story/opinion/2022/06/15/bidens-border-failure-creates-national-security-humanitarian-crisis/65361133007/,0.0010957111821346451
zlib,member,https://www.ydr.com/story/opinion/2022/05/18/give-mother-of-red-lion-catherine-meyer-due-recognition/65356449007/,0.0010332409368872392
zlib,member,https://www.ydr.com/story/news/local/2022/04/08/central-york-students-testify-before-congress-on-national-book-bans/65348834007/,0.0022753761756517314
zlib,member,https://www.ydr.com/story/life/2022/08/29/silverberry-soaps-central-pa-student-starts-own-business/65417685007/,0.0014364768383297267
zlib,member,https://www.ydr.com/story/opinion/2022/05/31/tropical-storm-agnes-50-years-ago-like-something-out-of-the-bible/65358222007/,0.000791220637197974
zlib,member,https://www.ydr.com/story/opinion/2022/08/19/by-2060-yorks-summer-temps-will-be-like-nashvilles-opinion/65410717007/,0.0013057302231159309
zlib,member,https://www.ydr.com/story/sports/college/penn-state/football/2022/06/01/penn-state-football-white-out-game-against-minnesota-not-ohio-state/65358413007/,0.0021436698379696927
zlib,member,https://www.ydr.com/story/news/local/2022/08/03/national-night-out-in-york-is-a-time-to-focus-on-how-to-stop-violence/65389933007/,0.002064870826777654
zlib,member,https://www.ydr.com/story/sports/high-school/2022/05/09/yaiaa-tournaments-which-teams-will-be-competing-for-championships/65354533007/,0.0014038183687604903
zlib,member,https://www.ydr.com/story/sports/high-school/2022/07/05/select-gametimepas-yaiaa-athletes-of-the-year-for-2021-22/65365394007/,0.00222839088247611
zlib,member,https://www.ydr.com/story/sports/outdoors/2022/05/19/many-options-to-consider-when-picking-purchasing-a-kayak-recreational-touring-fishing-paddles/65355833007/,0.000572350257672727
zlib,member,https://www.ydr.com/story/news/crime/2022/05/18/man-pleads-guilty-aggravated-assault-accomplice-murder-dover-area-high-school-senior-emily-shoemaker/65355302007/,0.0012338551306358436
zlib,member,https://www.ydr.com/story/sports/high-school/football/2022/07/20/spring-grove-footballs-andrew-osmun-commits-to-fordham-university/65378458007/,0.0007752979857358134
zlib,member,https://www.ydr.com/restricted/?return=https%3A%2F%2Fwww.ydr.com%2Fstory%2Fnews%2F2022%2F05%2F10%2Fwestinghouse-atom-smasher-rots-away-in-a-pennsylvania-neighborhood%2F65352649007%2F,0.0006025377332901966
zlib,member,https://www.ydr.com/restricted/?return=https%3A%2F%2Fwww.ydr.com%2Fstory%2Fnews%2Fwatchdog%2F2022%2F04%2F26%2Fjudge-rejects-invasion-of-privacy-claim-york-city-police-officer-clayton-swartz%2F65351520007%2F,0.0014019753793135855
zlib,member,https://www.ydr.com/story/news/local/2022/04/05/jk-salvage-explosion-attracts-fire-department-and-scares-residents/65348532007/,0.0020470982169553437
zlib,member,https://www.ydr.com/story/news/2022/05/06/man-dies-two-vehicle-crash-chanceford-township-york-county-pa/65353951007/,0.002123288183450039
zlib,member,https://www.ydr.com/restricted/?return=https%3A%2F%2Fwww.ydr.com%2Fstory%2Fnews%2Fcrime%2F2022%2F04%2F04%2Faaron-miller-on-trial-for-vehicular-manslaughter%2F65348325007%2F,0.0006025377332901966
zlib,member,https://www.ydr.com/story/news/2022/05/07/give-local-york-raises-4-1-million-for-local-nonprofits/65353553007/,0.002346062341147011
zlib,member,https://www.ydr.com/story/news/crime/2022/07/29/joe-fitzpatrick-released-low-bail-in-atv-case-involving-wifes-death/65385352007/,0.002224262159026849
zlib,member,https://www.ydr.com/story/sports/high-school/2022/05/17/district-3-tournaments-scores-schedule-for-boys-girls-championships/65355972007/,0.001553790942540442
zlib,member,https://www.ydr.com/story/news/crime/2022/06/15/pa-superior-court-prevents-one-dollar-bail-for-man-in-atv-murder-trial/65359895007/,0.0016655526783128552
zlib,member,https://www.ydr.com/story/sports/college/penn-state/football/2022/07/20/penn-state-football-quarterback-sean-clifford-linebacker-curtis-jacobs-big-ten-stars/65372841007/,0.0011139623751520466
zlib,member,https://www.ydr.com/story/sports/college/penn-state/football/2022/09/18/penn-state-football-sean-clifford-nick-singleton-auburn-big-ten/69494944007/,0.0012921469207552618
zlib,member,https://www.ydr.com/story/news/crime/2022/04/18/two-found-dead-red-lion-york-county-pa-murder-suicide-easter-morning/65350459007/,0.0035495909292869864
zlib,member,https://www.ydr.com/story/news/crime/2022/04/04/split-verdict-trial-attempted-murder-shooting-north-codorus-township-york-county/65346449007/,0.0006760152806168638
zlib,member,https://www.ydr.com/restricted/?return=https%3A%2F%2Fwww.ydr.com%2Fstory%2Fsports%2Fhigh-school%2F2022%2F06%2F23%2Fyaiaa-2021-2022-top-sports-high-schools-in-york-adams-league-dallastown-central-york-pa-dallastown%2F65362250007%2F,0.000764796714708917
zlib,member,https://www.ydr.com/story/news/politics/elections/2022/08/30/eight-more-republicans-just-endorsed-josh-shapiro-over-doug-mastriano/65458907007/,0.0016469437209236432
zlib,member,https://www.ydr.com/story/sports/college/2022/04/15/ncaa-gymnastics-perfect-score-gives-floridas-thomas-3-national-titles/65350064007/,0.002466793474841798
zlib,member,https://www.ydr.com/story/news/2022/05/20/tornado-watch-issued-for-central-pa/65356692007/,0.003357204020571717
zlib,member,https://www.ydr.com/story/news/local/2022/07/08/jerry-reynolds-airville-body-found-holtwood-pa-death-lancaster-county/65369407007/,0.003632407826258279
zlib,member,https://www.ydr.com/story/sports/high-school/football/2022/06/07/pitt-football-dallastowns-kenny-johnson-verbally-commits-to-panthers/65359210007/,0.0006444690821392064
zlib,member,https://www.ydr.com/story/news/2022/08/02/snow-ice-storms-bound-for-pennsylvania-farmers-almanac-winter-forecast/65389109007/,0.0029517364689144697
zlib,member,https://www.ydr.com/story/news/crime/2022/04/01/man-found-guilty-involuntary-manslaughter-not-guilty-murder-deadly-shooting-york/65346416007/,0.0018772822983238364
zlib,member,https://www.ydr.com/restricted/?return=https%3A%2F%2Fwww.ydr.com%2Fstory%2Fnews%2F2022%2F04%2F22%2Fcomings-and-goings-eco-friendly-store-opens-in-york-coffee-shop-closes%2F65351060007%2F,0.0006025377332901966
zlib,member,https://www.ydr.com/story/sports/high-school/football/2022/04/12/spring-grove-area-high-school-will-thompson-hired-as-football-coach-francis-scott-key/65349834007/,0.0010567279731766928
zlib,member,https://www.ydr.com/story/sports/high-school/softball/2022/06/13/yaiaa-softball-coaches-name-2022-league-all-stars-players-of-the-year/65360527007/,0.0010699371656374707
zlib,member,https://www.ydr.com/story/opinion/2022/04/22/york-naacp-area-schools-not-doing-enough-about-rise-of-racial-prejudice/65351389007/,0.002141825911437893
zlib,member,https://www.ydr.com/story/news/crime/2022/06/21/york-man-dies-in-weekend-shooting-police-charge-brother-with-homicide/65362149007/,0.0013058907555092696
zlib,member,https://www.ydr.com/story/sports/college/penn-state/football/2022/08/29/penn-state-football-james-franklin-big-ten-vs-purdue-sean-clifford/65407825007/,0.0011698574698369188
zlib,member,https://www.ydr.com/story/news/crime/2022/08/18/pennsylvania-state-trooper-driving-under-influence-central-pa/65409961007/,0.003761983957859911
zlib,member,https://www.ydr.com/story/sports/high-school/wrestling/2022/06/28/spring-grove-high-school-officially-starts-girls-wrestling-team/65364409007/,0.0008100319157174651
zlib,member,https://www.ydr.com/restricted/?return=https%3A%2F%2Fwww.ydr.com%2Fin-depth%2Fnews%2F2022%2F06%2F14%2Fmike-smith-and-his-temple-guard-give-york-pa-youths-positive-path%2F6596906001%2F,0.000764796714708917
zlib,member,https://www.ydr.com/story/sports/high-school/baseball/2022/05/26/district-3-baseball-scores-results-from-postseason-tournaments/65357551007/,0.0013170557047713352
zlib,member,https://www.ydr.com/story/opinion/2022/07/04/the-american-is-great-vision-vs-the-revolutionary-vision/65364730007/,0.00124804066184079
zlib,member,https://www.ydr.com/story/sports/high-school/basketball-boys/2022/07/06/florida-basketball-perkiomens-new-oxford-tommy-haugh-makes-commitment/65367304007/,0.0005699286758353937
zlib,member,https://www.ydr.com/story/news/2022/08/08/back-to-school-dates-updates-at-york-county-school-districts-education/65386876007/,0.0011618871532134937
zlib,member,https://www.ydr.com/story/news/2022/04/07/york-county-food-bank-is-moving-its-operations-out-of-the-former-kmart-store/65348695007/,0.0024562963887440684
zlib,member,https://www.ydr.com/story/news/2022/07/01/white-clover-farm-stand-in-hellam-spurred-by-pandemic-food-supply-issues/65347398007/,0.001142743574146997
zlib,member,https://www.ydr.com/story/news/crime/2022/08/01/york-city-police-investigating-15th-homicide-2022/65388869007/,0.002375581126296549
zlib,member,https://www.ydr.com/story/news/crime/2022/05/06/york-police-man-shot-killed-friday-south-pine-street/65354059007/,0.0020975416152553506
zlib,member,https://www.ydr.com/story/news/2022/07/25/gettysburg-national-military-parks-little-roundtop-to-close-for-18-months-devils-den-construction-pa/65376312007/,0.001714027876437645
zlib,member,https://www.ydr.com/story/opinion/2022/06/29/the-american-is-great-vision-vs-the-revolutionary-vision/65364730007/,0.00124804066184079
zlib,member,https://www.ydr.com/story/news/watchdog/2022/04/29/insurance-fraud-york-county-woman-faked-death-in-ukraine-cops-say/65352546007/,0.0008730624622073064
zlib,member,https://www.ydr.com/story/sports/high-school/basketball-girls/2022/04/28/three-yaiaa-girls-basketball-players-named-to-piaa-all-state-teams/65352253007/,0.0006105169874199858
zlib,member,https://www.ydr.com/story/sports/high-school/track/2022/05/21/district-3-track-and-field/65356540007/,0.0005267892806370443
zlib,member,https://www.ydr.com/story/news/2022/06/27/woman-dies-three-vehicle-crash-hanover-pa/65363667007/,0.0024645486728317135
zlib,member,https://www.ydr.com/story/sports/college/penn-state/football/2022/04/30/nfl-draft-bears-take-penn-states-jaquan-brisker-in-second-round/65352177007/,0.0021507968489137305
zlib,member,https://www.ydr.com/story/news/politics/elections/2022/06/23/testimony-rep-scott-perry-pardon-from-donald-trump-election-pennsylvania/65363103007/,0.0009733850601746933
zlib,member,https://www.ydr.com/story/news/local/2022/07/12/severe-thunderstorms-forecast-in-central-pennsylvania-tuesday/65372125007/,0.004606457945693907
zlib,member,https://www.ydr.com/story/news/2022/07/28/steve-miller-band-cancels-york-fair-show-because-of-positive-covid-test/65385293007/,0.00294891367872566
zlib,member,https://www.ydr.com/story/news/politics/2022/04/20/pa-governor-race-2022-gop-candidates-debate-in-gettysburg/65350851007/,0.0006393533059904882
zlib,member,https://www.ydr.com/story/opinion/2022/09/16/both-pa-candidates-for-governor-agree-on-school-choice/69498441007/,0.0013629110848964489
zlib,member,https://www.ydr.com/story/news/local/community/2022/06/10/rainbow-rose-center-hosts-york-county-pride-at-cousler-park/65360038007/,0.0018763271489996758
zlib,member,https://www.ydr.com/in-depth/news/politics/elections/2022/08/23/voter-fraud-is-rare-in-pennsylvania-but-allegations-flew-after-2020/65376026007/,0.0010701664298719928
zlib,member,https://www.ydr.com/story/news/crime/2022/06/27/york-city-police-investigates-homicide-after-man-dies-ot-op/65363658007/,0.0016553078772640743
zlib,member,https://www.ydr.com/story/sports/high-school/2022/06/13/pa-lawmakers-some-say-girls-cant-compete-against-biological-boys/65359859007/,0.000429287190686285
zlib,member,https://www.ydr.com/story/news/politics/elections/2022/06/23/pa-house-speaker-bryan-cutler-details-2020-pressure-campaign/65362478007/,0.002121819796423489
zlib,member,https://www.ydr.com/story/news/local/2022/07/27/man-dies-forklift-accident-at-jk-salvage-spring-garden-township/65384163007/,0.0024210782228675453
zlib,member,https://www.ydr.com/story/sports/high-school/football/2022/04/13/york-high-quarterback-sam-stoner-gets-division-i-offers-st-francis-towson/65349927007/,0.0006842296527784952
zlib,member,https://www.ydr.com/story/news/2022/04/19/check-out-10-unusual-wedding-venues-in-central-pennsylvania/65349484007/,0.0007335493745601238
zlib,member,https://www.ydr.com/story/news/politics/elections/2022/06/16/yorkers-react-to-rep-scott-perrys-refusal-to-cooperate-with-jan-6-panel/65359564007/,0.0010068029604112085
zlib,member,https://www.ydr.com/restricted/?return=https%3A%2F%2Fwww.ydr.com%2Fstory%2Fnews%2Fcrime%2F2022%2F04%2F06%2Fmistrial-declared-in-case-of-construction-worker-hit-killed-by-driver%2F65348679007%2F,0.0006025377332901966
zlib,member,https://www.ydr.com/story/news/2022/05/31/man-dies-suspected-drowning-susquehanna-river-york-pa-memorial-day/65358177007/,0.0028063085564762977
zlib,member,https://www.ydr.com/story/news/local/2022/05/18/yorktowne-hotel-rooftop-dining-construction-facade-update/65354723007/,0.0022917218376051493
zlib,member,https://www.ydr.com/story/news/watchdog/2022/04/25/teen-alleges-sexual-abuse-against-ex-york-city-police-officer/65351893007/,0.0013016710769545188
zlib,member,https://www.ydr.com/story/news/crime/2022/04/28/judge-grants-delay-trial-man-charged-first-degree-murder-dante-mullinix-york/65352473007/,0.0015620209205191296
zlib,member,https://www.ydr.com/story/sports/college/2022/06/28/ncaa-gymnastics-trinity-thomas-returning-for-fifth-season-at-florida/65364355007/,0.001808927649306294
zlib,member,https://www.ydr.com/story/news/local/2022/07/06/martin-library-6-million-renovation-completed-in-downtown-york/65367399007/,0.0021454838648573005
zlib,member,https://www.ydr.com/story/news/politics/2022/04/05/heres-why-democrat-john-fetterman-is-touring-in-red-pa-counties/65347627007/,0.0010013455667737207
zlib,member,https://www.ydr.com/story/news/2022/04/06/stray-goldendoodle-becomes-new-york-revolution-team-dog/65348529007/,0.0024738262188247
zlib,member,https://www.ydr.com/restricted/?return=https%3A%2F%2Fwww.ydr.com%2Fstory%2Fsports%2Foutdoors%2F2022%2F05%2F19%2Fmom-appalachian-trail-addiction-jon-mundis-overdose-awareness%2F65352265007%2F,0.0006025377332901966
zlib,member,https://www.ydr.com/story/news/politics/2022/06/30/pennsylvanias-new-fiscal-year-will-begin-without-a-state-budget/65365334007/,0.00029763327476621683
zlib,member,https://www.ydr.com/story/news/2022/04/25/man-dies-after-falling-into-the-codorus-creek-in-york-fire-chief-says/65351925007/,0.0028372001262522953
zlib,member,https://www.ydr.com/story/news/2022/05/30/gda-covid-19-state-2022-05-30-pa-ppyr/65358091007/,0.0002560604298247048
zlib,member,https://www.ydr.com/story/news/2022/06/20/a-new-apprenticeship-for-young-artists-is-coming-to-york/65361188007/,0.0014567370091333976
zlib,member,https://www.ydr.com/story/news/local/2022/07/26/york-pa-residents-share-surveillance-cam-footage-of-shaheim-carr-murder-with-police/65378104007/,0.0013541801692399285
zlib,member,https://www.ydr.com/story/news/local/2022/05/16/see-major-updates-martin-library-york-before-july-grand-opening-teen-space/65354512007/,0.0016171765639534546
zlib,member,https://www.ydr.com/story/news/education/2022/08/29/satanism-event-fundraiser-york-county-pa-after-school-satan-club/65457233007/,0.0014473551870898469
zlib,member,https://www.ydr.com/story/news/2022/08/04/best-of-the-best-awards-holds-first-gala-honors-york-county-businesses/65391182007/,0.0006356726665960673
zlib,member,https://www.ydr.com/story/opinion/2022/08/17/come-take-a-seat-in-york-pa-with-the-accomplished-william-c-goodridge/65407358007/,0.0009476648403010559
zlib,member,https://www.ydr.com/story/news/local/2022/04/11/lawsuit-york-mayor-michael-helfrich-oath-of-office/65349492007/,0.0012360570023987039
zlib,member,https://www.ydr.com/story/news/2022/06/15/dover-solar-farm-approved-in-25-minutes/65361179007/,0.0015416098941008292
zlib,member,https://www.ydr.com/story/news/local/2022/07/27/hope-fest-returns-to-york-with-hoops-tourney-gas-card-giveaway/65382794007/,0.0020345728154842068
zlib,member,https://www.ydr.com/story/sports/high-school/lacrosse-boys/2022/05/14/central-york-boys-york-catholic-girls-lacrosse-teams-earn-yaiaa-titles/65355281007/,0.0006517161867619496
zlib,member,https://www.ydr.com/story/news/crime/2022/07/06/york-city-police-investigating-14th-homicide-tying-last-years-total/65368039007/,0.004184593251515388
zlib,member,https://www.ydr.com/story/news/history/2022/04/05/artist-makes-connections-to-chip-away-at-wall-between-york-and-hanover/65348433007/,0.0007654765353536859
zlib,member,https://www.ydr.com/story/sports/high-school/track/2022/05/14/piaa-track-and-field-laila-campbell-sets-blistering-league-mark-in-100/65355100007/,0.0003479480117502286
zlib,member,https://www.ydr.com/story/news/local/2022/08/25/interstate-83-reopen-after-queen-street-overpass-struck-exit-16-york/65420277007/,0.0022890089966315927
zlib,member,https://www.ydr.com/story/news/local/2022/04/21/sixth-dover-solar-meeting-brings-new-witness-and-hopeful-decision-date/65351113007/,0.0012504205064372159
zlib,member,https://www.ydr.com/story/sports/high-school/2022/05/19/susquehannock-delone-catholic-basketball-earns-sportsmanship-scholarships/65356510007/,0.001617004111959147
zlib,member,https://www.ydr.com/story/sports/college/penn-state/football/2022/08/12/penn-state-football-big-ten-quarterback-jaxon-smolik-james-franklin/65402058007/,0.0013074302673091915
zlib,member,https://www.ydr.com/restricted/?return=https%3A%2F%2Fwww.ydr.com%2Fstory%2Fnews%2Fcrime%2F2022%2F04%2F01%2Fman-testifies-own-defense-attempted-murder-trial-shooting-north-codorous-township-york-county%2F65347533007%2F,0.0006025377332901966
zlib,member,https://www.ydr.com/story/news/2022/04/21/david-mccormick-pa-senate-candidate-making-strides-in-gop-primary/65348988007/,0.0007654194631542148
zlib,member,https://www.ydr.com/story/money/2022/08/31/unemployment-reaches-pre-pandemic-levels-but-consumers-are-more-pessimistic-than-ever/65419897007/,0.0006146583091354266
zlib,member,https://www.ydr.com/story/sports/high-school/football/2022/09/10/central-pa-high-school-football-scoreboard-yaiaa-scores-week-3-results-highlights-york-high-carlisle/66852753007/,0.0005337478090055882
zlib,member,https://www.ydr.com/story/news/2022/07/25/peach-bottom-township-pa-man-dies-in-skid-loader-accident/65381471007/,0.00504053739185909
zlib,member,https://www.ydr.com/story/news/politics/2022/09/12/pa-activists-demand-united-states-house-ethics-investigation-of-rep-scott-perry/66891225007/,0.0012387113719649454
zlib,member,https://www.ydr.com/story/sports/college/penn-state/football/2022/08/31/penn-state-football-college-football-big-ten-purdue-james-franklin/65462642007/,0.0007060627667029747
zlib,member,https://www.ydr.com/story/sports/high-school/basketball-boys/2022/07/20/york-countys-kent-olewiler-makes-new-mexico-state-basketball-roster-yaiaa-central-york/65371201007/,0.0005616762207810847
zlib,member,https://www.ydr.com/story/news/2022/07/01/deadly-crash-near-east-berlin-has-claimed-the-life-of-a-fourth-person-coroner-says/65365902007/,0.002980127792025743
zlib,member,https://www.ydr.com/story/news/2022/06/15/man-drowns-while-swimming-codorus-state-park-lake-york-pa-coroner-says/65361080007/,0.002642128379962943
zlib,member,https://www.ydr.com/story/sports/high-school/2022/06/22/what-will-the-yaiaa-look-like-with-22-teams-here-are-the-new-divisions/65362221007/,0.0006642184011132929
zlib,member,https://www.ydr.com/story/news/local/2022/08/22/route-30-crash-west-manchester-township-pa-man-dead/65413093007/,0.0035289764978184745
zlib,member,https://www.ydr.com/story/opinion/2022/09/12/york-day-nursery-turning-90-this-year/69486679007/,0.0009912564844744111
zlib,member,https://www.ydr.com/story/opinion/2022/06/28/what-would-you-have-done-if-a-freedom-seeker-had-knocked-on-your-door/65364541007/,0.0008261293947430932
zlib,member,https://www.ydr.com/story/news/2022/04/27/keystone-kidspace-now-open-in-109-year-old-armory/65350228007/,0.0011334273922351916
zlib,member,https://www.ydr.com/story/news/politics/2022/05/10/republican-challengers-vying-to-unseat-saylor-gillespie-and-klunk/65354567007/,0.0008200375426041929
zlib,member,https://www.ydr.com/story/news/crime/2022/04/28/man-pleads-guilty-animal-cruelty-probation-york-county/65352476007/,0.001998203046896463
zlib,member,https://www.ydr.com/story/news/crime/2022/06/09/dasean-morris-sentenced-in-york-murder-of-kyle-hagenbuch-thunderguards-motorcyles/65359290007/,0.002548040442061563
zlib,member,https://www.ydr.com/story/sports/college/penn-state/football/2022/09/02/penn-state-football-purdue-big-ten-james-franklin-sean-clifford/65465704007/,0.0018214608058806858
zlib,member,https://www.ydr.com/story/news/2022/08/23/5-year-old-girl-woman-fatally-stabbed-at-home-southern-york-county-pa/65414954007/,0.0014173365116008179
zlib,member,https://www.ydr.com/story/news/crime/2022/05/20/u-s-marshals-arrest-york-man-in-fatal-shooting-of-selvin-mcewan/65356641007/,0.0015411011336413356
zlib,member,https://www.ydr.com/story/sports/high-school/lacrosse-girls/2022/04/26/how-these-best-friends-are-driving-york-catholic-lacrosses-title-hopes/65351446007/,0.000817363733348584
zlib,member,https://www.ydr.com/story/opinion/2022/08/09/big-york-county-birthdays-on-horizon/65396977007/,0.0009263336509244621
zlib,member,https://www.ydr.com/story/sports/outdoors/2022/08/13/catawissa-recreation-area-off-road-atv-use-riding-created-by-pa-dcnr-paragon-adventure-park/65402298007/,0.0010471953489209604
zlib,member,https://www.ydr.com/story/news/2022/06/14/volunteer-fire-departments-struggle-to-recruit-worry-about-response-times/65353542007/,0.0015934395870375144
zlib,member,https://www.ydr.com/story/news/2022/06/02/delma-rivera-lytle-york-vying-for-ms-senior-pa-america/65358261007/,0.001676614950033621
zlib,member,https://www.ydr.com/story/sports/high-school/lacrosse-boys/2022/06/01/piaa-lacrosse-schedule-results-from-state-championships/65358281007/,0.0016658953979874834
zlib,member,https://www.ydr.com/story/news/2022/06/21/two-men-from-southwestern-york-county-die-in-maryland-crash/65362339007/,0.003807514431452692
zlib,member,https://www.ydr.com/story/news/politics/elections/2022/05/13/two-democrats-seek-party-nomination-in-10th-congressional-district/65355137007/,0.0013101168672840153
zlib,member,https://www.ydr.com/story/news/crime/2022/04/18/teen-in-fatal-shooting-of-york-high-william-penn-high-school-student-malaki-beady-to-stand-trial/65350077007/,0.0015416019309478614
zlib,member,https://www.ydr.com/story/sports/college/penn-state/football/2022/09/13/penn-state-football-big-ten-james-franklin-auburn-tigers-sec/69487321007/,0.0014995454170441457
zlib,member,https://www.ydr.com/story/news/local/2022/04/18/puc-approves-sale-of-york-water-company-to-private-business-pawc/65350202007/,0.0016195675626478033
zlib,member,https://www.ydr.com/story/sports/2022/07/11/american-ninja-warrior-2022-cf-branden-williams-new-oxford/65362232007/,0.0005459403683929844
zlib,member,https://www.ydr.com/story/opinion/2022/05/11/pas-low-producing-wells-are-leaking-methane/65353721007/,0.0011908222113378437
zlib,member,https://www.ydr.com/story/sports/college/penn-state/football/2022/09/14/penn-state-college-football-big-ten-auburn-tigers-in-sec/69487422007/,0.0008269373871968162
zlib,member,https://www.ydr.com/story/opinion/2022/04/27/kreutz-creek-librarys-former-building-gains-new-life/65352254007/,0.0009271938669063309
zlib,member,https://www.ydr.com/story/news/local/2022/06/27/lake-williams-dam-excavation-under-way-york-empty-lake-bed-turns-green/65362846007/,0.002575208176001055
zlib,member,https://www.ydr.com/story/sports/high-school/2022/04/04/select-gametimepa-yaiaa-athletes-of-the-week-for-march-25-to-april-2/65348290007/,0.0043797228130974765
zlib,member,https://www.ydr.com/story/news/2022/04/18/bill-mcswain-running-for-pa-governor-2022-primary-election/65348986007/,0.0006399409926718826
zlib,member,https://www.ydr.com/story/news/2022/08/22/york-pa-bans-washing-cars-in-driveways-or-on-streets/65410788007/,0.0013131911907467702
zlib,member,https://www.ydr.com/story/sports/college/2022/04/01/trinity-thomas-leads-florida-into-regional-final-with-pair-of-10s-gymnastics-ncaa/65347723007/,0.002449952541503945
zlib,member,https://www.ydr.com/story/sports/high-school/2022/04/11/select-gametimepa-yaiaa-athletes-of-the-week-for-april-4-to-april-9/65349464007/,0.003686475526168625
zlib,member,https://www.ydr.com/story/news/local/2022/08/30/old-farmers-almanac-predicts-snowy-cold-winter-for-central-pennsylvania/65461359007/,0.001777271613371467
zlib,member,https://www.ydr.com/story/sports/college/penn-state/2022/05/10/nfl-penn-state-nittany-lions-football-walk-on-drew-hartlaub-to-carolina-panthers/65353082007/,0.0008655928957197172
zlib,member,https://www.ydr.com/story/news/local/2022/04/20/after-school-satan-club-denied-northern-york-school-board-joy-el-christian-club/65351019007/,0.0018204032131634929
zlib,member,https://www.ydr.com/restricted/?return=https%3A%2F%2Fwww.ydr.com%2Fin-depth%2Fnews%2F2022%2F06%2F13%2Farts-entertainment-york-county-most-influential-people%2F65351410007%2F,0.000764796714708917
zlib,member,https://www.ydr.com/story/opinion/2022/06/07/agnes-left-behind-mud-dead-rats-old-tires-and-all-kinds-of-trash/65359554007/,0.0006216213648066867
zlib,member,https://www.ydr.com/story/news/local/2022/08/22/gifford-pinchot-state-park-suspends-water-activities-in-the-lake/65413407007/,0.0034034016809637523
zlib,member,https://www.ydr.com/story/news/politics/blogs/ydr-politics/2022/08/16/12-things-to-know-about-u-s-rep-scott-perry-a-focus-of-jan-6-probe/65398484007/,0.0006989400843020284
zlib,member,https://www.ydr.com/story/sports/college/penn-state/football/2022/09/02/penn-state-football-sean-clifford-joey-porter-purdue-james-franklin-drew-allar/65465541007/,0.0012902516541030032
zlib,member,https://www.ydr.com/story/news/crime/2022/09/08/virginia-hayden-sentenced-for-husband-thomas-hayden-death-remains-found-in-foodsaver-bag/65466365007/,0.0016116224456538088
zlib,member,https://www.ydr.com/story/news/2022/06/06/york-county-prison-trainer-joseph-garcia-testified-in-cv-case/65358870007/,0.0009792423146212338
zlib,member,https://www.ydr.com/restricted/?return=https%3A%2F%2Fwww.ydr.com%2Fstory%2Fnews%2Fwatchdog%2F2022%2F05%2F18%2Fson-louis-appell-jr-initiates-civil-rico-case-limited-liability-company-owns-old-mesto-corp-building%2F65355293007%2F,0.0006025377332901966
zlib,member,https://www.ydr.com/story/news/2022/09/07/congressional-committee-skewers-postal-service-in-philadelphia-meeting-louis-dejoy/65800851007/,0.0018329253152306625
zlib,member,https://www.ydr.com/story/money/careers/2022/09/13/having-trouble-hiring-penn-mar-might-be-able-to-help/69487345007/,0.0009921820807498166
zlib,member,https://www.ydr.com/restricted/?return=https%3A%2F%2Fwww.ydr.com%2Fin-depth%2Fnews%2F2022%2F06%2F13%2Fsports-york-county-most-influential-athletics-football-gymnastics-swimming%2F65351425007%2F,0.000764796714708917
zlib,member,https://www.ydr.com/restricted/?return=https%3A%2F%2Fwww.ydr.com%2Fstory%2Fnews%2Fhistory%2Fgettysburg%2F2022%2F04%2F14%2Fraven-rock-mountain-nuclear-attack-target-doomsday-preppers-worried%2F65349485007%2F,0.0006025377332901966
zlib,member,https://www.ydr.com/story/opinion/2022/08/31/what-would-you-do-if-you-witnessed-someone-at-risk/65465660007/,0.0007957607636420512
zlib,member,https://www.ydr.com/restricted/?return=https%3A%2F%2Fwww.ydr.com%2Fstory%2Fmoney%2Fbusiness%2F2022%2F05%2F31%2Fcomings-and-goings-popular-pool-closed-for-summer-market-houses-add-stands%2F65357481007%2F,0.0006860881627720449
zlib,member,https://www.ydr.com/story/news/religion/2022/04/05/york-county-church-tells-gospel-in-22-year-stained-glass-project/65345285007/,0.0019856404770534535
zlib,member,https://www.ydr.com/story/opinion/2022/07/20/big-important-york-county-history-cultural-projects-picking-up-steam/65377980007/,0.0006988803918005584
zlib,member,https://www.ydr.com/story/news/local/2022/08/22/i-83-overpass-york-county-repairs-route-74-bridge/65409148007/,0.0025047962373519203
zlib,member,https://www.ydr.com/story/news/2022/05/03/dining-out-for-spring-checking-out-revival-social-club-in-york/65350791007/,0.0013850858095763496
zlib,member,https://www.ydr.com/story/news/2022/06/06/northeastern-school-district-offers-students-cdl-training-amid-driver-shortages/65357688007/,0.000797221969220023
zlib,member,https://www.ydr.com/story/news/2022/07/28/york-state-fair-2022-fried-cauliflower-lolas-waffles-ice-cream/65384751007/,0.0021543697729345837
zlib,member,https://www.ydr.com/story/sports/high-school/football/2022/08/29/central-pa-high-school-football-wil-rider-no-longer-football-coach-hanover-high-school/65462473007/,0.0019412438800237076
zlib,member,https://www.ydr.com/story/news/2022/06/09/how-the-pandemic-helped-wolfgang-confectioners-rebound-from-bankruptcy-candy-york-pa/65358750007/,0.0004571301068084428
zlib,member,https://www.ydr.com/story/news/watchdog/2022/05/16/federal-judge-grants-preliminary-injuction-grandmother-2-year-old-dante-mullinix-york/65355837007/,0.0011492149506423196
zlib,member,https://www.ydr.com/story/sports/high-school/2022/04/07/track-and-field-league-has-records-dating-to-1980-and-others-from-2021/65348542007/,0.0014890246597938175
zlib,member,https://www.ydr.com/story/news/2022/06/05/amber-alert-canceled-after-toddler-missing-from-york-county-is-found-safe/65358883007/,0.0023767475836805863
zlib,member,https://www.ydr.com/restricted/?return=https%3A%2F%2Fwww.ydr.com%2Fin-depth%2Fnews%2F2022%2F06%2F13%2Fbusiness-development-york-county-most-influential-people%2F65351418007%2F,0.000764796714708917
zlib,member,https://www.ydr.com/story/news/local/2022/09/06/interstate-83-queen-street-overpass-repairs-cost-up-to-double-after-hits/65467467007/,0.001739908054060906
zlib,member,https://www.ydr.com/story/news/2022/06/15/vietnam-veteran-jon-langione-75-finally-got-eastern-york-high-school-diploma/65358492007/,0.00023815786016802079
zlib,member,https://www.ydr.com/story/news/local/2022/05/12/york-county-prison-feasibility-study-competency-restoration-center/65354974007/,0.0015556512283725777
zlib,member,https://www.ydr.com/restricted/?return=https%3A%2F%2Fwww.ydr.com%2Fstory%2Fnews%2Fcrime%2F2022%2F04%2F12%2Fex-york-ice-arena-general-manager-mike-cleveland-enters-accelerated-rehabilitative-disposition%2F65348922007%2F,0.0006025377332901966
zlib,member,https://www.ydr.com/story/news/crime/2022/08/26/virginia-man-sentenced-logging-truck-death-hanover-brian-mawyer-eugene-ben-fuhrman/65418220007/,0.0017068357790792394
zlib,member,https://www.ydr.com/story/news/2022/04/25/encore-a-celebration-of-york-county-high-school-musicials-returns/65351061007/,0.002208047817987856
zlib,member,https://www.ydr.com/story/sports/college/penn-state/2022/04/11/former-nfl-penn-state-nittany-lion-running-back-gary-brown-dies-of-cancer/65349538007/,0.0015682585434694963
zlib,member,https://www.ydr.com/story/sports/college/penn-state/football/2022/09/07/penn-state-big-ten-college-football-james-franklin-joey-porter/65475134007/,0.0014081708232558403
zlib,member,https://www.ydr.com/story/sports/high-school/football/2022/06/23/northeastern-high-school-approves-kirby-brubaker-as-head-football-coach/65362925007/,0.00104639434581212
zlib,member,https://www.ydr.com/story/news/local/2022/08/31/york-county-judicial-center-closed-today-because-of-cooling-unit-leak/65465478007/,0.005691610064340762
zlib,member,https://www.ydr.com/restricted/?return=https%3A%2F%2Fwww.ydr.com%2Fin-depth%2Fnews%2F2022%2F06%2F01%2Frevitalization-gentrification-york-pa-salem-square-neighborhood%2F6795644001%2F,0.0006860881627720449
zlib,member,https://www.ydr.com/story/sports/high-school/football/2022/06/09/york-suburbans-mike-bentivegna-earns-offer-from-st-francis/65359674007/,0.0007711862744691428
zlib,member,https://www.ydr.com/story/sports/high-school/football/2022/04/26/central-york-quarterback-cade-pribula-to-transfer-from-delaware/65352088007/,0.000832513351313194
zlib,member,https://www.ydr.com/story/news/2022/07/21/york-state-fair-2022-how-to-beat-the-heat-wave-through-the-weekend/65377927007/,0.0016817267883463944
zlib,member,https://www.ydr.com/story/news/2022/08/17/york-daily-record-editor-randy-parker-has-left-the-newspaper/65407329007/,0.0022207190405619825
zlib,member,https://www.ydr.com/story/sports/college/penn-state/football/2022/08/29/penn-state-football-james-franklin-big-ten-purdue-sean-clifford/65461391007/,0.0014101774247648315
zlib,member,https://www.ydr.com/story/entertainment/2022/05/03/choir-choir-choir-event-brings-singing-after-covid-to-appell-center/65352201007/,0.004228931965002801
zlib,member,https://www.ydr.com/story/news/local/2022/09/06/long-pine-run-reservoir-in-michaux-state-forest-adams-county-offers-quiet-escape/65466799007/,0.0028929413368485543
zlib,nonmember,https://www.ydr.com/story/news/2022/05/02/york-county-will-not-offer-drop-box-for-voters-to-return-mail-ballots/65353056007/,0.0021412532008199332
zlib,nonmember,https://www.ydr.com/story/news/crime/2022/05/23/dover-township-man-charged-in-shooting-at-the-walmart-in-northern-york-county/65357213007/,0.0018530045607157812
zlib,nonmember,https://www.ydr.com/restricted/?return=https%3A%2F%2Fwww.ydr.com%2Fstory%2Fnews%2F2022%2F04%2F27%2Fex-york-county-911-employee-discrimination-wrongful-termination-lawsuit%2F65351908007%2F,0.0014019753793135855
zlib,nonmember,https://www.ydr.com/restricted/?return=https%3A%2F%2Fwww.ydr.com%2Fstory%2Fnews%2F2022%2F06%2F08%2Fthis-small-central-pa-town-grew-like-crazy-during-the-pandemic-mechanicsburg%2F65358412007%2F,0.000634194866762856
zlib,nonmember,https://www.ydr.com/story/opinion/2022/08/23/york-pa-s-market-street-parking-garage-tells-50-year-tale-of-change/65415733007/,0.001072538014462294
zlib,nonmember,https://www.ydr.com/story/sports/high-school/lacrosse-girls/2022/05/26/district-3-lacrosse-twin-valley-tops-york-catholic-for-2a-girls-title/65357508007/,0.0010491302922848483
zlib,nonmember,https://www.ydr.com/story/sports/outdoors/2022/07/19/world-record-butterfly-ray-caught-by-camp-hill-pa-bow-angler-jeremy-gipe/65374856007/,0.0013327211117650248
zlib,nonmember,https://www.ydr.com/story/news/politics/2022/04/24/primary-election-2022-heres-who-is-running-pa-94th-state-house-seat/65350262007/,0.00930385544536633
zlib,nonmember,https://www.ydr.com/story/sports/college/penn-state/football/2022/09/10/penn-state-football-ohio-bobcats-nicholas-singleton-drew-allar-kaytron-allen/66779446007/,0.0010483462104067779
zlib,nonmember,https://www.ydr.com/story/sports/high-school/2022/06/16/yaiaa-girls-lacrosse-coaches-name-2022-league-all-stars/65361380007/,0.001749075177544148
zlib,nonmember,https://www.ydr.com/story/news/2022/07/19/pa-moves-water-quality-and-saving-the-chesapeake-to-the-front-burner/65374281007/,0.001081137707347777
zlib,nonmember,https://www.ydr.com/story/news/2022/08/19/harley-davidson-iam-union-new-contract-york-pennsylvania-plant/65410302007/,0.0031758818650158244
zlib,nonmember,https://www.ydr.com/story/news/crime/2022/05/31/man-sentenced-prison-aggravated-assault-attack-meredith-keltner-north-codorus-township-york-county/65357791007/,0.0007075584078658839
zlib,nonmember,https://www.ydr.com/story/news/crime/2022/07/26/tyrell-dotson-convicted-of-murder-for-death-of-willmar-santos-batista/65378028007/,0.0017237856691411928
zlib,nonmember,https://www.ydr.com/restricted/?return=https%3A%2F%2Fwww.ydr.com%2Fstory%2Fsports%2Fhigh-school%2F2022%2F05%2F23%2Fthe-top-baseball-and-softball-players-in-the-district-3-playoffs%2F65356526007%2F,0.0006025377332901966
zlib,nonmember,https://www.ydr.com/restricted/?return=https%3A%2F%2Fwww.ydr.com%2Fstory%2Fnews%2Fcrime%2F2022%2F04%2F06%2Fwoman-found-guilty-keeping-remains-grandmother-freezer-social-security-york-county%2F65347682007%2F,0.0006025377332901966
zlib,nonmember,https://www.ydr.com/restricted/?return=https%3A%2F%2Fwww.ydr.com%2Fstory%2Fnews%2Fwatchdog%2F2022%2F05%2F11%2Fyork-shooting-tony-wasilewski-2014-not-guilty%2F65350885007%2F,0.0006025377332901966
zlib,nonmember,https://www.ydr.com/story/news/2022/05/06/voter-intimidation-delayed-primary-results-possible-pa-official-says/65353837007/,0.001211314804785405
zlib,nonmember,https://www.ydr.com/story/news/2022/04/13/pa-state-house-passes-bill-against-trans-girls-in-girls-sports/65349966007/,0.00036070064135115896
zlib,nonmember,https://www.ydr.com/story/news/crime/2022/05/03/york-county-police-departments-struggle-to-find-new-and-diverse-hires/65352123007/,0.0011729187949888124
zlib,nonmember,https://www.ydr.com/story/news/crime/2022/04/14/three-die-two-separate-shootings-york-pa-this-week/65349623007/,0.0013965064809809444
zlib,nonmember,https://www.ydr.com/story/sports/college/penn-state/football/2022/04/18/penn-state-eric-wilson-journey-nfl-draft-2022/65347360007/,0.000908252237399406
zlib,nonmember,https://www.ydr.com/story/news/local/2022/04/15/pennsylvania-supreme-court-suspends-law-license-york-attorney-clarence-allen/65350197007/,0.0012546144166160512
zlib,nonmember,https://www.ydr.com/story/news/2022/04/21/interstate-81-accident-pa-police-release-names-six-who-died/65351243007/,0.0030576147709850164
zlib,nonmember,https://www.ydr.com/story/news/2022/06/14/hurricane-agnes-flood-1972-devastated-central-pennsylvania-heavy-rain-flooding/65359285007/,0.0009415965097331056
zlib,nonmember,https://www.ydr.com/restricted/?return=https%3A%2F%2Fwww.ydr.com%2Fstory%2Fsports%2Fhigh-school%2Ftrack%2F2022%2F05%2F18%2Fpiaa-track-and-field-70-athletes-to-watch-in-district-3-meet%2F65355844007%2F,0.0006025377332901966
zlib,nonmember,https://www.ydr.com/story/sports/college/penn-state/football/2022/06/09/penn-state-football-nick-singleton-kaytron-allen-lead-james-franklin/65359587007/,0.0009936308999425256
zlib,nonmember,https://www.ydr.com/story/news/2022/07/13/left-bank-restaurant-bar-eatery-downtown-york-pa-for-sale/65372564007/,0.002193414632024726
zlib,nonmember,https://www.ydr.com/story/sports/high-school/basketball-girls/2022/07/05/new-west-york-and-spring-grove-basketball-york-college-coaches-started-at-same-place/65364925007/,0.0007203462545360841
zlib,nonmember,https://www.ydr.com/story/news/local/2022/09/16/springettsbury-township-man-dies-25-days-after-2-vehicle-crash/69497262007/,0.004150686352244405
zlib,nonmember,https://www.ydr.com/restricted/?return=https%3A%2F%2Fwww.ydr.com%2Fin-depth%2Fsports%2F2022%2F06%2F15%2F22-women-who-changed-york-adams-sports-before-after-title-ix%2F65351069007%2F,0.000764796714708917
zlib,nonmember,https://www.ydr.com/restricted/?return=https%3A%2F%2Fwww.ydr.com%2Fstory%2Fnews%2Fcrime%2F2022%2F04%2F07%2Fman-sentenced-prison-two-deadly-drug-overdoses-york-county%2F65347700007%2F,0.0006025377332901966
zlib,nonmember,https://www.ydr.com/story/sports/high-school/football/2022/06/06/central-york-football-players-continue-to-pick-up-division-i-offers/65358420007/,0.0006514324771770819
zlib,nonmember,https://www.ydr.com/story/news/2022/08/04/york-police-turn-to-the-community-for-ideas-to-reduce-gun-violence/65388415007/,0.0013737994891640513
zlib,nonmember,https://www.ydr.com/story/opinion/2022/06/21/york-aauw-at-50-group-resets-for-new-chapter-of-its-story/65362223007/,0.0006691118167026045
zlib,nonmember,https://www.ydr.com/story/sports/college/penn-state/football/2022/08/08/penn-state-football-coaches-poll-big-ten-james-franklin/65395659007/,0.0019845804449041223
zlib,nonmember,https://www.ydr.com/story/news/2022/07/27/york-state-fair-ride-inspections-what-you-need-to-know/65382750007/,0.0015495021306376742
zlib,nonmember,https://www.ydr.com/story/news/local/2022/07/11/york-state-fair-july-22-31-details-admission-tickets-parking-hours-and-more/65364021007/,0.0009768661166654168
zlib,nonmember,https://www.ydr.com/story/news/2022/07/12/rep-scott-perry-proud-boys-leader-zachary-rehl-implicated-jan-6-testimony/65372007007/,0.0011319671145093827
zlib,nonmember,https://www.ydr.com/story/sports/high-school/track-girls/2022/06/21/laila-campbell-wins-100-meter-dash-at-new-balance-nationals/65362272007/,0.001890037054056603
zlib,nonmember,https://www.ydr.com/story/sports/college/penn-state/football/2022/09/08/penn-state-big-ten-and-college-football-ohio-james-franklin/65742707007/,0.0008111636808292318
zlib,nonmember,https://www.ydr.com/story/news/2022/04/06/lake-williams-dam-built-in-1911-is-being-demolished/65348530007/,0.0021539411956750165
zlib,nonmember,https://www.ydr.com/story/news/2022/06/22/rich-wurzbach-of-mrg-labs-invented-a-blood-test-for-machines/65352146007/,0.0006212531784258607
zlib,nonmember,https://www.ydr.com/story/news/2022/06/30/child-found-dead-pool-campground-southern-york-county-pa-after-going-missing/65365256007/,0.0024179742869946024
zlib,nonmember,https://www.ydr.com/story/news/local/2022/06/23/judge-rules-favor-york-mayor-michael-helfrich-over-oath-office-henry-nixon/65363082007/,0.0015349915141589683
zlib,nonmember,https://www.ydr.com/story/news/2022/05/12/jan-6-panel-subpoenas-us-rep-scott-perry/65355153007/,0.00040463857402803867
zlib,nonmember,https://www.ydr.com/story/news/2022/07/25/mechanicsburg-man-dies-in-two-vehicle-crash-in-dover-township-police-say/65382145007/,0.0026442788359880725
zlib,nonmember,https://www.ydr.com/story/sports/college/penn-state/football/2022/09/06/penn-state-college-football-big-ten-ohio-james-franklin-nick-singleton/65474170007/,0.002721036208667588
zlib,nonmember,https://www.ydr.com/story/sports/high-school/2022/05/23/district-3-volleyball-results-scores-from-class-3a-2a-tournaments/65357229007/,0.0016628904152855182
zlib,nonmember,https://www.ydr.com/restricted/?return=https%3A%2F%2Fwww.ydr.com%2Fin-depth%2Fnews%2F2022%2F06%2F13%2Fphilanthropy-nonprofits-york-county-most-influential-people-charity-giving%2F65352045007%2F,0.000764796714708917
zlib,nonmember,https://www.ydr.com/story/news/local/2022/09/09/tech-company-buys-york-continental-square-citizens-bank-property/67309566007/,0.0022459571377472214
zlib,nonmember,https://www.ydr.com/story/news/politics/elections/2022/07/03/protesters-at-york-rally-want-scott-perry-gone-from-congress/65366404007/,0.0014644912313547165
zlib,nonmember,https://www.ydr.com/restricted/?return=https%3A%2F%2Fwww.ydr.com%2Fstory%2Fnews%2F2022%2F04%2F21%2Fyork-restaurant-inspections-one-out-of-compliance%2F65350038007%2F,0.0006025377332901966
zlib,nonmember,https://www.ydr.com/story/news/2022/05/02/yorks-mothers-day-street-fair-was-canceled-but-theres-an-alternative-alexandria-keener-beaver-street/65352175007/,0.0014448568613677135
zlib,nonmember,https://www.ydr.com/story/sports/high-school/baseball/2022/06/02/district-3-baseball-east-pennsboro-beats-littlestown-for-4a-title/65358498007/,0.0009435408371453388
zlib,nonmember,https://www.ydr.com/restricted/?return=https%3A%2F%2Fwww.ydr.com%2Fstory%2Fnews%2Fwatchdog%2F2022%2F05%2F03%2Fmedical-marijuana-zero-tolerance-dui-pennsylvania%2F65352215007%2F,0.0006025377332901966
zlib,nonmember,https://www.ydr.com/story/news/2022/07/18/york-state-fair-2022-guide-to-what-to-eat/65373031007/,0.0008635326448319909
zlib,nonmember,https://www.ydr.com/story/opinion/columnists/2022/05/17/reporter-katia-parks-shares-insights-to-york-pa-violence/65350927007/,0.0008823996986184262
zlib,nonmember,https://www.ydr.com/story/sports/high-school/football/2022/05/10/jon-scepanski-leaves-northeastern-to-take-conestoga-valley-football-job/65354649007/,0.0010297557215741642
zlib,nonmember,https://www.ydr.com/story/news/2022/07/06/pennsylvania-residents-among-those-arrested-u-s-capitol-insurrection/4331778001/,0.0001229058052500746
zlib,nonmember,https://www.ydr.com/story/news/politics/2022/05/18/jeff-piccola-chairman-of-york-county-gop-resigns/65356063007/,0.002189805237471694
zlib,nonmember,https://www.ydr.com/story/news/2022/05/17/york-county-2022-democratic-republican-primary-race-results-today/65355341007/,0.0021710464372320295
zlib,nonmember,https://www.ydr.com/story/sports/high-school/football/2022/09/13/sam-stoner-jahiem-white-closing-in-on-york-high-william-penn-football-records/69487731007/,0.000977624954663258
zlib,nonmember,https://www.ydr.com/story/news/2022/08/10/fat-daddys-nightclub-closes-auctioning-off-everything-in-york-pa-springettsbury/65395677007/,0.0031159263844778096
zlib,nonmember,https://www.ydr.com/story/sports/college/penn-state/football/2022/04/28/greatest-penn-state-catches-receivers-jahan-dotson-jameson-williams/65352118007/,0.000770252822076564
zlib,nonmember,https://www.ydr.com/story/opinion/2022/07/26/these-key-projects-would-boost-quality-of-life-in-york-county/65383602007/,0.0007958358415907542
zlib,nonmember,https://www.ydr.com/story/news/2022/04/27/congressman-scott-perry-new-text-reveals-more-about-attempt-to-change-2020-presidential-election-res/65352246007/,0.0028327842009113115
zlib,nonmember,https://www.ydr.com/story/news/2022/09/08/the-best-dive-bars-in-york-county-pa-here-are-6-to-check-out/65475324007/,0.0015221007613933264
zlib,nonmember,https://www.ydr.com/story/news/crime/2022/07/12/jaquez-brown-suspect-york-murder-shaheim-carr-recently-freed-prison/65371037007/,0.001201120575508829
zlib,nonmember,https://www.ydr.com/restricted/?return=https%3A%2F%2Fwww.ydr.com%2Fstory%2Fnews%2F2022%2F06%2F07%2Fnew-species-yorkicystis-haefneri-discovered-dig-fossils-york-pa%2F65357621007%2F,0.000634194866762856
zlib,nonmember,https://www.ydr.com/story/sports/high-school/football/2022/05/31/west-yorks-terry-bupp-elected-to-pennsylvania-football-coaches-hall-of-fame/65357624007/,0.0009378487659662072
zlib,nonmember,https://www.ydr.com/story/sports/high-school/basketball-boys/2022/05/03/piaa-schools-vote-against-adding-a-shot-clock-to-high-school-basketball/65353578007/,0.001410267255148232
zlib,nonmember,https://www.ydr.com/story/news/2022/06/29/the-haines-shoe-house-in-york-county-will-become-an-airbnb/65364374007/,0.0022870026317040036
zlib,nonmember,https://www.ydr.com/story/news/2022/05/04/meltdown-three-mile-island-airs-on-netflix/65353510007/,0.0024737601401057015
zlib,nonmember,https://www.ydr.com/story/opinion/2022/09/06/restoring-yorks-potters-field-do-it-yourself-urbanism/65474708007/,0.0007412651484386062
zlib,nonmember,https://www.ydr.com/story/news/2022/04/07/central-pennsylvania-to-receive-rain-today-national-weather-service-says/65348821007/,0.010347385598995153
zlib,nonmember,https://www.ydr.com/story/news/2022/05/16/severe-thunderstorm-watch-issued-central-pa-tornado-possible/65355765007/,0.004957414252308083
zlib,nonmember,https://www.ydr.com/story/news/politics/2022/04/11/dr-oz-senate-campaign-trump-endorsement/65349165007/,0.0010343922837167314
zlib,nonmember,https://www.ydr.com/story/sports/college/penn-state/football/2022/04/29/nfl-draft-washington-commanders-penn-states-receiver-jahan-dotson-in-first-round/65352135007/,0.0014355171130407015
zlib,nonmember,https://www.ydr.com/story/sports/college/penn-state/2022/04/24/penn-state-james-franklin-sean-clifford-lead-psu-at-blue-white-game/65351312007/,0.001330506442090232
zlib,nonmember,https://www.ydr.com/story/sports/college/penn-state/2022/04/23/penn-state-football-blue-white-game-with-james-franklin-drew-allar/65351234007/,0.0010429605454608094
zlib,nonmember,https://www.ydr.com/story/news/crime/2022/06/15/spring-garden-township-man-charged-with-fatally-stabbing-pregnant-woman-in-york-in-may/65361137007/,0.0016647107186809123
zlib,nonmember,https://www.ydr.com/story/sports/high-school/basketball-girls/2022/07/11/gettysburg-star-named-gametimepa-yaiaa-girls-athlete-of-the-year/65370388007/,0.0012112107007675034
zlib,nonmember,https://www.ydr.com/story/sports/high-school/2022/05/23/select-gametimepa-yaiaa-athletes-of-the-week-for-may-16-to-may-21/65357145007/,0.004252328969888016
zlib,nonmember,https://www.ydr.com/story/news/2022/05/09/york-county-bakery-collects-donations-to-support-ukrainian-refugees/65353063007/,0.0018512734408643117
zlib,nonmember,https://www.ydr.com/story/news/2022/04/12/white-clover-farm-stand-in-hellam-spurred-by-pandemic-food-supply-issues/65347398007/,0.001142743574146997
zlib,nonmember,https://www.ydr.com/story/sports/high-school/football/2022/08/27/yaiaa-football-week-1-york-high-loses-thriller-central-york-gets-big-win/65457937007/,0.0009344055681445216
zlib,nonmember,https://www.ydr.com/story/sports/college/penn-state/football/2022/08/29/penn-state-football-big-ten-purdue-boilermakers-nick-singleton/65461401007/,0.002480162528626434
zlib,nonmember,https://www.ydr.com/story/news/local/2022/06/22/central-pa-braces-severe-thunderstorms-across-states-md-dc-wva-va-wednesday-evening-9-pm/65362654007/,0.004639325021890748
zlib,nonmember,https://www.ydr.com/story/news/crime/2022/06/20/york-pa-woman-sentenced-hiding-grandmother-body-freezer-social-security/65361623007/,0.0014954582008268051
zlib,nonmember,https://www.ydr.com/story/news/local/2022/05/26/veterans-memorial-gold-star-garden-memorial-day-event-honoring-wwi-kia/65354618007/,0.0009763040358540256
zlib,nonmember,https://www.ydr.com/story/news/crime/2022/04/15/man-dies-after-being-shot-during-fight-outside-home-in-adams-county/65350257007/,0.003892120060051421
zlib,nonmember,https://www.ydr.com/story/news/local/2022/07/29/multiple-casualties-chanceford-township-crash-york-county-traffic-collision/65386614007/,0.0023652171521162846
zlib,nonmember,https://www.ydr.com/story/opinion/2022/05/03/new-life-for-hanover-trolley-rails/65353555007/,0.0008246020430004713
zlib,nonmember,https://www.ydr.com/story/news/2022/05/13/infant-found-dead-east-berlin-mother-ashley-decker-charged/65355254007/,0.0010829447796349993
zlib,nonmember,https://www.ydr.com/story/news/local/2022/07/18/reverend-adrian-boxley-appointed-york-city-district-justice-by-state/65371722007/,0.0024645373650556642
zlib,nonmember,https://www.ydr.com/story/news/2022/05/03/give-local-york-24-hours-of-fundraising-right-around-the-corner/65353091007/,0.0011278943821350234
zlib,nonmember,https://www.ydr.com/story/news/nation/2022/07/06/michael-lopatic-of-lancaster-dead-one-year-after-insurrection-arrest/65367853007/,0.0018261315562297245
zlib,nonmember,https://www.ydr.com/story/sports/high-school/football/2022/08/27/central-pa-high-school-football-yaiaa-scores-results-highlights-from-week-1/65419140007/,0.0005816677921475928
zlib,nonmember,https://www.ydr.com/story/news/2022/09/12/pa-drivers-will-get-new-licenses-with-enhanced-security-features/69486893007/,0.003661970439443877
zlib,nonmember,https://www.ydr.com/story/sports/college/penn-state/football/2022/09/10/penn-state-football-score-vs-ohio-university-bobcats-big-ten-nick-singleton/66758652007/,0.0025157332224494374
zlib,nonmember,https://www.ydr.com/story/news/crime/2022/05/23/murder-suicide-deadly-shooting-gunfire-mar-weekend-in-york-county/65356861007/,0.0010430518567190173
zlib,nonmember,https://www.ydr.com/story/opinion/2022/04/12/2-century-old-st-paul-lebanon-lutheran-church-illustrates-easter-message/65349861007/,0.001100998763148197
zlib,nonmember,https://www.ydr.com/story/opinion/2022/04/19/100-year-old-catholic-womans-club-in-york-draws-strength-from-its-past/65350914007/,0.0012133388703346364
zlib,nonmember,https://www.ydr.com/story/sports/high-school/baseball/2022/06/09/piaa-baseball-delone-catholic-tops-schuylkill-haven-to-reach-2a-semis/65359966007/,0.0010207990404579488
zlib,nonmember,https://www.ydr.com/story/news/crime/2022/05/26/york-county-district-attorney-drops-charges-co-defendant-attack-north-codorus-township/65357291007/,0.0013949840587137192
zlib,nonmember,https://www.ydr.com/story/sports/college/penn-state/football/2022/08/07/penn-state-football-3-things-to-learn-about-2022-big-ten-season/65393638007/,0.0008516490811231613
zlib,nonmember,https://www.ydr.com/story/sports/college/penn-state/football/2022/06/02/drew-hartlaub-hanover-leaves-carolina-panthers-injury-concussions/65358206007/,0.0013230304142460216
zlib,nonmember,https://www.ydr.com/restricted/?return=https%3A%2F%2Fwww.ydr.com%2Fstory%2Fnews%2F2022%2F05%2F10%2Fcould-mental-health-experts-prevented-killing-of-lebanon-police-lt-william-lebo%2F65352523007%2F,0.0006025377332901966
zlib,nonmember,https://www.ydr.com/restricted/?return=https%3A%2F%2Fwww.ydr.com%2Fstory%2Fsports%2Fhigh-school%2F2022%2F05%2F24%2Fnil-name-image-likeness-deals-could-be-headed-piaa-what-it-means-pa-high-school%2F65354558007%2F,0.0006860881627720449
zlib,nonmember,https://www.ydr.com/story/news/2022/05/24/brian-korte-york-haven-lynwood-nester-dillsburg-charged-capitol-riots/65357319007/,0.0017760886986498985
zlib,nonmember,https://www.ydr.com/story/opinion/2022/06/23/trovestreet-a-new-way-to-learn-about-aging-in-york-county/65362833007/,0.001186972518321588
zlib,nonmember,https://www.ydr.com/story/opinion/2022/05/11/mifflin-house-preservation-latest-land-use-battle-in-eastern-york-county/65354943007/,0.0005789380568185892
zlib,nonmember,https://www.ydr.com/story/news/2022/08/02/pennsylvania-turnpike-tolls-increase-by-5-percent-january-e-zpass-pa-turnpike-hike/65389692007/,0.0021927391979655176
zlib,nonmember,https://www.ydr.com/story/sports/college/penn-state/football/2022/08/02/psu-football-games-nittany-lions-james-franklin-sean-clifford/65385455007/,0.0015768371025715428
zlib,nonmember,https://www.ydr.com/restricted/?return=https%3A%2F%2Fwww.ydr.com%2Fstory%2Fnews%2Fwatchdog%2F2022%2F04%2F20%2Fc-sau-prison-trainer-testifies-unemployed-exaggerated-business-jospha-garcia%2F65350079007%2F,0.0006025377332901966
zlib,nonmember,https://www.ydr.com/restricted/?return=https%3A%2F%2Fwww.ydr.com%2Fstory%2Fsports%2Fhigh-school%2Fbaseball%2F2022%2F04%2F13%2Fhigh-school-sports-baseball-at-york-high-in-the-yaiaa-puerto-rico%2F65345438007%2F,0.0006025377332901966
zlib,nonmember,https://www.ydr.com/restricted/?return=https%3A%2F%2Fwww.ydr.com%2Fstory%2Fnews%2Fcrime%2F2022%2F05%2F06%2Fmothers-day-struggle-for-those-who-have-lost-children-parents%2F65353690007%2F,0.0006025377332901966
zlib,nonmember,https://www.ydr.com/story/sports/2022/05/05/toronto-blue-jays-call-up-delone-catholic-grad-casey-lawrence/65353814007/,0.001381333691259769
zlib,nonmember,https://www.ydr.com/story/news/politics/elections/2022/05/26/politico-mark-meadows-burned-papers-after-meeting-with-scott-perry/65357627007/,0.002327675628622072
zlib,nonmember,https://www.ydr.com/story/sports/high-school/2022/04/25/select-gametimepa-yaiaa-athletes-of-the-week-for-april18-to-april-23/65351891007/,0.004884326815817157
zlib,nonmember,https://www.ydr.com/story/news/2022/04/08/york-county-food-bank-is-moving-its-operations-out-of-the-former-kmart-store/65348695007/,0.00227380744556611
zlib,nonmember,https://www.ydr.com/story/opinion/2022/05/23/pas-farmers-municipalities-pay-for-legislatures-inaction-on-clean-water/65357214007/,0.001162731071326401
zlib,nonmember,https://www.ydr.com/restricted/?return=https%3A%2F%2Fwww.ydr.com%2Fstory%2Fnews%2Flocal%2F2022%2F06%2F13%2Ftasalina-young-memory-daughter-dyamond-helps-others-in-york-pa%2F65356517007%2F,0.000764796714708917
zlib,nonmember,https://www.ydr.com/story/news/local/2022/07/18/pa-backing-historic-small-restaurants-grant-awarded-harmony-inn/65371204007/,0.001672916405504179
zlib,nonmember,https://www.ydr.com/story/news/2022/04/20/senator-jake-corman-eyes-pa-governors-office-after-23-years-in-dc/65348987007/,0.0007296670460019047
zlib,nonmember,https://www.ydr.com/story/news/2022/06/30/cheap-gas-what-is-e15-unleaded-88-and-e85-is-it-safe-to-use-in-cars-boats-vehicles-sheetz/65364424007/,0.0011234129719940662
zlib,nonmember,https://www.ydr.com/restricted/?return=https%3A%2F%2Fwww.ydr.com%2Fstory%2Fnews%2F2022%2F04%2F07%2Fpa-speed-cameras-work-zones-tickets-tossed-after-error-found%2F65345082007%2F,0.0006025377332901966
zlib,nonmember,https://www.ydr.com/story/sports/high-school/2022/05/09/select-gametimepa-yaiaa-athletes-of-the-week-formay-2-to-may-7/65354485007/,0.005366575543784825
zlib,nonmember,https://www.ydr.com/story/sports/high-school/softball/2022/07/06/piaa-softball-coaches-select-states-top-players/65365518007/,0.000477935357162758
zlib,nonmember,https://www.ydr.com/story/sports/high-school/football/2022/08/22/central-pa-football-schedule-scores-york-adams-2022-season/65409218007/,0.0005975872410115
zlib,nonmember,https://www.ydr.com/story/sports/college/2022/03/31/ncaa-gymnastic-regionals-how-to-watch-the-action-from-4-competitions/65347499007/,0.0017858714706303618
zlib,nonmember,https://www.ydr.com/story/news/2022/07/29/one-killed-building-collapse-adams-county-central-pa-farm-state-police-say/65386328007/,0.0036324718901517175
zlib,nonmember,https://www.ydr.com/story/news/2022/09/14/pa-residents-with-criminal-records-could-get-help/69491572007/,0.0018240794301451562
zlib,nonmember,https://www.ydr.com/story/news/crime/2022/05/18/york-city-police-investigating-womans-overnight-death-as-homicide/65356359007/,0.0034009100354113345
zlib,nonmember,https://www.ydr.com/restricted/?return=https%3A%2F%2Fwww.ydr.com%2Fstory%2Fnews%2F2022%2F04%2F21%2Fcomings-and-goings-eco-friendly-store-opens-in-york-coffee-shop-closes%2F65351060007%2F,0.0006025377332901966
zlib,nonmember,https://www.ydr.com/restricted/?return=https%3A%2F%2Fwww.ydr.com%2Fstory%2Fnews%2F2022%2F05%2F11%2Fthe-york-and-adams-county-real-estate-markets-are-still-pretty-hot%2F65354554007%2F,0.0006025377332901966
zlib,nonmember,https://www.ydr.com/story/news/local/2022/09/06/fall-festivals-and-family-friendly-activities-in-york-county/65419910007/,0.0006643970097187032
zlib,nonmember,https://www.ydr.com/story/sports/high-school/2022/04/18/select-gametimepa-yaiaa-athletes-of-the-week-for-april-11-16/65350764007/,0.0048422477135062056
zlib,nonmember,https://www.ydr.com/story/news/2022/04/26/man-dies-after-falling-into-the-codorus-creek-in-york-fire-chief-says/65351925007/,0.002416597693824594
zlib,nonmember,https://www.ydr.com/story/news/local/2022/08/04/children-injured-in-deadly-amish-tractor-crash-york-county-remain-in-hospital/65390689007/,0.002453108665906214
zlib,nonmember,https://www.ydr.com/story/news/crime/2022/04/18/york-school-district-chad-gerrick-pleads-guilty-disorderly-conduct/65350765007/,0.001742072613756423
zlib,nonmember,https://www.ydr.com/story/news/local/2022/05/05/york-city-council-brings-crown-act-to-board-for-hair-discrimination/65353633007/,0.0016593847492478995
zlib,nonmember,https://www.ydr.com/story/sports/high-school/wrestling/2022/05/05/dave-gable-steps-down-as-dallastown-wrestling-coach-after-25-years/65353876007/,0.0007405406063423261
zlib,nonmember,https://www.ydr.com/story/news/crime/2022/05/25/former-north-york-tax-collector-keith-ramsay-rejected-veterans-wellness-court/65356693007/,0.0020780989857333066
zlib,nonmember,https://www.ydr.com/story/sports/high-school/volleyball-boys/2022/06/01/piaa-boys-volleyball-results-matchups/65358273007/,0.0012869898500626272
zlib,nonmember,https://www.ydr.com/story/news/2022/08/02/the-community-responds-to-help-an-amish-family-touched-by-tragedy/65388394007/,0.0007854237377668098
zlib,nonmember,https://www.ydr.com/story/news/politics/2022/04/07/kenyatta-running-for-senate-because-the-status-quo-will-not-save-us/65348457007/,0.0007836484593637776
zlib,nonmember,https://www.ydr.com/restricted/?return=https%3A%2F%2Fwww.ydr.com%2Fstory%2Fnews%2Fcrime%2F2022%2F05%2F09%2Fhearing-joe-fitzpatrick-iii-first-degree-murder-second-trial-york-county%2F65353970007%2F,0.0006025377332901966
zlib,nonmember,https://www.ydr.com/story/news/2022/05/18/shamaine-daniels-wins-democratic-nomination-to-face-scott-perry-us-congress/65355455007/,0.001220058793217708
zlib,nonmember,https://www.ydr.com/story/news/local/2022/06/22/adams-county-crash-leaves-three-dead-pa-police-say/65362619007/,0.0038751531472597162
zlib,nonmember,https://www.ydr.com/restricted/?return=https%3A%2F%2Fwww.ydr.com%2Fstory%2Fsports%2Fhigh-school%2Ftrack%2F2022%2F05%2F19%2Fpiaa-track-and-field-70-athletes-to-watch-in-district-3-meet%2F65355844007%2F,0.0006025377332901966
zlib,nonmember,https://www.ydr.com/story/news/crime/2022/08/25/york-county-pa-da-says-shooting-after-wedding-self-defense/65415627007/,0.0019977734889469606
zlib,nonmember,https://www.ydr.com/story/sports/college/penn-state/football/2022/06/28/penn-state-football-james-franklin-recruits-southern-players-from-alabama-al-florida-fla/65362631007/,0.000841256391213061
zlib,nonmember,https://www.ydr.com/restricted/?return=https%3A%2F%2Fwww.ydr.com%2Fstory%2Fnews%2F2022%2F06%2F02%2Fafter-a-long-two-years-heres-where-summer-festivals-in-central-pa-stand-in-2022%2F65352431007%2F,0.0004397623350195627
zlib,nonmember,https://www.ydr.com/story/news/2022/05/03/encore-a-celebration-of-york-county-high-school-musicials-returns/65351061007/,0.0013370347660676101
zlib,nonmember,https://www.ydr.com/story/news/local/2022/07/05/electric-wooden-tour-boat-chief-uncus-launched-in-susquehanna-river-york-county/65365534007/,0.0019367033805056998
zlib,nonmember,https://www.ydr.com/story/news/fixing-york/2022/09/01/redevelopment-plans-for-south-george-street-post-office-sought/65468307007/,0.002155127180213693
zlib,nonmember,https://www.ydr.com/story/sports/high-school/volleyball-boys/2022/07/08/piaa-district-3-13-yaiaa-players-named-boys-volleyball-all-stars/65368955007/,0.0015481040673532055
zlib,nonmember,https://www.ydr.com/story/sports/high-school/football/2022/09/17/yaiaa-football-scores-from-week-4-dallastown-central-york-earn-wins/69496327007/,0.0011628679061290318
zlib,nonmember,https://www.ydr.com/story/sports/high-school/football/2022/05/18/central-yorks-cade-pribula-transfers-from-delaware-to-sacred-heart/65355912007/,0.0009193380256431157
zlib,nonmember,https://www.ydr.com/story/news/local/2022/09/15/vandals-damaged-a-welcome-to-york-gateway-water-company-will-fix-it/69492561007/,0.0030903277187388787
zlib,nonmember,https://www.ydr.com/story/news/local/2022/07/13/christmas-smile-in-july-offers-free-food-gifts-and-more-in-york/65371977007/,0.0030339506339576395
zlib,nonmember,https://www.ydr.com/story/news/crime/2022/09/07/strada-brothers-sentence-in-whispering-wind-bear-spirit-shooting-death/65466363007/,0.002330201372007519
zlib,nonmember,https://www.ydr.com/story/opinion/2022/07/05/years-after-civil-war-york-surrendered-a-second-time-to-confederates/65367339007/,0.0008461119611215584
zlib,nonmember,https://www.ydr.com/story/news/politics/elections/2022/08/24/scott-perry-sues-department-of-justice-block-access-cellphone-jan-6-probe/65418234007/,0.0014994062530996268
zlib,nonmember,https://www.ydr.com/story/news/2022/05/23/york-state-fair-2022-what-to-expect-concerts-prices-heroes-hall/65355495007/,0.000550134550340152
zlib,nonmember,https://www.ydr.com/story/sports/high-school/2022/07/15/nil-name-age-likeness-policy-pa-high-school-athletes-1-step-closer-to-deals-heres-how/65373478007/,0.0019390197843040323
zlib,nonmember,https://www.ydr.com/story/sports/high-school/track/2022/05/20/district-3-track-and-field-results-from-day-1-in-shippensburg/65356535007/,0.0010903769713569106
zlib,nonmember,https://www.ydr.com/story/news/crime/2022/08/19/former-york-city-police-officer-charged-sexual-abuse-teen-joseph-palmer/65411308007/,0.0016705624201252827
zlib,nonmember,https://www.ydr.com/story/news/health/2022/08/23/wellspan-health-celebrates-ecmo-survivors/65410594007/,0.0015255083396859962
zlib,nonmember,https://www.ydr.com/story/news/politics/elections/2022/07/20/u-s-rep-scott-perry-votes-in-favor-of-bill-to-protect-gay-marriage/65378069007/,0.0018466862265940338
zlib,nonmember,https://www.ydr.com/story/sports/high-school/football/2022/07/11/dallastown-star-named-gametimepa-yaiaa-boys-athlete-of-the-year/65368843007/,0.001163890837329987
zlib,nonmember,https://www.ydr.com/story/sports/college/penn-state/football/2022/09/13/penn-state-big-ten-college-football-auburn-tigers-sec-drew-allar/69486532007/,0.0018755384868611984
zlib,nonmember,https://www.ydr.com/story/opinion/2022/04/26/sen-regan-we-will-not-allow-satan-into-northern-york-county-schools/65352053007/,0.0018328809588632473
zlib,nonmember,https://www.ydr.com/story/opinion/2022/05/24/southcentral-pa-teachers-influence-lasts-a-lifetime/65357368007/,0.0008744904536582363
zlib,nonmember,https://www.ydr.com/story/news/politics/2022/04/24/primary-election-2022-47th-pa-state-house-seat-contested-republican-ticket/65350261007/,0.009746120613892644
zlib,nonmember,https://www.ydr.com/story/news/2022/04/12/easter-traditions-in-central-pa-include-pysanky-eggs-and-easter-bread/65348709007/,0.0007898630196173114
zlib,nonmember,https://www.ydr.com/restricted/?return=https%3A%2F%2Fwww.ydr.com%2Fstory%2Fnews%2Flocal%2F2022%2F04%2F20%2Fcan-after-school-satan-club-sue-northern-york-school-district-lucien-greaves%2F65351105007%2F,0.0006025377332901966
zlib,nonmember,https://www.ydr.com/story/sports/high-school/2022/09/12/yaiaa-sports-select-athletes-of-the-week-for-sept-5-to-sept-10/69487037007/,0.004768198027259726
zlib,nonmember,https://www.ydr.com/story/news/2022/04/20/more-than-21000-tulips-are-near-full-bloom-at-hershey-gardens/65350850007/,0.002298874857581028
zlib,nonmember,https://www.ydr.com/story/news/local/2022/09/01/gas-prices-drop-below-4-dollars-gallon-at-some-stations-in-york-county/65466343007/,0.0020008558876083945
zlib,nonmember,https://www.ydr.com/story/news/2022/06/13/christmas-assault-victim-barbara-laughman-west-manchester-township-encompass-health/65360603007/,0.00445476795235917
zlib,nonmember,https://www.ydr.com/story/sports/college/penn-state/football/2022/04/12/penn-state-football-nittany-lions-add-demeioun-robinson-maryland-linebacker/65349874007/,0.0014265565139987774
zlib,nonmember,https://www.ydr.com/restricted/?return=https%3A%2F%2Fwww.ydr.com%2Fstory%2Fnews%2F2022%2F05%2F09%2Fwestinghouse-atom-smasher-rots-away-in-a-pennsylvania-neighborhood%2F65352649007%2F,0.0006025377332901966
zlib,nonmember,https://www.ydr.com/story/news/watchdog/2022/05/20/pennsylvania-supreme-court-denies-request-appeal-york-county-prison-corrections-officers-taunting/65356543007/,0.0015594098374068616
zlib,nonmember,https://www.ydr.com/story/sports/high-school/2022/05/27/piaa-track-and-field-chambersburgs-j-j-kelly-wins-triple-jump-title/65357639007/,0.000933399229211342
zlib,nonmember,https://www.ydr.com/story/sports/college/penn-state/football/2022/07/21/penn-state-football-sexual-extortion-student-athletes-police/65377756007/,0.002219916568934275
zlib,nonmember,https://www.ydr.com/story/sports/high-school/football/2022/06/10/york-catholic-hires-longtime-assistant-brad-hayek-as-head-football-coach/65360074007/,0.0009629129026082051
zlib,nonmember,https://www.ydr.com/story/news/crime/2022/04/06/pennsylvania-superior-court-permission-appeal-ex-southwestern-regional-police-officer-shooting/65348674007/,0.001654857416403524
zlib,nonmember,https://www.ydr.com/story/sports/college/penn-state/football/2022/09/01/penn-state-purdue-boilermakers-big-ten-live-scoring-updates/65465506007/,0.000520079632643037
zlib,nonmember,https://www.ydr.com/story/news/health/2022/04/01/a-night-to-remember-those-lost-by-covid-with-1488-luminaries-in-york/65347724007/,0.002114753312548308
zlib,nonmember,https://www.ydr.com/story/news/crime/2022/09/13/one-dead-one-injured-in-reported-stabbing-in-springettsbury-township/69492968007/,0.002867358008075579
zlib,nonmember,https://www.ydr.com/story/sports/college/penn-state/football/2022/05/09/penn-state-nittany-lions-football-dani-dennis-sutton-defensive-lineman/65352114007/,0.0007776278760175503
zlib,nonmember,https://www.ydr.com/story/news/crime/2022/08/08/5-people-found-unconscious-two-now-dead-in-york-county-pa-home/65396070007/,0.0023088349798567873
zlib,nonmember,https://www.ydr.com/restricted/?return=https%3A%2F%2Fwww.ydr.com%2Fstory%2Fsports%2Fhigh-school%2Fbaseball%2F2022%2F05%2F24%2Fyork-high-baseball-dominican-republic-puerto-rico-york-revolution%2F65355801007%2F,0.0006860881627720449
zlib,nonmember,https://www.ydr.com/restricted/?return=https%3A%2F%2Fwww.ydr.com%2Fstory%2Fnews%2Fwatchdog%2F2022%2F04%2F14%2Frobert-vicosa-murder-suicide-timeline-events-transparency%2F65349570007%2F,0.0006025377332901966
zlib,nonmember,https://www.ydr.com/story/news/2022/08/25/fundraiser-christine-fousek-rylee-reynolds-stewartstown-york-county/65419562007/,0.0024840169697010945
zlib,nonmember,https://www.ydr.com/story/sports/high-school/football/2022/09/02/central-pennsylvania-high-school-football-scoreboard-see-which-york-adams-teams-won-in-week-2/65468092007/,0.0021669059932255164
zlib,nonmember,https://www.ydr.com/story/sports/college/penn-state/football/2022/04/29/nfl-draft-penn-state-football-arnold-ebiketie-atlanta-falcons/65352157007/,0.0016104414627770695
zlib,nonmember,https://www.ydr.com/story/news/2022/09/14/trans-siberian-orchestra-to-perform-2-concerts-in-hershey-in-december/69491582007/,0.0036930330842924993
zlib,nonmember,https://www.ydr.com/story/news/crime/2022/09/14/one-dead-one-injured-in-reported-stabbing-in-springettsbury-township/69492968007/,0.00199794185876511
zlib,nonmember,https://www.ydr.com/story/news/politics/elections/2022/08/17/democrat-shamaine-daniels-poll-shows-lead-over-rep-scott-perry/65404028007/,0.0013416642467727197
zlib,nonmember,https://www.ydr.com/story/news/2022/05/18/york-county-2022-democratic-republican-primary-race-results-today/65355341007/,0.0021710464372320295
zlib,nonmember,https://www.ydr.com/story/news/crime/2022/09/13/york-county-coroner-identifies-man-who-died-after-weekend-shooting-in-city/69491367007/,0.0023220168080059236
zlib,nonmember,https://www.ydr.com/story/news/crime/2022/04/27/man-pleads-no-contest-third-degree-murder-deadly-shooting-west-manheim-township-york-county/65352283007/,0.001055456365353316
zlib,nonmember,https://www.ydr.com/story/news/crime/2022/05/26/former-northern-york-county-regional-police-chief-facing-dui-charges/65357632007/,0.0015346851137156153
zlib,nonmember,https://www.ydr.com/story/news/2022/07/05/teen-dies-4-injured-single-vehicle-crash-near-littlestown-adams-county-pa-july-4/65367258007/,0.002548920356344544
zlib,nonmember,https://www.ydr.com/story/news/2022/04/13/conor-lamb-senate-race-says-record-over-john-fetterman/65348890007/,0.0006088690256619265
zlib,nonmember,https://www.ydr.com/story/sports/high-school/football/2022/09/08/central-pa-high-school-football-live-scoreboard-from-week-3-yaiaa-ll-league-mid-penn-conference/66862778007/,0.00521962234805374
zlib,nonmember,https://www.ydr.com/story/news/2022/05/10/real-id-in-pa-with-deadline-approaching-heres-what-you-need-to-know/65353960007/,0.0007933233220692776
zlib,nonmember,https://www.ydr.com/story/sports/college/penn-state/football/2022/04/29/penn-state-ad-patrick-kraft-confirmed-friday/65352557007/,0.0017268108355407447
zlib,nonmember,https://www.ydr.com/story/news/crime/2022/05/27/daiquan-dickerson-sentenced-life-prison-murdering-dover-area-high-school-student-emily-shoemaker/65356726007/,0.0010009907122719003
zlib,nonmember,https://www.ydr.com/story/sports/high-school/2022/06/27/award-winning-kennard-dale-powerlifting-coach-steps-down/65362716007/,0.0006717170213487157
zlib,nonmember,https://www.ydr.com/story/sports/college/penn-state/football/2022/07/01/college-football-usc-ucla-joining-penn-state-big-ten/65366000007/,0.0013525349203087483
zlib,nonmember,https://www.ydr.com/story/sports/high-school/softball/2022/05/26/district-3-softball-championships-results-scores-from-each-round/65357552007/,0.00140703126909031
zlib,nonmember,https://www.ydr.com/story/news/2022/05/20/police-investigating-shooting-west-manchester-west-york-auto-spa-express/65356744007/,0.0029134954717143645
zlib,nonmember,https://www.ydr.com/story/news/2022/06/07/philadelphia-man-sedition-charges-u-s-capitol-insurrection/65359583007/,0.0010522649433864478
zlib,nonmember,https://www.ydr.com/story/news/2022/08/11/hundreds-turn-out-to-protest-the-re-use-of-york-county-landfill/65398396007/,0.0010053578834720875
zlib,nonmember,https://www.ydr.com/story/news/crime/2022/08/19/takanii-beatty-gets-prison-time-for-york-rape-prostitution-case/65405818007/,0.001980641665855091
zlib,nonmember,https://www.ydr.com/restricted/?return=https%3A%2F%2Fwww.ydr.com%2Fstory%2Fnews%2F2022%2F06%2F14%2Fwill-pennsylvania-make-it-easier-for-teachers-to-carry-guns%2F65360505007%2F,0.000764796714708917
zlib,nonmember,https://www.ydr.com/story/news/local/2022/08/16/lawsuit-louis-appell-iii-filed-against-ufd-founders-settled/65395849007/,0.001647174430328001
zlib,nonmember,https://www.ydr.com/story/news/2022/08/01/york-pa-three-alarm-fire-destroys-vacant-home-east-mason-avenue/65387808007/,0.0026821141521962515
zlib,nonmember,https://www.ydr.com/story/news/2022/08/09/pa-cuts-corporate-net-income-tax-nearly-in-half/65396041007/,0.0028125727988247283
zlib,nonmember,https://www.ydr.com/story/news/local/2022/06/27/six-york-county-restaurants-out-of-compliance-inspections-dirty-kitchens/65361708007/,0.00043106613003256547
zlib,nonmember,https://www.ydr.com/story/news/2022/05/27/weather-alert-storms-flash-floods-possible-tornado-central-pa/65357673007/,0.0020788286647188186
zlib,nonmember,https://www.ydr.com/story/news/politics/2022/04/24/voters-guide-2022-10th-congressional-race-in-pennsylvania/65350260007/,0.009164048140047877
zlib,nonmember,https://www.ydr.com/story/news/crime/2022/04/28/york-county-victims-rights-coalition-march-vigil-trauma-support/65352197007/,0.0014864043232822228
zlib,nonmember,https://www.ydr.com/story/news/politics/2022/04/24/primary-election-2022-two-republicans-vying-pa-169th-state-house-seat/65350263007/,0.013139888728387693
zlib,nonmember,https://www.ydr.com/restricted/?return=https%3A%2F%2Fwww.ydr.com%2Fstory%2Fnews%2F2022%2F05%2F03%2Fa-developer-has-big-plans-for-former-memorial-hospital-site%2F65352173007%2F,0.0006025377332901966
zlib,nonmember,https://www.ydr.com/story/opinion/2022/07/15/the-long-road-to-vindication-for-officer-clayton-swartz-opinion/65374340007/,0.0008856001222527814
zlib,nonmember,https://www.ydr.com/story/sports/high-school/tennis-girls/2022/04/29/yaiaa-tennis-which-players-are-still-alive-for-championships/65352612007/,0.004614775562321805
zlib,nonmember,https://www.ydr.com/story/sports/college/penn-state/football/2022/09/18/penn-state-football-nick-singleton-auburn-tigers-big-ten-sec/69494656007/,0.0010140595935169234
zlib,nonmember,https://www.ydr.com/story/news/2022/06/22/american-idol-finalist-huntergirl-york-state-fair-july-29/65362462007/,0.002978099104825868
zlib,nonmember,https://www.ydr.com/story/news/crime/2022/05/16/york-activists-dog-and-car-stolen-begs-thief-to-return-pet-safely/65355772007/,0.0022479005818457787
zlib,nonmember,https://www.ydr.com/story/news/2022/04/18/mollys-courtyard-cafe-york-to-close-and-new-cafe-reopens-in-june/65349885007/,0.0012555815330937811
zlib,nonmember,https://www.ydr.com/story/news/2022/06/29/co-defendant-in-dover-student-emily-shoemakers-murder-sentenced/65364373007/,0.0017385107030919934
zlib,nonmember,https://www.ydr.com/restricted/?return=https%3A%2F%2Fwww.ydr.com%2Fstory%2Flife%2Ffood%2F2022%2F05%2F16%2Ffarms-in-york-county-offer-home-deliveries%2F65352137007%2F,0.0006025377332901966
zlib,nonmember,https://www.ydr.com/story/news/local/2022/06/10/york-county-police-partner-with-logos-on-public-safety-collaboration/65359772007/,0.0018352426952757592
zlib,nonmember,https://www.ydr.com/story/opinion/2022/08/02/st-lukes-lutheran-church-celebrates-250-anniversary-in-southern-york-county/65389486007/,0.0008385795892431909
zlib,nonmember,https://www.ydr.com/restricted/?return=https%3A%2F%2Fwww.ydr.com%2Fin-depth%2Fnews%2F2022%2F06%2F13%2Factivism-social-justice-york-most-influential-people%2F65351407007%2F,0.000764796714708917
zlib,nonmember,https://www.ydr.com/story/news/local/2022/05/31/murder-suicide-victim-erin-walker-remembered-at-central-memorial/65358157007/,0.0014729017919312816
zlib,nonmember,https://www.ydr.com/story/news/local/2022/07/21/york-mayor-michael-helfrich-oath-of-office-decision-appealed-to-superior-court/65377376007/,0.002108552794089465
zlib,nonmember,https://www.ydr.com/restricted/?return=https%3A%2F%2Fwww.ydr.com%2Fstory%2Fnews%2F2022%2F05%2F12%2Fparents-at-northeastern-school-district-fed-up-with-bullying%2F65351444007%2F,0.0006025377332901966
zlib,nonmember,https://www.ydr.com/story/sports/high-school/football/2022/09/08/red-lion-high-school-garrett-coppersmith-makes-record-breaking-kick/66745861007/,0.0008497466831216583
zlib,nonmember,https://www.ydr.com/story/sports/high-school/football/2022/06/17/eric-depew-hired-as-red-land-football-coach-after-leaving-york-catholic/65361664007/,0.0008353686777931608
zlib,nonmember,https://www.ydr.com/story/news/2022/09/13/emt-struck-by-truck-in-downtown-york/69493220007/,0.007096076252867709
zlib,nonmember,https://www.ydr.com/story/news/watchdog/2022/05/20/york-daily-record-takes-district-attorney-to-court-in-vicosa-case/65355306007/,0.000978479353446546
zlib,nonmember,https://www.ydr.com/story/sports/2022/06/24/michigans-eli-brooks-signs-summer-league-contract-with-indiana-pacers/65363446007/,0.0019649909633173116
zlib,nonmember,https://www.ydr.com/restricted/?return=https%3A%2F%2Fwww.ydr.com%2Fstory%2Fsports%2Fhigh-school%2F2022%2F04%2F04%2Fyork-adams-players-watch-district-state-high-school-sports-yaiaa%2F65347631007%2F,0.0006025377332901966
zlib,nonmember,https://www.ydr.com/story/news/2022/05/19/harley-davidson-york-county-pa-springettsbury-township-suspends-operations/65356500007/,0.002760177364974432
zlib,nonmember,https://www.ydr.com/restricted/?return=https%3A%2F%2Fwww.ydr.com%2Fstory%2Fsports%2Fhigh-school%2Ffootball%2F2022%2F05%2F11%2Fcoach-russ-stoner-goes-beyond-football-for-city-of-york-school-district%2F65350937007%2F,0.0006025377332901966
zlib,nonmember,https://www.ydr.com/story/news/2022/05/11/york-county-911-holding-recruitment-drive-to-fill-15-open-positions/65354635007/,0.0015669728844544734
zlib,nonmember,https://www.ydr.com/story/news/2022/06/03/central-pa-bars-taverns-facing-beer-shortage/65358543007/,0.0016717946298934726
zlib,nonmember,https://www.ydr.com/story/sports/college/2022/04/02/trinity-thomas-leads-florida-to-third-highest-gymnastic-total-in-ncaa/65347768007/,0.0019039101260469433
zlib,nonmember,https://www.ydr.com/restricted/?return=https%3A%2F%2Fwww.ydr.com%2Fstory%2Fnews%2F2022%2F05%2F16%2Fyork-county-restaurant-inspections-engine-oil-bottle-found-in-food-area-meat-not-covered%2F65354936007%2F,0.0006025377332901966
zlib,nonmember,https://www.ydr.com/story/news/crime/2022/05/24/spring-garden-police-press-conference-central-york-high-school-teacher-fatal-shooting/65357296007/,0.004276368469113607
zlib,nonmember,https://www.ydr.com/story/sports/high-school/basketball-girls/2022/05/02/jim-kunkle-resigns-as-west-york-area-high-school-girls-basketball-coach/65353118007/,0.0011186880134683894
zlib,nonmember,https://www.ydr.com/story/opinion/2022/09/13/2022-dorrie-leader-award-recipient-lizaida-morales/69492274007/,0.0007698245643450227
zlib,nonmember,https://www.ydr.com/story/news/2022/05/24/celebrate-national-wine-day-with-mark-and-vals-wine-in-york/65356572007/,0.0010837751279466168
zlib,nonmember,https://www.ydr.com/story/sports/high-school/football/2022/09/06/yaiaa-sports-select-athletes-of-the-week-foraug-29-to-sept-3/65475033007/,0.005302746965311195
zlib,nonmember,https://www.ydr.com/story/sports/college/penn-state/football/2022/04/20/penn-state-blue-white-football-game-2022-james-franklin-nick-singleton/65350805007/,0.0009260037009668092
zlib,nonmember,https://www.ydr.com/story/sports/high-school/2022/05/31/high-school-sports-select-final-yaiaa-athletes-of-week-for-2021-22/65358283007/,0.005393901907832259
zlib,nonmember,https://www.ydr.com/story/news/politics/2022/04/25/pa-voters-guide-2022-where-the-primary-candidates-stand/65350980007/,0.0011541311621779055
zlib,nonmember,https://www.ydr.com/story/news/local/community/2022/07/27/russia-ukraine-war-antonina-kovalenko-emigsville-george-hay-kain/65381771007/,0.001286944833909425
zlib,nonmember,https://www.ydr.com/story/sports/nfl/2022/04/25/bruce-arians-retirement-nfl-coach-tampa-bay-health-tom-brady/65348336007/,0.000839501679911151
zlib,nonmember,https://www.ydr.com/story/news/local/2022/08/15/route-30-pa-crash-claims-the-life-of-one-york-township-woman/65403368007/,0.002877327887361881
zlib,nonmember,https://www.ydr.com/story/news/local/2022/05/31/york-police-offer-form-for-residents-that-suffer-from-mental-illness/65357719007/,0.001525760360014651
zlib,nonmember,https://www.ydr.com/story/news/2022/08/11/congressman-scott-perry-pa-10th-district-fbi-investigation/65399207007/,0.0010638031313763214
zlib,nonmember,https://www.ydr.com/story/news/politics/2022/09/15/mastriano-education-plan-would-cut-school-funding-by-12b-union-says/69495468007/,0.001305237257910108
zlib,nonmember,https://www.ydr.com/story/news/2022/04/07/life-with-alopecia-is-an-emotional-roller-coaster/65348435007/,0.0008117329604103552
zlib,nonmember,https://www.ydr.com/story/sports/outdoors/2022/09/01/trout-stocking-hatcheries-pa-fish-boat-commission/65462285007/,0.0007699937805232471
zlib,nonmember,https://www.ydr.com/story/news/2022/06/10/osha-investigating-after-workers-fall-in-chocolate-tank-lancaster-pennsylvania-factory/65360110007/,0.002541372434038033
zlib,nonmember,https://www.ydr.com/story/news/2022/05/26/distinguished-young-women-of-york-county-to-award-scholarships/65357279007/,0.0016068356176818653
zlib,nonmember,https://www.ydr.com/story/news/politics/2022/04/05/primary-2022-who-is-running-for-office-in-central-pa/65346540007/,0.0005852897682964501
zlib,nonmember,https://www.ydr.com/story/opinion/2022/04/06/sen-mike-regan-its-time-to-legalize-adult-use-marijuana-in-pa/65348677007/,0.0013685207181345878
zlib,nonmember,https://www.ydr.com/story/news/local/2022/09/07/problem-solver-studios-in-west-york-offers-safe-space-for-music-artists/65458109007/,0.0011902173047370938
zlib,nonmember,https://www.ydr.com/story/news/local/2022/07/13/video-helps-york-police-arrest-jaquez-brown-in-killing-of-shaheim-carr/65372942007/,0.0009811840870431107
zlib,nonmember,https://www.ydr.com/story/news/2022/07/08/wildcat-roller-coaster-hershey-park-closing-rmc-coasters/65369486007/,0.003030532481696597
zlib,nonmember,https://www.ydr.com/story/news/2022/05/17/primary-day-in-pennsylvania-what-you-need-to-know-about-the-polls-last-minute-mail-ballots/65352112007/,0.0007672355758236422
zlib,nonmember,https://www.ydr.com/story/news/politics/2022/04/14/pa-governors-race-doug-mastriano-leading-election-denier/65349168007/,0.0010921113171503646
zlib,nonmember,https://www.ydr.com/story/news/2022/06/10/scott-perry-sought-presidential-pardon-january-6-insurrection-capitol-attack-liz-cheney/65360025007/,0.002614534801866836
zlib,nonmember,https://www.ydr.com/story/sports/high-school/lacrosse-boys/2022/05/16/yaiaa-boys-lacrosse-coaches-name-2022-all-stars-players-of-the-year/65355776007/,0.0018576043420404668
zlib,nonmember,https://www.ydr.com/restricted/?return=https%3A%2F%2Fwww.ydr.com%2Fstory%2Fsports%2Fhigh-school%2F2022%2F04%2F05%2Fyork-adams-players-watch-district-state-high-school-sports-yaiaa%2F65347631007%2F,0.0006025377332901966
zlib,nonmember,https://www.ydr.com/restricted/?return=https%3A%2F%2Fwww.ydr.com%2Fstory%2Fnews%2F2022%2F05%2F09%2Fcould-mental-health-experts-prevented-killing-of-lebanon-police-lt-william-lebo%2F65352523007%2F,0.0006025377332901966
zlib,nonmember,https://www.ydr.com/story/news/local/2022/08/03/york-xl-york-county-food-bank-seek-grants-from-gannett-community-thrives/65385659007/,0.002336647946128035
zlib,nonmember,https://www.ydr.com/story/news/2022/06/07/baltimore-county-md-collector-chad-shapiro-has-thomas-edison-light-bulbs/65352109007/,0.0011922633010754524
zlib,nonmember,https://www.ydr.com/story/opinion/2022/06/15/york-countys-conspiracy-of-1803-a-troubling-story/65361114007/,0.0007535763559641577
zlib,nonmember,https://www.ydr.com/story/sports/high-school/basketball-girls/2022/04/18/dallastowns-dshantae-edwards-commits-to-bethune-cookman-basketball/65350270007/,0.0010022063837230087
zlib,nonmember,https://www.ydr.com/restricted/?return=https%3A%2F%2Fwww.ydr.com%2Fstory%2Fsports%2Fhigh-school%2F2022%2F06%2F21%2Fgettysburg-athletics-should-the-yaiaa-be-ok-with-move-to-mid-penn%2F65361026007%2F,0.0006926674754535682
zlib,nonmember,https://www.ydr.com/story/news/2022/04/01/lebanon-city-police-officer-lebo-shooting-timeline-travis-shaud/65347767007/,0.001621364670075118
zlib,nonmember,https://www.ydr.com/story/news/2022/07/27/former-superfund-site-in-hopewell-twp-could-be-reopened-as-landfill/65382901007/,0.0013388742034015472
zlib,nonmember,https://www.ydr.com/restricted/?return=https%3A%2F%2Fwww.ydr.com%2Fstory%2Fnews%2F2022%2F04%2F05%2Fnew-pizza-shop-opens-in-york-as-an-old-favorite-returns%2F65347318007%2F,0.0006025377332901966
zlib,nonmember,https://www.ydr.com/story/news/local/2022/08/31/united-steelworkers-union-gives-notice-of-strike-to-bae-systems-in-york/65464768007/,0.0017511010084977213
zlib,nonmember,https://www.ydr.com/story/news/2022/06/16/first-black-owned-gettysburg-the-keystone-inn-bed-breakfast/65354942007/,0.0011586342963387517
zlib,nonmember,https://www.ydr.com/story/news/traffic/2022/08/29/route-462-market-street-by-interstate-83-to-close-five-weeks-for-bridge-replacement/65417738007/,0.000995966338757069
zlib,nonmember,https://www.ydr.com/restricted/?return=https%3A%2F%2Fwww.ydr.com%2Fstory%2Fnews%2Flocal%2F2022%2F06%2F02%2Fconfidential-settlement-lawsuits-deaths-two-york-city-firefighters-ivan-flanscha-zachary-anthony%2F65357792007%2F,0.0004397623350195627
zlib,nonmember,https://www.ydr.com/story/money/business/2022/07/17/best-of-the-best-awards-to-honor-the-finest-of-york-county/65373475007/,0.0028992460209807066
zlib,nonmember,https://www.ydr.com/story/news/politics/elections/2022/07/06/pa-coronavirus-deaths-doug-mastriano-republican-governor-race-josh-shapiro/65367847007/,5.668270090329478e-05
zlib,nonmember,https://www.ydr.com/story/news/crime/2022/09/01/former-east-manchester-township-manager-gene-david-gentzler-kidnapping-sentenced-to-prison/65462077007/,0.0026486943364953043
zlib,nonmember,https://www.ydr.com/story/sports/college/2022/04/16/florida-falls-short-ncaa-gymnastics-title-trinity-thomas-scores-perfect-10-west-york/65350392007/,0.0016920407126507291
zlib,nonmember,https://www.ydr.com/story/opinion/2022/04/29/sen-mike-regan-legally-wrong-in-stand-against-after-school-club-satan/65352613007/,0.0010067031901706959
zlib,nonmember,https://www.ydr.com/restricted/?return=https%3A%2F%2Fwww.ydr.com%2Fstory%2Fnews%2F2022%2F05%2F04%2Fcomings-and-goings-popular-taco-place-returns-bar-and-grill-closes%2F65353557007%2F,0.0006025377332901966
zlib,nonmember,https://www.ydr.com/story/news/2022/06/13/york-state-fair-pa-toby-keith-tour-cancels-concert-july/65360563007/,0.0031465977493366284
zlib,nonmember,https://www.ydr.com/story/news/2022/06/14/chanceford-township-york-county-pa-teen-dies-from-injuries-in-crash-at-i-83-and-route-30-wellspan/65360665007/,0.003612763380201913
zlib,nonmember,https://www.ydr.com/story/news/local/2022/04/06/pennsylvania-state-police-settle-profiling-immigration-lawsuit/65348777007/,0.0009408324114053231
zlib,nonmember,https://www.ydr.com/story/life/food/2022/05/25/york-county-restaurants-guide-for-dining-outside-coffee-bakeries/65357297007/,0.0017210787290226706
zlib,nonmember,https://www.ydr.com/story/news/local/2022/08/15/william-goodridge-statue-is-first-in-york-to-honor-african-americans/65400442007/,0.0015065841487975477
zlib,nonmember,https://www.ydr.com/story/sports/high-school/baseball/2022/06/06/coastal-carolina-baseball-nick-parker-shut-out-east-carolina-ncaa-regional/65358918007/,0.0012491773322512451
zlib,nonmember,https://www.ydr.com/story/sports/high-school/2022/05/28/piaa-track-spring-groves-laila-campbell-claims-two-gold-medals-again/65357640007/,0.0007241171884727771
zlib,nonmember,https://www.ydr.com/story/news/2022/08/01/york-state-fair-2022-sees-sharp-attendance-drop-hot-weather-blamed/65388258007/,0.0015050241450508656
zlib,nonmember,https://www.ydr.com/restricted/?return=https%3A%2F%2Fwww.ydr.com%2Fstory%2Fnews%2Fwatchdog%2F2022%2F05%2F25%2Fman-pleads-guilty-third-degree-murder-deadly-interstate-83-crash%2F65357260007%2F,0.0006860881627720449
zlib,nonmember,https://www.ydr.com/story/life/2022/06/23/102-year-old-retired-teacher-shares-memories-at-susquehannock-high/65362172007/,0.0012172848077676725
zlib,nonmember,https://www.ydr.com/story/news/crime/2022/05/22/one-injured-in-shooting-at-walmart-in-newberry-township-york-county/65356844007/,0.0020670967950491503
zlib,nonmember,https://www.ydr.com/story/news/local/2022/07/06/york-county-pa-single-vehicle-crash-one-woman-killed-lower-chanceford-township/65367755007/,0.0025559930698640645
zlib,nonmember,https://www.ydr.com/story/news/local/2022/05/03/crown-act-would-bar-discrimination-of-race-based-hairstyles-in-york/65353530007/,0.0014809517749877594
zlib,nonmember,https://www.ydr.com/story/sports/high-school/baseball/2022/06/14/yaiaa-baseball-coaches-name-2022-league-all-stars-players-of-the-year/65360678007/,0.0008495336253038455
zlib,nonmember,https://www.ydr.com/story/news/crime/2022/06/06/york-woman-arrested-stole-car-with-toddler-inside/65358916007/,0.0017078989565640062
zlib,nonmember,https://www.ydr.com/story/news/2022/06/07/gas-prices-in-central-pa-surpass-5-a-gallon-at-some-stations/65359220007/,0.0009263172749540315
zlib,nonmember,https://www.ydr.com/story/news/history/gettysburg/2022/04/06/thaddeus-stevens-gets-a-statue-from-his-fan-club-in-gettysburg/65348341007/,0.0010622838302959705
zlib,nonmember,https://www.ydr.com/story/news/local/2022/06/03/pedal-4-peace-wavecrave365-operating-in-condemned-building-closed-for-now/65358672007/,0.0015575287124862404
zlib,nonmember,https://www.ydr.com/story/news/politics/2022/05/18/keith-gillespie-stan-saylor-lose-pa-house-seats-in-gop-primary/65355136007/,0.0007524252447246997
zlib,nonmember,https://www.ydr.com/in-depth/news/2022/05/24/saving-york-street-by-street-the-unsung-people-helping-our-hometown/65351134007/,0.0013488532182122945
zlib,nonmember,https://www.ydr.com/story/opinion/2022/04/21/opinion-legalizing-marijuana-in-pa-is-a-dangerous-idea/65351230007/,0.0020620089158730212
zlib,nonmember,https://www.ydr.com/story/sports/college/penn-state/football/2022/07/19/penn-state-football-parecruiting-surge-in-big-ten-london-montgomery/65372327007/,0.0012157651929050573
zlib,nonmember,https://www.ydr.com/restricted/?return=https%3A%2F%2Fwww.ydr.com%2Fstory%2Fnews%2Fwatchdog%2F2022%2F05%2F04%2Fnew-federal-guidance-juvenile-justice-reform-act-of-2018%2F65352687007%2F,0.0006025377332901966
zlib,nonmember,https://www.ydr.com/story/sports/high-school/2022/05/16/athletes-of-the-week-select-the-latest-yaiaa-winners/65355822007/,0.004238611815533584
zlib,nonmember,https://www.ydr.com/story/sports/high-school/2022/08/26/central-pa-football-scores-highlights-from-week-1-yaiaa-ll-league-mid-penn-conference/65420337007/,0.0058071057526415965
zlib,nonmember,https://www.ydr.com/story/opinion/2022/07/13/articles-of-confederation-crafters-sentenced-1st-constitution-to-short-life/65373089007/,0.0008898410235914179
zlib,nonmember,https://www.ydr.com/story/sports/high-school/2022/05/02/york-adams-athletes-select-this-weeks-top-performers-in-online-polls/65353164007/,0.004877910826048476
zlib,nonmember,https://www.ydr.com/story/news/2022/04/05/dillsburg-halal-meats-suspended-after-usda-observes-mishandling-of-lamb/65348320007/,0.0017587345015804851
zlib,nonmember,https://www.ydr.com/restricted/?return=https%3A%2F%2Fwww.ydr.com%2Fstory%2Fnews%2F2022%2F06%2F21%2Fdallastown-area-high-school-and-alumni-to-perform-mamma-mia-two-years-after-covid-shutdown%2F65360132007%2F,0.0006926674754535682
zlib,nonmember,https://www.ydr.com/story/news/crime/2022/04/18/york-city-struggles-for-answers-in-wake-of-continued-gun-violence/65347686007/,0.0010718579455265835
zlib,nonmember,https://www.ydr.com/story/news/local/2022/08/22/york-county-pa-history-center-construction-underway-site-from-first-power-station/65406643007/,0.002543530752435897
zlib,nonmember,https://www.ydr.com/story/life/2022/05/23/red-lion-senior-high-school-offers-student-run-cafe/65355189007/,0.0019242444506582354
zlib,nonmember,https://www.ydr.com/restricted/?return=https%3A%2F%2Fwww.ydr.com%2Fstory%2Fsports%2Fhigh-school%2F2022%2F05%2F17%2Fthe-district-3-playoffs-are-here-these-are-the-top-athletes-to-watch%2F65355261007%2F,0.0006025377332901966
zlib,nonmember,https://www.ydr.com/story/sports/high-school/football/2022/08/31/central-pa-high-school-football-scoreboard-results-from-week-2-yaiaa-ll-league-mid-penn-conference/65465990007/,0.004902227560243662
zlib,nonmember,https://www.ydr.com/story/news/local/2022/06/27/sheetz-lowers-some-gas-prices-in-pennsylvania-for-july-4th-holiday/65364124007/,0.001729119221931556
zlib,nonmember,https://www.ydr.com/story/money/companies/2022/09/12/refillism-store-in-york-boosts-access-to-eco-friendly-lifestyle/68221522007/,0.000900001772073199
zlib,nonmember,https://www.ydr.com/story/news/local/2022/04/04/dover-area-northern-york-county-pa-teen-dies-car-crash/65348254007/,0.0015236686526272974
zlib,nonmember,https://www.ydr.com/story/news/crime/2022/08/10/kimberly-metz-sentenced-in-willmar-santos-batista-fathers-day-york-murder/65394957007/,0.0014996663049702964
zlib,nonmember,https://www.ydr.com/story/sports/high-school/football/2022/09/16/central-pa-high-school-football-live-scoreboard-week-4-yaiaa-ll-league-mid-penn-conference/69496403007/,0.005123737955292114
zlib,nonmember,https://www.ydr.com/story/news/local/2022/08/04/tractor-crash-in-york-county-results-another-death-4-year-old-boy-jeffrey-ryan-fisher/65391877007/,0.002089113352979021
zlib,nonmember,https://www.ydr.com/story/news/2022/04/06/route-30-adams-county-crash-claims-the-life-of-york-haven-man/65348639007/,0.003869784531991243
zlib,nonmember,https://www.ydr.com/story/news/local/2022/04/21/york-county-judge-hears-argument-petition-seeking-disqualification-york-mayor-michael-helfrich/65351027007/,0.0009029592933711483
zlib,nonmember,https://www.ydr.com/restricted/?return=https%3A%2F%2Fwww.ydr.com%2Fstory%2Fnews%2F2022%2F06%2F09%2Fcomings-and-goings-downtown-york-gets-a-number-of-new-businesses%2F65359731007%2F,0.000634194866762856
zlib,nonmember,https://www.ydr.com/story/news/local/2022/08/24/live-band-members-and-bill-hynes-get-lawsuit-for-think-loud-studio-property/65404659007/,0.0010766034048252445
zlib,nonmember,https://www.ydr.com/story/news/2022/06/16/tornado-watch-issued-for-central-pennsylvania-national-weather-service/65361497007/,0.005373840322919597
zlib,nonmember,https://www.ydr.com/story/news/crime/2022/05/23/central-york-teacher-killed-in-murder-suicide-in-spring-garden-township/65357189007/,0.0019425302400883874
zlib,nonmember,https://www.ydr.com/story/news/2022/04/26/pennsylvanias-child-welfare-system-needs-to-be-reformed/65351885007/,0.0010730641272085272
zlib,nonmember,https://www.ydr.com/story/opinion/2022/09/06/question-for-pennsylvania-child-welfare-how-can-more-children-be-saved/65463989007/,0.0006159406649541289
zlib,nonmember,https://www.ydr.com/story/sports/high-school/2022/06/06/piaa-championships-first-round-results-from-baseball-softball-playoffs/65359199007/,0.0031456099135054785
zlib,nonmember,https://www.ydr.com/story/news/crime/2022/05/12/child-abuse-york-county-man-submerged-2-year-olds-hand-in-hot-water/65355049007/,0.00135304999919192
zlib,nonmember,https://www.ydr.com/story/sports/college/penn-state/football/2022/08/25/penn-state-football-nittany-lions-jiayir-brown-tig-big-ten/65399007007/,0.0009824794665704523
zlib,nonmember,https://www.ydr.com/story/news/local/2022/04/19/satanist-club-proposal-to-northern-york-county-school-district-board/65350967007/,0.0013396066766483447
zlib,nonmember,https://www.ydr.com/story/news/2022/05/25/why-you-will-pay-400-for-a-bushel-of-blue-crabs-summer-2022-in-pa/65357266007/,0.0006772966745933427
zlib,nonmember,https://www.ydr.com/story/news/2022/08/10/hershey-chocolate-enough-candy-halloween-but-it-will-cost-more/65395842007/,0.0016200566820587883
zlib,nonmember,https://www.ydr.com/story/news/2022/05/10/pa-gas-prices-rise-new-record-high-dwindling-supplies/65353817007/,0.0010455097462752586
zlib,nonmember,https://www.ydr.com/story/news/local/2022/06/27/hanover-area-may-soon-get-a-wawa-first-in-york-county-pa/65363962007/,0.0024042578399698393
zlib,nonmember,https://www.ydr.com/story/news/2022/06/14/saving-york-street-by-street-read-about-heroes-york-pa/65360879007/,0.0010290995949791381
zlib,nonmember,https://www.ydr.com/story/news/2022/08/10/after-yorkfest-was-canceled-again-local-artists-stepped-up-yorks-art-week/65396122007/,0.0021237591768344965
zlib,nonmember,https://www.ydr.com/story/sports/college/penn-state/football/2022/09/11/ncaa-college-football-penn-state-ohio-bobcats-nicholas-singleton-drew-allar/66789648007/,0.001159490375310589
zlib,nonmember,https://www.ydr.com/story/news/2022/05/05/voter-intimidation-delayed-primary-results-possible-pa-official-says/65353837007/,0.0017571354999070994
zlib,nonmember,https://www.ydr.com/story/news/local/2022/07/14/york-water-co-seeks-31-percent-rate-hike-puc-to-investigate/65373927007/,0.002042341251906606
zlib,nonmember,https://www.ydr.com/story/opinion/2022/04/18/this-war-is-partly-about-russian-vs-ukrainian-language/65350841007/,0.0011399248147305864
zlib,nonmember,https://www.ydr.com/story/news/crime/2022/05/26/man-sentenced-prison-aggravated-animal-cruelty-york-county/65356698007/,0.002364471397864971
zlib,nonmember,https://www.ydr.com/story/news/crime/2022/07/07/york-settles-with-officer-clayton-swartz-joking-george-floyd-murder/65368943007/,0.0012028748559307456
zlib,nonmember,https://www.ydr.com/story/sports/high-school/2022/05/18/yaiaa-tournament-winners-from-volleyball-baseball-softball/65355964007/,0.00409807590828572
zlib,nonmember,https://www.ydr.com/story/news/2022/04/14/pa-republican-jeff-bartos-is-running-for-u-s-senate-on-kitchen-table-issues/65348985007/,0.000652286746384235
zlib,nonmember,https://www.ydr.com/story/news/local/2022/07/05/central-pennsylvania-teen-opens-up-ice-cream-shop-with-unusual-flavors/65364068007/,0.0010823391039574404
zlib,nonmember,https://www.ydr.com/restricted/?return=https%3A%2F%2Fwww.ydr.com%2Fstory%2Fnews%2F2022%2F06%2F13%2Farchetype-pizza-in-downtown-york-to-open-june%2F65359889007%2F,0.000764796714708917
zlib,nonmember,https://www.ydr.com/story/news/local/2022/08/15/york-county-pa-man-dies-suspected-carbon-monoxide-poisoning-car-accidentally-left-running-garage/65403627007/,0.00493436919678112
zlib,nonmember,https://www.ydr.com/story/news/2022/05/10/meltdown-three-mile-island-airs-on-netflix/65353510007/,0.002364546963201253
zlib,nonmember,https://www.ydr.com/story/news/politics/2022/07/08/pa-lawmakers-agree-to-spend-billions-in-stimulus-money-in-budget/65369988007/,0.0008549733285995637
zlib,nonmember,https://www.ydr.com/story/sports/high-school/baseball/2022/06/13/piaa-baseball-everett-tops-delone-in-class-2a-semifinals/65360511007/,0.0011482265259371482
zlib,nonmember,https://www.ydr.com/story/sports/high-school/football/2022/08/23/yaiaa-football-2022-preview-here-are-the-games-to-watch/65409917007/,0.0008978622325503016
zlib,nonmember,https://www.ydr.com/story/sports/outdoors/2022/05/19/gifford-pinchot-state-park-offers-camping-boating-fishing-hiking/65355940007/,0.0009543924982321295
zlib,nonmember,https://www.ydr.com/story/news/2022/04/12/conor-lamb-senate-race-says-record-over-john-fetterman/65348890007/,0.0006088690256619265
zlib,nonmember,https://www.ydr.com/story/news/politics/2022/04/06/heres-how-charlie-gerow-is-standing-out-in-the-pa-gop-governor-race/65347892007/,0.0010570685981432797
zlib,nonmember,https://www.ydr.com/story/sports/high-school/basketball-boys/2022/05/07/susquehannocks-jalen-franklin-makes-class-5a-all-state-basketball-team/65354032007/,0.0007290139659238059
zlib,nonmember,https://www.ydr.com/story/news/2022/05/03/5-5-million-purchase-saves-mifflin-house-an-underground-railroad-site/65352510007/,0.0007780891066969784
zlib,nonmember,https://www.ydr.com/story/news/2022/09/12/pennsylvania-turnpike-why-millions-of-dollars-are-owed-in-unpaid-tolls/65384329007/,0.0006816836153876015
zlib,nonmember,https://www.ydr.com/restricted/?return=https%3A%2F%2Fwww.ydr.com%2Fstory%2Fnews%2Fwatchdog%2F2022%2F04%2F22%2Fdante-mullinix-billboard-blames-york-county-for-death-of-2-year-old%2F65351181007%2F,0.0006025377332901966
zlib,nonmember,https://www.ydr.com/story/news/2022/06/15/volunteer-fire-departments-struggle-to-recruit-worry-about-response-times/65353542007/,0.0015934395870375144
zlib,nonmember,https://www.ydr.com/story/news/2022/06/21/red-lion-man-dies-in-single-vehicle-crash-over-the-weekend-york-county/65362165007/,0.0035463207573087434
zlib,nonmember,https://www.ydr.com/story/news/crime/2022/05/11/medical-marijuana-is-a-schedule-1-controlled-substance-in-pa-court/65354517007/,0.0007409372701591158
zlib,nonmember,https://www.ydr.com/story/news/2022/06/16/local-fireworks-york-harrisburg-gettysburg-lancaster-pennsylvania/65358665007/,0.0007562388100558322
zlib,nonmember,https://www.ydr.com/story/news/2022/07/22/york-father-says-sesame-place-character-snubbed-his-black-daughter/65379052007/,0.0008568742773340431
zlib,nonmember,https://www.ydr.com/story/news/crime/2022/05/13/teen-pleads-guilty-third-degree-murder-prison-accomplice-deadly-shooting-york/65354698007/,0.0015532905594942924
zlib,nonmember,https://www.ydr.com/story/opinion/2022/05/27/how-we-can-solve-pas-behavioral-health-care-crisis/65357753007/,0.0013271800464105372
zlib,nonmember,https://www.ydr.com/story/news/crime/2022/05/26/york-city-police-pa-investigating-a-homicide-involving-possible-trespasser/65357571007/,0.0020898085917536438
zlib,nonmember,https://www.ydr.com/story/news/crime/2022/08/18/york-area-man-charged-killing-man-dumping-body-lancaster-county/65408859007/,0.002935232378222793
zlib,nonmember,https://www.ydr.com/restricted/?return=https%3A%2F%2Fwww.ydr.com%2Fin-depth%2Fnews%2F2022%2F06%2F13%2Fpolitics-york-county-most-influential-government-reoublican-democrat%2F65351421007%2F,0.000764796714708917
zlib,nonmember,https://www.ydr.com/story/sports/high-school/football/2022/08/15/pa-high-school-football-2022-york-adams-league-team-by-team-previews-players-to-watch/65403160007/,0.0015408888433480808
zlib,nonmember,https://www.ydr.com/story/news/crime/2022/09/08/man-stabs-random-customer-at-walmart-in-york-county-to-return-to-jail-police-say/65742433007/,0.0023276258308393707
zlib,nonmember,https://www.ydr.com/story/news/politics/elections/2022/07/08/scott-perry-congress-pa-republican-refuses-testimony-pardon/65369434007/,0.0023857027629541317
zlib,nonmember,https://www.ydr.com/story/news/politics/2022/04/21/tracking-campaign-updates-in-pennsylvanias-senate-and-governor-races/65350855007/,0.0007056552010883971
zlib,nonmember,https://www.ydr.com/story/sports/high-school/baseball/2022/04/19/dallastown-baseball-coach-greg-kinneman-reaches-100-career-wins/65350766007/,0.0009364360028578619
zlib,nonmember,https://www.ydr.com/restricted/?return=https%3A%2F%2Fwww.ydr.com%2Fin-depth%2Fnews%2F2022%2F05%2F24%2Fyork-pa-northeast-neighborhood-2-women-do-what-they-can-to-help-saving-york-street-by-street%2F65351426007%2F,0.0006860881627720449
zlib,nonmember,https://www.ydr.com/story/news/local/2022/08/24/interstate-83-closed-after-truck-strikes-queen-street-overpass-again/65418552007/,0.0028097746660474513
zlib,nonmember,https://www.ydr.com/restricted/?return=https%3A%2F%2Fwww.ydr.com%2Fstory%2Fnews%2F2022%2F05%2F25%2Frestaurant-inspections-seven-out-of-compliance%2F65355268007%2F,0.0006860881627720449
zlib,nonmember,https://www.ydr.com/story/news/2022/08/10/rep-scott-perry-republican-york-county-pa-fbi-agents-seized-cellphone/65398266007/,0.00014494857174953318
zlib,nonmember,https://www.ydr.com/story/opinion/2022/06/15/bidens-border-failure-creates-national-security-humanitarian-crisis/65361133007/,0.0010957111821346451
zlib,nonmember,https://www.ydr.com/story/opinion/2022/05/18/give-mother-of-red-lion-catherine-meyer-due-recognition/65356449007/,0.0010332409368872392
zlib,nonmember,https://www.ydr.com/story/news/local/2022/04/08/central-york-students-testify-before-congress-on-national-book-bans/65348834007/,0.0022753761756517314
zlib,nonmember,https://www.ydr.com/story/life/2022/08/29/silverberry-soaps-central-pa-student-starts-own-business/65417685007/,0.0014364768383297267
zlib,nonmember,https://www.ydr.com/story/opinion/2022/05/31/tropical-storm-agnes-50-years-ago-like-something-out-of-the-bible/65358222007/,0.000791220637197974
zlib,nonmember,https://www.ydr.com/story/opinion/2022/08/19/by-2060-yorks-summer-temps-will-be-like-nashvilles-opinion/65410717007/,0.0013057302231159309
zlib,nonmember,https://www.ydr.com/story/sports/college/penn-state/football/2022/06/01/penn-state-football-white-out-game-against-minnesota-not-ohio-state/65358413007/,0.0021436698379696927
zlib,nonmember,https://www.ydr.com/story/news/local/2022/08/03/national-night-out-in-york-is-a-time-to-focus-on-how-to-stop-violence/65389933007/,0.002064870826777654
zlib,nonmember,https://www.ydr.com/story/sports/high-school/2022/05/09/yaiaa-tournaments-which-teams-will-be-competing-for-championships/65354533007/,0.0014038183687604903
zlib,nonmember,https://www.ydr.com/story/sports/high-school/2022/07/05/select-gametimepas-yaiaa-athletes-of-the-year-for-2021-22/65365394007/,0.00222839088247611
zlib,nonmember,https://www.ydr.com/story/sports/outdoors/2022/05/19/many-options-to-consider-when-picking-purchasing-a-kayak-recreational-touring-fishing-paddles/65355833007/,0.000572350257672727
zlib,nonmember,https://www.ydr.com/story/news/crime/2022/05/18/man-pleads-guilty-aggravated-assault-accomplice-murder-dover-area-high-school-senior-emily-shoemaker/65355302007/,0.0012338551306358436
zlib,nonmember,https://www.ydr.com/story/sports/high-school/football/2022/07/20/spring-grove-footballs-andrew-osmun-commits-to-fordham-university/65378458007/,0.0007752979857358134
zlib,nonmember,https://www.ydr.com/restricted/?return=https%3A%2F%2Fwww.ydr.com%2Fstory%2Fnews%2F2022%2F05%2F10%2Fwestinghouse-atom-smasher-rots-away-in-a-pennsylvania-neighborhood%2F65352649007%2F,0.0006025377332901966
zlib,nonmember,https://www.ydr.com/restricted/?return=https%3A%2F%2Fwww.ydr.com%2Fstory%2Fnews%2Fwatchdog%2F2022%2F04%2F26%2Fjudge-rejects-invasion-of-privacy-claim-york-city-police-officer-clayton-swartz%2F65351520007%2F,0.0014019753793135855
zlib,nonmember,https://www.ydr.com/story/news/local/2022/04/05/jk-salvage-explosion-attracts-fire-department-and-scares-residents/65348532007/,0.0020470982169553437
zlib,nonmember,https://www.ydr.com/story/news/2022/05/06/man-dies-two-vehicle-crash-chanceford-township-york-county-pa/65353951007/,0.002123288183450039
zlib,nonmember,https://www.ydr.com/restricted/?return=https%3A%2F%2Fwww.ydr.com%2Fstory%2Fnews%2Fcrime%2F2022%2F04%2F04%2Faaron-miller-on-trial-for-vehicular-manslaughter%2F65348325007%2F,0.0006025377332901966
zlib,nonmember,https://www.ydr.com/story/news/2022/05/07/give-local-york-raises-4-1-million-for-local-nonprofits/65353553007/,0.002346062341147011
zlib,nonmember,https://www.ydr.com/story/news/crime/2022/07/29/joe-fitzpatrick-released-low-bail-in-atv-case-involving-wifes-death/65385352007/,0.002224262159026849
zlib,nonmember,https://www.ydr.com/story/sports/high-school/2022/05/17/district-3-tournaments-scores-schedule-for-boys-girls-championships/65355972007/,0.001553790942540442
zlib,nonmember,https://www.ydr.com/story/news/crime/2022/06/15/pa-superior-court-prevents-one-dollar-bail-for-man-in-atv-murder-trial/65359895007/,0.0016655526783128552
zlib,nonmember,https://www.ydr.com/story/sports/college/penn-state/football/2022/07/20/penn-state-football-quarterback-sean-clifford-linebacker-curtis-jacobs-big-ten-stars/65372841007/,0.0011139623751520466
zlib,nonmember,https://www.ydr.com/story/sports/college/penn-state/football/2022/09/18/penn-state-football-sean-clifford-nick-singleton-auburn-big-ten/69494944007/,0.0012921469207552618
zlib,nonmember,https://www.ydr.com/story/news/crime/2022/04/18/two-found-dead-red-lion-york-county-pa-murder-suicide-easter-morning/65350459007/,0.0035495909292869864
zlib,nonmember,https://www.ydr.com/story/news/crime/2022/04/04/split-verdict-trial-attempted-murder-shooting-north-codorus-township-york-county/65346449007/,0.0006760152806168638
zlib,nonmember,https://www.ydr.com/restricted/?return=https%3A%2F%2Fwww.ydr.com%2Fstory%2Fsports%2Fhigh-school%2F2022%2F06%2F23%2Fyaiaa-2021-2022-top-sports-high-schools-in-york-adams-league-dallastown-central-york-pa-dallastown%2F65362250007%2F,0.000764796714708917
zlib,nonmember,https://www.ydr.com/story/news/politics/elections/2022/08/30/eight-more-republicans-just-endorsed-josh-shapiro-over-doug-mastriano/65458907007/,0.0016469437209236432
zlib,nonmember,https://www.ydr.com/story/sports/college/2022/04/15/ncaa-gymnastics-perfect-score-gives-floridas-thomas-3-national-titles/65350064007/,0.002466793474841798
zlib,nonmember,https://www.ydr.com/story/news/2022/05/20/tornado-watch-issued-for-central-pa/65356692007/,0.003357204020571717
zlib,nonmember,https://www.ydr.com/story/news/local/2022/07/08/jerry-reynolds-airville-body-found-holtwood-pa-death-lancaster-county/65369407007/,0.003632407826258279
zlib,nonmember,https://www.ydr.com/story/sports/high-school/football/2022/06/07/pitt-football-dallastowns-kenny-johnson-verbally-commits-to-panthers/65359210007/,0.0006444690821392064
zlib,nonmember,https://www.ydr.com/story/news/2022/08/02/snow-ice-storms-bound-for-pennsylvania-farmers-almanac-winter-forecast/65389109007/,0.0029517364689144697
zlib,nonmember,https://www.ydr.com/story/news/crime/2022/04/01/man-found-guilty-involuntary-manslaughter-not-guilty-murder-deadly-shooting-york/65346416007/,0.0018772822983238364
zlib,nonmember,https://www.ydr.com/restricted/?return=https%3A%2F%2Fwww.ydr.com%2Fstory%2Fnews%2F2022%2F04%2F22%2Fcomings-and-goings-eco-friendly-store-opens-in-york-coffee-shop-closes%2F65351060007%2F,0.0006025377332901966
zlib,nonmember,https://www.ydr.com/story/sports/high-school/football/2022/04/12/spring-grove-area-high-school-will-thompson-hired-as-football-coach-francis-scott-key/65349834007/,0.0010567279731766928
zlib,nonmember,https://www.ydr.com/story/sports/high-school/softball/2022/06/13/yaiaa-softball-coaches-name-2022-league-all-stars-players-of-the-year/65360527007/,0.0010699371656374707
zlib,nonmember,https://www.ydr.com/story/opinion/2022/04/22/york-naacp-area-schools-not-doing-enough-about-rise-of-racial-prejudice/65351389007/,0.002141825911437893
zlib,nonmember,https://www.ydr.com/story/news/crime/2022/06/21/york-man-dies-in-weekend-shooting-police-charge-brother-with-homicide/65362149007/,0.0013058907555092696
zlib,nonmember,https://www.ydr.com/story/sports/college/penn-state/football/2022/08/29/penn-state-football-james-franklin-big-ten-vs-purdue-sean-clifford/65407825007/,0.0011698574698369188
zlib,nonmember,https://www.ydr.com/story/news/crime/2022/08/18/pennsylvania-state-trooper-driving-under-influence-central-pa/65409961007/,0.003761983957859911
zlib,nonmember,https://www.ydr.com/story/sports/high-school/wrestling/2022/06/28/spring-grove-high-school-officially-starts-girls-wrestling-team/65364409007/,0.0008100319157174651
zlib,nonmember,https://www.ydr.com/restricted/?return=https%3A%2F%2Fwww.ydr.com%2Fin-depth%2Fnews%2F2022%2F06%2F14%2Fmike-smith-and-his-temple-guard-give-york-pa-youths-positive-path%2F6596906001%2F,0.000764796714708917
zlib,nonmember,https://www.ydr.com/story/sports/high-school/baseball/2022/05/26/district-3-baseball-scores-results-from-postseason-tournaments/65357551007/,0.0013170557047713352
zlib,nonmember,https://www.ydr.com/story/opinion/2022/07/04/the-american-is-great-vision-vs-the-revolutionary-vision/65364730007/,0.00124804066184079
zlib,nonmember,https://www.ydr.com/story/sports/high-school/basketball-boys/2022/07/06/florida-basketball-perkiomens-new-oxford-tommy-haugh-makes-commitment/65367304007/,0.0005699286758353937
zlib,nonmember,https://www.ydr.com/story/news/2022/08/08/back-to-school-dates-updates-at-york-county-school-districts-education/65386876007/,0.0011618871532134937
zlib,nonmember,https://www.ydr.com/story/news/2022/04/07/york-county-food-bank-is-moving-its-operations-out-of-the-former-kmart-store/65348695007/,0.0024562963887440684
zlib,nonmember,https://www.ydr.com/story/news/2022/07/01/white-clover-farm-stand-in-hellam-spurred-by-pandemic-food-supply-issues/65347398007/,0.001142743574146997
zlib,nonmember,https://www.ydr.com/story/news/crime/2022/08/01/york-city-police-investigating-15th-homicide-2022/65388869007/,0.002375581126296549
zlib,nonmember,https://www.ydr.com/story/news/crime/2022/05/06/york-police-man-shot-killed-friday-south-pine-street/65354059007/,0.0020975416152553506
zlib,nonmember,https://www.ydr.com/story/news/2022/07/25/gettysburg-national-military-parks-little-roundtop-to-close-for-18-months-devils-den-construction-pa/65376312007/,0.001714027876437645
zlib,nonmember,https://www.ydr.com/story/opinion/2022/06/29/the-american-is-great-vision-vs-the-revolutionary-vision/65364730007/,0.00124804066184079
zlib,nonmember,https://www.ydr.com/story/news/watchdog/2022/04/29/insurance-fraud-york-county-woman-faked-death-in-ukraine-cops-say/65352546007/,0.0008730624622073064
zlib,nonmember,https://www.ydr.com/story/sports/high-school/basketball-girls/2022/04/28/three-yaiaa-girls-basketball-players-named-to-piaa-all-state-teams/65352253007/,0.0006105169874199858
zlib,nonmember,https://www.ydr.com/story/sports/high-school/track/2022/05/21/district-3-track-and-field/65356540007/,0.0005267892806370443
zlib,nonmember,https://www.ydr.com/story/news/2022/06/27/woman-dies-three-vehicle-crash-hanover-pa/65363667007/,0.0024645486728317135
zlib,nonmember,https://www.ydr.com/story/sports/college/penn-state/football/2022/04/30/nfl-draft-bears-take-penn-states-jaquan-brisker-in-second-round/65352177007/,0.0021507968489137305
zlib,nonmember,https://www.ydr.com/story/news/politics/elections/2022/06/23/testimony-rep-scott-perry-pardon-from-donald-trump-election-pennsylvania/65363103007/,0.0009733850601746933
zlib,nonmember,https://www.ydr.com/story/news/local/2022/07/12/severe-thunderstorms-forecast-in-central-pennsylvania-tuesday/65372125007/,0.004606457945693907
zlib,nonmember,https://www.ydr.com/story/news/2022/07/28/steve-miller-band-cancels-york-fair-show-because-of-positive-covid-test/65385293007/,0.00294891367872566
zlib,nonmember,https://www.ydr.com/story/news/politics/2022/04/20/pa-governor-race-2022-gop-candidates-debate-in-gettysburg/65350851007/,0.0006393533059904882
zlib,nonmember,https://www.ydr.com/story/opinion/2022/09/16/both-pa-candidates-for-governor-agree-on-school-choice/69498441007/,0.0013629110848964489
zlib,nonmember,https://www.ydr.com/story/news/local/community/2022/06/10/rainbow-rose-center-hosts-york-county-pride-at-cousler-park/65360038007/,0.0018763271489996758
zlib,nonmember,https://www.ydr.com/in-depth/news/politics/elections/2022/08/23/voter-fraud-is-rare-in-pennsylvania-but-allegations-flew-after-2020/65376026007/,0.0010701664298719928
zlib,nonmember,https://www.ydr.com/story/news/crime/2022/06/27/york-city-police-investigates-homicide-after-man-dies-ot-op/65363658007/,0.0016553078772640743
zlib,nonmember,https://www.ydr.com/story/sports/high-school/2022/06/13/pa-lawmakers-some-say-girls-cant-compete-against-biological-boys/65359859007/,0.000429287190686285
zlib,nonmember,https://www.ydr.com/story/news/politics/elections/2022/06/23/pa-house-speaker-bryan-cutler-details-2020-pressure-campaign/65362478007/,0.002121819796423489
zlib,nonmember,https://www.ydr.com/story/news/local/2022/07/27/man-dies-forklift-accident-at-jk-salvage-spring-garden-township/65384163007/,0.0024210782228675453
zlib,nonmember,https://www.ydr.com/story/sports/high-school/football/2022/04/13/york-high-quarterback-sam-stoner-gets-division-i-offers-st-francis-towson/65349927007/,0.0006842296527784952
zlib,nonmember,https://www.ydr.com/story/news/2022/04/19/check-out-10-unusual-wedding-venues-in-central-pennsylvania/65349484007/,0.0007335493745601238
zlib,nonmember,https://www.ydr.com/story/news/politics/elections/2022/06/16/yorkers-react-to-rep-scott-perrys-refusal-to-cooperate-with-jan-6-panel/65359564007/,0.0010068029604112085
zlib,nonmember,https://www.ydr.com/restricted/?return=https%3A%2F%2Fwww.ydr.com%2Fstory%2Fnews%2Fcrime%2F2022%2F04%2F06%2Fmistrial-declared-in-case-of-construction-worker-hit-killed-by-driver%2F65348679007%2F,0.0006025377332901966
zlib,nonmember,https://www.ydr.com/story/news/2022/05/31/man-dies-suspected-drowning-susquehanna-river-york-pa-memorial-day/65358177007/,0.0028063085564762977
zlib,nonmember,https://www.ydr.com/story/news/local/2022/05/18/yorktowne-hotel-rooftop-dining-construction-facade-update/65354723007/,0.0022917218376051493
zlib,nonmember,https://www.ydr.com/story/news/watchdog/2022/04/25/teen-alleges-sexual-abuse-against-ex-york-city-police-officer/65351893007/,0.0013016710769545188
zlib,nonmember,https://www.ydr.com/story/news/crime/2022/04/28/judge-grants-delay-trial-man-charged-first-degree-murder-dante-mullinix-york/65352473007/,0.0015620209205191296
zlib,nonmember,https://www.ydr.com/story/sports/college/2022/06/28/ncaa-gymnastics-trinity-thomas-returning-for-fifth-season-at-florida/65364355007/,0.001808927649306294
zlib,nonmember,https://www.ydr.com/story/news/local/2022/07/06/martin-library-6-million-renovation-completed-in-downtown-york/65367399007/,0.0021454838648573005
zlib,nonmember,https://www.ydr.com/story/news/politics/2022/04/05/heres-why-democrat-john-fetterman-is-touring-in-red-pa-counties/65347627007/,0.0010013455667737207
zlib,nonmember,https://www.ydr.com/story/news/2022/04/06/stray-goldendoodle-becomes-new-york-revolution-team-dog/65348529007/,0.0024738262188247
zlib,nonmember,https://www.ydr.com/restricted/?return=https%3A%2F%2Fwww.ydr.com%2Fstory%2Fsports%2Foutdoors%2F2022%2F05%2F19%2Fmom-appalachian-trail-addiction-jon-mundis-overdose-awareness%2F65352265007%2F,0.0006025377332901966
zlib,nonmember,https://www.ydr.com/story/news/politics/2022/06/30/pennsylvanias-new-fiscal-year-will-begin-without-a-state-budget/65365334007/,0.00029763327476621683
zlib,nonmember,https://www.ydr.com/story/news/2022/04/25/man-dies-after-falling-into-the-codorus-creek-in-york-fire-chief-says/65351925007/,0.0028372001262522953
zlib,nonmember,https://www.ydr.com/story/news/2022/05/30/gda-covid-19-state-2022-05-30-pa-ppyr/65358091007/,0.0002560604298247048
zlib,nonmember,https://www.ydr.com/story/news/2022/06/20/a-new-apprenticeship-for-young-artists-is-coming-to-york/65361188007/,0.0014567370091333976
zlib,nonmember,https://www.ydr.com/story/news/local/2022/07/26/york-pa-residents-share-surveillance-cam-footage-of-shaheim-carr-murder-with-police/65378104007/,0.0013541801692399285
zlib,nonmember,https://www.ydr.com/story/news/local/2022/05/16/see-major-updates-martin-library-york-before-july-grand-opening-teen-space/65354512007/,0.0016171765639534546
zlib,nonmember,https://www.ydr.com/story/news/education/2022/08/29/satanism-event-fundraiser-york-county-pa-after-school-satan-club/65457233007/,0.0014473551870898469
zlib,nonmember,https://www.ydr.com/story/news/2022/08/04/best-of-the-best-awards-holds-first-gala-honors-york-county-businesses/65391182007/,0.0006356726665960673
zlib,nonmember,https://www.ydr.com/story/opinion/2022/08/17/come-take-a-seat-in-york-pa-with-the-accomplished-william-c-goodridge/65407358007/,0.0009476648403010559
zlib,nonmember,https://www.ydr.com/story/news/local/2022/04/11/lawsuit-york-mayor-michael-helfrich-oath-of-office/65349492007/,0.0012360570023987039
zlib,nonmember,https://www.ydr.com/story/news/2022/06/15/dover-solar-farm-approved-in-25-minutes/65361179007/,0.0015416098941008292
zlib,nonmember,https://www.ydr.com/story/news/local/2022/07/27/hope-fest-returns-to-york-with-hoops-tourney-gas-card-giveaway/65382794007/,0.0020345728154842068
zlib,nonmember,https://www.ydr.com/story/sports/high-school/lacrosse-boys/2022/05/14/central-york-boys-york-catholic-girls-lacrosse-teams-earn-yaiaa-titles/65355281007/,0.0006517161867619496
zlib,nonmember,https://www.ydr.com/story/news/crime/2022/07/06/york-city-police-investigating-14th-homicide-tying-last-years-total/65368039007/,0.004184593251515388
zlib,nonmember,https://www.ydr.com/story/news/history/2022/04/05/artist-makes-connections-to-chip-away-at-wall-between-york-and-hanover/65348433007/,0.0007654765353536859
zlib,nonmember,https://www.ydr.com/story/sports/high-school/track/2022/05/14/piaa-track-and-field-laila-campbell-sets-blistering-league-mark-in-100/65355100007/,0.0003479480117502286
zlib,nonmember,https://www.ydr.com/story/news/local/2022/08/25/interstate-83-reopen-after-queen-street-overpass-struck-exit-16-york/65420277007/,0.0022890089966315927
zlib,nonmember,https://www.ydr.com/story/news/local/2022/04/21/sixth-dover-solar-meeting-brings-new-witness-and-hopeful-decision-date/65351113007/,0.0012504205064372159
zlib,nonmember,https://www.ydr.com/story/sports/high-school/2022/05/19/susquehannock-delone-catholic-basketball-earns-sportsmanship-scholarships/65356510007/,0.001617004111959147
zlib,nonmember,https://www.ydr.com/story/sports/college/penn-state/football/2022/08/12/penn-state-football-big-ten-quarterback-jaxon-smolik-james-franklin/65402058007/,0.0013074302673091915
zlib,nonmember,https://www.ydr.com/restricted/?return=https%3A%2F%2Fwww.ydr.com%2Fstory%2Fnews%2Fcrime%2F2022%2F04%2F01%2Fman-testifies-own-defense-attempted-murder-trial-shooting-north-codorous-township-york-county%2F65347533007%2F,0.0006025377332901966
zlib,nonmember,https://www.ydr.com/story/news/2022/04/21/david-mccormick-pa-senate-candidate-making-strides-in-gop-primary/65348988007/,0.0007654194631542148
zlib,nonmember,https://www.ydr.com/story/money/2022/08/31/unemployment-reaches-pre-pandemic-levels-but-consumers-are-more-pessimistic-than-ever/65419897007/,0.0006146583091354266
zlib,nonmember,https://www.ydr.com/story/sports/high-school/football/2022/09/10/central-pa-high-school-football-scoreboard-yaiaa-scores-week-3-results-highlights-york-high-carlisle/66852753007/,0.0005337478090055882
zlib,nonmember,https://www.ydr.com/story/news/2022/07/25/peach-bottom-township-pa-man-dies-in-skid-loader-accident/65381471007/,0.00504053739185909
zlib,nonmember,https://www.ydr.com/story/news/politics/2022/09/12/pa-activists-demand-united-states-house-ethics-investigation-of-rep-scott-perry/66891225007/,0.0012387113719649454
zlib,nonmember,https://www.ydr.com/story/sports/college/penn-state/football/2022/08/31/penn-state-football-college-football-big-ten-purdue-james-franklin/65462642007/,0.0007060627667029747
zlib,nonmember,https://www.ydr.com/story/sports/high-school/basketball-boys/2022/07/20/york-countys-kent-olewiler-makes-new-mexico-state-basketball-roster-yaiaa-central-york/65371201007/,0.0005616762207810847
zlib,nonmember,https://www.ydr.com/story/news/2022/07/01/deadly-crash-near-east-berlin-has-claimed-the-life-of-a-fourth-person-coroner-says/65365902007/,0.002980127792025743
zlib,nonmember,https://www.ydr.com/story/news/2022/06/15/man-drowns-while-swimming-codorus-state-park-lake-york-pa-coroner-says/65361080007/,0.002642128379962943
zlib,nonmember,https://www.ydr.com/story/sports/high-school/2022/06/22/what-will-the-yaiaa-look-like-with-22-teams-here-are-the-new-divisions/65362221007/,0.0006642184011132929
zlib,nonmember,https://www.ydr.com/story/news/local/2022/08/22/route-30-crash-west-manchester-township-pa-man-dead/65413093007/,0.0035289764978184745
zlib,nonmember,https://www.ydr.com/story/opinion/2022/09/12/york-day-nursery-turning-90-this-year/69486679007/,0.0009912564844744111
zlib,nonmember,https://www.ydr.com/story/opinion/2022/06/28/what-would-you-have-done-if-a-freedom-seeker-had-knocked-on-your-door/65364541007/,0.0008261293947430932
zlib,nonmember,https://www.ydr.com/story/news/2022/04/27/keystone-kidspace-now-open-in-109-year-old-armory/65350228007/,0.0011334273922351916
zlib,nonmember,https://www.ydr.com/story/news/politics/2022/05/10/republican-challengers-vying-to-unseat-saylor-gillespie-and-klunk/65354567007/,0.0008200375426041929
zlib,nonmember,https://www.ydr.com/story/news/crime/2022/04/28/man-pleads-guilty-animal-cruelty-probation-york-county/65352476007/,0.001998203046896463
zlib,nonmember,https://www.ydr.com/story/news/crime/2022/06/09/dasean-morris-sentenced-in-york-murder-of-kyle-hagenbuch-thunderguards-motorcyles/65359290007/,0.002548040442061563
zlib,nonmember,https://www.ydr.com/story/sports/college/penn-state/football/2022/09/02/penn-state-football-purdue-big-ten-james-franklin-sean-clifford/65465704007/,0.0018214608058806858
zlib,nonmember,https://www.ydr.com/story/news/2022/08/23/5-year-old-girl-woman-fatally-stabbed-at-home-southern-york-county-pa/65414954007/,0.0014173365116008179
zlib,nonmember,https://www.ydr.com/story/news/crime/2022/05/20/u-s-marshals-arrest-york-man-in-fatal-shooting-of-selvin-mcewan/65356641007/,0.0015411011336413356
zlib,nonmember,https://www.ydr.com/story/sports/high-school/lacrosse-girls/2022/04/26/how-these-best-friends-are-driving-york-catholic-lacrosses-title-hopes/65351446007/,0.000817363733348584
zlib,nonmember,https://www.ydr.com/story/opinion/2022/08/09/big-york-county-birthdays-on-horizon/65396977007/,0.0009263336509244621
zlib,nonmember,https://www.ydr.com/story/sports/outdoors/2022/08/13/catawissa-recreation-area-off-road-atv-use-riding-created-by-pa-dcnr-paragon-adventure-park/65402298007/,0.0010471953489209604
zlib,nonmember,https://www.ydr.com/story/news/2022/06/14/volunteer-fire-departments-struggle-to-recruit-worry-about-response-times/65353542007/,0.0015934395870375144
zlib,nonmember,https://www.ydr.com/story/news/2022/06/02/delma-rivera-lytle-york-vying-for-ms-senior-pa-america/65358261007/,0.001676614950033621
zlib,nonmember,https://www.ydr.com/story/sports/high-school/lacrosse-boys/2022/06/01/piaa-lacrosse-schedule-results-from-state-championships/65358281007/,0.0016658953979874834
zlib,nonmember,https://www.ydr.com/story/news/2022/06/21/two-men-from-southwestern-york-county-die-in-maryland-crash/65362339007/,0.003807514431452692
zlib,nonmember,https://www.ydr.com/story/news/politics/elections/2022/05/13/two-democrats-seek-party-nomination-in-10th-congressional-district/65355137007/,0.0013101168672840153
zlib,nonmember,https://www.ydr.com/story/news/crime/2022/04/18/teen-in-fatal-shooting-of-york-high-william-penn-high-school-student-malaki-beady-to-stand-trial/65350077007/,0.0015416019309478614
zlib,nonmember,https://www.ydr.com/story/sports/college/penn-state/football/2022/09/13/penn-state-football-big-ten-james-franklin-auburn-tigers-sec/69487321007/,0.0014995454170441457
zlib,nonmember,https://www.ydr.com/story/news/local/2022/04/18/puc-approves-sale-of-york-water-company-to-private-business-pawc/65350202007/,0.0016195675626478033
zlib,nonmember,https://www.ydr.com/story/sports/2022/07/11/american-ninja-warrior-2022-cf-branden-williams-new-oxford/65362232007/,0.0005459403683929844
zlib,nonmember,https://www.ydr.com/story/opinion/2022/05/11/pas-low-producing-wells-are-leaking-methane/65353721007/,0.0011908222113378437
zlib,nonmember,https://www.ydr.com/story/sports/college/penn-state/football/2022/09/14/penn-state-college-football-big-ten-auburn-tigers-in-sec/69487422007/,0.0008269373871968162
zlib,nonmember,https://www.ydr.com/story/opinion/2022/04/27/kreutz-creek-librarys-former-building-gains-new-life/65352254007/,0.0009271938669063309
zlib,nonmember,https://www.ydr.com/story/news/local/2022/06/27/lake-williams-dam-excavation-under-way-york-empty-lake-bed-turns-green/65362846007/,0.002575208176001055
zlib,nonmember,https://www.ydr.com/story/sports/high-school/2022/04/04/select-gametimepa-yaiaa-athletes-of-the-week-for-march-25-to-april-2/65348290007/,0.0043797228130974765
zlib,nonmember,https://www.ydr.com/story/news/2022/04/18/bill-mcswain-running-for-pa-governor-2022-primary-election/65348986007/,0.0006399409926718826
zlib,nonmember,https://www.ydr.com/story/news/2022/08/22/york-pa-bans-washing-cars-in-driveways-or-on-streets/65410788007/,0.0013131911907467702
zlib,nonmember,https://www.ydr.com/story/sports/college/2022/04/01/trinity-thomas-leads-florida-into-regional-final-with-pair-of-10s-gymnastics-ncaa/65347723007/,0.002449952541503945
zlib,nonmember,https://www.ydr.com/story/sports/high-school/2022/04/11/select-gametimepa-yaiaa-athletes-of-the-week-for-april-4-to-april-9/65349464007/,0.003686475526168625
zlib,nonmember,https://www.ydr.com/story/news/local/2022/08/30/old-farmers-almanac-predicts-snowy-cold-winter-for-central-pennsylvania/65461359007/,0.001777271613371467
zlib,nonmember,https://www.ydr.com/story/sports/college/penn-state/2022/05/10/nfl-penn-state-nittany-lions-football-walk-on-drew-hartlaub-to-carolina-panthers/65353082007/,0.0008655928957197172
zlib,nonmember,https://www.ydr.com/story/news/local/2022/04/20/after-school-satan-club-denied-northern-york-school-board-joy-el-christian-club/65351019007/,0.0018204032131634929
zlib,nonmember,https://www.ydr.com/restricted/?return=https%3A%2F%2Fwww.ydr.com%2Fin-depth%2Fnews%2F2022%2F06%2F13%2Farts-entertainment-york-county-most-influential-people%2F65351410007%2F,0.000764796714708917
zlib,nonmember,https://www.ydr.com/story/opinion/2022/06/07/agnes-left-behind-mud-dead-rats-old-tires-and-all-kinds-of-trash/65359554007/,0.0006216213648066867
zlib,nonmember,https://www.ydr.com/story/news/local/2022/08/22/gifford-pinchot-state-park-suspends-water-activities-in-the-lake/65413407007/,0.0034034016809637523
zlib,nonmember,https://www.ydr.com/story/news/politics/blogs/ydr-politics/2022/08/16/12-things-to-know-about-u-s-rep-scott-perry-a-focus-of-jan-6-probe/65398484007/,0.0006989400843020284
zlib,nonmember,https://www.ydr.com/story/sports/college/penn-state/football/2022/09/02/penn-state-football-sean-clifford-joey-porter-purdue-james-franklin-drew-allar/65465541007/,0.0012902516541030032
zlib,nonmember,https://www.ydr.com/story/news/crime/2022/09/08/virginia-hayden-sentenced-for-husband-thomas-hayden-death-remains-found-in-foodsaver-bag/65466365007/,0.0016116224456538088
zlib,nonmember,https://www.ydr.com/story/news/2022/06/06/york-county-prison-trainer-joseph-garcia-testified-in-cv-case/65358870007/,0.0009792423146212338
zlib,nonmember,https://www.ydr.com/restricted/?return=https%3A%2F%2Fwww.ydr.com%2Fstory%2Fnews%2Fwatchdog%2F2022%2F05%2F18%2Fson-louis-appell-jr-initiates-civil-rico-case-limited-liability-company-owns-old-mesto-corp-building%2F65355293007%2F,0.0006025377332901966
zlib,nonmember,https://www.ydr.com/story/news/2022/09/07/congressional-committee-skewers-postal-service-in-philadelphia-meeting-louis-dejoy/65800851007/,0.0018329253152306625
zlib,nonmember,https://www.ydr.com/story/money/careers/2022/09/13/having-trouble-hiring-penn-mar-might-be-able-to-help/69487345007/,0.0009921820807498166
zlib,nonmember,https://www.ydr.com/restricted/?return=https%3A%2F%2Fwww.ydr.com%2Fin-depth%2Fnews%2F2022%2F06%2F13%2Fsports-york-county-most-influential-athletics-football-gymnastics-swimming%2F65351425007%2F,0.000764796714708917
zlib,nonmember,https://www.ydr.com/restricted/?return=https%3A%2F%2Fwww.ydr.com%2Fstory%2Fnews%2Fhistory%2Fgettysburg%2F2022%2F04%2F14%2Fraven-rock-mountain-nuclear-attack-target-doomsday-preppers-worried%2F65349485007%2F,0.0006025377332901966
zlib,nonmember,https://www.ydr.com/story/opinion/2022/08/31/what-would-you-do-if-you-witnessed-someone-at-risk/65465660007/,0.0007957607636420512
zlib,nonmember,https://www.ydr.com/restricted/?return=https%3A%2F%2Fwww.ydr.com%2Fstory%2Fmoney%2Fbusiness%2F2022%2F05%2F31%2Fcomings-and-goings-popular-pool-closed-for-summer-market-houses-add-stands%2F65357481007%2F,0.0006860881627720449
zlib,nonmember,https://www.ydr.com/story/news/religion/2022/04/05/york-county-church-tells-gospel-in-22-year-stained-glass-project/65345285007/,0.0019856404770534535
zlib,nonmember,https://www.ydr.com/story/opinion/2022/07/20/big-important-york-county-history-cultural-projects-picking-up-steam/65377980007/,0.0006988803918005584
zlib,nonmember,https://www.ydr.com/story/news/local/2022/08/22/i-83-overpass-york-county-repairs-route-74-bridge/65409148007/,0.0025047962373519203
zlib,nonmember,https://www.ydr.com/story/news/2022/05/03/dining-out-for-spring-checking-out-revival-social-club-in-york/65350791007/,0.0013850858095763496
zlib,nonmember,https://www.ydr.com/story/news/2022/06/06/northeastern-school-district-offers-students-cdl-training-amid-driver-shortages/65357688007/,0.000797221969220023
zlib,nonmember,https://www.ydr.com/story/news/2022/07/28/york-state-fair-2022-fried-cauliflower-lolas-waffles-ice-cream/65384751007/,0.0021543697729345837
zlib,nonmember,https://www.ydr.com/story/sports/high-school/football/2022/08/29/central-pa-high-school-football-wil-rider-no-longer-football-coach-hanover-high-school/65462473007/,0.0019412438800237076
zlib,nonmember,https://www.ydr.com/story/news/2022/06/09/how-the-pandemic-helped-wolfgang-confectioners-rebound-from-bankruptcy-candy-york-pa/65358750007/,0.0004571301068084428
zlib,nonmember,https://www.ydr.com/story/news/watchdog/2022/05/16/federal-judge-grants-preliminary-injuction-grandmother-2-year-old-dante-mullinix-york/65355837007/,0.0011492149506423196
zlib,nonmember,https://www.ydr.com/story/sports/high-school/2022/04/07/track-and-field-league-has-records-dating-to-1980-and-others-from-2021/65348542007/,0.0014890246597938175
zlib,nonmember,https://www.ydr.com/story/news/2022/06/05/amber-alert-canceled-after-toddler-missing-from-york-county-is-found-safe/65358883007/,0.0023767475836805863
zlib,nonmember,https://www.ydr.com/restricted/?return=https%3A%2F%2Fwww.ydr.com%2Fin-depth%2Fnews%2F2022%2F06%2F13%2Fbusiness-development-york-county-most-influential-people%2F65351418007%2F,0.000764796714708917
zlib,nonmember,https://www.ydr.com/story/news/local/2022/09/06/interstate-83-queen-street-overpass-repairs-cost-up-to-double-after-hits/65467467007/,0.001739908054060906
zlib,nonmember,https://www.ydr.com/story/news/2022/06/15/vietnam-veteran-jon-langione-75-finally-got-eastern-york-high-school-diploma/65358492007/,0.00023815786016802079
zlib,nonmember,https://www.ydr.com/story/news/local/2022/05/12/york-county-prison-feasibility-study-competency-restoration-center/65354974007/,0.0015556512283725777
zlib,nonmember,https://www.ydr.com/restricted/?return=https%3A%2F%2Fwww.ydr.com%2Fstory%2Fnews%2Fcrime%2F2022%2F04%2F12%2Fex-york-ice-arena-general-manager-mike-cleveland-enters-accelerated-rehabilitative-disposition%2F65348922007%2F,0.0006025377332901966
zlib,nonmember,https://www.ydr.com/story/news/crime/2022/08/26/virginia-man-sentenced-logging-truck-death-hanover-brian-mawyer-eugene-ben-fuhrman/65418220007/,0.0017068357790792394
zlib,nonmember,https://www.ydr.com/story/news/2022/04/25/encore-a-celebration-of-york-county-high-school-musicials-returns/65351061007/,0.002208047817987856
zlib,nonmember,https://www.ydr.com/story/sports/college/penn-state/2022/04/11/former-nfl-penn-state-nittany-lion-running-back-gary-brown-dies-of-cancer/65349538007/,0.0015682585434694963
zlib,nonmember,https://www.ydr.com/story/sports/college/penn-state/football/2022/09/07/penn-state-big-ten-college-football-james-franklin-joey-porter/65475134007/,0.0014081708232558403
zlib,nonmember,https://www.ydr.com/story/sports/high-school/football/2022/06/23/northeastern-high-school-approves-kirby-brubaker-as-head-football-coach/65362925007/,0.00104639434581212
zlib,nonmember,https://www.ydr.com/story/news/local/2022/08/31/york-county-judicial-center-closed-today-because-of-cooling-unit-leak/65465478007/,0.005691610064340762
zlib,nonmember,https://www.ydr.com/restricted/?return=https%3A%2F%2Fwww.ydr.com%2Fin-depth%2Fnews%2F2022%2F06%2F01%2Frevitalization-gentrification-york-pa-salem-square-neighborhood%2F6795644001%2F,0.0006860881627720449
zlib,nonmember,https://www.ydr.com/story/sports/high-school/football/2022/06/09/york-suburbans-mike-bentivegna-earns-offer-from-st-francis/65359674007/,0.0007711862744691428
zlib,nonmember,https://www.ydr.com/story/sports/high-school/football/2022/04/26/central-york-quarterback-cade-pribula-to-transfer-from-delaware/65352088007/,0.000832513351313194
zlib,nonmember,https://www.ydr.com/story/news/2022/07/21/york-state-fair-2022-how-to-beat-the-heat-wave-through-the-weekend/65377927007/,0.0016817267883463944
zlib,nonmember,https://www.ydr.com/story/news/2022/08/17/york-daily-record-editor-randy-parker-has-left-the-newspaper/65407329007/,0.0022207190405619825
zlib,nonmember,https://www.ydr.com/story/sports/college/penn-state/football/2022/08/29/penn-state-football-james-franklin-big-ten-purdue-sean-clifford/65461391007/,0.0014101774247648315
zlib,nonmember,https://www.ydr.com/story/entertainment/2022/05/03/choir-choir-choir-event-brings-singing-after-covid-to-appell-center/65352201007/,0.004228931965002801
zlib,nonmember,https://www.ydr.com/story/news/local/2022/09/06/long-pine-run-reservoir-in-michaux-state-forest-adams-county-offers-quiet-escape/65466799007/,0.0028929413368485543
