method,membership,doc_id,score
loss,member,https://www.tauntongazette.com/story/sports/youth/2022/08/18/taunton-west-little-league-u-10-celebrates-strong-season/10344658002/,2.3508654840469827
loss,member,https://www.tauntongazette.com/story/sports/high-school/baseball/2022/06/18/taunton-baseball-claims-second-d-1-title-three-seasons/7675005001/,2.195460854539907
loss,member,https://www.tauntongazette.com/story/sports/high-school/softball/2022/06/09/thorpes-walk-off-lifts-taunton-softball-over-bridgewater-raynham/7563617001/,2.3063124833524418
loss,member,https://www.tauntongazette.com/story/news/environment/2022/05/19/raynham-plastic-bag-ban-town-meeting-rejects-repeal-styrofoam/9825594002/,2.727420841012676
loss,member,https://www.tauntongazette.com/story/news/politics/elections/2022/09/02/2022-primary-election-sept-6-whos-running-how-cast-your-vote-taunton-dighton-raynham-berkley/7953564001/,2.2424555656267176
loss,member,https://www.tauntongazette.com/story/sports/high-school/2022/04/20/wednesdays-high-school-scores-taunton-baseball-stays-perfect/7390939001/,1.7242679030583163
loss,member,https://www.tauntongazette.com/story/sports/high-school/2022/06/07/who-taunton-daily-gazette-player-week-may-30-june-4/7526890001/,1.9272701519504574
loss,member,https://www.tauntongazette.com/story/news/local/2022/05/28/crews-respond-5-alarm-fire-spring-lane-taunton/9976010002/,2.2011935988822837
loss,member,https://www.tauntongazette.com/restricted/?return=https%3A%2F%2Fwww.tauntongazette.com%2Fstory%2Fnews%2Fdrugs%2Fmarijuana%2F2022%2F06%2F15%2Ftaunton-city-council-special-permit-cannabis-facility-traffic-hart-street-san-holdings-jack-barbour%2F7581796001%2F,0.10985399778969578
loss,member,https://www.tauntongazette.com/story/sports/high-school/2022/04/17/weekend-high-school-scores-taunton-softball-scores-walk-off-win/7352822001/,1.805080255785321
loss,member,https://www.tauntongazette.com/story/lifestyle/2022/04/25/taunton-seeks-residents-advice-for-recreation-open-spaces-upgrades/7385863001/,2.7812443282570984
loss,member,https://www.tauntongazette.com/story/entertainment/local/2022/08/05/roseland-ballroom-taunton-hosts-dancing-twice-month-sundays/10092060002/,2.6583522416475804
loss,member,https://www.tauntongazette.com/story/news/politics/government/2022/07/15/easton-fire-chief-kevin-partridge-interim-berkley-town-administrator/10056829002/,2.70398279970502
loss,member,https://www.tauntongazette.com/story/news/environment/2022/07/19/tauntons-wastewater-treat-plant-implements-mandated-nitrogen-upgrades/10083442002/,2.449547344405904
loss,member,https://www.tauntongazette.com/story/sports/high-school/2022/05/17/who-taunton-daily-gazette-player-week-may-9-14/9803572002/,1.7468371954432114
loss,member,https://www.tauntongazette.com/story/news/local/2022/07/17/taunton-top-stories-ed-correira-conflict-camp-taunton-holy-ghost-feast-roe-protest/10071008002/,2.6530529109787757
loss,member,https://www.tauntongazette.com/story/news/local/2022/06/05/taunton-top-stories-los-jefes-cow-chip-festival-salome-lincoln/7503382001/,2.65986788201722
loss,member,https://www.tauntongazette.com/story/sports/youth/2022/05/26/taunton-tornadoes-10-u-softball-team-wins-jaxon-marocco-classic/9931914002/,2.2098347166274044
loss,member,https://www.tauntongazette.com/story/sports/high-school/2022/06/22/who-taunton-daily-gazette-player-week-june-13-18/7704141001/,1.887513308487761
loss,member,https://www.tauntongazette.com/story/news/history/2022/04/04/taunton-history-emily-elizabeth-parsons-nurse-founded-mount-auburn-hospital-civil-war/7236325001/,2.8642211843840317
loss,member,https://www.tauntongazette.com/story/business/2022/05/12/somersets-tammy-ruggeri-opens-puddle-jumper-quilts-dighton/9659398002/,2.737233544097119
loss,member,https://www.tauntongazette.com/story/news/local/2022/06/01/taunton-los-jefes-comida-restaurant-responds-customers-rudeness/9967467002/,2.525901039288723
loss,member,https://www.tauntongazette.com/story/sports/high-school/2022/03/31/dighton-rehoboth-boys-volleyball-falls-season-opener/7241277001/,2.049795797344042
loss,member,https://www.tauntongazette.com/story/sports/high-school/2022/05/10/tuesdays-high-school-scores-taunton-baseball-tops-durfee/9725485002/,1.7019719821601083
loss,member,https://www.tauntongazette.com/story/lifestyle/pets/2022/06/12/pets-week-my-brothers-and-me-taunton-cat-adoption-pet-rescue/7580435001/,2.918452667256475
loss,member,https://www.tauntongazette.com/story/lifestyle/2022/07/29/taunton-city-band-broadway-show-tunes-patriotic-songs-housing-authority/10166731002/,2.2547469970057015
loss,member,https://www.tauntongazette.com/story/news/local/2022/07/10/taunton-gazette-top-5-tess-brunelle-police-bodycams-jimmy-fund/10017353002/,2.6886467253571364
loss,member,https://www.tauntongazette.com/story/sports/high-school/baseball/2022/06/14/dighton-rehoboth-baseball-loses-newburyport-state-semifinals/7630115001/,2.359427196584323
loss,member,https://www.tauntongazette.com/story/news/local/2022/06/10/miss-taunton-lyndsey-littlefield-american-ninja-warrior-bridgewater-raynham/7535348001/,2.7106891727458353
loss,member,https://www.tauntongazette.com/story/news/environment/2022/04/01/sweets-knoll-improvement-dighton-dcr-opens-project-public-input-state-park-trails-accessibility/7224563001/,2.5673121722887315
loss,member,https://www.tauntongazette.com/restricted/?return=https%3A%2F%2Fwww.tauntongazette.com%2Fstory%2Fnews%2Fdrugs%2Fmarijuana%2F2022%2F06%2F08%2Ftaunton-cannabis-city-council-law-department-matthew-costa-marijuana-chris-coute-estele-borges%2F7505563001%2F,0.15256357080302246
loss,member,https://www.tauntongazette.com/story/news/local/2022/08/15/segregansett-caddie-plays-golf-taunton-country-club-70-years-later/10274692002/,2.8579436595728014
loss,member,https://www.tauntongazette.com/restricted/?return=https%3A%2F%2Fwww.tauntongazette.com%2Fstory%2Flifestyle%2Ffood%2F2022%2F06%2F16%2Fguchanya-pastry-owner-cape-verde-native-opens-pastry-shop-school-street-bakery-taunton%2F7499033001%2F,0.10985399778969578
loss,member,https://www.tauntongazette.com/story/sports/high-school/2022/04/27/wednesdays-high-school-scores-d-rs-cuthbertson-hits-600-career-wins/9564206002/,1.8627681772860236
loss,member,https://www.tauntongazette.com/story/business/2022/05/02/everlasting-charm-cabinet-repainting-business-booms-berkley-owner/9569994002/,2.61119463557797
loss,member,https://www.tauntongazette.com/story/news/politics/elections/local/2022/08/14/raynham-election-early-voting-moved-out-senior-center-primary/10298624002/,2.8015790600742894
loss,member,https://www.tauntongazette.com/story/news/2022/08/26/taunton-summer-celebration-at-hoepwell-ppark-postponed-due-to-severe-weather-threat/7907233001/,2.13747773834339
loss,member,https://www.tauntongazette.com/restricted/?return=https%3A%2F%2Fwww.tauntongazette.com%2Fstory%2Fbusiness%2Freal-estate%2F2022%2F04%2F18%2Freal-estate-castle-home-taunton-tremont-st-sells-almost-900-000-property-transfers-dighon-berkey%2F7321436001%2F,0.10845873010019005
loss,member,https://www.tauntongazette.com/story/news/fire/2022/07/25/berkley-firefighters-fire-department-john-franco-amasa-harmon-retire/10138961002/,2.92384873187285
loss,member,https://www.tauntongazette.com/story/news/local/2022/07/03/taunton-gazette-top-stories-michael-messina-leoncello-boxing-engayge/7790989001/,2.589534301938128
loss,member,https://www.tauntongazette.com/restricted/?return=https%3A%2F%2Fwww.tauntongazette.com%2Fstory%2Fsports%2Fhigh-school%2F2022%2F05%2F16%2Ftaunton-high-b-r-swimmers-named-taunton-daily-gazette-all-scholastics%2F9771381002%2F,0.0685340054700671
loss,member,https://www.tauntongazette.com/story/news/local/2022/04/20/taunton-high-street-planning-board-condominium-condo-complex-high-street/7372765001/,2.7803468627050703
loss,member,https://www.tauntongazette.com/story/sports/high-school/2022/05/16/mondays-high-school-scores-macdougall-leads-taunton-over-attleboro/9802856002/,1.902998047668503
loss,member,https://www.tauntongazette.com/story/news/local/2022/05/20/taunton-green-temporary-seating-plaza-safety-parking-outdoors/9828526002/,2.747058733176597
loss,member,https://www.tauntongazette.com/story/sports/high-school/football/2022/09/13/taunton-bridgewater-raynham-bristol-plymouth-dighton-rehoboth-football-player-of-the-week-one/10363872002/,1.7824440000878587
loss,member,https://www.tauntongazette.com/story/sports/high-school/2022/05/23/mondays-high-school-scores-lynch-leads-taunton-softball-over-milford/9902708002/,1.8882704514314126
loss,member,https://www.tauntongazette.com/story/sports/high-school/2022/04/19/who-taunton-daily-gazette-player-week-april-11-16/7359199001/,1.6594902519411068
loss,member,https://www.tauntongazette.com/story/sports/high-school/2022/05/25/wednesdays-high-school-scores-taunton-baseball-tops-milford/9938066002/,2.0065818269130147
loss,member,https://www.tauntongazette.com/restricted/?return=https%3A%2F%2Fwww.tauntongazette.com%2Fstory%2Fsports%2Fhigh-school%2Fbaseball%2F2022%2F06%2F18%2Fd-1-baseball-championship-preview-taunton-seeks-title-against-franklin%2F7663627001%2F,0.10420808592160102
loss,member,https://www.tauntongazette.com/story/business/2022/07/22/malis-raynham-offers-modern-twist-southeast-asian-street-food/10085338002/,2.816814828492676
loss,member,https://www.tauntongazette.com/restricted/?return=https%3A%2F%2Fwww.tauntongazette.com%2Fstory%2Fsports%2Fhigh-school%2Flacrosse%2F2022%2F04%2F19%2Fhere-greater-taunton-girls-lacrosse-players-watch%2F7309338001%2F,0.10845873010019005
loss,member,https://www.tauntongazette.com/story/news/education/2022/09/12/taunton-public-school-2022-2023-new-principals-teacher-shortage-covid-learning-loss-jaimie-pereira/8028360001/,2.219671617040815
loss,member,https://www.tauntongazette.com/story/business/2022/06/21/fall-river-couple-opens-new-grilla-greek-kouzina-restaurant-taunton/7535402001/,2.5628775297907054
loss,member,https://www.tauntongazette.com/story/news/courts/2022/05/15/suspect-lgbtq-hate-crime-homophobic-attack-taunton-cleared-jury-michael-cates-brockton/9754124002/,2.6321788916345845
loss,member,https://www.tauntongazette.com/story/sports/high-school/baseball/2022/05/18/macdougall-leads-taunton-baseball-bounce-back-win-over-mansfield/9833857002/,2.099200834210492
loss,member,https://www.tauntongazette.com/story/sports/high-school/softball/2022/04/22/taunton-outlasts-attleboro-softball-slugfest/7417870001/,2.207636692095695
loss,member,https://www.tauntongazette.com/story/sports/high-school/softball/2022/05/26/honoring-mark-lasser-taunton-softball-upends-bishop-feehan/9938361002/,2.1997915291468026
loss,member,https://www.tauntongazette.com/story/sports/high-school/2022/09/14/taunton-b-r-b-p-d-r-soccer-cross-country-field-hockey-volleyball-golf-september-14-2022/10383225002/,1.66942845040783
loss,member,https://www.tauntongazette.com/story/news/local/2022/04/10/top-taunton-stories-ukraine-support-game-shop-opens-sister-city-new-york-lace-kings-court-england/9513094002/,2.5364733031280915
loss,member,https://www.tauntongazette.com/restricted/?return=https%3A%2F%2Fwww.tauntongazette.com%2Fstory%2Fbusiness%2Freal-estate%2F2022%2F05%2F30%2Freal-estate-resort-like-waterfront-home-dighton-sells-almost-700-000-property-transfers-taunton%2F9943533002%2F,0.11346849421663086
loss,member,https://www.tauntongazette.com/story/sports/2022/04/10/saturday-high-school-scores-b-r-boys-lacrosse-bp-girls-lacrosse-win/9532089002/,2.4190321212629526
loss,member,https://www.tauntongazette.com/story/lifestyle/pets/2022/05/22/pet-week-drako-am-staff-taunton-animal-shelter-dog-rescue/9856879002/,2.7293181043632204
loss,member,https://www.tauntongazette.com/story/business/2022/05/12/proposed-marijuana-facility-taunton-myles-standish-industrial-park-raises-odor-concerns/9736232002/,2.568057789510904
loss,member,https://www.tauntongazette.com/story/news/healthcare/2022/04/22/taunton-mental-health-police-stigma-public-officer-steve-turner/7267607001/,2.6637798467214964
loss,member,https://www.tauntongazette.com/story/news/local/2022/06/10/berkley-town-meeting-debt-exclusion-approved-cruisers-highway-assessor-treasurer-collector/7573635001/,3.330217806532458
loss,member,https://www.tauntongazette.com/story/sports/high-school/2022/09/07/wednesdays-high-school-scores-oleary-leads-ths-field-hockey-win/8014423001/,1.8269606362573578
loss,member,https://www.tauntongazette.com/restricted/?return=https%3A%2F%2Fwww.tauntongazette.com%2Fstory%2Fnews%2Feducation%2F2022%2F06%2F10%2Ftaunton-high-school-graduation-ceremony-field-house-criticized-football-field%2F7545728001%2F,0.10985399778969578
loss,member,https://www.tauntongazette.com/story/lifestyle/health-fitness/2022/04/21/taunton-real-brazilian-jiu-jitsu-martial-arts-school-main-street-jair-morselli/7293547001/,2.580522471564992
loss,member,https://www.tauntongazette.com/story/news/local/2022/09/18/top-stories-mikayla-nogueira-berkley-police-chief-football-game-move/10390499002/,2.5322299342737633
loss,member,https://www.tauntongazette.com/story/news/good-news/2022/04/28/bridgewater-raynham-prom-bumped-concert-gillette-host-field-day-garth-brooks/9545284002/,2.7503627065879606
loss,member,https://www.tauntongazette.com/story/lifestyle/health-fitness/2022/04/08/taunton-gym-raw-moves-downtown-former-gazette-building/7156874001/,2.5630322475278065
loss,member,https://www.tauntongazette.com/story/news/crime/2022/08/21/taunton-man-convicted-child-rape-sentenced-10-years-prison/7860167001/,2.1041788752722423
loss,member,https://www.tauntongazette.com/story/news/2022/07/24/top-stories-taunton-raynham-dighton-berkley-rehoboth/10129045002/,3.0312096084383064
loss,member,https://www.tauntongazette.com/story/sports/recreation/2022/06/14/taunton-river-trail-dighton-somerset-bike-paths-sidewalks-nature/7472250001/,2.207801335501641
loss,member,https://www.tauntongazette.com/story/business/2022/05/23/dightons-first-cannabis-dispensary-1-connection-opens/9856798002/,2.73987713199944
loss,member,https://www.tauntongazette.com/story/sports/high-school/softball/2022/06/14/d-r-softball-falls-greater-new-bedford-d-3-final-four/7631599001/,1.9644160778643822
loss,member,https://www.tauntongazette.com/story/news/education/2022/07/06/taunton-bristol-plymouth-b-p-cosmetology-student-wins-skills-usa-gold-tess-brunelle-emily-rouleau/7771733001/,2.81210417068366
loss,member,https://www.tauntongazette.com/story/news/local/2022/09/15/berkley-friends-library-drag-queen-fundraiser/10379211002/,3.0030429779438643
loss,member,https://www.tauntongazette.com/story/sports/high-school/2022/04/26/tuesdays-high-school-scores-taunton-softball-shuts-out-oa/9547703002/,2.209127432853607
loss,member,https://www.tauntongazette.com/story/sports/high-school/softball/2022/06/08/raposos-16-strikeouts-leads-dighton-rehoboth-softball-over-tantasqua/7550070001/,2.1122214069159453
loss,member,https://www.tauntongazette.com/story/sports/high-school/2022/04/02/perry-monahan-score-twice-b-r-girls-lacrosse-season-opener/7254530001/,1.9785316244182574
loss,member,https://www.tauntongazette.com/story/news/homelessness/2022/09/06/taunton-homeless-group-home-38-winthrop-street-firefighter-bob-bastis-community-counseling/7951538001/,2.522430207611412
loss,member,https://www.tauntongazette.com/story/sports/high-school/football/2022/09/02/taunton-football-returns-25-seniors-hopes-experience-counts-2022/7936605001/,2.3400579927198883
loss,member,https://www.tauntongazette.com/story/sports/high-school/softball/2022/07/26/taunton-high-softball-honored-at-fenway-park-after-winning-their-second-straight-state-title/10138014002/,2.4537330877144132
loss,member,https://www.tauntongazette.com/story/news/history/2022/06/01/women-taunton-labor-leader-female-preacer-salome-lincoln-gets-gravestone-after-180-years/9980801002/,2.6933228306458545
loss,member,https://www.tauntongazette.com/story/news/politics/elections/local/2022/05/08/berkley-election-2022-selectman-george-miller-re-elected-proposition-2-1-2-debt-exclusion/9632891002/,2.698121338762191
loss,member,https://www.tauntongazette.com/restricted/?return=https%3A%2F%2Fwww.tauntongazette.com%2Fstory%2Fbusiness%2Freal-estate%2F2022%2F05%2F23%2Freal-estate-second-unit-new-winthrop-st-duplex-taunton-sells-500-000-dighton-raynham%2F9838163002%2F,0.11591917782081043
loss,member,https://www.tauntongazette.com/story/sports/high-school/2022/04/12/tuesdays-high-school-scores-d-r-girls-lacrosse-dominates-bourne/7298150001/,2.3565720764623426
loss,member,https://www.tauntongazette.com/restricted/?return=https%3A%2F%2Fwww.tauntongazette.com%2Fstory%2Fsports%2Fhigh-school%2F2022%2F04%2F18%2Fhere-10-greater-taunton-boys-volleyball-players-watch-dighton-rehoboth%2F7339303001%2F,0.10845873010019005
loss,member,https://www.tauntongazette.com/story/lifestyle/faith/2022/05/04/raynham-st-anns-church-builds-beds-kids-need-homeless/9539482002/,2.4400743353386507
loss,member,https://www.tauntongazette.com/story/sports/high-school/soccer/2022/09/15/dighton-reboboth-boys-soccer-defeats-bourne-enters-new-era/10384608002/,2.4765604244259585
loss,member,https://www.tauntongazette.com/story/news/2022/06/06/taunton-kelly-clarkson-show-rawkstar-jon-jacobs-tv-television/9926812002/,2.529915170108004
loss,member,https://www.tauntongazette.com/story/news/military/2022/06/13/bridgewater-native-blake-ruehrwein-rehoboth-monuments-man-art-army-reserves/9943100002/,2.6423254708159076
loss,member,https://www.tauntongazette.com/story/sports/high-school/basketball/2022/07/13/b-rs-seavey-inducted-into-new-agenda-northeast-hall-fame/10055762002/,2.2983937122981497
loss,member,https://www.tauntongazette.com/story/sports/high-school/softball/2022/08/14/taunton-softballs-consalvi-named-head-coach-bridgewater-state/10313829002/,2.2347121873393934
loss,member,https://www.tauntongazette.com/story/lifestyle/food/2022/04/11/national-grilled-cheese-day-ugly-duckling-riverhouse-frates-panera/9501847002/,1.982478370225589
loss,member,https://www.tauntongazette.com/story/news/history/2022/08/08/taunton-then-and-now-staples-coal-cohannet-mills-winthrop-st-baptist/10191954002/,2.63744578542455
loss,member,https://www.tauntongazette.com/story/sports/youth/2022/08/04/taunton-tornadoes-u-10-softball-team-look-close-summer-top-coach-peter-buffington/10209404002/,2.407194073031104
loss,member,https://www.tauntongazette.com/story/sports/high-school/football/2022/09/17/taunton-durfee-football-mansfield-high-school-september-17-2022/10412030002/,2.3876750477782793
loss,member,https://www.tauntongazette.com/story/news/education/graduation/2022/06/10/meet-dighton-rehoboth-regional-high-schools-top-10-graduates-2022/9732657002/,2.885491000294855
loss,member,https://www.tauntongazette.com/story/sports/high-school/softball/2022/06/11/raposos-home-run-helps-lead-d-r-softball-over-austin-prep/7592037001/,2.2485116293321026
loss,member,https://www.tauntongazette.com/story/sports/high-school/2022/05/20/fridays-high-school-scores-d-r-softball-soars-over-apponequet/9868477002/,1.6351672481920496
loss,member,https://www.tauntongazette.com/story/lifestyle/faith/2022/06/22/taunton-congregation-agudath-achim-synagogue-holds-pride-shabbat-2022/7678262001/,2.768888922324103
loss,member,https://www.tauntongazette.com/story/lifestyle/food/2022/04/18/taunton-real-brazil-restaurant-and-market-churrasco-brazilian-barbecue-bbq-linguica-steak-tremont-st/7309271001/,2.5751227068863334
loss,member,https://www.tauntongazette.com/story/sports/high-school/football/2022/09/17/young-dighton-rehoboth-football-team-earns-win-over-austin-prep/10403746002/,2.3146725877014673
loss,member,https://www.tauntongazette.com/story/sports/high-school/2022/05/05/thursdays-high-school-scores-taunton-softball-trounces-milford/9668084002/,1.735233679003426
loss,member,https://www.tauntongazette.com/story/sports/high-school/2022/06/14/who-taunton-daily-gazette-player-week-june-6-12/7618976001/,2.1425461263088925
loss,member,https://www.tauntongazette.com/story/news/courts/2022/05/16/taunton-woman-fit-trial-unprovoked-stabbing-morton-hospital-employee/9767526002/,2.3724111721383876
loss,member,https://www.tauntongazette.com/story/lifestyle/pets/2022/08/28/pet-week-gregory-cat-rescue-taunton-animal-shelter/7903756001/,2.568509427411985
loss,member,https://www.tauntongazette.com/story/news/politics/2022/05/23/trump-spirit-fighting-theme-runs-through-ma-gop-convention-taunton-mayor-shaunna-oconnell/9890429002/,3.045816101762629
loss,member,https://www.tauntongazette.com/story/sports/2022/07/25/taunton-high-school-football-field-track-lighting-turf-athletic-director-mark-ottavianelli/10105056002/,2.473331007491998
loss,member,https://www.tauntongazette.com/story/sports/high-school/softball/2022/04/14/ava-venturelli-lets-loose-taunton-softball-wins-big/7314606001/,2.263251850918191
loss,member,https://www.tauntongazette.com/story/news/crime/2022/08/02/ceo-taunton-based-dgp-miles-insurance-pleads-guilty-fraud-embezzlement/10200153002/,2.247436306771999
loss,member,https://www.tauntongazette.com/story/lifestyle/pets/2022/07/17/pet-week-spencer-am-staff-rescue-taunton-animal-shelter/10068672002/,2.7350393117870073
loss,member,https://www.tauntongazette.com/story/sports/high-school/softball/2022/04/29/taunton-dedicates-win-over-mansfield-late-jmu-softball-player/9580783002/,2.2320927579659076
loss,member,https://www.tauntongazette.com/story/sports/high-school/football/2022/09/06/dighton-rehoboth-football-hoping-gain-experience-young-squad/7946476001/,2.196559291426308
loss,member,https://www.tauntongazette.com/story/sports/2022/05/02/taunton-native-marcus-santos-silva-signs-nfl-cleveland-browns/9622406002/,2.130171360124732
loss,member,https://www.tauntongazette.com/story/news/local/2022/07/22/balloon-message-ny-summer-camp-lands-dighton-ma/10090121002/,2.7839341299707128
loss,member,https://www.tauntongazette.com/story/news/history/2022/05/05/arthur-cleveland-bent-taunton-renowned-ornithologist/9636526002/,2.8142975899554563
loss,member,https://www.tauntongazette.com/story/news/history/2022/07/08/women-taunton-silent-film-star-elsa-lorimers-lost-movies-gilded-dream/7826598001/,2.7118889276979474
loss,member,https://www.tauntongazette.com/story/news/2022/05/06/cedric-cromwell-convicted-bribery-case-related-taunton-first-light-casino/9671830002/,0.593619167935527
loss,member,https://www.tauntongazette.com/story/sports/college/softball/2022/04/26/close-to-homecoming-taunton-highs-kelsey-white-villanova-softball-providence/7436647001/,2.3533594040780073
loss,member,https://www.tauntongazette.com/story/news/local/2022/08/07/tauntons-peter-b-gay-lodge-columbia-cultural-trust-scholarships-taunton-high-br-bp/10247465002/,2.6998418898778564
loss,member,https://www.tauntongazette.com/restricted/?return=https%3A%2F%2Fwww.tauntongazette.com%2Fstory%2Fsports%2Fhigh-school%2Fbaseball%2F2022%2F04%2F11%2Fhere-20-greater-taunton-baseball-players-watch-spring%2F9488026002%2F,0.10845873010019005
loss,member,https://www.tauntongazette.com/story/sports/high-school/football/2022/09/09/taunton-new-bedford-football-september-9-2022/8045879001/,2.5013863689486246
loss,member,https://www.tauntongazette.com/story/sports/youth/2022/07/26/berkley-soccer-grade-11-girls-win-division-ii-state-championship/10146548002/,2.642114794444766
loss,member,https://www.tauntongazette.com/story/lifestyle/features/2022/04/05/curious-taunton-whats-like-our-sister-city-taunton-england/7250653001/,2.683623194105363
loss,member,https://www.tauntongazette.com/story/news/environment/2022/08/18/taunton-heat-islands-downtown-hotter-due-concrete-lack-trees/10342297002/,2.729749724660668
loss,member,https://www.tauntongazette.com/story/news/education/2022/06/14/taunton-b-p-freetown-join-bristol-plymouth-regional-technical-school-district/7552486001/,2.313987907114064
loss,member,https://www.tauntongazette.com/story/news/local/2022/06/17/taunton-first-ever-pride-festival-june-11-2022-hopewell-park-lgbtq/7626898001/,2.3653671066176316
loss,member,https://www.tauntongazette.com/story/news/local/2022/05/01/taunton-gazette-top-5-gillette-b-r-prom-parks-and-rec-kelsey-white/9587713002/,2.6816701089783175
loss,member,https://www.tauntongazette.com/story/sports/high-school/2022/09/09/taunton-bridgewater-raynham-bristol-plymouth-dighton-rehoboth-football-soccer-field-hockey-volleybal/8037356001/,1.877531230781682
loss,member,https://www.tauntongazette.com/story/news/drugs/marijuana/2022/05/27/taunton-cannabis-cultivation-grow-myles-standish-marijuana-greater-goods-odor-pot/9932225002/,2.997374070652688
loss,member,https://www.tauntongazette.com/story/sports/2022/04/12/mondays-high-school-scores-wins-d-r-bp-girls-lacrosse-taunton-baseball-wins-undefeated-3-0/7286700001/,2.2028143701708447
loss,member,https://www.tauntongazette.com/restricted/?return=https%3A%2F%2Fwww.tauntongazette.com%2Fstory%2Fsports%2Fhigh-school%2Fsoftball%2F2022%2F06%2F17%2Fdi-softball-championship-preview-taunton-looks-defend-title%2F7653584001%2F,0.10420808592160102
loss,member,https://www.tauntongazette.com/story/sports/high-school/2022/05/19/thursdays-high-school-scores-taunton-baseball-tops-new-bedford/9849067002/,1.7988546522987703
loss,member,https://www.tauntongazette.com/story/news/crime/2022/06/14/violent-armed-robbery-taunton-liquor-store-teenagers/7547639001/,2.475607142895346
loss,member,https://www.tauntongazette.com/restricted/?return=https%3A%2F%2Fwww.tauntongazette.com%2Fstory%2Fnews%2Ftraffic%2F2022%2F06%2F02%2Fraynham-traffic-safety-directed-patrols-route-44-138-laliberte-radar%2F7459981001%2F,0.13867160651645002
loss,member,https://www.tauntongazette.com/story/news/politics/elections/local/2022/04/10/dighton-election-selectman-brett-zografos-loses-peter-caron-rachel-goulart-leonard-hull/9518631002/,2.768098515508162
loss,member,https://www.tauntongazette.com/story/news/crime/2022/06/02/taunton-kevin-lennon-kbl-vending-machine-company-fraud-routes-randolph/9964627002/,2.5794290706355762
loss,member,https://www.tauntongazette.com/story/news/crime/2022/06/14/dighton-police-applicants-first-youth-police-academy-training-teens/7610328001/,2.4155932311674944
loss,member,https://www.tauntongazette.com/story/lifestyle/pets/2022/09/11/pet-week-frost-cat-taunton-animal-shelter-adoption-rescue/8037418001/,2.3005676451292443
loss,member,https://www.tauntongazette.com/restricted/?return=https%3A%2F%2Fwww.tauntongazette.com%2Fstory%2Fsports%2Fhigh-school%2Fbaseball%2F2022%2F06%2F03%2Fhere-20-taunton-area-baseball-players-watch-postseason%2F7478307001%2F,0.13867160651645002
loss,member,https://www.tauntongazette.com/story/news/coronavirus/2022/08/01/gda-covid-19-state-2022-08-01-ma-ntdg/65387943007/,0.5501992063394424
loss,member,https://www.tauntongazette.com/story/lifestyle/pets/2022/07/03/pets-week-bonded-buddies-taunton-animal-shelter-cat-rescue/7787356001/,2.3018736487556795
loss,member,https://www.tauntongazette.com/restricted/?return=https%3A%2F%2Fwww.tauntongazette.com%2Fstory%2Fnews%2Fgood-news%2F2022%2F06%2F10%2Ftaunton-quadruplets-ashley-ness-expecting-2-pairs-identical-twins-spontaneous-natural%2F9926790002%2F,0.10985399778969578
loss,member,https://www.tauntongazette.com/restricted/?return=https%3A%2F%2Fwww.tauntongazette.com%2Fstory%2Fnews%2Fenvironment%2F2022%2F04%2F15%2Ftaunton-aries-gasification-rfp-city-solicitor-matthew-costa-sludge-pfas-landfill-law-department%2F7308483001%2F,0.10845873010019005
loss,member,https://www.tauntongazette.com/story/news/local/2022/09/04/taunton-gazette-top-5-tom-and-jimmys-paul-monti-epa-outlaws-verdict/7974572001/,2.5347103449008843
loss,member,https://www.tauntongazette.com/story/news/2022/09/08/taunton-salute-peter-corr-retired-police-officer-taunton-school-committee-bristol-plymouth-tmlp/7959671001/,2.357538563640629
loss,member,https://www.tauntongazette.com/story/news/education/2022/05/27/taunton-high-school-teen-ted-talk-club-kids-mental-health-children-students/9793978002/,2.60409097726419
loss,member,https://www.tauntongazette.com/story/sports/high-school/softball/2022/05/06/lynch-krockta-lead-high-powered-taunton-softball-offense-over-foxboro/9682372002/,2.187399253496023
loss,member,https://www.tauntongazette.com/story/sports/high-school/football/2022/04/27/b-ps-bill-moan-inducted-into-mhsfca-hall-fame/7449548001/,2.25248407271641
loss,member,https://www.tauntongazette.com/story/news/local/2022/06/23/berkley-town-administrator-heather-martin-sterling-resigns-accountant-katherine-avila-nickelson/7709859001/,2.7721489027855055
loss,member,https://www.tauntongazette.com/restricted/?return=https%3A%2F%2Fwww.tauntongazette.com%2Fstory%2Fbusiness%2Freal-estate%2F2022%2F06%2F20%2Freal-estate-taunton-duplex-weir-sells-just-under-600-000-property-transfers-dighton-raynham-berkley%2F7646205001%2F,0.10420808592160102
loss,member,https://www.tauntongazette.com/story/entertainment/local/2022/05/17/lgbtq-drag-queen-reads-kids-taunton-public-library-story-hour/9778301002/,2.595389416107715
loss,member,https://www.tauntongazette.com/restricted/?return=https%3A%2F%2Fwww.tauntongazette.com%2Fstory%2Fnews%2Fhomelessness%2F2022%2F05%2F26%2Ftaunton-homeless-shelter-samaritan-house-intoxicated-residents-sober-paul-mccarty-ingell-street%2F9853542002%2F,0.11346849421663086
loss,member,https://www.tauntongazette.com/story/sports/2022/09/14/taunton-high-home-games-moved-work-wraps-up-new-sports-facilities/10379120002/,2.532774602082027
loss,member,https://www.tauntongazette.com/story/news/crime/2022/05/20/berkley-horse-breeder-gary-bolger-arraigned-animal-cruelty-rescue-league-bail-ponies/9838390002/,2.6491177962103207
loss,member,https://www.tauntongazette.com/story/news/environment/2022/09/01/taunton-epa-ethylene-oxide-gas-cancer-carcinogen-professional-contract-sterilization-pcs-myles/7867302001/,2.7080553865919077
loss,member,https://www.tauntongazette.com/story/news/local/2022/08/14/taunton-top-stories-star-club-beatles-sports-betting-d-r-vote/10310653002/,2.5348263371525213
loss,member,https://www.tauntongazette.com/story/news/local/2022/05/22/taunton-top-news-stories-nurse-strike-drag-queen-story-hour/9858263002/,2.2828290085454794
loss,member,https://www.tauntongazette.com/story/sports/high-school/2022/05/13/fridays-high-school-sports-deponte-breaks-ths-girls-two-mile-record/9770298002/,1.9597727728789809
loss,member,https://www.tauntongazette.com/story/news/local/2022/07/29/raynham-town-administrator-dartmouth-gregory-w-barnes-ta/10167411002/,2.621220930314155
loss,member,https://www.tauntongazette.com/story/sports/high-school/2022/04/26/who-taunton-daily-gazette-player-week-april-18-23/7444148001/,1.7421811460469572
loss,member,https://www.tauntongazette.com/story/news/history/2022/09/07/curious-taunton-second-oldest-tree-massachusetts-european-beech-winthrop-street/7989563001/,2.71561798141155
loss,member,https://www.tauntongazette.com/restricted/?return=https%3A%2F%2Fwww.tauntongazette.com%2Fstory%2Fnews%2Fdrugs%2Fmarijuana%2F2022%2F04%2F20%2Ftaunton-montel-williams-tv-host-freshly-baked-cannabis-marijuana-vapes-inspire%2F7330683001%2F,0.10845873010019005
loss,member,https://www.tauntongazette.com/story/news/education/2022/06/04/meet-bristol-plymouth-regional-technical-schools-top-10-graduates-2022/9960983002/,2.3684995000675437
loss,member,https://www.tauntongazette.com/story/news/2022/04/24/raynham-dojo-promotes-73-year-old-student-black-belt/7294157001/,2.475965393605752
loss,member,https://www.tauntongazette.com/story/sports/high-school/2022/05/03/who-taunton-daily-gazette-player-week-april-25-may-1/9625544002/,1.712966405408239
loss,member,https://www.tauntongazette.com/story/news/local/2022/05/26/greater-taunton-memorial-day-2022-events-observances-parades-more/9933106002/,2.2533267943514943
loss,member,https://www.tauntongazette.com/restricted/?return=https%3A%2F%2Fwww.tauntongazette.com%2Fstory%2Flifestyle%2Ffood%2F2022%2F06%2F07%2Fraynham-restaurant-seafood-cones-broadway-ice-cream-lobster-burgers-fish-scallops%2F7471543001%2F,0.13867160651645002
loss,member,https://www.tauntongazette.com/story/news/local/2022/06/28/leoncello-boxing-gym-owner-looks-help-addicts-kids-through-fitness-raynham-brockton-west-bridgewater/7535378001/,2.5893844645193536
loss,member,https://www.tauntongazette.com/restricted/?return=https%3A%2F%2Fwww.tauntongazette.com%2Fstory%2Fnews%2Fenvironment%2F2022%2F06%2F02%2Ftaunton-lake-sabbatia-invasive-weeds-milfoil-fanwort-water-chestnut-sonar-herbicide%2F9895021002%2F,0.13867160651645002
loss,member,https://www.tauntongazette.com/story/news/local/2022/08/21/taunton-stop-stories-nancy-quill-joe-nugent-carrie-consalvi-emu/7846200001/,2.50522689105828
loss,member,https://www.tauntongazette.com/story/news/politics/elections/state/2022/08/26/taunton-area-early-voting-times-locations-ma-state-primary/7888315001/,1.2549354945826094
loss,member,https://www.tauntongazette.com/story/sports/high-school/2022/05/24/who-taunton-daily-gazette-player-week-may-16-21/9907450002/,1.6790122300140302
loss,member,https://www.tauntongazette.com/story/sports/high-school/baseball/2022/06/10/big-first-inning-propels-dighton-rehoboth-over-north-reading/7576854001/,2.1115095976327902
loss,member,https://www.tauntongazette.com/story/entertainment/local-celebrity/2022/08/15/radio-dj-raynham-native-nancy-quill-ma-broadcasters-hall-fame/10245334002/,2.4972982627406584
loss,member,https://www.tauntongazette.com/story/news/local/2022/05/04/berkley-animal-rescue-league-horse-breeder-animal-cruelty-ponies-gary-bolger/9633574002/,2.404636752496847
loss,member,https://www.tauntongazette.com/story/news/education/graduation/2022/06/05/taunton-high-school-kayla-parrett-microbiology-harvard-university-ivy-league/7488778001/,2.6129756218651004
loss,member,https://www.tauntongazette.com/story/sports/high-school/baseball/2022/05/03/taunton-baseball-bounces-back-strong-outing-macdougall/9624058002/,2.176419452140251
loss,member,https://www.tauntongazette.com/story/news/local/2022/09/11/taunton-gazette-top-5-stories-oldest-tree-d-r-football-leonard-school/8027007001/,2.528176459658806
loss,member,https://www.tauntongazette.com/story/sports/high-school/baseball/2022/07/25/taunton-baseball-honored-for-winning-their-second-title-in-three-years-at-fenway-park/10137848002/,2.3231331575550542
loss,member,https://www.tauntongazette.com/story/news/education/2022/06/14/taunton-public-schools-arpa-covid-pandemic-money-technology-internet-laptops/7452776001/,2.5032197560776055
loss,member,https://www.tauntongazette.com/story/business/2022/04/04/pro-wrestler-opens-new-gaming-and-collectibles-shop-taunton/7228719001/,2.6138556041372762
loss,member,https://www.tauntongazette.com/story/sports/high-school/softball/2022/06/17/taunton-high-softball-team-hype-chain-jewelry-teamwork/7650497001/,2.436010278364942
loss,member,https://www.tauntongazette.com/story/news/education/2022/08/24/taunton-area-back-school-start-dates-2022-dighton-raynham-berkley-bristol-aggie-connolly/7877288001/,1.7198952673772598
loss,member,https://www.tauntongazette.com/restricted/?return=https%3A%2F%2Fwww.tauntongazette.com%2Fstory%2Fnews%2Ffire%2F2022%2F06%2F16%2Ffirefighting-fire-hydrants-cistern-fire-department%2F7567018001%2F,0.10985399778969578
loss,member,https://www.tauntongazette.com/story/sports/high-school/2022/04/22/fridays-high-school-scores-taunton-baseball-tames-attleboro/7420163001/,1.750023805268288
loss,member,https://www.tauntongazette.com/story/sports/high-school/softball/2022/06/07/aldrich-leads-taunton-softballs-offensive-onslaught-over-newton-south/7541810001/,2.2510492139730327
loss,member,https://www.tauntongazette.com/restricted/?return=https%3A%2F%2Fwww.tauntongazette.com%2Fstory%2Fbusiness%2Freal-estate%2F2022%2F05%2F02%2Freal-estate-taunton-home-flipped-resold-almost-double-price%2F9574052002%2F,0.0685340054700671
loss,member,https://www.tauntongazette.com/story/news/politics/government/2022/07/14/conflict-interest-law-whittenton-hardware-stops-selling-taunton/7609655001/,2.63644038821239
loss,member,https://www.tauntongazette.com/story/news/education/graduation/2022/06/11/meet-taunton-high-schools-top-10-graduates-2022/7500666001/,2.3756887877808177
loss,member,https://www.tauntongazette.com/story/news/education/2022/05/12/taunton-deca-students-top-fundraisers-muscular-dystrophy-association/9661696002/,2.695488353526555
loss,member,https://www.tauntongazette.com/story/news/local/2022/06/21/state-community-compact-cabinet-municipal-grant-for-taunton-expected-to-benefit-water-customers/7584915001/,2.7372677095672593
loss,member,https://www.tauntongazette.com/story/sports/2022/04/14/wednesdays-scores-big-wins-d-r-bp-baseball-b-r-d-r-softball/7315890001/,2.327058451416148
loss,member,https://www.tauntongazette.com/restricted/?return=https%3A%2F%2Fwww.tauntongazette.com%2Fstory%2Fnews%2Fpolitics%2F2022%2F06%2F17%2Fraynham-town-administrator-graham-waters-leaves-fire-chief-bryan-lacivita-interim%2F7642879001%2F,0.10420808592160102
loss,member,https://www.tauntongazette.com/story/news/education/2022/05/26/taunton-dighton-rehoboth-bridgewater-raynham-berkley-schools-texas-uvalde-shooting/9926000002/,2.459281064136943
loss,member,https://www.tauntongazette.com/story/business/2022/07/21/taunton-east-rentals-bsu-student-kids-party-business-cassidy-andrade-bridgewater-state-university/10049739002/,2.665121352759439
loss,member,https://www.tauntongazette.com/story/news/local/2022/06/26/taunton-gazette-top-5-grilla-greek-kouzina-berkley-raynham-black-bear/7726310001/,2.6841631324411606
loss,member,https://www.tauntongazette.com/story/sports/high-school/soccer/2022/08/26/former-coyle-boys-coach-dan-borges-lead-taunton-high-girls-soccer/7880893001/,2.154262866152642
loss,member,https://www.tauntongazette.com/story/sports/2022/04/08/d-r-girls-lacrosse-taunton-volleyball-notch-big-wins-thursday/9509023002/,2.1045906672299877
loss,member,https://www.tauntongazette.com/story/sports/high-school/2022/05/24/tuesdays-high-school-scores-raposo-hits-150-ks-win-over-seekonk/9919165002/,2.075175381158717
loss,member,https://www.tauntongazette.com/story/news/local/2022/08/28/taunton-top-stories-back-school-dan-borges-coach-city-clerk/7905802001/,2.32946908494179
loss,member,https://www.tauntongazette.com/story/entertainment/2022/05/25/taunton-tom-petty-tribute-band-breakers-play-cape-cod-melody-tent/9794027002/,2.3781287333992793
loss,member,https://www.tauntongazette.com/story/sports/high-school/2022/09/18/b-p-football-b-r-girls-soccer-september-17-2022/10422783002/,2.3740310727516314
loss,member,https://www.tauntongazette.com/restricted/?return=https%3A%2F%2Fwww.tauntongazette.com%2Fstory%2Fnews%2Feducation%2F2022%2F06%2F13%2Fdighton-rehoboth-high-school-bullets-gun-graffiti-led-lockdowns%2F7553894001%2F,0.10985399778969578
loss,member,https://www.tauntongazette.com/story/sports/high-school/2022/05/27/fridays-high-school-scores-krockta-leads-taunton-over-newton-north/9967455002/,1.6159166335938495
loss,member,https://www.tauntongazette.com/story/sports/high-school/2022/05/09/mondays-high-school-scores-taunton-girls-lacrosse-earns-first-win/9712881002/,1.6330950782004883
loss,member,https://www.tauntongazette.com/story/sports/2022/04/07/wednesdays-high-school-scores-d-r-volleyball-b-p-boys-tennis-win/9494679002/,2.2694132966248044
loss,member,https://www.tauntongazette.com/story/sports/high-school/2022/05/23/captain-falcon-d-rs-eliana-raposo-leader-and-off-field-dighton-rehoboth-softball-st-thomas-aquinas/9859522002/,2.3261941224305622
loss,member,https://www.tauntongazette.com/restricted/?return=https%3A%2F%2Fwww.tauntongazette.com%2Fstory%2Fsports%2Fhigh-school%2F2022%2F04%2F04%2Fhere-2021-22-taunton-daily-gazette-hockey-all-scholastics%2F7211770001%2F,0.10845873010019005
loss,member,https://www.tauntongazette.com/story/news/2022/09/08/restaurants-taunton-berkley-seek-workers-as-dining-rises-with-easing-of-covid-restrictions/7930421001/,2.4769985451390406
loss,member,https://www.tauntongazette.com/story/news/2022/06/17/taunton-residents-invited-to-honor-our-military-in-recognition-of-ptsd-month/7639824001/,2.6829719333400277
loss,member,https://www.tauntongazette.com/story/news/education/2022/06/08/dighton-rehoboth-high-school-threat-bullets-found-d-r-bathroom/7562165001/,1.967951330312571
loss,member,https://www.tauntongazette.com/story/sports/college/softball/2022/04/28/tight-knit-d-r-softball-soars-over-bourne/9565836002/,2.2532898490698194
loss,member,https://www.tauntongazette.com/story/news/education/2022/06/08/taunton-e-pole-elementary-school-crossing-guard-rick-spearin-honored-award-massdot-safe-routes/7500018001/,2.4030000933401876
loss,member,https://www.tauntongazette.com/story/news/environment/2022/08/12/raynham-center-water-district-pfas-residents-warned-drinking-water-chemicals/10291896002/,2.5209875113689986
loss,member,https://www.tauntongazette.com/story/news/history/2022/04/26/taunton-landscape-architect-frederick-law-olmsteds-200th-anniversary/7325057001/,2.690569245098743
loss,member,https://www.tauntongazette.com/story/news/local/2022/04/04/taunton-store-dressed-up-blue-yellow-and-white-ukraine/7243729001/,2.7597186447208704
loss,member,https://www.tauntongazette.com/story/news/fire/2022/06/23/taunton-ma-electrocution-man-dies-415-danforth-street/7711332001/,2.56835596503378
loss,member,https://www.tauntongazette.com/story/news/local/2022/06/28/friends-create-engayge-social-media-app-cater-lgbtq-community-somerset-dighton/7721617001/,2.580855962844071
loss,member,https://www.tauntongazette.com/story/sports/high-school/2022/04/21/thursdays-high-school-scores-b-r-baseball-wins-pnhs-tournament/7401592001/,1.9780626469506593
loss,member,https://www.tauntongazette.com/story/news/local/2022/05/23/second-annual-downtown-art-jam-draws-crowd-taunton-green-2022/9876016002/,3.019631575382377
loss,member,https://www.tauntongazette.com/story/sports/high-school/2022/09/13/taunton-daily-gazette-player-week-sept-5-10-bridgewater-raynham-bristol-plymouth-dighton-rehoboth/10363911002/,1.6616767115982642
loss,member,https://www.tauntongazette.com/story/lifestyle/pets/2022/06/19/pet-week-bella-lab-shepherd-taunton-dog-adoption-pet-rescue/7659231001/,2.9027536805130616
loss,member,https://www.tauntongazette.com/story/news/local/2022/06/23/taunton-holds-third-annual-juneteenth-celebration-2022/7684249001/,2.609774941013854
loss,member,https://www.tauntongazette.com/story/lifestyle/pets/2022/04/03/pet-week-leo-dog-adoption-hound-am-staff-taunton-animal-rescue/7244204001/,2.221376789611687
loss,member,https://www.tauntongazette.com/story/news/local/2022/06/14/dighton-lgbtq-pride-flag-maura-healey-approves-bylaw-amendments-town-hall-attorney-general/7534434001/,2.887251683406688
loss,member,https://www.tauntongazette.com/story/sports/high-school/2022/04/18/mondays-high-school-scores-d-r-baseball-boys-lacrosse-earn-wins/7361813001/,1.841055408932771
loss,member,https://www.tauntongazette.com/story/news/history/2022/06/13/raynham-milk-bottle-history-novelty-architecture-roadside-pop/7554688001/,2.8522450887622637
loss,member,https://www.tauntongazette.com/story/sports/2022/04/26/first-opening-day-ceremony-years-for-taunton-girls-softball-league-saturday/7429253001/,2.6266486171692884
loss,member,https://www.tauntongazette.com/story/sports/college/softball/2022/05/03/taunton-native-jaylin-couto-named-ccc-softball-pitcher-week/9637386002/,1.9835141488128831
loss,member,https://www.tauntongazette.com/story/sports/high-school/2022/05/03/tuesdays-high-school-scores-taunton-girls-track-snags-win-milford/9636096002/,1.8166522626813315
loss,member,https://www.tauntongazette.com/story/sports/high-school/softball/2022/06/17/back-back-taunton-claims-d-1-title-thriller-peabody/7666385001/,2.2790906028187696
loss,member,https://www.tauntongazette.com/story/sports/high-school/2022/04/29/fridays-high-school-scores-d-rs-raposo-leads-charge-over-apponequet/9590890002/,1.7114658436873158
loss,member,https://www.tauntongazette.com/story/news/local/2022/05/13/morton-hospital-nurses-taunton-authorize-three-day-strike/9751638002/,2.868020316515106
loss,member,https://www.tauntongazette.com/story/lifestyle/health-fitness/2022/04/27/new-raynham-athletic-club-program-young-adults-developmental-disabilities/7399974001/,2.5920344413676544
loss,member,https://www.tauntongazette.com/story/sports/high-school/track-field/2022/05/16/dighton-rehoboth-high-school-track-being-repaired-spring/9705691002/,2.5521050585354628
loss,member,https://www.tauntongazette.com/story/sports/high-school/2022/09/16/sports-highlights-friday-b-p-volleyball-players-aces-despite-loss/10399748002/,2.04314906759646
loss,member,https://www.tauntongazette.com/restricted/?return=https%3A%2F%2Fwww.tauntongazette.com%2Fstory%2Fnews%2Fenvironment%2F2022%2F06%2F21%2Ftaunton-massasoit-state-park-invasive-weeds-big-bearhole-pond-lake-rico%2F7659441001%2F,0.16658497992404694
loss,member,https://www.tauntongazette.com/restricted/?return=https%3A%2F%2Fwww.tauntongazette.com%2Fstory%2Fnews%2Flocal%2F2022%2F04%2F12%2Ftaunton-zoning-lot-sizes-smaller-planning-board-city-council-high-rents-affordable-housing%2F9501110002%2F,0.10845873010019005
loss,member,https://www.tauntongazette.com/story/news/local/2022/06/19/taunton-gazette-top-5-taunton-river-trail-milk-bottle-monuments-men/7661287001/,2.639773103825896
loss,member,https://www.tauntongazette.com/story/news/education/2022/06/20/raynham-town-election-bristol-plymouth-debt-exclusion-vote-june-28-2022-new-school-construcition-bp/7654613001/,2.664578276902006
loss,member,https://www.tauntongazette.com/story/news/education/2022/05/24/bristol-plymouth-grad-headed-dartmouth/9809051002/,2.3034161703175435
loss,member,https://www.tauntongazette.com/story/sports/high-school/2022/06/06/mondays-high-school-playoff-scores-b-r-softball-shuts-down-lexington/7540912001/,1.8332765300629827
loss,member,https://www.tauntongazette.com/story/lifestyle/food/2022/06/03/10-taunton-area-restaurants-celebrate-national-veggie-burger-day/7490764001/,1.9641218309826727
loss,member,https://www.tauntongazette.com/story/news/crime/2022/07/30/dighton-police-lt-sean-cronin-chief-robert-mcdonald-retire/10185597002/,2.7991049559558925
loss,member,https://www.tauntongazette.com/story/news/local/2022/05/15/taunton-top-stories-rescued-ponies-puddle-jumper-quilts-cannabis-odor-dighton-rehoboth-district/9764106002/,2.51490735976114
loss,member,https://www.tauntongazette.com/story/sports/high-school/2022/05/11/wednesdays-high-school-scores-venturelli-leads-taunton-over-franklin/9736402002/,1.8520380589888692
loss,member,https://www.tauntongazette.com/restricted/?return=https%3A%2F%2Fwww.tauntongazette.com%2Fstory%2Fbusiness%2Freal-estate%2F2022%2F06%2F13%2Freal-estate-berkley-home-dates-1750-sells-713-000-property-transfers-taunton-raynham-dighton%2F7570558001%2F,0.10985399778969578
loss,member,https://www.tauntongazette.com/story/news/local/2022/09/15/taunton-boys-girls-club-metro-south-wave-headbands-prevent-drowning-detection/10360441002/,2.6049084563757647
loss,member,https://www.tauntongazette.com/restricted/?return=https%3A%2F%2Fwww.tauntongazette.com%2Fstory%2Fbusiness%2Freal-estate%2F2022%2F05%2F16%2Freal-estate-taunton-colonial-harvest-wood-dr-sells-685-000%2F9750065002%2F,0.0685340054700671
loss,member,https://www.tauntongazette.com/story/sports/high-school/2022/05/08/weekend-high-school-scores-sophomores-lead-b-r-boys-lax-over-canton/9700366002/,2.113635663276843
loss,member,https://www.tauntongazette.com/story/sports/high-school/football/2022/08/22/top-questions-greater-taunton-high-school-football-2022-season/7847826001/,2.761717493010783
loss,member,https://www.tauntongazette.com/restricted/?return=https%3A%2F%2Fwww.tauntongazette.com%2Fstory%2Fsports%2Fhigh-school%2Fsoftball%2F2022%2F06%2F06%2Fhere-15-taunton-area-softball-players-watch-postseason%2F7527401001%2F,0.13867160651645002
loss,member,https://www.tauntongazette.com/story/sports/high-school/2022/04/28/thursdays-high-school-scores-b-r-softball-blows-past-brockton/9579594002/,1.913120898554316
loss,member,https://www.tauntongazette.com/story/sports/high-school/baseball/2022/04/19/high-school-baseball-durfee-taunton-evan-cali-tigers/7370663001/,2.304345051403506
loss,member,https://www.tauntongazette.com/story/news/education/2022/08/04/dighton-rehoboth-dr-special-town-meeting-withdrawing-k-8-wealth-factor-state-aid-budget-assessment/10225997002/,2.742222953862287
loss,member,https://www.tauntongazette.com/restricted/?return=https%3A%2F%2Fwww.tauntongazette.com%2Fstory%2Fbusiness%2Freal-estate%2F2022%2F04%2F11%2Freal-estate-taunton-two-family-home-whittneton-renovated-resold-double-price-dighton-berkley-raynham%2F9502293002%2F,0.10845873010019005
loss,member,https://www.tauntongazette.com/story/news/2022/06/09/former-taunton-middle-school-student-its-new-principal/7570708001/,2.443378559291445
loss,member,https://www.tauntongazette.com/story/news/local/2022/05/08/taunton-gazette-top-stories-marcus-santos-silva-nfl-real-estate/9680799002/,2.6024691504251996
loss,member,https://www.tauntongazette.com/story/business/2022/08/08/raynham-park-to-offer-betting-on-pro-sports-greyhound-races-thoroughbred-racing-harness-racing/10223531002/,2.6014869003946095
loss,member,https://www.tauntongazette.com/story/sports/high-school/2022/09/15/peters-thayer-lead-b-r-golf-rare-win-over-xaverian/10389651002/,1.687884500267709
loss,member,https://www.tauntongazette.com/story/sports/high-school/2022/04/09/taunton-softball-plates-29-runs-pitchers-combine-for-no-hitter/9520866002/,2.249654023484058
loss,member,https://www.tauntongazette.com/story/sports/high-school/softball/2022/06/11/big-bats-solid-pitching-powers-taunton-softball-past-central-catholic/7590572001/,2.3182416198669924
loss,member,https://www.tauntongazette.com/story/news/local/2022/08/18/taunton-food-banks-tackle-growing-food-requests-caused-by-rising-costt-of-living/10343021002/,2.5868473359260094
loss,member,https://www.tauntongazette.com/story/news/traffic/2022/06/28/taunton-upgrade-downtown-crosswalks-main-street-mass-dot-shared-streets-grant-school-trescott-cedar/7653234001/,2.5400636677220314
loss,member,https://www.tauntongazette.com/story/sports/high-school/football/2022/09/01/young-revamped-bristol-plymouth-football-team-rebuilds-2022-season-taunton/7942923001/,2.2769889501294456
loss,member,https://www.tauntongazette.com/story/news/healthcare/2022/07/05/lakeville-cancer-fred-candyman-reagan-fundraising-machine-hilliards-chocolate-jimmy-fund-dana-farber/7765381001/,2.642795579198504
loss,member,https://www.tauntongazette.com/story/sports/2022/04/14/high-school-scores-bp-baseball-wins-again-first-win-taunton-boys-tennis/7326545001/,2.363235764900134
loss,member,https://www.tauntongazette.com/story/sports/high-school/2022/06/03/fridays-high-school-scores-two-taunton-runners-meet-champions/7509925001/,1.9723679330505095
loss,member,https://www.tauntongazette.com/story/sports/2022/04/05/monday-scores-d-r-b-p-softball-taunton-baseball-win-season-openers/9467272002/,2.168628791218558
loss,member,https://www.tauntongazette.com/story/lifestyle/pets/2022/06/05/pet-week-remi-am-staff-dog-taunton-animal-shelter-rescue/7501433001/,2.689781346601462
loss,member,https://www.tauntongazette.com/story/special/2022/08/18/boston-tavern-middleboro-hosts-little-league-world-series-watch-party/10346816002/,2.3189004987364603
loss,member,https://www.tauntongazette.com/story/sports/high-school/baseball/2022/06/11/bridgewater-raynham-baseball-bows-out-franklin-elite-eight/7599839001/,2.186097765426531
loss,member,https://www.tauntongazette.com/story/news/local/2022/04/03/top-stories-police-staffing-bennys-vargas-murders-aries/7245302001/,2.5319267741628972
loss,member,https://www.tauntongazette.com/story/sports/high-school/baseball/2022/05/01/d-r-celebrates-cuthbertsons-600th-win-all-around-effort-601/9593800002/,2.1795108036450133
loss,member,https://www.tauntongazette.com/story/news/local/2022/08/08/raynham-police-and-fire-still-waiting-new-public-safety-building/10234123002/,2.797237688994402
loss,member,https://www.tauntongazette.com/story/news/education/2022/07/13/old-colony-ymca-camp-taunton-children-field-trips-water-wizz-blue-hills-museum-of-science-newport/10017455002/,2.4743503653113743
loss,member,https://www.tauntongazette.com/story/news/politics/government/2022/04/28/2020-federal-census-taunton-voting-precinct-lines-have-changed/9556638002/,2.7368083133733565
loss,member,https://www.tauntongazette.com/story/sports/high-school/softball/2022/05/10/larson-goes-distance-but-taunton-softball-falls-short-kp/9713212002/,2.287330686029397
loss,member,https://www.tauntongazette.com/story/sports/high-school/2022/05/26/thursdays-high-school-scores-b-p-comes-back-over-west-bridgewater/9953127002/,1.7916001499860161
loss,member,https://www.tauntongazette.com/restricted/?return=https%3A%2F%2Fwww.tauntongazette.com%2Fstory%2Fnews%2Flocal%2F2022%2F05%2F12%2Fconstruction-of-sports-simulcasting-facility-at-raynham-park-begins%2F9620945002%2F,0.0685340054700671
loss,member,https://www.tauntongazette.com/restricted/?return=https%3A%2F%2Fwww.tauntongazette.com%2Fstory%2Fnews%2Flocal%2F2022%2F05%2F06%2Ftaunton-union-block-new-apartments-impact-parking-downtown%2F9664108002%2F,0.0685340054700671
loss,member,https://www.tauntongazette.com/story/sports/high-school/2022/05/02/mondays-high-school-scores-b-r-baseball-earns-sixth-shutout/9624473002/,1.816691516902053
loss,member,https://www.tauntongazette.com/story/sports/high-school/baseball/2022/06/07/super-cali-bros-cali-brothers-cousin-help-lift-taunton-over-waltham/7541598001/,2.2143446773354483
loss,member,https://www.tauntongazette.com/story/sports/college/basketball/2022/07/08/tauntons-doug-alves-signs-division-ii-francis-marion-university/7825438001/,2.0098538121936063
loss,member,https://www.tauntongazette.com/story/news/history/2022/08/05/curious-taunton-big-bands-once-packed-historic-roseland-ballroom/10043459002/,2.8351624058073033
loss,member,https://www.tauntongazette.com/story/sports/high-school/baseball/2022/06/08/clutch-hits-solid-pitching-earn-taunton-baseball-win-over-natick/7558149001/,2.051695439275629
loss,member,https://www.tauntongazette.com/story/sports/high-school/2022/05/01/weekend-high-school-scores-b-r-girls-lax-rallies-past-bishop-stang/9611890002/,2.3208862197797133
loss,member,https://www.tauntongazette.com/story/sports/high-school/baseball/2022/06/11/taunton-baseball-shuts-out-braintree-advance-final-four/7595541001/,2.081766006557928
loss,member,https://www.tauntongazette.com/story/sports/high-school/2022/05/18/wednesdays-high-school-scores-mendonca-leads-taunton-over-mansfield/9833177002/,1.7729418946349438
loss,member,https://www.tauntongazette.com/story/news/education/2022/05/10/taunton-drag-queen-story-hour-lgbtq-storytime-children-library-pride/9690148002/,2.4105453400615504
loss,member,https://www.tauntongazette.com/story/news/crime/2022/07/29/attorney-prepares-defense-berkley-horse-breeder-charged-animal-cruelty/10156526002/,2.5248514342467203
loss,member,https://www.tauntongazette.com/story/news/politics/2022/07/12/taunton-roe-v-wade-day-action-rally-green/10025663002/,2.597272643732069
loss,member,https://www.tauntongazette.com/story/business/2022/08/31/tauntons-tom-and-jimmys-replace-peaceful-meadows-middleboro-ice-cream/7937528001/,2.569251444986407
loss,member,https://www.tauntongazette.com/story/news/education/graduation/2022/06/04/dighton-bristol-aggie-valedictorian-noah-hanson-study-wildlife/7455092001/,2.3657279200081702
loss,member,https://www.tauntongazette.com/restricted/?return=https%3A%2F%2Fwww.tauntongazette.com%2Fstory%2Fbusiness%2Freal-estate%2F2022%2F04%2F25%2Freal-estate-condo-tauntons-somerset-gardens-sells-238-000-property-transfers-raynham-dighton%2F7400306001%2F,0.10845873010019005
loss,member,https://www.tauntongazette.com/story/sports/high-school/football/2022/09/09/bristol-plymouth-old-colony-football-september-9-2022/8040271001/,2.471351897538064
loss,member,https://www.tauntongazette.com/restricted/?return=https%3A%2F%2Fwww.tauntongazette.com%2Fstory%2Flifestyle%2Ffood%2F2022%2F05%2F05%2Ftaunton-off-broadway-mimis-diner-replaces-downtown-restaurant-green%2F9613069002%2F,0.0685340054700671
loss,member,https://www.tauntongazette.com/restricted/?return=https%3A%2F%2Fwww.tauntongazette.com%2Fstory%2Fnews%2Flocal%2F2022%2F04%2F26%2Frepairs-expensive-taunton-centuries-old-historic-fire-stations%2F7356816001%2F,0.12418300189004947
loss,member,https://www.tauntongazette.com/story/news/local/2022/08/26/taunton-police-want-longer-school-safety-zone-williams-street-near-parker-middle-school-curb-speedin/7887116001/,2.549318201404825
loss,member,https://www.tauntongazette.com/story/sports/high-school/2022/04/25/mondays-high-school-scores-d-r-softball-rolls-over-old-rochester/7448535001/,1.7657040662407695
loss,member,https://www.tauntongazette.com/story/news/local/2022/07/31/taunton-gazette-top-5-fedex-malis-message-balloon-dighton/10184011002/,2.7146774636408493
loss,member,https://www.tauntongazette.com/story/sports/high-school/2022/05/12/thursdays-high-school-scores-b-p-baseball-bests-blue-hills/9754580002/,1.763042136336276
loss,member,https://www.tauntongazette.com/story/sports/high-school/2022/05/31/who-taunton-daily-gazette-player-week-may-23-28/7453553001/,1.6381387343384872
loss,member,https://www.tauntongazette.com/story/sports/high-school/baseball/2022/06/12/watts-shuts-out-arlington-catholic-seal-d-rs-spot-final-four/7604284001/,2.113312809600764
loss,member,https://www.tauntongazette.com/story/sports/high-school/2022/09/13/taunton-girls-cross-countrys-dunham-finishes-first-vs-king-philip/10372600002/,1.8088075029948052
loss,member,https://www.tauntongazette.com/story/news/local/2022/05/11/berkley-mspca-rescued-ponies-adoption-farm-horses-abuse-neglect-gary-bolger-animal-cruelty/9664881002/,2.453141457227417
loss,member,https://www.tauntongazette.com/story/sports/high-school/baseball/2022/04/26/macdougall-powers-balanced-taunton-baseball-clash-tigers/9548538002/,2.1770566162902574
loss,member,https://www.tauntongazette.com/restricted/?return=https%3A%2F%2Fwww.tauntongazette.com%2Fstory%2Fbusiness%2Freal-estate%2F2022%2F04%2F04%2Freal-estate-victorian-taunton-high-street-sells-705-000-property-transfers-dighton-raynham-berkley%2F7235627001%2F,0.10845873010019005
loss,member,https://www.tauntongazette.com/story/sports/high-school/softball/2022/05/11/berube-leads-case-softball-circle-and-plate-win-over-d-r/9725962002/,2.0799551832621472
loss,member,https://www.tauntongazette.com/story/news/education/2022/08/08/dighton-rehoboth-regional-school-district-town-meeting-rejects-withdraw-kindergarten-8th-grade/10264070002/,2.8939149663649832
loss,member,https://www.tauntongazette.com/story/sports/high-school/baseball/2022/05/24/seniors-have-themselves-day-taunton-baseball-beats-milford/9903898002/,2.0990348035246105
loss,member,https://www.tauntongazette.com/story/sports/high-school/2022/04/24/weekend-scores-d-r-boys-lacrosse-keeps-rolling/7436705001/,1.810930324211288
loss,member,https://www.tauntongazette.com/story/news/local/2022/06/12/taunton-top-stories-rick-spearin-lyndsey-littlefield-rawkstars/7585873001/,2.724365196107719
loss,member,https://www.tauntongazette.com/story/news/local/2022/04/01/police-shortage-recruitment-traffic-detail-taunton-age-limit-home-rule-petition-civilian/7224873001/,2.931994275975602
loss,member,https://www.tauntongazette.com/story/lifestyle/pets/2022/04/17/pet-week-taunton-sophie-sandy-cat-adoption-animal-rescue/7332020001/,2.6169615552584173
loss,member,https://www.tauntongazette.com/story/sports/high-school/baseball/2022/05/12/franklin-quells-taunton-baseballs-bats-hockomock-showdown/9741562002/,2.1295383021396486
loss,member,https://www.tauntongazette.com/restricted/?return=https%3A%2F%2Fwww.tauntongazette.com%2Fstory%2Fsports%2Fhigh-school%2Fsoftball%2F2022%2F04%2F07%2Fhere-greater-taunton-softball-players-watch-spring%2F9474093002%2F,0.10845873010019005
loss,member,https://www.tauntongazette.com/restricted/?return=https%3A%2F%2Fwww.tauntongazette.com%2Fstory%2Fnews%2Fenvironment%2F2022%2F05%2F26%2Ftaunton-climate-change-risk-flooding-ticks-extreme-heat-lake-sabbatia-massasoit-mvp-fema%2F9870920002%2F,0.11346849421663086
loss,member,https://www.tauntongazette.com/story/news/local/2022/07/26/dighton-police-comfort-dog-oakie-partners-sro-stephen-hathaway/10126591002/,2.8303325520416682
loss,member,https://www.tauntongazette.com/story/news/politics/elections/local/2022/08/02/raynham-early-voting-senior-center-displaced-middle-school/10193558002/,2.635702552533851
loss,member,https://www.tauntongazette.com/story/news/2022/04/28/berkley-selectman-candidates-george-miller-tabitha-mccrohan-lay-out-their-plans-town-election/9558606002/,2.7747014051152967
loss,member,https://www.tauntongazette.com/story/news/local/2022/08/05/colonial-road-runners-host-5-k-every-monday-night-raynham/10210634002/,1.8496623354090336
loss,member,https://www.tauntongazette.com/story/news/2022/07/26/taunton-bikes-city-council-summer-activities-hopewell-park-security-box-cutter-ymca-boys-girls-club/10116445002/,2.773753451957952
loss,member,https://www.tauntongazette.com/restricted/?return=https%3A%2F%2Fwww.tauntongazette.com%2Fstory%2Fnews%2Feducation%2F2022%2F06%2F09%2Fschool-superintendent-explains-why-grad-speeches-sounded-distorted-bridgewater-raynham%2F7560869001%2F,0.15256357080302246
loss,member,https://www.tauntongazette.com/story/news/local/2022/08/13/dighton-animal-cruelty-goats-emu-jerry-mspca-seized/10309754002/,2.364032366004714
loss,member,https://www.tauntongazette.com/story/sports/high-school/2022/04/12/who-taunton-daily-gazette-player-week-april-4-9/7286234001/,1.9108278659011737
loss,member,https://www.tauntongazette.com/story/entertainment/arts/2022/05/16/downtown-art-jam-taunton-concerts-murals-exhibits-kids-activities/9746315002/,2.7917173616923385
loss,member,https://www.tauntongazette.com/story/sports/high-school/2022/09/08/taunton-volleyball-soccer-golf-bridgewater-raynham-bristol-plymouth/8026401001/,1.807460147802086
loss,member,https://www.tauntongazette.com/story/lifestyle/pets/2022/05/08/pet-week-sadie-cat-adoption-taunton-shelter-pet-rescue/9675366002/,2.311244939793683
loss,member,https://www.tauntongazette.com/story/business/2022/07/22/taunton-silver-city-galleria-mall-fedex-warehouse-distribution-center-taxes-jobs/10091034002/,2.658745848836447
loss,member,https://www.tauntongazette.com/story/entertainment/local/2022/06/29/dighton-celebrates-2022-firecracker-festival-town-hall-july-9/7760479001/,2.4843693274717227
loss,member,https://www.tauntongazette.com/story/news/local/2022/06/10/dighton-town-meeting-oks-150-k-library-move-smith-memorial-hall/7574208001/,3.1280056602490682
loss,member,https://www.tauntongazette.com/story/news/local/2022/04/17/top-stories-spring-sports-predictions-zografos-loses-rawkstars-taunton-dighton-raynham-pfas-aries/7335231001/,2.808988845736467
loss,member,https://www.tauntongazette.com/story/sports/high-school/2022/09/06/mondays-high-school-scores-taunton-volleyball-takes-opener-over-nb/8006377001/,1.9117400546862862
loss,member,https://www.tauntongazette.com/story/sports/high-school/wrestling/2022/05/24/taunton-wrestler-christian-balmain-commits-iowa-lakes/9914298002/,2.355577545591625
loss,member,https://www.tauntongazette.com/story/news/local/2022/08/07/taunton-gazette-top-5-jenna-lyons-roseland-ballroom-shawn-cronin/10250463002/,2.6533269784886944
loss,member,https://www.tauntongazette.com/story/sports/high-school/baseball/2022/04/20/dighton-rehoboth-falls-short-close-contest-oliver-ames/7389122001/,2.165395765018202
loss,member,https://www.tauntongazette.com/story/news/healthcare/2022/07/14/morton-hospital-massachusetts-nurses-association-contract-strike-raises-staffing-icu/10046997002/,2.4495745335780237
loss,member,https://www.tauntongazette.com/story/lifestyle/pets/2022/04/10/pet-week-luda-jada-black-lab-dog-adoption-taunton-rescue/9510936002/,2.699114228694749
loss,member,https://www.tauntongazette.com/story/news/crime/2022/07/07/dighton-body-worn-cameras-police-bodycams/7814481001/,2.643732270971494
loss,member,https://www.tauntongazette.com/story/sports/high-school/2022/04/06/bridgewater-raynham-baseball-earns-first-win-under-new-coach-connolly/9479787002/,1.9870531306472272
loss,member,https://www.tauntongazette.com/story/lifestyle/pets/2022/08/07/pet-week-duke-am-staff-dog-adoption-taunton-animal-rescue/10246461002/,2.5362254839556577
loss,member,https://www.tauntongazette.com/restricted/?return=https%3A%2F%2Fwww.tauntongazette.com%2Fstory%2Fbusiness%2Freal-estate%2F2022%2F05%2F09%2Freal-estate-east-taunton-home-county-st-sells-almost-500-000-property-transfers-raynham-berkley%2F9665250002%2F,0.0685340054700671
loss,member,https://www.tauntongazette.com/story/sports/high-school/softball/2022/05/17/despite-solid-pitching-taunton-softball-upended-attleboro/9802771002/,2.2640620551716237
loss,member,https://www.tauntongazette.com/story/news/education/graduation/2022/06/05/taunton-high-school-ivy-league-kyanna-barros-brown-university-valedictorian-bioengineering-medical/7469431001/,2.359768076107681
loss,member,https://www.tauntongazette.com/story/sports/high-school/2022/07/20/mayor-city-council-honor-taunton-high-schools-two-state-champion-teams/10104087002/,2.3915529927547894
loss,member,https://www.tauntongazette.com/story/lifestyle/2022/04/07/berkley-based-bostonian-repurposed-owners-advance-diy-heroes-mark-bowe-magnolia-network/7195355001/,2.6591576970828994
loss,member,https://www.tauntongazette.com/story/sports/youth/2022/07/28/taunton-junior-city-open-golf-tournament-set-aug-15-and-16/10170497002/,1.5669204968352892
loss,member,https://www.tauntongazette.com/story/sports/high-school/softball/2022/06/15/team-effort-leads-taunton-over-methuen-and-into-d-1-title-game/7643127001/,2.103068851219738
loss,member,https://www.tauntongazette.com/story/news/education/2022/05/10/dighton-rehoboth-degionalization-dr-k-8-grades-withdraw-parents-superintendent-anthony-azar/9650863002/,2.764775145832065
loss,member,https://www.tauntongazette.com/restricted/?return=https%3A%2F%2Fwww.tauntongazette.com%2Fstory%2Fbusiness%2Freal-estate%2F2022%2F06%2F06%2Freal-estate-report-sale-taunton-home-burt-st-tops-500-000-property-transfers-residential-raynham%2F7488251001%2F,0.13867160651645002
loss,member,https://www.tauntongazette.com/story/news/local/2022/04/13/taunton-rawkstars-nonprofit-provides-kids-free-instruments-lessons/9467756002/,2.6636947226260252
loss,member,https://www.tauntongazette.com/story/sports/youth/2022/07/19/raynham-youth-soccer-grades-5-6-girls-win-division-ii-state-title/10051033002/,2.5313700668507155
loss,member,https://www.tauntongazette.com/story/news/local/2022/08/05/the-little-things-jennas-wish-list-raynham-woman-collects-items-cancer-patients-amazon-tiktok/10158233002/,2.77906930152698
loss,member,https://www.tauntongazette.com/restricted/?return=https%3A%2F%2Fwww.tauntongazette.com%2Fstory%2Fnews%2Fenvironment%2F2022%2F04%2F13%2Ftaunton-pfas-forever-chemicals-water-raynham-dighton-berkley-easton-bridgewater%2F7138530001%2F,0.10845873010019005
loss,member,https://www.tauntongazette.com/story/sports/youth/2022/08/18/machado-poirier-rosa-take-top-spots-taunton-junior-city-open/10343525002/,2.7343820129792094
loss,member,https://www.tauntongazette.com/story/news/politics/2022/06/02/taunton-fall-river-commission-status-women-bristol-county-werlaine-badio-tanya-lobo-esther-rogers/9796771002/,2.5833012276016234
loss,member,https://www.tauntongazette.com/story/news/environment/2022/04/19/scrap-metal-company-and-freetown-settle-residents-still-claim-pollution/7330470001/,2.992040894113426
loss,member,https://www.tauntongazette.com/story/sports/high-school/2022/04/03/breheney-thornton-lead-b-r-boys-lacrosse-opener-win-over-attleboro/7263634001/,1.8176978189116357
loss,member,https://www.tauntongazette.com/restricted/?return=https%3A%2F%2Fwww.tauntongazette.com%2Fstory%2Fnews%2Flocal%2F2022%2F05%2F06%2Ftaunton-parking-downtown-green-leonard-street-garage-lew-pacheco%2F9583180002%2F,0.0685340054700671
loss,member,https://www.tauntongazette.com/story/news/local/2022/05/29/taunton-gazette-top-stories-1-connection-landon-him-outdoor-dining/9966149002/,2.67327344110566
loss,member,https://www.tauntongazette.com/story/sports/high-school/2022/05/17/tuesdays-high-school-scores-d-rs-win-streak-snapped-norton/9816916002/,1.8575443023141605
loss,member,https://www.tauntongazette.com/story/news/crime/2022/09/13/berkley-police-chief-scott-labonte-retiring-kevin-partridge-scott-fournier-search/8022854001/,2.663800143144882
loss,member,https://www.tauntongazette.com/story/sports/high-school/baseball/2022/04/15/leave-them-wanting-moor-taunton-junior-strong-first-varsity-start/7328584001/,2.1179737146179405
loss,member,https://www.tauntongazette.com/story/sports/high-school/2022/09/12/taunton-bridgewater-raynham-bristol-plymouth-dighton-rehoboth-soccer-volleyball-golf-field-hockey/10360134002/,1.3996418299987525
loss,member,https://www.tauntongazette.com/story/sports/high-school/baseball/2022/04/09/still-swinging-taunton-bats-stay-red-hot-win-over-sharon/9522534002/,2.30778766969405
loss,member,https://www.tauntongazette.com/story/lifestyle/pets/2022/07/10/pets-week-binx-and-eve-taunton-animal-shelter-cat-rescue/10015836002/,2.3503665938863043
loss,member,https://www.tauntongazette.com/story/news/history/2022/05/26/taunton-then-and-now-richard-godrey-winthrop-club-city-hall-square/9914015002/,2.7551771613905665
loss,member,https://www.tauntongazette.com/story/entertainment/2022/08/08/local-bands-dreams-come-true-invite-perform-beatlesweek/10146541002/,2.828113168715318
loss,member,https://www.tauntongazette.com/story/news/healthcare/2022/07/29/taunton-memory-cafe-coa-memory-loss-dementia-alzheimers-public-library/10159988002/,2.435762804308012
loss,member,https://www.tauntongazette.com/story/sports/high-school/2022/05/10/who-taunton-daily-gazette-player-week-may-2-7/9709494002/,1.6323954858678245
loss,member,https://www.tauntongazette.com/story/sports/high-school/baseball/2022/06/14/taunton-beats-cm-advance-second-d-1-title-game-three-seasons/7630055001/,2.0800574886608696
loss,member,https://www.tauntongazette.com/story/sports/high-school/2022/04/05/taunton-softball-kicks-off-title-defense-big-win-over-stoughton/9465830002/,2.301470929695391
loss,member,https://www.tauntongazette.com/story/news/politics/government/2022/05/19/tauntons-mayor-retirement-middleboro-40-year-government-robert-nunes-middleboro-town-manager/9804315002/,2.5340818609558875
loss,member,https://www.tauntongazette.com/story/news/local/2022/06/06/berkley-town-meeting-debt-exclusion-proposition-2-1-2-warrant-zoning-assessors-treasurer-collector/7490589001/,3.111169789325853
loss,member,https://www.tauntongazette.com/restricted/?return=https%3A%2F%2Fwww.tauntongazette.com%2Fstory%2Fsports%2Fhigh-school%2Flacrosse%2F2022%2F04%2F13%2Fhere-16-greater-taunton-boys-lacrosse-players-watch%2F7283491001%2F,0.10845873010019005
loss,member,https://www.tauntongazette.com/story/sports/high-school/2022/05/04/wednesdays-high-school-scores-taunton-girls-bested-n-attleboro/9653734002/,1.7458141199754194
loss,member,https://www.tauntongazette.com/story/lifestyle/2022/05/17/little-free-pantry-johnsons-pond-gift-raynham-junior-girl-scouts/9746351002/,2.668194730087701
loss,nonmember,https://www.tauntongazette.com/story/sports/youth/2022/08/18/taunton-west-little-league-u-10-celebrates-strong-season/10344658002/,2.3508654840469827
loss,nonmember,https://www.tauntongazette.com/story/sports/high-school/baseball/2022/06/18/taunton-baseball-claims-second-d-1-title-three-seasons/7675005001/,2.195460854539907
loss,nonmember,https://www.tauntongazette.com/story/sports/high-school/softball/2022/06/09/thorpes-walk-off-lifts-taunton-softball-over-bridgewater-raynham/7563617001/,2.3063124833524418
loss,nonmember,https://www.tauntongazette.com/story/news/environment/2022/05/19/raynham-plastic-bag-ban-town-meeting-rejects-repeal-styrofoam/9825594002/,2.727420841012676
loss,nonmember,https://www.tauntongazette.com/story/news/politics/elections/2022/09/02/2022-primary-election-sept-6-whos-running-how-cast-your-vote-taunton-dighton-raynham-berkley/7953564001/,2.2424555656267176
loss,nonmember,https://www.tauntongazette.com/story/sports/high-school/2022/04/20/wednesdays-high-school-scores-taunton-baseball-stays-perfect/7390939001/,1.7242679030583163
loss,nonmember,https://www.tauntongazette.com/story/sports/high-school/2022/06/07/who-taunton-daily-gazette-player-week-may-30-june-4/7526890001/,1.9272701519504574
loss,nonmember,https://www.tauntongazette.com/story/news/local/2022/05/28/crews-respond-5-alarm-fire-spring-lane-taunton/9976010002/,2.2011935988822837
loss,nonmember,https://www.tauntongazette.com/restricted/?return=https%3A%2F%2Fwww.tauntongazette.com%2Fstory%2Fnews%2Fdrugs%2Fmarijuana%2F2022%2F06%2F15%2Ftaunton-city-council-special-permit-cannabis-facility-traffic-hart-street-san-holdings-jack-barbour%2F7581796001%2F,0.10985399778969578
loss,nonmember,https://www.tauntongazette.com/story/sports/high-school/2022/04/17/weekend-high-school-scores-taunton-softball-scores-walk-off-win/7352822001/,1.805080255785321
loss,nonmember,https://www.tauntongazette.com/story/lifestyle/2022/04/25/taunton-seeks-residents-advice-for-recreation-open-spaces-upgrades/7385863001/,2.7812443282570984
loss,nonmember,https://www.tauntongazette.com/story/entertainment/local/2022/08/05/roseland-ballroom-taunton-hosts-dancing-twice-month-sundays/10092060002/,2.6583522416475804
loss,nonmember,https://www.tauntongazette.com/story/news/politics/government/2022/07/15/easton-fire-chief-kevin-partridge-interim-berkley-town-administrator/10056829002/,2.70398279970502
loss,nonmember,https://www.tauntongazette.com/story/news/environment/2022/07/19/tauntons-wastewater-treat-plant-implements-mandated-nitrogen-upgrades/10083442002/,2.449547344405904
loss,nonmember,https://www.tauntongazette.com/story/sports/high-school/2022/05/17/who-taunton-daily-gazette-player-week-may-9-14/9803572002/,1.7468371954432114
loss,nonmember,https://www.tauntongazette.com/story/news/local/2022/07/17/taunton-top-stories-ed-correira-conflict-camp-taunton-holy-ghost-feast-roe-protest/10071008002/,2.6530529109787757
loss,nonmember,https://www.tauntongazette.com/story/news/local/2022/06/05/taunton-top-stories-los-jefes-cow-chip-festival-salome-lincoln/7503382001/,2.65986788201722
loss,nonmember,https://www.tauntongazette.com/story/sports/youth/2022/05/26/taunton-tornadoes-10-u-softball-team-wins-jaxon-marocco-classic/9931914002/,2.2098347166274044
loss,nonmember,https://www.tauntongazette.com/story/sports/high-school/2022/06/22/who-taunton-daily-gazette-player-week-june-13-18/7704141001/,1.887513308487761
loss,nonmember,https://www.tauntongazette.com/story/news/history/2022/04/04/taunton-history-emily-elizabeth-parsons-nurse-founded-mount-auburn-hospital-civil-war/7236325001/,2.8642211843840317
loss,nonmember,https://www.tauntongazette.com/story/business/2022/05/12/somersets-tammy-ruggeri-opens-puddle-jumper-quilts-dighton/9659398002/,2.737233544097119
loss,nonmember,https://www.tauntongazette.com/story/news/local/2022/06/01/taunton-los-jefes-comida-restaurant-responds-customers-rudeness/9967467002/,2.525901039288723
loss,nonmember,https://www.tauntongazette.com/story/sports/high-school/2022/03/31/dighton-rehoboth-boys-volleyball-falls-season-opener/7241277001/,2.049795797344042
loss,nonmember,https://www.tauntongazette.com/story/sports/high-school/2022/05/10/tuesdays-high-school-scores-taunton-baseball-tops-durfee/9725485002/,1.7019719821601083
loss,nonmember,https://www.tauntongazette.com/story/lifestyle/pets/2022/06/12/pets-week-my-brothers-and-me-taunton-cat-adoption-pet-rescue/7580435001/,2.918452667256475
loss,nonmember,https://www.tauntongazette.com/story/lifestyle/2022/07/29/taunton-city-band-broadway-show-tunes-patriotic-songs-housing-authority/10166731002/,2.2547469970057015
loss,nonmember,https://www.tauntongazette.com/story/news/local/2022/07/10/taunton-gazette-top-5-tess-brunelle-police-bodycams-jimmy-fund/10017353002/,2.6886467253571364
loss,nonmember,https://www.tauntongazette.com/story/sports/high-school/baseball/2022/06/14/dighton-rehoboth-baseball-loses-newburyport-state-semifinals/7630115001/,2.359427196584323
loss,nonmember,https://www.tauntongazette.com/story/news/local/2022/06/10/miss-taunton-lyndsey-littlefield-american-ninja-warrior-bridgewater-raynham/7535348001/,2.7106891727458353
loss,nonmember,https://www.tauntongazette.com/story/news/environment/2022/04/01/sweets-knoll-improvement-dighton-dcr-opens-project-public-input-state-park-trails-accessibility/7224563001/,2.5673121722887315
loss,nonmember,https://www.tauntongazette.com/restricted/?return=https%3A%2F%2Fwww.tauntongazette.com%2Fstory%2Fnews%2Fdrugs%2Fmarijuana%2F2022%2F06%2F08%2Ftaunton-cannabis-city-council-law-department-matthew-costa-marijuana-chris-coute-estele-borges%2F7505563001%2F,0.15256357080302246
loss,nonmember,https://www.tauntongazette.com/story/news/local/2022/08/15/segregansett-caddie-plays-golf-taunton-country-club-70-years-later/10274692002/,2.8579436595728014
loss,nonmember,https://www.tauntongazette.com/restricted/?return=https%3A%2F%2Fwww.tauntongazette.com%2Fstory%2Flifestyle%2Ffood%2F2022%2F06%2F16%2Fguchanya-pastry-owner-cape-verde-native-opens-pastry-shop-school-street-bakery-taunton%2F7499033001%2F,0.10985399778969578
loss,nonmember,https://www.tauntongazette.com/story/sports/high-school/2022/04/27/wednesdays-high-school-scores-d-rs-cuthbertson-hits-600-career-wins/9564206002/,1.8627681772860236
loss,nonmember,https://www.tauntongazette.com/story/business/2022/05/02/everlasting-charm-cabinet-repainting-business-booms-berkley-owner/9569994002/,2.61119463557797
loss,nonmember,https://www.tauntongazette.com/story/news/politics/elections/local/2022/08/14/raynham-election-early-voting-moved-out-senior-center-primary/10298624002/,2.8015790600742894
loss,nonmember,https://www.tauntongazette.com/story/news/2022/08/26/taunton-summer-celebration-at-hoepwell-ppark-postponed-due-to-severe-weather-threat/7907233001/,2.13747773834339
loss,nonmember,https://www.tauntongazette.com/restricted/?return=https%3A%2F%2Fwww.tauntongazette.com%2Fstory%2Fbusiness%2Freal-estate%2F2022%2F04%2F18%2Freal-estate-castle-home-taunton-tremont-st-sells-almost-900-000-property-transfers-dighon-berkey%2F7321436001%2F,0.10845873010019005
loss,nonmember,https://www.tauntongazette.com/story/news/fire/2022/07/25/berkley-firefighters-fire-department-john-franco-amasa-harmon-retire/10138961002/,2.92384873187285
loss,nonmember,https://www.tauntongazette.com/story/news/local/2022/07/03/taunton-gazette-top-stories-michael-messina-leoncello-boxing-engayge/7790989001/,2.589534301938128
loss,nonmember,https://www.tauntongazette.com/restricted/?return=https%3A%2F%2Fwww.tauntongazette.com%2Fstory%2Fsports%2Fhigh-school%2F2022%2F05%2F16%2Ftaunton-high-b-r-swimmers-named-taunton-daily-gazette-all-scholastics%2F9771381002%2F,0.0685340054700671
loss,nonmember,https://www.tauntongazette.com/story/news/local/2022/04/20/taunton-high-street-planning-board-condominium-condo-complex-high-street/7372765001/,2.7803468627050703
loss,nonmember,https://www.tauntongazette.com/story/sports/high-school/2022/05/16/mondays-high-school-scores-macdougall-leads-taunton-over-attleboro/9802856002/,1.902998047668503
loss,nonmember,https://www.tauntongazette.com/story/news/local/2022/05/20/taunton-green-temporary-seating-plaza-safety-parking-outdoors/9828526002/,2.747058733176597
loss,nonmember,https://www.tauntongazette.com/story/sports/high-school/football/2022/09/13/taunton-bridgewater-raynham-bristol-plymouth-dighton-rehoboth-football-player-of-the-week-one/10363872002/,1.7824440000878587
loss,nonmember,https://www.tauntongazette.com/story/sports/high-school/2022/05/23/mondays-high-school-scores-lynch-leads-taunton-softball-over-milford/9902708002/,1.8882704514314126
loss,nonmember,https://www.tauntongazette.com/story/sports/high-school/2022/04/19/who-taunton-daily-gazette-player-week-april-11-16/7359199001/,1.6594902519411068
loss,nonmember,https://www.tauntongazette.com/story/sports/high-school/2022/05/25/wednesdays-high-school-scores-taunton-baseball-tops-milford/9938066002/,2.0065818269130147
loss,nonmember,https://www.tauntongazette.com/restricted/?return=https%3A%2F%2Fwww.tauntongazette.com%2Fstory%2Fsports%2Fhigh-school%2Fbaseball%2F2022%2F06%2F18%2Fd-1-baseball-championship-preview-taunton-seeks-title-against-franklin%2F7663627001%2F,0.10420808592160102
loss,nonmember,https://www.tauntongazette.com/story/business/2022/07/22/malis-raynham-offers-modern-twist-southeast-asian-street-food/10085338002/,2.816814828492676
loss,nonmember,https://www.tauntongazette.com/restricted/?return=https%3A%2F%2Fwww.tauntongazette.com%2Fstory%2Fsports%2Fhigh-school%2Flacrosse%2F2022%2F04%2F19%2Fhere-greater-taunton-girls-lacrosse-players-watch%2F7309338001%2F,0.10845873010019005
loss,nonmember,https://www.tauntongazette.com/story/news/education/2022/09/12/taunton-public-school-2022-2023-new-principals-teacher-shortage-covid-learning-loss-jaimie-pereira/8028360001/,2.219671617040815
loss,nonmember,https://www.tauntongazette.com/story/business/2022/06/21/fall-river-couple-opens-new-grilla-greek-kouzina-restaurant-taunton/7535402001/,2.5628775297907054
loss,nonmember,https://www.tauntongazette.com/story/news/courts/2022/05/15/suspect-lgbtq-hate-crime-homophobic-attack-taunton-cleared-jury-michael-cates-brockton/9754124002/,2.6321788916345845
loss,nonmember,https://www.tauntongazette.com/story/sports/high-school/baseball/2022/05/18/macdougall-leads-taunton-baseball-bounce-back-win-over-mansfield/9833857002/,2.099200834210492
loss,nonmember,https://www.tauntongazette.com/story/sports/high-school/softball/2022/04/22/taunton-outlasts-attleboro-softball-slugfest/7417870001/,2.207636692095695
loss,nonmember,https://www.tauntongazette.com/story/sports/high-school/softball/2022/05/26/honoring-mark-lasser-taunton-softball-upends-bishop-feehan/9938361002/,2.1997915291468026
loss,nonmember,https://www.tauntongazette.com/story/sports/high-school/2022/09/14/taunton-b-r-b-p-d-r-soccer-cross-country-field-hockey-volleyball-golf-september-14-2022/10383225002/,1.66942845040783
loss,nonmember,https://www.tauntongazette.com/story/news/local/2022/04/10/top-taunton-stories-ukraine-support-game-shop-opens-sister-city-new-york-lace-kings-court-england/9513094002/,2.5364733031280915
loss,nonmember,https://www.tauntongazette.com/restricted/?return=https%3A%2F%2Fwww.tauntongazette.com%2Fstory%2Fbusiness%2Freal-estate%2F2022%2F05%2F30%2Freal-estate-resort-like-waterfront-home-dighton-sells-almost-700-000-property-transfers-taunton%2F9943533002%2F,0.11346849421663086
loss,nonmember,https://www.tauntongazette.com/story/sports/2022/04/10/saturday-high-school-scores-b-r-boys-lacrosse-bp-girls-lacrosse-win/9532089002/,2.4190321212629526
loss,nonmember,https://www.tauntongazette.com/story/lifestyle/pets/2022/05/22/pet-week-drako-am-staff-taunton-animal-shelter-dog-rescue/9856879002/,2.7293181043632204
loss,nonmember,https://www.tauntongazette.com/story/business/2022/05/12/proposed-marijuana-facility-taunton-myles-standish-industrial-park-raises-odor-concerns/9736232002/,2.568057789510904
loss,nonmember,https://www.tauntongazette.com/story/news/healthcare/2022/04/22/taunton-mental-health-police-stigma-public-officer-steve-turner/7267607001/,2.6637798467214964
loss,nonmember,https://www.tauntongazette.com/story/news/local/2022/06/10/berkley-town-meeting-debt-exclusion-approved-cruisers-highway-assessor-treasurer-collector/7573635001/,3.330217806532458
loss,nonmember,https://www.tauntongazette.com/story/sports/high-school/2022/09/07/wednesdays-high-school-scores-oleary-leads-ths-field-hockey-win/8014423001/,1.8269606362573578
loss,nonmember,https://www.tauntongazette.com/restricted/?return=https%3A%2F%2Fwww.tauntongazette.com%2Fstory%2Fnews%2Feducation%2F2022%2F06%2F10%2Ftaunton-high-school-graduation-ceremony-field-house-criticized-football-field%2F7545728001%2F,0.10985399778969578
loss,nonmember,https://www.tauntongazette.com/story/lifestyle/health-fitness/2022/04/21/taunton-real-brazilian-jiu-jitsu-martial-arts-school-main-street-jair-morselli/7293547001/,2.580522471564992
loss,nonmember,https://www.tauntongazette.com/story/news/local/2022/09/18/top-stories-mikayla-nogueira-berkley-police-chief-football-game-move/10390499002/,2.5322299342737633
loss,nonmember,https://www.tauntongazette.com/story/news/good-news/2022/04/28/bridgewater-raynham-prom-bumped-concert-gillette-host-field-day-garth-brooks/9545284002/,2.7503627065879606
loss,nonmember,https://www.tauntongazette.com/story/lifestyle/health-fitness/2022/04/08/taunton-gym-raw-moves-downtown-former-gazette-building/7156874001/,2.5630322475278065
loss,nonmember,https://www.tauntongazette.com/story/news/crime/2022/08/21/taunton-man-convicted-child-rape-sentenced-10-years-prison/7860167001/,2.1041788752722423
loss,nonmember,https://www.tauntongazette.com/story/news/2022/07/24/top-stories-taunton-raynham-dighton-berkley-rehoboth/10129045002/,3.0312096084383064
loss,nonmember,https://www.tauntongazette.com/story/sports/recreation/2022/06/14/taunton-river-trail-dighton-somerset-bike-paths-sidewalks-nature/7472250001/,2.207801335501641
loss,nonmember,https://www.tauntongazette.com/story/business/2022/05/23/dightons-first-cannabis-dispensary-1-connection-opens/9856798002/,2.73987713199944
loss,nonmember,https://www.tauntongazette.com/story/sports/high-school/softball/2022/06/14/d-r-softball-falls-greater-new-bedford-d-3-final-four/7631599001/,1.9644160778643822
loss,nonmember,https://www.tauntongazette.com/story/news/education/2022/07/06/taunton-bristol-plymouth-b-p-cosmetology-student-wins-skills-usa-gold-tess-brunelle-emily-rouleau/7771733001/,2.81210417068366
loss,nonmember,https://www.tauntongazette.com/story/news/local/2022/09/15/berkley-friends-library-drag-queen-fundraiser/10379211002/,3.0030429779438643
loss,nonmember,https://www.tauntongazette.com/story/sports/high-school/2022/04/26/tuesdays-high-school-scores-taunton-softball-shuts-out-oa/9547703002/,2.209127432853607
loss,nonmember,https://www.tauntongazette.com/story/sports/high-school/softball/2022/06/08/raposos-16-strikeouts-leads-dighton-rehoboth-softball-over-tantasqua/7550070001/,2.1122214069159453
loss,nonmember,https://www.tauntongazette.com/story/sports/high-school/2022/04/02/perry-monahan-score-twice-b-r-girls-lacrosse-season-opener/7254530001/,1.9785316244182574
loss,nonmember,https://www.tauntongazette.com/story/news/homelessness/2022/09/06/taunton-homeless-group-home-38-winthrop-street-firefighter-bob-bastis-community-counseling/7951538001/,2.522430207611412
loss,nonmember,https://www.tauntongazette.com/story/sports/high-school/football/2022/09/02/taunton-football-returns-25-seniors-hopes-experience-counts-2022/7936605001/,2.3400579927198883
loss,nonmember,https://www.tauntongazette.com/story/sports/high-school/softball/2022/07/26/taunton-high-softball-honored-at-fenway-park-after-winning-their-second-straight-state-title/10138014002/,2.4537330877144132
loss,nonmember,https://www.tauntongazette.com/story/news/history/2022/06/01/women-taunton-labor-leader-female-preacer-salome-lincoln-gets-gravestone-after-180-years/9980801002/,2.6933228306458545
loss,nonmember,https://www.tauntongazette.com/story/news/politics/elections/local/2022/05/08/berkley-election-2022-selectman-george-miller-re-elected-proposition-2-1-2-debt-exclusion/9632891002/,2.698121338762191
loss,nonmember,https://www.tauntongazette.com/restricted/?return=https%3A%2F%2Fwww.tauntongazette.com%2Fstory%2Fbusiness%2Freal-estate%2F2022%2F05%2F23%2Freal-estate-second-unit-new-winthrop-st-duplex-taunton-sells-500-000-dighton-raynham%2F9838163002%2F,0.11591917782081043
loss,nonmember,https://www.tauntongazette.com/story/sports/high-school/2022/04/12/tuesdays-high-school-scores-d-r-girls-lacrosse-dominates-bourne/7298150001/,2.3565720764623426
loss,nonmember,https://www.tauntongazette.com/restricted/?return=https%3A%2F%2Fwww.tauntongazette.com%2Fstory%2Fsports%2Fhigh-school%2F2022%2F04%2F18%2Fhere-10-greater-taunton-boys-volleyball-players-watch-dighton-rehoboth%2F7339303001%2F,0.10845873010019005
loss,nonmember,https://www.tauntongazette.com/story/lifestyle/faith/2022/05/04/raynham-st-anns-church-builds-beds-kids-need-homeless/9539482002/,2.4400743353386507
loss,nonmember,https://www.tauntongazette.com/story/sports/high-school/soccer/2022/09/15/dighton-reboboth-boys-soccer-defeats-bourne-enters-new-era/10384608002/,2.4765604244259585
loss,nonmember,https://www.tauntongazette.com/story/news/2022/06/06/taunton-kelly-clarkson-show-rawkstar-jon-jacobs-tv-television/9926812002/,2.529915170108004
loss,nonmember,https://www.tauntongazette.com/story/news/military/2022/06/13/bridgewater-native-blake-ruehrwein-rehoboth-monuments-man-art-army-reserves/9943100002/,2.6423254708159076
loss,nonmember,https://www.tauntongazette.com/story/sports/high-school/basketball/2022/07/13/b-rs-seavey-inducted-into-new-agenda-northeast-hall-fame/10055762002/,2.2983937122981497
loss,nonmember,https://www.tauntongazette.com/story/sports/high-school/softball/2022/08/14/taunton-softballs-consalvi-named-head-coach-bridgewater-state/10313829002/,2.2347121873393934
loss,nonmember,https://www.tauntongazette.com/story/lifestyle/food/2022/04/11/national-grilled-cheese-day-ugly-duckling-riverhouse-frates-panera/9501847002/,1.982478370225589
loss,nonmember,https://www.tauntongazette.com/story/news/history/2022/08/08/taunton-then-and-now-staples-coal-cohannet-mills-winthrop-st-baptist/10191954002/,2.63744578542455
loss,nonmember,https://www.tauntongazette.com/story/sports/youth/2022/08/04/taunton-tornadoes-u-10-softball-team-look-close-summer-top-coach-peter-buffington/10209404002/,2.407194073031104
loss,nonmember,https://www.tauntongazette.com/story/sports/high-school/football/2022/09/17/taunton-durfee-football-mansfield-high-school-september-17-2022/10412030002/,2.3876750477782793
loss,nonmember,https://www.tauntongazette.com/story/news/education/graduation/2022/06/10/meet-dighton-rehoboth-regional-high-schools-top-10-graduates-2022/9732657002/,2.885491000294855
loss,nonmember,https://www.tauntongazette.com/story/sports/high-school/softball/2022/06/11/raposos-home-run-helps-lead-d-r-softball-over-austin-prep/7592037001/,2.2485116293321026
loss,nonmember,https://www.tauntongazette.com/story/sports/high-school/2022/05/20/fridays-high-school-scores-d-r-softball-soars-over-apponequet/9868477002/,1.6351672481920496
loss,nonmember,https://www.tauntongazette.com/story/lifestyle/faith/2022/06/22/taunton-congregation-agudath-achim-synagogue-holds-pride-shabbat-2022/7678262001/,2.768888922324103
loss,nonmember,https://www.tauntongazette.com/story/lifestyle/food/2022/04/18/taunton-real-brazil-restaurant-and-market-churrasco-brazilian-barbecue-bbq-linguica-steak-tremont-st/7309271001/,2.5751227068863334
loss,nonmember,https://www.tauntongazette.com/story/sports/high-school/football/2022/09/17/young-dighton-rehoboth-football-team-earns-win-over-austin-prep/10403746002/,2.3146725877014673
loss,nonmember,https://www.tauntongazette.com/story/sports/high-school/2022/05/05/thursdays-high-school-scores-taunton-softball-trounces-milford/9668084002/,1.735233679003426
loss,nonmember,https://www.tauntongazette.com/story/sports/high-school/2022/06/14/who-taunton-daily-gazette-player-week-june-6-12/7618976001/,2.1425461263088925
loss,nonmember,https://www.tauntongazette.com/story/news/courts/2022/05/16/taunton-woman-fit-trial-unprovoked-stabbing-morton-hospital-employee/9767526002/,2.3724111721383876
loss,nonmember,https://www.tauntongazette.com/story/lifestyle/pets/2022/08/28/pet-week-gregory-cat-rescue-taunton-animal-shelter/7903756001/,2.568509427411985
loss,nonmember,https://www.tauntongazette.com/story/news/politics/2022/05/23/trump-spirit-fighting-theme-runs-through-ma-gop-convention-taunton-mayor-shaunna-oconnell/9890429002/,3.045816101762629
loss,nonmember,https://www.tauntongazette.com/story/sports/2022/07/25/taunton-high-school-football-field-track-lighting-turf-athletic-director-mark-ottavianelli/10105056002/,2.473331007491998
loss,nonmember,https://www.tauntongazette.com/story/sports/high-school/softball/2022/04/14/ava-venturelli-lets-loose-taunton-softball-wins-big/7314606001/,2.263251850918191
loss,nonmember,https://www.tauntongazette.com/story/news/crime/2022/08/02/ceo-taunton-based-dgp-miles-insurance-pleads-guilty-fraud-embezzlement/10200153002/,2.247436306771999
loss,nonmember,https://www.tauntongazette.com/story/lifestyle/pets/2022/07/17/pet-week-spencer-am-staff-rescue-taunton-animal-shelter/10068672002/,2.7350393117870073
loss,nonmember,https://www.tauntongazette.com/story/sports/high-school/softball/2022/04/29/taunton-dedicates-win-over-mansfield-late-jmu-softball-player/9580783002/,2.2320927579659076
loss,nonmember,https://www.tauntongazette.com/story/sports/high-school/football/2022/09/06/dighton-rehoboth-football-hoping-gain-experience-young-squad/7946476001/,2.196559291426308
loss,nonmember,https://www.tauntongazette.com/story/sports/2022/05/02/taunton-native-marcus-santos-silva-signs-nfl-cleveland-browns/9622406002/,2.130171360124732
loss,nonmember,https://www.tauntongazette.com/story/news/local/2022/07/22/balloon-message-ny-summer-camp-lands-dighton-ma/10090121002/,2.7839341299707128
loss,nonmember,https://www.tauntongazette.com/story/news/history/2022/05/05/arthur-cleveland-bent-taunton-renowned-ornithologist/9636526002/,2.8142975899554563
loss,nonmember,https://www.tauntongazette.com/story/news/history/2022/07/08/women-taunton-silent-film-star-elsa-lorimers-lost-movies-gilded-dream/7826598001/,2.7118889276979474
loss,nonmember,https://www.tauntongazette.com/story/news/2022/05/06/cedric-cromwell-convicted-bribery-case-related-taunton-first-light-casino/9671830002/,0.593619167935527
loss,nonmember,https://www.tauntongazette.com/story/sports/college/softball/2022/04/26/close-to-homecoming-taunton-highs-kelsey-white-villanova-softball-providence/7436647001/,2.3533594040780073
loss,nonmember,https://www.tauntongazette.com/story/news/local/2022/08/07/tauntons-peter-b-gay-lodge-columbia-cultural-trust-scholarships-taunton-high-br-bp/10247465002/,2.6998418898778564
loss,nonmember,https://www.tauntongazette.com/restricted/?return=https%3A%2F%2Fwww.tauntongazette.com%2Fstory%2Fsports%2Fhigh-school%2Fbaseball%2F2022%2F04%2F11%2Fhere-20-greater-taunton-baseball-players-watch-spring%2F9488026002%2F,0.10845873010019005
loss,nonmember,https://www.tauntongazette.com/story/sports/high-school/football/2022/09/09/taunton-new-bedford-football-september-9-2022/8045879001/,2.5013863689486246
loss,nonmember,https://www.tauntongazette.com/story/sports/youth/2022/07/26/berkley-soccer-grade-11-girls-win-division-ii-state-championship/10146548002/,2.642114794444766
loss,nonmember,https://www.tauntongazette.com/story/lifestyle/features/2022/04/05/curious-taunton-whats-like-our-sister-city-taunton-england/7250653001/,2.683623194105363
loss,nonmember,https://www.tauntongazette.com/story/news/environment/2022/08/18/taunton-heat-islands-downtown-hotter-due-concrete-lack-trees/10342297002/,2.729749724660668
loss,nonmember,https://www.tauntongazette.com/story/news/education/2022/06/14/taunton-b-p-freetown-join-bristol-plymouth-regional-technical-school-district/7552486001/,2.313987907114064
loss,nonmember,https://www.tauntongazette.com/story/news/local/2022/06/17/taunton-first-ever-pride-festival-june-11-2022-hopewell-park-lgbtq/7626898001/,2.3653671066176316
loss,nonmember,https://www.tauntongazette.com/story/news/local/2022/05/01/taunton-gazette-top-5-gillette-b-r-prom-parks-and-rec-kelsey-white/9587713002/,2.6816701089783175
loss,nonmember,https://www.tauntongazette.com/story/sports/high-school/2022/09/09/taunton-bridgewater-raynham-bristol-plymouth-dighton-rehoboth-football-soccer-field-hockey-volleybal/8037356001/,1.877531230781682
loss,nonmember,https://www.tauntongazette.com/story/news/drugs/marijuana/2022/05/27/taunton-cannabis-cultivation-grow-myles-standish-marijuana-greater-goods-odor-pot/9932225002/,2.997374070652688
loss,nonmember,https://www.tauntongazette.com/story/sports/2022/04/12/mondays-high-school-scores-wins-d-r-bp-girls-lacrosse-taunton-baseball-wins-undefeated-3-0/7286700001/,2.2028143701708447
loss,nonmember,https://www.tauntongazette.com/restricted/?return=https%3A%2F%2Fwww.tauntongazette.com%2Fstory%2Fsports%2Fhigh-school%2Fsoftball%2F2022%2F06%2F17%2Fdi-softball-championship-preview-taunton-looks-defend-title%2F7653584001%2F,0.10420808592160102
loss,nonmember,https://www.tauntongazette.com/story/sports/high-school/2022/05/19/thursdays-high-school-scores-taunton-baseball-tops-new-bedford/9849067002/,1.7988546522987703
loss,nonmember,https://www.tauntongazette.com/story/news/crime/2022/06/14/violent-armed-robbery-taunton-liquor-store-teenagers/7547639001/,2.475607142895346
loss,nonmember,https://www.tauntongazette.com/restricted/?return=https%3A%2F%2Fwww.tauntongazette.com%2Fstory%2Fnews%2Ftraffic%2F2022%2F06%2F02%2Fraynham-traffic-safety-directed-patrols-route-44-138-laliberte-radar%2F7459981001%2F,0.13867160651645002
loss,nonmember,https://www.tauntongazette.com/story/news/politics/elections/local/2022/04/10/dighton-election-selectman-brett-zografos-loses-peter-caron-rachel-goulart-leonard-hull/9518631002/,2.768098515508162
loss,nonmember,https://www.tauntongazette.com/story/news/crime/2022/06/02/taunton-kevin-lennon-kbl-vending-machine-company-fraud-routes-randolph/9964627002/,2.5794290706355762
loss,nonmember,https://www.tauntongazette.com/story/news/crime/2022/06/14/dighton-police-applicants-first-youth-police-academy-training-teens/7610328001/,2.4155932311674944
loss,nonmember,https://www.tauntongazette.com/story/lifestyle/pets/2022/09/11/pet-week-frost-cat-taunton-animal-shelter-adoption-rescue/8037418001/,2.3005676451292443
loss,nonmember,https://www.tauntongazette.com/restricted/?return=https%3A%2F%2Fwww.tauntongazette.com%2Fstory%2Fsports%2Fhigh-school%2Fbaseball%2F2022%2F06%2F03%2Fhere-20-taunton-area-baseball-players-watch-postseason%2F7478307001%2F,0.13867160651645002
loss,nonmember,https://www.tauntongazette.com/story/news/coronavirus/2022/08/01/gda-covid-19-state-2022-08-01-ma-ntdg/65387943007/,0.5501992063394424
loss,nonmember,https://www.tauntongazette.com/story/lifestyle/pets/2022/07/03/pets-week-bonded-buddies-taunton-animal-shelter-cat-rescue/7787356001/,2.3018736487556795
loss,nonmember,https://www.tauntongazette.com/restricted/?return=https%3A%2F%2Fwww.tauntongazette.com%2Fstory%2Fnews%2Fgood-news%2F2022%2F06%2F10%2Ftaunton-quadruplets-ashley-ness-expecting-2-pairs-identical-twins-spontaneous-natural%2F9926790002%2F,0.10985399778969578
loss,nonmember,https://www.tauntongazette.com/restricted/?return=https%3A%2F%2Fwww.tauntongazette.com%2Fstory%2Fnews%2Fenvironment%2F2022%2F04%2F15%2Ftaunton-aries-gasification-rfp-city-solicitor-matthew-costa-sludge-pfas-landfill-law-department%2F7308483001%2F,0.10845873010019005
loss,nonmember,https://www.tauntongazette.com/story/news/local/2022/09/04/taunton-gazette-top-5-tom-and-jimmys-paul-monti-epa-outlaws-verdict/7974572001/,2.5347103449008843
loss,nonmember,https://www.tauntongazette.com/story/news/2022/09/08/taunton-salute-peter-corr-retired-police-officer-taunton-school-committee-bristol-plymouth-tmlp/7959671001/,2.357538563640629
loss,nonmember,https://www.tauntongazette.com/story/news/education/2022/05/27/taunton-high-school-teen-ted-talk-club-kids-mental-health-children-students/9793978002/,2.60409097726419
loss,nonmember,https://www.tauntongazette.com/story/sports/high-school/softball/2022/05/06/lynch-krockta-lead-high-powered-taunton-softball-offense-over-foxboro/9682372002/,2.187399253496023
loss,nonmember,https://www.tauntongazette.com/story/sports/high-school/football/2022/04/27/b-ps-bill-moan-inducted-into-mhsfca-hall-fame/7449548001/,2.25248407271641
loss,nonmember,https://www.tauntongazette.com/story/news/local/2022/06/23/berkley-town-administrator-heather-martin-sterling-resigns-accountant-katherine-avila-nickelson/7709859001/,2.7721489027855055
loss,nonmember,https://www.tauntongazette.com/restricted/?return=https%3A%2F%2Fwww.tauntongazette.com%2Fstory%2Fbusiness%2Freal-estate%2F2022%2F06%2F20%2Freal-estate-taunton-duplex-weir-sells-just-under-600-000-property-transfers-dighton-raynham-berkley%2F7646205001%2F,0.10420808592160102
loss,nonmember,https://www.tauntongazette.com/story/entertainment/local/2022/05/17/lgbtq-drag-queen-reads-kids-taunton-public-library-story-hour/9778301002/,2.595389416107715
loss,nonmember,https://www.tauntongazette.com/restricted/?return=https%3A%2F%2Fwww.tauntongazette.com%2Fstory%2Fnews%2Fhomelessness%2F2022%2F05%2F26%2Ftaunton-homeless-shelter-samaritan-house-intoxicated-residents-sober-paul-mccarty-ingell-street%2F9853542002%2F,0.11346849421663086
loss,nonmember,https://www.tauntongazette.com/story/sports/2022/09/14/taunton-high-home-games-moved-work-wraps-up-new-sports-facilities/10379120002/,2.532774602082027
loss,nonmember,https://www.tauntongazette.com/story/news/crime/2022/05/20/berkley-horse-breeder-gary-bolger-arraigned-animal-cruelty-rescue-league-bail-ponies/9838390002/,2.6491177962103207
loss,nonmember,https://www.tauntongazette.com/story/news/environment/2022/09/01/taunton-epa-ethylene-oxide-gas-cancer-carcinogen-professional-contract-sterilization-pcs-myles/7867302001/,2.7080553865919077
loss,nonmember,https://www.tauntongazette.com/story/news/local/2022/08/14/taunton-top-stories-star-club-beatles-sports-betting-d-r-vote/10310653002/,2.5348263371525213
loss,nonmember,https://www.tauntongazette.com/story/news/local/2022/05/22/taunton-top-news-stories-nurse-strike-drag-queen-story-hour/9858263002/,2.2828290085454794
loss,nonmember,https://www.tauntongazette.com/story/sports/high-school/2022/05/13/fridays-high-school-sports-deponte-breaks-ths-girls-two-mile-record/9770298002/,1.9597727728789809
loss,nonmember,https://www.tauntongazette.com/story/news/local/2022/07/29/raynham-town-administrator-dartmouth-gregory-w-barnes-ta/10167411002/,2.621220930314155
loss,nonmember,https://www.tauntongazette.com/story/sports/high-school/2022/04/26/who-taunton-daily-gazette-player-week-april-18-23/7444148001/,1.7421811460469572
loss,nonmember,https://www.tauntongazette.com/story/news/history/2022/09/07/curious-taunton-second-oldest-tree-massachusetts-european-beech-winthrop-street/7989563001/,2.71561798141155
loss,nonmember,https://www.tauntongazette.com/restricted/?return=https%3A%2F%2Fwww.tauntongazette.com%2Fstory%2Fnews%2Fdrugs%2Fmarijuana%2F2022%2F04%2F20%2Ftaunton-montel-williams-tv-host-freshly-baked-cannabis-marijuana-vapes-inspire%2F7330683001%2F,0.10845873010019005
loss,nonmember,https://www.tauntongazette.com/story/news/education/2022/06/04/meet-bristol-plymouth-regional-technical-schools-top-10-graduates-2022/9960983002/,2.3684995000675437
loss,nonmember,https://www.tauntongazette.com/story/news/2022/04/24/raynham-dojo-promotes-73-year-old-student-black-belt/7294157001/,2.475965393605752
loss,nonmember,https://www.tauntongazette.com/story/sports/high-school/2022/05/03/who-taunton-daily-gazette-player-week-april-25-may-1/9625544002/,1.712966405408239
loss,nonmember,https://www.tauntongazette.com/story/news/local/2022/05/26/greater-taunton-memorial-day-2022-events-observances-parades-more/9933106002/,2.2533267943514943
loss,nonmember,https://www.tauntongazette.com/restricted/?return=https%3A%2F%2Fwww.tauntongazette.com%2Fstory%2Flifestyle%2Ffood%2F2022%2F06%2F07%2Fraynham-restaurant-seafood-cones-broadway-ice-cream-lobster-burgers-fish-scallops%2F7471543001%2F,0.13867160651645002
loss,nonmember,https://www.tauntongazette.com/story/news/local/2022/06/28/leoncello-boxing-gym-owner-looks-help-addicts-kids-through-fitness-raynham-brockton-west-bridgewater/7535378001/,2.5893844645193536
loss,nonmember,https://www.tauntongazette.com/restricted/?return=https%3A%2F%2Fwww.tauntongazette.com%2Fstory%2Fnews%2Fenvironment%2F2022%2F06%2F02%2Ftaunton-lake-sabbatia-invasive-weeds-milfoil-fanwort-water-chestnut-sonar-herbicide%2F9895021002%2F,0.13867160651645002
loss,nonmember,https://www.tauntongazette.com/story/news/local/2022/08/21/taunton-stop-stories-nancy-quill-joe-nugent-carrie-consalvi-emu/7846200001/,2.50522689105828
loss,nonmember,https://www.tauntongazette.com/story/news/politics/elections/state/2022/08/26/taunton-area-early-voting-times-locations-ma-state-primary/7888315001/,1.2549354945826094
loss,nonmember,https://www.tauntongazette.com/story/sports/high-school/2022/05/24/who-taunton-daily-gazette-player-week-may-16-21/9907450002/,1.6790122300140302
loss,nonmember,https://www.tauntongazette.com/story/sports/high-school/baseball/2022/06/10/big-first-inning-propels-dighton-rehoboth-over-north-reading/7576854001/,2.1115095976327902
loss,nonmember,https://www.tauntongazette.com/story/entertainment/local-celebrity/2022/08/15/radio-dj-raynham-native-nancy-quill-ma-broadcasters-hall-fame/10245334002/,2.4972982627406584
loss,nonmember,https://www.tauntongazette.com/story/news/local/2022/05/04/berkley-animal-rescue-league-horse-breeder-animal-cruelty-ponies-gary-bolger/9633574002/,2.404636752496847
loss,nonmember,https://www.tauntongazette.com/story/news/education/graduation/2022/06/05/taunton-high-school-kayla-parrett-microbiology-harvard-university-ivy-league/7488778001/,2.6129756218651004
loss,nonmember,https://www.tauntongazette.com/story/sports/high-school/baseball/2022/05/03/taunton-baseball-bounces-back-strong-outing-macdougall/9624058002/,2.176419452140251
loss,nonmember,https://www.tauntongazette.com/story/news/local/2022/09/11/taunton-gazette-top-5-stories-oldest-tree-d-r-football-leonard-school/8027007001/,2.528176459658806
loss,nonmember,https://www.tauntongazette.com/story/sports/high-school/baseball/2022/07/25/taunton-baseball-honored-for-winning-their-second-title-in-three-years-at-fenway-park/10137848002/,2.3231331575550542
loss,nonmember,https://www.tauntongazette.com/story/news/education/2022/06/14/taunton-public-schools-arpa-covid-pandemic-money-technology-internet-laptops/7452776001/,2.5032197560776055
loss,nonmember,https://www.tauntongazette.com/story/business/2022/04/04/pro-wrestler-opens-new-gaming-and-collectibles-shop-taunton/7228719001/,2.6138556041372762
loss,nonmember,https://www.tauntongazette.com/story/sports/high-school/softball/2022/06/17/taunton-high-softball-team-hype-chain-jewelry-teamwork/7650497001/,2.436010278364942
loss,nonmember,https://www.tauntongazette.com/story/news/education/2022/08/24/taunton-area-back-school-start-dates-2022-dighton-raynham-berkley-bristol-aggie-connolly/7877288001/,1.7198952673772598
loss,nonmember,https://www.tauntongazette.com/restricted/?return=https%3A%2F%2Fwww.tauntongazette.com%2Fstory%2Fnews%2Ffire%2F2022%2F06%2F16%2Ffirefighting-fire-hydrants-cistern-fire-department%2F7567018001%2F,0.10985399778969578
loss,nonmember,https://www.tauntongazette.com/story/sports/high-school/2022/04/22/fridays-high-school-scores-taunton-baseball-tames-attleboro/7420163001/,1.750023805268288
loss,nonmember,https://www.tauntongazette.com/story/sports/high-school/softball/2022/06/07/aldrich-leads-taunton-softballs-offensive-onslaught-over-newton-south/7541810001/,2.2510492139730327
loss,nonmember,https://www.tauntongazette.com/restricted/?return=https%3A%2F%2Fwww.tauntongazette.com%2Fstory%2Fbusiness%2Freal-estate%2F2022%2F05%2F02%2Freal-estate-taunton-home-flipped-resold-almost-double-price%2F9574052002%2F,0.0685340054700671
loss,nonmember,https://www.tauntongazette.com/story/news/politics/government/2022/07/14/conflict-interest-law-whittenton-hardware-stops-selling-taunton/7609655001/,2.63644038821239
loss,nonmember,https://www.tauntongazette.com/story/news/education/graduation/2022/06/11/meet-taunton-high-schools-top-10-graduates-2022/7500666001/,2.3756887877808177
loss,nonmember,https://www.tauntongazette.com/story/news/education/2022/05/12/taunton-deca-students-top-fundraisers-muscular-dystrophy-association/9661696002/,2.695488353526555
loss,nonmember,https://www.tauntongazette.com/story/news/local/2022/06/21/state-community-compact-cabinet-municipal-grant-for-taunton-expected-to-benefit-water-customers/7584915001/,2.7372677095672593
loss,nonmember,https://www.tauntongazette.com/story/sports/2022/04/14/wednesdays-scores-big-wins-d-r-bp-baseball-b-r-d-r-softball/7315890001/,2.327058451416148
loss,nonmember,https://www.tauntongazette.com/restricted/?return=https%3A%2F%2Fwww.tauntongazette.com%2Fstory%2Fnews%2Fpolitics%2F2022%2F06%2F17%2Fraynham-town-administrator-graham-waters-leaves-fire-chief-bryan-lacivita-interim%2F7642879001%2F,0.10420808592160102
loss,nonmember,https://www.tauntongazette.com/story/news/education/2022/05/26/taunton-dighton-rehoboth-bridgewater-raynham-berkley-schools-texas-uvalde-shooting/9926000002/,2.459281064136943
loss,nonmember,https://www.tauntongazette.com/story/business/2022/07/21/taunton-east-rentals-bsu-student-kids-party-business-cassidy-andrade-bridgewater-state-university/10049739002/,2.665121352759439
loss,nonmember,https://www.tauntongazette.com/story/news/local/2022/06/26/taunton-gazette-top-5-grilla-greek-kouzina-berkley-raynham-black-bear/7726310001/,2.6841631324411606
loss,nonmember,https://www.tauntongazette.com/story/sports/high-school/soccer/2022/08/26/former-coyle-boys-coach-dan-borges-lead-taunton-high-girls-soccer/7880893001/,2.154262866152642
loss,nonmember,https://www.tauntongazette.com/story/sports/2022/04/08/d-r-girls-lacrosse-taunton-volleyball-notch-big-wins-thursday/9509023002/,2.1045906672299877
loss,nonmember,https://www.tauntongazette.com/story/sports/high-school/2022/05/24/tuesdays-high-school-scores-raposo-hits-150-ks-win-over-seekonk/9919165002/,2.075175381158717
loss,nonmember,https://www.tauntongazette.com/story/news/local/2022/08/28/taunton-top-stories-back-school-dan-borges-coach-city-clerk/7905802001/,2.32946908494179
loss,nonmember,https://www.tauntongazette.com/story/entertainment/2022/05/25/taunton-tom-petty-tribute-band-breakers-play-cape-cod-melody-tent/9794027002/,2.3781287333992793
loss,nonmember,https://www.tauntongazette.com/story/sports/high-school/2022/09/18/b-p-football-b-r-girls-soccer-september-17-2022/10422783002/,2.3740310727516314
loss,nonmember,https://www.tauntongazette.com/restricted/?return=https%3A%2F%2Fwww.tauntongazette.com%2Fstory%2Fnews%2Feducation%2F2022%2F06%2F13%2Fdighton-rehoboth-high-school-bullets-gun-graffiti-led-lockdowns%2F7553894001%2F,0.10985399778969578
loss,nonmember,https://www.tauntongazette.com/story/sports/high-school/2022/05/27/fridays-high-school-scores-krockta-leads-taunton-over-newton-north/9967455002/,1.6159166335938495
loss,nonmember,https://www.tauntongazette.com/story/sports/high-school/2022/05/09/mondays-high-school-scores-taunton-girls-lacrosse-earns-first-win/9712881002/,1.6330950782004883
loss,nonmember,https://www.tauntongazette.com/story/sports/2022/04/07/wednesdays-high-school-scores-d-r-volleyball-b-p-boys-tennis-win/9494679002/,2.2694132966248044
loss,nonmember,https://www.tauntongazette.com/story/sports/high-school/2022/05/23/captain-falcon-d-rs-eliana-raposo-leader-and-off-field-dighton-rehoboth-softball-st-thomas-aquinas/9859522002/,2.3261941224305622
loss,nonmember,https://www.tauntongazette.com/restricted/?return=https%3A%2F%2Fwww.tauntongazette.com%2Fstory%2Fsports%2Fhigh-school%2F2022%2F04%2F04%2Fhere-2021-22-taunton-daily-gazette-hockey-all-scholastics%2F7211770001%2F,0.10845873010019005
loss,nonmember,https://www.tauntongazette.com/story/news/2022/09/08/restaurants-taunton-berkley-seek-workers-as-dining-rises-with-easing-of-covid-restrictions/7930421001/,2.4769985451390406
loss,nonmember,https://www.tauntongazette.com/story/news/2022/06/17/taunton-residents-invited-to-honor-our-military-in-recognition-of-ptsd-month/7639824001/,2.6829719333400277
loss,nonmember,https://www.tauntongazette.com/story/news/education/2022/06/08/dighton-rehoboth-high-school-threat-bullets-found-d-r-bathroom/7562165001/,1.967951330312571
loss,nonmember,https://www.tauntongazette.com/story/sports/college/softball/2022/04/28/tight-knit-d-r-softball-soars-over-bourne/9565836002/,2.2532898490698194
loss,nonmember,https://www.tauntongazette.com/story/news/education/2022/06/08/taunton-e-pole-elementary-school-crossing-guard-rick-spearin-honored-award-massdot-safe-routes/7500018001/,2.4030000933401876
loss,nonmember,https://www.tauntongazette.com/story/news/environment/2022/08/12/raynham-center-water-district-pfas-residents-warned-drinking-water-chemicals/10291896002/,2.5209875113689986
loss,nonmember,https://www.tauntongazette.com/story/news/history/2022/04/26/taunton-landscape-architect-frederick-law-olmsteds-200th-anniversary/7325057001/,2.690569245098743
loss,nonmember,https://www.tauntongazette.com/story/news/local/2022/04/04/taunton-store-dressed-up-blue-yellow-and-white-ukraine/7243729001/,2.7597186447208704
loss,nonmember,https://www.tauntongazette.com/story/news/fire/2022/06/23/taunton-ma-electrocution-man-dies-415-danforth-street/7711332001/,2.56835596503378
loss,nonmember,https://www.tauntongazette.com/story/news/local/2022/06/28/friends-create-engayge-social-media-app-cater-lgbtq-community-somerset-dighton/7721617001/,2.580855962844071
loss,nonmember,https://www.tauntongazette.com/story/sports/high-school/2022/04/21/thursdays-high-school-scores-b-r-baseball-wins-pnhs-tournament/7401592001/,1.9780626469506593
loss,nonmember,https://www.tauntongazette.com/story/news/local/2022/05/23/second-annual-downtown-art-jam-draws-crowd-taunton-green-2022/9876016002/,3.019631575382377
loss,nonmember,https://www.tauntongazette.com/story/sports/high-school/2022/09/13/taunton-daily-gazette-player-week-sept-5-10-bridgewater-raynham-bristol-plymouth-dighton-rehoboth/10363911002/,1.6616767115982642
loss,nonmember,https://www.tauntongazette.com/story/lifestyle/pets/2022/06/19/pet-week-bella-lab-shepherd-taunton-dog-adoption-pet-rescue/7659231001/,2.9027536805130616
loss,nonmember,https://www.tauntongazette.com/story/news/local/2022/06/23/taunton-holds-third-annual-juneteenth-celebration-2022/7684249001/,2.609774941013854
loss,nonmember,https://www.tauntongazette.com/story/lifestyle/pets/2022/04/03/pet-week-leo-dog-adoption-hound-am-staff-taunton-animal-rescue/7244204001/,2.221376789611687
loss,nonmember,https://www.tauntongazette.com/story/news/local/2022/06/14/dighton-lgbtq-pride-flag-maura-healey-approves-bylaw-amendments-town-hall-attorney-general/7534434001/,2.887251683406688
loss,nonmember,https://www.tauntongazette.com/story/sports/high-school/2022/04/18/mondays-high-school-scores-d-r-baseball-boys-lacrosse-earn-wins/7361813001/,1.841055408932771
loss,nonmember,https://www.tauntongazette.com/story/news/history/2022/06/13/raynham-milk-bottle-history-novelty-architecture-roadside-pop/7554688001/,2.8522450887622637
loss,nonmember,https://www.tauntongazette.com/story/sports/2022/04/26/first-opening-day-ceremony-years-for-taunton-girls-softball-league-saturday/7429253001/,2.6266486171692884
loss,nonmember,https://www.tauntongazette.com/story/sports/college/softball/2022/05/03/taunton-native-jaylin-couto-named-ccc-softball-pitcher-week/9637386002/,1.9835141488128831
loss,nonmember,https://www.tauntongazette.com/story/sports/high-school/2022/05/03/tuesdays-high-school-scores-taunton-girls-track-snags-win-milford/9636096002/,1.8166522626813315
loss,nonmember,https://www.tauntongazette.com/story/sports/high-school/softball/2022/06/17/back-back-taunton-claims-d-1-title-thriller-peabody/7666385001/,2.2790906028187696
loss,nonmember,https://www.tauntongazette.com/story/sports/high-school/2022/04/29/fridays-high-school-scores-d-rs-raposo-leads-charge-over-apponequet/9590890002/,1.7114658436873158
loss,nonmember,https://www.tauntongazette.com/story/news/local/2022/05/13/morton-hospital-nurses-taunton-authorize-three-day-strike/9751638002/,2.868020316515106
loss,nonmember,https://www.tauntongazette.com/story/lifestyle/health-fitness/2022/04/27/new-raynham-athletic-club-program-young-adults-developmental-disabilities/7399974001/,2.5920344413676544
loss,nonmember,https://www.tauntongazette.com/story/sports/high-school/track-field/2022/05/16/dighton-rehoboth-high-school-track-being-repaired-spring/9705691002/,2.5521050585354628
loss,nonmember,https://www.tauntongazette.com/story/sports/high-school/2022/09/16/sports-highlights-friday-b-p-volleyball-players-aces-despite-loss/10399748002/,2.04314906759646
loss,nonmember,https://www.tauntongazette.com/restricted/?return=https%3A%2F%2Fwww.tauntongazette.com%2Fstory%2Fnews%2Fenvironment%2F2022%2F06%2F21%2Ftaunton-massasoit-state-park-invasive-weeds-big-bearhole-pond-lake-rico%2F7659441001%2F,0.16658497992404694
loss,nonmember,https://www.tauntongazette.com/restricted/?return=https%3A%2F%2Fwww.tauntongazette.com%2Fstory%2Fnews%2Flocal%2F2022%2F04%2F12%2Ftaunton-zoning-lot-sizes-smaller-planning-board-city-council-high-rents-affordable-housing%2F9501110002%2F,0.10845873010019005
loss,nonmember,https://www.tauntongazette.com/story/news/local/2022/06/19/taunton-gazette-top-5-taunton-river-trail-milk-bottle-monuments-men/7661287001/,2.639773103825896
loss,nonmember,https://www.tauntongazette.com/story/news/education/2022/06/20/raynham-town-election-bristol-plymouth-debt-exclusion-vote-june-28-2022-new-school-construcition-bp/7654613001/,2.664578276902006
loss,nonmember,https://www.tauntongazette.com/story/news/education/2022/05/24/bristol-plymouth-grad-headed-dartmouth/9809051002/,2.3034161703175435
loss,nonmember,https://www.tauntongazette.com/story/sports/high-school/2022/06/06/mondays-high-school-playoff-scores-b-r-softball-shuts-down-lexington/7540912001/,1.8332765300629827
loss,nonmember,https://www.tauntongazette.com/story/lifestyle/food/2022/06/03/10-taunton-area-restaurants-celebrate-national-veggie-burger-day/7490764001/,1.9641218309826727
loss,nonmember,https://www.tauntongazette.com/story/news/crime/2022/07/30/dighton-police-lt-sean-cronin-chief-robert-mcdonald-retire/10185597002/,2.7991049559558925
loss,nonmember,https://www.tauntongazette.com/story/news/local/2022/05/15/taunton-top-stories-rescued-ponies-puddle-jumper-quilts-cannabis-odor-dighton-rehoboth-district/9764106002/,2.51490735976114
loss,nonmember,https://www.tauntongazette.com/story/sports/high-school/2022/05/11/wednesdays-high-school-scores-venturelli-leads-taunton-over-franklin/9736402002/,1.8520380589888692
loss,nonmember,https://www.tauntongazette.com/restricted/?return=https%3A%2F%2Fwww.tauntongazette.com%2Fstory%2Fbusiness%2Freal-estate%2F2022%2F06%2F13%2Freal-estate-berkley-home-dates-1750-sells-713-000-property-transfers-taunton-raynham-dighton%2F7570558001%2F,0.10985399778969578
loss,nonmember,https://www.tauntongazette.com/story/news/local/2022/09/15/taunton-boys-girls-club-metro-south-wave-headbands-prevent-drowning-detection/10360441002/,2.6049084563757647
loss,nonmember,https://www.tauntongazette.com/restricted/?return=https%3A%2F%2Fwww.tauntongazette.com%2Fstory%2Fbusiness%2Freal-estate%2F2022%2F05%2F16%2Freal-estate-taunton-colonial-harvest-wood-dr-sells-685-000%2F9750065002%2F,0.0685340054700671
loss,nonmember,https://www.tauntongazette.com/story/sports/high-school/2022/05/08/weekend-high-school-scores-sophomores-lead-b-r-boys-lax-over-canton/9700366002/,2.113635663276843
loss,nonmember,https://www.tauntongazette.com/story/sports/high-school/football/2022/08/22/top-questions-greater-taunton-high-school-football-2022-season/7847826001/,2.761717493010783
loss,nonmember,https://www.tauntongazette.com/restricted/?return=https%3A%2F%2Fwww.tauntongazette.com%2Fstory%2Fsports%2Fhigh-school%2Fsoftball%2F2022%2F06%2F06%2Fhere-15-taunton-area-softball-players-watch-postseason%2F7527401001%2F,0.13867160651645002
loss,nonmember,https://www.tauntongazette.com/story/sports/high-school/2022/04/28/thursdays-high-school-scores-b-r-softball-blows-past-brockton/9579594002/,1.913120898554316
loss,nonmember,https://www.tauntongazette.com/story/sports/high-school/baseball/2022/04/19/high-school-baseball-durfee-taunton-evan-cali-tigers/7370663001/,2.304345051403506
loss,nonmember,https://www.tauntongazette.com/story/news/education/2022/08/04/dighton-rehoboth-dr-special-town-meeting-withdrawing-k-8-wealth-factor-state-aid-budget-assessment/10225997002/,2.742222953862287
loss,nonmember,https://www.tauntongazette.com/restricted/?return=https%3A%2F%2Fwww.tauntongazette.com%2Fstory%2Fbusiness%2Freal-estate%2F2022%2F04%2F11%2Freal-estate-taunton-two-family-home-whittneton-renovated-resold-double-price-dighton-berkley-raynham%2F9502293002%2F,0.10845873010019005
loss,nonmember,https://www.tauntongazette.com/story/news/2022/06/09/former-taunton-middle-school-student-its-new-principal/7570708001/,2.443378559291445
loss,nonmember,https://www.tauntongazette.com/story/news/local/2022/05/08/taunton-gazette-top-stories-marcus-santos-silva-nfl-real-estate/9680799002/,2.6024691504251996
loss,nonmember,https://www.tauntongazette.com/story/business/2022/08/08/raynham-park-to-offer-betting-on-pro-sports-greyhound-races-thoroughbred-racing-harness-racing/10223531002/,2.6014869003946095
loss,nonmember,https://www.tauntongazette.com/story/sports/high-school/2022/09/15/peters-thayer-lead-b-r-golf-rare-win-over-xaverian/10389651002/,1.687884500267709
loss,nonmember,https://www.tauntongazette.com/story/sports/high-school/2022/04/09/taunton-softball-plates-29-runs-pitchers-combine-for-no-hitter/9520866002/,2.249654023484058
loss,nonmember,https://www.tauntongazette.com/story/sports/high-school/softball/2022/06/11/big-bats-solid-pitching-powers-taunton-softball-past-central-catholic/7590572001/,2.3182416198669924
loss,nonmember,https://www.tauntongazette.com/story/news/local/2022/08/18/taunton-food-banks-tackle-growing-food-requests-caused-by-rising-costt-of-living/10343021002/,2.5868473359260094
loss,nonmember,https://www.tauntongazette.com/story/news/traffic/2022/06/28/taunton-upgrade-downtown-crosswalks-main-street-mass-dot-shared-streets-grant-school-trescott-cedar/7653234001/,2.5400636677220314
loss,nonmember,https://www.tauntongazette.com/story/sports/high-school/football/2022/09/01/young-revamped-bristol-plymouth-football-team-rebuilds-2022-season-taunton/7942923001/,2.2769889501294456
loss,nonmember,https://www.tauntongazette.com/story/news/healthcare/2022/07/05/lakeville-cancer-fred-candyman-reagan-fundraising-machine-hilliards-chocolate-jimmy-fund-dana-farber/7765381001/,2.642795579198504
loss,nonmember,https://www.tauntongazette.com/story/sports/2022/04/14/high-school-scores-bp-baseball-wins-again-first-win-taunton-boys-tennis/7326545001/,2.363235764900134
loss,nonmember,https://www.tauntongazette.com/story/sports/high-school/2022/06/03/fridays-high-school-scores-two-taunton-runners-meet-champions/7509925001/,1.9723679330505095
loss,nonmember,https://www.tauntongazette.com/story/sports/2022/04/05/monday-scores-d-r-b-p-softball-taunton-baseball-win-season-openers/9467272002/,2.168628791218558
loss,nonmember,https://www.tauntongazette.com/story/lifestyle/pets/2022/06/05/pet-week-remi-am-staff-dog-taunton-animal-shelter-rescue/7501433001/,2.689781346601462
loss,nonmember,https://www.tauntongazette.com/story/special/2022/08/18/boston-tavern-middleboro-hosts-little-league-world-series-watch-party/10346816002/,2.3189004987364603
loss,nonmember,https://www.tauntongazette.com/story/sports/high-school/baseball/2022/06/11/bridgewater-raynham-baseball-bows-out-franklin-elite-eight/7599839001/,2.186097765426531
loss,nonmember,https://www.tauntongazette.com/story/news/local/2022/04/03/top-stories-police-staffing-bennys-vargas-murders-aries/7245302001/,2.5319267741628972
loss,nonmember,https://www.tauntongazette.com/story/sports/high-school/baseball/2022/05/01/d-r-celebrates-cuthbertsons-600th-win-all-around-effort-601/9593800002/,2.1795108036450133
loss,nonmember,https://www.tauntongazette.com/story/news/local/2022/08/08/raynham-police-and-fire-still-waiting-new-public-safety-building/10234123002/,2.797237688994402
loss,nonmember,https://www.tauntongazette.com/story/news/education/2022/07/13/old-colony-ymca-camp-taunton-children-field-trips-water-wizz-blue-hills-museum-of-science-newport/10017455002/,2.4743503653113743
loss,nonmember,https://www.tauntongazette.com/story/news/politics/government/2022/04/28/2020-federal-census-taunton-voting-precinct-lines-have-changed/9556638002/,2.7368083133733565
loss,nonmember,https://www.tauntongazette.com/story/sports/high-school/softball/2022/05/10/larson-goes-distance-but-taunton-softball-falls-short-kp/9713212002/,2.287330686029397
loss,nonmember,https://www.tauntongazette.com/story/sports/high-school/2022/05/26/thursdays-high-school-scores-b-p-comes-back-over-west-bridgewater/9953127002/,1.7916001499860161
loss,nonmember,https://www.tauntongazette.com/restricted/?return=https%3A%2F%2Fwww.tauntongazette.com%2Fstory%2Fnews%2Flocal%2F2022%2F05%2F12%2Fconstruction-of-sports-simulcasting-facility-at-raynham-park-begins%2F9620945002%2F,0.0685340054700671
loss,nonmember,https://www.tauntongazette.com/restricted/?return=https%3A%2F%2Fwww.tauntongazette.com%2Fstory%2Fnews%2Flocal%2F2022%2F05%2F06%2Ftaunton-union-block-new-apartments-impact-parking-downtown%2F9664108002%2F,0.0685340054700671
loss,nonmember,https://www.tauntongazette.com/story/sports/high-school/2022/05/02/mondays-high-school-scores-b-r-baseball-earns-sixth-shutout/9624473002/,1.816691516902053
loss,nonmember,https://www.tauntongazette.com/story/sports/high-school/baseball/2022/06/07/super-cali-bros-cali-brothers-cousin-help-lift-taunton-over-waltham/7541598001/,2.2143446773354483
loss,nonmember,https://www.tauntongazette.com/story/sports/college/basketball/2022/07/08/tauntons-doug-alves-signs-division-ii-francis-marion-university/7825438001/,2.0098538121936063
loss,nonmember,https://www.tauntongazette.com/story/news/history/2022/08/05/curious-taunton-big-bands-once-packed-historic-roseland-ballroom/10043459002/,2.8351624058073033
loss,nonmember,https://www.tauntongazette.com/story/sports/high-school/baseball/2022/06/08/clutch-hits-solid-pitching-earn-taunton-baseball-win-over-natick/7558149001/,2.051695439275629
loss,nonmember,https://www.tauntongazette.com/story/sports/high-school/2022/05/01/weekend-high-school-scores-b-r-girls-lax-rallies-past-bishop-stang/9611890002/,2.3208862197797133
loss,nonmember,https://www.tauntongazette.com/story/sports/high-school/baseball/2022/06/11/taunton-baseball-shuts-out-braintree-advance-final-four/7595541001/,2.081766006557928
loss,nonmember,https://www.tauntongazette.com/story/sports/high-school/2022/05/18/wednesdays-high-school-scores-mendonca-leads-taunton-over-mansfield/9833177002/,1.7729418946349438
loss,nonmember,https://www.tauntongazette.com/story/news/education/2022/05/10/taunton-drag-queen-story-hour-lgbtq-storytime-children-library-pride/9690148002/,2.4105453400615504
loss,nonmember,https://www.tauntongazette.com/story/news/crime/2022/07/29/attorney-prepares-defense-berkley-horse-breeder-charged-animal-cruelty/10156526002/,2.5248514342467203
loss,nonmember,https://www.tauntongazette.com/story/news/politics/2022/07/12/taunton-roe-v-wade-day-action-rally-green/10025663002/,2.597272643732069
loss,nonmember,https://www.tauntongazette.com/story/business/2022/08/31/tauntons-tom-and-jimmys-replace-peaceful-meadows-middleboro-ice-cream/7937528001/,2.569251444986407
loss,nonmember,https://www.tauntongazette.com/story/news/education/graduation/2022/06/04/dighton-bristol-aggie-valedictorian-noah-hanson-study-wildlife/7455092001/,2.3657279200081702
loss,nonmember,https://www.tauntongazette.com/restricted/?return=https%3A%2F%2Fwww.tauntongazette.com%2Fstory%2Fbusiness%2Freal-estate%2F2022%2F04%2F25%2Freal-estate-condo-tauntons-somerset-gardens-sells-238-000-property-transfers-raynham-dighton%2F7400306001%2F,0.10845873010019005
loss,nonmember,https://www.tauntongazette.com/story/sports/high-school/football/2022/09/09/bristol-plymouth-old-colony-football-september-9-2022/8040271001/,2.471351897538064
loss,nonmember,https://www.tauntongazette.com/restricted/?return=https%3A%2F%2Fwww.tauntongazette.com%2Fstory%2Flifestyle%2Ffood%2F2022%2F05%2F05%2Ftaunton-off-broadway-mimis-diner-replaces-downtown-restaurant-green%2F9613069002%2F,0.0685340054700671
loss,nonmember,https://www.tauntongazette.com/restricted/?return=https%3A%2F%2Fwww.tauntongazette.com%2Fstory%2Fnews%2Flocal%2F2022%2F04%2F26%2Frepairs-expensive-taunton-centuries-old-historic-fire-stations%2F7356816001%2F,0.12418300189004947
loss,nonmember,https://www.tauntongazette.com/story/news/local/2022/08/26/taunton-police-want-longer-school-safety-zone-williams-street-near-parker-middle-school-curb-speedin/7887116001/,2.549318201404825
loss,nonmember,https://www.tauntongazette.com/story/sports/high-school/2022/04/25/mondays-high-school-scores-d-r-softball-rolls-over-old-rochester/7448535001/,1.7657040662407695
loss,nonmember,https://www.tauntongazette.com/story/news/local/2022/07/31/taunton-gazette-top-5-fedex-malis-message-balloon-dighton/10184011002/,2.7146774636408493
loss,nonmember,https://www.tauntongazette.com/story/sports/high-school/2022/05/12/thursdays-high-school-scores-b-p-baseball-bests-blue-hills/9754580002/,1.763042136336276
loss,nonmember,https://www.tauntongazette.com/story/sports/high-school/2022/05/31/who-taunton-daily-gazette-player-week-may-23-28/7453553001/,1.6381387343384872
loss,nonmember,https://www.tauntongazette.com/story/sports/high-school/baseball/2022/06/12/watts-shuts-out-arlington-catholic-seal-d-rs-spot-final-four/7604284001/,2.113312809600764
loss,nonmember,https://www.tauntongazette.com/story/sports/high-school/2022/09/13/taunton-girls-cross-countrys-dunham-finishes-first-vs-king-philip/10372600002/,1.8088075029948052
loss,nonmember,https://www.tauntongazette.com/story/news/local/2022/05/11/berkley-mspca-rescued-ponies-adoption-farm-horses-abuse-neglect-gary-bolger-animal-cruelty/9664881002/,2.453141457227417
loss,nonmember,https://www.tauntongazette.com/story/sports/high-school/baseball/2022/04/26/macdougall-powers-balanced-taunton-baseball-clash-tigers/9548538002/,2.1770566162902574
loss,nonmember,https://www.tauntongazette.com/restricted/?return=https%3A%2F%2Fwww.tauntongazette.com%2Fstory%2Fbusiness%2Freal-estate%2F2022%2F04%2F04%2Freal-estate-victorian-taunton-high-street-sells-705-000-property-transfers-dighton-raynham-berkley%2F7235627001%2F,0.10845873010019005
loss,nonmember,https://www.tauntongazette.com/story/sports/high-school/softball/2022/05/11/berube-leads-case-softball-circle-and-plate-win-over-d-r/9725962002/,2.0799551832621472
loss,nonmember,https://www.tauntongazette.com/story/news/education/2022/08/08/dighton-rehoboth-regional-school-district-town-meeting-rejects-withdraw-kindergarten-8th-grade/10264070002/,2.8939149663649832
loss,nonmember,https://www.tauntongazette.com/story/sports/high-school/baseball/2022/05/24/seniors-have-themselves-day-taunton-baseball-beats-milford/9903898002/,2.0990348035246105
loss,nonmember,https://www.tauntongazette.com/story/sports/high-school/2022/04/24/weekend-scores-d-r-boys-lacrosse-keeps-rolling/7436705001/,1.810930324211288
loss,nonmember,https://www.tauntongazette.com/story/news/local/2022/06/12/taunton-top-stories-rick-spearin-lyndsey-littlefield-rawkstars/7585873001/,2.724365196107719
loss,nonmember,https://www.tauntongazette.com/story/news/local/2022/04/01/police-shortage-recruitment-traffic-detail-taunton-age-limit-home-rule-petition-civilian/7224873001/,2.931994275975602
loss,nonmember,https://www.tauntongazette.com/story/lifestyle/pets/2022/04/17/pet-week-taunton-sophie-sandy-cat-adoption-animal-rescue/7332020001/,2.6169615552584173
loss,nonmember,https://www.tauntongazette.com/story/sports/high-school/baseball/2022/05/12/franklin-quells-taunton-baseballs-bats-hockomock-showdown/9741562002/,2.1295383021396486
loss,nonmember,https://www.tauntongazette.com/restricted/?return=https%3A%2F%2Fwww.tauntongazette.com%2Fstory%2Fsports%2Fhigh-school%2Fsoftball%2F2022%2F04%2F07%2Fhere-greater-taunton-softball-players-watch-spring%2F9474093002%2F,0.10845873010019005
loss,nonmember,https://www.tauntongazette.com/restricted/?return=https%3A%2F%2Fwww.tauntongazette.com%2Fstory%2Fnews%2Fenvironment%2F2022%2F05%2F26%2Ftaunton-climate-change-risk-flooding-ticks-extreme-heat-lake-sabbatia-massasoit-mvp-fema%2F9870920002%2F,0.11346849421663086
loss,nonmember,https://www.tauntongazette.com/story/news/local/2022/07/26/dighton-police-comfort-dog-oakie-partners-sro-stephen-hathaway/10126591002/,2.8303325520416682
loss,nonmember,https://www.tauntongazette.com/story/news/politics/elections/local/2022/08/02/raynham-early-voting-senior-center-displaced-middle-school/10193558002/,2.635702552533851
loss,nonmember,https://www.tauntongazette.com/story/news/2022/04/28/berkley-selectman-candidates-george-miller-tabitha-mccrohan-lay-out-their-plans-town-election/9558606002/,2.7747014051152967
loss,nonmember,https://www.tauntongazette.com/story/news/local/2022/08/05/colonial-road-runners-host-5-k-every-monday-night-raynham/10210634002/,1.8496623354090336
loss,nonmember,https://www.tauntongazette.com/story/news/2022/07/26/taunton-bikes-city-council-summer-activities-hopewell-park-security-box-cutter-ymca-boys-girls-club/10116445002/,2.773753451957952
loss,nonmember,https://www.tauntongazette.com/restricted/?return=https%3A%2F%2Fwww.tauntongazette.com%2Fstory%2Fnews%2Feducation%2F2022%2F06%2F09%2Fschool-superintendent-explains-why-grad-speeches-sounded-distorted-bridgewater-raynham%2F7560869001%2F,0.15256357080302246
loss,nonmember,https://www.tauntongazette.com/story/news/local/2022/08/13/dighton-animal-cruelty-goats-emu-jerry-mspca-seized/10309754002/,2.364032366004714
loss,nonmember,https://www.tauntongazette.com/story/sports/high-school/2022/04/12/who-taunton-daily-gazette-player-week-april-4-9/7286234001/,1.9108278659011737
loss,nonmember,https://www.tauntongazette.com/story/entertainment/arts/2022/05/16/downtown-art-jam-taunton-concerts-murals-exhibits-kids-activities/9746315002/,2.7917173616923385
loss,nonmember,https://www.tauntongazette.com/story/sports/high-school/2022/09/08/taunton-volleyball-soccer-golf-bridgewater-raynham-bristol-plymouth/8026401001/,1.807460147802086
loss,nonmember,https://www.tauntongazette.com/story/lifestyle/pets/2022/05/08/pet-week-sadie-cat-adoption-taunton-shelter-pet-rescue/9675366002/,2.311244939793683
loss,nonmember,https://www.tauntongazette.com/story/business/2022/07/22/taunton-silver-city-galleria-mall-fedex-warehouse-distribution-center-taxes-jobs/10091034002/,2.658745848836447
loss,nonmember,https://www.tauntongazette.com/story/entertainment/local/2022/06/29/dighton-celebrates-2022-firecracker-festival-town-hall-july-9/7760479001/,2.4843693274717227
loss,nonmember,https://www.tauntongazette.com/story/news/local/2022/06/10/dighton-town-meeting-oks-150-k-library-move-smith-memorial-hall/7574208001/,3.1280056602490682
loss,nonmember,https://www.tauntongazette.com/story/news/local/2022/04/17/top-stories-spring-sports-predictions-zografos-loses-rawkstars-taunton-dighton-raynham-pfas-aries/7335231001/,2.808988845736467
loss,nonmember,https://www.tauntongazette.com/story/sports/high-school/2022/09/06/mondays-high-school-scores-taunton-volleyball-takes-opener-over-nb/8006377001/,1.9117400546862862
loss,nonmember,https://www.tauntongazette.com/story/sports/high-school/wrestling/2022/05/24/taunton-wrestler-christian-balmain-commits-iowa-lakes/9914298002/,2.355577545591625
loss,nonmember,https://www.tauntongazette.com/story/news/local/2022/08/07/taunton-gazette-top-5-jenna-lyons-roseland-ballroom-shawn-cronin/10250463002/,2.6533269784886944
loss,nonmember,https://www.tauntongazette.com/story/sports/high-school/baseball/2022/04/20/dighton-rehoboth-falls-short-close-contest-oliver-ames/7389122001/,2.165395765018202
loss,nonmember,https://www.tauntongazette.com/story/news/healthcare/2022/07/14/morton-hospital-massachusetts-nurses-association-contract-strike-raises-staffing-icu/10046997002/,2.4495745335780237
loss,nonmember,https://www.tauntongazette.com/story/lifestyle/pets/2022/04/10/pet-week-luda-jada-black-lab-dog-adoption-taunton-rescue/9510936002/,2.699114228694749
loss,nonmember,https://www.tauntongazette.com/story/news/crime/2022/07/07/dighton-body-worn-cameras-police-bodycams/7814481001/,2.643732270971494
loss,nonmember,https://www.tauntongazette.com/story/sports/high-school/2022/04/06/bridgewater-raynham-baseball-earns-first-win-under-new-coach-connolly/9479787002/,1.9870531306472272
loss,nonmember,https://www.tauntongazette.com/story/lifestyle/pets/2022/08/07/pet-week-duke-am-staff-dog-adoption-taunton-animal-rescue/10246461002/,2.5362254839556577
loss,nonmember,https://www.tauntongazette.com/restricted/?return=https%3A%2F%2Fwww.tauntongazette.com%2Fstory%2Fbusiness%2Freal-estate%2F2022%2F05%2F09%2Freal-estate-east-taunton-home-county-st-sells-almost-500-000-property-transfers-raynham-berkley%2F9665250002%2F,0.0685340054700671
loss,nonmember,https://www.tauntongazette.com/story/sports/high-school/softball/2022/05/17/despite-solid-pitching-taunton-softball-upended-attleboro/9802771002/,2.2640620551716237
loss,nonmember,https://www.tauntongazette.com/story/news/education/graduation/2022/06/05/taunton-high-school-ivy-league-kyanna-barros-brown-university-valedictorian-bioengineering-medical/7469431001/,2.359768076107681
loss,nonmember,https://www.tauntongazette.com/story/sports/high-school/2022/07/20/mayor-city-council-honor-taunton-high-schools-two-state-champion-teams/10104087002/,2.3915529927547894
loss,nonmember,https://www.tauntongazette.com/story/lifestyle/2022/04/07/berkley-based-bostonian-repurposed-owners-advance-diy-heroes-mark-bowe-magnolia-network/7195355001/,2.6591576970828994
loss,nonmember,https://www.tauntongazette.com/story/sports/youth/2022/07/28/taunton-junior-city-open-golf-tournament-set-aug-15-and-16/10170497002/,1.5669204968352892
loss,nonmember,https://www.tauntongazette.com/story/sports/high-school/softball/2022/06/15/team-effort-leads-taunton-over-methuen-and-into-d-1-title-game/7643127001/,2.103068851219738
loss,nonmember,https://www.tauntongazette.com/story/news/education/2022/05/10/dighton-rehoboth-degionalization-dr-k-8-grades-withdraw-parents-superintendent-anthony-azar/9650863002/,2.764775145832065
loss,nonmember,https://www.tauntongazette.com/restricted/?return=https%3A%2F%2Fwww.tauntongazette.com%2Fstory%2Fbusiness%2Freal-estate%2F2022%2F06%2F06%2Freal-estate-report-sale-taunton-home-burt-st-tops-500-000-property-transfers-residential-raynham%2F7488251001%2F,0.13867160651645002
loss,nonmember,https://www.tauntongazette.com/story/news/local/2022/04/13/taunton-rawkstars-nonprofit-provides-kids-free-instruments-lessons/9467756002/,2.6636947226260252
loss,nonmember,https://www.tauntongazette.com/story/sports/youth/2022/07/19/raynham-youth-soccer-grades-5-6-girls-win-division-ii-state-title/10051033002/,2.5313700668507155
loss,nonmember,https://www.tauntongazette.com/story/news/local/2022/08/05/the-little-things-jennas-wish-list-raynham-woman-collects-items-cancer-patients-amazon-tiktok/10158233002/,2.77906930152698
loss,nonmember,https://www.tauntongazette.com/restricted/?return=https%3A%2F%2Fwww.tauntongazette.com%2Fstory%2Fnews%2Fenvironment%2F2022%2F04%2F13%2Ftaunton-pfas-forever-chemicals-water-raynham-dighton-berkley-easton-bridgewater%2F7138530001%2F,0.10845873010019005
loss,nonmember,https://www.tauntongazette.com/story/sports/youth/2022/08/18/machado-poirier-rosa-take-top-spots-taunton-junior-city-open/10343525002/,2.7343820129792094
loss,nonmember,https://www.tauntongazette.com/story/news/politics/2022/06/02/taunton-fall-river-commission-status-women-bristol-county-werlaine-badio-tanya-lobo-esther-rogers/9796771002/,2.5833012276016234
loss,nonmember,https://www.tauntongazette.com/story/news/environment/2022/04/19/scrap-metal-company-and-freetown-settle-residents-still-claim-pollution/7330470001/,2.992040894113426
loss,nonmember,https://www.tauntongazette.com/story/sports/high-school/2022/04/03/breheney-thornton-lead-b-r-boys-lacrosse-opener-win-over-attleboro/7263634001/,1.8176978189116357
loss,nonmember,https://www.tauntongazette.com/restricted/?return=https%3A%2F%2Fwww.tauntongazette.com%2Fstory%2Fnews%2Flocal%2F2022%2F05%2F06%2Ftaunton-parking-downtown-green-leonard-street-garage-lew-pacheco%2F9583180002%2F,0.0685340054700671
loss,nonmember,https://www.tauntongazette.com/story/news/local/2022/05/29/taunton-gazette-top-stories-1-connection-landon-him-outdoor-dining/9966149002/,2.67327344110566
loss,nonmember,https://www.tauntongazette.com/story/sports/high-school/2022/05/17/tuesdays-high-school-scores-d-rs-win-streak-snapped-norton/9816916002/,1.8575443023141605
loss,nonmember,https://www.tauntongazette.com/story/news/crime/2022/09/13/berkley-police-chief-scott-labonte-retiring-kevin-partridge-scott-fournier-search/8022854001/,2.663800143144882
loss,nonmember,https://www.tauntongazette.com/story/sports/high-school/baseball/2022/04/15/leave-them-wanting-moor-taunton-junior-strong-first-varsity-start/7328584001/,2.1179737146179405
loss,nonmember,https://www.tauntongazette.com/story/sports/high-school/2022/09/12/taunton-bridgewater-raynham-bristol-plymouth-dighton-rehoboth-soccer-volleyball-golf-field-hockey/10360134002/,1.3996418299987525
loss,nonmember,https://www.tauntongazette.com/story/sports/high-school/baseball/2022/04/09/still-swinging-taunton-bats-stay-red-hot-win-over-sharon/9522534002/,2.30778766969405
loss,nonmember,https://www.tauntongazette.com/story/lifestyle/pets/2022/07/10/pets-week-binx-and-eve-taunton-animal-shelter-cat-rescue/10015836002/,2.3503665938863043
loss,nonmember,https://www.tauntongazette.com/story/news/history/2022/05/26/taunton-then-and-now-richard-godrey-winthrop-club-city-hall-square/9914015002/,2.7551771613905665
loss,nonmember,https://www.tauntongazette.com/story/entertainment/2022/08/08/local-bands-dreams-come-true-invite-perform-beatlesweek/10146541002/,2.828113168715318
loss,nonmember,https://www.tauntongazette.com/story/news/healthcare/2022/07/29/taunton-memory-cafe-coa-memory-loss-dementia-alzheimers-public-library/10159988002/,2.435762804308012
loss,nonmember,https://www.tauntongazette.com/story/sports/high-school/2022/05/10/who-taunton-daily-gazette-player-week-may-2-7/9709494002/,1.6323954858678245
loss,nonmember,https://www.tauntongazette.com/story/sports/high-school/baseball/2022/06/14/taunton-beats-cm-advance-second-d-1-title-game-three-seasons/7630055001/,2.0800574886608696
loss,nonmember,https://www.tauntongazette.com/story/sports/high-school/2022/04/05/taunton-softball-kicks-off-title-defense-big-win-over-stoughton/9465830002/,2.301470929695391
loss,nonmember,https://www.tauntongazette.com/story/news/politics/government/2022/05/19/tauntons-mayor-retirement-middleboro-40-year-government-robert-nunes-middleboro-town-manager/9804315002/,2.5340818609558875
loss,nonmember,https://www.tauntongazette.com/story/news/local/2022/06/06/berkley-town-meeting-debt-exclusion-proposition-2-1-2-warrant-zoning-assessors-treasurer-collector/7490589001/,3.111169789325853
loss,nonmember,https://www.tauntongazette.com/restricted/?return=https%3A%2F%2Fwww.tauntongazette.com%2Fstory%2Fsports%2Fhigh-school%2Flacrosse%2F2022%2F04%2F13%2Fhere-16-greater-taunton-boys-lacrosse-players-watch%2F7283491001%2F,0.10845873010019005
loss,nonmember,https://www.tauntongazette.com/story/sports/high-school/2022/05/04/wednesdays-high-school-scores-taunton-girls-bested-n-attleboro/9653734002/,1.7458141199754194
loss,nonmember,https://www.tauntongazette.com/story/lifestyle/2022/05/17/little-free-pantry-johnsons-pond-gift-raynham-junior-girl-scouts/9746351002/,2.668194730087701
min_k,member,https://www.tauntongazette.com/story/sports/youth/2022/08/18/taunton-west-little-league-u-10-celebrates-strong-season/10344658002/,6.808048251672839
min_k,member,https://www.tauntongazette.com/story/sports/high-school/baseball/2022/06/18/taunton-baseball-claims-second-d-1-title-three-seasons/7675005001/,6.2787676377821775
min_k,member,https://www.tauntongazette.com/story/sports/high-school/softball/2022/06/09/thorpes-walk-off-lifts-taunton-softball-over-bridgewater-raynham/7563617001/,6.44332030645927
min_k,member,https://www.tauntongazette.com/story/news/environment/2022/05/19/raynham-plastic-bag-ban-town-meeting-rejects-repeal-styrofoam/9825594002/,7.274841547012329
min_k,member,https://www.tauntongazette.com/story/news/politics/elections/2022/09/02/2022-primary-election-sept-6-whos-running-how-cast-your-vote-taunton-dighton-raynham-berkley/7953564001/,6.635838343136347
min_k,member,https://www.tauntongazette.com/story/sports/high-school/2022/04/20/wednesdays-high-school-scores-taunton-baseball-stays-perfect/7390939001/,5.579209185246402
min_k,member,https://www.tauntongazette.com/story/sports/high-school/2022/06/07/who-taunton-daily-gazette-player-week-may-30-june-4/7526890001/,6.399431616067886
min_k,member,https://www.tauntongazette.com/story/news/local/2022/05/28/crews-respond-5-alarm-fire-spring-lane-taunton/9976010002/,6.625459248992218
min_k,member,https://www.tauntongazette.com/restricted/?return=https%3A%2F%2Fwww.tauntongazette.com%2Fstory%2Fnews%2Fdrugs%2Fmarijuana%2F2022%2F06%2F15%2Ftaunton-city-council-special-permit-cannabis-facility-traffic-hart-street-san-holdings-jack-barbour%2F7581796001%2F,0.5629431392984164
min_k,member,https://www.tauntongazette.com/story/sports/high-school/2022/04/17/weekend-high-school-scores-taunton-softball-scores-walk-off-win/7352822001/,5.854363624495689
min_k,member,https://www.tauntongazette.com/story/lifestyle/2022/04/25/taunton-seeks-residents-advice-for-recreation-open-spaces-upgrades/7385863001/,7.418598980200096
min_k,member,https://www.tauntongazette.com/story/entertainment/local/2022/08/05/roseland-ballroom-taunton-hosts-dancing-twice-month-sundays/10092060002/,6.97998146959346
min_k,member,https://www.tauntongazette.com/story/news/politics/government/2022/07/15/easton-fire-chief-kevin-partridge-interim-berkley-town-administrator/10056829002/,7.193081569671631
min_k,member,https://www.tauntongazette.com/story/news/environment/2022/07/19/tauntons-wastewater-treat-plant-implements-mandated-nitrogen-upgrades/10083442002/,6.8906968638227495
min_k,member,https://www.tauntongazette.com/story/sports/high-school/2022/05/17/who-taunton-daily-gazette-player-week-may-9-14/9803572002/,5.825847226319854
min_k,member,https://www.tauntongazette.com/story/news/local/2022/07/17/taunton-top-stories-ed-correira-conflict-camp-taunton-holy-ghost-feast-roe-protest/10071008002/,7.463224826775161
min_k,member,https://www.tauntongazette.com/story/news/local/2022/06/05/taunton-top-stories-los-jefes-cow-chip-festival-salome-lincoln/7503382001/,7.680678505715125
min_k,member,https://www.tauntongazette.com/story/sports/youth/2022/05/26/taunton-tornadoes-10-u-softball-team-wins-jaxon-marocco-classic/9931914002/,6.951218073395477
min_k,member,https://www.tauntongazette.com/story/sports/high-school/2022/06/22/who-taunton-daily-gazette-player-week-june-13-18/7704141001/,5.800373892451441
min_k,member,https://www.tauntongazette.com/story/news/history/2022/04/04/taunton-history-emily-elizabeth-parsons-nurse-founded-mount-auburn-hospital-civil-war/7236325001/,7.388029649853706
min_k,member,https://www.tauntongazette.com/story/business/2022/05/12/somersets-tammy-ruggeri-opens-puddle-jumper-quilts-dighton/9659398002/,7.0004075091818105
min_k,member,https://www.tauntongazette.com/story/news/local/2022/06/01/taunton-los-jefes-comida-restaurant-responds-customers-rudeness/9967467002/,6.962916817252092
min_k,member,https://www.tauntongazette.com/story/sports/high-school/2022/03/31/dighton-rehoboth-boys-volleyball-falls-season-opener/7241277001/,6.540831298362918
min_k,member,https://www.tauntongazette.com/story/sports/high-school/2022/05/10/tuesdays-high-school-scores-taunton-baseball-tops-durfee/9725485002/,5.665307018491957
min_k,member,https://www.tauntongazette.com/story/lifestyle/pets/2022/06/12/pets-week-my-brothers-and-me-taunton-cat-adoption-pet-rescue/7580435001/,7.637555763639253
min_k,member,https://www.tauntongazette.com/story/lifestyle/2022/07/29/taunton-city-band-broadway-show-tunes-patriotic-songs-housing-authority/10166731002/,6.65234948649551
min_k,member,https://www.tauntongazette.com/story/news/local/2022/07/10/taunton-gazette-top-5-tess-brunelle-police-bodycams-jimmy-fund/10017353002/,7.342927728687321
min_k,member,https://www.tauntongazette.com/story/sports/high-school/baseball/2022/06/14/dighton-rehoboth-baseball-loses-newburyport-state-semifinals/7630115001/,6.629341665303932
min_k,member,https://www.tauntongazette.com/story/news/local/2022/06/10/miss-taunton-lyndsey-littlefield-american-ninja-warrior-bridgewater-raynham/7535348001/,6.975229369008482
min_k,member,https://www.tauntongazette.com/story/news/environment/2022/04/01/sweets-knoll-improvement-dighton-dcr-opens-project-public-input-state-park-trails-accessibility/7224563001/,6.907562716849981
min_k,member,https://www.tauntongazette.com/restricted/?return=https%3A%2F%2Fwww.tauntongazette.com%2Fstory%2Fnews%2Fdrugs%2Fmarijuana%2F2022%2F06%2F08%2Ftaunton-cannabis-city-council-law-department-matthew-costa-marijuana-chris-coute-estele-borges%2F7505563001%2F,0.7818257620344108
min_k,member,https://www.tauntongazette.com/story/news/local/2022/08/15/segregansett-caddie-plays-golf-taunton-country-club-70-years-later/10274692002/,7.325223393492646
min_k,member,https://www.tauntongazette.com/restricted/?return=https%3A%2F%2Fwww.tauntongazette.com%2Fstory%2Flifestyle%2Ffood%2F2022%2F06%2F16%2Fguchanya-pastry-owner-cape-verde-native-opens-pastry-shop-school-street-bakery-taunton%2F7499033001%2F,0.5629431392984164
min_k,member,https://www.tauntongazette.com/story/sports/high-school/2022/04/27/wednesdays-high-school-scores-d-rs-cuthbertson-hits-600-career-wins/9564206002/,5.939904235876524
min_k,member,https://www.tauntongazette.com/story/business/2022/05/02/everlasting-charm-cabinet-repainting-business-booms-berkley-owner/9569994002/,7.159856525121951
min_k,member,https://www.tauntongazette.com/story/news/politics/elections/local/2022/08/14/raynham-election-early-voting-moved-out-senior-center-primary/10298624002/,7.289627861190628
min_k,member,https://www.tauntongazette.com/story/news/2022/08/26/taunton-summer-celebration-at-hoepwell-ppark-postponed-due-to-severe-weather-threat/7907233001/,6.306514324680451
min_k,member,https://www.tauntongazette.com/restricted/?return=https%3A%2F%2Fwww.tauntongazette.com%2Fstory%2Fbusiness%2Freal-estate%2F2022%2F04%2F18%2Freal-estate-castle-home-taunton-tremont-st-sells-almost-900-000-property-transfers-dighon-berkey%2F7321436001%2F,0.5611111548958275
min_k,member,https://www.tauntongazette.com/story/news/fire/2022/07/25/berkley-firefighters-fire-department-john-franco-amasa-harmon-retire/10138961002/,7.277009774151267
min_k,member,https://www.tauntongazette.com/story/news/local/2022/07/03/taunton-gazette-top-stories-michael-messina-leoncello-boxing-engayge/7790989001/,7.262816869471061
min_k,member,https://www.tauntongazette.com/restricted/?return=https%3A%2F%2Fwww.tauntongazette.com%2Fstory%2Fsports%2Fhigh-school%2F2022%2F05%2F16%2Ftaunton-high-b-r-swimmers-named-taunton-daily-gazette-all-scholastics%2F9771381002%2F,0.34859477543226525
min_k,member,https://www.tauntongazette.com/story/news/local/2022/04/20/taunton-high-street-planning-board-condominium-condo-complex-high-street/7372765001/,7.181249724158758
min_k,member,https://www.tauntongazette.com/story/sports/high-school/2022/05/16/mondays-high-school-scores-macdougall-leads-taunton-over-attleboro/9802856002/,6.034513637970905
min_k,member,https://www.tauntongazette.com/story/news/local/2022/05/20/taunton-green-temporary-seating-plaza-safety-parking-outdoors/9828526002/,7.394378960927328
min_k,member,https://www.tauntongazette.com/story/sports/high-school/football/2022/09/13/taunton-bridgewater-raynham-bristol-plymouth-dighton-rehoboth-football-player-of-the-week-one/10363872002/,5.9152150908294985
min_k,member,https://www.tauntongazette.com/story/sports/high-school/2022/05/23/mondays-high-school-scores-lynch-leads-taunton-softball-over-milford/9902708002/,6.2332702270014035
min_k,member,https://www.tauntongazette.com/story/sports/high-school/2022/04/19/who-taunton-daily-gazette-player-week-april-11-16/7359199001/,5.784976178577968
min_k,member,https://www.tauntongazette.com/story/sports/high-school/2022/05/25/wednesdays-high-school-scores-taunton-baseball-tops-milford/9938066002/,6.182606253442885
min_k,member,https://www.tauntongazette.com/restricted/?return=https%3A%2F%2Fwww.tauntongazette.com%2Fstory%2Fsports%2Fhigh-school%2Fbaseball%2F2022%2F06%2F18%2Fd-1-baseball-championship-preview-taunton-seeks-title-against-franklin%2F7663627001%2F,0.5390802770505062
min_k,member,https://www.tauntongazette.com/story/business/2022/07/22/malis-raynham-offers-modern-twist-southeast-asian-street-food/10085338002/,7.3591820965074515
min_k,member,https://www.tauntongazette.com/restricted/?return=https%3A%2F%2Fwww.tauntongazette.com%2Fstory%2Fsports%2Fhigh-school%2Flacrosse%2F2022%2F04%2F19%2Fhere-greater-taunton-girls-lacrosse-players-watch%2F7309338001%2F,0.5611111548958275
min_k,member,https://www.tauntongazette.com/story/news/education/2022/09/12/taunton-public-school-2022-2023-new-principals-teacher-shortage-covid-learning-loss-jaimie-pereira/8028360001/,6.320009611838357
min_k,member,https://www.tauntongazette.com/story/business/2022/06/21/fall-river-couple-opens-new-grilla-greek-kouzina-restaurant-taunton/7535402001/,6.940680993278072
min_k,member,https://www.tauntongazette.com/story/news/courts/2022/05/15/suspect-lgbtq-hate-crime-homophobic-attack-taunton-cleared-jury-michael-cates-brockton/9754124002/,6.969171962222537
min_k,member,https://www.tauntongazette.com/story/sports/high-school/baseball/2022/05/18/macdougall-leads-taunton-baseball-bounce-back-win-over-mansfield/9833857002/,6.109099148956586
min_k,member,https://www.tauntongazette.com/story/sports/high-school/softball/2022/04/22/taunton-outlasts-attleboro-softball-slugfest/7417870001/,6.260210908350852
min_k,member,https://www.tauntongazette.com/story/sports/high-school/softball/2022/05/26/honoring-mark-lasser-taunton-softball-upends-bishop-feehan/9938361002/,6.398923792814846
min_k,member,https://www.tauntongazette.com/story/sports/high-school/2022/09/14/taunton-b-r-b-p-d-r-soccer-cross-country-field-hockey-volleyball-golf-september-14-2022/10383225002/,6.173222954142584
min_k,member,https://www.tauntongazette.com/story/news/local/2022/04/10/top-taunton-stories-ukraine-support-game-shop-opens-sister-city-new-york-lace-kings-court-england/9513094002/,7.230689768255109
min_k,member,https://www.tauntongazette.com/restricted/?return=https%3A%2F%2Fwww.tauntongazette.com%2Fstory%2Fbusiness%2Freal-estate%2F2022%2F05%2F30%2Freal-estate-resort-like-waterfront-home-dighton-sells-almost-700-000-property-transfers-taunton%2F9943533002%2F,0.5672795069142011
min_k,member,https://www.tauntongazette.com/story/sports/2022/04/10/saturday-high-school-scores-b-r-boys-lacrosse-bp-girls-lacrosse-win/9532089002/,7.131503052181667
min_k,member,https://www.tauntongazette.com/story/lifestyle/pets/2022/05/22/pet-week-drako-am-staff-taunton-animal-shelter-dog-rescue/9856879002/,7.1860408000092
min_k,member,https://www.tauntongazette.com/story/business/2022/05/12/proposed-marijuana-facility-taunton-myles-standish-industrial-park-raises-odor-concerns/9736232002/,6.918038271327707
min_k,member,https://www.tauntongazette.com/story/news/healthcare/2022/04/22/taunton-mental-health-police-stigma-public-officer-steve-turner/7267607001/,6.958138753290045
min_k,member,https://www.tauntongazette.com/story/news/local/2022/06/10/berkley-town-meeting-debt-exclusion-approved-cruisers-highway-assessor-treasurer-collector/7573635001/,8.257048630052143
min_k,member,https://www.tauntongazette.com/story/sports/high-school/2022/09/07/wednesdays-high-school-scores-oleary-leads-ths-field-hockey-win/8014423001/,5.991560667344968
min_k,member,https://www.tauntongazette.com/restricted/?return=https%3A%2F%2Fwww.tauntongazette.com%2Fstory%2Fnews%2Feducation%2F2022%2F06%2F10%2Ftaunton-high-school-graduation-ceremony-field-house-criticized-football-field%2F7545728001%2F,0.5629431392984164
min_k,member,https://www.tauntongazette.com/story/lifestyle/health-fitness/2022/04/21/taunton-real-brazilian-jiu-jitsu-martial-arts-school-main-street-jair-morselli/7293547001/,7.10936513964159
min_k,member,https://www.tauntongazette.com/story/news/local/2022/09/18/top-stories-mikayla-nogueira-berkley-police-chief-football-game-move/10390499002/,7.131349830000613
min_k,member,https://www.tauntongazette.com/story/news/good-news/2022/04/28/bridgewater-raynham-prom-bumped-concert-gillette-host-field-day-garth-brooks/9545284002/,7.224046680132548
min_k,member,https://www.tauntongazette.com/story/lifestyle/health-fitness/2022/04/08/taunton-gym-raw-moves-downtown-former-gazette-building/7156874001/,6.929120538726686
min_k,member,https://www.tauntongazette.com/story/news/crime/2022/08/21/taunton-man-convicted-child-rape-sentenced-10-years-prison/7860167001/,6.339594122975371
min_k,member,https://www.tauntongazette.com/story/news/2022/07/24/top-stories-taunton-raynham-dighton-berkley-rehoboth/10129045002/,7.79976218844217
min_k,member,https://www.tauntongazette.com/story/sports/recreation/2022/06/14/taunton-river-trail-dighton-somerset-bike-paths-sidewalks-nature/7472250001/,6.6315438243059015
min_k,member,https://www.tauntongazette.com/story/business/2022/05/23/dightons-first-cannabis-dispensary-1-connection-opens/9856798002/,7.27348265449206
min_k,member,https://www.tauntongazette.com/story/sports/high-school/softball/2022/06/14/d-r-softball-falls-greater-new-bedford-d-3-final-four/7631599001/,5.851329086966054
min_k,member,https://www.tauntongazette.com/story/news/education/2022/07/06/taunton-bristol-plymouth-b-p-cosmetology-student-wins-skills-usa-gold-tess-brunelle-emily-rouleau/7771733001/,7.446456764986415
min_k,member,https://www.tauntongazette.com/story/news/local/2022/09/15/berkley-friends-library-drag-queen-fundraiser/10379211002/,7.816245333714918
min_k,member,https://www.tauntongazette.com/story/sports/high-school/2022/04/26/tuesdays-high-school-scores-taunton-softball-shuts-out-oa/9547703002/,6.772849316432558
min_k,member,https://www.tauntongazette.com/story/sports/high-school/softball/2022/06/08/raposos-16-strikeouts-leads-dighton-rehoboth-softball-over-tantasqua/7550070001/,6.055177298163848
min_k,member,https://www.tauntongazette.com/story/sports/high-school/2022/04/02/perry-monahan-score-twice-b-r-girls-lacrosse-season-opener/7254530001/,6.495164917736519
min_k,member,https://www.tauntongazette.com/story/news/homelessness/2022/09/06/taunton-homeless-group-home-38-winthrop-street-firefighter-bob-bastis-community-counseling/7951538001/,6.820171014359008
min_k,member,https://www.tauntongazette.com/story/sports/high-school/football/2022/09/02/taunton-football-returns-25-seniors-hopes-experience-counts-2022/7936605001/,6.834631981430473
min_k,member,https://www.tauntongazette.com/story/sports/high-school/softball/2022/07/26/taunton-high-softball-honored-at-fenway-park-after-winning-their-second-straight-state-title/10138014002/,6.832781834261758
min_k,member,https://www.tauntongazette.com/story/news/history/2022/06/01/women-taunton-labor-leader-female-preacer-salome-lincoln-gets-gravestone-after-180-years/9980801002/,7.277574998760655
min_k,member,https://www.tauntongazette.com/story/news/politics/elections/local/2022/05/08/berkley-election-2022-selectman-george-miller-re-elected-proposition-2-1-2-debt-exclusion/9632891002/,7.241200753858873
min_k,member,https://www.tauntongazette.com/restricted/?return=https%3A%2F%2Fwww.tauntongazette.com%2Fstory%2Fbusiness%2Freal-estate%2F2022%2F05%2F23%2Freal-estate-second-unit-new-winthrop-st-duplex-taunton-sells-500-000-dighton-raynham%2F9838163002%2F,0.5940342050707841
min_k,member,https://www.tauntongazette.com/story/sports/high-school/2022/04/12/tuesdays-high-school-scores-d-r-girls-lacrosse-dominates-bourne/7298150001/,6.801788760083062
min_k,member,https://www.tauntongazette.com/restricted/?return=https%3A%2F%2Fwww.tauntongazette.com%2Fstory%2Fsports%2Fhigh-school%2F2022%2F04%2F18%2Fhere-10-greater-taunton-boys-volleyball-players-watch-dighton-rehoboth%2F7339303001%2F,0.5611111548958275
min_k,member,https://www.tauntongazette.com/story/lifestyle/faith/2022/05/04/raynham-st-anns-church-builds-beds-kids-need-homeless/9539482002/,6.714586763016438
min_k,member,https://www.tauntongazette.com/story/sports/high-school/soccer/2022/09/15/dighton-reboboth-boys-soccer-defeats-bourne-enters-new-era/10384608002/,6.573451144149504
min_k,member,https://www.tauntongazette.com/story/news/2022/06/06/taunton-kelly-clarkson-show-rawkstar-jon-jacobs-tv-television/9926812002/,6.568478941917419
min_k,member,https://www.tauntongazette.com/story/news/military/2022/06/13/bridgewater-native-blake-ruehrwein-rehoboth-monuments-man-art-army-reserves/9943100002/,7.063496991126768
min_k,member,https://www.tauntongazette.com/story/sports/high-school/basketball/2022/07/13/b-rs-seavey-inducted-into-new-agenda-northeast-hall-fame/10055762002/,6.753992518758386
min_k,member,https://www.tauntongazette.com/story/sports/high-school/softball/2022/08/14/taunton-softballs-consalvi-named-head-coach-bridgewater-state/10313829002/,6.324341828028361
min_k,member,https://www.tauntongazette.com/story/lifestyle/food/2022/04/11/national-grilled-cheese-day-ugly-duckling-riverhouse-frates-panera/9501847002/,6.298411382904535
min_k,member,https://www.tauntongazette.com/story/news/history/2022/08/08/taunton-then-and-now-staples-coal-cohannet-mills-winthrop-st-baptist/10191954002/,7.351386669539253
min_k,member,https://www.tauntongazette.com/story/sports/youth/2022/08/04/taunton-tornadoes-u-10-softball-team-look-close-summer-top-coach-peter-buffington/10209404002/,6.351794978505687
min_k,member,https://www.tauntongazette.com/story/sports/high-school/football/2022/09/17/taunton-durfee-football-mansfield-high-school-september-17-2022/10412030002/,6.792225105566613
min_k,member,https://www.tauntongazette.com/story/news/education/graduation/2022/06/10/meet-dighton-rehoboth-regional-high-schools-top-10-graduates-2022/9732657002/,8.043641495704652
min_k,member,https://www.tauntongazette.com/story/sports/high-school/softball/2022/06/11/raposos-home-run-helps-lead-d-r-softball-over-austin-prep/7592037001/,6.294427491326369
min_k,member,https://www.tauntongazette.com/story/sports/high-school/2022/05/20/fridays-high-school-scores-d-r-softball-soars-over-apponequet/9868477002/,5.567950624686021
min_k,member,https://www.tauntongazette.com/story/lifestyle/faith/2022/06/22/taunton-congregation-agudath-achim-synagogue-holds-pride-shabbat-2022/7678262001/,7.338361253832827
min_k,member,https://www.tauntongazette.com/story/lifestyle/food/2022/04/18/taunton-real-brazil-restaurant-and-market-churrasco-brazilian-barbecue-bbq-linguica-steak-tremont-st/7309271001/,7.155390327416577
min_k,member,https://www.tauntongazette.com/story/sports/high-school/football/2022/09/17/young-dighton-rehoboth-football-team-earns-win-over-austin-prep/10403746002/,6.494558073007143
min_k,member,https://www.tauntongazette.com/story/sports/high-school/2022/05/05/thursdays-high-school-scores-taunton-softball-trounces-milford/9668084002/,5.8144163947839
min_k,member,https://www.tauntongazette.com/story/sports/high-school/2022/06/14/who-taunton-daily-gazette-player-week-june-6-12/7618976001/,6.794438887450655
min_k,member,https://www.tauntongazette.com/story/news/courts/2022/05/16/taunton-woman-fit-trial-unprovoked-stabbing-morton-hospital-employee/9767526002/,6.670830402931157
min_k,member,https://www.tauntongazette.com/story/lifestyle/pets/2022/08/28/pet-week-gregory-cat-rescue-taunton-animal-shelter/7903756001/,7.146697975340343
min_k,member,https://www.tauntongazette.com/story/news/politics/2022/05/23/trump-spirit-fighting-theme-runs-through-ma-gop-convention-taunton-mayor-shaunna-oconnell/9890429002/,7.625707566438608
min_k,member,https://www.tauntongazette.com/story/sports/2022/07/25/taunton-high-school-football-field-track-lighting-turf-athletic-director-mark-ottavianelli/10105056002/,6.773656404586065
min_k,member,https://www.tauntongazette.com/story/sports/high-school/softball/2022/04/14/ava-venturelli-lets-loose-taunton-softball-wins-big/7314606001/,6.359183084518514
min_k,member,https://www.tauntongazette.com/story/news/crime/2022/08/02/ceo-taunton-based-dgp-miles-insurance-pleads-guilty-fraud-embezzlement/10200153002/,6.693156464346524
min_k,member,https://www.tauntongazette.com/story/lifestyle/pets/2022/07/17/pet-week-spencer-am-staff-rescue-taunton-animal-shelter/10068672002/,7.445615579915601
min_k,member,https://www.tauntongazette.com/story/sports/high-school/softball/2022/04/29/taunton-dedicates-win-over-mansfield-late-jmu-softball-player/9580783002/,6.445229227759621
min_k,member,https://www.tauntongazette.com/story/sports/high-school/football/2022/09/06/dighton-rehoboth-football-hoping-gain-experience-young-squad/7946476001/,6.608852668096556
min_k,member,https://www.tauntongazette.com/story/sports/2022/05/02/taunton-native-marcus-santos-silva-signs-nfl-cleveland-browns/9622406002/,6.338038894865248
min_k,member,https://www.tauntongazette.com/story/news/local/2022/07/22/balloon-message-ny-summer-camp-lands-dighton-ma/10090121002/,7.246263776506696
min_k,member,https://www.tauntongazette.com/story/news/history/2022/05/05/arthur-cleveland-bent-taunton-renowned-ornithologist/9636526002/,7.423238731199695
min_k,member,https://www.tauntongazette.com/story/news/history/2022/07/08/women-taunton-silent-film-star-elsa-lorimers-lost-movies-gilded-dream/7826598001/,7.705306203325809
min_k,member,https://www.tauntongazette.com/story/news/2022/05/06/cedric-cromwell-convicted-bribery-case-related-taunton-first-light-casino/9671830002/,2.6276200638241964
min_k,member,https://www.tauntongazette.com/story/sports/college/softball/2022/04/26/close-to-homecoming-taunton-highs-kelsey-white-villanova-softball-providence/7436647001/,6.3991462668299155
min_k,member,https://www.tauntongazette.com/story/news/local/2022/08/07/tauntons-peter-b-gay-lodge-columbia-cultural-trust-scholarships-taunton-high-br-bp/10247465002/,8.097214335487003
min_k,member,https://www.tauntongazette.com/restricted/?return=https%3A%2F%2Fwww.tauntongazette.com%2Fstory%2Fsports%2Fhigh-school%2Fbaseball%2F2022%2F04%2F11%2Fhere-20-greater-taunton-baseball-players-watch-spring%2F9488026002%2F,0.5611111548958275
min_k,member,https://www.tauntongazette.com/story/sports/high-school/football/2022/09/09/taunton-new-bedford-football-september-9-2022/8045879001/,6.839871141314506
min_k,member,https://www.tauntongazette.com/story/sports/youth/2022/07/26/berkley-soccer-grade-11-girls-win-division-ii-state-championship/10146548002/,7.370923787697978
min_k,member,https://www.tauntongazette.com/story/lifestyle/features/2022/04/05/curious-taunton-whats-like-our-sister-city-taunton-england/7250653001/,7.384755004756626
min_k,member,https://www.tauntongazette.com/story/news/environment/2022/08/18/taunton-heat-islands-downtown-hotter-due-concrete-lack-trees/10342297002/,7.3619329748374005
min_k,member,https://www.tauntongazette.com/story/news/education/2022/06/14/taunton-b-p-freetown-join-bristol-plymouth-regional-technical-school-district/7552486001/,6.53372781475385
min_k,member,https://www.tauntongazette.com/story/news/local/2022/06/17/taunton-first-ever-pride-festival-june-11-2022-hopewell-park-lgbtq/7626898001/,6.6040414571762085
min_k,member,https://www.tauntongazette.com/story/news/local/2022/05/01/taunton-gazette-top-5-gillette-b-r-prom-parks-and-rec-kelsey-white/9587713002/,7.417673585761307
min_k,member,https://www.tauntongazette.com/story/sports/high-school/2022/09/09/taunton-bridgewater-raynham-bristol-plymouth-dighton-rehoboth-football-soccer-field-hockey-volleybal/8037356001/,6.4449605991442995
min_k,member,https://www.tauntongazette.com/story/news/drugs/marijuana/2022/05/27/taunton-cannabis-cultivation-grow-myles-standish-marijuana-greater-goods-odor-pot/9932225002/,7.612901608149211
min_k,member,https://www.tauntongazette.com/story/sports/2022/04/12/mondays-high-school-scores-wins-d-r-bp-girls-lacrosse-taunton-baseball-wins-undefeated-3-0/7286700001/,6.655356327333062
min_k,member,https://www.tauntongazette.com/restricted/?return=https%3A%2F%2Fwww.tauntongazette.com%2Fstory%2Fsports%2Fhigh-school%2Fsoftball%2F2022%2F06%2F17%2Fdi-softball-championship-preview-taunton-looks-defend-title%2F7653584001%2F,0.5390802770505062
min_k,member,https://www.tauntongazette.com/story/sports/high-school/2022/05/19/thursdays-high-school-scores-taunton-baseball-tops-new-bedford/9849067002/,5.82157527194934
min_k,member,https://www.tauntongazette.com/story/news/crime/2022/06/14/violent-armed-robbery-taunton-liquor-store-teenagers/7547639001/,6.8532097113199075
min_k,member,https://www.tauntongazette.com/restricted/?return=https%3A%2F%2Fwww.tauntongazette.com%2Fstory%2Fnews%2Ftraffic%2F2022%2F06%2F02%2Fraynham-traffic-safety-directed-patrols-route-44-138-laliberte-radar%2F7459981001%2F,0.698586942403031
min_k,member,https://www.tauntongazette.com/story/news/politics/elections/local/2022/04/10/dighton-election-selectman-brett-zografos-loses-peter-caron-rachel-goulart-leonard-hull/9518631002/,7.48851109204227
min_k,member,https://www.tauntongazette.com/story/news/crime/2022/06/02/taunton-kevin-lennon-kbl-vending-machine-company-fraud-routes-randolph/9964627002/,7.119823773701985
min_k,member,https://www.tauntongazette.com/story/news/crime/2022/06/14/dighton-police-applicants-first-youth-police-academy-training-teens/7610328001/,6.68311807574058
min_k,member,https://www.tauntongazette.com/story/lifestyle/pets/2022/09/11/pet-week-frost-cat-taunton-animal-shelter-adoption-rescue/8037418001/,6.300050766571708
min_k,member,https://www.tauntongazette.com/restricted/?return=https%3A%2F%2Fwww.tauntongazette.com%2Fstory%2Fsports%2Fhigh-school%2Fbaseball%2F2022%2F06%2F03%2Fhere-20-taunton-area-baseball-players-watch-postseason%2F7478307001%2F,0.698586942403031
min_k,member,https://www.tauntongazette.com/story/news/coronavirus/2022/08/01/gda-covid-19-state-2022-08-01-ma-ntdg/65387943007/,2.747773301747679
min_k,member,https://www.tauntongazette.com/story/lifestyle/pets/2022/07/03/pets-week-bonded-buddies-taunton-animal-shelter-cat-rescue/7787356001/,6.344109304489628
min_k,member,https://www.tauntongazette.com/restricted/?return=https%3A%2F%2Fwww.tauntongazette.com%2Fstory%2Fnews%2Fgood-news%2F2022%2F06%2F10%2Ftaunton-quadruplets-ashley-ness-expecting-2-pairs-identical-twins-spontaneous-natural%2F9926790002%2F,0.5629431392984164
min_k,member,https://www.tauntongazette.com/restricted/?return=https%3A%2F%2Fwww.tauntongazette.com%2Fstory%2Fnews%2Fenvironment%2F2022%2F04%2F15%2Ftaunton-aries-gasification-rfp-city-solicitor-matthew-costa-sludge-pfas-landfill-law-department%2F7308483001%2F,0.5611111548958275
min_k,member,https://www.tauntongazette.com/story/news/local/2022/09/04/taunton-gazette-top-5-tom-and-jimmys-paul-monti-epa-outlaws-verdict/7974572001/,7.059602932683353
min_k,member,https://www.tauntongazette.com/story/news/2022/09/08/taunton-salute-peter-corr-retired-police-officer-taunton-school-committee-bristol-plymouth-tmlp/7959671001/,6.985060037660205
min_k,member,https://www.tauntongazette.com/story/news/education/2022/05/27/taunton-high-school-teen-ted-talk-club-kids-mental-health-children-students/9793978002/,7.13620301678374
min_k,member,https://www.tauntongazette.com/story/sports/high-school/softball/2022/05/06/lynch-krockta-lead-high-powered-taunton-softball-offense-over-foxboro/9682372002/,6.148079480791231
min_k,member,https://www.tauntongazette.com/story/sports/high-school/football/2022/04/27/b-ps-bill-moan-inducted-into-mhsfca-hall-fame/7449548001/,6.685910995904502
min_k,member,https://www.tauntongazette.com/story/news/local/2022/06/23/berkley-town-administrator-heather-martin-sterling-resigns-accountant-katherine-avila-nickelson/7709859001/,7.0996696054935455
min_k,member,https://www.tauntongazette.com/restricted/?return=https%3A%2F%2Fwww.tauntongazette.com%2Fstory%2Fbusiness%2Freal-estate%2F2022%2F06%2F20%2Freal-estate-taunton-duplex-weir-sells-just-under-600-000-property-transfers-dighton-raynham-berkley%2F7646205001%2F,0.5390802770505062
min_k,member,https://www.tauntongazette.com/story/entertainment/local/2022/05/17/lgbtq-drag-queen-reads-kids-taunton-public-library-story-hour/9778301002/,7.348039150238037
min_k,member,https://www.tauntongazette.com/restricted/?return=https%3A%2F%2Fwww.tauntongazette.com%2Fstory%2Fnews%2Fhomelessness%2F2022%2F05%2F26%2Ftaunton-homeless-shelter-samaritan-house-intoxicated-residents-sober-paul-mccarty-ingell-street%2F9853542002%2F,0.5672795069142011
min_k,member,https://www.tauntongazette.com/story/sports/2022/09/14/taunton-high-home-games-moved-work-wraps-up-new-sports-facilities/10379120002/,6.801300577370517
min_k,member,https://www.tauntongazette.com/story/news/crime/2022/05/20/berkley-horse-breeder-gary-bolger-arraigned-animal-cruelty-rescue-league-bail-ponies/9838390002/,7.618533547469012
min_k,member,https://www.tauntongazette.com/story/news/environment/2022/09/01/taunton-epa-ethylene-oxide-gas-cancer-carcinogen-professional-contract-sterilization-pcs-myles/7867302001/,7.344737224157344
min_k,member,https://www.tauntongazette.com/story/news/local/2022/08/14/taunton-top-stories-star-club-beatles-sports-betting-d-r-vote/10310653002/,7.290198013265297
min_k,member,https://www.tauntongazette.com/story/news/local/2022/05/22/taunton-top-news-stories-nurse-strike-drag-queen-story-hour/9858263002/,6.810259005602668
min_k,member,https://www.tauntongazette.com/story/sports/high-school/2022/05/13/fridays-high-school-sports-deponte-breaks-ths-girls-two-mile-record/9770298002/,6.224883801185045
min_k,member,https://www.tauntongazette.com/story/news/local/2022/07/29/raynham-town-administrator-dartmouth-gregory-w-barnes-ta/10167411002/,7.054385843342298
min_k,member,https://www.tauntongazette.com/story/sports/high-school/2022/04/26/who-taunton-daily-gazette-player-week-april-18-23/7444148001/,5.908519612891333
min_k,member,https://www.tauntongazette.com/story/news/history/2022/09/07/curious-taunton-second-oldest-tree-massachusetts-european-beech-winthrop-street/7989563001/,7.6317186210213634
min_k,member,https://www.tauntongazette.com/restricted/?return=https%3A%2F%2Fwww.tauntongazette.com%2Fstory%2Fnews%2Fdrugs%2Fmarijuana%2F2022%2F04%2F20%2Ftaunton-montel-williams-tv-host-freshly-baked-cannabis-marijuana-vapes-inspire%2F7330683001%2F,0.5611111548958275
min_k,member,https://www.tauntongazette.com/story/news/education/2022/06/04/meet-bristol-plymouth-regional-technical-schools-top-10-graduates-2022/9960983002/,7.162775812561579
min_k,member,https://www.tauntongazette.com/story/news/2022/04/24/raynham-dojo-promotes-73-year-old-student-black-belt/7294157001/,6.889660110867481
min_k,member,https://www.tauntongazette.com/story/sports/high-school/2022/05/03/who-taunton-daily-gazette-player-week-april-25-may-1/9625544002/,5.846291279280058
min_k,member,https://www.tauntongazette.com/story/news/local/2022/05/26/greater-taunton-memorial-day-2022-events-observances-parades-more/9933106002/,6.729131606035617
min_k,member,https://www.tauntongazette.com/restricted/?return=https%3A%2F%2Fwww.tauntongazette.com%2Fstory%2Flifestyle%2Ffood%2F2022%2F06%2F07%2Fraynham-restaurant-seafood-cones-broadway-ice-cream-lobster-burgers-fish-scallops%2F7471543001%2F,0.698586942403031
min_k,member,https://www.tauntongazette.com/story/news/local/2022/06/28/leoncello-boxing-gym-owner-looks-help-addicts-kids-through-fitness-raynham-brockton-west-bridgewater/7535378001/,6.823861090563731
min_k,member,https://www.tauntongazette.com/restricted/?return=https%3A%2F%2Fwww.tauntongazette.com%2Fstory%2Fnews%2Fenvironment%2F2022%2F06%2F02%2Ftaunton-lake-sabbatia-invasive-weeds-milfoil-fanwort-water-chestnut-sonar-herbicide%2F9895021002%2F,0.698586942403031
min_k,member,https://www.tauntongazette.com/story/news/local/2022/08/21/taunton-stop-stories-nancy-quill-joe-nugent-carrie-consalvi-emu/7846200001/,7.253620521131769
min_k,member,https://www.tauntongazette.com/story/news/politics/elections/state/2022/08/26/taunton-area-early-voting-times-locations-ma-state-primary/7888315001/,4.916943578929692
min_k,member,https://www.tauntongazette.com/story/sports/high-school/2022/05/24/who-taunton-daily-gazette-player-week-may-16-21/9907450002/,5.475226733491227
min_k,member,https://www.tauntongazette.com/story/sports/high-school/baseball/2022/06/10/big-first-inning-propels-dighton-rehoboth-over-north-reading/7576854001/,6.097112912052083
min_k,member,https://www.tauntongazette.com/story/entertainment/local-celebrity/2022/08/15/radio-dj-raynham-native-nancy-quill-ma-broadcasters-hall-fame/10245334002/,6.422889438307429
min_k,member,https://www.tauntongazette.com/story/news/local/2022/05/04/berkley-animal-rescue-league-horse-breeder-animal-cruelty-ponies-gary-bolger/9633574002/,6.824537598169767
min_k,member,https://www.tauntongazette.com/story/news/education/graduation/2022/06/05/taunton-high-school-kayla-parrett-microbiology-harvard-university-ivy-league/7488778001/,7.106518618265787
min_k,member,https://www.tauntongazette.com/story/sports/high-school/baseball/2022/05/03/taunton-baseball-bounces-back-strong-outing-macdougall/9624058002/,6.220251623297885
min_k,member,https://www.tauntongazette.com/story/news/local/2022/09/11/taunton-gazette-top-5-stories-oldest-tree-d-r-football-leonard-school/8027007001/,7.156814892213423
min_k,member,https://www.tauntongazette.com/story/sports/high-school/baseball/2022/07/25/taunton-baseball-honored-for-winning-their-second-title-in-three-years-at-fenway-park/10137848002/,6.604300978322509
min_k,member,https://www.tauntongazette.com/story/news/education/2022/06/14/taunton-public-schools-arpa-covid-pandemic-money-technology-internet-laptops/7452776001/,6.853864365017291
min_k,member,https://www.tauntongazette.com/story/business/2022/04/04/pro-wrestler-opens-new-gaming-and-collectibles-shop-taunton/7228719001/,7.0603049866295615
min_k,member,https://www.tauntongazette.com/story/sports/high-school/softball/2022/06/17/taunton-high-softball-team-hype-chain-jewelry-teamwork/7650497001/,6.621514620947931
min_k,member,https://www.tauntongazette.com/story/news/education/2022/08/24/taunton-area-back-school-start-dates-2022-dighton-raynham-berkley-bristol-aggie-connolly/7877288001/,5.435589489183928
min_k,member,https://www.tauntongazette.com/restricted/?return=https%3A%2F%2Fwww.tauntongazette.com%2Fstory%2Fnews%2Ffire%2F2022%2F06%2F16%2Ffirefighting-fire-hydrants-cistern-fire-department%2F7567018001%2F,0.5629431392984164
min_k,member,https://www.tauntongazette.com/story/sports/high-school/2022/04/22/fridays-high-school-scores-taunton-baseball-tames-attleboro/7420163001/,5.665246528986643
min_k,member,https://www.tauntongazette.com/story/sports/high-school/softball/2022/06/07/aldrich-leads-taunton-softballs-offensive-onslaught-over-newton-south/7541810001/,6.431988453230477
min_k,member,https://www.tauntongazette.com/restricted/?return=https%3A%2F%2Fwww.tauntongazette.com%2Fstory%2Fbusiness%2Freal-estate%2F2022%2F05%2F02%2Freal-estate-taunton-home-flipped-resold-almost-double-price%2F9574052002%2F,0.34859477543226525
min_k,member,https://www.tauntongazette.com/story/news/politics/government/2022/07/14/conflict-interest-law-whittenton-hardware-stops-selling-taunton/7609655001/,7.159575371205197
min_k,member,https://www.tauntongazette.com/story/news/education/graduation/2022/06/11/meet-taunton-high-schools-top-10-graduates-2022/7500666001/,7.0477385467716624
min_k,member,https://www.tauntongazette.com/story/news/education/2022/05/12/taunton-deca-students-top-fundraisers-muscular-dystrophy-association/9661696002/,7.4825481542132115
min_k,member,https://www.tauntongazette.com/story/news/local/2022/06/21/state-community-compact-cabinet-municipal-grant-for-taunton-expected-to-benefit-water-customers/7584915001/,7.2260117784010625
min_k,member,https://www.tauntongazette.com/story/sports/2022/04/14/wednesdays-scores-big-wins-d-r-bp-baseball-b-r-d-r-softball/7315890001/,6.821506897608439
min_k,member,https://www.tauntongazette.com/restricted/?return=https%3A%2F%2Fwww.tauntongazette.com%2Fstory%2Fnews%2Fpolitics%2F2022%2F06%2F17%2Fraynham-town-administrator-graham-waters-leaves-fire-chief-bryan-lacivita-interim%2F7642879001%2F,0.5390802770505062
min_k,member,https://www.tauntongazette.com/story/news/education/2022/05/26/taunton-dighton-rehoboth-bridgewater-raynham-berkley-schools-texas-uvalde-shooting/9926000002/,6.707841040154153
min_k,member,https://www.tauntongazette.com/story/business/2022/07/21/taunton-east-rentals-bsu-student-kids-party-business-cassidy-andrade-bridgewater-state-university/10049739002/,7.179547901681289
min_k,member,https://www.tauntongazette.com/story/news/local/2022/06/26/taunton-gazette-top-5-grilla-greek-kouzina-berkley-raynham-black-bear/7726310001/,7.492735105532187
min_k,member,https://www.tauntongazette.com/story/sports/high-school/soccer/2022/08/26/former-coyle-boys-coach-dan-borges-lead-taunton-high-girls-soccer/7880893001/,5.895874858686798
min_k,member,https://www.tauntongazette.com/story/sports/2022/04/08/d-r-girls-lacrosse-taunton-volleyball-notch-big-wins-thursday/9509023002/,6.328424721293979
min_k,member,https://www.tauntongazette.com/story/sports/high-school/2022/05/24/tuesdays-high-school-scores-raposo-hits-150-ks-win-over-seekonk/9919165002/,6.577949992323344
min_k,member,https://www.tauntongazette.com/story/news/local/2022/08/28/taunton-top-stories-back-school-dan-borges-coach-city-clerk/7905802001/,6.656336511884417
min_k,member,https://www.tauntongazette.com/story/entertainment/2022/05/25/taunton-tom-petty-tribute-band-breakers-play-cape-cod-melody-tent/9794027002/,6.781432118385461
min_k,member,https://www.tauntongazette.com/story/sports/high-school/2022/09/18/b-p-football-b-r-girls-soccer-september-17-2022/10422783002/,7.4297347749982565
min_k,member,https://www.tauntongazette.com/restricted/?return=https%3A%2F%2Fwww.tauntongazette.com%2Fstory%2Fnews%2Feducation%2F2022%2F06%2F13%2Fdighton-rehoboth-high-school-bullets-gun-graffiti-led-lockdowns%2F7553894001%2F,0.5629431392984164
min_k,member,https://www.tauntongazette.com/story/sports/high-school/2022/05/27/fridays-high-school-scores-krockta-leads-taunton-over-newton-north/9967455002/,5.597570072653835
min_k,member,https://www.tauntongazette.com/story/sports/high-school/2022/05/09/mondays-high-school-scores-taunton-girls-lacrosse-earns-first-win/9712881002/,5.464058386894965
min_k,member,https://www.tauntongazette.com/story/sports/2022/04/07/wednesdays-high-school-scores-d-r-volleyball-b-p-boys-tennis-win/9494679002/,6.878072251664832
min_k,member,https://www.tauntongazette.com/story/sports/high-school/2022/05/23/captain-falcon-d-rs-eliana-raposo-leader-and-off-field-dighton-rehoboth-softball-st-thomas-aquinas/9859522002/,6.359493559833923
min_k,member,https://www.tauntongazette.com/restricted/?return=https%3A%2F%2Fwww.tauntongazette.com%2Fstory%2Fsports%2Fhigh-school%2F2022%2F04%2F04%2Fhere-2021-22-taunton-daily-gazette-hockey-all-scholastics%2F7211770001%2F,0.5611111548958275
min_k,member,https://www.tauntongazette.com/story/news/2022/09/08/restaurants-taunton-berkley-seek-workers-as-dining-rises-with-easing-of-covid-restrictions/7930421001/,6.79115197875283
min_k,member,https://www.tauntongazette.com/story/news/2022/06/17/taunton-residents-invited-to-honor-our-military-in-recognition-of-ptsd-month/7639824001/,7.458684140130093
min_k,member,https://www.tauntongazette.com/story/news/education/2022/06/08/dighton-rehoboth-high-school-threat-bullets-found-d-r-bathroom/7562165001/,5.991835567474365
min_k,member,https://www.tauntongazette.com/story/sports/college/softball/2022/04/28/tight-knit-d-r-softball-soars-over-bourne/9565836002/,6.320566049501217
min_k,member,https://www.tauntongazette.com/story/news/education/2022/06/08/taunton-e-pole-elementary-school-crossing-guard-rick-spearin-honored-award-massdot-safe-routes/7500018001/,6.950420092692418
min_k,member,https://www.tauntongazette.com/story/news/environment/2022/08/12/raynham-center-water-district-pfas-residents-warned-drinking-water-chemicals/10291896002/,7.014735808850784
min_k,member,https://www.tauntongazette.com/story/news/history/2022/04/26/taunton-landscape-architect-frederick-law-olmsteds-200th-anniversary/7325057001/,7.328293624463112
min_k,member,https://www.tauntongazette.com/story/news/local/2022/04/04/taunton-store-dressed-up-blue-yellow-and-white-ukraine/7243729001/,7.477170312506521
min_k,member,https://www.tauntongazette.com/story/news/fire/2022/06/23/taunton-ma-electrocution-man-dies-415-danforth-street/7711332001/,7.167640859430486
min_k,member,https://www.tauntongazette.com/story/news/local/2022/06/28/friends-create-engayge-social-media-app-cater-lgbtq-community-somerset-dighton/7721617001/,6.8025918495655056
min_k,member,https://www.tauntongazette.com/story/sports/high-school/2022/04/21/thursdays-high-school-scores-b-r-baseball-wins-pnhs-tournament/7401592001/,6.007946608430248
min_k,member,https://www.tauntongazette.com/story/news/local/2022/05/23/second-annual-downtown-art-jam-draws-crowd-taunton-green-2022/9876016002/,7.888352465319943
min_k,member,https://www.tauntongazette.com/story/sports/high-school/2022/09/13/taunton-daily-gazette-player-week-sept-5-10-bridgewater-raynham-bristol-plymouth-dighton-rehoboth/10363911002/,5.780066293748942
min_k,member,https://www.tauntongazette.com/story/lifestyle/pets/2022/06/19/pet-week-bella-lab-shepherd-taunton-dog-adoption-pet-rescue/7659231001/,7.945320137476517
min_k,member,https://www.tauntongazette.com/story/news/local/2022/06/23/taunton-holds-third-annual-juneteenth-celebration-2022/7684249001/,7.33961105197668
min_k,member,https://www.tauntongazette.com/story/lifestyle/pets/2022/04/03/pet-week-leo-dog-adoption-hound-am-staff-taunton-animal-rescue/7244204001/,6.019067901831407
min_k,member,https://www.tauntongazette.com/story/news/local/2022/06/14/dighton-lgbtq-pride-flag-maura-healey-approves-bylaw-amendments-town-hall-attorney-general/7534434001/,7.520354750809396
min_k,member,https://www.tauntongazette.com/story/sports/high-school/2022/04/18/mondays-high-school-scores-d-r-baseball-boys-lacrosse-earn-wins/7361813001/,6.010881290435791
min_k,member,https://www.tauntongazette.com/story/news/history/2022/06/13/raynham-milk-bottle-history-novelty-architecture-roadside-pop/7554688001/,7.663828851893085
min_k,member,https://www.tauntongazette.com/story/sports/2022/04/26/first-opening-day-ceremony-years-for-taunton-girls-softball-league-saturday/7429253001/,7.124664863673123
min_k,member,https://www.tauntongazette.com/story/sports/college/softball/2022/05/03/taunton-native-jaylin-couto-named-ccc-softball-pitcher-week/9637386002/,6.115191067589654
min_k,member,https://www.tauntongazette.com/story/sports/high-school/2022/05/03/tuesdays-high-school-scores-taunton-girls-track-snags-win-milford/9636096002/,5.978281696637471
min_k,member,https://www.tauntongazette.com/story/sports/high-school/softball/2022/06/17/back-back-taunton-claims-d-1-title-thriller-peabody/7666385001/,6.369144369171681
min_k,member,https://www.tauntongazette.com/story/sports/high-school/2022/04/29/fridays-high-school-scores-d-rs-raposo-leads-charge-over-apponequet/9590890002/,5.610300912373308
min_k,member,https://www.tauntongazette.com/story/news/local/2022/05/13/morton-hospital-nurses-taunton-authorize-three-day-strike/9751638002/,7.363628083087028
min_k,member,https://www.tauntongazette.com/story/lifestyle/health-fitness/2022/04/27/new-raynham-athletic-club-program-young-adults-developmental-disabilities/7399974001/,6.7378027535075375
min_k,member,https://www.tauntongazette.com/story/sports/high-school/track-field/2022/05/16/dighton-rehoboth-high-school-track-being-repaired-spring/9705691002/,6.904472839932482
min_k,member,https://www.tauntongazette.com/story/sports/high-school/2022/09/16/sports-highlights-friday-b-p-volleyball-players-aces-despite-loss/10399748002/,6.843465309269381
min_k,member,https://www.tauntongazette.com/restricted/?return=https%3A%2F%2Fwww.tauntongazette.com%2Fstory%2Fnews%2Fenvironment%2F2022%2F06%2F21%2Ftaunton-massasoit-state-park-invasive-weeds-big-bearhole-pond-lake-rico%2F7659441001%2F,0.8536495254702459
min_k,member,https://www.tauntongazette.com/restricted/?return=https%3A%2F%2Fwww.tauntongazette.com%2Fstory%2Fnews%2Flocal%2F2022%2F04%2F12%2Ftaunton-zoning-lot-sizes-smaller-planning-board-city-council-high-rents-affordable-housing%2F9501110002%2F,0.5611111548958275
min_k,member,https://www.tauntongazette.com/story/news/local/2022/06/19/taunton-gazette-top-5-taunton-river-trail-milk-bottle-monuments-men/7661287001/,7.1871756716362105
min_k,member,https://www.tauntongazette.com/story/news/education/2022/06/20/raynham-town-election-bristol-plymouth-debt-exclusion-vote-june-28-2022-new-school-construcition-bp/7654613001/,7.223832539149693
min_k,member,https://www.tauntongazette.com/story/news/education/2022/05/24/bristol-plymouth-grad-headed-dartmouth/9809051002/,6.63451127916853
min_k,member,https://www.tauntongazette.com/story/sports/high-school/2022/06/06/mondays-high-school-playoff-scores-b-r-softball-shuts-down-lexington/7540912001/,5.793212596214179
min_k,member,https://www.tauntongazette.com/story/lifestyle/food/2022/06/03/10-taunton-area-restaurants-celebrate-national-veggie-burger-day/7490764001/,6.520059122846134
min_k,member,https://www.tauntongazette.com/story/news/crime/2022/07/30/dighton-police-lt-sean-cronin-chief-robert-mcdonald-retire/10185597002/,7.252830268490699
min_k,member,https://www.tauntongazette.com/story/news/local/2022/05/15/taunton-top-stories-rescued-ponies-puddle-jumper-quilts-cannabis-odor-dighton-rehoboth-district/9764106002/,7.154554492548892
min_k,member,https://www.tauntongazette.com/story/sports/high-school/2022/05/11/wednesdays-high-school-scores-venturelli-leads-taunton-over-franklin/9736402002/,5.8667965705415845
min_k,member,https://www.tauntongazette.com/restricted/?return=https%3A%2F%2Fwww.tauntongazette.com%2Fstory%2Fbusiness%2Freal-estate%2F2022%2F06%2F13%2Freal-estate-berkley-home-dates-1750-sells-713-000-property-transfers-taunton-raynham-dighton%2F7570558001%2F,0.5629431392984164
min_k,member,https://www.tauntongazette.com/story/news/local/2022/09/15/taunton-boys-girls-club-metro-south-wave-headbands-prevent-drowning-detection/10360441002/,7.203629432365909
min_k,member,https://www.tauntongazette.com/restricted/?return=https%3A%2F%2Fwww.tauntongazette.com%2Fstory%2Fbusiness%2Freal-estate%2F2022%2F05%2F16%2Freal-estate-taunton-colonial-harvest-wood-dr-sells-685-000%2F9750065002%2F,0.34859477543226525
min_k,member,https://www.tauntongazette.com/story/sports/high-school/2022/05/08/weekend-high-school-scores-sophomores-lead-b-r-boys-lax-over-canton/9700366002/,6.509628459588805
min_k,member,https://www.tauntongazette.com/story/sports/high-school/football/2022/08/22/top-questions-greater-taunton-high-school-football-2022-season/7847826001/,7.42715649485256
min_k,member,https://www.tauntongazette.com/restricted/?return=https%3A%2F%2Fwww.tauntongazette.com%2Fstory%2Fsports%2Fhigh-school%2Fsoftball%2F2022%2F06%2F06%2Fhere-15-taunton-area-softball-players-watch-postseason%2F7527401001%2F,0.698586942403031
min_k,member,https://www.tauntongazette.com/story/sports/high-school/2022/04/28/thursdays-high-school-scores-b-r-softball-blows-past-brockton/9579594002/,6.193476829809301
min_k,member,https://www.tauntongazette.com/story/sports/high-school/baseball/2022/04/19/high-school-baseball-durfee-taunton-evan-cali-tigers/7370663001/,6.356167991584707
min_k,member,https://www.tauntongazette.com/story/news/education/2022/08/04/dighton-rehoboth-dr-special-town-meeting-withdrawing-k-8-wealth-factor-state-aid-budget-assessment/10225997002/,7.303579573695724
min_k,member,https://www.tauntongazette.com/restricted/?return=https%3A%2F%2Fwww.tauntongazette.com%2Fstory%2Fbusiness%2Freal-estate%2F2022%2F04%2F11%2Freal-estate-taunton-two-family-home-whittneton-renovated-resold-double-price-dighton-berkley-raynham%2F9502293002%2F,0.5611111548958275
min_k,member,https://www.tauntongazette.com/story/news/2022/06/09/former-taunton-middle-school-student-its-new-principal/7570708001/,6.9533562036661
min_k,member,https://www.tauntongazette.com/story/news/local/2022/05/08/taunton-gazette-top-stories-marcus-santos-silva-nfl-real-estate/9680799002/,7.259671724119852
min_k,member,https://www.tauntongazette.com/story/business/2022/08/08/raynham-park-to-offer-betting-on-pro-sports-greyhound-races-thoroughbred-racing-harness-racing/10223531002/,7.2772847192232
min_k,member,https://www.tauntongazette.com/story/sports/high-school/2022/09/15/peters-thayer-lead-b-r-golf-rare-win-over-xaverian/10389651002/,5.953193003569192
min_k,member,https://www.tauntongazette.com/story/sports/high-school/2022/04/09/taunton-softball-plates-29-runs-pitchers-combine-for-no-hitter/9520866002/,6.649658935891706
min_k,member,https://www.tauntongazette.com/story/sports/high-school/softball/2022/06/11/big-bats-solid-pitching-powers-taunton-softball-past-central-catholic/7590572001/,6.374789024423237
min_k,member,https://www.tauntongazette.com/story/news/local/2022/08/18/taunton-food-banks-tackle-growing-food-requests-caused-by-rising-costt-of-living/10343021002/,7.169025205946588
min_k,member,https://www.tauntongazette.com/story/news/traffic/2022/06/28/taunton-upgrade-downtown-crosswalks-main-street-mass-dot-shared-streets-grant-school-trescott-cedar/7653234001/,6.863558701794557
min_k,member,https://www.tauntongazette.com/story/sports/high-school/football/2022/09/01/young-revamped-bristol-plymouth-football-team-rebuilds-2022-season-taunton/7942923001/,6.619818859286123
min_k,member,https://www.tauntongazette.com/story/news/healthcare/2022/07/05/lakeville-cancer-fred-candyman-reagan-fundraising-machine-hilliards-chocolate-jimmy-fund-dana-farber/7765381001/,7.029008012264967
min_k,member,https://www.tauntongazette.com/story/sports/2022/04/14/high-school-scores-bp-baseball-wins-again-first-win-taunton-boys-tennis/7326545001/,6.9162493715382585
min_k,member,https://www.tauntongazette.com/story/sports/high-school/2022/06/03/fridays-high-school-scores-two-taunton-runners-meet-champions/7509925001/,6.28217262434728
min_k,member,https://www.tauntongazette.com/story/sports/2022/04/05/monday-scores-d-r-b-p-softball-taunton-baseball-win-season-openers/9467272002/,6.292321343696554
min_k,member,https://www.tauntongazette.com/story/lifestyle/pets/2022/06/05/pet-week-remi-am-staff-dog-taunton-animal-shelter-rescue/7501433001/,7.266105020963229
min_k,member,https://www.tauntongazette.com/story/special/2022/08/18/boston-tavern-middleboro-hosts-little-league-world-series-watch-party/10346816002/,6.641435946947262
min_k,member,https://www.tauntongazette.com/story/sports/high-school/baseball/2022/06/11/bridgewater-raynham-baseball-bows-out-franklin-elite-eight/7599839001/,6.2774051955983605
min_k,member,https://www.tauntongazette.com/story/news/local/2022/04/03/top-stories-police-staffing-bennys-vargas-murders-aries/7245302001/,7.044162717130449
min_k,member,https://www.tauntongazette.com/story/sports/high-school/baseball/2022/05/01/d-r-celebrates-cuthbertsons-600th-win-all-around-effort-601/9593800002/,6.133495395109591
min_k,member,https://www.tauntongazette.com/story/news/local/2022/08/08/raynham-police-and-fire-still-waiting-new-public-safety-building/10234123002/,7.436322094807074
min_k,member,https://www.tauntongazette.com/story/news/education/2022/07/13/old-colony-ymca-camp-taunton-children-field-trips-water-wizz-blue-hills-museum-of-science-newport/10017455002/,7.010132451211253
min_k,member,https://www.tauntongazette.com/story/news/politics/government/2022/04/28/2020-federal-census-taunton-voting-precinct-lines-have-changed/9556638002/,7.386637760245281
min_k,member,https://www.tauntongazette.com/story/sports/high-school/softball/2022/05/10/larson-goes-distance-but-taunton-softball-falls-short-kp/9713212002/,6.568736479701107
min_k,member,https://www.tauntongazette.com/story/sports/high-school/2022/05/26/thursdays-high-school-scores-b-p-comes-back-over-west-bridgewater/9953127002/,5.780229548045567
min_k,member,https://www.tauntongazette.com/restricted/?return=https%3A%2F%2Fwww.tauntongazette.com%2Fstory%2Fnews%2Flocal%2F2022%2F05%2F12%2Fconstruction-of-sports-simulcasting-facility-at-raynham-park-begins%2F9620945002%2F,0.34859477543226525
min_k,member,https://www.tauntongazette.com/restricted/?return=https%3A%2F%2Fwww.tauntongazette.com%2Fstory%2Fnews%2Flocal%2F2022%2F05%2F06%2Ftaunton-union-block-new-apartments-impact-parking-downtown%2F9664108002%2F,0.34859477543226525
min_k,member,https://www.tauntongazette.com/story/sports/high-school/2022/05/02/mondays-high-school-scores-b-r-baseball-earns-sixth-shutout/9624473002/,5.930376389651623
min_k,member,https://www.tauntongazette.com/story/sports/high-school/baseball/2022/06/07/super-cali-bros-cali-brothers-cousin-help-lift-taunton-over-waltham/7541598001/,6.247824465290884
min_k,member,https://www.tauntongazette.com/story/sports/college/basketball/2022/07/08/tauntons-doug-alves-signs-division-ii-francis-marion-university/7825438001/,6.035399647082313
min_k,member,https://www.tauntongazette.com/story/news/history/2022/08/05/curious-taunton-big-bands-once-packed-historic-roseland-ballroom/10043459002/,7.626009567690567
min_k,member,https://www.tauntongazette.com/story/sports/high-school/baseball/2022/06/08/clutch-hits-solid-pitching-earn-taunton-baseball-win-over-natick/7558149001/,6.1105301428956595
min_k,member,https://www.tauntongazette.com/story/sports/high-school/2022/05/01/weekend-high-school-scores-b-r-girls-lax-rallies-past-bishop-stang/9611890002/,6.80725071741187
min_k,member,https://www.tauntongazette.com/story/sports/high-school/baseball/2022/06/11/taunton-baseball-shuts-out-braintree-advance-final-four/7595541001/,6.112361890528906
min_k,member,https://www.tauntongazette.com/story/sports/high-school/2022/05/18/wednesdays-high-school-scores-mendonca-leads-taunton-over-mansfield/9833177002/,5.834127701782599
min_k,member,https://www.tauntongazette.com/story/news/education/2022/05/10/taunton-drag-queen-story-hour-lgbtq-storytime-children-library-pride/9690148002/,6.7174159073681565
min_k,member,https://www.tauntongazette.com/story/news/crime/2022/07/29/attorney-prepares-defense-berkley-horse-breeder-charged-animal-cruelty/10156526002/,7.269641153826685
min_k,member,https://www.tauntongazette.com/story/news/politics/2022/07/12/taunton-roe-v-wade-day-action-rally-green/10025663002/,7.176096269819472
min_k,member,https://www.tauntongazette.com/story/business/2022/08/31/tauntons-tom-and-jimmys-replace-peaceful-meadows-middleboro-ice-cream/7937528001/,6.88918919913685
min_k,member,https://www.tauntongazette.com/story/news/education/graduation/2022/06/04/dighton-bristol-aggie-valedictorian-noah-hanson-study-wildlife/7455092001/,6.788756414807798
min_k,member,https://www.tauntongazette.com/restricted/?return=https%3A%2F%2Fwww.tauntongazette.com%2Fstory%2Fbusiness%2Freal-estate%2F2022%2F04%2F25%2Freal-estate-condo-tauntons-somerset-gardens-sells-238-000-property-transfers-raynham-dighton%2F7400306001%2F,0.5611111548958275
min_k,member,https://www.tauntongazette.com/story/sports/high-school/football/2022/09/09/bristol-plymouth-old-colony-football-september-9-2022/8040271001/,6.86329918053314
min_k,member,https://www.tauntongazette.com/restricted/?return=https%3A%2F%2Fwww.tauntongazette.com%2Fstory%2Flifestyle%2Ffood%2F2022%2F05%2F05%2Ftaunton-off-broadway-mimis-diner-replaces-downtown-restaurant-green%2F9613069002%2F,0.34859477543226525
min_k,member,https://www.tauntongazette.com/restricted/?return=https%3A%2F%2Fwww.tauntongazette.com%2Fstory%2Fnews%2Flocal%2F2022%2F04%2F26%2Frepairs-expensive-taunton-centuries-old-historic-fire-stations%2F7356816001%2F,0.6405917633394711
min_k,member,https://www.tauntongazette.com/story/news/local/2022/08/26/taunton-police-want-longer-school-safety-zone-williams-street-near-parker-middle-school-curb-speedin/7887116001/,6.980119337980774
min_k,member,https://www.tauntongazette.com/story/sports/high-school/2022/04/25/mondays-high-school-scores-d-r-softball-rolls-over-old-rochester/7448535001/,5.6634543249683995
min_k,member,https://www.tauntongazette.com/story/news/local/2022/07/31/taunton-gazette-top-5-fedex-malis-message-balloon-dighton/10184011002/,7.345958791186462
min_k,member,https://www.tauntongazette.com/story/sports/high-school/2022/05/12/thursdays-high-school-scores-b-p-baseball-bests-blue-hills/9754580002/,5.662144801413366
min_k,member,https://www.tauntongazette.com/story/sports/high-school/2022/05/31/who-taunton-daily-gazette-player-week-may-23-28/7453553001/,5.712158171635754
min_k,member,https://www.tauntongazette.com/story/sports/high-school/baseball/2022/06/12/watts-shuts-out-arlington-catholic-seal-d-rs-spot-final-four/7604284001/,6.241559280539459
min_k,member,https://www.tauntongazette.com/story/sports/high-school/2022/09/13/taunton-girls-cross-countrys-dunham-finishes-first-vs-king-philip/10372600002/,6.452633956074715
min_k,member,https://www.tauntongazette.com/story/news/local/2022/05/11/berkley-mspca-rescued-ponies-adoption-farm-horses-abuse-neglect-gary-bolger-animal-cruelty/9664881002/,7.110521510931162
min_k,member,https://www.tauntongazette.com/story/sports/high-school/baseball/2022/04/26/macdougall-powers-balanced-taunton-baseball-clash-tigers/9548538002/,6.378497583940884
min_k,member,https://www.tauntongazette.com/restricted/?return=https%3A%2F%2Fwww.tauntongazette.com%2Fstory%2Fbusiness%2Freal-estate%2F2022%2F04%2F04%2Freal-estate-victorian-taunton-high-street-sells-705-000-property-transfers-dighton-raynham-berkley%2F7235627001%2F,0.5611111548958275
min_k,member,https://www.tauntongazette.com/story/sports/high-school/softball/2022/05/11/berube-leads-case-softball-circle-and-plate-win-over-d-r/9725962002/,5.912665976940746
min_k,member,https://www.tauntongazette.com/story/news/education/2022/08/08/dighton-rehoboth-regional-school-district-town-meeting-rejects-withdraw-kindergarten-8th-grade/10264070002/,7.615284741719564
min_k,member,https://www.tauntongazette.com/story/sports/high-school/baseball/2022/05/24/seniors-have-themselves-day-taunton-baseball-beats-milford/9903898002/,6.156537185801138
min_k,member,https://www.tauntongazette.com/story/sports/high-school/2022/04/24/weekend-scores-d-r-boys-lacrosse-keeps-rolling/7436705001/,6.072476105256514
min_k,member,https://www.tauntongazette.com/story/news/local/2022/06/12/taunton-top-stories-rick-spearin-lyndsey-littlefield-rawkstars/7585873001/,7.373595885808955
min_k,member,https://www.tauntongazette.com/story/news/local/2022/04/01/police-shortage-recruitment-traffic-detail-taunton-age-limit-home-rule-petition-civilian/7224873001/,7.7180718203496665
min_k,member,https://www.tauntongazette.com/story/lifestyle/pets/2022/04/17/pet-week-taunton-sophie-sandy-cat-adoption-animal-rescue/7332020001/,6.8162819781201955
min_k,member,https://www.tauntongazette.com/story/sports/high-school/baseball/2022/05/12/franklin-quells-taunton-baseballs-bats-hockomock-showdown/9741562002/,6.2585196796403055
min_k,member,https://www.tauntongazette.com/restricted/?return=https%3A%2F%2Fwww.tauntongazette.com%2Fstory%2Fsports%2Fhigh-school%2Fsoftball%2F2022%2F04%2F07%2Fhere-greater-taunton-softball-players-watch-spring%2F9474093002%2F,0.5611111548958275
min_k,member,https://www.tauntongazette.com/restricted/?return=https%3A%2F%2Fwww.tauntongazette.com%2Fstory%2Fnews%2Fenvironment%2F2022%2F05%2F26%2Ftaunton-climate-change-risk-flooding-ticks-extreme-heat-lake-sabbatia-massasoit-mvp-fema%2F9870920002%2F,0.5672795069142011
min_k,member,https://www.tauntongazette.com/story/news/local/2022/07/26/dighton-police-comfort-dog-oakie-partners-sro-stephen-hathaway/10126591002/,7.2750446558641295
min_k,member,https://www.tauntongazette.com/story/news/politics/elections/local/2022/08/02/raynham-early-voting-senior-center-displaced-middle-school/10193558002/,6.96859787548742
min_k,member,https://www.tauntongazette.com/story/news/2022/04/28/berkley-selectman-candidates-george-miller-tabitha-mccrohan-lay-out-their-plans-town-election/9558606002/,7.232767197447763
min_k,member,https://www.tauntongazette.com/story/news/local/2022/08/05/colonial-road-runners-host-5-k-every-monday-night-raynham/10210634002/,6.961511281820444
min_k,member,https://www.tauntongazette.com/story/news/2022/07/26/taunton-bikes-city-council-summer-activities-hopewell-park-security-box-cutter-ymca-boys-girls-club/10116445002/,7.074609283833777
min_k,member,https://www.tauntongazette.com/restricted/?return=https%3A%2F%2Fwww.tauntongazette.com%2Fstory%2Fnews%2Feducation%2F2022%2F06%2F09%2Fschool-superintendent-explains-why-grad-speeches-sounded-distorted-bridgewater-raynham%2F7560869001%2F,0.7818257620344108
min_k,member,https://www.tauntongazette.com/story/news/local/2022/08/13/dighton-animal-cruelty-goats-emu-jerry-mspca-seized/10309754002/,6.961686162238426
min_k,member,https://www.tauntongazette.com/story/sports/high-school/2022/04/12/who-taunton-daily-gazette-player-week-april-4-9/7286234001/,6.383282594620042
min_k,member,https://www.tauntongazette.com/story/entertainment/arts/2022/05/16/downtown-art-jam-taunton-concerts-murals-exhibits-kids-activities/9746315002/,7.366792695564136
min_k,member,https://www.tauntongazette.com/story/sports/high-school/2022/09/08/taunton-volleyball-soccer-golf-bridgewater-raynham-bristol-plymouth/8026401001/,6.273376719861091
min_k,member,https://www.tauntongazette.com/story/lifestyle/pets/2022/05/08/pet-week-sadie-cat-adoption-taunton-shelter-pet-rescue/9675366002/,6.406828076498849
min_k,member,https://www.tauntongazette.com/story/business/2022/07/22/taunton-silver-city-galleria-mall-fedex-warehouse-distribution-center-taxes-jobs/10091034002/,7.1404522735381795
min_k,member,https://www.tauntongazette.com/story/entertainment/local/2022/06/29/dighton-celebrates-2022-firecracker-festival-town-hall-july-9/7760479001/,7.172602461731953
min_k,member,https://www.tauntongazette.com/story/news/local/2022/06/10/dighton-town-meeting-oks-150-k-library-move-smith-memorial-hall/7574208001/,7.806612478256225
min_k,member,https://www.tauntongazette.com/story/news/local/2022/04/17/top-stories-spring-sports-predictions-zografos-loses-rawkstars-taunton-dighton-raynham-pfas-aries/7335231001/,7.507841058345656
min_k,member,https://www.tauntongazette.com/story/sports/high-school/2022/09/06/mondays-high-school-scores-taunton-volleyball-takes-opener-over-nb/8006377001/,6.096052667072841
min_k,member,https://www.tauntongazette.com/story/sports/high-school/wrestling/2022/05/24/taunton-wrestler-christian-balmain-commits-iowa-lakes/9914298002/,6.69763468427861
min_k,member,https://www.tauntongazette.com/story/news/local/2022/08/07/taunton-gazette-top-5-jenna-lyons-roseland-ballroom-shawn-cronin/10250463002/,7.316987089042006
min_k,member,https://www.tauntongazette.com/story/sports/high-school/baseball/2022/04/20/dighton-rehoboth-falls-short-close-contest-oliver-ames/7389122001/,6.312632339184101
min_k,member,https://www.tauntongazette.com/story/news/healthcare/2022/07/14/morton-hospital-massachusetts-nurses-association-contract-strike-raises-staffing-icu/10046997002/,6.725649073080051
min_k,member,https://www.tauntongazette.com/story/lifestyle/pets/2022/04/10/pet-week-luda-jada-black-lab-dog-adoption-taunton-rescue/9510936002/,7.096372087796529
min_k,member,https://www.tauntongazette.com/story/news/crime/2022/07/07/dighton-body-worn-cameras-police-bodycams/7814481001/,7.0127968655692206
min_k,member,https://www.tauntongazette.com/story/sports/high-school/2022/04/06/bridgewater-raynham-baseball-earns-first-win-under-new-coach-connolly/9479787002/,6.314708164057781
min_k,member,https://www.tauntongazette.com/story/lifestyle/pets/2022/08/07/pet-week-duke-am-staff-dog-adoption-taunton-animal-rescue/10246461002/,6.794871411425002
min_k,member,https://www.tauntongazette.com/restricted/?return=https%3A%2F%2Fwww.tauntongazette.com%2Fstory%2Fbusiness%2Freal-estate%2F2022%2F05%2F09%2Freal-estate-east-taunton-home-county-st-sells-almost-500-000-property-transfers-raynham-berkley%2F9665250002%2F,0.34859477543226525
min_k,member,https://www.tauntongazette.com/story/sports/high-school/softball/2022/05/17/despite-solid-pitching-taunton-softball-upended-attleboro/9802771002/,6.458910949258919
min_k,member,https://www.tauntongazette.com/story/news/education/graduation/2022/06/05/taunton-high-school-ivy-league-kyanna-barros-brown-university-valedictorian-bioengineering-medical/7469431001/,6.687310536702474
min_k,member,https://www.tauntongazette.com/story/sports/high-school/2022/07/20/mayor-city-council-honor-taunton-high-schools-two-state-champion-teams/10104087002/,6.536023554049041
min_k,member,https://www.tauntongazette.com/story/lifestyle/2022/04/07/berkley-based-bostonian-repurposed-owners-advance-diy-heroes-mark-bowe-magnolia-network/7195355001/,7.1334394440615085
min_k,member,https://www.tauntongazette.com/story/sports/youth/2022/07/28/taunton-junior-city-open-golf-tournament-set-aug-15-and-16/10170497002/,5.164516524663047
min_k,member,https://www.tauntongazette.com/story/sports/high-school/softball/2022/06/15/team-effort-leads-taunton-over-methuen-and-into-d-1-title-game/7643127001/,6.226408709151835
min_k,member,https://www.tauntongazette.com/story/news/education/2022/05/10/dighton-rehoboth-degionalization-dr-k-8-grades-withdraw-parents-superintendent-anthony-azar/9650863002/,6.973951395820169
min_k,member,https://www.tauntongazette.com/restricted/?return=https%3A%2F%2Fwww.tauntongazette.com%2Fstory%2Fbusiness%2Freal-estate%2F2022%2F06%2F06%2Freal-estate-report-sale-taunton-home-burt-st-tops-500-000-property-transfers-residential-raynham%2F7488251001%2F,0.698586942403031
min_k,member,https://www.tauntongazette.com/story/news/local/2022/04/13/taunton-rawkstars-nonprofit-provides-kids-free-instruments-lessons/9467756002/,6.956736261311246
min_k,member,https://www.tauntongazette.com/story/sports/youth/2022/07/19/raynham-youth-soccer-grades-5-6-girls-win-division-ii-state-title/10051033002/,7.147512749780582
min_k,member,https://www.tauntongazette.com/story/news/local/2022/08/05/the-little-things-jennas-wish-list-raynham-woman-collects-items-cancer-patients-amazon-tiktok/10158233002/,7.034184423725256
min_k,member,https://www.tauntongazette.com/restricted/?return=https%3A%2F%2Fwww.tauntongazette.com%2Fstory%2Fnews%2Fenvironment%2F2022%2F04%2F13%2Ftaunton-pfas-forever-chemicals-water-raynham-dighton-berkley-easton-bridgewater%2F7138530001%2F,0.5611111548958275
min_k,member,https://www.tauntongazette.com/story/sports/youth/2022/08/18/machado-poirier-rosa-take-top-spots-taunton-junior-city-open/10343525002/,7.543442730591676
min_k,member,https://www.tauntongazette.com/story/news/politics/2022/06/02/taunton-fall-river-commission-status-women-bristol-county-werlaine-badio-tanya-lobo-esther-rogers/9796771002/,7.107096287793729
min_k,member,https://www.tauntongazette.com/story/news/environment/2022/04/19/scrap-metal-company-and-freetown-settle-residents-still-claim-pollution/7330470001/,7.7647775787196744
min_k,member,https://www.tauntongazette.com/story/sports/high-school/2022/04/03/breheney-thornton-lead-b-r-boys-lacrosse-opener-win-over-attleboro/7263634001/,6.046632619131179
min_k,member,https://www.tauntongazette.com/restricted/?return=https%3A%2F%2Fwww.tauntongazette.com%2Fstory%2Fnews%2Flocal%2F2022%2F05%2F06%2Ftaunton-parking-downtown-green-leonard-street-garage-lew-pacheco%2F9583180002%2F,0.34859477543226525
min_k,member,https://www.tauntongazette.com/story/news/local/2022/05/29/taunton-gazette-top-stories-1-connection-landon-him-outdoor-dining/9966149002/,7.355800196019614
min_k,member,https://www.tauntongazette.com/story/sports/high-school/2022/05/17/tuesdays-high-school-scores-d-rs-win-streak-snapped-norton/9816916002/,5.805788734980992
min_k,member,https://www.tauntongazette.com/story/news/crime/2022/09/13/berkley-police-chief-scott-labonte-retiring-kevin-partridge-scott-fournier-search/8022854001/,7.242312435309092
min_k,member,https://www.tauntongazette.com/story/sports/high-school/baseball/2022/04/15/leave-them-wanting-moor-taunton-junior-strong-first-varsity-start/7328584001/,5.9032361030578615
min_k,member,https://www.tauntongazette.com/story/sports/high-school/2022/09/12/taunton-bridgewater-raynham-bristol-plymouth-dighton-rehoboth-soccer-volleyball-golf-field-hockey/10360134002/,5.398557426600621
min_k,member,https://www.tauntongazette.com/story/sports/high-school/baseball/2022/04/09/still-swinging-taunton-bats-stay-red-hot-win-over-sharon/9522534002/,6.414587786205137
min_k,member,https://www.tauntongazette.com/story/lifestyle/pets/2022/07/10/pets-week-binx-and-eve-taunton-animal-shelter-cat-rescue/10015836002/,6.85985362820509
min_k,member,https://www.tauntongazette.com/story/news/history/2022/05/26/taunton-then-and-now-richard-godrey-winthrop-club-city-hall-square/9914015002/,7.586872229610917
min_k,member,https://www.tauntongazette.com/story/entertainment/2022/08/08/local-bands-dreams-come-true-invite-perform-beatlesweek/10146541002/,7.4537274738428
min_k,member,https://www.tauntongazette.com/story/news/healthcare/2022/07/29/taunton-memory-cafe-coa-memory-loss-dementia-alzheimers-public-library/10159988002/,6.792765665657913
min_k,member,https://www.tauntongazette.com/story/sports/high-school/2022/05/10/who-taunton-daily-gazette-player-week-may-2-7/9709494002/,5.64480733372154
min_k,member,https://www.tauntongazette.com/story/sports/high-school/baseball/2022/06/14/taunton-beats-cm-advance-second-d-1-title-game-three-seasons/7630055001/,6.063314892301624
min_k,member,https://www.tauntongazette.com/story/sports/high-school/2022/04/05/taunton-softball-kicks-off-title-defense-big-win-over-stoughton/9465830002/,6.447779126718742
min_k,member,https://www.tauntongazette.com/story/news/politics/government/2022/05/19/tauntons-mayor-retirement-middleboro-40-year-government-robert-nunes-middleboro-town-manager/9804315002/,6.888193432444488
min_k,member,https://www.tauntongazette.com/story/news/local/2022/06/06/berkley-town-meeting-debt-exclusion-proposition-2-1-2-warrant-zoning-assessors-treasurer-collector/7490589001/,7.524462535367374
min_k,member,https://www.tauntongazette.com/restricted/?return=https%3A%2F%2Fwww.tauntongazette.com%2Fstory%2Fsports%2Fhigh-school%2Flacrosse%2F2022%2F04%2F13%2Fhere-16-greater-taunton-boys-lacrosse-players-watch%2F7283491001%2F,0.5611111548958275
min_k,member,https://www.tauntongazette.com/story/sports/high-school/2022/05/04/wednesdays-high-school-scores-taunton-girls-bested-n-attleboro/9653734002/,5.8583277273178105
min_k,member,https://www.tauntongazette.com/story/lifestyle/2022/05/17/little-free-pantry-johnsons-pond-gift-raynham-junior-girl-scouts/9746351002/,7.115744645568146
min_k,nonmember,https://www.tauntongazette.com/story/sports/youth/2022/08/18/taunton-west-little-league-u-10-celebrates-strong-season/10344658002/,6.808048251672839
min_k,nonmember,https://www.tauntongazette.com/story/sports/high-school/baseball/2022/06/18/taunton-baseball-claims-second-d-1-title-three-seasons/7675005001/,6.2787676377821775
min_k,nonmember,https://www.tauntongazette.com/story/sports/high-school/softball/2022/06/09/thorpes-walk-off-lifts-taunton-softball-over-bridgewater-raynham/7563617001/,6.44332030645927
min_k,nonmember,https://www.tauntongazette.com/story/news/environment/2022/05/19/raynham-plastic-bag-ban-town-meeting-rejects-repeal-styrofoam/9825594002/,7.274841547012329
min_k,nonmember,https://www.tauntongazette.com/story/news/politics/elections/2022/09/02/2022-primary-election-sept-6-whos-running-how-cast-your-vote-taunton-dighton-raynham-berkley/7953564001/,6.635838343136347
min_k,nonmember,https://www.tauntongazette.com/story/sports/high-school/2022/04/20/wednesdays-high-school-scores-taunton-baseball-stays-perfect/7390939001/,5.579209185246402
min_k,nonmember,https://www.tauntongazette.com/story/sports/high-school/2022/06/07/who-taunton-daily-gazette-player-week-may-30-june-4/7526890001/,6.399431616067886
min_k,nonmember,https://www.tauntongazette.com/story/news/local/2022/05/28/crews-respond-5-alarm-fire-spring-lane-taunton/9976010002/,6.625459248992218
min_k,nonmember,https://www.tauntongazette.com/restricted/?return=https%3A%2F%2Fwww.tauntongazette.com%2Fstory%2Fnews%2Fdrugs%2Fmarijuana%2F2022%2F06%2F15%2Ftaunton-city-council-special-permit-cannabis-facility-traffic-hart-street-san-holdings-jack-barbour%2F7581796001%2F,0.5629431392984164
min_k,nonmember,https://www.tauntongazette.com/story/sports/high-school/2022/04/17/weekend-high-school-scores-taunton-softball-scores-walk-off-win/7352822001/,5.854363624495689
min_k,nonmember,https://www.tauntongazette.com/story/lifestyle/2022/04/25/taunton-seeks-residents-advice-for-recreation-open-spaces-upgrades/7385863001/,7.418598980200096
min_k,nonmember,https://www.tauntongazette.com/story/entertainment/local/2022/08/05/roseland-ballroom-taunton-hosts-dancing-twice-month-sundays/10092060002/,6.97998146959346
min_k,nonmember,https://www.tauntongazette.com/story/news/politics/government/2022/07/15/easton-fire-chief-kevin-partridge-interim-berkley-town-administrator/10056829002/,7.193081569671631
min_k,nonmember,https://www.tauntongazette.com/story/news/environment/2022/07/19/tauntons-wastewater-treat-plant-implements-mandated-nitrogen-upgrades/10083442002/,6.8906968638227495
min_k,nonmember,https://www.tauntongazette.com/story/sports/high-school/2022/05/17/who-taunton-daily-gazette-player-week-may-9-14/9803572002/,5.825847226319854
min_k,nonmember,https://www.tauntongazette.com/story/news/local/2022/07/17/taunton-top-stories-ed-correira-conflict-camp-taunton-holy-ghost-feast-roe-protest/10071008002/,7.463224826775161
min_k,nonmember,https://www.tauntongazette.com/story/news/local/2022/06/05/taunton-top-stories-los-jefes-cow-chip-festival-salome-lincoln/7503382001/,7.680678505715125
min_k,nonmember,https://www.tauntongazette.com/story/sports/youth/2022/05/26/taunton-tornadoes-10-u-softball-team-wins-jaxon-marocco-classic/9931914002/,6.951218073395477
min_k,nonmember,https://www.tauntongazette.com/story/sports/high-school/2022/06/22/who-taunton-daily-gazette-player-week-june-13-18/7704141001/,5.800373892451441
min_k,nonmember,https://www.tauntongazette.com/story/news/history/2022/04/04/taunton-history-emily-elizabeth-parsons-nurse-founded-mount-auburn-hospital-civil-war/7236325001/,7.388029649853706
min_k,nonmember,https://www.tauntongazette.com/story/business/2022/05/12/somersets-tammy-ruggeri-opens-puddle-jumper-quilts-dighton/9659398002/,7.0004075091818105
min_k,nonmember,https://www.tauntongazette.com/story/news/local/2022/06/01/taunton-los-jefes-comida-restaurant-responds-customers-rudeness/9967467002/,6.962916817252092
min_k,nonmember,https://www.tauntongazette.com/story/sports/high-school/2022/03/31/dighton-rehoboth-boys-volleyball-falls-season-opener/7241277001/,6.540831298362918
min_k,nonmember,https://www.tauntongazette.com/story/sports/high-school/2022/05/10/tuesdays-high-school-scores-taunton-baseball-tops-durfee/9725485002/,5.665307018491957
min_k,nonmember,https://www.tauntongazette.com/story/lifestyle/pets/2022/06/12/pets-week-my-brothers-and-me-taunton-cat-adoption-pet-rescue/7580435001/,7.637555763639253
min_k,nonmember,https://www.tauntongazette.com/story/lifestyle/2022/07/29/taunton-city-band-broadway-show-tunes-patriotic-songs-housing-authority/10166731002/,6.65234948649551
min_k,nonmember,https://www.tauntongazette.com/story/news/local/2022/07/10/taunton-gazette-top-5-tess-brunelle-police-bodycams-jimmy-fund/10017353002/,7.342927728687321
min_k,nonmember,https://www.tauntongazette.com/story/sports/high-school/baseball/2022/06/14/dighton-rehoboth-baseball-loses-newburyport-state-semifinals/7630115001/,6.629341665303932
min_k,nonmember,https://www.tauntongazette.com/story/news/local/2022/06/10/miss-taunton-lyndsey-littlefield-american-ninja-warrior-bridgewater-raynham/7535348001/,6.975229369008482
min_k,nonmember,https://www.tauntongazette.com/story/news/environment/2022/04/01/sweets-knoll-improvement-dighton-dcr-opens-project-public-input-state-park-trails-accessibility/7224563001/,6.907562716849981
min_k,nonmember,https://www.tauntongazette.com/restricted/?return=https%3A%2F%2Fwww.tauntongazette.com%2Fstory%2Fnews%2Fdrugs%2Fmarijuana%2F2022%2F06%2F08%2Ftaunton-cannabis-city-council-law-department-matthew-costa-marijuana-chris-coute-estele-borges%2F7505563001%2F,0.7818257620344108
min_k,nonmember,https://www.tauntongazette.com/story/news/local/2022/08/15/segregansett-caddie-plays-golf-taunton-country-club-70-years-later/10274692002/,7.325223393492646
min_k,nonmember,https://www.tauntongazette.com/restricted/?return=https%3A%2F%2Fwww.tauntongazette.com%2Fstory%2Flifestyle%2Ffood%2F2022%2F06%2F16%2Fguchanya-pastry-owner-cape-verde-native-opens-pastry-shop-school-street-bakery-taunton%2F7499033001%2F,0.5629431392984164
min_k,nonmember,https://www.tauntongazette.com/story/sports/high-school/2022/04/27/wednesdays-high-school-scores-d-rs-cuthbertson-hits-600-career-wins/9564206002/,5.939904235876524
min_k,nonmember,https://www.tauntongazette.com/story/business/2022/05/02/everlasting-charm-cabinet-repainting-business-booms-berkley-owner/9569994002/,7.159856525121951
min_k,nonmember,https://www.tauntongazette.com/story/news/politics/elections/local/2022/08/14/raynham-election-early-voting-moved-out-senior-center-primary/10298624002/,7.289627861190628
min_k,nonmember,https://www.tauntongazette.com/story/news/2022/08/26/taunton-summer-celebration-at-hoepwell-ppark-postponed-due-to-severe-weather-threat/7907233001/,6.306514324680451
min_k,nonmember,https://www.tauntongazette.com/restricted/?return=https%3A%2F%2Fwww.tauntongazette.com%2Fstory%2Fbusiness%2Freal-estate%2F2022%2F04%2F18%2Freal-estate-castle-home-taunton-tremont-st-sells-almost-900-000-property-transfers-dighon-berkey%2F7321436001%2F,0.5611111548958275
min_k,nonmember,https://www.tauntongazette.com/story/news/fire/2022/07/25/berkley-firefighters-fire-department-john-franco-amasa-harmon-retire/10138961002/,7.277009774151267
min_k,nonmember,https://www.tauntongazette.com/story/news/local/2022/07/03/taunton-gazette-top-stories-michael-messina-leoncello-boxing-engayge/7790989001/,7.262816869471061
min_k,nonmember,https://www.tauntongazette.com/restricted/?return=https%3A%2F%2Fwww.tauntongazette.com%2Fstory%2Fsports%2Fhigh-school%2F2022%2F05%2F16%2Ftaunton-high-b-r-swimmers-named-taunton-daily-gazette-all-scholastics%2F9771381002%2F,0.34859477543226525
min_k,nonmember,https://www.tauntongazette.com/story/news/local/2022/04/20/taunton-high-street-planning-board-condominium-condo-complex-high-street/7372765001/,7.181249724158758
min_k,nonmember,https://www.tauntongazette.com/story/sports/high-school/2022/05/16/mondays-high-school-scores-macdougall-leads-taunton-over-attleboro/9802856002/,6.034513637970905
min_k,nonmember,https://www.tauntongazette.com/story/news/local/2022/05/20/taunton-green-temporary-seating-plaza-safety-parking-outdoors/9828526002/,7.394378960927328
min_k,nonmember,https://www.tauntongazette.com/story/sports/high-school/football/2022/09/13/taunton-bridgewater-raynham-bristol-plymouth-dighton-rehoboth-football-player-of-the-week-one/10363872002/,5.9152150908294985
min_k,nonmember,https://www.tauntongazette.com/story/sports/high-school/2022/05/23/mondays-high-school-scores-lynch-leads-taunton-softball-over-milford/9902708002/,6.2332702270014035
min_k,nonmember,https://www.tauntongazette.com/story/sports/high-school/2022/04/19/who-taunton-daily-gazette-player-week-april-11-16/7359199001/,5.784976178577968
min_k,nonmember,https://www.tauntongazette.com/story/sports/high-school/2022/05/25/wednesdays-high-school-scores-taunton-baseball-tops-milford/9938066002/,6.182606253442885
min_k,nonmember,https://www.tauntongazette.com/restricted/?return=https%3A%2F%2Fwww.tauntongazette.com%2Fstory%2Fsports%2Fhigh-school%2Fbaseball%2F2022%2F06%2F18%2Fd-1-baseball-championship-preview-taunton-seeks-title-against-franklin%2F7663627001%2F,0.5390802770505062
min_k,nonmember,https://www.tauntongazette.com/story/business/2022/07/22/malis-raynham-offers-modern-twist-southeast-asian-street-food/10085338002/,7.3591820965074515
min_k,nonmember,https://www.tauntongazette.com/restricted/?return=https%3A%2F%2Fwww.tauntongazette.com%2Fstory%2Fsports%2Fhigh-school%2Flacrosse%2F2022%2F04%2F19%2Fhere-greater-taunton-girls-lacrosse-players-watch%2F7309338001%2F,0.5611111548958275
min_k,nonmember,https://www.tauntongazette.com/story/news/education/2022/09/12/taunton-public-school-2022-2023-new-principals-teacher-shortage-covid-learning-loss-jaimie-pereira/8028360001/,6.320009611838357
min_k,nonmember,https://www.tauntongazette.com/story/business/2022/06/21/fall-river-couple-opens-new-grilla-greek-kouzina-restaurant-taunton/7535402001/,6.940680993278072
min_k,nonmember,https://www.tauntongazette.com/story/news/courts/2022/05/15/suspect-lgbtq-hate-crime-homophobic-attack-taunton-cleared-jury-michael-cates-brockton/9754124002/,6.969171962222537
min_k,nonmember,https://www.tauntongazette.com/story/sports/high-school/baseball/2022/05/18/macdougall-leads-taunton-baseball-bounce-back-win-over-mansfield/9833857002/,6.109099148956586
min_k,nonmember,https://www.tauntongazette.com/story/sports/high-school/softball/2022/04/22/taunton-outlasts-attleboro-softball-slugfest/7417870001/,6.260210908350852
min_k,nonmember,https://www.tauntongazette.com/story/sports/high-school/softball/2022/05/26/honoring-mark-lasser-taunton-softball-upends-bishop-feehan/9938361002/,6.398923792814846
min_k,nonmember,https://www.tauntongazette.com/story/sports/high-school/2022/09/14/taunton-b-r-b-p-d-r-soccer-cross-country-field-hockey-volleyball-golf-september-14-2022/10383225002/,6.173222954142584
min_k,nonmember,https://www.tauntongazette.com/story/news/local/2022/04/10/top-taunton-stories-ukraine-support-game-shop-opens-sister-city-new-york-lace-kings-court-england/9513094002/,7.230689768255109
min_k,nonmember,https://www.tauntongazette.com/restricted/?return=https%3A%2F%2Fwww.tauntongazette.com%2Fstory%2Fbusiness%2Freal-estate%2F2022%2F05%2F30%2Freal-estate-resort-like-waterfront-home-dighton-sells-almost-700-000-property-transfers-taunton%2F9943533002%2F,0.5672795069142011
min_k,nonmember,https://www.tauntongazette.com/story/sports/2022/04/10/saturday-high-school-scores-b-r-boys-lacrosse-bp-girls-lacrosse-win/9532089002/,7.131503052181667
min_k,nonmember,https://www.tauntongazette.com/story/lifestyle/pets/2022/05/22/pet-week-drako-am-staff-taunton-animal-shelter-dog-rescue/9856879002/,7.1860408000092
min_k,nonmember,https://www.tauntongazette.com/story/business/2022/05/12/proposed-marijuana-facility-taunton-myles-standish-industrial-park-raises-odor-concerns/9736232002/,6.918038271327707
min_k,nonmember,https://www.tauntongazette.com/story/news/healthcare/2022/04/22/taunton-mental-health-police-stigma-public-officer-steve-turner/7267607001/,6.958138753290045
min_k,nonmember,https://www.tauntongazette.com/story/news/local/2022/06/10/berkley-town-meeting-debt-exclusion-approved-cruisers-highway-assessor-treasurer-collector/7573635001/,8.257048630052143
min_k,nonmember,https://www.tauntongazette.com/story/sports/high-school/2022/09/07/wednesdays-high-school-scores-oleary-leads-ths-field-hockey-win/8014423001/,5.991560667344968
min_k,nonmember,https://www.tauntongazette.com/restricted/?return=https%3A%2F%2Fwww.tauntongazette.com%2Fstory%2Fnews%2Feducation%2F2022%2F06%2F10%2Ftaunton-high-school-graduation-ceremony-field-house-criticized-football-field%2F7545728001%2F,0.5629431392984164
min_k,nonmember,https://www.tauntongazette.com/story/lifestyle/health-fitness/2022/04/21/taunton-real-brazilian-jiu-jitsu-martial-arts-school-main-street-jair-morselli/7293547001/,7.10936513964159
min_k,nonmember,https://www.tauntongazette.com/story/news/local/2022/09/18/top-stories-mikayla-nogueira-berkley-police-chief-football-game-move/10390499002/,7.131349830000613
min_k,nonmember,https://www.tauntongazette.com/story/news/good-news/2022/04/28/bridgewater-raynham-prom-bumped-concert-gillette-host-field-day-garth-brooks/9545284002/,7.224046680132548
min_k,nonmember,https://www.tauntongazette.com/story/lifestyle/health-fitness/2022/04/08/taunton-gym-raw-moves-downtown-former-gazette-building/7156874001/,6.929120538726686
min_k,nonmember,https://www.tauntongazette.com/story/news/crime/2022/08/21/taunton-man-convicted-child-rape-sentenced-10-years-prison/7860167001/,6.339594122975371
min_k,nonmember,https://www.tauntongazette.com/story/news/2022/07/24/top-stories-taunton-raynham-dighton-berkley-rehoboth/10129045002/,7.79976218844217
min_k,nonmember,https://www.tauntongazette.com/story/sports/recreation/2022/06/14/taunton-river-trail-dighton-somerset-bike-paths-sidewalks-nature/7472250001/,6.6315438243059015
min_k,nonmember,https://www.tauntongazette.com/story/business/2022/05/23/dightons-first-cannabis-dispensary-1-connection-opens/9856798002/,7.27348265449206
min_k,nonmember,https://www.tauntongazette.com/story/sports/high-school/softball/2022/06/14/d-r-softball-falls-greater-new-bedford-d-3-final-four/7631599001/,5.851329086966054
min_k,nonmember,https://www.tauntongazette.com/story/news/education/2022/07/06/taunton-bristol-plymouth-b-p-cosmetology-student-wins-skills-usa-gold-tess-brunelle-emily-rouleau/7771733001/,7.446456764986415
min_k,nonmember,https://www.tauntongazette.com/story/news/local/2022/09/15/berkley-friends-library-drag-queen-fundraiser/10379211002/,7.816245333714918
min_k,nonmember,https://www.tauntongazette.com/story/sports/high-school/2022/04/26/tuesdays-high-school-scores-taunton-softball-shuts-out-oa/9547703002/,6.772849316432558
min_k,nonmember,https://www.tauntongazette.com/story/sports/high-school/softball/2022/06/08/raposos-16-strikeouts-leads-dighton-rehoboth-softball-over-tantasqua/7550070001/,6.055177298163848
min_k,nonmember,https://www.tauntongazette.com/story/sports/high-school/2022/04/02/perry-monahan-score-twice-b-r-girls-lacrosse-season-opener/7254530001/,6.495164917736519
min_k,nonmember,https://www.tauntongazette.com/story/news/homelessness/2022/09/06/taunton-homeless-group-home-38-winthrop-street-firefighter-bob-bastis-community-counseling/7951538001/,6.820171014359008
min_k,nonmember,https://www.tauntongazette.com/story/sports/high-school/football/2022/09/02/taunton-football-returns-25-seniors-hopes-experience-counts-2022/7936605001/,6.834631981430473
min_k,nonmember,https://www.tauntongazette.com/story/sports/high-school/softball/2022/07/26/taunton-high-softball-honored-at-fenway-park-after-winning-their-second-straight-state-title/10138014002/,6.832781834261758
min_k,nonmember,https://www.tauntongazette.com/story/news/history/2022/06/01/women-taunton-labor-leader-female-preacer-salome-lincoln-gets-gravestone-after-180-years/9980801002/,7.277574998760655
min_k,nonmember,https://www.tauntongazette.com/story/news/politics/elections/local/2022/05/08/berkley-election-2022-selectman-george-miller-re-elected-proposition-2-1-2-debt-exclusion/9632891002/,7.241200753858873
min_k,nonmember,https://www.tauntongazette.com/restricted/?return=https%3A%2F%2Fwww.tauntongazette.com%2Fstory%2Fbusiness%2Freal-estate%2F2022%2F05%2F23%2Freal-estate-second-unit-new-winthrop-st-duplex-taunton-sells-500-000-dighton-raynham%2F9838163002%2F,0.5940342050707841
min_k,nonmember,https://www.tauntongazette.com/story/sports/high-school/2022/04/12/tuesdays-high-school-scores-d-r-girls-lacrosse-dominates-bourne/7298150001/,6.801788760083062
min_k,nonmember,https://www.tauntongazette.com/restricted/?return=https%3A%2F%2Fwww.tauntongazette.com%2Fstory%2Fsports%2Fhigh-school%2F2022%2F04%2F18%2Fhere-10-greater-taunton-boys-volleyball-players-watch-dighton-rehoboth%2F7339303001%2F,0.5611111548958275
min_k,nonmember,https://www.tauntongazette.com/story/lifestyle/faith/2022/05/04/raynham-st-anns-church-builds-beds-kids-need-homeless/9539482002/,6.714586763016438
min_k,nonmember,https://www.tauntongazette.com/story/sports/high-school/soccer/2022/09/15/dighton-reboboth-boys-soccer-defeats-bourne-enters-new-era/10384608002/,6.573451144149504
min_k,nonmember,https://www.tauntongazette.com/story/news/2022/06/06/taunton-kelly-clarkson-show-rawkstar-jon-jacobs-tv-television/9926812002/,6.568478941917419
min_k,nonmember,https://www.tauntongazette.com/story/news/military/2022/06/13/bridgewater-native-blake-ruehrwein-rehoboth-monuments-man-art-army-reserves/9943100002/,7.063496991126768
min_k,nonmember,https://www.tauntongazette.com/story/sports/high-school/basketball/2022/07/13/b-rs-seavey-inducted-into-new-agenda-northeast-hall-fame/10055762002/,6.753992518758386
min_k,nonmember,https://www.tauntongazette.com/story/sports/high-school/softball/2022/08/14/taunton-softballs-consalvi-named-head-coach-bridgewater-state/10313829002/,6.324341828028361
min_k,nonmember,https://www.tauntongazette.com/story/lifestyle/food/2022/04/11/national-grilled-cheese-day-ugly-duckling-riverhouse-frates-panera/9501847002/,6.298411382904535
min_k,nonmember,https://www.tauntongazette.com/story/news/history/2022/08/08/taunton-then-and-now-staples-coal-cohannet-mills-winthrop-st-baptist/10191954002/,7.351386669539253
min_k,nonmember,https://www.tauntongazette.com/story/sports/youth/2022/08/04/taunton-tornadoes-u-10-softball-team-look-close-summer-top-coach-peter-buffington/10209404002/,6.351794978505687
min_k,nonmember,https://www.tauntongazette.com/story/sports/high-school/football/2022/09/17/taunton-durfee-football-mansfield-high-school-september-17-2022/10412030002/,6.792225105566613
min_k,nonmember,https://www.tauntongazette.com/story/news/education/graduation/2022/06/10/meet-dighton-rehoboth-regional-high-schools-top-10-graduates-2022/9732657002/,8.043641495704652
min_k,nonmember,https://www.tauntongazette.com/story/sports/high-school/softball/2022/06/11/raposos-home-run-helps-lead-d-r-softball-over-austin-prep/7592037001/,6.294427491326369
min_k,nonmember,https://www.tauntongazette.com/story/sports/high-school/2022/05/20/fridays-high-school-scores-d-r-softball-soars-over-apponequet/9868477002/,5.567950624686021
min_k,nonmember,https://www.tauntongazette.com/story/lifestyle/faith/2022/06/22/taunton-congregation-agudath-achim-synagogue-holds-pride-shabbat-2022/7678262001/,7.338361253832827
min_k,nonmember,https://www.tauntongazette.com/story/lifestyle/food/2022/04/18/taunton-real-brazil-restaurant-and-market-churrasco-brazilian-barbecue-bbq-linguica-steak-tremont-st/7309271001/,7.155390327416577
min_k,nonmember,https://www.tauntongazette.com/story/sports/high-school/football/2022/09/17/young-dighton-rehoboth-football-team-earns-win-over-austin-prep/10403746002/,6.494558073007143
min_k,nonmember,https://www.tauntongazette.com/story/sports/high-school/2022/05/05/thursdays-high-school-scores-taunton-softball-trounces-milford/9668084002/,5.8144163947839
min_k,nonmember,https://www.tauntongazette.com/story/sports/high-school/2022/06/14/who-taunton-daily-gazette-player-week-june-6-12/7618976001/,6.794438887450655
min_k,nonmember,https://www.tauntongazette.com/story/news/courts/2022/05/16/taunton-woman-fit-trial-unprovoked-stabbing-morton-hospital-employee/9767526002/,6.670830402931157
min_k,nonmember,https://www.tauntongazette.com/story/lifestyle/pets/2022/08/28/pet-week-gregory-cat-rescue-taunton-animal-shelter/7903756001/,7.146697975340343
min_k,nonmember,https://www.tauntongazette.com/story/news/politics/2022/05/23/trump-spirit-fighting-theme-runs-through-ma-gop-convention-taunton-mayor-shaunna-oconnell/9890429002/,7.625707566438608
min_k,nonmember,https://www.tauntongazette.com/story/sports/2022/07/25/taunton-high-school-football-field-track-lighting-turf-athletic-director-mark-ottavianelli/10105056002/,6.773656404586065
min_k,nonmember,https://www.tauntongazette.com/story/sports/high-school/softball/2022/04/14/ava-venturelli-lets-loose-taunton-softball-wins-big/7314606001/,6.359183084518514
min_k,nonmember,https://www.tauntongazette.com/story/news/crime/2022/08/02/ceo-taunton-based-dgp-miles-insurance-pleads-guilty-fraud-embezzlement/10200153002/,6.693156464346524
min_k,nonmember,https://www.tauntongazette.com/story/lifestyle/pets/2022/07/17/pet-week-spencer-am-staff-rescue-taunton-animal-shelter/10068672002/,7.445615579915601
min_k,nonmember,https://www.tauntongazette.com/story/sports/high-school/softball/2022/04/29/taunton-dedicates-win-over-mansfield-late-jmu-softball-player/9580783002/,6.445229227759621
min_k,nonmember,https://www.tauntongazette.com/story/sports/high-school/football/2022/09/06/dighton-rehoboth-football-hoping-gain-experience-young-squad/7946476001/,6.608852668096556
min_k,nonmember,https://www.tauntongazette.com/story/sports/2022/05/02/taunton-native-marcus-santos-silva-signs-nfl-cleveland-browns/9622406002/,6.338038894865248
min_k,nonmember,https://www.tauntongazette.com/story/news/local/2022/07/22/balloon-message-ny-summer-camp-lands-dighton-ma/10090121002/,7.246263776506696
min_k,nonmember,https://www.tauntongazette.com/story/news/history/2022/05/05/arthur-cleveland-bent-taunton-renowned-ornithologist/9636526002/,7.423238731199695
min_k,nonmember,https://www.tauntongazette.com/story/news/history/2022/07/08/women-taunton-silent-film-star-elsa-lorimers-lost-movies-gilded-dream/7826598001/,7.705306203325809
min_k,nonmember,https://www.tauntongazette.com/story/news/2022/05/06/cedric-cromwell-convicted-bribery-case-related-taunton-first-light-casino/9671830002/,2.6276200638241964
min_k,nonmember,https://www.tauntongazette.com/story/sports/college/softball/2022/04/26/close-to-homecoming-taunton-highs-kelsey-white-villanova-softball-providence/7436647001/,6.3991462668299155
min_k,nonmember,https://www.tauntongazette.com/story/news/local/2022/08/07/tauntons-peter-b-gay-lodge-columbia-cultural-trust-scholarships-taunton-high-br-bp/10247465002/,8.097214335487003
min_k,nonmember,https://www.tauntongazette.com/restricted/?return=https%3A%2F%2Fwww.tauntongazette.com%2Fstory%2Fsports%2Fhigh-school%2Fbaseball%2F2022%2F04%2F11%2Fhere-20-greater-taunton-baseball-players-watch-spring%2F9488026002%2F,0.5611111548958275
min_k,nonmember,https://www.tauntongazette.com/story/sports/high-school/football/2022/09/09/taunton-new-bedford-football-september-9-2022/8045879001/,6.839871141314506
min_k,nonmember,https://www.tauntongazette.com/story/sports/youth/2022/07/26/berkley-soccer-grade-11-girls-win-division-ii-state-championship/10146548002/,7.370923787697978
min_k,nonmember,https://www.tauntongazette.com/story/lifestyle/features/2022/04/05/curious-taunton-whats-like-our-sister-city-taunton-england/7250653001/,7.384755004756626
min_k,nonmember,https://www.tauntongazette.com/story/news/environment/2022/08/18/taunton-heat-islands-downtown-hotter-due-concrete-lack-trees/10342297002/,7.3619329748374005
min_k,nonmember,https://www.tauntongazette.com/story/news/education/2022/06/14/taunton-b-p-freetown-join-bristol-plymouth-regional-technical-school-district/7552486001/,6.53372781475385
min_k,nonmember,https://www.tauntongazette.com/story/news/local/2022/06/17/taunton-first-ever-pride-festival-june-11-2022-hopewell-park-lgbtq/7626898001/,6.6040414571762085
min_k,nonmember,https://www.tauntongazette.com/story/news/local/2022/05/01/taunton-gazette-top-5-gillette-b-r-prom-parks-and-rec-kelsey-white/9587713002/,7.417673585761307
min_k,nonmember,https://www.tauntongazette.com/story/sports/high-school/2022/09/09/taunton-bridgewater-raynham-bristol-plymouth-dighton-rehoboth-football-soccer-field-hockey-volleybal/8037356001/,6.4449605991442995
min_k,nonmember,https://www.tauntongazette.com/story/news/drugs/marijuana/2022/05/27/taunton-cannabis-cultivation-grow-myles-standish-marijuana-greater-goods-odor-pot/9932225002/,7.612901608149211
min_k,nonmember,https://www.tauntongazette.com/story/sports/2022/04/12/mondays-high-school-scores-wins-d-r-bp-girls-lacrosse-taunton-baseball-wins-undefeated-3-0/7286700001/,6.655356327333062
min_k,nonmember,https://www.tauntongazette.com/restricted/?return=https%3A%2F%2Fwww.tauntongazette.com%2Fstory%2Fsports%2Fhigh-school%2Fsoftball%2F2022%2F06%2F17%2Fdi-softball-championship-preview-taunton-looks-defend-title%2F7653584001%2F,0.5390802770505062
min_k,nonmember,https://www.tauntongazette.com/story/sports/high-school/2022/05/19/thursdays-high-school-scores-taunton-baseball-tops-new-bedford/9849067002/,5.82157527194934
min_k,nonmember,https://www.tauntongazette.com/story/news/crime/2022/06/14/violent-armed-robbery-taunton-liquor-store-teenagers/7547639001/,6.8532097113199075
min_k,nonmember,https://www.tauntongazette.com/restricted/?return=https%3A%2F%2Fwww.tauntongazette.com%2Fstory%2Fnews%2Ftraffic%2F2022%2F06%2F02%2Fraynham-traffic-safety-directed-patrols-route-44-138-laliberte-radar%2F7459981001%2F,0.698586942403031
min_k,nonmember,https://www.tauntongazette.com/story/news/politics/elections/local/2022/04/10/dighton-election-selectman-brett-zografos-loses-peter-caron-rachel-goulart-leonard-hull/9518631002/,7.48851109204227
min_k,nonmember,https://www.tauntongazette.com/story/news/crime/2022/06/02/taunton-kevin-lennon-kbl-vending-machine-company-fraud-routes-randolph/9964627002/,7.119823773701985
min_k,nonmember,https://www.tauntongazette.com/story/news/crime/2022/06/14/dighton-police-applicants-first-youth-police-academy-training-teens/7610328001/,6.68311807574058
min_k,nonmember,https://www.tauntongazette.com/story/lifestyle/pets/2022/09/11/pet-week-frost-cat-taunton-animal-shelter-adoption-rescue/8037418001/,6.300050766571708
min_k,nonmember,https://www.tauntongazette.com/restricted/?return=https%3A%2F%2Fwww.tauntongazette.com%2Fstory%2Fsports%2Fhigh-school%2Fbaseball%2F2022%2F06%2F03%2Fhere-20-taunton-area-baseball-players-watch-postseason%2F7478307001%2F,0.698586942403031
min_k,nonmember,https://www.tauntongazette.com/story/news/coronavirus/2022/08/01/gda-covid-19-state-2022-08-01-ma-ntdg/65387943007/,2.747773301747679
min_k,nonmember,https://www.tauntongazette.com/story/lifestyle/pets/2022/07/03/pets-week-bonded-buddies-taunton-animal-shelter-cat-rescue/7787356001/,6.344109304489628
min_k,nonmember,https://www.tauntongazette.com/restricted/?return=https%3A%2F%2Fwww.tauntongazette.com%2Fstory%2Fnews%2Fgood-news%2F2022%2F06%2F10%2Ftaunton-quadruplets-ashley-ness-expecting-2-pairs-identical-twins-spontaneous-natural%2F9926790002%2F,0.5629431392984164
min_k,nonmember,https://www.tauntongazette.com/restricted/?return=https%3A%2F%2Fwww.tauntongazette.com%2Fstory%2Fnews%2Fenvironment%2F2022%2F04%2F15%2Ftaunton-aries-gasification-rfp-city-solicitor-matthew-costa-sludge-pfas-landfill-law-department%2F7308483001%2F,0.5611111548958275
min_k,nonmember,https://www.tauntongazette.com/story/news/local/2022/09/04/taunton-gazette-top-5-tom-and-jimmys-paul-monti-epa-outlaws-verdict/7974572001/,7.059602932683353
min_k,nonmember,https://www.tauntongazette.com/story/news/2022/09/08/taunton-salute-peter-corr-retired-police-officer-taunton-school-committee-bristol-plymouth-tmlp/7959671001/,6.985060037660205
min_k,nonmember,https://www.tauntongazette.com/story/news/education/2022/05/27/taunton-high-school-teen-ted-talk-club-kids-mental-health-children-students/9793978002/,7.13620301678374
min_k,nonmember,https://www.tauntongazette.com/story/sports/high-school/softball/2022/05/06/lynch-krockta-lead-high-powered-taunton-softball-offense-over-foxboro/9682372002/,6.148079480791231
min_k,nonmember,https://www.tauntongazette.com/story/sports/high-school/football/2022/04/27/b-ps-bill-moan-inducted-into-mhsfca-hall-fame/7449548001/,6.685910995904502
min_k,nonmember,https://www.tauntongazette.com/story/news/local/2022/06/23/berkley-town-administrator-heather-martin-sterling-resigns-accountant-katherine-avila-nickelson/7709859001/,7.0996696054935455
min_k,nonmember,https://www.tauntongazette.com/restricted/?return=https%3A%2F%2Fwww.tauntongazette.com%2Fstory%2Fbusiness%2Freal-estate%2F2022%2F06%2F20%2Freal-estate-taunton-duplex-weir-sells-just-under-600-000-property-transfers-dighton-raynham-berkley%2F7646205001%2F,0.5390802770505062
min_k,nonmember,https://www.tauntongazette.com/story/entertainment/local/2022/05/17/lgbtq-drag-queen-reads-kids-taunton-public-library-story-hour/9778301002/,7.348039150238037
min_k,nonmember,https://www.tauntongazette.com/restricted/?return=https%3A%2F%2Fwww.tauntongazette.com%2Fstory%2Fnews%2Fhomelessness%2F2022%2F05%2F26%2Ftaunton-homeless-shelter-samaritan-house-intoxicated-residents-sober-paul-mccarty-ingell-street%2F9853542002%2F,0.5672795069142011
min_k,nonmember,https://www.tauntongazette.com/story/sports/2022/09/14/taunton-high-home-games-moved-work-wraps-up-new-sports-facilities/10379120002/,6.801300577370517
min_k,nonmember,https://www.tauntongazette.com/story/news/crime/2022/05/20/berkley-horse-breeder-gary-bolger-arraigned-animal-cruelty-rescue-league-bail-ponies/9838390002/,7.618533547469012
min_k,nonmember,https://www.tauntongazette.com/story/news/environment/2022/09/01/taunton-epa-ethylene-oxide-gas-cancer-carcinogen-professional-contract-sterilization-pcs-myles/7867302001/,7.344737224157344
min_k,nonmember,https://www.tauntongazette.com/story/news/local/2022/08/14/taunton-top-stories-star-club-beatles-sports-betting-d-r-vote/10310653002/,7.290198013265297
min_k,nonmember,https://www.tauntongazette.com/story/news/local/2022/05/22/taunton-top-news-stories-nurse-strike-drag-queen-story-hour/9858263002/,6.810259005602668
min_k,nonmember,https://www.tauntongazette.com/story/sports/high-school/2022/05/13/fridays-high-school-sports-deponte-breaks-ths-girls-two-mile-record/9770298002/,6.224883801185045
min_k,nonmember,https://www.tauntongazette.com/story/news/local/2022/07/29/raynham-town-administrator-dartmouth-gregory-w-barnes-ta/10167411002/,7.054385843342298
min_k,nonmember,https://www.tauntongazette.com/story/sports/high-school/2022/04/26/who-taunton-daily-gazette-player-week-april-18-23/7444148001/,5.908519612891333
min_k,nonmember,https://www.tauntongazette.com/story/news/history/2022/09/07/curious-taunton-second-oldest-tree-massachusetts-european-beech-winthrop-street/7989563001/,7.6317186210213634
min_k,nonmember,https://www.tauntongazette.com/restricted/?return=https%3A%2F%2Fwww.tauntongazette.com%2Fstory%2Fnews%2Fdrugs%2Fmarijuana%2F2022%2F04%2F20%2Ftaunton-montel-williams-tv-host-freshly-baked-cannabis-marijuana-vapes-inspire%2F7330683001%2F,0.5611111548958275
min_k,nonmember,https://www.tauntongazette.com/story/news/education/2022/06/04/meet-bristol-plymouth-regional-technical-schools-top-10-graduates-2022/9960983002/,7.162775812561579
min_k,nonmember,https://www.tauntongazette.com/story/news/2022/04/24/raynham-dojo-promotes-73-year-old-student-black-belt/7294157001/,6.889660110867481
min_k,nonmember,https://www.tauntongazette.com/story/sports/high-school/2022/05/03/who-taunton-daily-gazette-player-week-april-25-may-1/9625544002/,5.846291279280058
min_k,nonmember,https://www.tauntongazette.com/story/news/local/2022/05/26/greater-taunton-memorial-day-2022-events-observances-parades-more/9933106002/,6.729131606035617
min_k,nonmember,https://www.tauntongazette.com/restricted/?return=https%3A%2F%2Fwww.tauntongazette.com%2Fstory%2Flifestyle%2Ffood%2F2022%2F06%2F07%2Fraynham-restaurant-seafood-cones-broadway-ice-cream-lobster-burgers-fish-scallops%2F7471543001%2F,0.698586942403031
min_k,nonmember,https://www.tauntongazette.com/story/news/local/2022/06/28/leoncello-boxing-gym-owner-looks-help-addicts-kids-through-fitness-raynham-brockton-west-bridgewater/7535378001/,6.823861090563731
min_k,nonmember,https://www.tauntongazette.com/restricted/?return=https%3A%2F%2Fwww.tauntongazette.com%2Fstory%2Fnews%2Fenvironment%2F2022%2F06%2F02%2Ftaunton-lake-sabbatia-invasive-weeds-milfoil-fanwort-water-chestnut-sonar-herbicide%2F9895021002%2F,0.698586942403031
min_k,nonmember,https://www.tauntongazette.com/story/news/local/2022/08/21/taunton-stop-stories-nancy-quill-joe-nugent-carrie-consalvi-emu/7846200001/,7.253620521131769
min_k,nonmember,https://www.tauntongazette.com/story/news/politics/elections/state/2022/08/26/taunton-area-early-voting-times-locations-ma-state-primary/7888315001/,4.916943578929692
min_k,nonmember,https://www.tauntongazette.com/story/sports/high-school/2022/05/24/who-taunton-daily-gazette-player-week-may-16-21/9907450002/,5.475226733491227
min_k,nonmember,https://www.tauntongazette.com/story/sports/high-school/baseball/2022/06/10/big-first-inning-propels-dighton-rehoboth-over-north-reading/7576854001/,6.097112912052083
min_k,nonmember,https://www.tauntongazette.com/story/entertainment/local-celebrity/2022/08/15/radio-dj-raynham-native-nancy-quill-ma-broadcasters-hall-fame/10245334002/,6.422889438307429
min_k,nonmember,https://www.tauntongazette.com/story/news/local/2022/05/04/berkley-animal-rescue-league-horse-breeder-animal-cruelty-ponies-gary-bolger/9633574002/,6.824537598169767
min_k,nonmember,https://www.tauntongazette.com/story/news/education/graduation/2022/06/05/taunton-high-school-kayla-parrett-microbiology-harvard-university-ivy-league/7488778001/,7.106518618265787
min_k,nonmember,https://www.tauntongazette.com/story/sports/high-school/baseball/2022/05/03/taunton-baseball-bounces-back-strong-outing-macdougall/9624058002/,6.220251623297885
min_k,nonmember,https://www.tauntongazette.com/story/news/local/2022/09/11/taunton-gazette-top-5-stories-oldest-tree-d-r-football-leonard-school/8027007001/,7.156814892213423
min_k,nonmember,https://www.tauntongazette.com/story/sports/high-school/baseball/2022/07/25/taunton-baseball-honored-for-winning-their-second-title-in-three-years-at-fenway-park/10137848002/,6.604300978322509
min_k,nonmember,https://www.tauntongazette.com/story/news/education/2022/06/14/taunton-public-schools-arpa-covid-pandemic-money-technology-internet-laptops/7452776001/,6.853864365017291
min_k,nonmember,https://www.tauntongazette.com/story/business/2022/04/04/pro-wrestler-opens-new-gaming-and-collectibles-shop-taunton/7228719001/,7.0603049866295615
min_k,nonmember,https://www.tauntongazette.com/story/sports/high-school/softball/2022/06/17/taunton-high-softball-team-hype-chain-jewelry-teamwork/7650497001/,6.621514620947931
min_k,nonmember,https://www.tauntongazette.com/story/news/education/2022/08/24/taunton-area-back-school-start-dates-2022-dighton-raynham-berkley-bristol-aggie-connolly/7877288001/,5.435589489183928
min_k,nonmember,https://www.tauntongazette.com/restricted/?return=https%3A%2F%2Fwww.tauntongazette.com%2Fstory%2Fnews%2Ffire%2F2022%2F06%2F16%2Ffirefighting-fire-hydrants-cistern-fire-department%2F7567018001%2F,0.5629431392984164
min_k,nonmember,https://www.tauntongazette.com/story/sports/high-school/2022/04/22/fridays-high-school-scores-taunton-baseball-tames-attleboro/7420163001/,5.665246528986643
min_k,nonmember,https://www.tauntongazette.com/story/sports/high-school/softball/2022/06/07/aldrich-leads-taunton-softballs-offensive-onslaught-over-newton-south/7541810001/,6.431988453230477
min_k,nonmember,https://www.tauntongazette.com/restricted/?return=https%3A%2F%2Fwww.tauntongazette.com%2Fstory%2Fbusiness%2Freal-estate%2F2022%2F05%2F02%2Freal-estate-taunton-home-flipped-resold-almost-double-price%2F9574052002%2F,0.34859477543226525
min_k,nonmember,https://www.tauntongazette.com/story/news/politics/government/2022/07/14/conflict-interest-law-whittenton-hardware-stops-selling-taunton/7609655001/,7.159575371205197
min_k,nonmember,https://www.tauntongazette.com/story/news/education/graduation/2022/06/11/meet-taunton-high-schools-top-10-graduates-2022/7500666001/,7.0477385467716624
min_k,nonmember,https://www.tauntongazette.com/story/news/education/2022/05/12/taunton-deca-students-top-fundraisers-muscular-dystrophy-association/9661696002/,7.4825481542132115
min_k,nonmember,https://www.tauntongazette.com/story/news/local/2022/06/21/state-community-compact-cabinet-municipal-grant-for-taunton-expected-to-benefit-water-customers/7584915001/,7.2260117784010625
min_k,nonmember,https://www.tauntongazette.com/story/sports/2022/04/14/wednesdays-scores-big-wins-d-r-bp-baseball-b-r-d-r-softball/7315890001/,6.821506897608439
min_k,nonmember,https://www.tauntongazette.com/restricted/?return=https%3A%2F%2Fwww.tauntongazette.com%2Fstory%2Fnews%2Fpolitics%2F2022%2F06%2F17%2Fraynham-town-administrator-graham-waters-leaves-fire-chief-bryan-lacivita-interim%2F7642879001%2F,0.5390802770505062
min_k,nonmember,https://www.tauntongazette.com/story/news/education/2022/05/26/taunton-dighton-rehoboth-bridgewater-raynham-berkley-schools-texas-uvalde-shooting/9926000002/,6.707841040154153
min_k,nonmember,https://www.tauntongazette.com/story/business/2022/07/21/taunton-east-rentals-bsu-student-kids-party-business-cassidy-andrade-bridgewater-state-university/10049739002/,7.179547901681289
min_k,nonmember,https://www.tauntongazette.com/story/news/local/2022/06/26/taunton-gazette-top-5-grilla-greek-kouzina-berkley-raynham-black-bear/7726310001/,7.492735105532187
min_k,nonmember,https://www.tauntongazette.com/story/sports/high-school/soccer/2022/08/26/former-coyle-boys-coach-dan-borges-lead-taunton-high-girls-soccer/7880893001/,5.895874858686798
min_k,nonmember,https://www.tauntongazette.com/story/sports/2022/04/08/d-r-girls-lacrosse-taunton-volleyball-notch-big-wins-thursday/9509023002/,6.328424721293979
min_k,nonmember,https://www.tauntongazette.com/story/sports/high-school/2022/05/24/tuesdays-high-school-scores-raposo-hits-150-ks-win-over-seekonk/9919165002/,6.577949992323344
min_k,nonmember,https://www.tauntongazette.com/story/news/local/2022/08/28/taunton-top-stories-back-school-dan-borges-coach-city-clerk/7905802001/,6.656336511884417
min_k,nonmember,https://www.tauntongazette.com/story/entertainment/2022/05/25/taunton-tom-petty-tribute-band-breakers-play-cape-cod-melody-tent/9794027002/,6.781432118385461
min_k,nonmember,https://www.tauntongazette.com/story/sports/high-school/2022/09/18/b-p-football-b-r-girls-soccer-september-17-2022/10422783002/,7.4297347749982565
min_k,nonmember,https://www.tauntongazette.com/restricted/?return=https%3A%2F%2Fwww.tauntongazette.com%2Fstory%2Fnews%2Feducation%2F2022%2F06%2F13%2Fdighton-rehoboth-high-school-bullets-gun-graffiti-led-lockdowns%2F7553894001%2F,0.5629431392984164
min_k,nonmember,https://www.tauntongazette.com/story/sports/high-school/2022/05/27/fridays-high-school-scores-krockta-leads-taunton-over-newton-north/9967455002/,5.597570072653835
min_k,nonmember,https://www.tauntongazette.com/story/sports/high-school/2022/05/09/mondays-high-school-scores-taunton-girls-lacrosse-earns-first-win/9712881002/,5.464058386894965
min_k,nonmember,https://www.tauntongazette.com/story/sports/2022/04/07/wednesdays-high-school-scores-d-r-volleyball-b-p-boys-tennis-win/9494679002/,6.878072251664832
min_k,nonmember,https://www.tauntongazette.com/story/sports/high-school/2022/05/23/captain-falcon-d-rs-eliana-raposo-leader-and-off-field-dighton-rehoboth-softball-st-thomas-aquinas/9859522002/,6.359493559833923
min_k,nonmember,https://www.tauntongazette.com/restricted/?return=https%3A%2F%2Fwww.tauntongazette.com%2Fstory%2Fsports%2Fhigh-school%2F2022%2F04%2F04%2Fhere-2021-22-taunton-daily-gazette-hockey-all-scholastics%2F7211770001%2F,0.5611111548958275
min_k,nonmember,https://www.tauntongazette.com/story/news/2022/09/08/restaurants-taunton-berkley-seek-workers-as-dining-rises-with-easing-of-covid-restrictions/7930421001/,6.79115197875283
min_k,nonmember,https://www.tauntongazette.com/story/news/2022/06/17/taunton-residents-invited-to-honor-our-military-in-recognition-of-ptsd-month/7639824001/,7.458684140130093
min_k,nonmember,https://www.tauntongazette.com/story/news/education/2022/06/08/dighton-rehoboth-high-school-threat-bullets-found-d-r-bathroom/7562165001/,5.991835567474365
min_k,nonmember,https://www.tauntongazette.com/story/sports/college/softball/2022/04/28/tight-knit-d-r-softball-soars-over-bourne/9565836002/,6.320566049501217
min_k,nonmember,https://www.tauntongazette.com/story/news/education/2022/06/08/taunton-e-pole-elementary-school-crossing-guard-rick-spearin-honored-award-massdot-safe-routes/7500018001/,6.950420092692418
min_k,nonmember,https://www.tauntongazette.com/story/news/environment/2022/08/12/raynham-center-water-district-pfas-residents-warned-drinking-water-chemicals/10291896002/,7.014735808850784
min_k,nonmember,https://www.tauntongazette.com/story/news/history/2022/04/26/taunton-landscape-architect-frederick-law-olmsteds-200th-anniversary/7325057001/,7.328293624463112
min_k,nonmember,https://www.tauntongazette.com/story/news/local/2022/04/04/taunton-store-dressed-up-blue-yellow-and-white-ukraine/7243729001/,7.477170312506521
min_k,nonmember,https://www.tauntongazette.com/story/news/fire/2022/06/23/taunton-ma-electrocution-man-dies-415-danforth-street/7711332001/,7.167640859430486
min_k,nonmember,https://www.tauntongazette.com/story/news/local/2022/06/28/friends-create-engayge-social-media-app-cater-lgbtq-community-somerset-dighton/7721617001/,6.8025918495655056
min_k,nonmember,https://www.tauntongazette.com/story/sports/high-school/2022/04/21/thursdays-high-school-scores-b-r-baseball-wins-pnhs-tournament/7401592001/,6.007946608430248
min_k,nonmember,https://www.tauntongazette.com/story/news/local/2022/05/23/second-annual-downtown-art-jam-draws-crowd-taunton-green-2022/9876016002/,7.888352465319943
min_k,nonmember,https://www.tauntongazette.com/story/sports/high-school/2022/09/13/taunton-daily-gazette-player-week-sept-5-10-bridgewater-raynham-bristol-plymouth-dighton-rehoboth/10363911002/,5.780066293748942
min_k,nonmember,https://www.tauntongazette.com/story/lifestyle/pets/2022/06/19/pet-week-bella-lab-shepherd-taunton-dog-adoption-pet-rescue/7659231001/,7.945320137476517
min_k,nonmember,https://www.tauntongazette.com/story/news/local/2022/06/23/taunton-holds-third-annual-juneteenth-celebration-2022/7684249001/,7.33961105197668
min_k,nonmember,https://www.tauntongazette.com/story/lifestyle/pets/2022/04/03/pet-week-leo-dog-adoption-hound-am-staff-taunton-animal-rescue/7244204001/,6.019067901831407
min_k,nonmember,https://www.tauntongazette.com/story/news/local/2022/06/14/dighton-lgbtq-pride-flag-maura-healey-approves-bylaw-amendments-town-hall-attorney-general/7534434001/,7.520354750809396
min_k,nonmember,https://www.tauntongazette.com/story/sports/high-school/2022/04/18/mondays-high-school-scores-d-r-baseball-boys-lacrosse-earn-wins/7361813001/,6.010881290435791
min_k,nonmember,https://www.tauntongazette.com/story/news/history/2022/06/13/raynham-milk-bottle-history-novelty-architecture-roadside-pop/7554688001/,7.663828851893085
min_k,nonmember,https://www.tauntongazette.com/story/sports/2022/04/26/first-opening-day-ceremony-years-for-taunton-girls-softball-league-saturday/7429253001/,7.124664863673123
min_k,nonmember,https://www.tauntongazette.com/story/sports/college/softball/2022/05/03/taunton-native-jaylin-couto-named-ccc-softball-pitcher-week/9637386002/,6.115191067589654
min_k,nonmember,https://www.tauntongazette.com/story/sports/high-school/2022/05/03/tuesdays-high-school-scores-taunton-girls-track-snags-win-milford/9636096002/,5.978281696637471
min_k,nonmember,https://www.tauntongazette.com/story/sports/high-school/softball/2022/06/17/back-back-taunton-claims-d-1-title-thriller-peabody/7666385001/,6.369144369171681
min_k,nonmember,https://www.tauntongazette.com/story/sports/high-school/2022/04/29/fridays-high-school-scores-d-rs-raposo-leads-charge-over-apponequet/9590890002/,5.610300912373308
min_k,nonmember,https://www.tauntongazette.com/story/news/local/2022/05/13/morton-hospital-nurses-taunton-authorize-three-day-strike/9751638002/,7.363628083087028
min_k,nonmember,https://www.tauntongazette.com/story/lifestyle/health-fitness/2022/04/27/new-raynham-athletic-club-program-young-adults-developmental-disabilities/7399974001/,6.7378027535075375
min_k,nonmember,https://www.tauntongazette.com/story/sports/high-school/track-field/2022/05/16/dighton-rehoboth-high-school-track-being-repaired-spring/9705691002/,6.904472839932482
min_k,nonmember,https://www.tauntongazette.com/story/sports/high-school/2022/09/16/sports-highlights-friday-b-p-volleyball-players-aces-despite-loss/10399748002/,6.843465309269381
min_k,nonmember,https://www.tauntongazette.com/restricted/?return=https%3A%2F%2Fwww.tauntongazette.com%2Fstory%2Fnews%2Fenvironment%2F2022%2F06%2F21%2Ftaunton-massasoit-state-park-invasive-weeds-big-bearhole-pond-lake-rico%2F7659441001%2F,0.8536495254702459
min_k,nonmember,https://www.tauntongazette.com/restricted/?return=https%3A%2F%2Fwww.tauntongazette.com%2Fstory%2Fnews%2Flocal%2F2022%2F04%2F12%2Ftaunton-zoning-lot-sizes-smaller-planning-board-city-council-high-rents-affordable-housing%2F9501110002%2F,0.5611111548958275
min_k,nonmember,https://www.tauntongazette.com/story/news/local/2022/06/19/taunton-gazette-top-5-taunton-river-trail-milk-bottle-monuments-men/7661287001/,7.1871756716362105
min_k,nonmember,https://www.tauntongazette.com/story/news/education/2022/06/20/raynham-town-election-bristol-plymouth-debt-exclusion-vote-june-28-2022-new-school-construcition-bp/7654613001/,7.223832539149693
min_k,nonmember,https://www.tauntongazette.com/story/news/education/2022/05/24/bristol-plymouth-grad-headed-dartmouth/9809051002/,6.63451127916853
min_k,nonmember,https://www.tauntongazette.com/story/sports/high-school/2022/06/06/mondays-high-school-playoff-scores-b-r-softball-shuts-down-lexington/7540912001/,5.793212596214179
min_k,nonmember,https://www.tauntongazette.com/story/lifestyle/food/2022/06/03/10-taunton-area-restaurants-celebrate-national-veggie-burger-day/7490764001/,6.520059122846134
min_k,nonmember,https://www.tauntongazette.com/story/news/crime/2022/07/30/dighton-police-lt-sean-cronin-chief-robert-mcdonald-retire/10185597002/,7.252830268490699
min_k,nonmember,https://www.tauntongazette.com/story/news/local/2022/05/15/taunton-top-stories-rescued-ponies-puddle-jumper-quilts-cannabis-odor-dighton-rehoboth-district/9764106002/,7.154554492548892
min_k,nonmember,https://www.tauntongazette.com/story/sports/high-school/2022/05/11/wednesdays-high-school-scores-venturelli-leads-taunton-over-franklin/9736402002/,5.8667965705415845
min_k,nonmember,https://www.tauntongazette.com/restricted/?return=https%3A%2F%2Fwww.tauntongazette.com%2Fstory%2Fbusiness%2Freal-estate%2F2022%2F06%2F13%2Freal-estate-berkley-home-dates-1750-sells-713-000-property-transfers-taunton-raynham-dighton%2F7570558001%2F,0.5629431392984164
min_k,nonmember,https://www.tauntongazette.com/story/news/local/2022/09/15/taunton-boys-girls-club-metro-south-wave-headbands-prevent-drowning-detection/10360441002/,7.203629432365909
min_k,nonmember,https://www.tauntongazette.com/restricted/?return=https%3A%2F%2Fwww.tauntongazette.com%2Fstory%2Fbusiness%2Freal-estate%2F2022%2F05%2F16%2Freal-estate-taunton-colonial-harvest-wood-dr-sells-685-000%2F9750065002%2F,0.34859477543226525
min_k,nonmember,https://www.tauntongazette.com/story/sports/high-school/2022/05/08/weekend-high-school-scores-sophomores-lead-b-r-boys-lax-over-canton/9700366002/,6.509628459588805
min_k,nonmember,https://www.tauntongazette.com/story/sports/high-school/football/2022/08/22/top-questions-greater-taunton-high-school-football-2022-season/7847826001/,7.42715649485256
min_k,nonmember,https://www.tauntongazette.com/restricted/?return=https%3A%2F%2Fwww.tauntongazette.com%2Fstory%2Fsports%2Fhigh-school%2Fsoftball%2F2022%2F06%2F06%2Fhere-15-taunton-area-softball-players-watch-postseason%2F7527401001%2F,0.698586942403031
min_k,nonmember,https://www.tauntongazette.com/story/sports/high-school/2022/04/28/thursdays-high-school-scores-b-r-softball-blows-past-brockton/9579594002/,6.193476829809301
min_k,nonmember,https://www.tauntongazette.com/story/sports/high-school/baseball/2022/04/19/high-school-baseball-durfee-taunton-evan-cali-tigers/7370663001/,6.356167991584707
min_k,nonmember,https://www.tauntongazette.com/story/news/education/2022/08/04/dighton-rehoboth-dr-special-town-meeting-withdrawing-k-8-wealth-factor-state-aid-budget-assessment/10225997002/,7.303579573695724
min_k,nonmember,https://www.tauntongazette.com/restricted/?return=https%3A%2F%2Fwww.tauntongazette.com%2Fstory%2Fbusiness%2Freal-estate%2F2022%2F04%2F11%2Freal-estate-taunton-two-family-home-whittneton-renovated-resold-double-price-dighton-berkley-raynham%2F9502293002%2F,0.5611111548958275
min_k,nonmember,https://www.tauntongazette.com/story/news/2022/06/09/former-taunton-middle-school-student-its-new-principal/7570708001/,6.9533562036661
min_k,nonmember,https://www.tauntongazette.com/story/news/local/2022/05/08/taunton-gazette-top-stories-marcus-santos-silva-nfl-real-estate/9680799002/,7.259671724119852
min_k,nonmember,https://www.tauntongazette.com/story/business/2022/08/08/raynham-park-to-offer-betting-on-pro-sports-greyhound-races-thoroughbred-racing-harness-racing/10223531002/,7.2772847192232
min_k,nonmember,https://www.tauntongazette.com/story/sports/high-school/2022/09/15/peters-thayer-lead-b-r-golf-rare-win-over-xaverian/10389651002/,5.953193003569192
min_k,nonmember,https://www.tauntongazette.com/story/sports/high-school/2022/04/09/taunton-softball-plates-29-runs-pitchers-combine-for-no-hitter/9520866002/,6.649658935891706
min_k,nonmember,https://www.tauntongazette.com/story/sports/high-school/softball/2022/06/11/big-bats-solid-pitching-powers-taunton-softball-past-central-catholic/7590572001/,6.374789024423237
min_k,nonmember,https://www.tauntongazette.com/story/news/local/2022/08/18/taunton-food-banks-tackle-growing-food-requests-caused-by-rising-costt-of-living/10343021002/,7.169025205946588
min_k,nonmember,https://www.tauntongazette.com/story/news/traffic/2022/06/28/taunton-upgrade-downtown-crosswalks-main-street-mass-dot-shared-streets-grant-school-trescott-cedar/7653234001/,6.863558701794557
min_k,nonmember,https://www.tauntongazette.com/story/sports/high-school/football/2022/09/01/young-revamped-bristol-plymouth-football-team-rebuilds-2022-season-taunton/7942923001/,6.619818859286123
min_k,nonmember,https://www.tauntongazette.com/story/news/healthcare/2022/07/05/lakeville-cancer-fred-candyman-reagan-fundraising-machine-hilliards-chocolate-jimmy-fund-dana-farber/7765381001/,7.029008012264967
min_k,nonmember,https://www.tauntongazette.com/story/sports/2022/04/14/high-school-scores-bp-baseball-wins-again-first-win-taunton-boys-tennis/7326545001/,6.9162493715382585
min_k,nonmember,https://www.tauntongazette.com/story/sports/high-school/2022/06/03/fridays-high-school-scores-two-taunton-runners-meet-champions/7509925001/,6.28217262434728
min_k,nonmember,https://www.tauntongazette.com/story/sports/2022/04/05/monday-scores-d-r-b-p-softball-taunton-baseball-win-season-openers/9467272002/,6.292321343696554
min_k,nonmember,https://www.tauntongazette.com/story/lifestyle/pets/2022/06/05/pet-week-remi-am-staff-dog-taunton-animal-shelter-rescue/7501433001/,7.266105020963229
min_k,nonmember,https://www.tauntongazette.com/story/special/2022/08/18/boston-tavern-middleboro-hosts-little-league-world-series-watch-party/10346816002/,6.641435946947262
min_k,nonmember,https://www.tauntongazette.com/story/sports/high-school/baseball/2022/06/11/bridgewater-raynham-baseball-bows-out-franklin-elite-eight/7599839001/,6.2774051955983605
min_k,nonmember,https://www.tauntongazette.com/story/news/local/2022/04/03/top-stories-police-staffing-bennys-vargas-murders-aries/7245302001/,7.044162717130449
min_k,nonmember,https://www.tauntongazette.com/story/sports/high-school/baseball/2022/05/01/d-r-celebrates-cuthbertsons-600th-win-all-around-effort-601/9593800002/,6.133495395109591
min_k,nonmember,https://www.tauntongazette.com/story/news/local/2022/08/08/raynham-police-and-fire-still-waiting-new-public-safety-building/10234123002/,7.436322094807074
min_k,nonmember,https://www.tauntongazette.com/story/news/education/2022/07/13/old-colony-ymca-camp-taunton-children-field-trips-water-wizz-blue-hills-museum-of-science-newport/10017455002/,7.010132451211253
min_k,nonmember,https://www.tauntongazette.com/story/news/politics/government/2022/04/28/2020-federal-census-taunton-voting-precinct-lines-have-changed/9556638002/,7.386637760245281
min_k,nonmember,https://www.tauntongazette.com/story/sports/high-school/softball/2022/05/10/larson-goes-distance-but-taunton-softball-falls-short-kp/9713212002/,6.568736479701107
min_k,nonmember,https://www.tauntongazette.com/story/sports/high-school/2022/05/26/thursdays-high-school-scores-b-p-comes-back-over-west-bridgewater/9953127002/,5.780229548045567
min_k,nonmember,https://www.tauntongazette.com/restricted/?return=https%3A%2F%2Fwww.tauntongazette.com%2Fstory%2Fnews%2Flocal%2F2022%2F05%2F12%2Fconstruction-of-sports-simulcasting-facility-at-raynham-park-begins%2F9620945002%2F,0.34859477543226525
min_k,nonmember,https://www.tauntongazette.com/restricted/?return=https%3A%2F%2Fwww.tauntongazette.com%2Fstory%2Fnews%2Flocal%2F2022%2F05%2F06%2Ftaunton-union-block-new-apartments-impact-parking-downtown%2F9664108002%2F,0.34859477543226525
min_k,nonmember,https://www.tauntongazette.com/story/sports/high-school/2022/05/02/mondays-high-school-scores-b-r-baseball-earns-sixth-shutout/9624473002/,5.930376389651623
min_k,nonmember,https://www.tauntongazette.com/story/sports/high-school/baseball/2022/06/07/super-cali-bros-cali-brothers-cousin-help-lift-taunton-over-waltham/7541598001/,6.247824465290884
min_k,nonmember,https://www.tauntongazette.com/story/sports/college/basketball/2022/07/08/tauntons-doug-alves-signs-division-ii-francis-marion-university/7825438001/,6.035399647082313
min_k,nonmember,https://www.tauntongazette.com/story/news/history/2022/08/05/curious-taunton-big-bands-once-packed-historic-roseland-ballroom/10043459002/,7.626009567690567
min_k,nonmember,https://www.tauntongazette.com/story/sports/high-school/baseball/2022/06/08/clutch-hits-solid-pitching-earn-taunton-baseball-win-over-natick/7558149001/,6.1105301428956595
min_k,nonmember,https://www.tauntongazette.com/story/sports/high-school/2022/05/01/weekend-high-school-scores-b-r-girls-lax-rallies-past-bishop-stang/9611890002/,6.80725071741187
min_k,nonmember,https://www.tauntongazette.com/story/sports/high-school/baseball/2022/06/11/taunton-baseball-shuts-out-braintree-advance-final-four/7595541001/,6.112361890528906
min_k,nonmember,https://www.tauntongazette.com/story/sports/high-school/2022/05/18/wednesdays-high-school-scores-mendonca-leads-taunton-over-mansfield/9833177002/,5.834127701782599
min_k,nonmember,https://www.tauntongazette.com/story/news/education/2022/05/10/taunton-drag-queen-story-hour-lgbtq-storytime-children-library-pride/9690148002/,6.7174159073681565
min_k,nonmember,https://www.tauntongazette.com/story/news/crime/2022/07/29/attorney-prepares-defense-berkley-horse-breeder-charged-animal-cruelty/10156526002/,7.269641153826685
min_k,nonmember,https://www.tauntongazette.com/story/news/politics/2022/07/12/taunton-roe-v-wade-day-action-rally-green/10025663002/,7.176096269819472
min_k,nonmember,https://www.tauntongazette.com/story/business/2022/08/31/tauntons-tom-and-jimmys-replace-peaceful-meadows-middleboro-ice-cream/7937528001/,6.88918919913685
min_k,nonmember,https://www.tauntongazette.com/story/news/education/graduation/2022/06/04/dighton-bristol-aggie-valedictorian-noah-hanson-study-wildlife/7455092001/,6.788756414807798
min_k,nonmember,https://www.tauntongazette.com/restricted/?return=https%3A%2F%2Fwww.tauntongazette.com%2Fstory%2Fbusiness%2Freal-estate%2F2022%2F04%2F25%2Freal-estate-condo-tauntons-somerset-gardens-sells-238-000-property-transfers-raynham-dighton%2F7400306001%2F,0.5611111548958275
min_k,nonmember,https://www.tauntongazette.com/story/sports/high-school/football/2022/09/09/bristol-plymouth-old-colony-football-september-9-2022/8040271001/,6.86329918053314
min_k,nonmember,https://www.tauntongazette.com/restricted/?return=https%3A%2F%2Fwww.tauntongazette.com%2Fstory%2Flifestyle%2Ffood%2F2022%2F05%2F05%2Ftaunton-off-broadway-mimis-diner-replaces-downtown-restaurant-green%2F9613069002%2F,0.34859477543226525
min_k,nonmember,https://www.tauntongazette.com/restricted/?return=https%3A%2F%2Fwww.tauntongazette.com%2Fstory%2Fnews%2Flocal%2F2022%2F04%2F26%2Frepairs-expensive-taunton-centuries-old-historic-fire-stations%2F7356816001%2F,0.6405917633394711
min_k,nonmember,https://www.tauntongazette.com/story/news/local/2022/08/26/taunton-police-want-longer-school-safety-zone-williams-street-near-parker-middle-school-curb-speedin/7887116001/,6.980119337980774
min_k,nonmember,https://www.tauntongazette.com/story/sports/high-school/2022/04/25/mondays-high-school-scores-d-r-softball-rolls-over-old-rochester/7448535001/,5.6634543249683995
min_k,nonmember,https://www.tauntongazette.com/story/news/local/2022/07/31/taunton-gazette-top-5-fedex-malis-message-balloon-dighton/10184011002/,7.345958791186462
min_k,nonmember,https://www.tauntongazette.com/story/sports/high-school/2022/05/12/thursdays-high-school-scores-b-p-baseball-bests-blue-hills/9754580002/,5.662144801413366
min_k,nonmember,https://www.tauntongazette.com/story/sports/high-school/2022/05/31/who-taunton-daily-gazette-player-week-may-23-28/7453553001/,5.712158171635754
min_k,nonmember,https://www.tauntongazette.com/story/sports/high-school/baseball/2022/06/12/watts-shuts-out-arlington-catholic-seal-d-rs-spot-final-four/7604284001/,6.241559280539459
min_k,nonmember,https://www.tauntongazette.com/story/sports/high-school/2022/09/13/taunton-girls-cross-countrys-dunham-finishes-first-vs-king-philip/10372600002/,6.452633956074715
min_k,nonmember,https://www.tauntongazette.com/story/news/local/2022/05/11/berkley-mspca-rescued-ponies-adoption-farm-horses-abuse-neglect-gary-bolger-animal-cruelty/9664881002/,7.110521510931162
min_k,nonmember,https://www.tauntongazette.com/story/sports/high-school/baseball/2022/04/26/macdougall-powers-balanced-taunton-baseball-clash-tigers/9548538002/,6.378497583940884
min_k,nonmember,https://www.tauntongazette.com/restricted/?return=https%3A%2F%2Fwww.tauntongazette.com%2Fstory%2Fbusiness%2Freal-estate%2F2022%2F04%2F04%2Freal-estate-victorian-taunton-high-street-sells-705-000-property-transfers-dighton-raynham-berkley%2F7235627001%2F,0.5611111548958275
min_k,nonmember,https://www.tauntongazette.com/story/sports/high-school/softball/2022/05/11/berube-leads-case-softball-circle-and-plate-win-over-d-r/9725962002/,5.912665976940746
min_k,nonmember,https://www.tauntongazette.com/story/news/education/2022/08/08/dighton-rehoboth-regional-school-district-town-meeting-rejects-withdraw-kindergarten-8th-grade/10264070002/,7.615284741719564
min_k,nonmember,https://www.tauntongazette.com/story/sports/high-school/baseball/2022/05/24/seniors-have-themselves-day-taunton-baseball-beats-milford/9903898002/,6.156537185801138
min_k,nonmember,https://www.tauntongazette.com/story/sports/high-school/2022/04/24/weekend-scores-d-r-boys-lacrosse-keeps-rolling/7436705001/,6.072476105256514
min_k,nonmember,https://www.tauntongazette.com/story/news/local/2022/06/12/taunton-top-stories-rick-spearin-lyndsey-littlefield-rawkstars/7585873001/,7.373595885808955
min_k,nonmember,https://www.tauntongazette.com/story/news/local/2022/04/01/police-shortage-recruitment-traffic-detail-taunton-age-limit-home-rule-petition-civilian/7224873001/,7.7180718203496665
min_k,nonmember,https://www.tauntongazette.com/story/lifestyle/pets/2022/04/17/pet-week-taunton-sophie-sandy-cat-adoption-animal-rescue/7332020001/,6.8162819781201955
min_k,nonmember,https://www.tauntongazette.com/story/sports/high-school/baseball/2022/05/12/franklin-quells-taunton-baseballs-bats-hockomock-showdown/9741562002/,6.2585196796403055
min_k,nonmember,https://www.tauntongazette.com/restricted/?return=https%3A%2F%2Fwww.tauntongazette.com%2Fstory%2Fsports%2Fhigh-school%2Fsoftball%2F2022%2F04%2F07%2Fhere-greater-taunton-softball-players-watch-spring%2F9474093002%2F,0.5611111548958275
min_k,nonmember,https://www.tauntongazette.com/restricted/?return=https%3A%2F%2Fwww.tauntongazette.com%2Fstory%2Fnews%2Fenvironment%2F2022%2F05%2F26%2Ftaunton-climate-change-risk-flooding-ticks-extreme-heat-lake-sabbatia-massasoit-mvp-fema%2F9870920002%2F,0.5672795069142011
min_k,nonmember,https://www.tauntongazette.com/story/news/local/2022/07/26/dighton-police-comfort-dog-oakie-partners-sro-stephen-hathaway/10126591002/,7.2750446558641295
min_k,nonmember,https://www.tauntongazette.com/story/news/politics/elections/local/2022/08/02/raynham-early-voting-senior-center-displaced-middle-school/10193558002/,6.96859787548742
min_k,nonmember,https://www.tauntongazette.com/story/news/2022/04/28/berkley-selectman-candidates-george-miller-tabitha-mccrohan-lay-out-their-plans-town-election/9558606002/,7.232767197447763
min_k,nonmember,https://www.tauntongazette.com/story/news/local/2022/08/05/colonial-road-runners-host-5-k-every-monday-night-raynham/10210634002/,6.961511281820444
min_k,nonmember,https://www.tauntongazette.com/story/news/2022/07/26/taunton-bikes-city-council-summer-activities-hopewell-park-security-box-cutter-ymca-boys-girls-club/10116445002/,7.074609283833777
min_k,nonmember,https://www.tauntongazette.com/restricted/?return=https%3A%2F%2Fwww.tauntongazette.com%2Fstory%2Fnews%2Feducation%2F2022%2F06%2F09%2Fschool-superintendent-explains-why-grad-speeches-sounded-distorted-bridgewater-raynham%2F7560869001%2F,0.7818257620344108
min_k,nonmember,https://www.tauntongazette.com/story/news/local/2022/08/13/dighton-animal-cruelty-goats-emu-jerry-mspca-seized/10309754002/,6.961686162238426
min_k,nonmember,https://www.tauntongazette.com/story/sports/high-school/2022/04/12/who-taunton-daily-gazette-player-week-april-4-9/7286234001/,6.383282594620042
min_k,nonmember,https://www.tauntongazette.com/story/entertainment/arts/2022/05/16/downtown-art-jam-taunton-concerts-murals-exhibits-kids-activities/9746315002/,7.366792695564136
min_k,nonmember,https://www.tauntongazette.com/story/sports/high-school/2022/09/08/taunton-volleyball-soccer-golf-bridgewater-raynham-bristol-plymouth/8026401001/,6.273376719861091
min_k,nonmember,https://www.tauntongazette.com/story/lifestyle/pets/2022/05/08/pet-week-sadie-cat-adoption-taunton-shelter-pet-rescue/9675366002/,6.406828076498849
min_k,nonmember,https://www.tauntongazette.com/story/business/2022/07/22/taunton-silver-city-galleria-mall-fedex-warehouse-distribution-center-taxes-jobs/10091034002/,7.1404522735381795
min_k,nonmember,https://www.tauntongazette.com/story/entertainment/local/2022/06/29/dighton-celebrates-2022-firecracker-festival-town-hall-july-9/7760479001/,7.172602461731953
min_k,nonmember,https://www.tauntongazette.com/story/news/local/2022/06/10/dighton-town-meeting-oks-150-k-library-move-smith-memorial-hall/7574208001/,7.806612478256225
min_k,nonmember,https://www.tauntongazette.com/story/news/local/2022/04/17/top-stories-spring-sports-predictions-zografos-loses-rawkstars-taunton-dighton-raynham-pfas-aries/7335231001/,7.507841058345656
min_k,nonmember,https://www.tauntongazette.com/story/sports/high-school/2022/09/06/mondays-high-school-scores-taunton-volleyball-takes-opener-over-nb/8006377001/,6.096052667072841
min_k,nonmember,https://www.tauntongazette.com/story/sports/high-school/wrestling/2022/05/24/taunton-wrestler-christian-balmain-commits-iowa-lakes/9914298002/,6.69763468427861
min_k,nonmember,https://www.tauntongazette.com/story/news/local/2022/08/07/taunton-gazette-top-5-jenna-lyons-roseland-ballroom-shawn-cronin/10250463002/,7.316987089042006
min_k,nonmember,https://www.tauntongazette.com/story/sports/high-school/baseball/2022/04/20/dighton-rehoboth-falls-short-close-contest-oliver-ames/7389122001/,6.312632339184101
min_k,nonmember,https://www.tauntongazette.com/story/news/healthcare/2022/07/14/morton-hospital-massachusetts-nurses-association-contract-strike-raises-staffing-icu/10046997002/,6.725649073080051
min_k,nonmember,https://www.tauntongazette.com/story/lifestyle/pets/2022/04/10/pet-week-luda-jada-black-lab-dog-adoption-taunton-rescue/9510936002/,7.096372087796529
min_k,nonmember,https://www.tauntongazette.com/story/news/crime/2022/07/07/dighton-body-worn-cameras-police-bodycams/7814481001/,7.0127968655692206
min_k,nonmember,https://www.tauntongazette.com/story/sports/high-school/2022/04/06/bridgewater-raynham-baseball-earns-first-win-under-new-coach-connolly/9479787002/,6.314708164057781
min_k,nonmember,https://www.tauntongazette.com/story/lifestyle/pets/2022/08/07/pet-week-duke-am-staff-dog-adoption-taunton-animal-rescue/10246461002/,6.794871411425002
min_k,nonmember,https://www.tauntongazette.com/restricted/?return=https%3A%2F%2Fwww.tauntongazette.com%2Fstory%2Fbusiness%2Freal-estate%2F2022%2F05%2F09%2Freal-estate-east-taunton-home-county-st-sells-almost-500-000-property-transfers-raynham-berkley%2F9665250002%2F,0.34859477543226525
min_k,nonmember,https://www.tauntongazette.com/story/sports/high-school/softball/2022/05/17/despite-solid-pitching-taunton-softball-upended-attleboro/9802771002/,6.458910949258919
min_k,nonmember,https://www.tauntongazette.com/story/news/education/graduation/2022/06/05/taunton-high-school-ivy-league-kyanna-barros-brown-university-valedictorian-bioengineering-medical/7469431001/,6.687310536702474
min_k,nonmember,https://www.tauntongazette.com/story/sports/high-school/2022/07/20/mayor-city-council-honor-taunton-high-schools-two-state-champion-teams/10104087002/,6.536023554049041
min_k,nonmember,https://www.tauntongazette.com/story/lifestyle/2022/04/07/berkley-based-bostonian-repurposed-owners-advance-diy-heroes-mark-bowe-magnolia-network/7195355001/,7.1334394440615085
min_k,nonmember,https://www.tauntongazette.com/story/sports/youth/2022/07/28/taunton-junior-city-open-golf-tournament-set-aug-15-and-16/10170497002/,5.164516524663047
min_k,nonmember,https://www.tauntongazette.com/story/sports/high-school/softball/2022/06/15/team-effort-leads-taunton-over-methuen-and-into-d-1-title-game/7643127001/,6.226408709151835
min_k,nonmember,https://www.tauntongazette.com/story/news/education/2022/05/10/dighton-rehoboth-degionalization-dr-k-8-grades-withdraw-parents-superintendent-anthony-azar/9650863002/,6.973951395820169
min_k,nonmember,https://www.tauntongazette.com/restricted/?return=https%3A%2F%2Fwww.tauntongazette.com%2Fstory%2Fbusiness%2Freal-estate%2F2022%2F06%2F06%2Freal-estate-report-sale-taunton-home-burt-st-tops-500-000-property-transfers-residential-raynham%2F7488251001%2F,0.698586942403031
min_k,nonmember,https://www.tauntongazette.com/story/news/local/2022/04/13/taunton-rawkstars-nonprofit-provides-kids-free-instruments-lessons/9467756002/,6.956736261311246
min_k,nonmember,https://www.tauntongazette.com/story/sports/youth/2022/07/19/raynham-youth-soccer-grades-5-6-girls-win-division-ii-state-title/10051033002/,7.147512749780582
min_k,nonmember,https://www.tauntongazette.com/story/news/local/2022/08/05/the-little-things-jennas-wish-list-raynham-woman-collects-items-cancer-patients-amazon-tiktok/10158233002/,7.034184423725256
min_k,nonmember,https://www.tauntongazette.com/restricted/?return=https%3A%2F%2Fwww.tauntongazette.com%2Fstory%2Fnews%2Fenvironment%2F2022%2F04%2F13%2Ftaunton-pfas-forever-chemicals-water-raynham-dighton-berkley-easton-bridgewater%2F7138530001%2F,0.5611111548958275
min_k,nonmember,https://www.tauntongazette.com/story/sports/youth/2022/08/18/machado-poirier-rosa-take-top-spots-taunton-junior-city-open/10343525002/,7.543442730591676
min_k,nonmember,https://www.tauntongazette.com/story/news/politics/2022/06/02/taunton-fall-river-commission-status-women-bristol-county-werlaine-badio-tanya-lobo-esther-rogers/9796771002/,7.107096287793729
min_k,nonmember,https://www.tauntongazette.com/story/news/environment/2022/04/19/scrap-metal-company-and-freetown-settle-residents-still-claim-pollution/7330470001/,7.7647775787196744
min_k,nonmember,https://www.tauntongazette.com/story/sports/high-school/2022/04/03/breheney-thornton-lead-b-r-boys-lacrosse-opener-win-over-attleboro/7263634001/,6.046632619131179
min_k,nonmember,https://www.tauntongazette.com/restricted/?return=https%3A%2F%2Fwww.tauntongazette.com%2Fstory%2Fnews%2Flocal%2F2022%2F05%2F06%2Ftaunton-parking-downtown-green-leonard-street-garage-lew-pacheco%2F9583180002%2F,0.34859477543226525
min_k,nonmember,https://www.tauntongazette.com/story/news/local/2022/05/29/taunton-gazette-top-stories-1-connection-landon-him-outdoor-dining/9966149002/,7.355800196019614
min_k,nonmember,https://www.tauntongazette.com/story/sports/high-school/2022/05/17/tuesdays-high-school-scores-d-rs-win-streak-snapped-norton/9816916002/,5.805788734980992
min_k,nonmember,https://www.tauntongazette.com/story/news/crime/2022/09/13/berkley-police-chief-scott-labonte-retiring-kevin-partridge-scott-fournier-search/8022854001/,7.242312435309092
min_k,nonmember,https://www.tauntongazette.com/story/sports/high-school/baseball/2022/04/15/leave-them-wanting-moor-taunton-junior-strong-first-varsity-start/7328584001/,5.9032361030578615
min_k,nonmember,https://www.tauntongazette.com/story/sports/high-school/2022/09/12/taunton-bridgewater-raynham-bristol-plymouth-dighton-rehoboth-soccer-volleyball-golf-field-hockey/10360134002/,5.398557426600621
min_k,nonmember,https://www.tauntongazette.com/story/sports/high-school/baseball/2022/04/09/still-swinging-taunton-bats-stay-red-hot-win-over-sharon/9522534002/,6.414587786205137
min_k,nonmember,https://www.tauntongazette.com/story/lifestyle/pets/2022/07/10/pets-week-binx-and-eve-taunton-animal-shelter-cat-rescue/10015836002/,6.85985362820509
min_k,nonmember,https://www.tauntongazette.com/story/news/history/2022/05/26/taunton-then-and-now-richard-godrey-winthrop-club-city-hall-square/9914015002/,7.586872229610917
min_k,nonmember,https://www.tauntongazette.com/story/entertainment/2022/08/08/local-bands-dreams-come-true-invite-perform-beatlesweek/10146541002/,7.4537274738428
min_k,nonmember,https://www.tauntongazette.com/story/news/healthcare/2022/07/29/taunton-memory-cafe-coa-memory-loss-dementia-alzheimers-public-library/10159988002/,6.792765665657913
min_k,nonmember,https://www.tauntongazette.com/story/sports/high-school/2022/05/10/who-taunton-daily-gazette-player-week-may-2-7/9709494002/,5.64480733372154
min_k,nonmember,https://www.tauntongazette.com/story/sports/high-school/baseball/2022/06/14/taunton-beats-cm-advance-second-d-1-title-game-three-seasons/7630055001/,6.063314892301624
min_k,nonmember,https://www.tauntongazette.com/story/sports/high-school/2022/04/05/taunton-softball-kicks-off-title-defense-big-win-over-stoughton/9465830002/,6.447779126718742
min_k,nonmember,https://www.tauntongazette.com/story/news/politics/government/2022/05/19/tauntons-mayor-retirement-middleboro-40-year-government-robert-nunes-middleboro-town-manager/9804315002/,6.888193432444488
min_k,nonmember,https://www.tauntongazette.com/story/news/local/2022/06/06/berkley-town-meeting-debt-exclusion-proposition-2-1-2-warrant-zoning-assessors-treasurer-collector/7490589001/,7.524462535367374
min_k,nonmember,https://www.tauntongazette.com/restricted/?return=https%3A%2F%2Fwww.tauntongazette.com%2Fstory%2Fsports%2Fhigh-school%2Flacrosse%2F2022%2F04%2F13%2Fhere-16-greater-taunton-boys-lacrosse-players-watch%2F7283491001%2F,0.5611111548958275
min_k,nonmember,https://www.tauntongazette.com/story/sports/high-school/2022/05/04/wednesdays-high-school-scores-taunton-girls-bested-n-attleboro/9653734002/,5.8583277273178105
min_k,nonmember,https://www.tauntongazette.com/story/lifestyle/2022/05/17/little-free-pantry-johnsons-pond-gift-raynham-junior-girl-scouts/9746351002/,7.115744645568146
zlib,member,https://www.tauntongazette.com/story/sports/youth/2022/08/18/taunton-west-little-league-u-10-celebrates-strong-season/10344658002/,0.0015884226243560694
zlib,member,https://www.tauntongazette.com/story/sports/high-school/baseball/2022/06/18/taunton-baseball-claims-second-d-1-title-three-seasons/7675005001/,0.0005651121890707611
zlib,member,https://www.tauntongazette.com/story/sports/high-school/softball/2022/06/09/thorpes-walk-off-lifts-taunton-softball-over-bridgewater-raynham/7563617001/,0.0006462069160415919
zlib,member,https://www.tauntongazette.com/story/news/environment/2022/05/19/raynham-plastic-bag-ban-town-meeting-rejects-repeal-styrofoam/9825594002/,0.001012029996665186
zlib,member,https://www.tauntongazette.com/story/news/politics/elections/2022/09/02/2022-primary-election-sept-6-whos-running-how-cast-your-vote-taunton-dighton-raynham-berkley/7953564001/,0.0008575355891497964
zlib,member,https://www.tauntongazette.com/story/sports/high-school/2022/04/20/wednesdays-high-school-scores-taunton-baseball-stays-perfect/7390939001/,0.001221152905848666
zlib,member,https://www.tauntongazette.com/story/sports/high-school/2022/06/07/who-taunton-daily-gazette-player-week-may-30-june-4/7526890001/,0.0016402299165535806
zlib,member,https://www.tauntongazette.com/story/news/local/2022/05/28/crews-respond-5-alarm-fire-spring-lane-taunton/9976010002/,0.0022576344603920857
zlib,member,https://www.tauntongazette.com/restricted/?return=https%3A%2F%2Fwww.tauntongazette.com%2Fstory%2Fnews%2Fdrugs%2Fmarijuana%2F2022%2F06%2F15%2Ftaunton-city-council-special-permit-cannabis-facility-traffic-hart-street-san-holdings-jack-barbour%2F7581796001%2F,0.0006617710710222637
zlib,member,https://www.tauntongazette.com/story/sports/high-school/2022/04/17/weekend-high-school-scores-taunton-softball-scores-walk-off-win/7352822001/,0.0017925325280887
zlib,member,https://www.tauntongazette.com/story/lifestyle/2022/04/25/taunton-seeks-residents-advice-for-recreation-open-spaces-upgrades/7385863001/,0.0011111643341019171
zlib,member,https://www.tauntongazette.com/story/entertainment/local/2022/08/05/roseland-ballroom-taunton-hosts-dancing-twice-month-sundays/10092060002/,0.00052630216623393
zlib,member,https://www.tauntongazette.com/story/news/politics/government/2022/07/15/easton-fire-chief-kevin-partridge-interim-berkley-town-administrator/10056829002/,0.002363621328413479
zlib,member,https://www.tauntongazette.com/story/news/environment/2022/07/19/tauntons-wastewater-treat-plant-implements-mandated-nitrogen-upgrades/10083442002/,0.0011345749626706365
zlib,member,https://www.tauntongazette.com/story/sports/high-school/2022/05/17/who-taunton-daily-gazette-player-week-may-9-14/9803572002/,0.0010951957338201951
zlib,member,https://www.tauntongazette.com/story/news/local/2022/07/17/taunton-top-stories-ed-correira-conflict-camp-taunton-holy-ghost-feast-roe-protest/10071008002/,0.0012724474393183576
zlib,member,https://www.tauntongazette.com/story/news/local/2022/06/05/taunton-top-stories-los-jefes-cow-chip-festival-salome-lincoln/7503382001/,0.0013889649514450234
zlib,member,https://www.tauntongazette.com/story/sports/youth/2022/05/26/taunton-tornadoes-10-u-softball-team-wins-jaxon-marocco-classic/9931914002/,0.002460840441678624
zlib,member,https://www.tauntongazette.com/story/sports/high-school/2022/06/22/who-taunton-daily-gazette-player-week-june-13-18/7704141001/,0.0015345636654372041
zlib,member,https://www.tauntongazette.com/story/news/history/2022/04/04/taunton-history-emily-elizabeth-parsons-nurse-founded-mount-auburn-hospital-civil-war/7236325001/,0.000618755926632973
zlib,member,https://www.tauntongazette.com/story/business/2022/05/12/somersets-tammy-ruggeri-opens-puddle-jumper-quilts-dighton/9659398002/,0.0009597593071869282
zlib,member,https://www.tauntongazette.com/story/news/local/2022/06/01/taunton-los-jefes-comida-restaurant-responds-customers-rudeness/9967467002/,0.0011481368360403287
zlib,member,https://www.tauntongazette.com/story/sports/high-school/2022/03/31/dighton-rehoboth-boys-volleyball-falls-season-opener/7241277001/,0.004099591594688084
zlib,member,https://www.tauntongazette.com/story/sports/high-school/2022/05/10/tuesdays-high-school-scores-taunton-baseball-tops-durfee/9725485002/,0.0016523999826797168
zlib,member,https://www.tauntongazette.com/story/lifestyle/pets/2022/06/12/pets-week-my-brothers-and-me-taunton-cat-adoption-pet-rescue/7580435001/,0.004639829359708227
zlib,member,https://www.tauntongazette.com/story/lifestyle/2022/07/29/taunton-city-band-broadway-show-tunes-patriotic-songs-housing-authority/10166731002/,0.0009271163639003706
zlib,member,https://www.tauntongazette.com/story/news/local/2022/07/10/taunton-gazette-top-5-tess-brunelle-police-bodycams-jimmy-fund/10017353002/,0.0011244862924956656
zlib,member,https://www.tauntongazette.com/story/sports/high-school/baseball/2022/06/14/dighton-rehoboth-baseball-loses-newburyport-state-semifinals/7630115001/,0.0015134234743966154
zlib,member,https://www.tauntongazette.com/story/news/local/2022/06/10/miss-taunton-lyndsey-littlefield-american-ninja-warrior-bridgewater-raynham/7535348001/,0.0007178731919348081
zlib,member,https://www.tauntongazette.com/story/news/environment/2022/04/01/sweets-knoll-improvement-dighton-dcr-opens-project-public-input-state-park-trails-accessibility/7224563001/,0.0007848707344202787
zlib,member,https://www.tauntongazette.com/restricted/?return=https%3A%2F%2Fwww.tauntongazette.com%2Fstory%2Fnews%2Fdrugs%2Fmarijuana%2F2022%2F06%2F08%2Ftaunton-cannabis-city-council-law-department-matthew-costa-marijuana-chris-coute-estele-borges%2F7505563001%2F,0.0009190576554398943
zlib,member,https://www.tauntongazette.com/story/news/local/2022/08/15/segregansett-caddie-plays-golf-taunton-country-club-70-years-later/10274692002/,0.0008826262074035829
zlib,member,https://www.tauntongazette.com/restricted/?return=https%3A%2F%2Fwww.tauntongazette.com%2Fstory%2Flifestyle%2Ffood%2F2022%2F06%2F16%2Fguchanya-pastry-owner-cape-verde-native-opens-pastry-shop-school-street-bakery-taunton%2F7499033001%2F,0.0006617710710222637
zlib,member,https://www.tauntongazette.com/story/sports/high-school/2022/04/27/wednesdays-high-school-scores-d-rs-cuthbertson-hits-600-career-wins/9564206002/,0.0013127330354376489
zlib,member,https://www.tauntongazette.com/story/business/2022/05/02/everlasting-charm-cabinet-repainting-business-booms-berkley-owner/9569994002/,0.0009339036607932654
zlib,member,https://www.tauntongazette.com/story/news/politics/elections/local/2022/08/14/raynham-election-early-voting-moved-out-senior-center-primary/10298624002/,0.001508658621472423
zlib,member,https://www.tauntongazette.com/story/news/2022/08/26/taunton-summer-celebration-at-hoepwell-ppark-postponed-due-to-severe-weather-threat/7907233001/,0.003010532025835761
zlib,member,https://www.tauntongazette.com/restricted/?return=https%3A%2F%2Fwww.tauntongazette.com%2Fstory%2Fbusiness%2Freal-estate%2F2022%2F04%2F18%2Freal-estate-castle-home-taunton-tremont-st-sells-almost-900-000-property-transfers-dighon-berkey%2F7321436001%2F,0.0006455876791677979
zlib,member,https://www.tauntongazette.com/story/news/fire/2022/07/25/berkley-firefighters-fire-department-john-franco-amasa-harmon-retire/10138961002/,0.0009335404635609355
zlib,member,https://www.tauntongazette.com/story/news/local/2022/07/03/taunton-gazette-top-stories-michael-messina-leoncello-boxing-engayge/7790989001/,0.0011851415569510883
zlib,member,https://www.tauntongazette.com/restricted/?return=https%3A%2F%2Fwww.tauntongazette.com%2Fstory%2Fsports%2Fhigh-school%2F2022%2F05%2F16%2Ftaunton-high-b-r-swimmers-named-taunton-daily-gazette-all-scholastics%2F9771381002%2F,0.00042304941648189573
zlib,member,https://www.tauntongazette.com/story/news/local/2022/04/20/taunton-high-street-planning-board-condominium-condo-complex-high-street/7372765001/,0.0016708815280679508
zlib,member,https://www.tauntongazette.com/story/sports/high-school/2022/05/16/mondays-high-school-scores-macdougall-leads-taunton-over-attleboro/9802856002/,0.0009611101250851025
zlib,member,https://www.tauntongazette.com/story/news/local/2022/05/20/taunton-green-temporary-seating-plaza-safety-parking-outdoors/9828526002/,0.0012280101623498422
zlib,member,https://www.tauntongazette.com/story/sports/high-school/football/2022/09/13/taunton-bridgewater-raynham-bristol-plymouth-dighton-rehoboth-football-player-of-the-week-one/10363872002/,0.0018683899371990133
zlib,member,https://www.tauntongazette.com/story/sports/high-school/2022/05/23/mondays-high-school-scores-lynch-leads-taunton-softball-over-milford/9902708002/,0.0006717433124978344
zlib,member,https://www.tauntongazette.com/story/sports/high-school/2022/04/19/who-taunton-daily-gazette-player-week-april-11-16/7359199001/,0.0012130776695475926
zlib,member,https://www.tauntongazette.com/story/sports/high-school/2022/05/25/wednesdays-high-school-scores-taunton-baseball-tops-milford/9938066002/,0.0013715528550328193
zlib,member,https://www.tauntongazette.com/restricted/?return=https%3A%2F%2Fwww.tauntongazette.com%2Fstory%2Fsports%2Fhigh-school%2Fbaseball%2F2022%2F06%2F18%2Fd-1-baseball-championship-preview-taunton-seeks-title-against-franklin%2F7663627001%2F,0.0006277595537445845
zlib,member,https://www.tauntongazette.com/story/business/2022/07/22/malis-raynham-offers-modern-twist-southeast-asian-street-food/10085338002/,0.0010106978214900165
zlib,member,https://www.tauntongazette.com/restricted/?return=https%3A%2F%2Fwww.tauntongazette.com%2Fstory%2Fsports%2Fhigh-school%2Flacrosse%2F2022%2F04%2F19%2Fhere-greater-taunton-girls-lacrosse-players-watch%2F7309338001%2F,0.0006455876791677979
zlib,member,https://www.tauntongazette.com/story/news/education/2022/09/12/taunton-public-school-2022-2023-new-principals-teacher-shortage-covid-learning-loss-jaimie-pereira/8028360001/,0.0006409678362809168
zlib,member,https://www.tauntongazette.com/story/business/2022/06/21/fall-river-couple-opens-new-grilla-greek-kouzina-restaurant-taunton/7535402001/,0.0010643179110426516
zlib,member,https://www.tauntongazette.com/story/news/courts/2022/05/15/suspect-lgbtq-hate-crime-homophobic-attack-taunton-cleared-jury-michael-cates-brockton/9754124002/,0.0007880775124654444
zlib,member,https://www.tauntongazette.com/story/sports/high-school/baseball/2022/05/18/macdougall-leads-taunton-baseball-bounce-back-win-over-mansfield/9833857002/,0.0007529414756852553
zlib,member,https://www.tauntongazette.com/story/sports/high-school/softball/2022/04/22/taunton-outlasts-attleboro-softball-slugfest/7417870001/,0.0006892403034953777
zlib,member,https://www.tauntongazette.com/story/sports/high-school/softball/2022/05/26/honoring-mark-lasser-taunton-softball-upends-bishop-feehan/9938361002/,0.0006374359690370336
zlib,member,https://www.tauntongazette.com/story/sports/high-school/2022/09/14/taunton-b-r-b-p-d-r-soccer-cross-country-field-hockey-volleyball-golf-september-14-2022/10383225002/,0.0008809648814817045
zlib,member,https://www.tauntongazette.com/story/news/local/2022/04/10/top-taunton-stories-ukraine-support-game-shop-opens-sister-city-new-york-lace-kings-court-england/9513094002/,0.0015932621250804595
zlib,member,https://www.tauntongazette.com/restricted/?return=https%3A%2F%2Fwww.tauntongazette.com%2Fstory%2Fbusiness%2Freal-estate%2F2022%2F05%2F30%2Freal-estate-resort-like-waterfront-home-dighton-sells-almost-700-000-property-transfers-taunton%2F9943533002%2F,0.0006835451458833184
zlib,member,https://www.tauntongazette.com/story/sports/2022/04/10/saturday-high-school-scores-b-r-boys-lacrosse-bp-girls-lacrosse-win/9532089002/,0.003939791728441291
zlib,member,https://www.tauntongazette.com/story/lifestyle/pets/2022/05/22/pet-week-drako-am-staff-taunton-animal-shelter-dog-rescue/9856879002/,0.0035724058957633774
zlib,member,https://www.tauntongazette.com/story/business/2022/05/12/proposed-marijuana-facility-taunton-myles-standish-industrial-park-raises-odor-concerns/9736232002/,0.0013972022793856931
zlib,member,https://www.tauntongazette.com/story/news/healthcare/2022/04/22/taunton-mental-health-police-stigma-public-officer-steve-turner/7267607001/,0.0007296028065520396
zlib,member,https://www.tauntongazette.com/story/news/local/2022/06/10/berkley-town-meeting-debt-exclusion-approved-cruisers-highway-assessor-treasurer-collector/7573635001/,0.0019406863674431573
zlib,member,https://www.tauntongazette.com/story/sports/high-school/2022/09/07/wednesdays-high-school-scores-oleary-leads-ths-field-hockey-win/8014423001/,0.000867090952186691
zlib,member,https://www.tauntongazette.com/restricted/?return=https%3A%2F%2Fwww.tauntongazette.com%2Fstory%2Fnews%2Feducation%2F2022%2F06%2F10%2Ftaunton-high-school-graduation-ceremony-field-house-criticized-football-field%2F7545728001%2F,0.0006617710710222637
zlib,member,https://www.tauntongazette.com/story/lifestyle/health-fitness/2022/04/21/taunton-real-brazilian-jiu-jitsu-martial-arts-school-main-street-jair-morselli/7293547001/,0.0007772658046882507
zlib,member,https://www.tauntongazette.com/story/news/local/2022/09/18/top-stories-mikayla-nogueira-berkley-police-chief-football-game-move/10390499002/,0.0011350201408667697
zlib,member,https://www.tauntongazette.com/story/news/good-news/2022/04/28/bridgewater-raynham-prom-bumped-concert-gillette-host-field-day-garth-brooks/9545284002/,0.0009461172021286414
zlib,member,https://www.tauntongazette.com/story/lifestyle/health-fitness/2022/04/08/taunton-gym-raw-moves-downtown-former-gazette-building/7156874001/,0.0010359871655326622
zlib,member,https://www.tauntongazette.com/story/news/crime/2022/08/21/taunton-man-convicted-child-rape-sentenced-10-years-prison/7860167001/,0.002091629100668233
zlib,member,https://www.tauntongazette.com/story/news/2022/07/24/top-stories-taunton-raynham-dighton-berkley-rehoboth/10129045002/,0.0013778225492901393
zlib,member,https://www.tauntongazette.com/story/sports/recreation/2022/06/14/taunton-river-trail-dighton-somerset-bike-paths-sidewalks-nature/7472250001/,0.0011116824448648747
zlib,member,https://www.tauntongazette.com/story/business/2022/05/23/dightons-first-cannabis-dispensary-1-connection-opens/9856798002/,0.0011021227401445857
zlib,member,https://www.tauntongazette.com/story/sports/high-school/softball/2022/06/14/d-r-softball-falls-greater-new-bedford-d-3-final-four/7631599001/,0.000653281036868767
zlib,member,https://www.tauntongazette.com/story/news/education/2022/07/06/taunton-bristol-plymouth-b-p-cosmetology-student-wins-skills-usa-gold-tess-brunelle-emily-rouleau/7771733001/,0.0008462546405909299
zlib,member,https://www.tauntongazette.com/story/news/local/2022/09/15/berkley-friends-library-drag-queen-fundraiser/10379211002/,0.002938398217166208
zlib,member,https://www.tauntongazette.com/story/sports/high-school/2022/04/26/tuesdays-high-school-scores-taunton-softball-shuts-out-oa/9547703002/,0.0015700976779343331
zlib,member,https://www.tauntongazette.com/story/sports/high-school/softball/2022/06/08/raposos-16-strikeouts-leads-dighton-rehoboth-softball-over-tantasqua/7550070001/,0.0006893672999072929
zlib,member,https://www.tauntongazette.com/story/sports/high-school/2022/04/02/perry-monahan-score-twice-b-r-girls-lacrosse-season-opener/7254530001/,0.0023953167365838466
zlib,member,https://www.tauntongazette.com/story/news/homelessness/2022/09/06/taunton-homeless-group-home-38-winthrop-street-firefighter-bob-bastis-community-counseling/7951538001/,0.001225670654816041
zlib,member,https://www.tauntongazette.com/story/sports/high-school/football/2022/09/02/taunton-football-returns-25-seniors-hopes-experience-counts-2022/7936605001/,0.0007067526405073658
zlib,member,https://www.tauntongazette.com/story/sports/high-school/softball/2022/07/26/taunton-high-softball-honored-at-fenway-park-after-winning-their-second-straight-state-title/10138014002/,0.0010599278996606537
zlib,member,https://www.tauntongazette.com/story/news/history/2022/06/01/women-taunton-labor-leader-female-preacer-salome-lincoln-gets-gravestone-after-180-years/9980801002/,0.001258562070395259
zlib,member,https://www.tauntongazette.com/story/news/politics/elections/local/2022/05/08/berkley-election-2022-selectman-george-miller-re-elected-proposition-2-1-2-debt-exclusion/9632891002/,0.0017317851981785567
zlib,member,https://www.tauntongazette.com/restricted/?return=https%3A%2F%2Fwww.tauntongazette.com%2Fstory%2Fbusiness%2Freal-estate%2F2022%2F05%2F23%2Freal-estate-second-unit-new-winthrop-st-duplex-taunton-sells-500-000-dighton-raynham%2F9838163002%2F,0.000698308300125364
zlib,member,https://www.tauntongazette.com/story/sports/high-school/2022/04/12/tuesdays-high-school-scores-d-r-girls-lacrosse-dominates-bourne/7298150001/,0.002096594374076817
zlib,member,https://www.tauntongazette.com/restricted/?return=https%3A%2F%2Fwww.tauntongazette.com%2Fstory%2Fsports%2Fhigh-school%2F2022%2F04%2F18%2Fhere-10-greater-taunton-boys-volleyball-players-watch-dighton-rehoboth%2F7339303001%2F,0.0006455876791677979
zlib,member,https://www.tauntongazette.com/story/lifestyle/faith/2022/05/04/raynham-st-anns-church-builds-beds-kids-need-homeless/9539482002/,0.0009138855188534273
zlib,member,https://www.tauntongazette.com/story/sports/high-school/soccer/2022/09/15/dighton-reboboth-boys-soccer-defeats-bourne-enters-new-era/10384608002/,0.0007797734333834882
zlib,member,https://www.tauntongazette.com/story/news/2022/06/06/taunton-kelly-clarkson-show-rawkstar-jon-jacobs-tv-television/9926812002/,0.0008567271148350843
zlib,member,https://www.tauntongazette.com/story/news/military/2022/06/13/bridgewater-native-blake-ruehrwein-rehoboth-monuments-man-art-army-reserves/9943100002/,0.0008420412590235525
zlib,member,https://www.tauntongazette.com/story/sports/high-school/basketball/2022/07/13/b-rs-seavey-inducted-into-new-agenda-northeast-hall-fame/10055762002/,0.0017088429087718585
zlib,member,https://www.tauntongazette.com/story/sports/high-school/softball/2022/08/14/taunton-softballs-consalvi-named-head-coach-bridgewater-state/10313829002/,0.0008021221060083968
zlib,member,https://www.tauntongazette.com/story/lifestyle/food/2022/04/11/national-grilled-cheese-day-ugly-duckling-riverhouse-frates-panera/9501847002/,0.0008029479020759778
zlib,member,https://www.tauntongazette.com/story/news/history/2022/08/08/taunton-then-and-now-staples-coal-cohannet-mills-winthrop-st-baptist/10191954002/,0.000852163420169483
zlib,member,https://www.tauntongazette.com/story/sports/youth/2022/08/04/taunton-tornadoes-u-10-softball-team-look-close-summer-top-coach-peter-buffington/10209404002/,0.0008530099479203061
zlib,member,https://www.tauntongazette.com/story/sports/high-school/football/2022/09/17/taunton-durfee-football-mansfield-high-school-september-17-2022/10412030002/,0.0007178818544131928
zlib,member,https://www.tauntongazette.com/story/news/education/graduation/2022/06/10/meet-dighton-rehoboth-regional-high-schools-top-10-graduates-2022/9732657002/,0.010687003704795759
zlib,member,https://www.tauntongazette.com/story/sports/high-school/softball/2022/06/11/raposos-home-run-helps-lead-d-r-softball-over-austin-prep/7592037001/,0.0008855894562158734
zlib,member,https://www.tauntongazette.com/story/sports/high-school/2022/05/20/fridays-high-school-scores-d-r-softball-soars-over-apponequet/9868477002/,0.0013218813647470086
zlib,member,https://www.tauntongazette.com/story/lifestyle/faith/2022/06/22/taunton-congregation-agudath-achim-synagogue-holds-pride-shabbat-2022/7678262001/,0.0013153866614366285
zlib,member,https://www.tauntongazette.com/story/lifestyle/food/2022/04/18/taunton-real-brazil-restaurant-and-market-churrasco-brazilian-barbecue-bbq-linguica-steak-tremont-st/7309271001/,0.0013475262725726495
zlib,member,https://www.tauntongazette.com/story/sports/high-school/football/2022/09/17/young-dighton-rehoboth-football-team-earns-win-over-austin-prep/10403746002/,0.0007932394063404618
zlib,member,https://www.tauntongazette.com/story/sports/high-school/2022/05/05/thursdays-high-school-scores-taunton-softball-trounces-milford/9668084002/,0.001075113803595679
zlib,member,https://www.tauntongazette.com/story/sports/high-school/2022/06/14/who-taunton-daily-gazette-player-week-june-6-12/7618976001/,0.0015292977346958547
zlib,member,https://www.tauntongazette.com/story/news/courts/2022/05/16/taunton-woman-fit-trial-unprovoked-stabbing-morton-hospital-employee/9767526002/,0.0016271681564735169
zlib,member,https://www.tauntongazette.com/story/lifestyle/pets/2022/08/28/pet-week-gregory-cat-rescue-taunton-animal-shelter/7903756001/,0.005418796260362838
zlib,member,https://www.tauntongazette.com/story/news/politics/2022/05/23/trump-spirit-fighting-theme-runs-through-ma-gop-convention-taunton-mayor-shaunna-oconnell/9890429002/,0.0012808309931718373
zlib,member,https://www.tauntongazette.com/story/sports/2022/07/25/taunton-high-school-football-field-track-lighting-turf-athletic-director-mark-ottavianelli/10105056002/,0.0020611091729099986
zlib,member,https://www.tauntongazette.com/story/sports/high-school/softball/2022/04/14/ava-venturelli-lets-loose-taunton-softball-wins-big/7314606001/,0.0006554450770107706
zlib,member,https://www.tauntongazette.com/story/news/crime/2022/08/02/ceo-taunton-based-dgp-miles-insurance-pleads-guilty-fraud-embezzlement/10200153002/,0.0016309407160899846
zlib,member,https://www.tauntongazette.com/story/lifestyle/pets/2022/07/17/pet-week-spencer-am-staff-rescue-taunton-animal-shelter/10068672002/,0.005426665301164697
zlib,member,https://www.tauntongazette.com/story/sports/high-school/softball/2022/04/29/taunton-dedicates-win-over-mansfield-late-jmu-softball-player/9580783002/,0.0008385021630225048
zlib,member,https://www.tauntongazette.com/story/sports/high-school/football/2022/09/06/dighton-rehoboth-football-hoping-gain-experience-young-squad/7946476001/,0.0008613958005593365
zlib,member,https://www.tauntongazette.com/story/sports/2022/05/02/taunton-native-marcus-santos-silva-signs-nfl-cleveland-browns/9622406002/,0.0025633831048432394
zlib,member,https://www.tauntongazette.com/story/news/local/2022/07/22/balloon-message-ny-summer-camp-lands-dighton-ma/10090121002/,0.0017142451539228526
zlib,member,https://www.tauntongazette.com/story/news/history/2022/05/05/arthur-cleveland-bent-taunton-renowned-ornithologist/9636526002/,0.0008595899786058205
zlib,member,https://www.tauntongazette.com/story/news/history/2022/07/08/women-taunton-silent-film-star-elsa-lorimers-lost-movies-gilded-dream/7826598001/,0.0008235314083504244
zlib,member,https://www.tauntongazette.com/story/news/2022/05/06/cedric-cromwell-convicted-bribery-case-related-taunton-first-light-casino/9671830002/,0.00035631402637186497
zlib,member,https://www.tauntongazette.com/story/sports/college/softball/2022/04/26/close-to-homecoming-taunton-highs-kelsey-white-villanova-softball-providence/7436647001/,0.0005830920228141743
zlib,member,https://www.tauntongazette.com/story/news/local/2022/08/07/tauntons-peter-b-gay-lodge-columbia-cultural-trust-scholarships-taunton-high-br-bp/10247465002/,0.005356829146583048
zlib,member,https://www.tauntongazette.com/restricted/?return=https%3A%2F%2Fwww.tauntongazette.com%2Fstory%2Fsports%2Fhigh-school%2Fbaseball%2F2022%2F04%2F11%2Fhere-20-greater-taunton-baseball-players-watch-spring%2F9488026002%2F,0.0006455876791677979
zlib,member,https://www.tauntongazette.com/story/sports/high-school/football/2022/09/09/taunton-new-bedford-football-september-9-2022/8045879001/,0.001561414712202637
zlib,member,https://www.tauntongazette.com/story/sports/youth/2022/07/26/berkley-soccer-grade-11-girls-win-division-ii-state-championship/10146548002/,0.0027958886713701225
zlib,member,https://www.tauntongazette.com/story/lifestyle/features/2022/04/05/curious-taunton-whats-like-our-sister-city-taunton-england/7250653001/,0.0007167796992802786
zlib,member,https://www.tauntongazette.com/story/news/environment/2022/08/18/taunton-heat-islands-downtown-hotter-due-concrete-lack-trees/10342297002/,0.0008721245126711399
zlib,member,https://www.tauntongazette.com/story/news/education/2022/06/14/taunton-b-p-freetown-join-bristol-plymouth-regional-technical-school-district/7552486001/,0.0016707493914180967
zlib,member,https://www.tauntongazette.com/story/news/local/2022/06/17/taunton-first-ever-pride-festival-june-11-2022-hopewell-park-lgbtq/7626898001/,0.00204616531714328
zlib,member,https://www.tauntongazette.com/story/news/local/2022/05/01/taunton-gazette-top-5-gillette-b-r-prom-parks-and-rec-kelsey-white/9587713002/,0.0011049320597356067
zlib,member,https://www.tauntongazette.com/story/sports/high-school/2022/09/09/taunton-bridgewater-raynham-bristol-plymouth-dighton-rehoboth-football-soccer-field-hockey-volleybal/8037356001/,0.002506717264060991
zlib,member,https://www.tauntongazette.com/story/news/drugs/marijuana/2022/05/27/taunton-cannabis-cultivation-grow-myles-standish-marijuana-greater-goods-odor-pot/9932225002/,0.0014266416328665816
zlib,member,https://www.tauntongazette.com/story/sports/2022/04/12/mondays-high-school-scores-wins-d-r-bp-girls-lacrosse-taunton-baseball-wins-undefeated-3-0/7286700001/,0.0011792368148666192
zlib,member,https://www.tauntongazette.com/restricted/?return=https%3A%2F%2Fwww.tauntongazette.com%2Fstory%2Fsports%2Fhigh-school%2Fsoftball%2F2022%2F06%2F17%2Fdi-softball-championship-preview-taunton-looks-defend-title%2F7653584001%2F,0.0006277595537445845
zlib,member,https://www.tauntongazette.com/story/sports/high-school/2022/05/19/thursdays-high-school-scores-taunton-baseball-tops-new-bedford/9849067002/,0.002058186101028341
zlib,member,https://www.tauntongazette.com/story/news/crime/2022/06/14/violent-armed-robbery-taunton-liquor-store-teenagers/7547639001/,0.001253471971086251
zlib,member,https://www.tauntongazette.com/restricted/?return=https%3A%2F%2Fwww.tauntongazette.com%2Fstory%2Fnews%2Ftraffic%2F2022%2F06%2F02%2Fraynham-traffic-safety-directed-patrols-route-44-138-laliberte-radar%2F7459981001%2F,0.0007455462715938173
zlib,member,https://www.tauntongazette.com/story/news/politics/elections/local/2022/04/10/dighton-election-selectman-brett-zografos-loses-peter-caron-rachel-goulart-leonard-hull/9518631002/,0.001725747204182146
zlib,member,https://www.tauntongazette.com/story/news/crime/2022/06/02/taunton-kevin-lennon-kbl-vending-machine-company-fraud-routes-randolph/9964627002/,0.0014523812334659777
zlib,member,https://www.tauntongazette.com/story/news/crime/2022/06/14/dighton-police-applicants-first-youth-police-academy-training-teens/7610328001/,0.0012114309083086732
zlib,member,https://www.tauntongazette.com/story/lifestyle/pets/2022/09/11/pet-week-frost-cat-taunton-animal-shelter-adoption-rescue/8037418001/,0.004863779376594597
zlib,member,https://www.tauntongazette.com/restricted/?return=https%3A%2F%2Fwww.tauntongazette.com%2Fstory%2Fsports%2Fhigh-school%2Fbaseball%2F2022%2F06%2F03%2Fhere-20-taunton-area-baseball-players-watch-postseason%2F7478307001%2F,0.0007455462715938173
zlib,member,https://www.tauntongazette.com/story/news/coronavirus/2022/08/01/gda-covid-19-state-2022-08-01-ma-ntdg/65387943007/,0.0003885587615391542
zlib,member,https://www.tauntongazette.com/story/lifestyle/pets/2022/07/03/pets-week-bonded-buddies-taunton-animal-shelter-cat-rescue/7787356001/,0.006411904314082673
zlib,member,https://www.tauntongazette.com/restricted/?return=https%3A%2F%2Fwww.tauntongazette.com%2Fstory%2Fnews%2Fgood-news%2F2022%2F06%2F10%2Ftaunton-quadruplets-ashley-ness-expecting-2-pairs-identical-twins-spontaneous-natural%2F9926790002%2F,0.0006617710710222637
zlib,member,https://www.tauntongazette.com/restricted/?return=https%3A%2F%2Fwww.tauntongazette.com%2Fstory%2Fnews%2Fenvironment%2F2022%2F04%2F15%2Ftaunton-aries-gasification-rfp-city-solicitor-matthew-costa-sludge-pfas-landfill-law-department%2F7308483001%2F,0.0006455876791677979
zlib,member,https://www.tauntongazette.com/story/news/local/2022/09/04/taunton-gazette-top-5-tom-and-jimmys-paul-monti-epa-outlaws-verdict/7974572001/,0.0010187742543813843
zlib,member,https://www.tauntongazette.com/story/news/2022/09/08/taunton-salute-peter-corr-retired-police-officer-taunton-school-committee-bristol-plymouth-tmlp/7959671001/,0.0010839257763864962
zlib,member,https://www.tauntongazette.com/story/news/education/2022/05/27/taunton-high-school-teen-ted-talk-club-kids-mental-health-children-students/9793978002/,0.0008872541660184633
zlib,member,https://www.tauntongazette.com/story/sports/high-school/softball/2022/05/06/lynch-krockta-lead-high-powered-taunton-softball-offense-over-foxboro/9682372002/,0.0007364980651501761
zlib,member,https://www.tauntongazette.com/story/sports/high-school/football/2022/04/27/b-ps-bill-moan-inducted-into-mhsfca-hall-fame/7449548001/,0.001412215719571417
zlib,member,https://www.tauntongazette.com/story/news/local/2022/06/23/berkley-town-administrator-heather-martin-sterling-resigns-accountant-katherine-avila-nickelson/7709859001/,0.002554975947267747
zlib,member,https://www.tauntongazette.com/restricted/?return=https%3A%2F%2Fwww.tauntongazette.com%2Fstory%2Fbusiness%2Freal-estate%2F2022%2F06%2F20%2Freal-estate-taunton-duplex-weir-sells-just-under-600-000-property-transfers-dighton-raynham-berkley%2F7646205001%2F,0.0006277595537445845
zlib,member,https://www.tauntongazette.com/story/entertainment/local/2022/05/17/lgbtq-drag-queen-reads-kids-taunton-public-library-story-hour/9778301002/,0.002093055980732028
zlib,member,https://www.tauntongazette.com/restricted/?return=https%3A%2F%2Fwww.tauntongazette.com%2Fstory%2Fnews%2Fhomelessness%2F2022%2F05%2F26%2Ftaunton-homeless-shelter-samaritan-house-intoxicated-residents-sober-paul-mccarty-ingell-street%2F9853542002%2F,0.0006835451458833184
zlib,member,https://www.tauntongazette.com/story/sports/2022/09/14/taunton-high-home-games-moved-work-wraps-up-new-sports-facilities/10379120002/,0.0025506290051178523
zlib,member,https://www.tauntongazette.com/story/news/crime/2022/05/20/berkley-horse-breeder-gary-bolger-arraigned-animal-cruelty-rescue-league-bail-ponies/9838390002/,0.001837113589604938
zlib,member,https://www.tauntongazette.com/story/news/environment/2022/09/01/taunton-epa-ethylene-oxide-gas-cancer-carcinogen-professional-contract-sterilization-pcs-myles/7867302001/,0.0007737301104548308
zlib,member,https://www.tauntongazette.com/story/news/local/2022/08/14/taunton-top-stories-star-club-beatles-sports-betting-d-r-vote/10310653002/,0.0013859083308652386
zlib,member,https://www.tauntongazette.com/story/news/local/2022/05/22/taunton-top-news-stories-nurse-strike-drag-queen-story-hour/9858263002/,0.0011028159461572364
zlib,member,https://www.tauntongazette.com/story/sports/high-school/2022/05/13/fridays-high-school-sports-deponte-breaks-ths-girls-two-mile-record/9770298002/,0.0014971526148808104
zlib,member,https://www.tauntongazette.com/story/news/local/2022/07/29/raynham-town-administrator-dartmouth-gregory-w-barnes-ta/10167411002/,0.0008879474696186163
zlib,member,https://www.tauntongazette.com/story/sports/high-school/2022/04/26/who-taunton-daily-gazette-player-week-april-18-23/7444148001/,0.0012569849538578335
zlib,member,https://www.tauntongazette.com/story/news/history/2022/09/07/curious-taunton-second-oldest-tree-massachusetts-european-beech-winthrop-street/7989563001/,0.0016030802723798997
zlib,member,https://www.tauntongazette.com/restricted/?return=https%3A%2F%2Fwww.tauntongazette.com%2Fstory%2Fnews%2Fdrugs%2Fmarijuana%2F2022%2F04%2F20%2Ftaunton-montel-williams-tv-host-freshly-baked-cannabis-marijuana-vapes-inspire%2F7330683001%2F,0.0006455876791677979
zlib,member,https://www.tauntongazette.com/story/news/education/2022/06/04/meet-bristol-plymouth-regional-technical-schools-top-10-graduates-2022/9960983002/,0.0006861238412710149
zlib,member,https://www.tauntongazette.com/story/news/2022/04/24/raynham-dojo-promotes-73-year-old-student-black-belt/7294157001/,0.0008258723794548873
zlib,member,https://www.tauntongazette.com/story/sports/high-school/2022/05/03/who-taunton-daily-gazette-player-week-april-25-may-1/9625544002/,0.0011427394298920875
zlib,member,https://www.tauntongazette.com/story/news/local/2022/05/26/greater-taunton-memorial-day-2022-events-observances-parades-more/9933106002/,0.0009045872317749876
zlib,member,https://www.tauntongazette.com/restricted/?return=https%3A%2F%2Fwww.tauntongazette.com%2Fstory%2Flifestyle%2Ffood%2F2022%2F06%2F07%2Fraynham-restaurant-seafood-cones-broadway-ice-cream-lobster-burgers-fish-scallops%2F7471543001%2F,0.0007455462715938173
zlib,member,https://www.tauntongazette.com/story/news/local/2022/06/28/leoncello-boxing-gym-owner-looks-help-addicts-kids-through-fitness-raynham-brockton-west-bridgewater/7535378001/,0.000966909807512828
zlib,member,https://www.tauntongazette.com/restricted/?return=https%3A%2F%2Fwww.tauntongazette.com%2Fstory%2Fnews%2Fenvironment%2F2022%2F06%2F02%2Ftaunton-lake-sabbatia-invasive-weeds-milfoil-fanwort-water-chestnut-sonar-herbicide%2F9895021002%2F,0.0007455462715938173
zlib,member,https://www.tauntongazette.com/story/news/local/2022/08/21/taunton-stop-stories-nancy-quill-joe-nugent-carrie-consalvi-emu/7846200001/,0.0014702035745647183
zlib,member,https://www.tauntongazette.com/story/news/politics/elections/state/2022/08/26/taunton-area-early-voting-times-locations-ma-state-primary/7888315001/,0.0012910858997763472
zlib,member,https://www.tauntongazette.com/story/sports/high-school/2022/05/24/who-taunton-daily-gazette-player-week-may-16-21/9907450002/,0.001121584655987996
zlib,member,https://www.tauntongazette.com/story/sports/high-school/baseball/2022/06/10/big-first-inning-propels-dighton-rehoboth-over-north-reading/7576854001/,0.0006557483222462082
zlib,member,https://www.tauntongazette.com/story/entertainment/local-celebrity/2022/08/15/radio-dj-raynham-native-nancy-quill-ma-broadcasters-hall-fame/10245334002/,0.0006704156410042035
zlib,member,https://www.tauntongazette.com/story/news/local/2022/05/04/berkley-animal-rescue-league-horse-breeder-animal-cruelty-ponies-gary-bolger/9633574002/,0.0015634829340031514
zlib,member,https://www.tauntongazette.com/story/news/education/graduation/2022/06/05/taunton-high-school-kayla-parrett-microbiology-harvard-university-ivy-league/7488778001/,0.0011171336562056863
zlib,member,https://www.tauntongazette.com/story/sports/high-school/baseball/2022/05/03/taunton-baseball-bounces-back-strong-outing-macdougall/9624058002/,0.0008096798557069387
zlib,member,https://www.tauntongazette.com/story/news/local/2022/09/11/taunton-gazette-top-5-stories-oldest-tree-d-r-football-leonard-school/8027007001/,0.0013188192277823715
zlib,member,https://www.tauntongazette.com/story/sports/high-school/baseball/2022/07/25/taunton-baseball-honored-for-winning-their-second-title-in-three-years-at-fenway-park/10137848002/,0.0011956423868013661
zlib,member,https://www.tauntongazette.com/story/news/education/2022/06/14/taunton-public-schools-arpa-covid-pandemic-money-technology-internet-laptops/7452776001/,0.0008829699315970389
zlib,member,https://www.tauntongazette.com/story/business/2022/04/04/pro-wrestler-opens-new-gaming-and-collectibles-shop-taunton/7228719001/,0.0011179878546352764
zlib,member,https://www.tauntongazette.com/story/sports/high-school/softball/2022/06/17/taunton-high-softball-team-hype-chain-jewelry-teamwork/7650497001/,0.0009942899095367111
zlib,member,https://www.tauntongazette.com/story/news/education/2022/08/24/taunton-area-back-school-start-dates-2022-dighton-raynham-berkley-bristol-aggie-connolly/7877288001/,0.0032512197871025707
zlib,member,https://www.tauntongazette.com/restricted/?return=https%3A%2F%2Fwww.tauntongazette.com%2Fstory%2Fnews%2Ffire%2F2022%2F06%2F16%2Ffirefighting-fire-hydrants-cistern-fire-department%2F7567018001%2F,0.0006617710710222637
zlib,member,https://www.tauntongazette.com/story/sports/high-school/2022/04/22/fridays-high-school-scores-taunton-baseball-tames-attleboro/7420163001/,0.001149818531713724
zlib,member,https://www.tauntongazette.com/story/sports/high-school/softball/2022/06/07/aldrich-leads-taunton-softballs-offensive-onslaught-over-newton-south/7541810001/,0.0009087804658752655
zlib,member,https://www.tauntongazette.com/restricted/?return=https%3A%2F%2Fwww.tauntongazette.com%2Fstory%2Fbusiness%2Freal-estate%2F2022%2F05%2F02%2Freal-estate-taunton-home-flipped-resold-almost-double-price%2F9574052002%2F,0.00042304941648189573
zlib,member,https://www.tauntongazette.com/story/news/politics/government/2022/07/14/conflict-interest-law-whittenton-hardware-stops-selling-taunton/7609655001/,0.0009459778931511985
zlib,member,https://www.tauntongazette.com/story/news/education/graduation/2022/06/11/meet-taunton-high-schools-top-10-graduates-2022/7500666001/,0.0006135559885797567
zlib,member,https://www.tauntongazette.com/story/news/education/2022/05/12/taunton-deca-students-top-fundraisers-muscular-dystrophy-association/9661696002/,0.0008465729753538174
zlib,member,https://www.tauntongazette.com/story/news/local/2022/06/21/state-community-compact-cabinet-municipal-grant-for-taunton-expected-to-benefit-water-customers/7584915001/,0.002163847991752774
zlib,member,https://www.tauntongazette.com/story/sports/2022/04/14/wednesdays-scores-big-wins-d-r-bp-baseball-b-r-d-r-softball/7315890001/,0.0016193865354322534
zlib,member,https://www.tauntongazette.com/restricted/?return=https%3A%2F%2Fwww.tauntongazette.com%2Fstory%2Fnews%2Fpolitics%2F2022%2F06%2F17%2Fraynham-town-administrator-graham-waters-leaves-fire-chief-bryan-lacivita-interim%2F7642879001%2F,0.0006277595537445845
zlib,member,https://www.tauntongazette.com/story/news/education/2022/05/26/taunton-dighton-rehoboth-bridgewater-raynham-berkley-schools-texas-uvalde-shooting/9926000002/,0.0006100920526263813
zlib,member,https://www.tauntongazette.com/story/business/2022/07/21/taunton-east-rentals-bsu-student-kids-party-business-cassidy-andrade-bridgewater-state-university/10049739002/,0.00105507575326977
zlib,member,https://www.tauntongazette.com/story/news/local/2022/06/26/taunton-gazette-top-5-grilla-greek-kouzina-berkley-raynham-black-bear/7726310001/,0.0012189660002003453
zlib,member,https://www.tauntongazette.com/story/sports/high-school/soccer/2022/08/26/former-coyle-boys-coach-dan-borges-lead-taunton-high-girls-soccer/7880893001/,0.0007810960355883401
zlib,member,https://www.tauntongazette.com/story/sports/2022/04/08/d-r-girls-lacrosse-taunton-volleyball-notch-big-wins-thursday/9509023002/,0.0013228099731175285
zlib,member,https://www.tauntongazette.com/story/sports/high-school/2022/05/24/tuesdays-high-school-scores-raposo-hits-150-ks-win-over-seekonk/9919165002/,0.0018283483534438033
zlib,member,https://www.tauntongazette.com/story/news/local/2022/08/28/taunton-top-stories-back-school-dan-borges-coach-city-clerk/7905802001/,0.001201996431858509
zlib,member,https://www.tauntongazette.com/story/entertainment/2022/05/25/taunton-tom-petty-tribute-band-breakers-play-cape-cod-melody-tent/9794027002/,0.0008582204018041426
zlib,member,https://www.tauntongazette.com/story/sports/high-school/2022/09/18/b-p-football-b-r-girls-soccer-september-17-2022/10422783002/,0.0036024750724607457
zlib,member,https://www.tauntongazette.com/restricted/?return=https%3A%2F%2Fwww.tauntongazette.com%2Fstory%2Fnews%2Feducation%2F2022%2F06%2F13%2Fdighton-rehoboth-high-school-bullets-gun-graffiti-led-lockdowns%2F7553894001%2F,0.0006617710710222637
zlib,member,https://www.tauntongazette.com/story/sports/high-school/2022/05/27/fridays-high-school-scores-krockta-leads-taunton-over-newton-north/9967455002/,0.000716275103543373
zlib,member,https://www.tauntongazette.com/story/sports/high-school/2022/05/09/mondays-high-school-scores-taunton-girls-lacrosse-earns-first-win/9712881002/,0.0012992005395389724
zlib,member,https://www.tauntongazette.com/story/sports/2022/04/07/wednesdays-high-school-scores-d-r-volleyball-b-p-boys-tennis-win/9494679002/,0.0045479224381258605
zlib,member,https://www.tauntongazette.com/story/sports/high-school/2022/05/23/captain-falcon-d-rs-eliana-raposo-leader-and-off-field-dighton-rehoboth-softball-st-thomas-aquinas/9859522002/,0.00048543283022340613
zlib,member,https://www.tauntongazette.com/restricted/?return=https%3A%2F%2Fwww.tauntongazette.com%2Fstory%2Fsports%2Fhigh-school%2F2022%2F04%2F04%2Fhere-2021-22-taunton-daily-gazette-hockey-all-scholastics%2F7211770001%2F,0.0006455876791677979
zlib,member,https://www.tauntongazette.com/story/news/2022/09/08/restaurants-taunton-berkley-seek-workers-as-dining-rises-with-easing-of-covid-restrictions/7930421001/,0.0012160032131266767
zlib,member,https://www.tauntongazette.com/story/news/2022/06/17/taunton-residents-invited-to-honor-our-military-in-recognition-of-ptsd-month/7639824001/,0.0015680724332788004
zlib,member,https://www.tauntongazette.com/story/news/education/2022/06/08/dighton-rehoboth-high-school-threat-bullets-found-d-r-bathroom/7562165001/,0.0014752258847920323
zlib,member,https://www.tauntongazette.com/story/sports/college/softball/2022/04/28/tight-knit-d-r-softball-soars-over-bourne/9565836002/,0.0007222082849582754
zlib,member,https://www.tauntongazette.com/story/news/education/2022/06/08/taunton-e-pole-elementary-school-crossing-guard-rick-spearin-honored-award-massdot-safe-routes/7500018001/,0.001989238487864394
zlib,member,https://www.tauntongazette.com/story/news/environment/2022/08/12/raynham-center-water-district-pfas-residents-warned-drinking-water-chemicals/10291896002/,0.0007912704053261138
zlib,member,https://www.tauntongazette.com/story/news/history/2022/04/26/taunton-landscape-architect-frederick-law-olmsteds-200th-anniversary/7325057001/,0.0006166787176481189
zlib,member,https://www.tauntongazette.com/story/news/local/2022/04/04/taunton-store-dressed-up-blue-yellow-and-white-ukraine/7243729001/,0.0021066554539853973
zlib,member,https://www.tauntongazette.com/story/news/fire/2022/06/23/taunton-ma-electrocution-man-dies-415-danforth-street/7711332001/,0.002486307807389913
zlib,member,https://www.tauntongazette.com/story/news/local/2022/06/28/friends-create-engayge-social-media-app-cater-lgbtq-community-somerset-dighton/7721617001/,0.0007063097873136483
zlib,member,https://www.tauntongazette.com/story/sports/high-school/2022/04/21/thursdays-high-school-scores-b-r-baseball-wins-pnhs-tournament/7401592001/,0.0012113059687389217
zlib,member,https://www.tauntongazette.com/story/news/local/2022/05/23/second-annual-downtown-art-jam-draws-crowd-taunton-green-2022/9876016002/,0.0017793939748864918
zlib,member,https://www.tauntongazette.com/story/sports/high-school/2022/09/13/taunton-daily-gazette-player-week-sept-5-10-bridgewater-raynham-bristol-plymouth-dighton-rehoboth/10363911002/,0.001204113559129177
zlib,member,https://www.tauntongazette.com/story/lifestyle/pets/2022/06/19/pet-week-bella-lab-shepherd-taunton-dog-adoption-pet-rescue/7659231001/,0.004452076197105923
zlib,member,https://www.tauntongazette.com/story/news/local/2022/06/23/taunton-holds-third-annual-juneteenth-celebration-2022/7684249001/,0.0008230132264313637
zlib,member,https://www.tauntongazette.com/story/lifestyle/pets/2022/04/03/pet-week-leo-dog-adoption-hound-am-staff-taunton-animal-rescue/7244204001/,0.0038767483239296454
zlib,member,https://www.tauntongazette.com/story/news/local/2022/06/14/dighton-lgbtq-pride-flag-maura-healey-approves-bylaw-amendments-town-hall-attorney-general/7534434001/,0.0017257929966567173
zlib,member,https://www.tauntongazette.com/story/sports/high-school/2022/04/18/mondays-high-school-scores-d-r-baseball-boys-lacrosse-earn-wins/7361813001/,0.002375555366364866
zlib,member,https://www.tauntongazette.com/story/news/history/2022/06/13/raynham-milk-bottle-history-novelty-architecture-roadside-pop/7554688001/,0.0012199508506254336
zlib,member,https://www.tauntongazette.com/story/sports/2022/04/26/first-opening-day-ceremony-years-for-taunton-girls-softball-league-saturday/7429253001/,0.001131200954853268
zlib,member,https://www.tauntongazette.com/story/sports/college/softball/2022/05/03/taunton-native-jaylin-couto-named-ccc-softball-pitcher-week/9637386002/,0.0020533272762038126
zlib,member,https://www.tauntongazette.com/story/sports/high-school/2022/05/03/tuesdays-high-school-scores-taunton-girls-track-snags-win-milford/9636096002/,0.001380434850061802
zlib,member,https://www.tauntongazette.com/story/sports/high-school/softball/2022/06/17/back-back-taunton-claims-d-1-title-thriller-peabody/7666385001/,0.0005746572372210715
zlib,member,https://www.tauntongazette.com/story/sports/high-school/2022/04/29/fridays-high-school-scores-d-rs-raposo-leads-charge-over-apponequet/9590890002/,0.0014028408554814065
zlib,member,https://www.tauntongazette.com/story/news/local/2022/05/13/morton-hospital-nurses-taunton-authorize-three-day-strike/9751638002/,0.0013471208626186502
zlib,member,https://www.tauntongazette.com/story/lifestyle/health-fitness/2022/04/27/new-raynham-athletic-club-program-young-adults-developmental-disabilities/7399974001/,0.000837220426798338
zlib,member,https://www.tauntongazette.com/story/sports/high-school/track-field/2022/05/16/dighton-rehoboth-high-school-track-being-repaired-spring/9705691002/,0.0010404015729863281
zlib,member,https://www.tauntongazette.com/story/sports/high-school/2022/09/16/sports-highlights-friday-b-p-volleyball-players-aces-despite-loss/10399748002/,0.0016927498488785917
zlib,member,https://www.tauntongazette.com/restricted/?return=https%3A%2F%2Fwww.tauntongazette.com%2Fstory%2Fnews%2Fenvironment%2F2022%2F06%2F21%2Ftaunton-massasoit-state-park-invasive-weeds-big-bearhole-pond-lake-rico%2F7659441001%2F,0.0009465055677502668
zlib,member,https://www.tauntongazette.com/restricted/?return=https%3A%2F%2Fwww.tauntongazette.com%2Fstory%2Fnews%2Flocal%2F2022%2F04%2F12%2Ftaunton-zoning-lot-sizes-smaller-planning-board-city-council-high-rents-affordable-housing%2F9501110002%2F,0.0006455876791677979
zlib,member,https://www.tauntongazette.com/story/news/local/2022/06/19/taunton-gazette-top-5-taunton-river-trail-milk-bottle-monuments-men/7661287001/,0.0012092410003783306
zlib,member,https://www.tauntongazette.com/story/news/education/2022/06/20/raynham-town-election-bristol-plymouth-debt-exclusion-vote-june-28-2022-new-school-construcition-bp/7654613001/,0.0012872358825613554
zlib,member,https://www.tauntongazette.com/story/news/education/2022/05/24/bristol-plymouth-grad-headed-dartmouth/9809051002/,0.0010508285448528939
zlib,member,https://www.tauntongazette.com/story/sports/high-school/2022/06/06/mondays-high-school-playoff-scores-b-r-softball-shuts-down-lexington/7540912001/,0.0015602353447344533
zlib,member,https://www.tauntongazette.com/story/lifestyle/food/2022/06/03/10-taunton-area-restaurants-celebrate-national-veggie-burger-day/7490764001/,0.0008235311660304707
zlib,member,https://www.tauntongazette.com/story/news/crime/2022/07/30/dighton-police-lt-sean-cronin-chief-robert-mcdonald-retire/10185597002/,0.001524566969474887
zlib,member,https://www.tauntongazette.com/story/news/local/2022/05/15/taunton-top-stories-rescued-ponies-puddle-jumper-quilts-cannabis-odor-dighton-rehoboth-district/9764106002/,0.0012524439042635158
zlib,member,https://www.tauntongazette.com/story/sports/high-school/2022/05/11/wednesdays-high-school-scores-venturelli-leads-taunton-over-franklin/9736402002/,0.0009576205061990016
zlib,member,https://www.tauntongazette.com/restricted/?return=https%3A%2F%2Fwww.tauntongazette.com%2Fstory%2Fbusiness%2Freal-estate%2F2022%2F06%2F13%2Freal-estate-berkley-home-dates-1750-sells-713-000-property-transfers-taunton-raynham-dighton%2F7570558001%2F,0.0006617710710222637
zlib,member,https://www.tauntongazette.com/story/news/local/2022/09/15/taunton-boys-girls-club-metro-south-wave-headbands-prevent-drowning-detection/10360441002/,0.0015083430552262679
zlib,member,https://www.tauntongazette.com/restricted/?return=https%3A%2F%2Fwww.tauntongazette.com%2Fstory%2Fbusiness%2Freal-estate%2F2022%2F05%2F16%2Freal-estate-taunton-colonial-harvest-wood-dr-sells-685-000%2F9750065002%2F,0.00042304941648189573
zlib,member,https://www.tauntongazette.com/story/sports/high-school/2022/05/08/weekend-high-school-scores-sophomores-lead-b-r-boys-lax-over-canton/9700366002/,0.0016525689314126999
zlib,member,https://www.tauntongazette.com/story/sports/high-school/football/2022/08/22/top-questions-greater-taunton-high-school-football-2022-season/7847826001/,0.0007452016980601141
zlib,member,https://www.tauntongazette.com/restricted/?return=https%3A%2F%2Fwww.tauntongazette.com%2Fstory%2Fsports%2Fhigh-school%2Fsoftball%2F2022%2F06%2F06%2Fhere-15-taunton-area-softball-players-watch-postseason%2F7527401001%2F,0.0007455462715938173
zlib,member,https://www.tauntongazette.com/story/sports/high-school/2022/04/28/thursdays-high-school-scores-b-r-softball-blows-past-brockton/9579594002/,0.0012611212251511642
zlib,member,https://www.tauntongazette.com/story/sports/high-school/baseball/2022/04/19/high-school-baseball-durfee-taunton-evan-cali-tigers/7370663001/,0.0010983532180188302
zlib,member,https://www.tauntongazette.com/story/news/education/2022/08/04/dighton-rehoboth-dr-special-town-meeting-withdrawing-k-8-wealth-factor-state-aid-budget-assessment/10225997002/,0.0009889011734086862
zlib,member,https://www.tauntongazette.com/restricted/?return=https%3A%2F%2Fwww.tauntongazette.com%2Fstory%2Fbusiness%2Freal-estate%2F2022%2F04%2F11%2Freal-estate-taunton-two-family-home-whittneton-renovated-resold-double-price-dighton-berkley-raynham%2F9502293002%2F,0.0006455876791677979
zlib,member,https://www.tauntongazette.com/story/news/2022/06/09/former-taunton-middle-school-student-its-new-principal/7570708001/,0.001593854246113141
zlib,member,https://www.tauntongazette.com/story/news/local/2022/05/08/taunton-gazette-top-stories-marcus-santos-silva-nfl-real-estate/9680799002/,0.0014228918263669763
zlib,member,https://www.tauntongazette.com/story/business/2022/08/08/raynham-park-to-offer-betting-on-pro-sports-greyhound-races-thoroughbred-racing-harness-racing/10223531002/,0.001542078779131363
zlib,member,https://www.tauntongazette.com/story/sports/high-school/2022/09/15/peters-thayer-lead-b-r-golf-rare-win-over-xaverian/10389651002/,0.0018366534279300425
zlib,member,https://www.tauntongazette.com/story/sports/high-school/2022/04/09/taunton-softball-plates-29-runs-pitchers-combine-for-no-hitter/9520866002/,0.001382700690524928
zlib,member,https://www.tauntongazette.com/story/sports/high-school/softball/2022/06/11/big-bats-solid-pitching-powers-taunton-softball-past-central-catholic/7590572001/,0.0007871788182909991
zlib,member,https://www.tauntongazette.com/story/news/local/2022/08/18/taunton-food-banks-tackle-growing-food-requests-caused-by-rising-costt-of-living/10343021002/,0.0008754136500595633
zlib,member,https://www.tauntongazette.com/story/news/traffic/2022/06/28/taunton-upgrade-downtown-crosswalks-main-street-mass-dot-shared-streets-grant-school-trescott-cedar/7653234001/,0.0013583228169636531
zlib,member,https://www.tauntongazette.com/story/sports/high-school/football/2022/09/01/young-revamped-bristol-plymouth-football-team-rebuilds-2022-season-taunton/7942923001/,0.0007865246805283059
zlib,member,https://www.tauntongazette.com/story/news/healthcare/2022/07/05/lakeville-cancer-fred-candyman-reagan-fundraising-machine-hilliards-chocolate-jimmy-fund-dana-farber/7765381001/,0.001077812226426796
zlib,member,https://www.tauntongazette.com/story/sports/2022/04/14/high-school-scores-bp-baseball-wins-again-first-win-taunton-boys-tennis/7326545001/,0.002495497111826963
zlib,member,https://www.tauntongazette.com/story/sports/high-school/2022/06/03/fridays-high-school-scores-two-taunton-runners-meet-champions/7509925001/,0.0019205140536032225
zlib,member,https://www.tauntongazette.com/story/sports/2022/04/05/monday-scores-d-r-b-p-softball-taunton-baseball-win-season-openers/9467272002/,0.0013329003019167535
zlib,member,https://www.tauntongazette.com/story/lifestyle/pets/2022/06/05/pet-week-remi-am-staff-dog-taunton-animal-shelter-rescue/7501433001/,0.0036545942209258997
zlib,member,https://www.tauntongazette.com/story/special/2022/08/18/boston-tavern-middleboro-hosts-little-league-world-series-watch-party/10346816002/,0.0015764109440764517
zlib,member,https://www.tauntongazette.com/story/sports/high-school/baseball/2022/06/11/bridgewater-raynham-baseball-bows-out-franklin-elite-eight/7599839001/,0.0024023052367324513
zlib,member,https://www.tauntongazette.com/story/news/local/2022/04/03/top-stories-police-staffing-bennys-vargas-murders-aries/7245302001/,0.0011864699035440006
zlib,member,https://www.tauntongazette.com/story/sports/high-school/baseball/2022/05/01/d-r-celebrates-cuthbertsons-600th-win-all-around-effort-601/9593800002/,0.0006035754094835263
zlib,member,https://www.tauntongazette.com/story/news/local/2022/08/08/raynham-police-and-fire-still-waiting-new-public-safety-building/10234123002/,0.001235529014573499
zlib,member,https://www.tauntongazette.com/story/news/education/2022/07/13/old-colony-ymca-camp-taunton-children-field-trips-water-wizz-blue-hills-museum-of-science-newport/10017455002/,0.0010560607619766857
zlib,member,https://www.tauntongazette.com/story/news/politics/government/2022/04/28/2020-federal-census-taunton-voting-precinct-lines-have-changed/9556638002/,0.0026726643685286685
zlib,member,https://www.tauntongazette.com/story/sports/high-school/softball/2022/05/10/larson-goes-distance-but-taunton-softball-falls-short-kp/9713212002/,0.0008955875826270153
zlib,member,https://www.tauntongazette.com/story/sports/high-school/2022/05/26/thursdays-high-school-scores-b-p-comes-back-over-west-bridgewater/9953127002/,0.0014252984486762261
zlib,member,https://www.tauntongazette.com/restricted/?return=https%3A%2F%2Fwww.tauntongazette.com%2Fstory%2Fnews%2Flocal%2F2022%2F05%2F12%2Fconstruction-of-sports-simulcasting-facility-at-raynham-park-begins%2F9620945002%2F,0.00042304941648189573
zlib,member,https://www.tauntongazette.com/restricted/?return=https%3A%2F%2Fwww.tauntongazette.com%2Fstory%2Fnews%2Flocal%2F2022%2F05%2F06%2Ftaunton-union-block-new-apartments-impact-parking-downtown%2F9664108002%2F,0.00042304941648189573
zlib,member,https://www.tauntongazette.com/story/sports/high-school/2022/05/02/mondays-high-school-scores-b-r-baseball-earns-sixth-shutout/9624473002/,0.0010911060161573891
zlib,member,https://www.tauntongazette.com/story/sports/high-school/baseball/2022/06/07/super-cali-bros-cali-brothers-cousin-help-lift-taunton-over-waltham/7541598001/,0.0007201120901903896
zlib,member,https://www.tauntongazette.com/story/sports/college/basketball/2022/07/08/tauntons-doug-alves-signs-division-ii-francis-marion-university/7825438001/,0.0015157268568579232
zlib,member,https://www.tauntongazette.com/story/news/history/2022/08/05/curious-taunton-big-bands-once-packed-historic-roseland-ballroom/10043459002/,0.0008380616038449019
zlib,member,https://www.tauntongazette.com/story/sports/high-school/baseball/2022/06/08/clutch-hits-solid-pitching-earn-taunton-baseball-win-over-natick/7558149001/,0.000703117011403574
zlib,member,https://www.tauntongazette.com/story/sports/high-school/2022/05/01/weekend-high-school-scores-b-r-girls-lax-rallies-past-bishop-stang/9611890002/,0.0023682512446731767
zlib,member,https://www.tauntongazette.com/story/sports/high-school/baseball/2022/06/11/taunton-baseball-shuts-out-braintree-advance-final-four/7595541001/,0.0006421239995551907
zlib,member,https://www.tauntongazette.com/story/sports/high-school/2022/05/18/wednesdays-high-school-scores-mendonca-leads-taunton-over-mansfield/9833177002/,0.0011046366944766006
zlib,member,https://www.tauntongazette.com/story/news/education/2022/05/10/taunton-drag-queen-story-hour-lgbtq-storytime-children-library-pride/9690148002/,0.0014779554506815147
zlib,member,https://www.tauntongazette.com/story/news/crime/2022/07/29/attorney-prepares-defense-berkley-horse-breeder-charged-animal-cruelty/10156526002/,0.0014362067316534245
zlib,member,https://www.tauntongazette.com/story/news/politics/2022/07/12/taunton-roe-v-wade-day-action-rally-green/10025663002/,0.0009100464764302974
zlib,member,https://www.tauntongazette.com/story/business/2022/08/31/tauntons-tom-and-jimmys-replace-peaceful-meadows-middleboro-ice-cream/7937528001/,0.0008877855718681433
zlib,member,https://www.tauntongazette.com/story/news/education/graduation/2022/06/04/dighton-bristol-aggie-valedictorian-noah-hanson-study-wildlife/7455092001/,0.001006264534244224
zlib,member,https://www.tauntongazette.com/restricted/?return=https%3A%2F%2Fwww.tauntongazette.com%2Fstory%2Fbusiness%2Freal-estate%2F2022%2F04%2F25%2Freal-estate-condo-tauntons-somerset-gardens-sells-238-000-property-transfers-raynham-dighton%2F7400306001%2F,0.0006455876791677979
zlib,member,https://www.tauntongazette.com/story/sports/high-school/football/2022/09/09/bristol-plymouth-old-colony-football-september-9-2022/8040271001/,0.0017138362673634288
zlib,member,https://www.tauntongazette.com/restricted/?return=https%3A%2F%2Fwww.tauntongazette.com%2Fstory%2Flifestyle%2Ffood%2F2022%2F05%2F05%2Ftaunton-off-broadway-mimis-diner-replaces-downtown-restaurant-green%2F9613069002%2F,0.00042304941648189573
zlib,member,https://www.tauntongazette.com/restricted/?return=https%3A%2F%2Fwww.tauntongazette.com%2Fstory%2Fnews%2Flocal%2F2022%2F04%2F26%2Frepairs-expensive-taunton-centuries-old-historic-fire-stations%2F7356816001%2F,0.0007096171536574255
zlib,member,https://www.tauntongazette.com/story/news/local/2022/08/26/taunton-police-want-longer-school-safety-zone-williams-street-near-parker-middle-school-curb-speedin/7887116001/,0.0014402927691552683
zlib,member,https://www.tauntongazette.com/story/sports/high-school/2022/04/25/mondays-high-school-scores-d-r-softball-rolls-over-old-rochester/7448535001/,0.0011133064730395772
zlib,member,https://www.tauntongazette.com/story/news/local/2022/07/31/taunton-gazette-top-5-fedex-malis-message-balloon-dighton/10184011002/,0.0013051333959811775
zlib,member,https://www.tauntongazette.com/story/sports/high-school/2022/05/12/thursdays-high-school-scores-b-p-baseball-bests-blue-hills/9754580002/,0.001458264794322809
zlib,member,https://www.tauntongazette.com/story/sports/high-school/2022/05/31/who-taunton-daily-gazette-player-week-may-23-28/7453553001/,0.0010685836492749427
zlib,member,https://www.tauntongazette.com/story/sports/high-school/baseball/2022/06/12/watts-shuts-out-arlington-catholic-seal-d-rs-spot-final-four/7604284001/,0.0006687698764559379
zlib,member,https://www.tauntongazette.com/story/sports/high-school/2022/09/13/taunton-girls-cross-countrys-dunham-finishes-first-vs-king-philip/10372600002/,0.0014899567569973684
zlib,member,https://www.tauntongazette.com/story/news/local/2022/05/11/berkley-mspca-rescued-ponies-adoption-farm-horses-abuse-neglect-gary-bolger-animal-cruelty/9664881002/,0.0010329016662010177
zlib,member,https://www.tauntongazette.com/story/sports/high-school/baseball/2022/04/26/macdougall-powers-balanced-taunton-baseball-clash-tigers/9548538002/,0.0008434934584619362
zlib,member,https://www.tauntongazette.com/restricted/?return=https%3A%2F%2Fwww.tauntongazette.com%2Fstory%2Fbusiness%2Freal-estate%2F2022%2F04%2F04%2Freal-estate-victorian-taunton-high-street-sells-705-000-property-transfers-dighton-raynham-berkley%2F7235627001%2F,0.0006455876791677979
zlib,member,https://www.tauntongazette.com/story/sports/high-school/softball/2022/05/11/berube-leads-case-softball-circle-and-plate-win-over-d-r/9725962002/,0.0006750909390659355
zlib,member,https://www.tauntongazette.com/story/news/education/2022/08/08/dighton-rehoboth-regional-school-district-town-meeting-rejects-withdraw-kindergarten-8th-grade/10264070002/,0.0017635069874253402
zlib,member,https://www.tauntongazette.com/story/sports/high-school/baseball/2022/05/24/seniors-have-themselves-day-taunton-baseball-beats-milford/9903898002/,0.0007800203654866632
zlib,member,https://www.tauntongazette.com/story/sports/high-school/2022/04/24/weekend-scores-d-r-boys-lacrosse-keeps-rolling/7436705001/,0.0034825583157909383
zlib,member,https://www.tauntongazette.com/story/news/local/2022/06/12/taunton-top-stories-rick-spearin-lyndsey-littlefield-rawkstars/7585873001/,0.0013453655289420836
zlib,member,https://www.tauntongazette.com/story/news/local/2022/04/01/police-shortage-recruitment-traffic-detail-taunton-age-limit-home-rule-petition-civilian/7224873001/,0.0015113372556575268
zlib,member,https://www.tauntongazette.com/story/lifestyle/pets/2022/04/17/pet-week-taunton-sophie-sandy-cat-adoption-animal-rescue/7332020001/,0.004828342352875309
zlib,member,https://www.tauntongazette.com/story/sports/high-school/baseball/2022/05/12/franklin-quells-taunton-baseballs-bats-hockomock-showdown/9741562002/,0.000862510450441332
zlib,member,https://www.tauntongazette.com/restricted/?return=https%3A%2F%2Fwww.tauntongazette.com%2Fstory%2Fsports%2Fhigh-school%2Fsoftball%2F2022%2F04%2F07%2Fhere-greater-taunton-softball-players-watch-spring%2F9474093002%2F,0.0006455876791677979
zlib,member,https://www.tauntongazette.com/restricted/?return=https%3A%2F%2Fwww.tauntongazette.com%2Fstory%2Fnews%2Fenvironment%2F2022%2F05%2F26%2Ftaunton-climate-change-risk-flooding-ticks-extreme-heat-lake-sabbatia-massasoit-mvp-fema%2F9870920002%2F,0.0006835451458833184
zlib,member,https://www.tauntongazette.com/story/news/local/2022/07/26/dighton-police-comfort-dog-oakie-partners-sro-stephen-hathaway/10126591002/,0.0007936995378692284
zlib,member,https://www.tauntongazette.com/story/news/politics/elections/local/2022/08/02/raynham-early-voting-senior-center-displaced-middle-school/10193558002/,0.0011028044152861301
zlib,member,https://www.tauntongazette.com/story/news/2022/04/28/berkley-selectman-candidates-george-miller-tabitha-mccrohan-lay-out-their-plans-town-election/9558606002/,0.0009457060003801284
zlib,member,https://www.tauntongazette.com/story/news/local/2022/08/05/colonial-road-runners-host-5-k-every-monday-night-raynham/10210634002/,0.010569499059480191
zlib,member,https://www.tauntongazette.com/story/news/2022/07/26/taunton-bikes-city-council-summer-activities-hopewell-park-security-box-cutter-ymca-boys-girls-club/10116445002/,0.0011243427044823479
zlib,member,https://www.tauntongazette.com/restricted/?return=https%3A%2F%2Fwww.tauntongazette.com%2Fstory%2Fnews%2Feducation%2F2022%2F06%2F09%2Fschool-superintendent-explains-why-grad-speeches-sounded-distorted-bridgewater-raynham%2F7560869001%2F,0.0009190576554398943
zlib,member,https://www.tauntongazette.com/story/news/local/2022/08/13/dighton-animal-cruelty-goats-emu-jerry-mspca-seized/10309754002/,0.0012925272640813088
zlib,member,https://www.tauntongazette.com/story/sports/high-school/2022/04/12/who-taunton-daily-gazette-player-week-april-4-9/7286234001/,0.0014454068577164703
zlib,member,https://www.tauntongazette.com/story/entertainment/arts/2022/05/16/downtown-art-jam-taunton-concerts-murals-exhibits-kids-activities/9746315002/,0.0009785199304915312
zlib,member,https://www.tauntongazette.com/story/sports/high-school/2022/09/08/taunton-volleyball-soccer-golf-bridgewater-raynham-bristol-plymouth/8026401001/,0.0014730726550954245
zlib,member,https://www.tauntongazette.com/story/lifestyle/pets/2022/05/08/pet-week-sadie-cat-adoption-taunton-shelter-pet-rescue/9675366002/,0.0057350991061877995
zlib,member,https://www.tauntongazette.com/story/business/2022/07/22/taunton-silver-city-galleria-mall-fedex-warehouse-distribution-center-taxes-jobs/10091034002/,0.002093500668375155
zlib,member,https://www.tauntongazette.com/story/entertainment/local/2022/06/29/dighton-celebrates-2022-firecracker-festival-town-hall-july-9/7760479001/,0.0024096695707776167
zlib,member,https://www.tauntongazette.com/story/news/local/2022/06/10/dighton-town-meeting-oks-150-k-library-move-smith-memorial-hall/7574208001/,0.0011403593365836924
zlib,member,https://www.tauntongazette.com/story/news/local/2022/04/17/top-stories-spring-sports-predictions-zografos-loses-rawkstars-taunton-dighton-raynham-pfas-aries/7335231001/,0.0013616039000176766
zlib,member,https://www.tauntongazette.com/story/sports/high-school/2022/09/06/mondays-high-school-scores-taunton-volleyball-takes-opener-over-nb/8006377001/,0.0025592236341181874
zlib,member,https://www.tauntongazette.com/story/sports/high-school/wrestling/2022/05/24/taunton-wrestler-christian-balmain-commits-iowa-lakes/9914298002/,0.0012872008445855875
zlib,member,https://www.tauntongazette.com/story/news/local/2022/08/07/taunton-gazette-top-5-jenna-lyons-roseland-ballroom-shawn-cronin/10250463002/,0.0010750919685934741
zlib,member,https://www.tauntongazette.com/story/sports/high-school/baseball/2022/04/20/dighton-rehoboth-falls-short-close-contest-oliver-ames/7389122001/,0.0007487537223437766
zlib,member,https://www.tauntongazette.com/story/news/healthcare/2022/07/14/morton-hospital-massachusetts-nurses-association-contract-strike-raises-staffing-icu/10046997002/,0.001379264940077716
zlib,member,https://www.tauntongazette.com/story/lifestyle/pets/2022/04/10/pet-week-luda-jada-black-lab-dog-adoption-taunton-rescue/9510936002/,0.003940312742620072
zlib,member,https://www.tauntongazette.com/story/news/crime/2022/07/07/dighton-body-worn-cameras-police-bodycams/7814481001/,0.002019657961017184
zlib,member,https://www.tauntongazette.com/story/sports/high-school/2022/04/06/bridgewater-raynham-baseball-earns-first-win-under-new-coach-connolly/9479787002/,0.0011962992959947184
zlib,member,https://www.tauntongazette.com/story/lifestyle/pets/2022/08/07/pet-week-duke-am-staff-dog-adoption-taunton-animal-rescue/10246461002/,0.0046029500616255135
zlib,member,https://www.tauntongazette.com/restricted/?return=https%3A%2F%2Fwww.tauntongazette.com%2Fstory%2Fbusiness%2Freal-estate%2F2022%2F05%2F09%2Freal-estate-east-taunton-home-county-st-sells-almost-500-000-property-transfers-raynham-berkley%2F9665250002%2F,0.00042304941648189573
zlib,member,https://www.tauntongazette.com/story/sports/high-school/softball/2022/05/17/despite-solid-pitching-taunton-softball-upended-attleboro/9802771002/,0.0007761611433567445
zlib,member,https://www.tauntongazette.com/story/news/education/graduation/2022/06/05/taunton-high-school-ivy-league-kyanna-barros-brown-university-valedictorian-bioengineering-medical/7469431001/,0.0016455844324321344
zlib,member,https://www.tauntongazette.com/story/sports/high-school/2022/07/20/mayor-city-council-honor-taunton-high-schools-two-state-champion-teams/10104087002/,0.0006472403228023787
zlib,member,https://www.tauntongazette.com/story/lifestyle/2022/04/07/berkley-based-bostonian-repurposed-owners-advance-diy-heroes-mark-bowe-magnolia-network/7195355001/,0.0010399521693714897
zlib,member,https://www.tauntongazette.com/story/sports/youth/2022/07/28/taunton-junior-city-open-golf-tournament-set-aug-15-and-16/10170497002/,0.002471483433494147
zlib,member,https://www.tauntongazette.com/story/sports/high-school/softball/2022/06/15/team-effort-leads-taunton-over-methuen-and-into-d-1-title-game/7643127001/,0.0006439280009858353
zlib,member,https://www.tauntongazette.com/story/news/education/2022/05/10/dighton-rehoboth-degionalization-dr-k-8-grades-withdraw-parents-superintendent-anthony-azar/9650863002/,0.0015207784080484405
zlib,member,https://www.tauntongazette.com/restricted/?return=https%3A%2F%2Fwww.tauntongazette.com%2Fstory%2Fbusiness%2Freal-estate%2F2022%2F06%2F06%2Freal-estate-report-sale-taunton-home-burt-st-tops-500-000-property-transfers-residential-raynham%2F7488251001%2F,0.0007455462715938173
zlib,member,https://www.tauntongazette.com/story/news/local/2022/04/13/taunton-rawkstars-nonprofit-provides-kids-free-instruments-lessons/9467756002/,0.0007768138590335448
zlib,member,https://www.tauntongazette.com/story/sports/youth/2022/07/19/raynham-youth-soccer-grades-5-6-girls-win-division-ii-state-title/10051033002/,0.002873291789841902
zlib,member,https://www.tauntongazette.com/story/news/local/2022/08/05/the-little-things-jennas-wish-list-raynham-woman-collects-items-cancer-patients-amazon-tiktok/10158233002/,0.0007817353872087145
zlib,member,https://www.tauntongazette.com/restricted/?return=https%3A%2F%2Fwww.tauntongazette.com%2Fstory%2Fnews%2Fenvironment%2F2022%2F04%2F13%2Ftaunton-pfas-forever-chemicals-water-raynham-dighton-berkley-easton-bridgewater%2F7138530001%2F,0.0006455876791677979
zlib,member,https://www.tauntongazette.com/story/sports/youth/2022/08/18/machado-poirier-rosa-take-top-spots-taunton-junior-city-open/10343525002/,0.0023291158543264135
zlib,member,https://www.tauntongazette.com/story/news/politics/2022/06/02/taunton-fall-river-commission-status-women-bristol-county-werlaine-badio-tanya-lobo-esther-rogers/9796771002/,0.0009269110970942316
zlib,member,https://www.tauntongazette.com/story/news/environment/2022/04/19/scrap-metal-company-and-freetown-settle-residents-still-claim-pollution/7330470001/,0.0006849910471871397
zlib,member,https://www.tauntongazette.com/story/sports/high-school/2022/04/03/breheney-thornton-lead-b-r-boys-lacrosse-opener-win-over-attleboro/7263634001/,0.001579233552486217
zlib,member,https://www.tauntongazette.com/restricted/?return=https%3A%2F%2Fwww.tauntongazette.com%2Fstory%2Fnews%2Flocal%2F2022%2F05%2F06%2Ftaunton-parking-downtown-green-leonard-street-garage-lew-pacheco%2F9583180002%2F,0.00042304941648189573
zlib,member,https://www.tauntongazette.com/story/news/local/2022/05/29/taunton-gazette-top-stories-1-connection-landon-him-outdoor-dining/9966149002/,0.001205806694228985
zlib,member,https://www.tauntongazette.com/story/sports/high-school/2022/05/17/tuesdays-high-school-scores-d-rs-win-streak-snapped-norton/9816916002/,0.0017327838640990303
zlib,member,https://www.tauntongazette.com/story/news/crime/2022/09/13/berkley-police-chief-scott-labonte-retiring-kevin-partridge-scott-fournier-search/8022854001/,0.001971724754363347
zlib,member,https://www.tauntongazette.com/story/sports/high-school/baseball/2022/04/15/leave-them-wanting-moor-taunton-junior-strong-first-varsity-start/7328584001/,0.0007318499359426194
zlib,member,https://www.tauntongazette.com/story/sports/high-school/2022/09/12/taunton-bridgewater-raynham-bristol-plymouth-dighton-rehoboth-soccer-volleyball-golf-field-hockey/10360134002/,0.0007162957164783789
zlib,member,https://www.tauntongazette.com/story/sports/high-school/baseball/2022/04/09/still-swinging-taunton-bats-stay-red-hot-win-over-sharon/9522534002/,0.0007458912959579993
zlib,member,https://www.tauntongazette.com/story/lifestyle/pets/2022/07/10/pets-week-binx-and-eve-taunton-animal-shelter-cat-rescue/10015836002/,0.005329629464594795
zlib,member,https://www.tauntongazette.com/story/news/history/2022/05/26/taunton-then-and-now-richard-godrey-winthrop-club-city-hall-square/9914015002/,0.0010227086716371814
zlib,member,https://www.tauntongazette.com/story/entertainment/2022/08/08/local-bands-dreams-come-true-invite-perform-beatlesweek/10146541002/,0.000832532578367771
zlib,member,https://www.tauntongazette.com/story/news/healthcare/2022/07/29/taunton-memory-cafe-coa-memory-loss-dementia-alzheimers-public-library/10159988002/,0.0014489963142819823
zlib,member,https://www.tauntongazette.com/story/sports/high-school/2022/05/10/who-taunton-daily-gazette-player-week-may-2-7/9709494002/,0.0010470785669453653
zlib,member,https://www.tauntongazette.com/story/sports/high-school/baseball/2022/06/14/taunton-beats-cm-advance-second-d-1-title-game-three-seasons/7630055001/,0.0005599078031388613
zlib,member,https://www.tauntongazette.com/story/sports/high-school/2022/04/05/taunton-softball-kicks-off-title-defense-big-win-over-stoughton/9465830002/,0.0008164139516478861
zlib,member,https://www.tauntongazette.com/story/news/politics/government/2022/05/19/tauntons-mayor-retirement-middleboro-40-year-government-robert-nunes-middleboro-town-manager/9804315002/,0.0007048906428250035
zlib,member,https://www.tauntongazette.com/story/news/local/2022/06/06/berkley-town-meeting-debt-exclusion-proposition-2-1-2-warrant-zoning-assessors-treasurer-collector/7490589001/,0.001656639930418452
zlib,member,https://www.tauntongazette.com/restricted/?return=https%3A%2F%2Fwww.tauntongazette.com%2Fstory%2Fsports%2Fhigh-school%2Flacrosse%2F2022%2F04%2F13%2Fhere-16-greater-taunton-boys-lacrosse-players-watch%2F7283491001%2F,0.0006455876791677979
zlib,member,https://www.tauntongazette.com/story/sports/high-school/2022/05/04/wednesdays-high-school-scores-taunton-girls-bested-n-attleboro/9653734002/,0.001893507722316073
zlib,member,https://www.tauntongazette.com/story/lifestyle/2022/05/17/little-free-pantry-johnsons-pond-gift-raynham-junior-girl-scouts/9746351002/,0.0015108690430847686
zlib,nonmember,https://www.tauntongazette.com/story/sports/youth/2022/08/18/taunton-west-little-league-u-10-celebrates-strong-season/10344658002/,0.0015884226243560694
zlib,nonmember,https://www.tauntongazette.com/story/sports/high-school/baseball/2022/06/18/taunton-baseball-claims-second-d-1-title-three-seasons/7675005001/,0.0005651121890707611
zlib,nonmember,https://www.tauntongazette.com/story/sports/high-school/softball/2022/06/09/thorpes-walk-off-lifts-taunton-softball-over-bridgewater-raynham/7563617001/,0.0006462069160415919
zlib,nonmember,https://www.tauntongazette.com/story/news/environment/2022/05/19/raynham-plastic-bag-ban-town-meeting-rejects-repeal-styrofoam/9825594002/,0.001012029996665186
zlib,nonmember,https://www.tauntongazette.com/story/news/politics/elections/2022/09/02/2022-primary-election-sept-6-whos-running-how-cast-your-vote-taunton-dighton-raynham-berkley/7953564001/,0.0008575355891497964
zlib,nonmember,https://www.tauntongazette.com/story/sports/high-school/2022/04/20/wednesdays-high-school-scores-taunton-baseball-stays-perfect/7390939001/,0.001221152905848666
zlib,nonmember,https://www.tauntongazette.com/story/sports/high-school/2022/06/07/who-taunton-daily-gazette-player-week-may-30-june-4/7526890001/,0.0016402299165535806
zlib,nonmember,https://www.tauntongazette.com/story/news/local/2022/05/28/crews-respond-5-alarm-fire-spring-lane-taunton/9976010002/,0.0022576344603920857
zlib,nonmember,https://www.tauntongazette.com/restricted/?return=https%3A%2F%2Fwww.tauntongazette.com%2Fstory%2Fnews%2Fdrugs%2Fmarijuana%2F2022%2F06%2F15%2Ftaunton-city-council-special-permit-cannabis-facility-traffic-hart-street-san-holdings-jack-barbour%2F7581796001%2F,0.0006617710710222637
zlib,nonmember,https://www.tauntongazette.com/story/sports/high-school/2022/04/17/weekend-high-school-scores-taunton-softball-scores-walk-off-win/7352822001/,0.0017925325280887
zlib,nonmember,https://www.tauntongazette.com/story/lifestyle/2022/04/25/taunton-seeks-residents-advice-for-recreation-open-spaces-upgrades/7385863001/,0.0011111643341019171
zlib,nonmember,https://www.tauntongazette.com/story/entertainment/local/2022/08/05/roseland-ballroom-taunton-hosts-dancing-twice-month-sundays/10092060002/,0.00052630216623393
zlib,nonmember,https://www.tauntongazette.com/story/news/politics/government/2022/07/15/easton-fire-chief-kevin-partridge-interim-berkley-town-administrator/10056829002/,0.002363621328413479
zlib,nonmember,https://www.tauntongazette.com/story/news/environment/2022/07/19/tauntons-wastewater-treat-plant-implements-mandated-nitrogen-upgrades/10083442002/,0.0011345749626706365
zlib,nonmember,https://www.tauntongazette.com/story/sports/high-school/2022/05/17/who-taunton-daily-gazette-player-week-may-9-14/9803572002/,0.0010951957338201951
zlib,nonmember,https://www.tauntongazette.com/story/news/local/2022/07/17/taunton-top-stories-ed-correira-conflict-camp-taunton-holy-ghost-feast-roe-protest/10071008002/,0.0012724474393183576
zlib,nonmember,https://www.tauntongazette.com/story/news/local/2022/06/05/taunton-top-stories-los-jefes-cow-chip-festival-salome-lincoln/7503382001/,0.0013889649514450234
zlib,nonmember,https://www.tauntongazette.com/story/sports/youth/2022/05/26/taunton-tornadoes-10-u-softball-team-wins-jaxon-marocco-classic/9931914002/,0.002460840441678624
zlib,nonmember,https://www.tauntongazette.com/story/sports/high-school/2022/06/22/who-taunton-daily-gazette-player-week-june-13-18/7704141001/,0.0015345636654372041
zlib,nonmember,https://www.tauntongazette.com/story/news/history/2022/04/04/taunton-history-emily-elizabeth-parsons-nurse-founded-mount-auburn-hospital-civil-war/7236325001/,0.000618755926632973
zlib,nonmember,https://www.tauntongazette.com/story/business/2022/05/12/somersets-tammy-ruggeri-opens-puddle-jumper-quilts-dighton/9659398002/,0.0009597593071869282
zlib,nonmember,https://www.tauntongazette.com/story/news/local/2022/06/01/taunton-los-jefes-comida-restaurant-responds-customers-rudeness/9967467002/,0.0011481368360403287
zlib,nonmember,https://www.tauntongazette.com/story/sports/high-school/2022/03/31/dighton-rehoboth-boys-volleyball-falls-season-opener/7241277001/,0.004099591594688084
zlib,nonmember,https://www.tauntongazette.com/story/sports/high-school/2022/05/10/tuesdays-high-school-scores-taunton-baseball-tops-durfee/9725485002/,0.0016523999826797168
zlib,nonmember,https://www.tauntongazette.com/story/lifestyle/pets/2022/06/12/pets-week-my-brothers-and-me-taunton-cat-adoption-pet-rescue/7580435001/,0.004639829359708227
zlib,nonmember,https://www.tauntongazette.com/story/lifestyle/2022/07/29/taunton-city-band-broadway-show-tunes-patriotic-songs-housing-authority/10166731002/,0.0009271163639003706
zlib,nonmember,https://www.tauntongazette.com/story/news/local/2022/07/10/taunton-gazette-top-5-tess-brunelle-police-bodycams-jimmy-fund/10017353002/,0.0011244862924956656
zlib,nonmember,https://www.tauntongazette.com/story/sports/high-school/baseball/2022/06/14/dighton-rehoboth-baseball-loses-newburyport-state-semifinals/7630115001/,0.0015134234743966154
zlib,nonmember,https://www.tauntongazette.com/story/news/local/2022/06/10/miss-taunton-lyndsey-littlefield-american-ninja-warrior-bridgewater-raynham/7535348001/,0.0007178731919348081
zlib,nonmember,https://www.tauntongazette.com/story/news/environment/2022/04/01/sweets-knoll-improvement-dighton-dcr-opens-project-public-input-state-park-trails-accessibility/7224563001/,0.0007848707344202787
zlib,nonmember,https://www.tauntongazette.com/restricted/?return=https%3A%2F%2Fwww.tauntongazette.com%2Fstory%2Fnews%2Fdrugs%2Fmarijuana%2F2022%2F06%2F08%2Ftaunton-cannabis-city-council-law-department-matthew-costa-marijuana-chris-coute-estele-borges%2F7505563001%2F,0.0009190576554398943
zlib,nonmember,https://www.tauntongazette.com/story/news/local/2022/08/15/segregansett-caddie-plays-golf-taunton-country-club-70-years-later/10274692002/,0.0008826262074035829
zlib,nonmember,https://www.tauntongazette.com/restricted/?return=https%3A%2F%2Fwww.tauntongazette.com%2Fstory%2Flifestyle%2Ffood%2F2022%2F06%2F16%2Fguchanya-pastry-owner-cape-verde-native-opens-pastry-shop-school-street-bakery-taunton%2F7499033001%2F,0.0006617710710222637
zlib,nonmember,https://www.tauntongazette.com/story/sports/high-school/2022/04/27/wednesdays-high-school-scores-d-rs-cuthbertson-hits-600-career-wins/9564206002/,0.0013127330354376489
zlib,nonmember,https://www.tauntongazette.com/story/business/2022/05/02/everlasting-charm-cabinet-repainting-business-booms-berkley-owner/9569994002/,0.0009339036607932654
zlib,nonmember,https://www.tauntongazette.com/story/news/politics/elections/local/2022/08/14/raynham-election-early-voting-moved-out-senior-center-primary/10298624002/,0.001508658621472423
zlib,nonmember,https://www.tauntongazette.com/story/news/2022/08/26/taunton-summer-celebration-at-hoepwell-ppark-postponed-due-to-severe-weather-threat/7907233001/,0.003010532025835761
zlib,nonmember,https://www.tauntongazette.com/restricted/?return=https%3A%2F%2Fwww.tauntongazette.com%2Fstory%2Fbusiness%2Freal-estate%2F2022%2F04%2F18%2Freal-estate-castle-home-taunton-tremont-st-sells-almost-900-000-property-transfers-dighon-berkey%2F7321436001%2F,0.0006455876791677979
zlib,nonmember,https://www.tauntongazette.com/story/news/fire/2022/07/25/berkley-firefighters-fire-department-john-franco-amasa-harmon-retire/10138961002/,0.0009335404635609355
zlib,nonmember,https://www.tauntongazette.com/story/news/local/2022/07/03/taunton-gazette-top-stories-michael-messina-leoncello-boxing-engayge/7790989001/,0.0011851415569510883
zlib,nonmember,https://www.tauntongazette.com/restricted/?return=https%3A%2F%2Fwww.tauntongazette.com%2Fstory%2Fsports%2Fhigh-school%2F2022%2F05%2F16%2Ftaunton-high-b-r-swimmers-named-taunton-daily-gazette-all-scholastics%2F9771381002%2F,0.00042304941648189573
zlib,nonmember,https://www.tauntongazette.com/story/news/local/2022/04/20/taunton-high-street-planning-board-condominium-condo-complex-high-street/7372765001/,0.0016708815280679508
zlib,nonmember,https://www.tauntongazette.com/story/sports/high-school/2022/05/16/mondays-high-school-scores-macdougall-leads-taunton-over-attleboro/9802856002/,0.0009611101250851025
zlib,nonmember,https://www.tauntongazette.com/story/news/local/2022/05/20/taunton-green-temporary-seating-plaza-safety-parking-outdoors/9828526002/,0.0012280101623498422
zlib,nonmember,https://www.tauntongazette.com/story/sports/high-school/football/2022/09/13/taunton-bridgewater-raynham-bristol-plymouth-dighton-rehoboth-football-player-of-the-week-one/10363872002/,0.0018683899371990133
zlib,nonmember,https://www.tauntongazette.com/story/sports/high-school/2022/05/23/mondays-high-school-scores-lynch-leads-taunton-softball-over-milford/9902708002/,0.0006717433124978344
zlib,nonmember,https://www.tauntongazette.com/story/sports/high-school/2022/04/19/who-taunton-daily-gazette-player-week-april-11-16/7359199001/,0.0012130776695475926
zlib,nonmember,https://www.tauntongazette.com/story/sports/high-school/2022/05/25/wednesdays-high-school-scores-taunton-baseball-tops-milford/9938066002/,0.0013715528550328193
zlib,nonmember,https://www.tauntongazette.com/restricted/?return=https%3A%2F%2Fwww.tauntongazette.com%2Fstory%2Fsports%2Fhigh-school%2Fbaseball%2F2022%2F06%2F18%2Fd-1-baseball-championship-preview-taunton-seeks-title-against-franklin%2F7663627001%2F,0.0006277595537445845
zlib,nonmember,https://www.tauntongazette.com/story/business/2022/07/22/malis-raynham-offers-modern-twist-southeast-asian-street-food/10085338002/,0.0010106978214900165
zlib,nonmember,https://www.tauntongazette.com/restricted/?return=https%3A%2F%2Fwww.tauntongazette.com%2Fstory%2Fsports%2Fhigh-school%2Flacrosse%2F2022%2F04%2F19%2Fhere-greater-taunton-girls-lacrosse-players-watch%2F7309338001%2F,0.0006455876791677979
zlib,nonmember,https://www.tauntongazette.com/story/news/education/2022/09/12/taunton-public-school-2022-2023-new-principals-teacher-shortage-covid-learning-loss-jaimie-pereira/8028360001/,0.0006409678362809168
zlib,nonmember,https://www.tauntongazette.com/story/business/2022/06/21/fall-river-couple-opens-new-grilla-greek-kouzina-restaurant-taunton/7535402001/,0.0010643179110426516
zlib,nonmember,https://www.tauntongazette.com/story/news/courts/2022/05/15/suspect-lgbtq-hate-crime-homophobic-attack-taunton-cleared-jury-michael-cates-brockton/9754124002/,0.0007880775124654444
zlib,nonmember,https://www.tauntongazette.com/story/sports/high-school/baseball/2022/05/18/macdougall-leads-taunton-baseball-bounce-back-win-over-mansfield/9833857002/,0.0007529414756852553
zlib,nonmember,https://www.tauntongazette.com/story/sports/high-school/softball/2022/04/22/taunton-outlasts-attleboro-softball-slugfest/7417870001/,0.0006892403034953777
zlib,nonmember,https://www.tauntongazette.com/story/sports/high-school/softball/2022/05/26/honoring-mark-lasser-taunton-softball-upends-bishop-feehan/9938361002/,0.0006374359690370336
zlib,nonmember,https://www.tauntongazette.com/story/sports/high-school/2022/09/14/taunton-b-r-b-p-d-r-soccer-cross-country-field-hockey-volleyball-golf-september-14-2022/10383225002/,0.0008809648814817045
zlib,nonmember,https://www.tauntongazette.com/story/news/local/2022/04/10/top-taunton-stories-ukraine-support-game-shop-opens-sister-city-new-york-lace-kings-court-england/9513094002/,0.0015932621250804595
zlib,nonmember,https://www.tauntongazette.com/restricted/?return=https%3A%2F%2Fwww.tauntongazette.com%2Fstory%2Fbusiness%2Freal-estate%2F2022%2F05%2F30%2Freal-estate-resort-like-waterfront-home-dighton-sells-almost-700-000-property-transfers-taunton%2F9943533002%2F,0.0006835451458833184
zlib,nonmember,https://www.tauntongazette.com/story/sports/2022/04/10/saturday-high-school-scores-b-r-boys-lacrosse-bp-girls-lacrosse-win/9532089002/,0.003939791728441291
zlib,nonmember,https://www.tauntongazette.com/story/lifestyle/pets/2022/05/22/pet-week-drako-am-staff-taunton-animal-shelter-dog-rescue/9856879002/,0.0035724058957633774
zlib,nonmember,https://www.tauntongazette.com/story/business/2022/05/12/proposed-marijuana-facility-taunton-myles-standish-industrial-park-raises-odor-concerns/9736232002/,0.0013972022793856931
zlib,nonmember,https://www.tauntongazette.com/story/news/healthcare/2022/04/22/taunton-mental-health-police-stigma-public-officer-steve-turner/7267607001/,0.0007296028065520396
zlib,nonmember,https://www.tauntongazette.com/story/news/local/2022/06/10/berkley-town-meeting-debt-exclusion-approved-cruisers-highway-assessor-treasurer-collector/7573635001/,0.0019406863674431573
zlib,nonmember,https://www.tauntongazette.com/story/sports/high-school/2022/09/07/wednesdays-high-school-scores-oleary-leads-ths-field-hockey-win/8014423001/,0.000867090952186691
zlib,nonmember,https://www.tauntongazette.com/restricted/?return=https%3A%2F%2Fwww.tauntongazette.com%2Fstory%2Fnews%2Feducation%2F2022%2F06%2F10%2Ftaunton-high-school-graduation-ceremony-field-house-criticized-football-field%2F7545728001%2F,0.0006617710710222637
zlib,nonmember,https://www.tauntongazette.com/story/lifestyle/health-fitness/2022/04/21/taunton-real-brazilian-jiu-jitsu-martial-arts-school-main-street-jair-morselli/7293547001/,0.0007772658046882507
zlib,nonmember,https://www.tauntongazette.com/story/news/local/2022/09/18/top-stories-mikayla-nogueira-berkley-police-chief-football-game-move/10390499002/,0.0011350201408667697
zlib,nonmember,https://www.tauntongazette.com/story/news/good-news/2022/04/28/bridgewater-raynham-prom-bumped-concert-gillette-host-field-day-garth-brooks/9545284002/,0.0009461172021286414
zlib,nonmember,https://www.tauntongazette.com/story/lifestyle/health-fitness/2022/04/08/taunton-gym-raw-moves-downtown-former-gazette-building/7156874001/,0.0010359871655326622
zlib,nonmember,https://www.tauntongazette.com/story/news/crime/2022/08/21/taunton-man-convicted-child-rape-sentenced-10-years-prison/7860167001/,0.002091629100668233
zlib,nonmember,https://www.tauntongazette.com/story/news/2022/07/24/top-stories-taunton-raynham-dighton-berkley-rehoboth/10129045002/,0.0013778225492901393
zlib,nonmember,https://www.tauntongazette.com/story/sports/recreation/2022/06/14/taunton-river-trail-dighton-somerset-bike-paths-sidewalks-nature/7472250001/,0.0011116824448648747
zlib,nonmember,https://www.tauntongazette.com/story/business/2022/05/23/dightons-first-cannabis-dispensary-1-connection-opens/9856798002/,0.0011021227401445857
zlib,nonmember,https://www.tauntongazette.com/story/sports/high-school/softball/2022/06/14/d-r-softball-falls-greater-new-bedford-d-3-final-four/7631599001/,0.000653281036868767
zlib,nonmember,https://www.tauntongazette.com/story/news/education/2022/07/06/taunton-bristol-plymouth-b-p-cosmetology-student-wins-skills-usa-gold-tess-brunelle-emily-rouleau/7771733001/,0.0008462546405909299
zlib,nonmember,https://www.tauntongazette.com/story/news/local/2022/09/15/berkley-friends-library-drag-queen-fundraiser/10379211002/,0.002938398217166208
zlib,nonmember,https://www.tauntongazette.com/story/sports/high-school/2022/04/26/tuesdays-high-school-scores-taunton-softball-shuts-out-oa/9547703002/,0.0015700976779343331
zlib,nonmember,https://www.tauntongazette.com/story/sports/high-school/softball/2022/06/08/raposos-16-strikeouts-leads-dighton-rehoboth-softball-over-tantasqua/7550070001/,0.0006893672999072929
zlib,nonmember,https://www.tauntongazette.com/story/sports/high-school/2022/04/02/perry-monahan-score-twice-b-r-girls-lacrosse-season-opener/7254530001/,0.0023953167365838466
zlib,nonmember,https://www.tauntongazette.com/story/news/homelessness/2022/09/06/taunton-homeless-group-home-38-winthrop-street-firefighter-bob-bastis-community-counseling/7951538001/,0.001225670654816041
zlib,nonmember,https://www.tauntongazette.com/story/sports/high-school/football/2022/09/02/taunton-football-returns-25-seniors-hopes-experience-counts-2022/7936605001/,0.0007067526405073658
zlib,nonmember,https://www.tauntongazette.com/story/sports/high-school/softball/2022/07/26/taunton-high-softball-honored-at-fenway-park-after-winning-their-second-straight-state-title/10138014002/,0.0010599278996606537
zlib,nonmember,https://www.tauntongazette.com/story/news/history/2022/06/01/women-taunton-labor-leader-female-preacer-salome-lincoln-gets-gravestone-after-180-years/9980801002/,0.001258562070395259
zlib,nonmember,https://www.tauntongazette.com/story/news/politics/elections/local/2022/05/08/berkley-election-2022-selectman-george-miller-re-elected-proposition-2-1-2-debt-exclusion/9632891002/,0.0017317851981785567
zlib,nonmember,https://www.tauntongazette.com/restricted/?return=https%3A%2F%2Fwww.tauntongazette.com%2Fstory%2Fbusiness%2Freal-estate%2F2022%2F05%2F23%2Freal-estate-second-unit-new-winthrop-st-duplex-taunton-sells-500-000-dighton-raynham%2F9838163002%2F,0.000698308300125364
zlib,nonmember,https://www.tauntongazette.com/story/sports/high-school/2022/04/12/tuesdays-high-school-scores-d-r-girls-lacrosse-dominates-bourne/7298150001/,0.002096594374076817
zlib,nonmember,https://www.tauntongazette.com/restricted/?return=https%3A%2F%2Fwww.tauntongazette.com%2Fstory%2Fsports%2Fhigh-school%2F2022%2F04%2F18%2Fhere-10-greater-taunton-boys-volleyball-players-watch-dighton-rehoboth%2F7339303001%2F,0.0006455876791677979
zlib,nonmember,https://www.tauntongazette.com/story/lifestyle/faith/2022/05/04/raynham-st-anns-church-builds-beds-kids-need-homeless/9539482002/,0.0009138855188534273
zlib,nonmember,https://www.tauntongazette.com/story/sports/high-school/soccer/2022/09/15/dighton-reboboth-boys-soccer-defeats-bourne-enters-new-era/10384608002/,0.0007797734333834882
zlib,nonmember,https://www.tauntongazette.com/story/news/2022/06/06/taunton-kelly-clarkson-show-rawkstar-jon-jacobs-tv-television/9926812002/,0.0008567271148350843
zlib,nonmember,https://www.tauntongazette.com/story/news/military/2022/06/13/bridgewater-native-blake-ruehrwein-rehoboth-monuments-man-art-army-reserves/9943100002/,0.0008420412590235525
zlib,nonmember,https://www.tauntongazette.com/story/sports/high-school/basketball/2022/07/13/b-rs-seavey-inducted-into-new-agenda-northeast-hall-fame/10055762002/,0.0017088429087718585
zlib,nonmember,https://www.tauntongazette.com/story/sports/high-school/softball/2022/08/14/taunton-softballs-consalvi-named-head-coach-bridgewater-state/10313829002/,0.0008021221060083968
zlib,nonmember,https://www.tauntongazette.com/story/lifestyle/food/2022/04/11/national-grilled-cheese-day-ugly-duckling-riverhouse-frates-panera/9501847002/,0.0008029479020759778
zlib,nonmember,https://www.tauntongazette.com/story/news/history/2022/08/08/taunton-then-and-now-staples-coal-cohannet-mills-winthrop-st-baptist/10191954002/,0.000852163420169483
zlib,nonmember,https://www.tauntongazette.com/story/sports/youth/2022/08/04/taunton-tornadoes-u-10-softball-team-look-close-summer-top-coach-peter-buffington/10209404002/,0.0008530099479203061
zlib,nonmember,https://www.tauntongazette.com/story/sports/high-school/football/2022/09/17/taunton-durfee-football-mansfield-high-school-september-17-2022/10412030002/,0.0007178818544131928
zlib,nonmember,https://www.tauntongazette.com/story/news/education/graduation/2022/06/10/meet-dighton-rehoboth-regional-high-schools-top-10-graduates-2022/9732657002/,0.010687003704795759
zlib,nonmember,https://www.tauntongazette.com/story/sports/high-school/softball/2022/06/11/raposos-home-run-helps-lead-d-r-softball-over-austin-prep/7592037001/,0.0008855894562158734
zlib,nonmember,https://www.tauntongazette.com/story/sports/high-school/2022/05/20/fridays-high-school-scores-d-r-softball-soars-over-apponequet/9868477002/,0.0013218813647470086
zlib,nonmember,https://www.tauntongazette.com/story/lifestyle/faith/2022/06/22/taunton-congregation-agudath-achim-synagogue-holds-pride-shabbat-2022/7678262001/,0.0013153866614366285
zlib,nonmember,https://www.tauntongazette.com/story/lifestyle/food/2022/04/18/taunton-real-brazil-restaurant-and-market-churrasco-brazilian-barbecue-bbq-linguica-steak-tremont-st/7309271001/,0.0013475262725726495
zlib,nonmember,https://www.tauntongazette.com/story/sports/high-school/football/2022/09/17/young-dighton-rehoboth-football-team-earns-win-over-austin-prep/10403746002/,0.0007932394063404618
zlib,nonmember,https://www.tauntongazette.com/story/sports/high-school/2022/05/05/thursdays-high-school-scores-taunton-softball-trounces-milford/9668084002/,0.001075113803595679
zlib,nonmember,https://www.tauntongazette.com/story/sports/high-school/2022/06/14/who-taunton-daily-gazette-player-week-june-6-12/7618976001/,0.0015292977346958547
zlib,nonmember,https://www.tauntongazette.com/story/news/courts/2022/05/16/taunton-woman-fit-trial-unprovoked-stabbing-morton-hospital-employee/9767526002/,0.0016271681564735169
zlib,nonmember,https://www.tauntongazette.com/story/lifestyle/pets/2022/08/28/pet-week-gregory-cat-rescue-taunton-animal-shelter/7903756001/,0.005418796260362838
zlib,nonmember,https://www.tauntongazette.com/story/news/politics/2022/05/23/trump-spirit-fighting-theme-runs-through-ma-gop-convention-taunton-mayor-shaunna-oconnell/9890429002/,0.0012808309931718373
zlib,nonmember,https://www.tauntongazette.com/story/sports/2022/07/25/taunton-high-school-football-field-track-lighting-turf-athletic-director-mark-ottavianelli/10105056002/,0.0020611091729099986
zlib,nonmember,https://www.tauntongazette.com/story/sports/high-school/softball/2022/04/14/ava-venturelli-lets-loose-taunton-softball-wins-big/7314606001/,0.0006554450770107706
zlib,nonmember,https://www.tauntongazette.com/story/news/crime/2022/08/02/ceo-taunton-based-dgp-miles-insurance-pleads-guilty-fraud-embezzlement/10200153002/,0.0016309407160899846
zlib,nonmember,https://www.tauntongazette.com/story/lifestyle/pets/2022/07/17/pet-week-spencer-am-staff-rescue-taunton-animal-shelter/10068672002/,0.005426665301164697
zlib,nonmember,https://www.tauntongazette.com/story/sports/high-school/softball/2022/04/29/taunton-dedicates-win-over-mansfield-late-jmu-softball-player/9580783002/,0.0008385021630225048
zlib,nonmember,https://www.tauntongazette.com/story/sports/high-school/football/2022/09/06/dighton-rehoboth-football-hoping-gain-experience-young-squad/7946476001/,0.0008613958005593365
zlib,nonmember,https://www.tauntongazette.com/story/sports/2022/05/02/taunton-native-marcus-santos-silva-signs-nfl-cleveland-browns/9622406002/,0.0025633831048432394
zlib,nonmember,https://www.tauntongazette.com/story/news/local/2022/07/22/balloon-message-ny-summer-camp-lands-dighton-ma/10090121002/,0.0017142451539228526
zlib,nonmember,https://www.tauntongazette.com/story/news/history/2022/05/05/arthur-cleveland-bent-taunton-renowned-ornithologist/9636526002/,0.0008595899786058205
zlib,nonmember,https://www.tauntongazette.com/story/news/history/2022/07/08/women-taunton-silent-film-star-elsa-lorimers-lost-movies-gilded-dream/7826598001/,0.0008235314083504244
zlib,nonmember,https://www.tauntongazette.com/story/news/2022/05/06/cedric-cromwell-convicted-bribery-case-related-taunton-first-light-casino/9671830002/,0.00035631402637186497
zlib,nonmember,https://www.tauntongazette.com/story/sports/college/softball/2022/04/26/close-to-homecoming-taunton-highs-kelsey-white-villanova-softball-providence/7436647001/,0.0005830920228141743
zlib,nonmember,https://www.tauntongazette.com/story/news/local/2022/08/07/tauntons-peter-b-gay-lodge-columbia-cultural-trust-scholarships-taunton-high-br-bp/10247465002/,0.005356829146583048
zlib,nonmember,https://www.tauntongazette.com/restricted/?return=https%3A%2F%2Fwww.tauntongazette.com%2Fstory%2Fsports%2Fhigh-school%2Fbaseball%2F2022%2F04%2F11%2Fhere-20-greater-taunton-baseball-players-watch-spring%2F9488026002%2F,0.0006455876791677979
zlib,nonmember,https://www.tauntongazette.com/story/sports/high-school/football/2022/09/09/taunton-new-bedford-football-september-9-2022/8045879001/,0.001561414712202637
zlib,nonmember,https://www.tauntongazette.com/story/sports/youth/2022/07/26/berkley-soccer-grade-11-girls-win-division-ii-state-championship/10146548002/,0.0027958886713701225
zlib,nonmember,https://www.tauntongazette.com/story/lifestyle/features/2022/04/05/curious-taunton-whats-like-our-sister-city-taunton-england/7250653001/,0.0007167796992802786
zlib,nonmember,https://www.tauntongazette.com/story/news/environment/2022/08/18/taunton-heat-islands-downtown-hotter-due-concrete-lack-trees/10342297002/,0.0008721245126711399
zlib,nonmember,https://www.tauntongazette.com/story/news/education/2022/06/14/taunton-b-p-freetown-join-bristol-plymouth-regional-technical-school-district/7552486001/,0.0016707493914180967
zlib,nonmember,https://www.tauntongazette.com/story/news/local/2022/06/17/taunton-first-ever-pride-festival-june-11-2022-hopewell-park-lgbtq/7626898001/,0.00204616531714328
zlib,nonmember,https://www.tauntongazette.com/story/news/local/2022/05/01/taunton-gazette-top-5-gillette-b-r-prom-parks-and-rec-kelsey-white/9587713002/,0.0011049320597356067
zlib,nonmember,https://www.tauntongazette.com/story/sports/high-school/2022/09/09/taunton-bridgewater-raynham-bristol-plymouth-dighton-rehoboth-football-soccer-field-hockey-volleybal/8037356001/,0.002506717264060991
zlib,nonmember,https://www.tauntongazette.com/story/news/drugs/marijuana/2022/05/27/taunton-cannabis-cultivation-grow-myles-standish-marijuana-greater-goods-odor-pot/9932225002/,0.0014266416328665816
zlib,nonmember,https://www.tauntongazette.com/story/sports/2022/04/12/mondays-high-school-scores-wins-d-r-bp-girls-lacrosse-taunton-baseball-wins-undefeated-3-0/7286700001/,0.0011792368148666192
zlib,nonmember,https://www.tauntongazette.com/restricted/?return=https%3A%2F%2Fwww.tauntongazette.com%2Fstory%2Fsports%2Fhigh-school%2Fsoftball%2F2022%2F06%2F17%2Fdi-softball-championship-preview-taunton-looks-defend-title%2F7653584001%2F,0.0006277595537445845
zlib,nonmember,https://www.tauntongazette.com/story/sports/high-school/2022/05/19/thursdays-high-school-scores-taunton-baseball-tops-new-bedford/9849067002/,0.002058186101028341
zlib,nonmember,https://www.tauntongazette.com/story/news/crime/2022/06/14/violent-armed-robbery-taunton-liquor-store-teenagers/7547639001/,0.001253471971086251
zlib,nonmember,https://www.tauntongazette.com/restricted/?return=https%3A%2F%2Fwww.tauntongazette.com%2Fstory%2Fnews%2Ftraffic%2F2022%2F06%2F02%2Fraynham-traffic-safety-directed-patrols-route-44-138-laliberte-radar%2F7459981001%2F,0.0007455462715938173
zlib,nonmember,https://www.tauntongazette.com/story/news/politics/elections/local/2022/04/10/dighton-election-selectman-brett-zografos-loses-peter-caron-rachel-goulart-leonard-hull/9518631002/,0.001725747204182146
zlib,nonmember,https://www.tauntongazette.com/story/news/crime/2022/06/02/taunton-kevin-lennon-kbl-vending-machine-company-fraud-routes-randolph/9964627002/,0.0014523812334659777
zlib,nonmember,https://www.tauntongazette.com/story/news/crime/2022/06/14/dighton-police-applicants-first-youth-police-academy-training-teens/7610328001/,0.0012114309083086732
zlib,nonmember,https://www.tauntongazette.com/story/lifestyle/pets/2022/09/11/pet-week-frost-cat-taunton-animal-shelter-adoption-rescue/8037418001/,0.004863779376594597
zlib,nonmember,https://www.tauntongazette.com/restricted/?return=https%3A%2F%2Fwww.tauntongazette.com%2Fstory%2Fsports%2Fhigh-school%2Fbaseball%2F2022%2F06%2F03%2Fhere-20-taunton-area-baseball-players-watch-postseason%2F7478307001%2F,0.0007455462715938173
zlib,nonmember,https://www.tauntongazette.com/story/news/coronavirus/2022/08/01/gda-covid-19-state-2022-08-01-ma-ntdg/65387943007/,0.0003885587615391542
zlib,nonmember,https://www.tauntongazette.com/story/lifestyle/pets/2022/07/03/pets-week-bonded-buddies-taunton-animal-shelter-cat-rescue/7787356001/,0.006411904314082673
zlib,nonmember,https://www.tauntongazette.com/restricted/?return=https%3A%2F%2Fwww.tauntongazette.com%2Fstory%2Fnews%2Fgood-news%2F2022%2F06%2F10%2Ftaunton-quadruplets-ashley-ness-expecting-2-pairs-identical-twins-spontaneous-natural%2F9926790002%2F,0.0006617710710222637
zlib,nonmember,https://www.tauntongazette.com/restricted/?return=https%3A%2F%2Fwww.tauntongazette.com%2Fstory%2Fnews%2Fenvironment%2F2022%2F04%2F15%2Ftaunton-aries-gasification-rfp-city-solicitor-matthew-costa-sludge-pfas-landfill-law-department%2F7308483001%2F,0.0006455876791677979
zlib,nonmember,https://www.tauntongazette.com/story/news/local/2022/09/04/taunton-gazette-top-5-tom-and-jimmys-paul-monti-epa-outlaws-verdict/7974572001/,0.0010187742543813843
zlib,nonmember,https://www.tauntongazette.com/story/news/2022/09/08/taunton-salute-peter-corr-retired-police-officer-taunton-school-committee-bristol-plymouth-tmlp/7959671001/,0.0010839257763864962
zlib,nonmember,https://www.tauntongazette.com/story/news/education/2022/05/27/taunton-high-school-teen-ted-talk-club-kids-mental-health-children-students/9793978002/,0.0008872541660184633
zlib,nonmember,https://www.tauntongazette.com/story/sports/high-school/softball/2022/05/06/lynch-krockta-lead-high-powered-taunton-softball-offense-over-foxboro/9682372002/,0.0007364980651501761
zlib,nonmember,https://www.tauntongazette.com/story/sports/high-school/football/2022/04/27/b-ps-bill-moan-inducted-into-mhsfca-hall-fame/7449548001/,0.001412215719571417
zlib,nonmember,https://www.tauntongazette.com/story/news/local/2022/06/23/berkley-town-administrator-heather-martin-sterling-resigns-accountant-katherine-avila-nickelson/7709859001/,0.002554975947267747
zlib,nonmember,https://www.tauntongazette.com/restricted/?return=https%3A%2F%2Fwww.tauntongazette.com%2Fstory%2Fbusiness%2Freal-estate%2F2022%2F06%2F20%2Freal-estate-taunton-duplex-weir-sells-just-under-600-000-property-transfers-dighton-raynham-berkley%2F7646205001%2F,0.0006277595537445845
zlib,nonmember,https://www.tauntongazette.com/story/entertainment/local/2022/05/17/lgbtq-drag-queen-reads-kids-taunton-public-library-story-hour/9778301002/,0.002093055980732028
zlib,nonmember,https://www.tauntongazette.com/restricted/?return=https%3A%2F%2Fwww.tauntongazette.com%2Fstory%2Fnews%2Fhomelessness%2F2022%2F05%2F26%2Ftaunton-homeless-shelter-samaritan-house-intoxicated-residents-sober-paul-mccarty-ingell-street%2F9853542002%2F,0.0006835451458833184
zlib,nonmember,https://www.tauntongazette.com/story/sports/2022/09/14/taunton-high-home-games-moved-work-wraps-up-new-sports-facilities/10379120002/,0.0025506290051178523
zlib,nonmember,https://www.tauntongazette.com/story/news/crime/2022/05/20/berkley-horse-breeder-gary-bolger-arraigned-animal-cruelty-rescue-league-bail-ponies/9838390002/,0.001837113589604938
zlib,nonmember,https://www.tauntongazette.com/story/news/environment/2022/09/01/taunton-epa-ethylene-oxide-gas-cancer-carcinogen-professional-contract-sterilization-pcs-myles/7867302001/,0.0007737301104548308
zlib,nonmember,https://www.tauntongazette.com/story/news/local/2022/08/14/taunton-top-stories-star-club-beatles-sports-betting-d-r-vote/10310653002/,0.0013859083308652386
zlib,nonmember,https://www.tauntongazette.com/story/news/local/2022/05/22/taunton-top-news-stories-nurse-strike-drag-queen-story-hour/9858263002/,0.0011028159461572364
zlib,nonmember,https://www.tauntongazette.com/story/sports/high-school/2022/05/13/fridays-high-school-sports-deponte-breaks-ths-girls-two-mile-record/9770298002/,0.0014971526148808104
zlib,nonmember,https://www.tauntongazette.com/story/news/local/2022/07/29/raynham-town-administrator-dartmouth-gregory-w-barnes-ta/10167411002/,0.0008879474696186163
zlib,nonmember,https://www.tauntongazette.com/story/sports/high-school/2022/04/26/who-taunton-daily-gazette-player-week-april-18-23/7444148001/,0.0012569849538578335
zlib,nonmember,https://www.tauntongazette.com/story/news/history/2022/09/07/curious-taunton-second-oldest-tree-massachusetts-european-beech-winthrop-street/7989563001/,0.0016030802723798997
zlib,nonmember,https://www.tauntongazette.com/restricted/?return=https%3A%2F%2Fwww.tauntongazette.com%2Fstory%2Fnews%2Fdrugs%2Fmarijuana%2F2022%2F04%2F20%2Ftaunton-montel-williams-tv-host-freshly-baked-cannabis-marijuana-vapes-inspire%2F7330683001%2F,0.0006455876791677979
zlib,nonmember,https://www.tauntongazette.com/story/news/education/2022/06/04/meet-bristol-plymouth-regional-technical-schools-top-10-graduates-2022/9960983002/,0.0006861238412710149
zlib,nonmember,https://www.tauntongazette.com/story/news/2022/04/24/raynham-dojo-promotes-73-year-old-student-black-belt/7294157001/,0.0008258723794548873
zlib,nonmember,https://www.tauntongazette.com/story/sports/high-school/2022/05/03/who-taunton-daily-gazette-player-week-april-25-may-1/9625544002/,0.0011427394298920875
zlib,nonmember,https://www.tauntongazette.com/story/news/local/2022/05/26/greater-taunton-memorial-day-2022-events-observances-parades-more/9933106002/,0.0009045872317749876
zlib,nonmember,https://www.tauntongazette.com/restricted/?return=https%3A%2F%2Fwww.tauntongazette.com%2Fstory%2Flifestyle%2Ffood%2F2022%2F06%2F07%2Fraynham-restaurant-seafood-cones-broadway-ice-cream-lobster-burgers-fish-scallops%2F7471543001%2F,0.0007455462715938173
zlib,nonmember,https://www.tauntongazette.com/story/news/local/2022/06/28/leoncello-boxing-gym-owner-looks-help-addicts-kids-through-fitness-raynham-brockton-west-bridgewater/7535378001/,0.000966909807512828
zlib,nonmember,https://www.tauntongazette.com/restricted/?return=https%3A%2F%2Fwww.tauntongazette.com%2Fstory%2Fnews%2Fenvironment%2F2022%2F06%2F02%2Ftaunton-lake-sabbatia-invasive-weeds-milfoil-fanwort-water-chestnut-sonar-herbicide%2F9895021002%2F,0.0007455462715938173
zlib,nonmember,https://www.tauntongazette.com/story/news/local/2022/08/21/taunton-stop-stories-nancy-quill-joe-nugent-carrie-consalvi-emu/7846200001/,0.0014702035745647183
zlib,nonmember,https://www.tauntongazette.com/story/news/politics/elections/state/2022/08/26/taunton-area-early-voting-times-locations-ma-state-primary/7888315001/,0.0012910858997763472
zlib,nonmember,https://www.tauntongazette.com/story/sports/high-school/2022/05/24/who-taunton-daily-gazette-player-week-may-16-21/9907450002/,0.001121584655987996
zlib,nonmember,https://www.tauntongazette.com/story/sports/high-school/baseball/2022/06/10/big-first-inning-propels-dighton-rehoboth-over-north-reading/7576854001/,0.0006557483222462082
zlib,nonmember,https://www.tauntongazette.com/story/entertainment/local-celebrity/2022/08/15/radio-dj-raynham-native-nancy-quill-ma-broadcasters-hall-fame/10245334002/,0.0006704156410042035
zlib,nonmember,https://www.tauntongazette.com/story/news/local/2022/05/04/berkley-animal-rescue-league-horse-breeder-animal-cruelty-ponies-gary-bolger/9633574002/,0.0015634829340031514
zlib,nonmember,https://www.tauntongazette.com/story/news/education/graduation/2022/06/05/taunton-high-school-kayla-parrett-microbiology-harvard-university-ivy-league/7488778001/,0.0011171336562056863
zlib,nonmember,https://www.tauntongazette.com/story/sports/high-school/baseball/2022/05/03/taunton-baseball-bounces-back-strong-outing-macdougall/9624058002/,0.0008096798557069387
zlib,nonmember,https://www.tauntongazette.com/story/news/local/2022/09/11/taunton-gazette-top-5-stories-oldest-tree-d-r-football-leonard-school/8027007001/,0.0013188192277823715
zlib,nonmember,https://www.tauntongazette.com/story/sports/high-school/baseball/2022/07/25/taunton-baseball-honored-for-winning-their-second-title-in-three-years-at-fenway-park/10137848002/,0.0011956423868013661
zlib,nonmember,https://www.tauntongazette.com/story/news/education/2022/06/14/taunton-public-schools-arpa-covid-pandemic-money-technology-internet-laptops/7452776001/,0.0008829699315970389
zlib,nonmember,https://www.tauntongazette.com/story/business/2022/04/04/pro-wrestler-opens-new-gaming-and-collectibles-shop-taunton/7228719001/,0.0011179878546352764
zlib,nonmember,https://www.tauntongazette.com/story/sports/high-school/softball/2022/06/17/taunton-high-softball-team-hype-chain-jewelry-teamwork/7650497001/,0.0009942899095367111
zlib,nonmember,https://www.tauntongazette.com/story/news/education/2022/08/24/taunton-area-back-school-start-dates-2022-dighton-raynham-berkley-bristol-aggie-connolly/7877288001/,0.0032512197871025707
zlib,nonmember,https://www.tauntongazette.com/restricted/?return=https%3A%2F%2Fwww.tauntongazette.com%2Fstory%2Fnews%2Ffire%2F2022%2F06%2F16%2Ffirefighting-fire-hydrants-cistern-fire-department%2F7567018001%2F,0.0006617710710222637
zlib,nonmember,https://www.tauntongazette.com/story/sports/high-school/2022/04/22/fridays-high-school-scores-taunton-baseball-tames-attleboro/7420163001/,0.001149818531713724
zlib,nonmember,https://www.tauntongazette.com/story/sports/high-school/softball/2022/06/07/aldrich-leads-taunton-softballs-offensive-onslaught-over-newton-south/7541810001/,0.0009087804658752655
zlib,nonmember,https://www.tauntongazette.com/restricted/?return=https%3A%2F%2Fwww.tauntongazette.com%2Fstory%2Fbusiness%2Freal-estate%2F2022%2F05%2F02%2Freal-estate-taunton-home-flipped-resold-almost-double-price%2F9574052002%2F,0.00042304941648189573
zlib,nonmember,https://www.tauntongazette.com/story/news/politics/government/2022/07/14/conflict-interest-law-whittenton-hardware-stops-selling-taunton/7609655001/,0.0009459778931511985
zlib,nonmember,https://www.tauntongazette.com/story/news/education/graduation/2022/06/11/meet-taunton-high-schools-top-10-graduates-2022/7500666001/,0.0006135559885797567
zlib,nonmember,https://www.tauntongazette.com/story/news/education/2022/05/12/taunton-deca-students-top-fundraisers-muscular-dystrophy-association/9661696002/,0.0008465729753538174
zlib,nonmember,https://www.tauntongazette.com/story/news/local/2022/06/21/state-community-compact-cabinet-municipal-grant-for-taunton-expected-to-benefit-water-customers/7584915001/,0.002163847991752774
zlib,nonmember,https://www.tauntongazette.com/story/sports/2022/04/14/wednesdays-scores-big-wins-d-r-bp-baseball-b-r-d-r-softball/7315890001/,0.0016193865354322534
zlib,nonmember,https://www.tauntongazette.com/restricted/?return=https%3A%2F%2Fwww.tauntongazette.com%2Fstory%2Fnews%2Fpolitics%2F2022%2F06%2F17%2Fraynham-town-administrator-graham-waters-leaves-fire-chief-bryan-lacivita-interim%2F7642879001%2F,0.0006277595537445845
zlib,nonmember,https://www.tauntongazette.com/story/news/education/2022/05/26/taunton-dighton-rehoboth-bridgewater-raynham-berkley-schools-texas-uvalde-shooting/9926000002/,0.0006100920526263813
zlib,nonmember,https://www.tauntongazette.com/story/business/2022/07/21/taunton-east-rentals-bsu-student-kids-party-business-cassidy-andrade-bridgewater-state-university/10049739002/,0.00105507575326977
zlib,nonmember,https://www.tauntongazette.com/story/news/local/2022/06/26/taunton-gazette-top-5-grilla-greek-kouzina-berkley-raynham-black-bear/7726310001/,0.0012189660002003453
zlib,nonmember,https://www.tauntongazette.com/story/sports/high-school/soccer/2022/08/26/former-coyle-boys-coach-dan-borges-lead-taunton-high-girls-soccer/7880893001/,0.0007810960355883401
zlib,nonmember,https://www.tauntongazette.com/story/sports/2022/04/08/d-r-girls-lacrosse-taunton-volleyball-notch-big-wins-thursday/9509023002/,0.0013228099731175285
zlib,nonmember,https://www.tauntongazette.com/story/sports/high-school/2022/05/24/tuesdays-high-school-scores-raposo-hits-150-ks-win-over-seekonk/9919165002/,0.0018283483534438033
zlib,nonmember,https://www.tauntongazette.com/story/news/local/2022/08/28/taunton-top-stories-back-school-dan-borges-coach-city-clerk/7905802001/,0.001201996431858509
zlib,nonmember,https://www.tauntongazette.com/story/entertainment/2022/05/25/taunton-tom-petty-tribute-band-breakers-play-cape-cod-melody-tent/9794027002/,0.0008582204018041426
zlib,nonmember,https://www.tauntongazette.com/story/sports/high-school/2022/09/18/b-p-football-b-r-girls-soccer-september-17-2022/10422783002/,0.0036024750724607457
zlib,nonmember,https://www.tauntongazette.com/restricted/?return=https%3A%2F%2Fwww.tauntongazette.com%2Fstory%2Fnews%2Feducation%2F2022%2F06%2F13%2Fdighton-rehoboth-high-school-bullets-gun-graffiti-led-lockdowns%2F7553894001%2F,0.0006617710710222637
zlib,nonmember,https://www.tauntongazette.com/story/sports/high-school/2022/05/27/fridays-high-school-scores-krockta-leads-taunton-over-newton-north/9967455002/,0.000716275103543373
zlib,nonmember,https://www.tauntongazette.com/story/sports/high-school/2022/05/09/mondays-high-school-scores-taunton-girls-lacrosse-earns-first-win/9712881002/,0.0012992005395389724
zlib,nonmember,https://www.tauntongazette.com/story/sports/2022/04/07/wednesdays-high-school-scores-d-r-volleyball-b-p-boys-tennis-win/9494679002/,0.0045479224381258605
zlib,nonmember,https://www.tauntongazette.com/story/sports/high-school/2022/05/23/captain-falcon-d-rs-eliana-raposo-leader-and-off-field-dighton-rehoboth-softball-st-thomas-aquinas/9859522002/,0.00048543283022340613
zlib,nonmember,https://www.tauntongazette.com/restricted/?return=https%3A%2F%2Fwww.tauntongazette.com%2Fstory%2Fsports%2Fhigh-school%2F2022%2F04%2F04%2Fhere-2021-22-taunton-daily-gazette-hockey-all-scholastics%2F7211770001%2F,0.0006455876791677979
zlib,nonmember,https://www.tauntongazette.com/story/news/2022/09/08/restaurants-taunton-berkley-seek-workers-as-dining-rises-with-easing-of-covid-restrictions/7930421001/,0.0012160032131266767
zlib,nonmember,https://www.tauntongazette.com/story/news/2022/06/17/taunton-residents-invited-to-honor-our-military-in-recognition-of-ptsd-month/7639824001/,0.0015680724332788004
zlib,nonmember,https://www.tauntongazette.com/story/news/education/2022/06/08/dighton-rehoboth-high-school-threat-bullets-found-d-r-bathroom/7562165001/,0.0014752258847920323
zlib,nonmember,https://www.tauntongazette.com/story/sports/college/softball/2022/04/28/tight-knit-d-r-softball-soars-over-bourne/9565836002/,0.0007222082849582754
zlib,nonmember,https://www.tauntongazette.com/story/news/education/2022/06/08/taunton-e-pole-elementary-school-crossing-guard-rick-spearin-honored-award-massdot-safe-routes/7500018001/,0.001989238487864394
zlib,nonmember,https://www.tauntongazette.com/story/news/environment/2022/08/12/raynham-center-water-district-pfas-residents-warned-drinking-water-chemicals/10291896002/,0.0007912704053261138
zlib,nonmember,https://www.tauntongazette.com/story/news/history/2022/04/26/taunton-landscape-architect-frederick-law-olmsteds-200th-anniversary/7325057001/,0.0006166787176481189
zlib,nonmember,https://www.tauntongazette.com/story/news/local/2022/04/04/taunton-store-dressed-up-blue-yellow-and-white-ukraine/7243729001/,0.0021066554539853973
zlib,nonmember,https://www.tauntongazette.com/story/news/fire/2022/06/23/taunton-ma-electrocution-man-dies-415-danforth-street/7711332001/,0.002486307807389913
zlib,nonmember,https://www.tauntongazette.com/story/news/local/2022/06/28/friends-create-engayge-social-media-app-cater-lgbtq-community-somerset-dighton/7721617001/,0.0007063097873136483
zlib,nonmember,https://www.tauntongazette.com/story/sports/high-school/2022/04/21/thursdays-high-school-scores-b-r-baseball-wins-pnhs-tournament/7401592001/,0.0012113059687389217
zlib,nonmember,https://www.tauntongazette.com/story/news/local/2022/05/23/second-annual-downtown-art-jam-draws-crowd-taunton-green-2022/9876016002/,0.0017793939748864918
zlib,nonmember,https://www.tauntongazette.com/story/sports/high-school/2022/09/13/taunton-daily-gazette-player-week-sept-5-10-bridgewater-raynham-bristol-plymouth-dighton-rehoboth/10363911002/,0.001204113559129177
zlib,nonmember,https://www.tauntongazette.com/story/lifestyle/pets/2022/06/19/pet-week-bella-lab-shepherd-taunton-dog-adoption-pet-rescue/7659231001/,0.004452076197105923
zlib,nonmember,https://www.tauntongazette.com/story/news/local/2022/06/23/taunton-holds-third-annual-juneteenth-celebration-2022/7684249001/,0.0008230132264313637
zlib,nonmember,https://www.tauntongazette.com/story/lifestyle/pets/2022/04/03/pet-week-leo-dog-adoption-hound-am-staff-taunton-animal-rescue/7244204001/,0.0038767483239296454
zlib,nonmember,https://www.tauntongazette.com/story/news/local/2022/06/14/dighton-lgbtq-pride-flag-maura-healey-approves-bylaw-amendments-town-hall-attorney-general/7534434001/,0.0017257929966567173
zlib,nonmember,https://www.tauntongazette.com/story/sports/high-school/2022/04/18/mondays-high-school-scores-d-r-baseball-boys-lacrosse-earn-wins/7361813001/,0.002375555366364866
zlib,nonmember,https://www.tauntongazette.com/story/news/history/2022/06/13/raynham-milk-bottle-history-novelty-architecture-roadside-pop/7554688001/,0.0012199508506254336
zlib,nonmember,https://www.tauntongazette.com/story/sports/2022/04/26/first-opening-day-ceremony-years-for-taunton-girls-softball-league-saturday/7429253001/,0.001131200954853268
zlib,nonmember,https://www.tauntongazette.com/story/sports/college/softball/2022/05/03/taunton-native-jaylin-couto-named-ccc-softball-pitcher-week/9637386002/,0.0020533272762038126
zlib,nonmember,https://www.tauntongazette.com/story/sports/high-school/2022/05/03/tuesdays-high-school-scores-taunton-girls-track-snags-win-milford/9636096002/,0.001380434850061802
zlib,nonmember,https://www.tauntongazette.com/story/sports/high-school/softball/2022/06/17/back-back-taunton-claims-d-1-title-thriller-peabody/7666385001/,0.0005746572372210715
zlib,nonmember,https://www.tauntongazette.com/story/sports/high-school/2022/04/29/fridays-high-school-scores-d-rs-raposo-leads-charge-over-apponequet/9590890002/,0.0014028408554814065
zlib,nonmember,https://www.tauntongazette.com/story/news/local/2022/05/13/morton-hospital-nurses-taunton-authorize-three-day-strike/9751638002/,0.0013471208626186502
zlib,nonmember,https://www.tauntongazette.com/story/lifestyle/health-fitness/2022/04/27/new-raynham-athletic-club-program-young-adults-developmental-disabilities/7399974001/,0.000837220426798338
zlib,nonmember,https://www.tauntongazette.com/story/sports/high-school/track-field/2022/05/16/dighton-rehoboth-high-school-track-being-repaired-spring/9705691002/,0.0010404015729863281
zlib,nonmember,https://www.tauntongazette.com/story/sports/high-school/2022/09/16/sports-highlights-friday-b-p-volleyball-players-aces-despite-loss/10399748002/,0.0016927498488785917
zlib,nonmember,https://www.tauntongazette.com/restricted/?return=https%3A%2F%2Fwww.tauntongazette.com%2Fstory%2Fnews%2Fenvironment%2F2022%2F06%2F21%2Ftaunton-massasoit-state-park-invasive-weeds-big-bearhole-pond-lake-rico%2F7659441001%2F,0.0009465055677502668
zlib,nonmember,https://www.tauntongazette.com/restricted/?return=https%3A%2F%2Fwww.tauntongazette.com%2Fstory%2Fnews%2Flocal%2F2022%2F04%2F12%2Ftaunton-zoning-lot-sizes-smaller-planning-board-city-council-high-rents-affordable-housing%2F9501110002%2F,0.0006455876791677979
zlib,nonmember,https://www.tauntongazette.com/story/news/local/2022/06/19/taunton-gazette-top-5-taunton-river-trail-milk-bottle-monuments-men/7661287001/,0.0012092410003783306
zlib,nonmember,https://www.tauntongazette.com/story/news/education/2022/06/20/raynham-town-election-bristol-plymouth-debt-exclusion-vote-june-28-2022-new-school-construcition-bp/7654613001/,0.0012872358825613554
zlib,nonmember,https://www.tauntongazette.com/story/news/education/2022/05/24/bristol-plymouth-grad-headed-dartmouth/9809051002/,0.0010508285448528939
zlib,nonmember,https://www.tauntongazette.com/story/sports/high-school/2022/06/06/mondays-high-school-playoff-scores-b-r-softball-shuts-down-lexington/7540912001/,0.0015602353447344533
zlib,nonmember,https://www.tauntongazette.com/story/lifestyle/food/2022/06/03/10-taunton-area-restaurants-celebrate-national-veggie-burger-day/7490764001/,0.0008235311660304707
zlib,nonmember,https://www.tauntongazette.com/story/news/crime/2022/07/30/dighton-police-lt-sean-cronin-chief-robert-mcdonald-retire/10185597002/,0.001524566969474887
zlib,nonmember,https://www.tauntongazette.com/story/news/local/2022/05/15/taunton-top-stories-rescued-ponies-puddle-jumper-quilts-cannabis-odor-dighton-rehoboth-district/9764106002/,0.0012524439042635158
zlib,nonmember,https://www.tauntongazette.com/story/sports/high-school/2022/05/11/wednesdays-high-school-scores-venturelli-leads-taunton-over-franklin/9736402002/,0.0009576205061990016
zlib,nonmember,https://www.tauntongazette.com/restricted/?return=https%3A%2F%2Fwww.tauntongazette.com%2Fstory%2Fbusiness%2Freal-estate%2F2022%2F06%2F13%2Freal-estate-berkley-home-dates-1750-sells-713-000-property-transfers-taunton-raynham-dighton%2F7570558001%2F,0.0006617710710222637
zlib,nonmember,https://www.tauntongazette.com/story/news/local/2022/09/15/taunton-boys-girls-club-metro-south-wave-headbands-prevent-drowning-detection/10360441002/,0.0015083430552262679
zlib,nonmember,https://www.tauntongazette.com/restricted/?return=https%3A%2F%2Fwww.tauntongazette.com%2Fstory%2Fbusiness%2Freal-estate%2F2022%2F05%2F16%2Freal-estate-taunton-colonial-harvest-wood-dr-sells-685-000%2F9750065002%2F,0.00042304941648189573
zlib,nonmember,https://www.tauntongazette.com/story/sports/high-school/2022/05/08/weekend-high-school-scores-sophomores-lead-b-r-boys-lax-over-canton/9700366002/,0.0016525689314126999
zlib,nonmember,https://www.tauntongazette.com/story/sports/high-school/football/2022/08/22/top-questions-greater-taunton-high-school-football-2022-season/7847826001/,0.0007452016980601141
zlib,nonmember,https://www.tauntongazette.com/restricted/?return=https%3A%2F%2Fwww.tauntongazette.com%2Fstory%2Fsports%2Fhigh-school%2Fsoftball%2F2022%2F06%2F06%2Fhere-15-taunton-area-softball-players-watch-postseason%2F7527401001%2F,0.0007455462715938173
zlib,nonmember,https://www.tauntongazette.com/story/sports/high-school/2022/04/28/thursdays-high-school-scores-b-r-softball-blows-past-brockton/9579594002/,0.0012611212251511642
zlib,nonmember,https://www.tauntongazette.com/story/sports/high-school/baseball/2022/04/19/high-school-baseball-durfee-taunton-evan-cali-tigers/7370663001/,0.0010983532180188302
zlib,nonmember,https://www.tauntongazette.com/story/news/education/2022/08/04/dighton-rehoboth-dr-special-town-meeting-withdrawing-k-8-wealth-factor-state-aid-budget-assessment/10225997002/,0.0009889011734086862
zlib,nonmember,https://www.tauntongazette.com/restricted/?return=https%3A%2F%2Fwww.tauntongazette.com%2Fstory%2Fbusiness%2Freal-estate%2F2022%2F04%2F11%2Freal-estate-taunton-two-family-home-whittneton-renovated-resold-double-price-dighton-berkley-raynham%2F9502293002%2F,0.0006455876791677979
zlib,nonmember,https://www.tauntongazette.com/story/news/2022/06/09/former-taunton-middle-school-student-its-new-principal/7570708001/,0.001593854246113141
zlib,nonmember,https://www.tauntongazette.com/story/news/local/2022/05/08/taunton-gazette-top-stories-marcus-santos-silva-nfl-real-estate/9680799002/,0.0014228918263669763
zlib,nonmember,https://www.tauntongazette.com/story/business/2022/08/08/raynham-park-to-offer-betting-on-pro-sports-greyhound-races-thoroughbred-racing-harness-racing/10223531002/,0.001542078779131363
zlib,nonmember,https://www.tauntongazette.com/story/sports/high-school/2022/09/15/peters-thayer-lead-b-r-golf-rare-win-over-xaverian/10389651002/,0.0018366534279300425
zlib,nonmember,https://www.tauntongazette.com/story/sports/high-school/2022/04/09/taunton-softball-plates-29-runs-pitchers-combine-for-no-hitter/9520866002/,0.001382700690524928
zlib,nonmember,https://www.tauntongazette.com/story/sports/high-school/softball/2022/06/11/big-bats-solid-pitching-powers-taunton-softball-past-central-catholic/7590572001/,0.0007871788182909991
zlib,nonmember,https://www.tauntongazette.com/story/news/local/2022/08/18/taunton-food-banks-tackle-growing-food-requests-caused-by-rising-costt-of-living/10343021002/,0.0008754136500595633
zlib,nonmember,https://www.tauntongazette.com/story/news/traffic/2022/06/28/taunton-upgrade-downtown-crosswalks-main-street-mass-dot-shared-streets-grant-school-trescott-cedar/7653234001/,0.0013583228169636531
zlib,nonmember,https://www.tauntongazette.com/story/sports/high-school/football/2022/09/01/young-revamped-bristol-plymouth-football-team-rebuilds-2022-season-taunton/7942923001/,0.0007865246805283059
zlib,nonmember,https://www.tauntongazette.com/story/news/healthcare/2022/07/05/lakeville-cancer-fred-candyman-reagan-fundraising-machine-hilliards-chocolate-jimmy-fund-dana-farber/7765381001/,0.001077812226426796
zlib,nonmember,https://www.tauntongazette.com/story/sports/2022/04/14/high-school-scores-bp-baseball-wins-again-first-win-taunton-boys-tennis/7326545001/,0.002495497111826963
zlib,nonmember,https://www.tauntongazette.com/story/sports/high-school/2022/06/03/fridays-high-school-scores-two-taunton-runners-meet-champions/7509925001/,0.0019205140536032225
zlib,nonmember,https://www.tauntongazette.com/story/sports/2022/04/05/monday-scores-d-r-b-p-softball-taunton-baseball-win-season-openers/9467272002/,0.0013329003019167535
zlib,nonmember,https://www.tauntongazette.com/story/lifestyle/pets/2022/06/05/pet-week-remi-am-staff-dog-taunton-animal-shelter-rescue/7501433001/,0.0036545942209258997
zlib,nonmember,https://www.tauntongazette.com/story/special/2022/08/18/boston-tavern-middleboro-hosts-little-league-world-series-watch-party/10346816002/,0.0015764109440764517
zlib,nonmember,https://www.tauntongazette.com/story/sports/high-school/baseball/2022/06/11/bridgewater-raynham-baseball-bows-out-franklin-elite-eight/7599839001/,0.0024023052367324513
zlib,nonmember,https://www.tauntongazette.com/story/news/local/2022/04/03/top-stories-police-staffing-bennys-vargas-murders-aries/7245302001/,0.0011864699035440006
zlib,nonmember,https://www.tauntongazette.com/story/sports/high-school/baseball/2022/05/01/d-r-celebrates-cuthbertsons-600th-win-all-around-effort-601/9593800002/,0.0006035754094835263
zlib,nonmember,https://www.tauntongazette.com/story/news/local/2022/08/08/raynham-police-and-fire-still-waiting-new-public-safety-building/10234123002/,0.001235529014573499
zlib,nonmember,https://www.tauntongazette.com/story/news/education/2022/07/13/old-colony-ymca-camp-taunton-children-field-trips-water-wizz-blue-hills-museum-of-science-newport/10017455002/,0.0010560607619766857
zlib,nonmember,https://www.tauntongazette.com/story/news/politics/government/2022/04/28/2020-federal-census-taunton-voting-precinct-lines-have-changed/9556638002/,0.0026726643685286685
zlib,nonmember,https://www.tauntongazette.com/story/sports/high-school/softball/2022/05/10/larson-goes-distance-but-taunton-softball-falls-short-kp/9713212002/,0.0008955875826270153
zlib,nonmember,https://www.tauntongazette.com/story/sports/high-school/2022/05/26/thursdays-high-school-scores-b-p-comes-back-over-west-bridgewater/9953127002/,0.0014252984486762261
zlib,nonmember,https://www.tauntongazette.com/restricted/?return=https%3A%2F%2Fwww.tauntongazette.com%2Fstory%2Fnews%2Flocal%2F2022%2F05%2F12%2Fconstruction-of-sports-simulcasting-facility-at-raynham-park-begins%2F9620945002%2F,0.00042304941648189573
zlib,nonmember,https://www.tauntongazette.com/restricted/?return=https%3A%2F%2Fwww.tauntongazette.com%2Fstory%2Fnews%2Flocal%2F2022%2F05%2F06%2Ftaunton-union-block-new-apartments-impact-parking-downtown%2F9664108002%2F,0.00042304941648189573
zlib,nonmember,https://www.tauntongazette.com/story/sports/high-school/2022/05/02/mondays-high-school-scores-b-r-baseball-earns-sixth-shutout/9624473002/,0.0010911060161573891
zlib,nonmember,https://www.tauntongazette.com/story/sports/high-school/baseball/2022/06/07/super-cali-bros-cali-brothers-cousin-help-lift-taunton-over-waltham/7541598001/,0.0007201120901903896
zlib,nonmember,https://www.tauntongazette.com/story/sports/college/basketball/2022/07/08/tauntons-doug-alves-signs-division-ii-francis-marion-university/7825438001/,0.0015157268568579232
zlib,nonmember,https://www.tauntongazette.com/story/news/history/2022/08/05/curious-taunton-big-bands-once-packed-historic-roseland-ballroom/10043459002/,0.0008380616038449019
zlib,nonmember,https://www.tauntongazette.com/story/sports/high-school/baseball/2022/06/08/clutch-hits-solid-pitching-earn-taunton-baseball-win-over-natick/7558149001/,0.000703117011403574
zlib,nonmember,https://www.tauntongazette.com/story/sports/high-school/2022/05/01/weekend-high-school-scores-b-r-girls-lax-rallies-past-bishop-stang/9611890002/,0.0023682512446731767
zlib,nonmember,https://www.tauntongazette.com/story/sports/high-school/baseball/2022/06/11/taunton-baseball-shuts-out-braintree-advance-final-four/7595541001/,0.0006421239995551907
zlib,nonmember,https://www.tauntongazette.com/story/sports/high-school/2022/05/18/wednesdays-high-school-scores-mendonca-leads-taunton-over-mansfield/9833177002/,0.0011046366944766006
zlib,nonmember,https://www.tauntongazette.com/story/news/education/2022/05/10/taunton-drag-queen-story-hour-lgbtq-storytime-children-library-pride/9690148002/,0.0014779554506815147
zlib,nonmember,https://www.tauntongazette.com/story/news/crime/2022/07/29/attorney-prepares-defense-berkley-horse-breeder-charged-animal-cruelty/10156526002/,0.0014362067316534245
zlib,nonmember,https://www.tauntongazette.com/story/news/politics/2022/07/12/taunton-roe-v-wade-day-action-rally-green/10025663002/,0.0009100464764302974
zlib,nonmember,https://www.tauntongazette.com/story/business/2022/08/31/tauntons-tom-and-jimmys-replace-peaceful-meadows-middleboro-ice-cream/7937528001/,0.0008877855718681433
zlib,nonmember,https://www.tauntongazette.com/story/news/education/graduation/2022/06/04/dighton-bristol-aggie-valedictorian-noah-hanson-study-wildlife/7455092001/,0.001006264534244224
zlib,nonmember,https://www.tauntongazette.com/restricted/?return=https%3A%2F%2Fwww.tauntongazette.com%2Fstory%2Fbusiness%2Freal-estate%2F2022%2F04%2F25%2Freal-estate-condo-tauntons-somerset-gardens-sells-238-000-property-transfers-raynham-dighton%2F7400306001%2F,0.0006455876791677979
zlib,nonmember,https://www.tauntongazette.com/story/sports/high-school/football/2022/09/09/bristol-plymouth-old-colony-football-september-9-2022/8040271001/,0.0017138362673634288
zlib,nonmember,https://www.tauntongazette.com/restricted/?return=https%3A%2F%2Fwww.tauntongazette.com%2Fstory%2Flifestyle%2Ffood%2F2022%2F05%2F05%2Ftaunton-off-broadway-mimis-diner-replaces-downtown-restaurant-green%2F9613069002%2F,0.00042304941648189573
zlib,nonmember,https://www.tauntongazette.com/restricted/?return=https%3A%2F%2Fwww.tauntongazette.com%2Fstory%2Fnews%2Flocal%2F2022%2F04%2F26%2Frepairs-expensive-taunton-centuries-old-historic-fire-stations%2F7356816001%2F,0.0007096171536574255
zlib,nonmember,https://www.tauntongazette.com/story/news/local/2022/08/26/taunton-police-want-longer-school-safety-zone-williams-street-near-parker-middle-school-curb-speedin/7887116001/,0.0014402927691552683
zlib,nonmember,https://www.tauntongazette.com/story/sports/high-school/2022/04/25/mondays-high-school-scores-d-r-softball-rolls-over-old-rochester/7448535001/,0.0011133064730395772
zlib,nonmember,https://www.tauntongazette.com/story/news/local/2022/07/31/taunton-gazette-top-5-fedex-malis-message-balloon-dighton/10184011002/,0.0013051333959811775
zlib,nonmember,https://www.tauntongazette.com/story/sports/high-school/2022/05/12/thursdays-high-school-scores-b-p-baseball-bests-blue-hills/9754580002/,0.001458264794322809
zlib,nonmember,https://www.tauntongazette.com/story/sports/high-school/2022/05/31/who-taunton-daily-gazette-player-week-may-23-28/7453553001/,0.0010685836492749427
zlib,nonmember,https://www.tauntongazette.com/story/sports/high-school/baseball/2022/06/12/watts-shuts-out-arlington-catholic-seal-d-rs-spot-final-four/7604284001/,0.0006687698764559379
zlib,nonmember,https://www.tauntongazette.com/story/sports/high-school/2022/09/13/taunton-girls-cross-countrys-dunham-finishes-first-vs-king-philip/10372600002/,0.0014899567569973684
zlib,nonmember,https://www.tauntongazette.com/story/news/local/2022/05/11/berkley-mspca-rescued-ponies-adoption-farm-horses-abuse-neglect-gary-bolger-animal-cruelty/9664881002/,0.0010329016662010177
zlib,nonmember,https://www.tauntongazette.com/story/sports/high-school/baseball/2022/04/26/macdougall-powers-balanced-taunton-baseball-clash-tigers/9548538002/,0.0008434934584619362
zlib,nonmember,https://www.tauntongazette.com/restricted/?return=https%3A%2F%2Fwww.tauntongazette.com%2Fstory%2Fbusiness%2Freal-estate%2F2022%2F04%2F04%2Freal-estate-victorian-taunton-high-street-sells-705-000-property-transfers-dighton-raynham-berkley%2F7235627001%2F,0.0006455876791677979
zlib,nonmember,https://www.tauntongazette.com/story/sports/high-school/softball/2022/05/11/berube-leads-case-softball-circle-and-plate-win-over-d-r/9725962002/,0.0006750909390659355
zlib,nonmember,https://www.tauntongazette.com/story/news/education/2022/08/08/dighton-rehoboth-regional-school-district-town-meeting-rejects-withdraw-kindergarten-8th-grade/10264070002/,0.0017635069874253402
zlib,nonmember,https://www.tauntongazette.com/story/sports/high-school/baseball/2022/05/24/seniors-have-themselves-day-taunton-baseball-beats-milford/9903898002/,0.0007800203654866632
zlib,nonmember,https://www.tauntongazette.com/story/sports/high-school/2022/04/24/weekend-scores-d-r-boys-lacrosse-keeps-rolling/7436705001/,0.0034825583157909383
zlib,nonmember,https://www.tauntongazette.com/story/news/local/2022/06/12/taunton-top-stories-rick-spearin-lyndsey-littlefield-rawkstars/7585873001/,0.0013453655289420836
zlib,nonmember,https://www.tauntongazette.com/story/news/local/2022/04/01/police-shortage-recruitment-traffic-detail-taunton-age-limit-home-rule-petition-civilian/7224873001/,0.0015113372556575268
zlib,nonmember,https://www.tauntongazette.com/story/lifestyle/pets/2022/04/17/pet-week-taunton-sophie-sandy-cat-adoption-animal-rescue/7332020001/,0.004828342352875309
zlib,nonmember,https://www.tauntongazette.com/story/sports/high-school/baseball/2022/05/12/franklin-quells-taunton-baseballs-bats-hockomock-showdown/9741562002/,0.000862510450441332
zlib,nonmember,https://www.tauntongazette.com/restricted/?return=https%3A%2F%2Fwww.tauntongazette.com%2Fstory%2Fsports%2Fhigh-school%2Fsoftball%2F2022%2F04%2F07%2Fhere-greater-taunton-softball-players-watch-spring%2F9474093002%2F,0.0006455876791677979
zlib,nonmember,https://www.tauntongazette.com/restricted/?return=https%3A%2F%2Fwww.tauntongazette.com%2Fstory%2Fnews%2Fenvironment%2F2022%2F05%2F26%2Ftaunton-climate-change-risk-flooding-ticks-extreme-heat-lake-sabbatia-massasoit-mvp-fema%2F9870920002%2F,0.0006835451458833184
zlib,nonmember,https://www.tauntongazette.com/story/news/local/2022/07/26/dighton-police-comfort-dog-oakie-partners-sro-stephen-hathaway/10126591002/,0.0007936995378692284
zlib,nonmember,https://www.tauntongazette.com/story/news/politics/elections/local/2022/08/02/raynham-early-voting-senior-center-displaced-middle-school/10193558002/,0.0011028044152861301
zlib,nonmember,https://www.tauntongazette.com/story/news/2022/04/28/berkley-selectman-candidates-george-miller-tabitha-mccrohan-lay-out-their-plans-town-election/9558606002/,0.0009457060003801284
zlib,nonmember,https://www.tauntongazette.com/story/news/local/2022/08/05/colonial-road-runners-host-5-k-every-monday-night-raynham/10210634002/,0.010569499059480191
zlib,nonmember,https://www.tauntongazette.com/story/news/2022/07/26/taunton-bikes-city-council-summer-activities-hopewell-park-security-box-cutter-ymca-boys-girls-club/10116445002/,0.0011243427044823479
zlib,nonmember,https://www.tauntongazette.com/restricted/?return=https%3A%2F%2Fwww.tauntongazette.com%2Fstory%2Fnews%2Feducation%2F2022%2F06%2F09%2Fschool-superintendent-explains-why-grad-speeches-sounded-distorted-bridgewater-raynham%2F7560869001%2F,0.0009190576554398943
zlib,nonmember,https://www.tauntongazette.com/story/news/local/2022/08/13/dighton-animal-cruelty-goats-emu-jerry-mspca-seized/10309754002/,0.0012925272640813088
zlib,nonmember,https://www.tauntongazette.com/story/sports/high-school/2022/04/12/who-taunton-daily-gazette-player-week-april-4-9/7286234001/,0.0014454068577164703
zlib,nonmember,https://www.tauntongazette.com/story/entertainment/arts/2022/05/16/downtown-art-jam-taunton-concerts-murals-exhibits-kids-activities/9746315002/,0.0009785199304915312
zlib,nonmember,https://www.tauntongazette.com/story/sports/high-school/2022/09/08/taunton-volleyball-soccer-golf-bridgewater-raynham-bristol-plymouth/8026401001/,0.0014730726550954245
zlib,nonmember,https://www.tauntongazette.com/story/lifestyle/pets/2022/05/08/pet-week-sadie-cat-adoption-taunton-shelter-pet-rescue/9675366002/,0.0057350991061877995
zlib,nonmember,https://www.tauntongazette.com/story/business/2022/07/22/taunton-silver-city-galleria-mall-fedex-warehouse-distribution-center-taxes-jobs/10091034002/,0.002093500668375155
zlib,nonmember,https://www.tauntongazette.com/story/entertainment/local/2022/06/29/dighton-celebrates-2022-firecracker-festival-town-hall-july-9/7760479001/,0.0024096695707776167
zlib,nonmember,https://www.tauntongazette.com/story/news/local/2022/06/10/dighton-town-meeting-oks-150-k-library-move-smith-memorial-hall/7574208001/,0.0011403593365836924
zlib,nonmember,https://www.tauntongazette.com/story/news/local/2022/04/17/top-stories-spring-sports-predictions-zografos-loses-rawkstars-taunton-dighton-raynham-pfas-aries/7335231001/,0.0013616039000176766
zlib,nonmember,https://www.tauntongazette.com/story/sports/high-school/2022/09/06/mondays-high-school-scores-taunton-volleyball-takes-opener-over-nb/8006377001/,0.0025592236341181874
zlib,nonmember,https://www.tauntongazette.com/story/sports/high-school/wrestling/2022/05/24/taunton-wrestler-christian-balmain-commits-iowa-lakes/9914298002/,0.0012872008445855875
zlib,nonmember,https://www.tauntongazette.com/story/news/local/2022/08/07/taunton-gazette-top-5-jenna-lyons-roseland-ballroom-shawn-cronin/10250463002/,0.0010750919685934741
zlib,nonmember,https://www.tauntongazette.com/story/sports/high-school/baseball/2022/04/20/dighton-rehoboth-falls-short-close-contest-oliver-ames/7389122001/,0.0007487537223437766
zlib,nonmember,https://www.tauntongazette.com/story/news/healthcare/2022/07/14/morton-hospital-massachusetts-nurses-association-contract-strike-raises-staffing-icu/10046997002/,0.001379264940077716
zlib,nonmember,https://www.tauntongazette.com/story/lifestyle/pets/2022/04/10/pet-week-luda-jada-black-lab-dog-adoption-taunton-rescue/9510936002/,0.003940312742620072
zlib,nonmember,https://www.tauntongazette.com/story/news/crime/2022/07/07/dighton-body-worn-cameras-police-bodycams/7814481001/,0.002019657961017184
zlib,nonmember,https://www.tauntongazette.com/story/sports/high-school/2022/04/06/bridgewater-raynham-baseball-earns-first-win-under-new-coach-connolly/9479787002/,0.0011962992959947184
zlib,nonmember,https://www.tauntongazette.com/story/lifestyle/pets/2022/08/07/pet-week-duke-am-staff-dog-adoption-taunton-animal-rescue/10246461002/,0.0046029500616255135
zlib,nonmember,https://www.tauntongazette.com/restricted/?return=https%3A%2F%2Fwww.tauntongazette.com%2Fstory%2Fbusiness%2Freal-estate%2F2022%2F05%2F09%2Freal-estate-east-taunton-home-county-st-sells-almost-500-000-property-transfers-raynham-berkley%2F9665250002%2F,0.00042304941648189573
zlib,nonmember,https://www.tauntongazette.com/story/sports/high-school/softball/2022/05/17/despite-solid-pitching-taunton-softball-upended-attleboro/9802771002/,0.0007761611433567445
zlib,nonmember,https://www.tauntongazette.com/story/news/education/graduation/2022/06/05/taunton-high-school-ivy-league-kyanna-barros-brown-university-valedictorian-bioengineering-medical/7469431001/,0.0016455844324321344
zlib,nonmember,https://www.tauntongazette.com/story/sports/high-school/2022/07/20/mayor-city-council-honor-taunton-high-schools-two-state-champion-teams/10104087002/,0.0006472403228023787
zlib,nonmember,https://www.tauntongazette.com/story/lifestyle/2022/04/07/berkley-based-bostonian-repurposed-owners-advance-diy-heroes-mark-bowe-magnolia-network/7195355001/,0.0010399521693714897
zlib,nonmember,https://www.tauntongazette.com/story/sports/youth/2022/07/28/taunton-junior-city-open-golf-tournament-set-aug-15-and-16/10170497002/,0.002471483433494147
zlib,nonmember,https://www.tauntongazette.com/story/sports/high-school/softball/2022/06/15/team-effort-leads-taunton-over-methuen-and-into-d-1-title-game/7643127001/,0.0006439280009858353
zlib,nonmember,https://www.tauntongazette.com/story/news/education/2022/05/10/dighton-rehoboth-degionalization-dr-k-8-grades-withdraw-parents-superintendent-anthony-azar/9650863002/,0.0015207784080484405
zlib,nonmember,https://www.tauntongazette.com/restricted/?return=https%3A%2F%2Fwww.tauntongazette.com%2Fstory%2Fbusiness%2Freal-estate%2F2022%2F06%2F06%2Freal-estate-report-sale-taunton-home-burt-st-tops-500-000-property-transfers-residential-raynham%2F7488251001%2F,0.0007455462715938173
zlib,nonmember,https://www.tauntongazette.com/story/news/local/2022/04/13/taunton-rawkstars-nonprofit-provides-kids-free-instruments-lessons/9467756002/,0.0007768138590335448
zlib,nonmember,https://www.tauntongazette.com/story/sports/youth/2022/07/19/raynham-youth-soccer-grades-5-6-girls-win-division-ii-state-title/10051033002/,0.002873291789841902
zlib,nonmember,https://www.tauntongazette.com/story/news/local/2022/08/05/the-little-things-jennas-wish-list-raynham-woman-collects-items-cancer-patients-amazon-tiktok/10158233002/,0.0007817353872087145
zlib,nonmember,https://www.tauntongazette.com/restricted/?return=https%3A%2F%2Fwww.tauntongazette.com%2Fstory%2Fnews%2Fenvironment%2F2022%2F04%2F13%2Ftaunton-pfas-forever-chemicals-water-raynham-dighton-berkley-easton-bridgewater%2F7138530001%2F,0.0006455876791677979
zlib,nonmember,https://www.tauntongazette.com/story/sports/youth/2022/08/18/machado-poirier-rosa-take-top-spots-taunton-junior-city-open/10343525002/,0.0023291158543264135
zlib,nonmember,https://www.tauntongazette.com/story/news/politics/2022/06/02/taunton-fall-river-commission-status-women-bristol-county-werlaine-badio-tanya-lobo-esther-rogers/9796771002/,0.0009269110970942316
zlib,nonmember,https://www.tauntongazette.com/story/news/environment/2022/04/19/scrap-metal-company-and-freetown-settle-residents-still-claim-pollution/7330470001/,0.0006849910471871397
zlib,nonmember,https://www.tauntongazette.com/story/sports/high-school/2022/04/03/breheney-thornton-lead-b-r-boys-lacrosse-opener-win-over-attleboro/7263634001/,0.001579233552486217
zlib,nonmember,https://www.tauntongazette.com/restricted/?return=https%3A%2F%2Fwww.tauntongazette.com%2Fstory%2Fnews%2Flocal%2F2022%2F05%2F06%2Ftaunton-parking-downtown-green-leonard-street-garage-lew-pacheco%2F9583180002%2F,0.00042304941648189573
zlib,nonmember,https://www.tauntongazette.com/story/news/local/2022/05/29/taunton-gazette-top-stories-1-connection-landon-him-outdoor-dining/9966149002/,0.001205806694228985
zlib,nonmember,https://www.tauntongazette.com/story/sports/high-school/2022/05/17/tuesdays-high-school-scores-d-rs-win-streak-snapped-norton/9816916002/,0.0017327838640990303
zlib,nonmember,https://www.tauntongazette.com/story/news/crime/2022/09/13/berkley-police-chief-scott-labonte-retiring-kevin-partridge-scott-fournier-search/8022854001/,0.001971724754363347
zlib,nonmember,https://www.tauntongazette.com/story/sports/high-school/baseball/2022/04/15/leave-them-wanting-moor-taunton-junior-strong-first-varsity-start/7328584001/,0.0007318499359426194
zlib,nonmember,https://www.tauntongazette.com/story/sports/high-school/2022/09/12/taunton-bridgewater-raynham-bristol-plymouth-dighton-rehoboth-soccer-volleyball-golf-field-hockey/10360134002/,0.0007162957164783789
zlib,nonmember,https://www.tauntongazette.com/story/sports/high-school/baseball/2022/04/09/still-swinging-taunton-bats-stay-red-hot-win-over-sharon/9522534002/,0.0007458912959579993
zlib,nonmember,https://www.tauntongazette.com/story/lifestyle/pets/2022/07/10/pets-week-binx-and-eve-taunton-animal-shelter-cat-rescue/10015836002/,0.005329629464594795
zlib,nonmember,https://www.tauntongazette.com/story/news/history/2022/05/26/taunton-then-and-now-richard-godrey-winthrop-club-city-hall-square/9914015002/,0.0010227086716371814
zlib,nonmember,https://www.tauntongazette.com/story/entertainment/2022/08/08/local-bands-dreams-come-true-invite-perform-beatlesweek/10146541002/,0.000832532578367771
zlib,nonmember,https://www.tauntongazette.com/story/news/healthcare/2022/07/29/taunton-memory-cafe-coa-memory-loss-dementia-alzheimers-public-library/10159988002/,0.0014489963142819823
zlib,nonmember,https://www.tauntongazette.com/story/sports/high-school/2022/05/10/who-taunton-daily-gazette-player-week-may-2-7/9709494002/,0.0010470785669453653
zlib,nonmember,https://www.tauntongazette.com/story/sports/high-school/baseball/2022/06/14/taunton-beats-cm-advance-second-d-1-title-game-three-seasons/7630055001/,0.0005599078031388613
zlib,nonmember,https://www.tauntongazette.com/story/sports/high-school/2022/04/05/taunton-softball-kicks-off-title-defense-big-win-over-stoughton/9465830002/,0.0008164139516478861
zlib,nonmember,https://www.tauntongazette.com/story/news/politics/government/2022/05/19/tauntons-mayor-retirement-middleboro-40-year-government-robert-nunes-middleboro-town-manager/9804315002/,0.0007048906428250035
zlib,nonmember,https://www.tauntongazette.com/story/news/local/2022/06/06/berkley-town-meeting-debt-exclusion-proposition-2-1-2-warrant-zoning-assessors-treasurer-collector/7490589001/,0.001656639930418452
zlib,nonmember,https://www.tauntongazette.com/restricted/?return=https%3A%2F%2Fwww.tauntongazette.com%2Fstory%2Fsports%2Fhigh-school%2Flacrosse%2F2022%2F04%2F13%2Fhere-16-greater-taunton-boys-lacrosse-players-watch%2F7283491001%2F,0.0006455876791677979
zlib,nonmember,https://www.tauntongazette.com/story/sports/high-school/2022/05/04/wednesdays-high-school-scores-taunton-girls-bested-n-attleboro/9653734002/,0.001893507722316073
zlib,nonmember,https://www.tauntongazette.com/story/lifestyle/2022/05/17/little-free-pantry-johnsons-pond-gift-raynham-junior-girl-scouts/9746351002/,0.0015108690430847686
