method,membership,doc_id,score
loss,member,https://atlanticcityweekly.com/weather/weather-small-coastal-storm-to-bring-rain-some-wind-into-wednesday/article_934982b8-b43b-11ec-a607-1f21f73c5828.html,2.955993784730355
loss,member,https://atlanticcityweekly.com/arts_and_entertainment/things-to-do-for-all-of-you/article_189384be-f96a-11ec-a828-9f0bba8b8de5.html,2.4411715589373957
loss,member,https://atlanticcityweekly.com/arts_and_entertainment/10-things-to-do-on-the-ocean-city-boardwalk/article_3e9bb56e-0c48-11ed-90d3-7bbff19becd1.html,2.7297430037758446
loss,member,https://atlanticcityweekly.com/arts_and_entertainment/headliner-spotlight/article_c2f5ade6-ca36-11ec-8c92-93fd0227696b.html,2.2574803394142506
loss,member,https://atlanticcityweekly.com/arts_and_entertainment/rock-and-roll-hall-of-famers-celebrate-six-decades-at-borgata/article_6e66d7b6-bd0a-11ec-94bb-7f7ae869482d.html,2.806265015246648
loss,member,https://atlanticcityweekly.com/attheshore/nightlife/roulette-pivot-point-cant-guarantee-riches/article_0289135e-f92f-11ec-bed3-778c741a408c.html,3.5278386796084176
loss,member,https://atlanticcityweekly.com/attheshore/dining/a-c-weekly-to-celebrate-mankind-s-greatest-dish-at-burger-bash-v/article_48e2f00e-dc47-11ec-a6fd-d381d8364dec.html,2.8257765532671466
loss,member,https://atlanticcityweekly.com/attheshore/dining/the-grills-were-alive-at-burger-bash-v/article_0c9b1dee-f162-11ec-9bc1-f39bd220dc93.html,2.6945992363394953
loss,member,https://atlanticcityweekly.com/attheshore/dining/on-a-roll-at-taco-caballito-tequileria/article_21c217f2-cf95-11ec-ab12-6731e831409c.html,2.6708748249449408
loss,member,https://atlanticcityweekly.com/arts_and_entertainment/ann-wilson-flies-solo-as-her-tour-rolls-into-atlantic-city/article_14c1a234-0c08-11ed-9fff-c7f592684e9b.html,2.6789785696790442
loss,member,https://atlanticcityweekly.com/attheshore/nightlife/bigger-bets-for-better-rules-can-damage-your-bankroll/article_6c153fb4-dabc-11ec-a08a-5b093cf8f755.html,3.2233751838551354
loss,member,https://atlanticcityweekly.com/attheshore/dining/sundaes-in-the-summer-at-the-sunryser/article_cdc05c04-1e5e-11ed-a7d8-a76cfb06641f.html,2.880301851753281
loss,member,https://atlanticcityweekly.com/attheshore/dining/sundaes-in-the-summer-at-skipper-dipper/article_5bdc44ce-fed1-11ec-ab08-fb71cc365a71.html,2.7583232540077947
loss,member,https://atlanticcityweekly.com/arts_and_entertainment/things-to-do-for-all-of-you/article_114b38c0-ddc0-11ec-ad79-eb5faa6475f9.html,2.5284997686741115
loss,member,https://atlanticcityweekly.com/attheshore/events/hellzapoppin-circus-sideshow-comes-to-a-c-for-a-night-of-shock-and-awe/article_a643364e-ca33-11ec-80b1-93e89928b733.html,2.8481797291280526
loss,member,https://atlanticcityweekly.com/8-day-nj-heat-wave-was-longest-since-2018-longest-96f-stretch-on-record/article_970de9e2-0d42-11ed-80fd-97c61d43c14d.html,2.9448433456338874
loss,member,https://atlanticcityweekly.com/attheshore/dining/tracking-down-south-jersey-s-best-dining-options-for-easter-grub/article_11018572-ba70-11ec-b4d5-a3cc04cea4d3.html,2.5158582785040657
loss,member,https://atlanticcityweekly.com/arts_and_entertainment/things-to-do-for-all-of-you/article_9c952368-2254-11ed-8d27-37d592bdb826.html,2.5160164962244336
loss,member,https://atlanticcityweekly.com/arts_and_entertainment/things-to-do-for-all-of-you/article_ef3230f6-3038-11ed-b56d-7be485f0a9ae.html,2.524869326078358
loss,member,https://atlanticcityweekly.com/arts_and_entertainment/things-to-do-for-all-of-you/article_1b527e2a-11b7-11ed-bead-df88e3124d14.html,2.34664971610713
loss,member,https://atlanticcityweekly.com/attheshore/dining/crossroads-bar-grill-scores-big-with-wild-twists-on-american-bar-food/article_a9e69f82-0cf2-11ed-a2d7-d30a906d7a31.html,2.7022810824606105
loss,member,https://atlanticcityweekly.com/arts_and_entertainment/things-to-do-for-all-of-you/article_2fb8427a-d524-11ec-9520-f3985c59c91f.html,2.5823706382603064
loss,member,https://atlanticcityweekly.com/arts_and_entertainment/5-questions-with-magician-trickster-michael-carbonaro/article_8c4c5a12-ca5c-11ec-8e49-0b3a72d4e9fe.html,2.63850169964373
loss,member,https://atlanticcityweekly.com/arts_and_entertainment/headliner-spotlight/article_09651faa-2a0e-11ed-aadd-b33710b1193d.html,2.1821614731392804
loss,member,https://atlanticcityweekly.com/attheshore/dining/famed-philly-chef-teams-with-cookie-till-for-week-long-presence-charitable-event/article_22bdc036-1278-11ed-97e7-fba03a2e2c4b.html,2.5715049775980034
loss,member,https://atlanticcityweekly.com/attheshore/nightlife/5-great-spots-to-get-a-beer-for-national-beer-day/article_47251b5a-b412-11ec-95b5-d32af5350346.html,3.009171661153665
loss,member,https://atlanticcityweekly.com/arts_and_entertainment/absecon-lighthouse-welcomes-all-to-its-annual-spring-festival/article_a0df388a-caef-11ec-80e6-27c920639258.html,2.6718978008740195
loss,member,https://atlanticcityweekly.com/attheshore/events/42nd-national-sports-collectors-convention-returns-to-a-c/article_19381bdc-0464-11ed-999f-935db2616c44.html,2.628683609942099
loss,member,https://atlanticcityweekly.com/arts_and_entertainment/ocean-casino-steps-up-its-fantasy-football-game-at-topgolf/article_2f118b7c-2882-11ed-95ab-0f441b7dc513.html,3.5416756838571035
loss,member,https://atlanticcityweekly.com/attheshore/nightlife/tidalwave-music-festival-brings-monsoon-of-country-music-to-a-c-beach-this-weekend/article_9dcbe94a-1801-11ed-9c0b-cb7d55629015.html,2.548594140739994
loss,member,https://atlanticcityweekly.com/attheshore/dining/5-spots-to-celebrate-the-return-of-baseball/article_9152d674-bf5a-11ec-b969-6bb67b868857.html,2.7217605337138497
loss,member,https://atlanticcityweekly.com/nightlife/5-reasons-to-check-out-moe-s-pop-up-bar-in-wildwood/article_47f7ead4-0391-11ed-b72c-97fd2252d53f.html,2.7499891298218966
loss,member,https://atlanticcityweekly.com/attheshore/nightlife/blackjack-has-34-starting-hands-or-more-if-composition-matters/article_cee86d6e-0690-11ed-954d-13c3878f1324.html,3.676587220757335
loss,member,https://atlanticcityweekly.com/arts_and_entertainment/reversible-royals-bring-larger-but-rarer-jackpots/article_dfab461a-f085-11ec-ba5e-77745a051447.html,3.6039960688094013
loss,member,https://atlanticcityweekly.com/attheshore/nightlife/5-spots-to-enjoy-before-the-summer-crowds-come/article_7f84e2e8-cf95-11ec-afd1-83ec7974c926.html,2.7086508553658195
loss,member,https://atlanticcityweekly.com/attheshore/dining/5-reasons-to-go-to-tequila-week-at-bally-s/article_c6f44400-f968-11ec-93d2-e7004dc812c1.html,2.421247682627883
loss,member,https://atlanticcityweekly.com/arts_and_entertainment/barefoot-country-music-fest-returns-to-wildwood-beach/article_1b04c982-ebe7-11ec-abbc-f7850f2c0b5a.html,2.4397684808151108
loss,member,https://atlanticcityweekly.com/arts_and_entertainment/tropicana-s-boogie-nights-celebrates-10-years-of-partying-like-its-1999/article_f9f10f08-c571-11ec-bdab-0fa1df62cb5f.html,2.713364222434098
loss,member,https://atlanticcityweekly.com/attheshore/events/a-c-beach-hosts-three-nights-of-the-world-s-biggest-jam-band/article_a460565e-11b9-11ed-beed-473535620265.html,2.8468323739605568
loss,member,https://atlanticcityweekly.com/attheshore/dining/3-great-bars-to-watch-week-1-of-the-nfl/article_45b31d5e-2df1-11ed-84b4-d7e7b2d0631e.html,2.7453582871608084
loss,member,https://atlanticcityweekly.com/sponsored/give-the-gift-of-life---a-kidney-for-avram/article_96636352-ec1b-11ec-afad-af2b631451b1.html,2.3957682480806786
loss,member,https://atlanticcityweekly.com/blogs/casino_answer_man/players-find-up-and-down-sides-of-streaks-at-craps-and-roulette/article_838b4b5a-e059-11ec-8a46-53177fa68b4e.html,3.2312703564039467
loss,member,https://atlanticcityweekly.com/blogs/casino_answer_man/vplayers-find-up-and-down-sides-of-streaks-at-craps-and-roulette/article_838b4b5a-e059-11ec-8a46-53177fa68b4e.html,3.2312703564039467
loss,member,https://atlanticcityweekly.com/arts_and_entertainment/things-to-do-for-all-of-you/article_b299de10-2a24-11ed-98e2-a314b2c540a8.html,2.5211960073474273
loss,member,https://atlanticcityweekly.com/arts_and_entertainment/drummer-shows-artistic-side-at-hard-rock-performs-with-lynyrd-skynyrd-at-ocean-casino/article_a00fd08a-fc82-11ec-be86-9f1b4a6d113b.html,2.7242982519286993
loss,member,https://atlanticcityweekly.com/arts_and_entertainment/fireworks-around-south-jersey-and-independence-day-events/article_5b119ff0-f6dc-11ec-af44-d7963461b70d.html,2.373763049845187
loss,member,https://atlanticcityweekly.com/arts_and_entertainment/things-to-do-for-all-of-you/article_a0a56db0-1ccc-11ed-8cff-dbe0f63cef13.html,2.477541793409656
loss,member,https://atlanticcityweekly.com/attheshore/dining/10-great-spots-to-bring-your-pop-on-father-s-day/article_d0d06be8-eb30-11ec-bb9d-cb3720af2358.html,2.4906534225289185
loss,member,https://atlanticcityweekly.com/ats-cover-6-16-22/article_47ecd3f6-ebdb-11ec-9763-7b01cf4822b8.html,4.926487988852943
loss,member,https://atlanticcityweekly.com/attheshore/dining/ocean-casino-s-makai-brings-island-flavors-to-atlantic-city/article_255d15da-2e02-11ed-9585-8bf51c151278.html,3.1782456591959023
loss,member,https://atlanticcityweekly.com/attheshore/dining/newly-opened-moonshiners-bar-and-grill-in-mays-landing-is-here-to-stay/article_2e4d63c6-db7c-11ec-b02c-3719ce31f867.html,2.517216441633745
loss,member,https://atlanticcityweekly.com/attheshore/dining/girasole-celebrates-three-decades-of-inspired-italian-cuisine/article_82e5edbc-e668-11ec-a3a1-63550687ef73.html,2.785921048545383
loss,member,https://atlanticcityweekly.com/arts_and_entertainment/new-comedy-concept-combines-hypnosis-and-improv-into-one-sidesplitting-good-time/article_557e1eec-e683-11ec-8553-e72891da63cc.html,2.563757074132231
loss,member,https://atlanticcityweekly.com/attheshore/dining/appy-hour-at-the-point/article_bee5e010-daa6-11ec-98b7-2bb20e469a25.html,3.1873600218200675
loss,member,https://atlanticcityweekly.com/weather/weather-boom-or-bust-scenario-for-severe-weather-tuesday-comfy-weekend-ahead/article_0b8042c2-fb30-11ec-9bd4-674e9cbe3b3e.html,2.812005077871211
loss,member,https://atlanticcityweekly.com/the-chatterbox-in-ocean-city-roars-back-to-life-under-new-ownership/article_28b831ce-17eb-11ed-944c-43c5b498c53e.html,2.8061360169059406
loss,member,https://atlanticcityweekly.com/arts_and_entertainment/big-developments-define-summer-2022-for-ocean-casino/article_1e30aa5a-daac-11ec-86da-17c9830fabe5.html,1.9036881994313672
loss,member,https://atlanticcityweekly.com/sponsored/north-beach-atlantic-city-fireworks-celebration-set-for-sept-4th/article_e9c2aaa4-287e-11ed-b794-c7ff847eabef.html,2.7727660199777677
loss,member,https://atlanticcityweekly.com/arts_and_entertainment/things-to-do-for-all-of-you/article_7df7d468-daac-11ec-9c5a-83fc8d7b6c90.html,2.4964554928549734
loss,member,https://atlanticcityweekly.com/attheshore/dining/honor-thy-burger-at-burger-bash-v/article_58eb6e30-d531-11ec-ad42-274e02ab81b7.html,2.836092664331127
loss,member,https://atlanticcityweekly.com/attheshore/dining/trop-opens-brand-new-japanese-tavern-concept/article_3ef4d788-0f73-11ed-a85c-9725dbf88c32.html,2.5554939152906044
loss,member,https://atlanticcityweekly.com/arts_and_entertainment/this-a-c-wrestling-tournament-is-a-real-game-changer/article_96b81e48-dd2e-11ec-92e0-1b7729b2d59c.html,2.489448806086121
loss,member,https://atlanticcityweekly.com/attheshore/events/the-downbeach-seafood-festival-makes-for-a-shucking-fun-weekend-in-south-jersey/article_e53e5e38-3387-11ed-a473-3bec6d3fa639.html,2.7613748661720976
loss,member,https://atlanticcityweekly.com/arts_and_entertainment/5-great-bars-to-watch-the-fireworks-at-this-weekend/article_7098372e-f70b-11ec-86b1-5307ec4e44eb.html,2.402641353159655
loss,member,https://atlanticcityweekly.com/arts_and_entertainment/things-to-do-for-all-of-you/article_323e1508-ca2d-11ec-83d5-0382e60f893c.html,2.53096284118222
loss,member,https://atlanticcityweekly.com/attheshore/nightlife/despite-low-frequency-points-pass-wins-more-often-than-place/article_2d722ac0-2d31-11ed-b321-6745aafd829a.html,3.1919640740333146
loss,member,https://atlanticcityweekly.com/arts_and_entertainment/nj-horror-con-screams-its-way-back-to-showboat/article_9fcb8cee-b412-11ec-a51b-db469cb24955.html,2.4272484526281146
loss,member,https://atlanticcityweekly.com/arts_and_entertainment/wwe-sunday-stunner-returns-to-atlantic-city/article_a0f56120-17f0-11ed-9bb1-7ba84fe27d75.html,1.7787869696618097
loss,member,https://atlanticcityweekly.com/arts_and_entertainment/jurassic-quest-brings-dino-sized-fun-for-family-to-a-c/article_4b7500c4-11ca-11ed-83f2-0f4f37b56480.html,2.6091909698439046
loss,member,https://atlanticcityweekly.com/attheshore/nightlife/rakin-bacon-monopoly-cheat-edition-amp-up-entertainment-fun-at-slots/article_0bf2fa7a-ea68-11ec-9cd3-ff5b31a74dae.html,3.626348285715618
loss,member,https://atlanticcityweekly.com/arts_and_entertainment/311-keep-creative-journey-flowing-as-fall-tour-heads-to-a-c/article_7eb82abe-3327-11ed-8649-47a2aa0a5e54.html,2.4762653814456868
loss,member,https://atlanticcityweekly.com/food_and_drink/5-things-to-know-about-the-vue-rooftop-bar-and-lounge/article_15038cb0-2ebf-11ed-aeab-2f70629e95a5.html,2.6561901195142097
loss,member,https://atlanticcityweekly.com/arts_and_entertainment/things-to-do-for-all-of-you/article_ab69b47a-c4ae-11ec-98ee-df4549e88bac.html,2.4526297355616173
loss,member,https://atlanticcityweekly.com/attheshore/dining/michael-s-summer-wine-picks/article_ce5a70f2-0462-11ed-b063-4f6cc561d1c4.html,2.878959140264577
loss,member,https://atlanticcityweekly.com/arts_and_entertainment/things-to-do-for-all-of-you/article_0498ab48-172d-11ed-abcd-7376c5e93891.html,2.492624418444879
loss,member,https://atlanticcityweekly.com/arts_and_entertainment/two-very-different-styles-of-circus-return-to-showboat/article_c2fb0fc4-01eb-11ed-8e78-4ff5a7de765e.html,2.683605918854298
loss,member,https://atlanticcityweekly.com/attheshore/nightlife/four-card-poker-finds-expanded-niche-online/article_17c5c99c-2215-11ed-9f19-e7d8f92a75df.html,2.8920532114002677
loss,member,https://atlanticcityweekly.com/acw-cover-photos/article_1ae199b6-e67f-11ec-b885-c391ff186d4a.html,3.6987140521935573
loss,member,https://atlanticcityweekly.com/attheshore/nightlife/blackjack-bobs-right-plays-cant-overcome-wrong-cards/article_9f844d02-b8e0-11ec-b095-231ae46c9b11.html,3.170951830327549
loss,member,https://atlanticcityweekly.com/attheshore/nightlife/5-reasons-to-see-red-perform-at-golden-nugget-every-monday/article_cba1ffe2-0f5c-11ed-b949-77f44c55f97f.html,2.7751806362962688
loss,member,https://atlanticcityweekly.com/arts_and_entertainment/free-concert-with-the-singing-lifeguard/article_59cdccd8-ddf8-11ec-b9c3-7fb4967c24d5.html,2.799256874185617
loss,member,https://atlanticcityweekly.com/attheshore/dining/on-a-roll-at-el-pueblo-taqueria/article_1653e25e-bf16-11ec-9f58-5be08602154a.html,2.627759246162911
loss,member,https://atlanticcityweekly.com/arts_and_entertainment/things-to-do-for-all-of-you/article_323cbe4c-b420-11ec-af3f-3f302d736094.html,2.589910719522875
loss,member,https://atlanticcityweekly.com/arts_and_entertainment/headliner-spotlight/article_3e523e88-feed-11ec-9e3f-bbea6c57599b.html,2.2522537472178703
loss,member,https://atlanticcityweekly.com/attheshore/headliners/ocean-casino-brings-in-a-new-kind-of-tribute-act-with-magical-mystery-doors/article_b594132a-0156-11ed-9a02-7bd2faf45444.html,2.5778001624729354
loss,member,https://atlanticcityweekly.com/arts_and_entertainment/o-c-pops-honor-famed-film-composer-with-star-wars-performance/article_e564f4de-01f1-11ed-b1f6-9784283e34b4.html,2.410716389582882
loss,member,https://atlanticcityweekly.com/arts_and_entertainment/things-to-do-for-all-of-you/article_94170cfc-bf16-11ec-b021-8b293e50d88a.html,2.4156895265999463
loss,member,https://atlanticcityweekly.com/attheshore/nightlife/weekly-horoscopes/article_dd621a62-2214-11ed-8acc-7be50355f817.html,2.0464605963047133
loss,member,https://atlanticcityweekly.com/blogs/casino_answer_man/when-dealt-card-lands-on-chair-does-employee-have-to-fetch/article_86bd5166-bf15-11ec-953e-4baacb6ccfdd.html,3.2105960876585438
loss,member,https://atlanticcityweekly.com/arts_and_entertainment/millennium-era-nu-metal-rockers-staind-head-to-atlantic-city/article_f0266e52-2a28-11ed-806c-8ba1a1932451.html,2.4866182960940697
loss,member,https://atlanticcityweekly.com/arts_and_entertainment/bally-s-new-renovations-offerings-make-park-place-and-boardwalk-legendary-again/article_392bf548-dada-11ec-8ba5-ff47879e9919.html,2.746148179779175
loss,member,https://atlanticcityweekly.com/attheshore/dining/borgata-announces-new-steakhouse-concept-to-open/article_98f5ed3c-ec12-11ec-aa30-ffbb8c54aee0.html,2.661507467435446
loss,member,https://atlanticcityweekly.com/arts_and_entertainment/atlantic-city-airshow-gives-sky-salute-to-those-who-serve/article_de31e514-1a38-11ed-ae0f-df760cb27307.html,2.4112980520148355
loss,member,https://atlanticcityweekly.com/things-to-do-for-all-of-you/article_3ecbc38c-cfb0-11ec-8851-a71321d75413.html,2.4119654832290123
loss,member,https://atlanticcityweekly.com/attheshore/dining/after-a-far-too-long-gap-burger-bash-is-back/article_5fc5f6b8-b41f-11ec-a822-afa35f30d884.html,3.0145800954435455
loss,member,https://atlanticcityweekly.com/arts_and_entertainment/things-to-do-for-all-of-you/article_af9d6428-ef3e-11ec-ab00-674f704ed556.html,2.4906376558460783
loss,member,https://atlanticcityweekly.com/arts_and_entertainment/exit-zero-jazz-festival-celebrates-10th-anniversary-with-stellar-lineup/article_3f40cc94-d074-11ec-9c9f-a76c3e6feb0c.html,2.7089450191342213
loss,member,https://atlanticcityweekly.com/attheshore/dining/sundaes-in-the-summer-at-fine-fellows-creamery/article_407f5e20-dd23-11ec-92fd-d78cc59bb709.html,2.990331240463498
loss,member,https://atlanticcityweekly.com/arts_and_entertainment/night-in-venice-continues-tradition-with-former-villanova-basketball-coach/article_d5ba1510-044d-11ed-bb17-8ff797fca53c.html,2.4732758240151433
loss,member,https://atlanticcityweekly.com/attheshore/nightlife/pass-line-edge-never-disappears-no-matter-how-big-the-odds-bet/article_2da1f448-1199-11ed-bb65-0f8c3c7700c0.html,3.40977136230309
loss,member,https://atlanticcityweekly.com/attheshore/dining/brigantine-s-new-fast-casual-spot-kook-burger-continues-to-sizzle/article_04ae27fc-f15d-11ec-991b-67fe6cfcea14.html,2.5731818541961617
loss,member,https://atlanticcityweekly.com/attheshore/nightlife/weekly-horoscopes/article_44ddbcea-a926-11ec-ba7e-ffa615200150.html,2.0864183693735003
loss,member,https://atlanticcityweekly.com/arts_and_entertainment/casinos-dge-join-forces-for-june-2-job-fair/article_2e8244bc-e1bf-11ec-896d-434e3f8c3827.html,1.9654085079137713
loss,member,https://atlanticcityweekly.com/attheshore/dining/shandies-blondes-and-pilsners-oh-my-summer-beer-season-is-here/article_0c652bae-ca29-11ec-9276-8b8b07fb2b32.html,3.3853322298236344
loss,member,https://atlanticcityweekly.com/attheshore/events/more-on-the-right-notes/article_4beae908-336f-11ed-8730-b343b3fdcebb.html,2.5341461545936874
loss,member,https://atlanticcityweekly.com/arts_and_entertainment/things-to-do-for-all-of-you/article_3ecbc38c-cfb0-11ec-8851-a71321d75413.html,2.419432996290933
loss,member,https://atlanticcityweekly.com/arts_and_entertainment/headliner-spotlight/article_5e35c49e-f886-11ec-bdaa-4f3c2b0e32ea.html,2.347838022179831
loss,member,https://atlanticcityweekly.com/attheshore/dining/june-is-here-for-beer/article_bb84d134-dd2f-11ec-bea6-df8dac681c79.html,3.6503239567011914
loss,member,https://atlanticcityweekly.com/arts_and_entertainment/firefighting-convention-expo-and-parade-return-to-wildwoods/article_5e519ab0-2f91-11ed-85a4-0f90314c111d.html,2.3629055079172954
loss,member,https://atlanticcityweekly.com/arts_and_entertainment/things-to-do-for-all-of-you/article_1cd635d4-f6ff-11ec-8e7f-a78df9855e6a.html,2.378354673297586
loss,member,https://atlanticcityweekly.com/attheshore/headliners/good-draw-on-wrong-game-vexes-video-poker-player/article_376c81d2-d50d-11ec-8e6f-7bd17781974e.html,3.3649922071254412
loss,member,https://atlanticcityweekly.com/attheshore/dining/sundaes-in-the-summer-at-anna-lee-s-cookies-and-cream/article_79fdeb82-f6ee-11ec-bbbe-132766dfaaa9.html,2.5283524136617914
loss,member,https://atlanticcityweekly.com/arts_and_entertainment/black-crowes-patch-things-up-and-bring-shake-your-money-maker-to-borgata/article_5a96bde8-f6f1-11ec-9de6-af239cbe5ae4.html,2.8448354191632963
loss,member,https://atlanticcityweekly.com/arts_and_entertainment/high-tech-hard-rock-exhibit-offers-unique-perspective-on-vincent-van-gogh/article_11c88dee-f95d-11ec-b6b5-a31f631afb01.html,2.8299872603707716
loss,member,https://atlanticcityweekly.com/arts_and_entertainment/things-to-do-for-all-of-you/article_f8b95594-ea99-11ec-aebe-8f850b715f94.html,2.508792705647522
loss,member,https://atlanticcityweekly.com/arts_and_entertainment/black-excellence-festival-returns-to-showboat-for-federal-holiday/article_7d19f2d2-ea9d-11ec-9a40-9b47fcd64093.html,2.8565974970715304
loss,member,https://atlanticcityweekly.com/arts_and_entertainment/favorito-brings-old-school-rickles-style-comedy-to-ocean-casino/article_92a024da-0c50-11ed-b7ce-7735d69bda48.html,2.6562095926714138
loss,member,https://atlanticcityweekly.com/attheshore/dining/burger-bash-v-brings-the-fire-to-golden-nugget/article_bcfae8a6-bf60-11ec-8b1f-7bd8d6b8cb9e.html,2.782857575438904
loss,member,https://atlanticcityweekly.com/food_and_drink/serendipity3-brings-over-the-top-desserts-bites-drinks-and-celebrations-to-ocean-casino/article_c242df36-06d1-11ed-bd3a-d3243d1d9689.html,2.9707415842781884
loss,member,https://atlanticcityweekly.com/la-mesa-mr-gordo-offer-new-dining-options-for-mexican-holiday/article_80d2fb6a-caf1-11ec-890e-df55d5203777.html,2.7082401200315327
loss,member,https://atlanticcityweekly.com/arts_and_entertainment/headliner-spotlight/article_e133d752-b40f-11ec-804b-3fc8784e4b3d.html,2.066623596276456
loss,member,https://atlanticcityweekly.com/food_and_drink/girasole-celebrates-three-decades-of-inspired-italian-cuisine/article_3720dc9c-e669-11ec-b789-f38926431134.html,2.785921048545383
loss,member,https://atlanticcityweekly.com/night-in-venice-continues-tradition-with-former-villanova-basketball-coach/article_0bf227e6-06b8-11ed-9717-77c5b4426168.html,2.4803236819961163
loss,member,https://atlanticcityweekly.com/acw-cover-artwork/article_27cebef4-338e-11ed-b705-87fd076570f6.html,3.8646518832735555
loss,member,https://atlanticcityweekly.com/attheshore/dining/spring-beer-season-means-plenty-of-events-and-unique-styles/article_dc12a266-b45b-11ec-b42f-bf4396f587e6.html,3.467558045381349
loss,member,https://atlanticcityweekly.com/arts_and_entertainment/headliner-spotlight/article_b9d7ad8a-e5bc-11ec-ade8-0b761171f793.html,2.3791542471931364
loss,member,https://atlanticcityweekly.com/attheshore/dining/a-scrumptious-search-for-the-tastiest-appetizers-in-south-jersey/article_75da2cb0-bfde-11ec-a398-cff8134dbce8.html,2.798104565777372
loss,member,https://atlanticcityweekly.com/arts_and_entertainment/headliner-spotlight/article_b6af85f4-d529-11ec-81eb-e3f12d793c89.html,2.362374365645005
loss,member,https://atlanticcityweekly.com/arts_and_entertainment/showboat-debuts-indoor-go-kart-experience/article_c45d8264-daba-11ec-b9f4-dbbac7c5982a.html,2.704170452952751
loss,member,https://atlanticcityweekly.com/attheshore/dining/a-c-weekly-s-burger-bash-event-prepares-to-sizzle-after-a-three-year-hiatus/article_9ea74b2a-eb56-11ec-87f6-779fa13b4fd8.html,2.7793814102882135
loss,member,https://atlanticcityweekly.com/attheshore/dining/new-jersey-breweries-need-your-support-after-absurd-regulations/article_2be4c80c-0f5e-11ed-a243-f3043737cb5e.html,3.595714906668055
loss,member,https://atlanticcityweekly.com/attheshore/nightlife/5-great-spots-to-enjoy-a-fresh-margarita-on-cinco-de-mayo/article_16f70eee-ca32-11ec-aadc-cf53668ae978.html,2.569310962735391
loss,member,https://atlanticcityweekly.com/attheshore/dining/first-ever-atlantic-city-seafood-music-festival-looks-to-be-a-shuckin-good-time/article_5e248028-ef3d-11ec-97f8-f77be3d3afea.html,2.5536928026188543
loss,member,https://atlanticcityweekly.com/attheshore/dining/la-mesa-mr-gordo-offer-new-dining-options-for-mexican-holiday/article_7a95270e-ca57-11ec-858e-a36563b948f5.html,2.7067964730552214
loss,member,https://atlanticcityweekly.com/acw-cover-concept-72822/article_1b7d12fe-0cfb-11ed-9027-5b4f3c706339.html,4.416287123606218
loss,member,https://atlanticcityweekly.com/arts_and_entertainment/primus-pay-tribute-to-prog-rock-forefathers-as-a-tribute-to-kings-tour-rolls-into/article_7455ee38-d852-11ec-be86-1fca7fcedf04.html,2.6260263501998478
loss,member,https://atlanticcityweekly.com/attheshore/dining/what-you-need-to-know-about-natural-organic-and-vegan-wines/article_aafe8884-bd0c-11ec-9480-e7666321cb62.html,2.7957439360178973
loss,member,https://atlanticcityweekly.com/attheshore/dining/the-chatterbox-in-ocean-city-roars-back-to-life-under-new-ownership/article_7a9b4afa-17e4-11ed-b41c-ab9968c3f524.html,2.802581363837042
loss,member,https://atlanticcityweekly.com/attheshore/nightlife/weekly-horoscopes/article_bcc68bd4-dde1-11ec-82a9-0b654f59d66c.html,2.3605834410075106
loss,member,https://atlanticcityweekly.com/attheshore/dining/ocean-casino-offers-a-choco-tribute/article_e9bfeb08-11a8-11ed-a531-9f484657ffc4.html,3.0800212334649895
loss,member,https://atlanticcityweekly.com/attheshore/nightlife/5-reasons-to-check-out-coral-lounge-bar-at-resorts/article_0d02eed8-e5aa-11ec-a6d9-778392356120.html,2.77015378984515
loss,member,https://atlanticcityweekly.com/attheshore/dining/appy-hour-at-harry-s-ocean-bar-grille/article_6323cd80-ef3e-11ec-9e25-53067c363be8.html,2.9321336497334594
loss,member,https://atlanticcityweekly.com/arts_and_entertainment/a-fusion-of-top-shelf-talent-visits-ocean-casino-s-ovation-hall-for-the-third/article_53c593d6-332d-11ed-8efc-ff74f8c86174.html,2.6312023057913483
loss,member,https://atlanticcityweekly.com/arts_and_entertainment/things-to-do-for-all-of-you/article_48f40220-0449-11ed-828f-5f926710e0ca.html,2.4064452416998856
loss,member,https://atlanticcityweekly.com/attheshore/dining/sundaes-in-the-summer-at-peace-pie/article_3f2a00a0-e743-11ec-abfc-bf515eb8ca79.html,2.904426788825158
loss,member,https://atlanticcityweekly.com/attheshore/dining/appy-hour-at-hotel-lbi/article_2b4b5a1e-1742-11ed-bc91-c70ff26b20ee.html,2.990318671240465
loss,member,https://atlanticcityweekly.com/arts_and_entertainment/with-a-wealth-of-new-businesses-and-teamwork-north-beach-now-hottest-spot-in-a/article_f80f6d30-0cff-11ed-8ff1-bb736a2cf94e.html,2.848718278944495
loss,member,https://atlanticcityweekly.com/sponsored/meet-the-business---one-stop-xteriors/article_0da709f4-dd22-11ec-ac34-b3f2e1fbf572.html,3.15118881035072
loss,member,https://atlanticcityweekly.com/arts_and_entertainment/boy-band-what-a-rush-reunites-in-a-c/article_c020022a-f70d-11ec-8f73-a30e3ede1a34.html,2.3607012044222904
loss,member,https://atlanticcityweekly.com/ats-cover-4-28-22/article_661c8de2-c4c8-11ec-9c0b-4b7ec50fa571.html,3.537662742172534
loss,member,https://atlanticcityweekly.com/arts_and_entertainment/things-to-do-for-all-of-you/article_0e55b5bc-012b-11ed-9aee-efe1626087a1.html,2.505529154124701
loss,member,https://atlanticcityweekly.com/attheshore/events/don-t-get-faked-out-at-this-year-s-fakefest-at-golden-nugget/article_552390b4-ef3c-11ec-a8f8-9fd812f479e3.html,2.4767510274540463
loss,member,https://atlanticcityweekly.com/arts_and_entertainment/headliner-spotlight/article_8545a318-b9a9-11ec-b6ba-db0c77773b95.html,2.204914731724477
loss,member,https://atlanticcityweekly.com/arts_and_entertainment/headliner-spotlight/article_74365b02-221e-11ed-9f03-37517144e6bb.html,2.260452454380016
loss,member,https://atlanticcityweekly.com/attheshore/dining/oh-my-dear---the-pumpkin-beers-are-here/article_9b838b4e-2872-11ed-9420-5b193f301a75.html,3.6605852241726295
loss,member,https://atlanticcityweekly.com/blogs/casino_answer_man/slot-players-need-not-fear-mid-game-switch-via-server/article_2e282360-b41a-11ec-964c-b30bde973c53.html,3.311769705638177
loss,member,https://atlanticcityweekly.com/arts_and_entertainment/headliner-spotlight/article_3dde292a-d851-11ec-8ad7-1f4893bce4b4.html,2.2328502690600907
loss,member,https://atlanticcityweekly.com/arts_and_entertainment/headliner-spotlight/article_5e481624-045e-11ed-9fef-f7b0c59f60ec.html,2.301256862618805
loss,member,https://atlanticcityweekly.com/arts_and_entertainment/mummers-close-the-summer-with-the-annual-new-years-in-north-wildwood/article_2e0b2aa0-29f2-11ed-95f4-47d98f35e00b.html,2.621871529507854
loss,member,https://atlanticcityweekly.com/arts_and_entertainment/headliner-spotlight/article_d9f0a736-172e-11ed-8161-73005ae40156.html,2.3604868831623245
loss,member,https://atlanticcityweekly.com/attheshore/nightlife/tidalwave-music-festival-brings-monsoon-of-country-music-to-a-c-beach-this-weekend/article_cc8697fa-1809-11ed-9bf7-b3dd59fd9080.html,2.548594140739994
loss,member,https://atlanticcityweekly.com/arts_and_entertainment/headliner-spotlight/article_f17ce35a-2f8a-11ed-af59-4741d5195105.html,2.1810648342854857
loss,member,https://atlanticcityweekly.com/arts_and_entertainment/10-cool-things-to-discover-on-wildwood-boardwalk/article_3344f206-004b-11ed-9005-2390cc45c4b2.html,2.1632328249578636
loss,member,https://atlanticcityweekly.com/attheshore/nightlife/5-great-spots-to-bar-hop-with-a-beverage-in-hand/article_9c2f775c-d54c-11ec-848f-9fc003c89049.html,2.8964123275584046
loss,member,https://atlanticcityweekly.com/arts_and_entertainment/john-cafferty-and-the-beaver-brown-band-to-perform-double-header-of-live-shows/article_b5642202-27a6-11ed-836d-b310ddc65c30.html,2.4384104858966515
loss,member,https://atlanticcityweekly.com/attheshore/events/a-c-s-rock-fest-hosts-stacked-deck-of-bands-from-80s-to-present/article_48c3627e-e5f3-11ec-97e3-c7dcb6cc9662.html,2.6256590436162988
loss,member,https://atlanticcityweekly.com/arts_and_entertainment/things-to-do-for-all-of-you/article_e4434a5e-253e-11ed-8f2c-574bc19c39a1.html,2.2976087252200177
loss,member,https://atlanticcityweekly.com/arts_and_entertainment/art-music-and-wellness-celebrated-for-a-good-cause/article_f344d966-e662-11ec-a1b7-efa9ed3f5979.html,2.687393657431725
loss,member,https://atlanticcityweekly.com/attheshore/dining/burger-bash-chefs-bring-their-a-game-to-the-nugget-at-burger-bash-v/article_50e251c6-daa5-11ec-92fd-efd21528c340.html,2.7618664408657967
loss,member,https://atlanticcityweekly.com/attheshore/dining/just-in-time-for-higher-temperatures-your-guide-to-summer-sippers/article_19d84b72-ea9f-11ec-86be-0b5fc0f7989a.html,2.5522557787964013
loss,member,https://atlanticcityweekly.com/celeb-chef-returns-to-a-c-with-fast-casual-burger-concept/article_390335b8-c720-11ec-9d45-7f6f1d51a9c1.html,2.471185581075704
loss,member,https://atlanticcityweekly.com/attheshore/nightlife/5-reasons-to-check-out-bally-s-new-carousel-bar/article_ab7b524a-dc49-11ec-ae2b-476eee9f9a39.html,2.7011068218163157
loss,member,https://atlanticcityweekly.com/attheshore/nightlife/5-places-that-are-back-in-full-swing-for-the-summer/article_e01cca6a-d857-11ec-8c93-7376318e2ae8.html,2.7634790822202913
loss,member,https://atlanticcityweekly.com/attheshore/dining/south-jersey-prepares-for-burger-bash-v/article_f059c2f8-ba6a-11ec-86cc-0feeadbf5b22.html,2.952652907688234
loss,member,https://atlanticcityweekly.com/arts_and_entertainment/5-things-to-know-about-the-pool-at-harrahs/article_104f1b66-29fc-11ed-9f19-e35d1ff1ec5e.html,2.744362567995534
loss,member,https://atlanticcityweekly.com/arts_and_entertainment/summer-s-unofficial-kickoff-is-a-weekend-worth-celebrating-in-south-jersey/article_ff365b40-db6e-11ec-8e7c-579040121510.html,2.6545096786168565
loss,member,https://atlanticcityweekly.com/attheshore/nightlife/4-spots-to-pre-and-post-game-for-tidal-wave-festival/article_30a84ea0-17fa-11ed-902a-87cb86b85156.html,2.388038989913699
loss,member,https://atlanticcityweekly.com/060922-acw-acwcoverphotos/article_6d0dbac6-e67f-11ec-8c08-33ca211193ad.html,3.859094693496095
loss,member,https://atlanticcityweekly.com/arts_and_entertainment/chili-knockout-spicy-food-fest-brings-the-burn-to-a-c/article_9c13a1e2-d5f3-11ec-97ae-ff9ff3d2735f.html,2.7623854927319935
loss,member,https://atlanticcityweekly.com/serindipity3-brings-over-the-top-desserts-bites-drinks-and-celebrations-to-ocean-casino/article_c242df36-06d1-11ed-bd3a-d3243d1d9689.html,3.0145243760271243
loss,member,https://atlanticcityweekly.com/arts_and_entertainment/a-full-lineup-of-new-bars-restaurants-and-gaming-concepts-are-headed-to-trop-this/article_95d249a2-bc06-11ec-a002-1f427fc39c74.html,2.748874224382802
loss,member,https://atlanticcityweekly.com/attheshore/dining/two-seafood-buffets-bring-all-you-can-eat-options-to-family-fun-locations/article_1a52f9ec-f703-11ec-923f-f3b3c4c74a30.html,2.9503176594606124
loss,member,https://atlanticcityweekly.com/arts_and_entertainment/tito-puente-jr-brings-the-spirit-of-his-father-s-music-to-somers-point/article_d6312a58-dd22-11ec-81b2-2b7c78c6a543.html,2.4723769808239773
loss,member,https://atlanticcityweekly.com/attheshore/dining/ossu-japanese-tavern-the-latest-hit-in-trop-s-dining-re-imaginings/article_a4a4e780-2305-11ed-b86b-f7fbed36d9d7.html,3.2632521412727957
loss,member,https://atlanticcityweekly.com/exit-zero-jazz-festival-celebrates-10th-anniversary-with-stellar-lineup/article_79ca0898-d07f-11ec-b72d-57b4112654bd.html,2.7240974584864306
loss,member,https://atlanticcityweekly.com/arts_and_entertainment/the-genesis-show-brings-the-duke-tour-to-levoy-theatre/article_6e6de534-2a1e-11ed-b675-278865971c33.html,2.800962177188384
loss,member,https://atlanticcityweekly.com/arts_and_entertainment/headliner-spotlight/article_25b9e83e-dd15-11ec-ba1c-5f176eaaf51b.html,2.192608437191296
loss,member,https://atlanticcityweekly.com/attheshore/dining/spring-is-here-but-there-are-no-rules-when-you-can-enjoy-any-type-of/article_da4ae6c0-d52e-11ec-8532-8b32fcab291c.html,2.8295849839712877
loss,member,https://atlanticcityweekly.com/attheshore/events/the-right-notes-2022-honoring-jayne-bray/article_604c316a-1d65-11ed-9d98-ef6a3661c516.html,2.4547791090064104
loss,member,https://atlanticcityweekly.com/attheshore/dining/sundaes-in-the-summer-at-drip-n-scoop/article_d5b56380-0f5b-11ed-9534-37f0085acc21.html,2.9314333595058675
loss,member,https://atlanticcityweekly.com/arts_and_entertainment/local-winery-hosts-country-music-festival-for-holiday-weekend/article_f357144e-f6e5-11ec-aede-cb28e179b739.html,2.7888118186221327
loss,member,https://atlanticcityweekly.com/arts_and_entertainment/headliner-spotlight/article_fcf61e50-0c2f-11ed-a30c-f31e9f370d76.html,2.1883569382222183
loss,member,https://atlanticcityweekly.com/arts_and_entertainment/headliner-spotlight/article_aa4f44a2-ea9b-11ec-bd17-3bf49578de70.html,2.260580746893389
loss,member,https://atlanticcityweekly.com/attheshore/dining/from-crepes-to-quiche-asbury-kitchen-worth-checking-out/article_e6bfe950-01ed-11ed-9754-b33e90dc2edf.html,2.747651984345393
loss,member,https://atlanticcityweekly.com/attheshore/nightlife/crowd-size-day-of-the-week-all-the-same-for-slot-payouts/article_b05a8848-3294-11ed-b2a2-67c0a45d43e8.html,3.2269813428847276
loss,member,https://atlanticcityweekly.com/attheshore/dining/appy-hour-at-izzy-s-river-landing/article_fa90d9fa-e5ad-11ec-99d3-8b9f1c60ab4b.html,2.829456892941622
loss,member,https://atlanticcityweekly.com/arts_and_entertainment/legendary-comic-steven-wright-returns-to-a-c/article_7c1ef9f8-d603-11ec-aaae-4fb2b586c540.html,2.58903430746264
loss,member,https://atlanticcityweekly.com/attheshore/dining/appy-hour-at-laguna-grill-and-rum-bar/article_8694fefc-0ced-11ed-be23-7f78a7ad05c4.html,2.9215264157241188
loss,member,https://atlanticcityweekly.com/attheshore/dining/manco-manco-opens-a-location-at-citizens-bank-park/article_73a4fae4-b433-11ec-a89b-7bc23b90aae1.html,2.3855440367287115
loss,member,https://atlanticcityweekly.com/attheshore/dining/all-kinds-of-competition-are-set-to-go-down-at-burger-bash-v/article_024d63e2-e668-11ec-8c05-33a7aeb8c7e5.html,2.8005143717217185
loss,member,https://atlanticcityweekly.com/arts_and_entertainment/headliner-spotlight/article_589ce962-0f4d-11ed-960a-875dd7e7bf05.html,2.317577133727674
loss,member,https://atlanticcityweekly.com/arts_and_entertainment/concert-review-the-black-crowes-tear-it-up-at-their-saturday-night-rock-n-roll/article_f150728e-fae2-11ec-9d5c-13f4f22ac4f4.html,2.8880349268197096
loss,member,https://atlanticcityweekly.com/attheshore/headliners/headliner-spotlight/article_cbb08398-cf95-11ec-b3d9-1bac664d3da8.html,2.207925386731228
loss,member,https://atlanticcityweekly.com/attheshore/dining/sundaes-in-the-summer-at-royale-crown/article_9b039e3a-0693-11ed-a8ea-4f475c83bf28.html,2.977549604950189
loss,member,https://atlanticcityweekly.com/attheshore/dining/manco-manco-opens-a-location-at-citizen-bank-park/article_73a4fae4-b433-11ec-a89b-7bc23b90aae1.html,3.0557072591578547
loss,member,https://atlanticcityweekly.com/attheshore/dining/foodie-friendly-charity-events-come-to-south-jersey-this-week/article_18717df6-c57b-11ec-beb7-37e9a27b9977.html,2.263436265067159
loss,member,https://atlanticcityweekly.com/attheshore/events/a-c-s-rock-fest-hosts-stacked-deck-of-bands-from-80s-to-present/article_33cf1976-e670-11ec-b19e-cfa8af8d150b.html,2.6256590436162988
loss,member,https://atlanticcityweekly.com/attheshore/dining/on-a-roll-at-vic-s-subs/article_77674ad4-b9be-11ec-9989-9fc754b73f73.html,2.774820369397448
loss,member,https://atlanticcityweekly.com/attheshore/dining/appy-hour-at-buckets-margarita-bar-cantina/article_82e07804-f7b7-11ec-97a4-d7977ffabcbc.html,2.7323676511080968
loss,member,https://atlanticcityweekly.com/arts_and_entertainment/a-weekend-full-of-firefighting-fun/article_5e519ab0-2f91-11ed-85a4-0f90314c111d.html,2.3557558655701962
loss,member,https://atlanticcityweekly.com/attheshore/dining/our-picks-for-where-to-wine-and-dine-mom-this-mother-s-day/article_3aabea8c-caf3-11ec-8321-4347195e5772.html,2.448229942175589
loss,member,https://atlanticcityweekly.com/attheshore/dining/exit-zero-transforms-cape-may-s-ferry-park-into-a-destination-of-its-own/article_157671c4-d5fc-11ec-a0b8-577a3f86b352.html,2.7826264536774774
loss,member,https://atlanticcityweekly.com/attheshore/events/3-places-to-grab-a-drink-and-watch-the-atlantic-city-airshow/article_6e32b418-1d72-11ed-bc12-93c14905474f.html,2.6457329593076158
loss,member,https://atlanticcityweekly.com/attheshore/dining/andy-s-pizza-in-hammonton-is-buzzing-with-breakfast-brilliance/article_c8935cd0-c4c3-11ec-b8d2-c7357ffc7406.html,2.5791143761566815
loss,member,https://atlanticcityweekly.com/attheshore/events/a-c-hosts-free-concerts-on-the-boardwalk-each-week-through-the-summer/article_a8636d5c-11b1-11ed-b46c-a330bbd45646.html,2.787542427156632
loss,member,https://atlanticcityweekly.com/arts_and_entertainment/jersey-legend-southside-johnny-enjoying-being-back-on-road-again/article_41fd3996-d532-11ec-a1f2-23a01a7a06b0.html,2.532210845299727
loss,member,https://atlanticcityweekly.com/blogs/casino_answer_man/cards-in-hand-have-impact-on-possibilities-for-draw/article_7e60a106-279a-11ed-bd8c-d7b304d0621a.html,3.240989989325546
loss,member,https://atlanticcityweekly.com/attheshore/events/5-places-to-hang-out-before-and-after-barefoot-music-fest-in-wildwoods/article_eba730f6-eb3e-11ec-94d0-4b237bc8099a.html,2.603630611535918
loss,member,https://atlanticcityweekly.com/blogs/gaming_guru/millions-of-hands-played-few-never-to-be-forgotten/article_e543836e-1711-11ed-bf36-e3ec9f19b5b9.html,3.3509379653069895
loss,member,https://atlanticcityweekly.com/arts_and_entertainment/skato-with-kato-briefing/article_cd1d9382-e12a-11ec-ab7d-1f996f6c6c4d.html,2.803135921844634
loss,member,https://atlanticcityweekly.com/attheshore/dining/building-the-perfect-labor-day-weekend/article_48f8d450-24a9-11ed-af6c-c32f9ee5e88f.html,2.8120587907372316
loss,member,https://atlanticcityweekly.com/arts_and_entertainment/5-albums-to-play-before-summer-ends/article_1d614c2c-281f-11ed-ad42-0f92d2ee8cb4.html,2.515858683782627
loss,member,https://atlanticcityweekly.com/attheshore/dining/on-a-roll-at-the-cheese-board/article_3b455716-b415-11ec-9f7e-e7f83196c882.html,2.9202289916155744
loss,member,https://atlanticcityweekly.com/arts_and_entertainment/masters-of-illusion-brings-mind-bending-magic-mayhem-and-macabre-to-harrah-s/article_be92a904-f185-11ec-91fa-93917aee798b.html,2.6609822196748336
loss,member,https://atlanticcityweekly.com/arts_and_entertainment/scaggs-brings-influential-trilogy-to-ocean-casino/article_b026bc54-0f4c-11ed-8de7-4b43cefbde9d.html,2.684963512109728
loss,member,https://atlanticcityweekly.com/arts_and_entertainment/melissa-manchester-brings-hits-to-benefit-south-jersey-arts/article_466d27fc-11d2-11ed-b952-ef7216fce5cf.html,2.7248950296889123
loss,member,https://atlanticcityweekly.com/attheshore/dining/on-a-roll-at-the-anchorage-tavern-in-somers-point/article_77775516-c27c-11ec-a433-b32d86fbf139.html,2.8753126266953006
loss,member,https://atlanticcityweekly.com/attheshore/nightlife/5-places-to-dance-through-the-night/article_a81f8cb4-24a7-11ed-b5c4-879548f61a38.html,2.9380178768111085
loss,member,https://atlanticcityweekly.com/arts_and_entertainment/north-wildwood-s-annual-festival-celebrating-live-blues-and-bbq-prepares-to-sizzle/article_79f48678-f95f-11ec-b70c-23f5571d3ed7.html,2.6338382142744554
loss,member,https://atlanticcityweekly.com/attheshore/dining/don-t-behave-like-a-bunch-of-asses-make-sure-to-grab-your-burger-bash/article_7bc3ec16-cfc8-11ec-b4b3-97daa69de175.html,2.847516355995521
loss,member,https://atlanticcityweekly.com/after-a-bit-of-downtime-burlesque-show-returns-to-borgata-with-a-bang/article_c3de8278-d071-11ec-be94-87f487e52057.html,2.4570905051417515
loss,member,https://atlanticcityweekly.com/food_and_drink/few-spots-left-for-late-night-dining-in-atlantic-city/article_d30ca9d0-1d80-11ed-a0db-b79e22601e38.html,2.8758295213788387
loss,member,https://atlanticcityweekly.com/arts_and_entertainment/jazz-society-hosts-jazzy-warm-up-act-for-return-of-somers-point-s-biggest-fest/article_98a22448-bf64-11ec-bd5c-934a3d378c6e.html,2.461235291360042
loss,member,https://atlanticcityweekly.com/just_for_fun/stockton-s-walking-tours-return-to-showcase-a-c-s-rich-history/article_815dbe86-f962-11ec-8a5d-d7b7a687aa3d.html,2.6121614384071212
loss,member,https://atlanticcityweekly.com/arts_and_entertainment/headliner-spotlight/article_4f613ad6-2539-11ed-b6fb-bbad2fc3e492.html,2.291707485529016
loss,member,https://atlanticcityweekly.com/arts_and_entertainment/south-jersey-is-hopping-with-holiday-events/article_b27181f2-b9a1-11ec-bad4-a712d3d7851a.html,2.5473868124453243
loss,member,https://atlanticcityweekly.com/attheshore/nightlife/how-increased-tax-form-trigger-would-affect-big-slot-winners/article_7406dd5e-0118-11ed-9597-7fb9b7ff4ed0.html,3.2490135531921904
loss,member,https://atlanticcityweekly.com/arts_and_entertainment/smithville-village-s-mayfest-means-another-weekend-of-fabulous-family-fun/article_13bcb0b6-d073-11ec-a0a9-2f8a6ba00476.html,2.598573287908394
loss,member,https://atlanticcityweekly.com/arts_and_entertainment/things-to-do-for-all-of-you/article_ae169994-e5b6-11ec-b9b5-2febcb289f1d.html,2.487744591497476
loss,member,https://atlanticcityweekly.com/arts_and_entertainment/phanatic-and-special-guests-to-visit-ocean-city-boardwalk-for-phillies-day-at-manco-manco/article_73cd4d64-eccd-11ec-acf9-5fc677e77d31.html,2.5453787360146314
loss,member,https://atlanticcityweekly.com/5-wineries-to-visit-in-the-area-and-what-makes-them-so-special/article_0d567418-0c10-11ed-ad9c-33f405e1130a.html,2.530057479419624
loss,member,https://atlanticcityweekly.com/ats-cover-pics-42122/article_642b71ba-bf64-11ec-8269-a73d00580020.html,3.4194905230605657
loss,member,https://atlanticcityweekly.com/attheshore/dining/the-chicken-sandwich-wars-rage-on-picking-the-top-bird-in-a-fast-food-face/article_ebf74e30-287c-11ed-8ec0-6b410caf185a.html,2.8225072922817604
loss,member,https://atlanticcityweekly.com/attheshore/dining/5-reasons-to-check-out-bally-s-locally-loved-week/article_92adffda-b9bf-11ec-8b4e-cbb2ab99103f.html,2.9867323181199588
loss,member,https://atlanticcityweekly.com/blogs/casino_answer_man/player-yearns-for-charlies-after-push-on-low-card-run/article_f086b05a-c3df-11ec-8992-cb2f82f753b3.html,3.045436550416311
loss,member,https://atlanticcityweekly.com/ossu-japanese-tavern-the-latest-hit-in-trop-s-dining-re-imaginings/article_7b69408a-2311-11ed-bf76-e7ce6912d77f.html,3.2344465722541393
loss,member,https://atlanticcityweekly.com/attheshore/nightlife/can-you-own-your-own-slot-machine-rules-depend-on-your-home-state/article_6aeaeb78-e595-11ec-862f-0f3f1283a5b3.html,3.129292694769459
loss,member,https://atlanticcityweekly.com/arts_and_entertainment/5-questions-with-kenny-wayne-shepherd/article_00722c30-1d6b-11ed-8db7-8fed48dfef86.html,2.33532766435192
loss,member,https://atlanticcityweekly.com/attheshore/dining/a-q-a-with-chef-bob-hettmannsperger-of-essl-s-dugout/article_ae69b5c0-29fe-11ed-a990-b3d4c8745473.html,2.2080764462263653
loss,member,https://atlanticcityweekly.com/attheshore/nightlife/blackjack-bob-gives-thumbs-up-to-zappit-as-change-of-pace-game/article_6331b29a-0c14-11ed-9a5b-8f193fdf89de.html,3.0967022034149547
loss,member,https://atlanticcityweekly.com/arts_and_entertainment/all-you-need-to-know-about-ocean-s-draft-day-party/article_fc25aea2-c4bb-11ec-aadb-872a80550e92.html,2.865752405949828
loss,member,https://atlanticcityweekly.com/arts_and_entertainment/iconic-director-john-waters-brings-one-man-show-to-a-c/article_2bd684a2-bf33-11ec-a0ee-8baf97f08373.html,2.7492939417703197
loss,member,https://atlanticcityweekly.com/arts_and_entertainment/after-a-bit-of-downtime-burlesque-show-returns-to-borgata-with-a-bang/article_3c0365e6-cf93-11ec-9224-0f2e5d59fbe9.html,2.4570905051417515
loss,member,https://atlanticcityweekly.com/attheshore/nightlife/weekly-horoscopes/article_5d46207e-0c27-11ed-b9ee-2f15b9ca8857.html,2.2846743206408897
loss,member,https://atlanticcityweekly.com/arts_and_entertainment/headliner-spotlight/article_3afa4f60-c27e-11ec-b1f4-a3f8f9e8d0e8.html,2.172601250537556
loss,member,https://atlanticcityweekly.com/attheshore/dining/on-a-roll-at-sack-o-subs/article_4cb4c374-d530-11ec-9ead-671ddc51a979.html,2.7788366814368906
loss,member,https://atlanticcityweekly.com/attheshore/dining/serindipity3-brings-over-the-top-desserts-bites-drinks-and-celebrations-to-ocean-casino/article_8a7359ba-06bc-11ed-b98e-c328deb3af2e.html,2.971268379763949
loss,member,https://atlanticcityweekly.com/attheshore/nightlife/table-game-jackpot-odds-vary-with-number-of-decks/article_cdd61a1c-ca0d-11ec-a3ec-cb06dd7d0a56.html,3.122810675978254
loss,member,https://atlanticcityweekly.com/weekly-horoscopes/article_e2effe24-b46c-11ec-9f20-4bc684f93741.html,2.0921190122349627
loss,member,https://atlanticcityweekly.com/attheshore/dining/cape-may-s-taco-caballito-shines-bright-under-youthful-new-owners/article_f5c9dfae-ddbd-11ec-ae69-6f7ec70da37a.html,2.6056732156194276
loss,member,https://atlanticcityweekly.com/attheshore/nightlife/5-places-to-grab-a-hot-dog-and-a-beer/article_8480b660-004a-11ed-a89b-4b1be25b1460.html,2.4336612101665787
loss,member,https://atlanticcityweekly.com/arts_and_entertainment/headliner-spotlight/article_abe4b70e-ef3a-11ec-a5e0-8f37627ae22f.html,2.3235386326968164
loss,member,https://atlanticcityweekly.com/attheshore/dining/sundaes-in-the-summer-at-juli-s-pink-ice-cream/article_ec9cfb2a-2fa0-11ed-8a0c-3b1069c99b29.html,2.790890899265605
loss,member,https://atlanticcityweekly.com/attheshore/dining/burger-bash-v-returns-to-the-nugget/article_aaba2af2-c268-11ec-965b-0f8c63cf301d.html,2.9363651646423032
loss,member,https://atlanticcityweekly.com/arts_and_entertainment/headliner-spotlight/article_0f4bec20-bd0b-11ec-b4c6-a731583a4d92.html,2.036722254278933
loss,member,https://atlanticcityweekly.com/attheshore/dining/ain-t-no-cure-but-the-summertime-brews/article_fe207d9a-f95e-11ec-8919-37bb230ee72e.html,3.7758873130282202
loss,member,https://atlanticcityweekly.com/arts_and_entertainment/5-questions-with-stephen-pearcy-the-voice-of-ratt/article_08cadc6a-e73d-11ec-ac95-ab0868cf1084.html,2.7767596459381534
loss,member,https://atlanticcityweekly.com/arts_and_entertainment/ocean-casino-hosts-a-night-celebrating-the-chairman-of-the-board/article_fec0f628-2288-11ed-9ee8-bb5a6341d8c3.html,2.46396608615728
loss,member,https://atlanticcityweekly.com/arts_and_entertainment/things-to-do-for-all-of-you/article_6840bbda-b9b9-11ec-bb54-537b52472319.html,2.5394154677617924
loss,member,https://atlanticcityweekly.com/attheshore/nightlife/5-reasons-to-check-out-classic-rewind-weekend-at-showboat/article_d7a535c2-f0ba-11ec-8a23-ffce935db711.html,2.489912960153178
loss,member,https://atlanticcityweekly.com/arts_and_entertainment/things-to-do-for-all-of-you/article_813e288e-0c43-11ed-bdda-139c52738ac7.html,2.4624426075808357
loss,member,https://atlanticcityweekly.com/arts_and_entertainment/somers-point-s-biggest-festival-rises-again-as-bayfest-returns-for-2022/article_98afea96-c4c4-11ec-80b8-57ec3b1efe8e.html,2.2097303419380547
loss,member,https://atlanticcityweekly.com/arts_and_entertainment/a-c-beer-music-fest-returns-to-bader-field-for-another-year-in-the-sun/article_f0581b2c-e0e1-11ec-bd7b-73bc9dff5623.html,2.810896185561641
loss,member,https://atlanticcityweekly.com/sponsored/north-beach-atlantic-city-fireworks-celebration-set-for-july-1/article_0003cb8e-ebff-11ec-bc67-dfcb4a2b74e6.html,2.501813090074372
loss,nonmember,https://atlanticcityweekly.com/weather/weather-small-coastal-storm-to-bring-rain-some-wind-into-wednesday/article_934982b8-b43b-11ec-a607-1f21f73c5828.html,2.955993784730355
loss,nonmember,https://atlanticcityweekly.com/arts_and_entertainment/things-to-do-for-all-of-you/article_189384be-f96a-11ec-a828-9f0bba8b8de5.html,2.4411715589373957
loss,nonmember,https://atlanticcityweekly.com/arts_and_entertainment/10-things-to-do-on-the-ocean-city-boardwalk/article_3e9bb56e-0c48-11ed-90d3-7bbff19becd1.html,2.7297430037758446
loss,nonmember,https://atlanticcityweekly.com/arts_and_entertainment/headliner-spotlight/article_c2f5ade6-ca36-11ec-8c92-93fd0227696b.html,2.2574803394142506
loss,nonmember,https://atlanticcityweekly.com/arts_and_entertainment/rock-and-roll-hall-of-famers-celebrate-six-decades-at-borgata/article_6e66d7b6-bd0a-11ec-94bb-7f7ae869482d.html,2.806265015246648
loss,nonmember,https://atlanticcityweekly.com/attheshore/nightlife/roulette-pivot-point-cant-guarantee-riches/article_0289135e-f92f-11ec-bed3-778c741a408c.html,3.5278386796084176
loss,nonmember,https://atlanticcityweekly.com/attheshore/dining/a-c-weekly-to-celebrate-mankind-s-greatest-dish-at-burger-bash-v/article_48e2f00e-dc47-11ec-a6fd-d381d8364dec.html,2.8257765532671466
loss,nonmember,https://atlanticcityweekly.com/attheshore/dining/the-grills-were-alive-at-burger-bash-v/article_0c9b1dee-f162-11ec-9bc1-f39bd220dc93.html,2.6945992363394953
loss,nonmember,https://atlanticcityweekly.com/attheshore/dining/on-a-roll-at-taco-caballito-tequileria/article_21c217f2-cf95-11ec-ab12-6731e831409c.html,2.6708748249449408
loss,nonmember,https://atlanticcityweekly.com/arts_and_entertainment/ann-wilson-flies-solo-as-her-tour-rolls-into-atlantic-city/article_14c1a234-0c08-11ed-9fff-c7f592684e9b.html,2.6789785696790442
loss,nonmember,https://atlanticcityweekly.com/attheshore/nightlife/bigger-bets-for-better-rules-can-damage-your-bankroll/article_6c153fb4-dabc-11ec-a08a-5b093cf8f755.html,3.2233751838551354
loss,nonmember,https://atlanticcityweekly.com/attheshore/dining/sundaes-in-the-summer-at-the-sunryser/article_cdc05c04-1e5e-11ed-a7d8-a76cfb06641f.html,2.880301851753281
loss,nonmember,https://atlanticcityweekly.com/attheshore/dining/sundaes-in-the-summer-at-skipper-dipper/article_5bdc44ce-fed1-11ec-ab08-fb71cc365a71.html,2.7583232540077947
loss,nonmember,https://atlanticcityweekly.com/arts_and_entertainment/things-to-do-for-all-of-you/article_114b38c0-ddc0-11ec-ad79-eb5faa6475f9.html,2.5284997686741115
loss,nonmember,https://atlanticcityweekly.com/attheshore/events/hellzapoppin-circus-sideshow-comes-to-a-c-for-a-night-of-shock-and-awe/article_a643364e-ca33-11ec-80b1-93e89928b733.html,2.8481797291280526
loss,nonmember,https://atlanticcityweekly.com/8-day-nj-heat-wave-was-longest-since-2018-longest-96f-stretch-on-record/article_970de9e2-0d42-11ed-80fd-97c61d43c14d.html,2.9448433456338874
loss,nonmember,https://atlanticcityweekly.com/attheshore/dining/tracking-down-south-jersey-s-best-dining-options-for-easter-grub/article_11018572-ba70-11ec-b4d5-a3cc04cea4d3.html,2.5158582785040657
loss,nonmember,https://atlanticcityweekly.com/arts_and_entertainment/things-to-do-for-all-of-you/article_9c952368-2254-11ed-8d27-37d592bdb826.html,2.5160164962244336
loss,nonmember,https://atlanticcityweekly.com/arts_and_entertainment/things-to-do-for-all-of-you/article_ef3230f6-3038-11ed-b56d-7be485f0a9ae.html,2.524869326078358
loss,nonmember,https://atlanticcityweekly.com/arts_and_entertainment/things-to-do-for-all-of-you/article_1b527e2a-11b7-11ed-bead-df88e3124d14.html,2.34664971610713
loss,nonmember,https://atlanticcityweekly.com/attheshore/dining/crossroads-bar-grill-scores-big-with-wild-twists-on-american-bar-food/article_a9e69f82-0cf2-11ed-a2d7-d30a906d7a31.html,2.7022810824606105
loss,nonmember,https://atlanticcityweekly.com/arts_and_entertainment/things-to-do-for-all-of-you/article_2fb8427a-d524-11ec-9520-f3985c59c91f.html,2.5823706382603064
loss,nonmember,https://atlanticcityweekly.com/arts_and_entertainment/5-questions-with-magician-trickster-michael-carbonaro/article_8c4c5a12-ca5c-11ec-8e49-0b3a72d4e9fe.html,2.63850169964373
loss,nonmember,https://atlanticcityweekly.com/arts_and_entertainment/headliner-spotlight/article_09651faa-2a0e-11ed-aadd-b33710b1193d.html,2.1821614731392804
loss,nonmember,https://atlanticcityweekly.com/attheshore/dining/famed-philly-chef-teams-with-cookie-till-for-week-long-presence-charitable-event/article_22bdc036-1278-11ed-97e7-fba03a2e2c4b.html,2.5715049775980034
loss,nonmember,https://atlanticcityweekly.com/attheshore/nightlife/5-great-spots-to-get-a-beer-for-national-beer-day/article_47251b5a-b412-11ec-95b5-d32af5350346.html,3.009171661153665
loss,nonmember,https://atlanticcityweekly.com/arts_and_entertainment/absecon-lighthouse-welcomes-all-to-its-annual-spring-festival/article_a0df388a-caef-11ec-80e6-27c920639258.html,2.6718978008740195
loss,nonmember,https://atlanticcityweekly.com/attheshore/events/42nd-national-sports-collectors-convention-returns-to-a-c/article_19381bdc-0464-11ed-999f-935db2616c44.html,2.628683609942099
loss,nonmember,https://atlanticcityweekly.com/arts_and_entertainment/ocean-casino-steps-up-its-fantasy-football-game-at-topgolf/article_2f118b7c-2882-11ed-95ab-0f441b7dc513.html,3.5416756838571035
loss,nonmember,https://atlanticcityweekly.com/attheshore/nightlife/tidalwave-music-festival-brings-monsoon-of-country-music-to-a-c-beach-this-weekend/article_9dcbe94a-1801-11ed-9c0b-cb7d55629015.html,2.548594140739994
loss,nonmember,https://atlanticcityweekly.com/attheshore/dining/5-spots-to-celebrate-the-return-of-baseball/article_9152d674-bf5a-11ec-b969-6bb67b868857.html,2.7217605337138497
loss,nonmember,https://atlanticcityweekly.com/nightlife/5-reasons-to-check-out-moe-s-pop-up-bar-in-wildwood/article_47f7ead4-0391-11ed-b72c-97fd2252d53f.html,2.7499891298218966
loss,nonmember,https://atlanticcityweekly.com/attheshore/nightlife/blackjack-has-34-starting-hands-or-more-if-composition-matters/article_cee86d6e-0690-11ed-954d-13c3878f1324.html,3.676587220757335
loss,nonmember,https://atlanticcityweekly.com/arts_and_entertainment/reversible-royals-bring-larger-but-rarer-jackpots/article_dfab461a-f085-11ec-ba5e-77745a051447.html,3.6039960688094013
loss,nonmember,https://atlanticcityweekly.com/attheshore/nightlife/5-spots-to-enjoy-before-the-summer-crowds-come/article_7f84e2e8-cf95-11ec-afd1-83ec7974c926.html,2.7086508553658195
loss,nonmember,https://atlanticcityweekly.com/attheshore/dining/5-reasons-to-go-to-tequila-week-at-bally-s/article_c6f44400-f968-11ec-93d2-e7004dc812c1.html,2.421247682627883
loss,nonmember,https://atlanticcityweekly.com/arts_and_entertainment/barefoot-country-music-fest-returns-to-wildwood-beach/article_1b04c982-ebe7-11ec-abbc-f7850f2c0b5a.html,2.4397684808151108
loss,nonmember,https://atlanticcityweekly.com/arts_and_entertainment/tropicana-s-boogie-nights-celebrates-10-years-of-partying-like-its-1999/article_f9f10f08-c571-11ec-bdab-0fa1df62cb5f.html,2.713364222434098
loss,nonmember,https://atlanticcityweekly.com/attheshore/events/a-c-beach-hosts-three-nights-of-the-world-s-biggest-jam-band/article_a460565e-11b9-11ed-beed-473535620265.html,2.8468323739605568
loss,nonmember,https://atlanticcityweekly.com/attheshore/dining/3-great-bars-to-watch-week-1-of-the-nfl/article_45b31d5e-2df1-11ed-84b4-d7e7b2d0631e.html,2.7453582871608084
loss,nonmember,https://atlanticcityweekly.com/sponsored/give-the-gift-of-life---a-kidney-for-avram/article_96636352-ec1b-11ec-afad-af2b631451b1.html,2.3957682480806786
loss,nonmember,https://atlanticcityweekly.com/blogs/casino_answer_man/players-find-up-and-down-sides-of-streaks-at-craps-and-roulette/article_838b4b5a-e059-11ec-8a46-53177fa68b4e.html,3.2312703564039467
loss,nonmember,https://atlanticcityweekly.com/blogs/casino_answer_man/vplayers-find-up-and-down-sides-of-streaks-at-craps-and-roulette/article_838b4b5a-e059-11ec-8a46-53177fa68b4e.html,3.2312703564039467
loss,nonmember,https://atlanticcityweekly.com/arts_and_entertainment/things-to-do-for-all-of-you/article_b299de10-2a24-11ed-98e2-a314b2c540a8.html,2.5211960073474273
loss,nonmember,https://atlanticcityweekly.com/arts_and_entertainment/drummer-shows-artistic-side-at-hard-rock-performs-with-lynyrd-skynyrd-at-ocean-casino/article_a00fd08a-fc82-11ec-be86-9f1b4a6d113b.html,2.7242982519286993
loss,nonmember,https://atlanticcityweekly.com/arts_and_entertainment/fireworks-around-south-jersey-and-independence-day-events/article_5b119ff0-f6dc-11ec-af44-d7963461b70d.html,2.373763049845187
loss,nonmember,https://atlanticcityweekly.com/arts_and_entertainment/things-to-do-for-all-of-you/article_a0a56db0-1ccc-11ed-8cff-dbe0f63cef13.html,2.477541793409656
loss,nonmember,https://atlanticcityweekly.com/attheshore/dining/10-great-spots-to-bring-your-pop-on-father-s-day/article_d0d06be8-eb30-11ec-bb9d-cb3720af2358.html,2.4906534225289185
loss,nonmember,https://atlanticcityweekly.com/ats-cover-6-16-22/article_47ecd3f6-ebdb-11ec-9763-7b01cf4822b8.html,4.926487988852943
loss,nonmember,https://atlanticcityweekly.com/attheshore/dining/ocean-casino-s-makai-brings-island-flavors-to-atlantic-city/article_255d15da-2e02-11ed-9585-8bf51c151278.html,3.1782456591959023
loss,nonmember,https://atlanticcityweekly.com/attheshore/dining/newly-opened-moonshiners-bar-and-grill-in-mays-landing-is-here-to-stay/article_2e4d63c6-db7c-11ec-b02c-3719ce31f867.html,2.517216441633745
loss,nonmember,https://atlanticcityweekly.com/attheshore/dining/girasole-celebrates-three-decades-of-inspired-italian-cuisine/article_82e5edbc-e668-11ec-a3a1-63550687ef73.html,2.785921048545383
loss,nonmember,https://atlanticcityweekly.com/arts_and_entertainment/new-comedy-concept-combines-hypnosis-and-improv-into-one-sidesplitting-good-time/article_557e1eec-e683-11ec-8553-e72891da63cc.html,2.563757074132231
loss,nonmember,https://atlanticcityweekly.com/attheshore/dining/appy-hour-at-the-point/article_bee5e010-daa6-11ec-98b7-2bb20e469a25.html,3.1873600218200675
loss,nonmember,https://atlanticcityweekly.com/weather/weather-boom-or-bust-scenario-for-severe-weather-tuesday-comfy-weekend-ahead/article_0b8042c2-fb30-11ec-9bd4-674e9cbe3b3e.html,2.812005077871211
loss,nonmember,https://atlanticcityweekly.com/the-chatterbox-in-ocean-city-roars-back-to-life-under-new-ownership/article_28b831ce-17eb-11ed-944c-43c5b498c53e.html,2.8061360169059406
loss,nonmember,https://atlanticcityweekly.com/arts_and_entertainment/big-developments-define-summer-2022-for-ocean-casino/article_1e30aa5a-daac-11ec-86da-17c9830fabe5.html,1.9036881994313672
loss,nonmember,https://atlanticcityweekly.com/sponsored/north-beach-atlantic-city-fireworks-celebration-set-for-sept-4th/article_e9c2aaa4-287e-11ed-b794-c7ff847eabef.html,2.7727660199777677
loss,nonmember,https://atlanticcityweekly.com/arts_and_entertainment/things-to-do-for-all-of-you/article_7df7d468-daac-11ec-9c5a-83fc8d7b6c90.html,2.4964554928549734
loss,nonmember,https://atlanticcityweekly.com/attheshore/dining/honor-thy-burger-at-burger-bash-v/article_58eb6e30-d531-11ec-ad42-274e02ab81b7.html,2.836092664331127
loss,nonmember,https://atlanticcityweekly.com/attheshore/dining/trop-opens-brand-new-japanese-tavern-concept/article_3ef4d788-0f73-11ed-a85c-9725dbf88c32.html,2.5554939152906044
loss,nonmember,https://atlanticcityweekly.com/arts_and_entertainment/this-a-c-wrestling-tournament-is-a-real-game-changer/article_96b81e48-dd2e-11ec-92e0-1b7729b2d59c.html,2.489448806086121
loss,nonmember,https://atlanticcityweekly.com/attheshore/events/the-downbeach-seafood-festival-makes-for-a-shucking-fun-weekend-in-south-jersey/article_e53e5e38-3387-11ed-a473-3bec6d3fa639.html,2.7613748661720976
loss,nonmember,https://atlanticcityweekly.com/arts_and_entertainment/5-great-bars-to-watch-the-fireworks-at-this-weekend/article_7098372e-f70b-11ec-86b1-5307ec4e44eb.html,2.402641353159655
loss,nonmember,https://atlanticcityweekly.com/arts_and_entertainment/things-to-do-for-all-of-you/article_323e1508-ca2d-11ec-83d5-0382e60f893c.html,2.53096284118222
loss,nonmember,https://atlanticcityweekly.com/attheshore/nightlife/despite-low-frequency-points-pass-wins-more-often-than-place/article_2d722ac0-2d31-11ed-b321-6745aafd829a.html,3.1919640740333146
loss,nonmember,https://atlanticcityweekly.com/arts_and_entertainment/nj-horror-con-screams-its-way-back-to-showboat/article_9fcb8cee-b412-11ec-a51b-db469cb24955.html,2.4272484526281146
loss,nonmember,https://atlanticcityweekly.com/arts_and_entertainment/wwe-sunday-stunner-returns-to-atlantic-city/article_a0f56120-17f0-11ed-9bb1-7ba84fe27d75.html,1.7787869696618097
loss,nonmember,https://atlanticcityweekly.com/arts_and_entertainment/jurassic-quest-brings-dino-sized-fun-for-family-to-a-c/article_4b7500c4-11ca-11ed-83f2-0f4f37b56480.html,2.6091909698439046
loss,nonmember,https://atlanticcityweekly.com/attheshore/nightlife/rakin-bacon-monopoly-cheat-edition-amp-up-entertainment-fun-at-slots/article_0bf2fa7a-ea68-11ec-9cd3-ff5b31a74dae.html,3.626348285715618
loss,nonmember,https://atlanticcityweekly.com/arts_and_entertainment/311-keep-creative-journey-flowing-as-fall-tour-heads-to-a-c/article_7eb82abe-3327-11ed-8649-47a2aa0a5e54.html,2.4762653814456868
loss,nonmember,https://atlanticcityweekly.com/food_and_drink/5-things-to-know-about-the-vue-rooftop-bar-and-lounge/article_15038cb0-2ebf-11ed-aeab-2f70629e95a5.html,2.6561901195142097
loss,nonmember,https://atlanticcityweekly.com/arts_and_entertainment/things-to-do-for-all-of-you/article_ab69b47a-c4ae-11ec-98ee-df4549e88bac.html,2.4526297355616173
loss,nonmember,https://atlanticcityweekly.com/attheshore/dining/michael-s-summer-wine-picks/article_ce5a70f2-0462-11ed-b063-4f6cc561d1c4.html,2.878959140264577
loss,nonmember,https://atlanticcityweekly.com/arts_and_entertainment/things-to-do-for-all-of-you/article_0498ab48-172d-11ed-abcd-7376c5e93891.html,2.492624418444879
loss,nonmember,https://atlanticcityweekly.com/arts_and_entertainment/two-very-different-styles-of-circus-return-to-showboat/article_c2fb0fc4-01eb-11ed-8e78-4ff5a7de765e.html,2.683605918854298
loss,nonmember,https://atlanticcityweekly.com/attheshore/nightlife/four-card-poker-finds-expanded-niche-online/article_17c5c99c-2215-11ed-9f19-e7d8f92a75df.html,2.8920532114002677
loss,nonmember,https://atlanticcityweekly.com/acw-cover-photos/article_1ae199b6-e67f-11ec-b885-c391ff186d4a.html,3.6987140521935573
loss,nonmember,https://atlanticcityweekly.com/attheshore/nightlife/blackjack-bobs-right-plays-cant-overcome-wrong-cards/article_9f844d02-b8e0-11ec-b095-231ae46c9b11.html,3.170951830327549
loss,nonmember,https://atlanticcityweekly.com/attheshore/nightlife/5-reasons-to-see-red-perform-at-golden-nugget-every-monday/article_cba1ffe2-0f5c-11ed-b949-77f44c55f97f.html,2.7751806362962688
loss,nonmember,https://atlanticcityweekly.com/arts_and_entertainment/free-concert-with-the-singing-lifeguard/article_59cdccd8-ddf8-11ec-b9c3-7fb4967c24d5.html,2.799256874185617
loss,nonmember,https://atlanticcityweekly.com/attheshore/dining/on-a-roll-at-el-pueblo-taqueria/article_1653e25e-bf16-11ec-9f58-5be08602154a.html,2.627759246162911
loss,nonmember,https://atlanticcityweekly.com/arts_and_entertainment/things-to-do-for-all-of-you/article_323cbe4c-b420-11ec-af3f-3f302d736094.html,2.589910719522875
loss,nonmember,https://atlanticcityweekly.com/arts_and_entertainment/headliner-spotlight/article_3e523e88-feed-11ec-9e3f-bbea6c57599b.html,2.2522537472178703
loss,nonmember,https://atlanticcityweekly.com/attheshore/headliners/ocean-casino-brings-in-a-new-kind-of-tribute-act-with-magical-mystery-doors/article_b594132a-0156-11ed-9a02-7bd2faf45444.html,2.5778001624729354
loss,nonmember,https://atlanticcityweekly.com/arts_and_entertainment/o-c-pops-honor-famed-film-composer-with-star-wars-performance/article_e564f4de-01f1-11ed-b1f6-9784283e34b4.html,2.410716389582882
loss,nonmember,https://atlanticcityweekly.com/arts_and_entertainment/things-to-do-for-all-of-you/article_94170cfc-bf16-11ec-b021-8b293e50d88a.html,2.4156895265999463
loss,nonmember,https://atlanticcityweekly.com/attheshore/nightlife/weekly-horoscopes/article_dd621a62-2214-11ed-8acc-7be50355f817.html,2.0464605963047133
loss,nonmember,https://atlanticcityweekly.com/blogs/casino_answer_man/when-dealt-card-lands-on-chair-does-employee-have-to-fetch/article_86bd5166-bf15-11ec-953e-4baacb6ccfdd.html,3.2105960876585438
loss,nonmember,https://atlanticcityweekly.com/arts_and_entertainment/millennium-era-nu-metal-rockers-staind-head-to-atlantic-city/article_f0266e52-2a28-11ed-806c-8ba1a1932451.html,2.4866182960940697
loss,nonmember,https://atlanticcityweekly.com/arts_and_entertainment/bally-s-new-renovations-offerings-make-park-place-and-boardwalk-legendary-again/article_392bf548-dada-11ec-8ba5-ff47879e9919.html,2.746148179779175
loss,nonmember,https://atlanticcityweekly.com/attheshore/dining/borgata-announces-new-steakhouse-concept-to-open/article_98f5ed3c-ec12-11ec-aa30-ffbb8c54aee0.html,2.661507467435446
loss,nonmember,https://atlanticcityweekly.com/arts_and_entertainment/atlantic-city-airshow-gives-sky-salute-to-those-who-serve/article_de31e514-1a38-11ed-ae0f-df760cb27307.html,2.4112980520148355
loss,nonmember,https://atlanticcityweekly.com/things-to-do-for-all-of-you/article_3ecbc38c-cfb0-11ec-8851-a71321d75413.html,2.4119654832290123
loss,nonmember,https://atlanticcityweekly.com/attheshore/dining/after-a-far-too-long-gap-burger-bash-is-back/article_5fc5f6b8-b41f-11ec-a822-afa35f30d884.html,3.0145800954435455
loss,nonmember,https://atlanticcityweekly.com/arts_and_entertainment/things-to-do-for-all-of-you/article_af9d6428-ef3e-11ec-ab00-674f704ed556.html,2.4906376558460783
loss,nonmember,https://atlanticcityweekly.com/arts_and_entertainment/exit-zero-jazz-festival-celebrates-10th-anniversary-with-stellar-lineup/article_3f40cc94-d074-11ec-9c9f-a76c3e6feb0c.html,2.7089450191342213
loss,nonmember,https://atlanticcityweekly.com/attheshore/dining/sundaes-in-the-summer-at-fine-fellows-creamery/article_407f5e20-dd23-11ec-92fd-d78cc59bb709.html,2.990331240463498
loss,nonmember,https://atlanticcityweekly.com/arts_and_entertainment/night-in-venice-continues-tradition-with-former-villanova-basketball-coach/article_d5ba1510-044d-11ed-bb17-8ff797fca53c.html,2.4732758240151433
loss,nonmember,https://atlanticcityweekly.com/attheshore/nightlife/pass-line-edge-never-disappears-no-matter-how-big-the-odds-bet/article_2da1f448-1199-11ed-bb65-0f8c3c7700c0.html,3.40977136230309
loss,nonmember,https://atlanticcityweekly.com/attheshore/dining/brigantine-s-new-fast-casual-spot-kook-burger-continues-to-sizzle/article_04ae27fc-f15d-11ec-991b-67fe6cfcea14.html,2.5731818541961617
loss,nonmember,https://atlanticcityweekly.com/attheshore/nightlife/weekly-horoscopes/article_44ddbcea-a926-11ec-ba7e-ffa615200150.html,2.0864183693735003
loss,nonmember,https://atlanticcityweekly.com/arts_and_entertainment/casinos-dge-join-forces-for-june-2-job-fair/article_2e8244bc-e1bf-11ec-896d-434e3f8c3827.html,1.9654085079137713
loss,nonmember,https://atlanticcityweekly.com/attheshore/dining/shandies-blondes-and-pilsners-oh-my-summer-beer-season-is-here/article_0c652bae-ca29-11ec-9276-8b8b07fb2b32.html,3.3853322298236344
loss,nonmember,https://atlanticcityweekly.com/attheshore/events/more-on-the-right-notes/article_4beae908-336f-11ed-8730-b343b3fdcebb.html,2.5341461545936874
loss,nonmember,https://atlanticcityweekly.com/arts_and_entertainment/things-to-do-for-all-of-you/article_3ecbc38c-cfb0-11ec-8851-a71321d75413.html,2.419432996290933
loss,nonmember,https://atlanticcityweekly.com/arts_and_entertainment/headliner-spotlight/article_5e35c49e-f886-11ec-bdaa-4f3c2b0e32ea.html,2.347838022179831
loss,nonmember,https://atlanticcityweekly.com/attheshore/dining/june-is-here-for-beer/article_bb84d134-dd2f-11ec-bea6-df8dac681c79.html,3.6503239567011914
loss,nonmember,https://atlanticcityweekly.com/arts_and_entertainment/firefighting-convention-expo-and-parade-return-to-wildwoods/article_5e519ab0-2f91-11ed-85a4-0f90314c111d.html,2.3629055079172954
loss,nonmember,https://atlanticcityweekly.com/arts_and_entertainment/things-to-do-for-all-of-you/article_1cd635d4-f6ff-11ec-8e7f-a78df9855e6a.html,2.378354673297586
loss,nonmember,https://atlanticcityweekly.com/attheshore/headliners/good-draw-on-wrong-game-vexes-video-poker-player/article_376c81d2-d50d-11ec-8e6f-7bd17781974e.html,3.3649922071254412
loss,nonmember,https://atlanticcityweekly.com/attheshore/dining/sundaes-in-the-summer-at-anna-lee-s-cookies-and-cream/article_79fdeb82-f6ee-11ec-bbbe-132766dfaaa9.html,2.5283524136617914
loss,nonmember,https://atlanticcityweekly.com/arts_and_entertainment/black-crowes-patch-things-up-and-bring-shake-your-money-maker-to-borgata/article_5a96bde8-f6f1-11ec-9de6-af239cbe5ae4.html,2.8448354191632963
loss,nonmember,https://atlanticcityweekly.com/arts_and_entertainment/high-tech-hard-rock-exhibit-offers-unique-perspective-on-vincent-van-gogh/article_11c88dee-f95d-11ec-b6b5-a31f631afb01.html,2.8299872603707716
loss,nonmember,https://atlanticcityweekly.com/arts_and_entertainment/things-to-do-for-all-of-you/article_f8b95594-ea99-11ec-aebe-8f850b715f94.html,2.508792705647522
loss,nonmember,https://atlanticcityweekly.com/arts_and_entertainment/black-excellence-festival-returns-to-showboat-for-federal-holiday/article_7d19f2d2-ea9d-11ec-9a40-9b47fcd64093.html,2.8565974970715304
loss,nonmember,https://atlanticcityweekly.com/arts_and_entertainment/favorito-brings-old-school-rickles-style-comedy-to-ocean-casino/article_92a024da-0c50-11ed-b7ce-7735d69bda48.html,2.6562095926714138
loss,nonmember,https://atlanticcityweekly.com/attheshore/dining/burger-bash-v-brings-the-fire-to-golden-nugget/article_bcfae8a6-bf60-11ec-8b1f-7bd8d6b8cb9e.html,2.782857575438904
loss,nonmember,https://atlanticcityweekly.com/food_and_drink/serendipity3-brings-over-the-top-desserts-bites-drinks-and-celebrations-to-ocean-casino/article_c242df36-06d1-11ed-bd3a-d3243d1d9689.html,2.9707415842781884
loss,nonmember,https://atlanticcityweekly.com/la-mesa-mr-gordo-offer-new-dining-options-for-mexican-holiday/article_80d2fb6a-caf1-11ec-890e-df55d5203777.html,2.7082401200315327
loss,nonmember,https://atlanticcityweekly.com/arts_and_entertainment/headliner-spotlight/article_e133d752-b40f-11ec-804b-3fc8784e4b3d.html,2.066623596276456
loss,nonmember,https://atlanticcityweekly.com/food_and_drink/girasole-celebrates-three-decades-of-inspired-italian-cuisine/article_3720dc9c-e669-11ec-b789-f38926431134.html,2.785921048545383
loss,nonmember,https://atlanticcityweekly.com/night-in-venice-continues-tradition-with-former-villanova-basketball-coach/article_0bf227e6-06b8-11ed-9717-77c5b4426168.html,2.4803236819961163
loss,nonmember,https://atlanticcityweekly.com/acw-cover-artwork/article_27cebef4-338e-11ed-b705-87fd076570f6.html,3.8646518832735555
loss,nonmember,https://atlanticcityweekly.com/attheshore/dining/spring-beer-season-means-plenty-of-events-and-unique-styles/article_dc12a266-b45b-11ec-b42f-bf4396f587e6.html,3.467558045381349
loss,nonmember,https://atlanticcityweekly.com/arts_and_entertainment/headliner-spotlight/article_b9d7ad8a-e5bc-11ec-ade8-0b761171f793.html,2.3791542471931364
loss,nonmember,https://atlanticcityweekly.com/attheshore/dining/a-scrumptious-search-for-the-tastiest-appetizers-in-south-jersey/article_75da2cb0-bfde-11ec-a398-cff8134dbce8.html,2.798104565777372
loss,nonmember,https://atlanticcityweekly.com/arts_and_entertainment/headliner-spotlight/article_b6af85f4-d529-11ec-81eb-e3f12d793c89.html,2.362374365645005
loss,nonmember,https://atlanticcityweekly.com/arts_and_entertainment/showboat-debuts-indoor-go-kart-experience/article_c45d8264-daba-11ec-b9f4-dbbac7c5982a.html,2.704170452952751
loss,nonmember,https://atlanticcityweekly.com/attheshore/dining/a-c-weekly-s-burger-bash-event-prepares-to-sizzle-after-a-three-year-hiatus/article_9ea74b2a-eb56-11ec-87f6-779fa13b4fd8.html,2.7793814102882135
loss,nonmember,https://atlanticcityweekly.com/attheshore/dining/new-jersey-breweries-need-your-support-after-absurd-regulations/article_2be4c80c-0f5e-11ed-a243-f3043737cb5e.html,3.595714906668055
loss,nonmember,https://atlanticcityweekly.com/attheshore/nightlife/5-great-spots-to-enjoy-a-fresh-margarita-on-cinco-de-mayo/article_16f70eee-ca32-11ec-aadc-cf53668ae978.html,2.569310962735391
loss,nonmember,https://atlanticcityweekly.com/attheshore/dining/first-ever-atlantic-city-seafood-music-festival-looks-to-be-a-shuckin-good-time/article_5e248028-ef3d-11ec-97f8-f77be3d3afea.html,2.5536928026188543
loss,nonmember,https://atlanticcityweekly.com/attheshore/dining/la-mesa-mr-gordo-offer-new-dining-options-for-mexican-holiday/article_7a95270e-ca57-11ec-858e-a36563b948f5.html,2.7067964730552214
loss,nonmember,https://atlanticcityweekly.com/acw-cover-concept-72822/article_1b7d12fe-0cfb-11ed-9027-5b4f3c706339.html,4.416287123606218
loss,nonmember,https://atlanticcityweekly.com/arts_and_entertainment/primus-pay-tribute-to-prog-rock-forefathers-as-a-tribute-to-kings-tour-rolls-into/article_7455ee38-d852-11ec-be86-1fca7fcedf04.html,2.6260263501998478
loss,nonmember,https://atlanticcityweekly.com/attheshore/dining/what-you-need-to-know-about-natural-organic-and-vegan-wines/article_aafe8884-bd0c-11ec-9480-e7666321cb62.html,2.7957439360178973
loss,nonmember,https://atlanticcityweekly.com/attheshore/dining/the-chatterbox-in-ocean-city-roars-back-to-life-under-new-ownership/article_7a9b4afa-17e4-11ed-b41c-ab9968c3f524.html,2.802581363837042
loss,nonmember,https://atlanticcityweekly.com/attheshore/nightlife/weekly-horoscopes/article_bcc68bd4-dde1-11ec-82a9-0b654f59d66c.html,2.3605834410075106
loss,nonmember,https://atlanticcityweekly.com/attheshore/dining/ocean-casino-offers-a-choco-tribute/article_e9bfeb08-11a8-11ed-a531-9f484657ffc4.html,3.0800212334649895
loss,nonmember,https://atlanticcityweekly.com/attheshore/nightlife/5-reasons-to-check-out-coral-lounge-bar-at-resorts/article_0d02eed8-e5aa-11ec-a6d9-778392356120.html,2.77015378984515
loss,nonmember,https://atlanticcityweekly.com/attheshore/dining/appy-hour-at-harry-s-ocean-bar-grille/article_6323cd80-ef3e-11ec-9e25-53067c363be8.html,2.9321336497334594
loss,nonmember,https://atlanticcityweekly.com/arts_and_entertainment/a-fusion-of-top-shelf-talent-visits-ocean-casino-s-ovation-hall-for-the-third/article_53c593d6-332d-11ed-8efc-ff74f8c86174.html,2.6312023057913483
loss,nonmember,https://atlanticcityweekly.com/arts_and_entertainment/things-to-do-for-all-of-you/article_48f40220-0449-11ed-828f-5f926710e0ca.html,2.4064452416998856
loss,nonmember,https://atlanticcityweekly.com/attheshore/dining/sundaes-in-the-summer-at-peace-pie/article_3f2a00a0-e743-11ec-abfc-bf515eb8ca79.html,2.904426788825158
loss,nonmember,https://atlanticcityweekly.com/attheshore/dining/appy-hour-at-hotel-lbi/article_2b4b5a1e-1742-11ed-bc91-c70ff26b20ee.html,2.990318671240465
loss,nonmember,https://atlanticcityweekly.com/arts_and_entertainment/with-a-wealth-of-new-businesses-and-teamwork-north-beach-now-hottest-spot-in-a/article_f80f6d30-0cff-11ed-8ff1-bb736a2cf94e.html,2.848718278944495
loss,nonmember,https://atlanticcityweekly.com/sponsored/meet-the-business---one-stop-xteriors/article_0da709f4-dd22-11ec-ac34-b3f2e1fbf572.html,3.15118881035072
loss,nonmember,https://atlanticcityweekly.com/arts_and_entertainment/boy-band-what-a-rush-reunites-in-a-c/article_c020022a-f70d-11ec-8f73-a30e3ede1a34.html,2.3607012044222904
loss,nonmember,https://atlanticcityweekly.com/ats-cover-4-28-22/article_661c8de2-c4c8-11ec-9c0b-4b7ec50fa571.html,3.537662742172534
loss,nonmember,https://atlanticcityweekly.com/arts_and_entertainment/things-to-do-for-all-of-you/article_0e55b5bc-012b-11ed-9aee-efe1626087a1.html,2.505529154124701
loss,nonmember,https://atlanticcityweekly.com/attheshore/events/don-t-get-faked-out-at-this-year-s-fakefest-at-golden-nugget/article_552390b4-ef3c-11ec-a8f8-9fd812f479e3.html,2.4767510274540463
loss,nonmember,https://atlanticcityweekly.com/arts_and_entertainment/headliner-spotlight/article_8545a318-b9a9-11ec-b6ba-db0c77773b95.html,2.204914731724477
loss,nonmember,https://atlanticcityweekly.com/arts_and_entertainment/headliner-spotlight/article_74365b02-221e-11ed-9f03-37517144e6bb.html,2.260452454380016
loss,nonmember,https://atlanticcityweekly.com/attheshore/dining/oh-my-dear---the-pumpkin-beers-are-here/article_9b838b4e-2872-11ed-9420-5b193f301a75.html,3.6605852241726295
loss,nonmember,https://atlanticcityweekly.com/blogs/casino_answer_man/slot-players-need-not-fear-mid-game-switch-via-server/article_2e282360-b41a-11ec-964c-b30bde973c53.html,3.311769705638177
loss,nonmember,https://atlanticcityweekly.com/arts_and_entertainment/headliner-spotlight/article_3dde292a-d851-11ec-8ad7-1f4893bce4b4.html,2.2328502690600907
loss,nonmember,https://atlanticcityweekly.com/arts_and_entertainment/headliner-spotlight/article_5e481624-045e-11ed-9fef-f7b0c59f60ec.html,2.301256862618805
loss,nonmember,https://atlanticcityweekly.com/arts_and_entertainment/mummers-close-the-summer-with-the-annual-new-years-in-north-wildwood/article_2e0b2aa0-29f2-11ed-95f4-47d98f35e00b.html,2.621871529507854
loss,nonmember,https://atlanticcityweekly.com/arts_and_entertainment/headliner-spotlight/article_d9f0a736-172e-11ed-8161-73005ae40156.html,2.3604868831623245
loss,nonmember,https://atlanticcityweekly.com/attheshore/nightlife/tidalwave-music-festival-brings-monsoon-of-country-music-to-a-c-beach-this-weekend/article_cc8697fa-1809-11ed-9bf7-b3dd59fd9080.html,2.548594140739994
loss,nonmember,https://atlanticcityweekly.com/arts_and_entertainment/headliner-spotlight/article_f17ce35a-2f8a-11ed-af59-4741d5195105.html,2.1810648342854857
loss,nonmember,https://atlanticcityweekly.com/arts_and_entertainment/10-cool-things-to-discover-on-wildwood-boardwalk/article_3344f206-004b-11ed-9005-2390cc45c4b2.html,2.1632328249578636
loss,nonmember,https://atlanticcityweekly.com/attheshore/nightlife/5-great-spots-to-bar-hop-with-a-beverage-in-hand/article_9c2f775c-d54c-11ec-848f-9fc003c89049.html,2.8964123275584046
loss,nonmember,https://atlanticcityweekly.com/arts_and_entertainment/john-cafferty-and-the-beaver-brown-band-to-perform-double-header-of-live-shows/article_b5642202-27a6-11ed-836d-b310ddc65c30.html,2.4384104858966515
loss,nonmember,https://atlanticcityweekly.com/attheshore/events/a-c-s-rock-fest-hosts-stacked-deck-of-bands-from-80s-to-present/article_48c3627e-e5f3-11ec-97e3-c7dcb6cc9662.html,2.6256590436162988
loss,nonmember,https://atlanticcityweekly.com/arts_and_entertainment/things-to-do-for-all-of-you/article_e4434a5e-253e-11ed-8f2c-574bc19c39a1.html,2.2976087252200177
loss,nonmember,https://atlanticcityweekly.com/arts_and_entertainment/art-music-and-wellness-celebrated-for-a-good-cause/article_f344d966-e662-11ec-a1b7-efa9ed3f5979.html,2.687393657431725
loss,nonmember,https://atlanticcityweekly.com/attheshore/dining/burger-bash-chefs-bring-their-a-game-to-the-nugget-at-burger-bash-v/article_50e251c6-daa5-11ec-92fd-efd21528c340.html,2.7618664408657967
loss,nonmember,https://atlanticcityweekly.com/attheshore/dining/just-in-time-for-higher-temperatures-your-guide-to-summer-sippers/article_19d84b72-ea9f-11ec-86be-0b5fc0f7989a.html,2.5522557787964013
loss,nonmember,https://atlanticcityweekly.com/celeb-chef-returns-to-a-c-with-fast-casual-burger-concept/article_390335b8-c720-11ec-9d45-7f6f1d51a9c1.html,2.471185581075704
loss,nonmember,https://atlanticcityweekly.com/attheshore/nightlife/5-reasons-to-check-out-bally-s-new-carousel-bar/article_ab7b524a-dc49-11ec-ae2b-476eee9f9a39.html,2.7011068218163157
loss,nonmember,https://atlanticcityweekly.com/attheshore/nightlife/5-places-that-are-back-in-full-swing-for-the-summer/article_e01cca6a-d857-11ec-8c93-7376318e2ae8.html,2.7634790822202913
loss,nonmember,https://atlanticcityweekly.com/attheshore/dining/south-jersey-prepares-for-burger-bash-v/article_f059c2f8-ba6a-11ec-86cc-0feeadbf5b22.html,2.952652907688234
loss,nonmember,https://atlanticcityweekly.com/arts_and_entertainment/5-things-to-know-about-the-pool-at-harrahs/article_104f1b66-29fc-11ed-9f19-e35d1ff1ec5e.html,2.744362567995534
loss,nonmember,https://atlanticcityweekly.com/arts_and_entertainment/summer-s-unofficial-kickoff-is-a-weekend-worth-celebrating-in-south-jersey/article_ff365b40-db6e-11ec-8e7c-579040121510.html,2.6545096786168565
loss,nonmember,https://atlanticcityweekly.com/attheshore/nightlife/4-spots-to-pre-and-post-game-for-tidal-wave-festival/article_30a84ea0-17fa-11ed-902a-87cb86b85156.html,2.388038989913699
loss,nonmember,https://atlanticcityweekly.com/060922-acw-acwcoverphotos/article_6d0dbac6-e67f-11ec-8c08-33ca211193ad.html,3.859094693496095
loss,nonmember,https://atlanticcityweekly.com/arts_and_entertainment/chili-knockout-spicy-food-fest-brings-the-burn-to-a-c/article_9c13a1e2-d5f3-11ec-97ae-ff9ff3d2735f.html,2.7623854927319935
loss,nonmember,https://atlanticcityweekly.com/serindipity3-brings-over-the-top-desserts-bites-drinks-and-celebrations-to-ocean-casino/article_c242df36-06d1-11ed-bd3a-d3243d1d9689.html,3.0145243760271243
loss,nonmember,https://atlanticcityweekly.com/arts_and_entertainment/a-full-lineup-of-new-bars-restaurants-and-gaming-concepts-are-headed-to-trop-this/article_95d249a2-bc06-11ec-a002-1f427fc39c74.html,2.748874224382802
loss,nonmember,https://atlanticcityweekly.com/attheshore/dining/two-seafood-buffets-bring-all-you-can-eat-options-to-family-fun-locations/article_1a52f9ec-f703-11ec-923f-f3b3c4c74a30.html,2.9503176594606124
loss,nonmember,https://atlanticcityweekly.com/arts_and_entertainment/tito-puente-jr-brings-the-spirit-of-his-father-s-music-to-somers-point/article_d6312a58-dd22-11ec-81b2-2b7c78c6a543.html,2.4723769808239773
loss,nonmember,https://atlanticcityweekly.com/attheshore/dining/ossu-japanese-tavern-the-latest-hit-in-trop-s-dining-re-imaginings/article_a4a4e780-2305-11ed-b86b-f7fbed36d9d7.html,3.2632521412727957
loss,nonmember,https://atlanticcityweekly.com/exit-zero-jazz-festival-celebrates-10th-anniversary-with-stellar-lineup/article_79ca0898-d07f-11ec-b72d-57b4112654bd.html,2.7240974584864306
loss,nonmember,https://atlanticcityweekly.com/arts_and_entertainment/the-genesis-show-brings-the-duke-tour-to-levoy-theatre/article_6e6de534-2a1e-11ed-b675-278865971c33.html,2.800962177188384
loss,nonmember,https://atlanticcityweekly.com/arts_and_entertainment/headliner-spotlight/article_25b9e83e-dd15-11ec-ba1c-5f176eaaf51b.html,2.192608437191296
loss,nonmember,https://atlanticcityweekly.com/attheshore/dining/spring-is-here-but-there-are-no-rules-when-you-can-enjoy-any-type-of/article_da4ae6c0-d52e-11ec-8532-8b32fcab291c.html,2.8295849839712877
loss,nonmember,https://atlanticcityweekly.com/attheshore/events/the-right-notes-2022-honoring-jayne-bray/article_604c316a-1d65-11ed-9d98-ef6a3661c516.html,2.4547791090064104
loss,nonmember,https://atlanticcityweekly.com/attheshore/dining/sundaes-in-the-summer-at-drip-n-scoop/article_d5b56380-0f5b-11ed-9534-37f0085acc21.html,2.9314333595058675
loss,nonmember,https://atlanticcityweekly.com/arts_and_entertainment/local-winery-hosts-country-music-festival-for-holiday-weekend/article_f357144e-f6e5-11ec-aede-cb28e179b739.html,2.7888118186221327
loss,nonmember,https://atlanticcityweekly.com/arts_and_entertainment/headliner-spotlight/article_fcf61e50-0c2f-11ed-a30c-f31e9f370d76.html,2.1883569382222183
loss,nonmember,https://atlanticcityweekly.com/arts_and_entertainment/headliner-spotlight/article_aa4f44a2-ea9b-11ec-bd17-3bf49578de70.html,2.260580746893389
loss,nonmember,https://atlanticcityweekly.com/attheshore/dining/from-crepes-to-quiche-asbury-kitchen-worth-checking-out/article_e6bfe950-01ed-11ed-9754-b33e90dc2edf.html,2.747651984345393
loss,nonmember,https://atlanticcityweekly.com/attheshore/nightlife/crowd-size-day-of-the-week-all-the-same-for-slot-payouts/article_b05a8848-3294-11ed-b2a2-67c0a45d43e8.html,3.2269813428847276
loss,nonmember,https://atlanticcityweekly.com/attheshore/dining/appy-hour-at-izzy-s-river-landing/article_fa90d9fa-e5ad-11ec-99d3-8b9f1c60ab4b.html,2.829456892941622
loss,nonmember,https://atlanticcityweekly.com/arts_and_entertainment/legendary-comic-steven-wright-returns-to-a-c/article_7c1ef9f8-d603-11ec-aaae-4fb2b586c540.html,2.58903430746264
loss,nonmember,https://atlanticcityweekly.com/attheshore/dining/appy-hour-at-laguna-grill-and-rum-bar/article_8694fefc-0ced-11ed-be23-7f78a7ad05c4.html,2.9215264157241188
loss,nonmember,https://atlanticcityweekly.com/attheshore/dining/manco-manco-opens-a-location-at-citizens-bank-park/article_73a4fae4-b433-11ec-a89b-7bc23b90aae1.html,2.3855440367287115
loss,nonmember,https://atlanticcityweekly.com/attheshore/dining/all-kinds-of-competition-are-set-to-go-down-at-burger-bash-v/article_024d63e2-e668-11ec-8c05-33a7aeb8c7e5.html,2.8005143717217185
loss,nonmember,https://atlanticcityweekly.com/arts_and_entertainment/headliner-spotlight/article_589ce962-0f4d-11ed-960a-875dd7e7bf05.html,2.317577133727674
loss,nonmember,https://atlanticcityweekly.com/arts_and_entertainment/concert-review-the-black-crowes-tear-it-up-at-their-saturday-night-rock-n-roll/article_f150728e-fae2-11ec-9d5c-13f4f22ac4f4.html,2.8880349268197096
loss,nonmember,https://atlanticcityweekly.com/attheshore/headliners/headliner-spotlight/article_cbb08398-cf95-11ec-b3d9-1bac664d3da8.html,2.207925386731228
loss,nonmember,https://atlanticcityweekly.com/attheshore/dining/sundaes-in-the-summer-at-royale-crown/article_9b039e3a-0693-11ed-a8ea-4f475c83bf28.html,2.977549604950189
loss,nonmember,https://atlanticcityweekly.com/attheshore/dining/manco-manco-opens-a-location-at-citizen-bank-park/article_73a4fae4-b433-11ec-a89b-7bc23b90aae1.html,3.0557072591578547
loss,nonmember,https://atlanticcityweekly.com/attheshore/dining/foodie-friendly-charity-events-come-to-south-jersey-this-week/article_18717df6-c57b-11ec-beb7-37e9a27b9977.html,2.263436265067159
loss,nonmember,https://atlanticcityweekly.com/attheshore/events/a-c-s-rock-fest-hosts-stacked-deck-of-bands-from-80s-to-present/article_33cf1976-e670-11ec-b19e-cfa8af8d150b.html,2.6256590436162988
loss,nonmember,https://atlanticcityweekly.com/attheshore/dining/on-a-roll-at-vic-s-subs/article_77674ad4-b9be-11ec-9989-9fc754b73f73.html,2.774820369397448
loss,nonmember,https://atlanticcityweekly.com/attheshore/dining/appy-hour-at-buckets-margarita-bar-cantina/article_82e07804-f7b7-11ec-97a4-d7977ffabcbc.html,2.7323676511080968
loss,nonmember,https://atlanticcityweekly.com/arts_and_entertainment/a-weekend-full-of-firefighting-fun/article_5e519ab0-2f91-11ed-85a4-0f90314c111d.html,2.3557558655701962
loss,nonmember,https://atlanticcityweekly.com/attheshore/dining/our-picks-for-where-to-wine-and-dine-mom-this-mother-s-day/article_3aabea8c-caf3-11ec-8321-4347195e5772.html,2.448229942175589
loss,nonmember,https://atlanticcityweekly.com/attheshore/dining/exit-zero-transforms-cape-may-s-ferry-park-into-a-destination-of-its-own/article_157671c4-d5fc-11ec-a0b8-577a3f86b352.html,2.7826264536774774
loss,nonmember,https://atlanticcityweekly.com/attheshore/events/3-places-to-grab-a-drink-and-watch-the-atlantic-city-airshow/article_6e32b418-1d72-11ed-bc12-93c14905474f.html,2.6457329593076158
loss,nonmember,https://atlanticcityweekly.com/attheshore/dining/andy-s-pizza-in-hammonton-is-buzzing-with-breakfast-brilliance/article_c8935cd0-c4c3-11ec-b8d2-c7357ffc7406.html,2.5791143761566815
loss,nonmember,https://atlanticcityweekly.com/attheshore/events/a-c-hosts-free-concerts-on-the-boardwalk-each-week-through-the-summer/article_a8636d5c-11b1-11ed-b46c-a330bbd45646.html,2.787542427156632
loss,nonmember,https://atlanticcityweekly.com/arts_and_entertainment/jersey-legend-southside-johnny-enjoying-being-back-on-road-again/article_41fd3996-d532-11ec-a1f2-23a01a7a06b0.html,2.532210845299727
loss,nonmember,https://atlanticcityweekly.com/blogs/casino_answer_man/cards-in-hand-have-impact-on-possibilities-for-draw/article_7e60a106-279a-11ed-bd8c-d7b304d0621a.html,3.240989989325546
loss,nonmember,https://atlanticcityweekly.com/attheshore/events/5-places-to-hang-out-before-and-after-barefoot-music-fest-in-wildwoods/article_eba730f6-eb3e-11ec-94d0-4b237bc8099a.html,2.603630611535918
loss,nonmember,https://atlanticcityweekly.com/blogs/gaming_guru/millions-of-hands-played-few-never-to-be-forgotten/article_e543836e-1711-11ed-bf36-e3ec9f19b5b9.html,3.3509379653069895
loss,nonmember,https://atlanticcityweekly.com/arts_and_entertainment/skato-with-kato-briefing/article_cd1d9382-e12a-11ec-ab7d-1f996f6c6c4d.html,2.803135921844634
loss,nonmember,https://atlanticcityweekly.com/attheshore/dining/building-the-perfect-labor-day-weekend/article_48f8d450-24a9-11ed-af6c-c32f9ee5e88f.html,2.8120587907372316
loss,nonmember,https://atlanticcityweekly.com/arts_and_entertainment/5-albums-to-play-before-summer-ends/article_1d614c2c-281f-11ed-ad42-0f92d2ee8cb4.html,2.515858683782627
loss,nonmember,https://atlanticcityweekly.com/attheshore/dining/on-a-roll-at-the-cheese-board/article_3b455716-b415-11ec-9f7e-e7f83196c882.html,2.9202289916155744
loss,nonmember,https://atlanticcityweekly.com/arts_and_entertainment/masters-of-illusion-brings-mind-bending-magic-mayhem-and-macabre-to-harrah-s/article_be92a904-f185-11ec-91fa-93917aee798b.html,2.6609822196748336
loss,nonmember,https://atlanticcityweekly.com/arts_and_entertainment/scaggs-brings-influential-trilogy-to-ocean-casino/article_b026bc54-0f4c-11ed-8de7-4b43cefbde9d.html,2.684963512109728
loss,nonmember,https://atlanticcityweekly.com/arts_and_entertainment/melissa-manchester-brings-hits-to-benefit-south-jersey-arts/article_466d27fc-11d2-11ed-b952-ef7216fce5cf.html,2.7248950296889123
loss,nonmember,https://atlanticcityweekly.com/attheshore/dining/on-a-roll-at-the-anchorage-tavern-in-somers-point/article_77775516-c27c-11ec-a433-b32d86fbf139.html,2.8753126266953006
loss,nonmember,https://atlanticcityweekly.com/attheshore/nightlife/5-places-to-dance-through-the-night/article_a81f8cb4-24a7-11ed-b5c4-879548f61a38.html,2.9380178768111085
loss,nonmember,https://atlanticcityweekly.com/arts_and_entertainment/north-wildwood-s-annual-festival-celebrating-live-blues-and-bbq-prepares-to-sizzle/article_79f48678-f95f-11ec-b70c-23f5571d3ed7.html,2.6338382142744554
loss,nonmember,https://atlanticcityweekly.com/attheshore/dining/don-t-behave-like-a-bunch-of-asses-make-sure-to-grab-your-burger-bash/article_7bc3ec16-cfc8-11ec-b4b3-97daa69de175.html,2.847516355995521
loss,nonmember,https://atlanticcityweekly.com/after-a-bit-of-downtime-burlesque-show-returns-to-borgata-with-a-bang/article_c3de8278-d071-11ec-be94-87f487e52057.html,2.4570905051417515
loss,nonmember,https://atlanticcityweekly.com/food_and_drink/few-spots-left-for-late-night-dining-in-atlantic-city/article_d30ca9d0-1d80-11ed-a0db-b79e22601e38.html,2.8758295213788387
loss,nonmember,https://atlanticcityweekly.com/arts_and_entertainment/jazz-society-hosts-jazzy-warm-up-act-for-return-of-somers-point-s-biggest-fest/article_98a22448-bf64-11ec-bd5c-934a3d378c6e.html,2.461235291360042
loss,nonmember,https://atlanticcityweekly.com/just_for_fun/stockton-s-walking-tours-return-to-showcase-a-c-s-rich-history/article_815dbe86-f962-11ec-8a5d-d7b7a687aa3d.html,2.6121614384071212
loss,nonmember,https://atlanticcityweekly.com/arts_and_entertainment/headliner-spotlight/article_4f613ad6-2539-11ed-b6fb-bbad2fc3e492.html,2.291707485529016
loss,nonmember,https://atlanticcityweekly.com/arts_and_entertainment/south-jersey-is-hopping-with-holiday-events/article_b27181f2-b9a1-11ec-bad4-a712d3d7851a.html,2.5473868124453243
loss,nonmember,https://atlanticcityweekly.com/attheshore/nightlife/how-increased-tax-form-trigger-would-affect-big-slot-winners/article_7406dd5e-0118-11ed-9597-7fb9b7ff4ed0.html,3.2490135531921904
loss,nonmember,https://atlanticcityweekly.com/arts_and_entertainment/smithville-village-s-mayfest-means-another-weekend-of-fabulous-family-fun/article_13bcb0b6-d073-11ec-a0a9-2f8a6ba00476.html,2.598573287908394
loss,nonmember,https://atlanticcityweekly.com/arts_and_entertainment/things-to-do-for-all-of-you/article_ae169994-e5b6-11ec-b9b5-2febcb289f1d.html,2.487744591497476
loss,nonmember,https://atlanticcityweekly.com/arts_and_entertainment/phanatic-and-special-guests-to-visit-ocean-city-boardwalk-for-phillies-day-at-manco-manco/article_73cd4d64-eccd-11ec-acf9-5fc677e77d31.html,2.5453787360146314
loss,nonmember,https://atlanticcityweekly.com/5-wineries-to-visit-in-the-area-and-what-makes-them-so-special/article_0d567418-0c10-11ed-ad9c-33f405e1130a.html,2.530057479419624
loss,nonmember,https://atlanticcityweekly.com/ats-cover-pics-42122/article_642b71ba-bf64-11ec-8269-a73d00580020.html,3.4194905230605657
loss,nonmember,https://atlanticcityweekly.com/attheshore/dining/the-chicken-sandwich-wars-rage-on-picking-the-top-bird-in-a-fast-food-face/article_ebf74e30-287c-11ed-8ec0-6b410caf185a.html,2.8225072922817604
loss,nonmember,https://atlanticcityweekly.com/attheshore/dining/5-reasons-to-check-out-bally-s-locally-loved-week/article_92adffda-b9bf-11ec-8b4e-cbb2ab99103f.html,2.9867323181199588
loss,nonmember,https://atlanticcityweekly.com/blogs/casino_answer_man/player-yearns-for-charlies-after-push-on-low-card-run/article_f086b05a-c3df-11ec-8992-cb2f82f753b3.html,3.045436550416311
loss,nonmember,https://atlanticcityweekly.com/ossu-japanese-tavern-the-latest-hit-in-trop-s-dining-re-imaginings/article_7b69408a-2311-11ed-bf76-e7ce6912d77f.html,3.2344465722541393
loss,nonmember,https://atlanticcityweekly.com/attheshore/nightlife/can-you-own-your-own-slot-machine-rules-depend-on-your-home-state/article_6aeaeb78-e595-11ec-862f-0f3f1283a5b3.html,3.129292694769459
loss,nonmember,https://atlanticcityweekly.com/arts_and_entertainment/5-questions-with-kenny-wayne-shepherd/article_00722c30-1d6b-11ed-8db7-8fed48dfef86.html,2.33532766435192
loss,nonmember,https://atlanticcityweekly.com/attheshore/dining/a-q-a-with-chef-bob-hettmannsperger-of-essl-s-dugout/article_ae69b5c0-29fe-11ed-a990-b3d4c8745473.html,2.2080764462263653
loss,nonmember,https://atlanticcityweekly.com/attheshore/nightlife/blackjack-bob-gives-thumbs-up-to-zappit-as-change-of-pace-game/article_6331b29a-0c14-11ed-9a5b-8f193fdf89de.html,3.0967022034149547
loss,nonmember,https://atlanticcityweekly.com/arts_and_entertainment/all-you-need-to-know-about-ocean-s-draft-day-party/article_fc25aea2-c4bb-11ec-aadb-872a80550e92.html,2.865752405949828
loss,nonmember,https://atlanticcityweekly.com/arts_and_entertainment/iconic-director-john-waters-brings-one-man-show-to-a-c/article_2bd684a2-bf33-11ec-a0ee-8baf97f08373.html,2.7492939417703197
loss,nonmember,https://atlanticcityweekly.com/arts_and_entertainment/after-a-bit-of-downtime-burlesque-show-returns-to-borgata-with-a-bang/article_3c0365e6-cf93-11ec-9224-0f2e5d59fbe9.html,2.4570905051417515
loss,nonmember,https://atlanticcityweekly.com/attheshore/nightlife/weekly-horoscopes/article_5d46207e-0c27-11ed-b9ee-2f15b9ca8857.html,2.2846743206408897
loss,nonmember,https://atlanticcityweekly.com/arts_and_entertainment/headliner-spotlight/article_3afa4f60-c27e-11ec-b1f4-a3f8f9e8d0e8.html,2.172601250537556
loss,nonmember,https://atlanticcityweekly.com/attheshore/dining/on-a-roll-at-sack-o-subs/article_4cb4c374-d530-11ec-9ead-671ddc51a979.html,2.7788366814368906
loss,nonmember,https://atlanticcityweekly.com/attheshore/dining/serindipity3-brings-over-the-top-desserts-bites-drinks-and-celebrations-to-ocean-casino/article_8a7359ba-06bc-11ed-b98e-c328deb3af2e.html,2.971268379763949
loss,nonmember,https://atlanticcityweekly.com/attheshore/nightlife/table-game-jackpot-odds-vary-with-number-of-decks/article_cdd61a1c-ca0d-11ec-a3ec-cb06dd7d0a56.html,3.122810675978254
loss,nonmember,https://atlanticcityweekly.com/weekly-horoscopes/article_e2effe24-b46c-11ec-9f20-4bc684f93741.html,2.0921190122349627
loss,nonmember,https://atlanticcityweekly.com/attheshore/dining/cape-may-s-taco-caballito-shines-bright-under-youthful-new-owners/article_f5c9dfae-ddbd-11ec-ae69-6f7ec70da37a.html,2.6056732156194276
loss,nonmember,https://atlanticcityweekly.com/attheshore/nightlife/5-places-to-grab-a-hot-dog-and-a-beer/article_8480b660-004a-11ed-a89b-4b1be25b1460.html,2.4336612101665787
loss,nonmember,https://atlanticcityweekly.com/arts_and_entertainment/headliner-spotlight/article_abe4b70e-ef3a-11ec-a5e0-8f37627ae22f.html,2.3235386326968164
loss,nonmember,https://atlanticcityweekly.com/attheshore/dining/sundaes-in-the-summer-at-juli-s-pink-ice-cream/article_ec9cfb2a-2fa0-11ed-8a0c-3b1069c99b29.html,2.790890899265605
loss,nonmember,https://atlanticcityweekly.com/attheshore/dining/burger-bash-v-returns-to-the-nugget/article_aaba2af2-c268-11ec-965b-0f8c63cf301d.html,2.9363651646423032
loss,nonmember,https://atlanticcityweekly.com/arts_and_entertainment/headliner-spotlight/article_0f4bec20-bd0b-11ec-b4c6-a731583a4d92.html,2.036722254278933
loss,nonmember,https://atlanticcityweekly.com/attheshore/dining/ain-t-no-cure-but-the-summertime-brews/article_fe207d9a-f95e-11ec-8919-37bb230ee72e.html,3.7758873130282202
loss,nonmember,https://atlanticcityweekly.com/arts_and_entertainment/5-questions-with-stephen-pearcy-the-voice-of-ratt/article_08cadc6a-e73d-11ec-ac95-ab0868cf1084.html,2.7767596459381534
loss,nonmember,https://atlanticcityweekly.com/arts_and_entertainment/ocean-casino-hosts-a-night-celebrating-the-chairman-of-the-board/article_fec0f628-2288-11ed-9ee8-bb5a6341d8c3.html,2.46396608615728
loss,nonmember,https://atlanticcityweekly.com/arts_and_entertainment/things-to-do-for-all-of-you/article_6840bbda-b9b9-11ec-bb54-537b52472319.html,2.5394154677617924
loss,nonmember,https://atlanticcityweekly.com/attheshore/nightlife/5-reasons-to-check-out-classic-rewind-weekend-at-showboat/article_d7a535c2-f0ba-11ec-8a23-ffce935db711.html,2.489912960153178
loss,nonmember,https://atlanticcityweekly.com/arts_and_entertainment/things-to-do-for-all-of-you/article_813e288e-0c43-11ed-bdda-139c52738ac7.html,2.4624426075808357
loss,nonmember,https://atlanticcityweekly.com/arts_and_entertainment/somers-point-s-biggest-festival-rises-again-as-bayfest-returns-for-2022/article_98afea96-c4c4-11ec-80b8-57ec3b1efe8e.html,2.2097303419380547
loss,nonmember,https://atlanticcityweekly.com/arts_and_entertainment/a-c-beer-music-fest-returns-to-bader-field-for-another-year-in-the-sun/article_f0581b2c-e0e1-11ec-bd7b-73bc9dff5623.html,2.810896185561641
loss,nonmember,https://atlanticcityweekly.com/sponsored/north-beach-atlantic-city-fireworks-celebration-set-for-july-1/article_0003cb8e-ebff-11ec-bc67-dfcb4a2b74e6.html,2.501813090074372
min_k,member,https://atlanticcityweekly.com/weather/weather-small-coastal-storm-to-bring-rain-some-wind-into-wednesday/article_934982b8-b43b-11ec-a607-1f21f73c5828.html,7.464220640675122
min_k,member,https://atlanticcityweekly.com/arts_and_entertainment/things-to-do-for-all-of-you/article_189384be-f96a-11ec-a828-9f0bba8b8de5.html,7.426753922836068
min_k,member,https://atlanticcityweekly.com/arts_and_entertainment/10-things-to-do-on-the-ocean-city-boardwalk/article_3e9bb56e-0c48-11ed-90d3-7bbff19becd1.html,7.627749951680501
min_k,member,https://atlanticcityweekly.com/arts_and_entertainment/headliner-spotlight/article_c2f5ade6-ca36-11ec-8c92-93fd0227696b.html,7.042567116873605
min_k,member,https://atlanticcityweekly.com/arts_and_entertainment/rock-and-roll-hall-of-famers-celebrate-six-decades-at-borgata/article_6e66d7b6-bd0a-11ec-94bb-7f7ae869482d.html,7.338726880287361
min_k,member,https://atlanticcityweekly.com/attheshore/nightlife/roulette-pivot-point-cant-guarantee-riches/article_0289135e-f92f-11ec-bed3-778c741a408c.html,8.144774520157167
min_k,member,https://atlanticcityweekly.com/attheshore/dining/a-c-weekly-to-celebrate-mankind-s-greatest-dish-at-burger-bash-v/article_48e2f00e-dc47-11ec-a6fd-d381d8364dec.html,7.6528853694004795
min_k,member,https://atlanticcityweekly.com/attheshore/dining/the-grills-were-alive-at-burger-bash-v/article_0c9b1dee-f162-11ec-9bc1-f39bd220dc93.html,7.887375409624218
min_k,member,https://atlanticcityweekly.com/attheshore/dining/on-a-roll-at-taco-caballito-tequileria/article_21c217f2-cf95-11ec-ab12-6731e831409c.html,7.097669056886752
min_k,member,https://atlanticcityweekly.com/arts_and_entertainment/ann-wilson-flies-solo-as-her-tour-rolls-into-atlantic-city/article_14c1a234-0c08-11ed-9fff-c7f592684e9b.html,7.516898487743578
min_k,member,https://atlanticcityweekly.com/attheshore/nightlife/bigger-bets-for-better-rules-can-damage-your-bankroll/article_6c153fb4-dabc-11ec-a08a-5b093cf8f755.html,7.65610588208223
min_k,member,https://atlanticcityweekly.com/attheshore/dining/sundaes-in-the-summer-at-the-sunryser/article_cdc05c04-1e5e-11ed-a7d8-a76cfb06641f.html,7.498412672881108
min_k,member,https://atlanticcityweekly.com/attheshore/dining/sundaes-in-the-summer-at-skipper-dipper/article_5bdc44ce-fed1-11ec-ab08-fb71cc365a71.html,7.13662317643563
min_k,member,https://atlanticcityweekly.com/arts_and_entertainment/things-to-do-for-all-of-you/article_114b38c0-ddc0-11ec-ad79-eb5faa6475f9.html,7.481630623060773
min_k,member,https://atlanticcityweekly.com/attheshore/events/hellzapoppin-circus-sideshow-comes-to-a-c-for-a-night-of-shock-and-awe/article_a643364e-ca33-11ec-80b1-93e89928b733.html,7.455483535766602
min_k,member,https://atlanticcityweekly.com/8-day-nj-heat-wave-was-longest-since-2018-longest-96f-stretch-on-record/article_970de9e2-0d42-11ed-80fd-97c61d43c14d.html,7.345555501481507
min_k,member,https://atlanticcityweekly.com/attheshore/dining/tracking-down-south-jersey-s-best-dining-options-for-easter-grub/article_11018572-ba70-11ec-b4d5-a3cc04cea4d3.html,7.3349204427215
min_k,member,https://atlanticcityweekly.com/arts_and_entertainment/things-to-do-for-all-of-you/article_9c952368-2254-11ed-8d27-37d592bdb826.html,7.624187043119932
min_k,member,https://atlanticcityweekly.com/arts_and_entertainment/things-to-do-for-all-of-you/article_ef3230f6-3038-11ed-b56d-7be485f0a9ae.html,7.574137648882651
min_k,member,https://atlanticcityweekly.com/arts_and_entertainment/things-to-do-for-all-of-you/article_1b527e2a-11b7-11ed-bead-df88e3124d14.html,7.2965248684644495
min_k,member,https://atlanticcityweekly.com/attheshore/dining/crossroads-bar-grill-scores-big-with-wild-twists-on-american-bar-food/article_a9e69f82-0cf2-11ed-a2d7-d30a906d7a31.html,7.2913316233545284
min_k,member,https://atlanticcityweekly.com/arts_and_entertainment/things-to-do-for-all-of-you/article_2fb8427a-d524-11ec-9520-f3985c59c91f.html,7.705325470203622
min_k,member,https://atlanticcityweekly.com/arts_and_entertainment/5-questions-with-magician-trickster-michael-carbonaro/article_8c4c5a12-ca5c-11ec-8e49-0b3a72d4e9fe.html,6.861940115936531
min_k,member,https://atlanticcityweekly.com/arts_and_entertainment/headliner-spotlight/article_09651faa-2a0e-11ed-aadd-b33710b1193d.html,6.660011006223744
min_k,member,https://atlanticcityweekly.com/attheshore/dining/famed-philly-chef-teams-with-cookie-till-for-week-long-presence-charitable-event/article_22bdc036-1278-11ed-97e7-fba03a2e2c4b.html,7.0408562646879185
min_k,member,https://atlanticcityweekly.com/attheshore/nightlife/5-great-spots-to-get-a-beer-for-national-beer-day/article_47251b5a-b412-11ec-95b5-d32af5350346.html,8.106891334336689
min_k,member,https://atlanticcityweekly.com/arts_and_entertainment/absecon-lighthouse-welcomes-all-to-its-annual-spring-festival/article_a0df388a-caef-11ec-80e6-27c920639258.html,7.405792890593063
min_k,member,https://atlanticcityweekly.com/attheshore/events/42nd-national-sports-collectors-convention-returns-to-a-c/article_19381bdc-0464-11ed-999f-935db2616c44.html,6.928243344290214
min_k,member,https://atlanticcityweekly.com/arts_and_entertainment/ocean-casino-steps-up-its-fantasy-football-game-at-topgolf/article_2f118b7c-2882-11ed-95ab-0f441b7dc513.html,9.386066881815593
min_k,member,https://atlanticcityweekly.com/attheshore/nightlife/tidalwave-music-festival-brings-monsoon-of-country-music-to-a-c-beach-this-weekend/article_9dcbe94a-1801-11ed-9c0b-cb7d55629015.html,6.619467512992777
min_k,member,https://atlanticcityweekly.com/attheshore/dining/5-spots-to-celebrate-the-return-of-baseball/article_9152d674-bf5a-11ec-b969-6bb67b868857.html,7.327927949896269
min_k,member,https://atlanticcityweekly.com/nightlife/5-reasons-to-check-out-moe-s-pop-up-bar-in-wildwood/article_47f7ead4-0391-11ed-b72c-97fd2252d53f.html,7.824962364999871
min_k,member,https://atlanticcityweekly.com/attheshore/nightlife/blackjack-has-34-starting-hands-or-more-if-composition-matters/article_cee86d6e-0690-11ed-954d-13c3878f1324.html,8.62239033176053
min_k,member,https://atlanticcityweekly.com/arts_and_entertainment/reversible-royals-bring-larger-but-rarer-jackpots/article_dfab461a-f085-11ec-ba5e-77745a051447.html,8.56938329732643
min_k,member,https://atlanticcityweekly.com/attheshore/nightlife/5-spots-to-enjoy-before-the-summer-crowds-come/article_7f84e2e8-cf95-11ec-afd1-83ec7974c926.html,7.38812082299689
min_k,member,https://atlanticcityweekly.com/attheshore/dining/5-reasons-to-go-to-tequila-week-at-bally-s/article_c6f44400-f968-11ec-93d2-e7004dc812c1.html,7.4544797079349925
min_k,member,https://atlanticcityweekly.com/arts_and_entertainment/barefoot-country-music-fest-returns-to-wildwood-beach/article_1b04c982-ebe7-11ec-abbc-f7850f2c0b5a.html,7.098998114174488
min_k,member,https://atlanticcityweekly.com/arts_and_entertainment/tropicana-s-boogie-nights-celebrates-10-years-of-partying-like-its-1999/article_f9f10f08-c571-11ec-bdab-0fa1df62cb5f.html,7.2979201390439234
min_k,member,https://atlanticcityweekly.com/attheshore/events/a-c-beach-hosts-three-nights-of-the-world-s-biggest-jam-band/article_a460565e-11b9-11ed-beed-473535620265.html,7.492292017056136
min_k,member,https://atlanticcityweekly.com/attheshore/dining/3-great-bars-to-watch-week-1-of-the-nfl/article_45b31d5e-2df1-11ed-84b4-d7e7b2d0631e.html,7.546762331672337
min_k,member,https://atlanticcityweekly.com/sponsored/give-the-gift-of-life---a-kidney-for-avram/article_96636352-ec1b-11ec-afad-af2b631451b1.html,6.689939106460166
min_k,member,https://atlanticcityweekly.com/blogs/casino_answer_man/players-find-up-and-down-sides-of-streaks-at-craps-and-roulette/article_838b4b5a-e059-11ec-8a46-53177fa68b4e.html,7.869917526477721
min_k,member,https://atlanticcityweekly.com/blogs/casino_answer_man/vplayers-find-up-and-down-sides-of-streaks-at-craps-and-roulette/article_838b4b5a-e059-11ec-8a46-53177fa68b4e.html,7.869917526477721
min_k,member,https://atlanticcityweekly.com/arts_and_entertainment/things-to-do-for-all-of-you/article_b299de10-2a24-11ed-98e2-a314b2c540a8.html,7.556012334270282
min_k,member,https://atlanticcityweekly.com/arts_and_entertainment/drummer-shows-artistic-side-at-hard-rock-performs-with-lynyrd-skynyrd-at-ocean-casino/article_a00fd08a-fc82-11ec-be86-9f1b4a6d113b.html,7.023172045188835
min_k,member,https://atlanticcityweekly.com/arts_and_entertainment/fireworks-around-south-jersey-and-independence-day-events/article_5b119ff0-f6dc-11ec-af44-d7963461b70d.html,7.012456127802531
min_k,member,https://atlanticcityweekly.com/arts_and_entertainment/things-to-do-for-all-of-you/article_a0a56db0-1ccc-11ed-8cff-dbe0f63cef13.html,7.479544824082007
min_k,member,https://atlanticcityweekly.com/attheshore/dining/10-great-spots-to-bring-your-pop-on-father-s-day/article_d0d06be8-eb30-11ec-bb9d-cb3720af2358.html,7.055452399385304
min_k,member,https://atlanticcityweekly.com/ats-cover-6-16-22/article_47ecd3f6-ebdb-11ec-9763-7b01cf4822b8.html,11.360901230259946
min_k,member,https://atlanticcityweekly.com/attheshore/dining/ocean-casino-s-makai-brings-island-flavors-to-atlantic-city/article_255d15da-2e02-11ed-9585-8bf51c151278.html,8.031636588978317
min_k,member,https://atlanticcityweekly.com/attheshore/dining/newly-opened-moonshiners-bar-and-grill-in-mays-landing-is-here-to-stay/article_2e4d63c6-db7c-11ec-b02c-3719ce31f867.html,6.752886296856788
min_k,member,https://atlanticcityweekly.com/attheshore/dining/girasole-celebrates-three-decades-of-inspired-italian-cuisine/article_82e5edbc-e668-11ec-a3a1-63550687ef73.html,7.287767015477662
min_k,member,https://atlanticcityweekly.com/arts_and_entertainment/new-comedy-concept-combines-hypnosis-and-improv-into-one-sidesplitting-good-time/article_557e1eec-e683-11ec-8553-e72891da63cc.html,6.89149673293237
min_k,member,https://atlanticcityweekly.com/attheshore/dining/appy-hour-at-the-point/article_bee5e010-daa6-11ec-98b7-2bb20e469a25.html,8.02850561224537
min_k,member,https://atlanticcityweekly.com/weather/weather-boom-or-bust-scenario-for-severe-weather-tuesday-comfy-weekend-ahead/article_0b8042c2-fb30-11ec-9bd4-674e9cbe3b3e.html,7.311057257325682
min_k,member,https://atlanticcityweekly.com/the-chatterbox-in-ocean-city-roars-back-to-life-under-new-ownership/article_28b831ce-17eb-11ed-944c-43c5b498c53e.html,7.267630589635749
min_k,member,https://atlanticcityweekly.com/arts_and_entertainment/big-developments-define-summer-2022-for-ocean-casino/article_1e30aa5a-daac-11ec-86da-17c9830fabe5.html,5.453845378251104
min_k,member,https://atlanticcityweekly.com/sponsored/north-beach-atlantic-city-fireworks-celebration-set-for-sept-4th/article_e9c2aaa4-287e-11ed-b794-c7ff847eabef.html,7.556895771805121
min_k,member,https://atlanticcityweekly.com/arts_and_entertainment/things-to-do-for-all-of-you/article_7df7d468-daac-11ec-9c5a-83fc8d7b6c90.html,7.41476453010733
min_k,member,https://atlanticcityweekly.com/attheshore/dining/honor-thy-burger-at-burger-bash-v/article_58eb6e30-d531-11ec-ad42-274e02ab81b7.html,7.6275648442349695
min_k,member,https://atlanticcityweekly.com/attheshore/dining/trop-opens-brand-new-japanese-tavern-concept/article_3ef4d788-0f73-11ed-a85c-9725dbf88c32.html,7.450111066972887
min_k,member,https://atlanticcityweekly.com/arts_and_entertainment/this-a-c-wrestling-tournament-is-a-real-game-changer/article_96b81e48-dd2e-11ec-92e0-1b7729b2d59c.html,6.776523239207718
min_k,member,https://atlanticcityweekly.com/attheshore/events/the-downbeach-seafood-festival-makes-for-a-shucking-fun-weekend-in-south-jersey/article_e53e5e38-3387-11ed-a473-3bec6d3fa639.html,7.469254525787627
min_k,member,https://atlanticcityweekly.com/arts_and_entertainment/5-great-bars-to-watch-the-fireworks-at-this-weekend/article_7098372e-f70b-11ec-86b1-5307ec4e44eb.html,7.012215210841252
min_k,member,https://atlanticcityweekly.com/arts_and_entertainment/things-to-do-for-all-of-you/article_323e1508-ca2d-11ec-83d5-0382e60f893c.html,7.51761694501658
min_k,member,https://atlanticcityweekly.com/attheshore/nightlife/despite-low-frequency-points-pass-wins-more-often-than-place/article_2d722ac0-2d31-11ed-b321-6745aafd829a.html,7.730245795005407
min_k,member,https://atlanticcityweekly.com/arts_and_entertainment/nj-horror-con-screams-its-way-back-to-showboat/article_9fcb8cee-b412-11ec-a51b-db469cb24955.html,7.099117746030478
min_k,member,https://atlanticcityweekly.com/arts_and_entertainment/wwe-sunday-stunner-returns-to-atlantic-city/article_a0f56120-17f0-11ed-9bb1-7ba84fe27d75.html,5.207028199464847
min_k,member,https://atlanticcityweekly.com/arts_and_entertainment/jurassic-quest-brings-dino-sized-fun-for-family-to-a-c/article_4b7500c4-11ca-11ed-83f2-0f4f37b56480.html,7.030602212500783
min_k,member,https://atlanticcityweekly.com/attheshore/nightlife/rakin-bacon-monopoly-cheat-edition-amp-up-entertainment-fun-at-slots/article_0bf2fa7a-ea68-11ec-9cd3-ff5b31a74dae.html,8.875088697904117
min_k,member,https://atlanticcityweekly.com/arts_and_entertainment/311-keep-creative-journey-flowing-as-fall-tour-heads-to-a-c/article_7eb82abe-3327-11ed-8649-47a2aa0a5e54.html,6.715888134307331
min_k,member,https://atlanticcityweekly.com/food_and_drink/5-things-to-know-about-the-vue-rooftop-bar-and-lounge/article_15038cb0-2ebf-11ed-aeab-2f70629e95a5.html,7.014915307362874
min_k,member,https://atlanticcityweekly.com/arts_and_entertainment/things-to-do-for-all-of-you/article_ab69b47a-c4ae-11ec-98ee-df4549e88bac.html,7.400954230923519
min_k,member,https://atlanticcityweekly.com/attheshore/dining/michael-s-summer-wine-picks/article_ce5a70f2-0462-11ed-b063-4f6cc561d1c4.html,7.785702853174935
min_k,member,https://atlanticcityweekly.com/arts_and_entertainment/things-to-do-for-all-of-you/article_0498ab48-172d-11ed-abcd-7376c5e93891.html,7.514681948304741
min_k,member,https://atlanticcityweekly.com/arts_and_entertainment/two-very-different-styles-of-circus-return-to-showboat/article_c2fb0fc4-01eb-11ed-8e78-4ff5a7de765e.html,7.381809775138135
min_k,member,https://atlanticcityweekly.com/attheshore/nightlife/four-card-poker-finds-expanded-niche-online/article_17c5c99c-2215-11ed-9f19-e7d8f92a75df.html,7.586954218341458
min_k,member,https://atlanticcityweekly.com/acw-cover-photos/article_1ae199b6-e67f-11ec-b885-c391ff186d4a.html,9.938841358063714
min_k,member,https://atlanticcityweekly.com/attheshore/nightlife/blackjack-bobs-right-plays-cant-overcome-wrong-cards/article_9f844d02-b8e0-11ec-b095-231ae46c9b11.html,7.800403332849692
min_k,member,https://atlanticcityweekly.com/attheshore/nightlife/5-reasons-to-see-red-perform-at-golden-nugget-every-monday/article_cba1ffe2-0f5c-11ed-b949-77f44c55f97f.html,7.491981763794948
min_k,member,https://atlanticcityweekly.com/arts_and_entertainment/free-concert-with-the-singing-lifeguard/article_59cdccd8-ddf8-11ec-b9c3-7fb4967c24d5.html,7.831247643726628
min_k,member,https://atlanticcityweekly.com/attheshore/dining/on-a-roll-at-el-pueblo-taqueria/article_1653e25e-bf16-11ec-9f58-5be08602154a.html,7.088924743189956
min_k,member,https://atlanticcityweekly.com/arts_and_entertainment/things-to-do-for-all-of-you/article_323cbe4c-b420-11ec-af3f-3f302d736094.html,7.580211170974847
min_k,member,https://atlanticcityweekly.com/arts_and_entertainment/headliner-spotlight/article_3e523e88-feed-11ec-9e3f-bbea6c57599b.html,6.919788271767048
min_k,member,https://atlanticcityweekly.com/attheshore/headliners/ocean-casino-brings-in-a-new-kind-of-tribute-act-with-magical-mystery-doors/article_b594132a-0156-11ed-9a02-7bd2faf45444.html,7.004123850403545
min_k,member,https://atlanticcityweekly.com/arts_and_entertainment/o-c-pops-honor-famed-film-composer-with-star-wars-performance/article_e564f4de-01f1-11ed-b1f6-9784283e34b4.html,6.509256463744042
min_k,member,https://atlanticcityweekly.com/arts_and_entertainment/things-to-do-for-all-of-you/article_94170cfc-bf16-11ec-b021-8b293e50d88a.html,7.229033115347462
min_k,member,https://atlanticcityweekly.com/attheshore/nightlife/weekly-horoscopes/article_dd621a62-2214-11ed-8acc-7be50355f817.html,6.156229029840498
min_k,member,https://atlanticcityweekly.com/blogs/casino_answer_man/when-dealt-card-lands-on-chair-does-employee-have-to-fetch/article_86bd5166-bf15-11ec-953e-4baacb6ccfdd.html,7.904410459493336
min_k,member,https://atlanticcityweekly.com/arts_and_entertainment/millennium-era-nu-metal-rockers-staind-head-to-atlantic-city/article_f0266e52-2a28-11ed-806c-8ba1a1932451.html,6.789975938190984
min_k,member,https://atlanticcityweekly.com/arts_and_entertainment/bally-s-new-renovations-offerings-make-park-place-and-boardwalk-legendary-again/article_392bf548-dada-11ec-8ba5-ff47879e9919.html,7.449617988009786
min_k,member,https://atlanticcityweekly.com/attheshore/dining/borgata-announces-new-steakhouse-concept-to-open/article_98f5ed3c-ec12-11ec-aa30-ffbb8c54aee0.html,7.326966779332765
min_k,member,https://atlanticcityweekly.com/arts_and_entertainment/atlantic-city-airshow-gives-sky-salute-to-those-who-serve/article_de31e514-1a38-11ed-ae0f-df760cb27307.html,6.784852129581682
min_k,member,https://atlanticcityweekly.com/things-to-do-for-all-of-you/article_3ecbc38c-cfb0-11ec-8851-a71321d75413.html,7.361563329146117
min_k,member,https://atlanticcityweekly.com/attheshore/dining/after-a-far-too-long-gap-burger-bash-is-back/article_5fc5f6b8-b41f-11ec-a822-afa35f30d884.html,7.714881033000379
min_k,member,https://atlanticcityweekly.com/arts_and_entertainment/things-to-do-for-all-of-you/article_af9d6428-ef3e-11ec-ab00-674f704ed556.html,7.421866453241261
min_k,member,https://atlanticcityweekly.com/arts_and_entertainment/exit-zero-jazz-festival-celebrates-10th-anniversary-with-stellar-lineup/article_3f40cc94-d074-11ec-9c9f-a76c3e6feb0c.html,7.45641536806144
min_k,member,https://atlanticcityweekly.com/attheshore/dining/sundaes-in-the-summer-at-fine-fellows-creamery/article_407f5e20-dd23-11ec-92fd-d78cc59bb709.html,7.859127454378975
min_k,member,https://atlanticcityweekly.com/arts_and_entertainment/night-in-venice-continues-tradition-with-former-villanova-basketball-coach/article_d5ba1510-044d-11ed-bb17-8ff797fca53c.html,7.365543397117
min_k,member,https://atlanticcityweekly.com/attheshore/nightlife/pass-line-edge-never-disappears-no-matter-how-big-the-odds-bet/article_2da1f448-1199-11ed-bb65-0f8c3c7700c0.html,8.196153255487909
min_k,member,https://atlanticcityweekly.com/attheshore/dining/brigantine-s-new-fast-casual-spot-kook-burger-continues-to-sizzle/article_04ae27fc-f15d-11ec-991b-67fe6cfcea14.html,6.922804674555044
min_k,member,https://atlanticcityweekly.com/attheshore/nightlife/weekly-horoscopes/article_44ddbcea-a926-11ec-ba7e-ffa615200150.html,6.45306786368875
min_k,member,https://atlanticcityweekly.com/arts_and_entertainment/casinos-dge-join-forces-for-june-2-job-fair/article_2e8244bc-e1bf-11ec-896d-434e3f8c3827.html,6.1497459530830385
min_k,member,https://atlanticcityweekly.com/attheshore/dining/shandies-blondes-and-pilsners-oh-my-summer-beer-season-is-here/article_0c652bae-ca29-11ec-9276-8b8b07fb2b32.html,8.408656112826357
min_k,member,https://atlanticcityweekly.com/attheshore/events/more-on-the-right-notes/article_4beae908-336f-11ed-8730-b343b3fdcebb.html,6.975230567121275
min_k,member,https://atlanticcityweekly.com/arts_and_entertainment/things-to-do-for-all-of-you/article_3ecbc38c-cfb0-11ec-8851-a71321d75413.html,7.398439118760036
min_k,member,https://atlanticcityweekly.com/arts_and_entertainment/headliner-spotlight/article_5e35c49e-f886-11ec-bdaa-4f3c2b0e32ea.html,7.141009321565981
min_k,member,https://atlanticcityweekly.com/attheshore/dining/june-is-here-for-beer/article_bb84d134-dd2f-11ec-bea6-df8dac681c79.html,8.973127649409538
min_k,member,https://atlanticcityweekly.com/arts_and_entertainment/firefighting-convention-expo-and-parade-return-to-wildwoods/article_5e519ab0-2f91-11ed-85a4-0f90314c111d.html,6.756684444094664
min_k,member,https://atlanticcityweekly.com/arts_and_entertainment/things-to-do-for-all-of-you/article_1cd635d4-f6ff-11ec-8e7f-a78df9855e6a.html,7.249522814985181
min_k,member,https://atlanticcityweekly.com/attheshore/headliners/good-draw-on-wrong-game-vexes-video-poker-player/article_376c81d2-d50d-11ec-8e6f-7bd17781974e.html,8.128337604412135
min_k,member,https://atlanticcityweekly.com/attheshore/dining/sundaes-in-the-summer-at-anna-lee-s-cookies-and-cream/article_79fdeb82-f6ee-11ec-bbbe-132766dfaaa9.html,6.870621535685156
min_k,member,https://atlanticcityweekly.com/arts_and_entertainment/black-crowes-patch-things-up-and-bring-shake-your-money-maker-to-borgata/article_5a96bde8-f6f1-11ec-9de6-af239cbe5ae4.html,7.35723422245426
min_k,member,https://atlanticcityweekly.com/arts_and_entertainment/high-tech-hard-rock-exhibit-offers-unique-perspective-on-vincent-van-gogh/article_11c88dee-f95d-11ec-b6b5-a31f631afb01.html,7.356411131223043
min_k,member,https://atlanticcityweekly.com/arts_and_entertainment/things-to-do-for-all-of-you/article_f8b95594-ea99-11ec-aebe-8f850b715f94.html,7.548323034645119
min_k,member,https://atlanticcityweekly.com/arts_and_entertainment/black-excellence-festival-returns-to-showboat-for-federal-holiday/article_7d19f2d2-ea9d-11ec-9a40-9b47fcd64093.html,7.581997317497176
min_k,member,https://atlanticcityweekly.com/arts_and_entertainment/favorito-brings-old-school-rickles-style-comedy-to-ocean-casino/article_92a024da-0c50-11ed-b7ce-7735d69bda48.html,7.213472281561957
min_k,member,https://atlanticcityweekly.com/attheshore/dining/burger-bash-v-brings-the-fire-to-golden-nugget/article_bcfae8a6-bf60-11ec-8b1f-7bd8d6b8cb9e.html,7.735597674379644
min_k,member,https://atlanticcityweekly.com/food_and_drink/serendipity3-brings-over-the-top-desserts-bites-drinks-and-celebrations-to-ocean-casino/article_c242df36-06d1-11ed-bd3a-d3243d1d9689.html,7.892306380629151
min_k,member,https://atlanticcityweekly.com/la-mesa-mr-gordo-offer-new-dining-options-for-mexican-holiday/article_80d2fb6a-caf1-11ec-890e-df55d5203777.html,7.382666701154691
min_k,member,https://atlanticcityweekly.com/arts_and_entertainment/headliner-spotlight/article_e133d752-b40f-11ec-804b-3fc8784e4b3d.html,6.645283097585042
min_k,member,https://atlanticcityweekly.com/food_and_drink/girasole-celebrates-three-decades-of-inspired-italian-cuisine/article_3720dc9c-e669-11ec-b789-f38926431134.html,7.287767015477662
min_k,member,https://atlanticcityweekly.com/night-in-venice-continues-tradition-with-former-villanova-basketball-coach/article_0bf227e6-06b8-11ed-9717-77c5b4426168.html,7.395457444032787
min_k,member,https://atlanticcityweekly.com/acw-cover-artwork/article_27cebef4-338e-11ed-b705-87fd076570f6.html,10.42189093430837
min_k,member,https://atlanticcityweekly.com/attheshore/dining/spring-beer-season-means-plenty-of-events-and-unique-styles/article_dc12a266-b45b-11ec-b42f-bf4396f587e6.html,8.646854661162335
min_k,member,https://atlanticcityweekly.com/arts_and_entertainment/headliner-spotlight/article_b9d7ad8a-e5bc-11ec-ade8-0b761171f793.html,7.113730223610447
min_k,member,https://atlanticcityweekly.com/attheshore/dining/a-scrumptious-search-for-the-tastiest-appetizers-in-south-jersey/article_75da2cb0-bfde-11ec-a398-cff8134dbce8.html,7.649419688254065
min_k,member,https://atlanticcityweekly.com/arts_and_entertainment/headliner-spotlight/article_b6af85f4-d529-11ec-81eb-e3f12d793c89.html,7.290287343650547
min_k,member,https://atlanticcityweekly.com/arts_and_entertainment/showboat-debuts-indoor-go-kart-experience/article_c45d8264-daba-11ec-b9f4-dbbac7c5982a.html,7.274442426363627
min_k,member,https://atlanticcityweekly.com/attheshore/dining/a-c-weekly-s-burger-bash-event-prepares-to-sizzle-after-a-three-year-hiatus/article_9ea74b2a-eb56-11ec-87f6-779fa13b4fd8.html,7.423952828513252
min_k,member,https://atlanticcityweekly.com/attheshore/dining/new-jersey-breweries-need-your-support-after-absurd-regulations/article_2be4c80c-0f5e-11ed-a243-f3043737cb5e.html,8.905998352246407
min_k,member,https://atlanticcityweekly.com/attheshore/nightlife/5-great-spots-to-enjoy-a-fresh-margarita-on-cinco-de-mayo/article_16f70eee-ca32-11ec-aadc-cf53668ae978.html,7.3707724464826345
min_k,member,https://atlanticcityweekly.com/attheshore/dining/first-ever-atlantic-city-seafood-music-festival-looks-to-be-a-shuckin-good-time/article_5e248028-ef3d-11ec-97f8-f77be3d3afea.html,6.863105007099881
min_k,member,https://atlanticcityweekly.com/attheshore/dining/la-mesa-mr-gordo-offer-new-dining-options-for-mexican-holiday/article_7a95270e-ca57-11ec-858e-a36563b948f5.html,7.3714095456135516
min_k,member,https://atlanticcityweekly.com/acw-cover-concept-72822/article_1b7d12fe-0cfb-11ed-9027-5b4f3c706339.html,12.119878835845412
min_k,member,https://atlanticcityweekly.com/arts_and_entertainment/primus-pay-tribute-to-prog-rock-forefathers-as-a-tribute-to-kings-tour-rolls-into/article_7455ee38-d852-11ec-be86-1fca7fcedf04.html,7.0699625469389415
min_k,member,https://atlanticcityweekly.com/attheshore/dining/what-you-need-to-know-about-natural-organic-and-vegan-wines/article_aafe8884-bd0c-11ec-9480-e7666321cb62.html,7.432628720887145
min_k,member,https://atlanticcityweekly.com/attheshore/dining/the-chatterbox-in-ocean-city-roars-back-to-life-under-new-ownership/article_7a9b4afa-17e4-11ed-b41c-ab9968c3f524.html,7.2636957466602325
min_k,member,https://atlanticcityweekly.com/attheshore/nightlife/weekly-horoscopes/article_bcc68bd4-dde1-11ec-82a9-0b654f59d66c.html,6.7731644868850704
min_k,member,https://atlanticcityweekly.com/attheshore/dining/ocean-casino-offers-a-choco-tribute/article_e9bfeb08-11a8-11ed-a531-9f484657ffc4.html,8.284799858375832
min_k,member,https://atlanticcityweekly.com/attheshore/nightlife/5-reasons-to-check-out-coral-lounge-bar-at-resorts/article_0d02eed8-e5aa-11ec-a6d9-778392356120.html,7.471388743247515
min_k,member,https://atlanticcityweekly.com/attheshore/dining/appy-hour-at-harry-s-ocean-bar-grille/article_6323cd80-ef3e-11ec-9e25-53067c363be8.html,7.4308315335579636
min_k,member,https://atlanticcityweekly.com/arts_and_entertainment/a-fusion-of-top-shelf-talent-visits-ocean-casino-s-ovation-hall-for-the-third/article_53c593d6-332d-11ed-8efc-ff74f8c86174.html,7.446760448961626
min_k,member,https://atlanticcityweekly.com/arts_and_entertainment/things-to-do-for-all-of-you/article_48f40220-0449-11ed-828f-5f926710e0ca.html,7.434040166587065
min_k,member,https://atlanticcityweekly.com/attheshore/dining/sundaes-in-the-summer-at-peace-pie/article_3f2a00a0-e743-11ec-abfc-bf515eb8ca79.html,7.818354047405782
min_k,member,https://atlanticcityweekly.com/attheshore/dining/appy-hour-at-hotel-lbi/article_2b4b5a1e-1742-11ed-bc91-c70ff26b20ee.html,7.5518215128353665
min_k,member,https://atlanticcityweekly.com/arts_and_entertainment/with-a-wealth-of-new-businesses-and-teamwork-north-beach-now-hottest-spot-in-a/article_f80f6d30-0cff-11ed-8ff1-bb736a2cf94e.html,7.486065579641714
min_k,member,https://atlanticcityweekly.com/sponsored/meet-the-business---one-stop-xteriors/article_0da709f4-dd22-11ec-ac34-b3f2e1fbf572.html,8.0394375874446
min_k,member,https://atlanticcityweekly.com/arts_and_entertainment/boy-band-what-a-rush-reunites-in-a-c/article_c020022a-f70d-11ec-8f73-a30e3ede1a34.html,6.651054502238889
min_k,member,https://atlanticcityweekly.com/ats-cover-4-28-22/article_661c8de2-c4c8-11ec-9c0b-4b7ec50fa571.html,9.67699744966295
min_k,member,https://atlanticcityweekly.com/arts_and_entertainment/things-to-do-for-all-of-you/article_0e55b5bc-012b-11ed-9aee-efe1626087a1.html,7.538507153127272
min_k,member,https://atlanticcityweekly.com/attheshore/events/don-t-get-faked-out-at-this-year-s-fakefest-at-golden-nugget/article_552390b4-ef3c-11ec-a8f8-9fd812f479e3.html,7.368321698005885
min_k,member,https://atlanticcityweekly.com/arts_and_entertainment/headliner-spotlight/article_8545a318-b9a9-11ec-b6ba-db0c77773b95.html,6.956512187144039
min_k,member,https://atlanticcityweekly.com/arts_and_entertainment/headliner-spotlight/article_74365b02-221e-11ed-9f03-37517144e6bb.html,7.000773697915162
min_k,member,https://atlanticcityweekly.com/attheshore/dining/oh-my-dear---the-pumpkin-beers-are-here/article_9b838b4e-2872-11ed-9420-5b193f301a75.html,9.042835697943335
min_k,member,https://atlanticcityweekly.com/blogs/casino_answer_man/slot-players-need-not-fear-mid-game-switch-via-server/article_2e282360-b41a-11ec-964c-b30bde973c53.html,7.917430951997831
min_k,member,https://atlanticcityweekly.com/arts_and_entertainment/headliner-spotlight/article_3dde292a-d851-11ec-8ad7-1f4893bce4b4.html,6.975329934858344
min_k,member,https://atlanticcityweekly.com/arts_and_entertainment/headliner-spotlight/article_5e481624-045e-11ed-9fef-f7b0c59f60ec.html,7.05089332545615
min_k,member,https://atlanticcityweekly.com/arts_and_entertainment/mummers-close-the-summer-with-the-annual-new-years-in-north-wildwood/article_2e0b2aa0-29f2-11ed-95f4-47d98f35e00b.html,7.085481042371077
min_k,member,https://atlanticcityweekly.com/arts_and_entertainment/headliner-spotlight/article_d9f0a736-172e-11ed-8161-73005ae40156.html,7.202345762274532
min_k,member,https://atlanticcityweekly.com/attheshore/nightlife/tidalwave-music-festival-brings-monsoon-of-country-music-to-a-c-beach-this-weekend/article_cc8697fa-1809-11ed-9bf7-b3dd59fd9080.html,6.619467512992777
min_k,member,https://atlanticcityweekly.com/arts_and_entertainment/headliner-spotlight/article_f17ce35a-2f8a-11ed-af59-4741d5195105.html,6.754645369569277
min_k,member,https://atlanticcityweekly.com/arts_and_entertainment/10-cool-things-to-discover-on-wildwood-boardwalk/article_3344f206-004b-11ed-9005-2390cc45c4b2.html,6.498382074664337
min_k,member,https://atlanticcityweekly.com/attheshore/nightlife/5-great-spots-to-bar-hop-with-a-beverage-in-hand/article_9c2f775c-d54c-11ec-848f-9fc003c89049.html,7.9254612148110635
min_k,member,https://atlanticcityweekly.com/arts_and_entertainment/john-cafferty-and-the-beaver-brown-band-to-perform-double-header-of-live-shows/article_b5642202-27a6-11ed-836d-b310ddc65c30.html,6.8178490241828
min_k,member,https://atlanticcityweekly.com/attheshore/events/a-c-s-rock-fest-hosts-stacked-deck-of-bands-from-80s-to-present/article_48c3627e-e5f3-11ec-97e3-c7dcb6cc9662.html,7.039392389476435
min_k,member,https://atlanticcityweekly.com/arts_and_entertainment/things-to-do-for-all-of-you/article_e4434a5e-253e-11ed-8f2c-574bc19c39a1.html,7.147769493843192
min_k,member,https://atlanticcityweekly.com/arts_and_entertainment/art-music-and-wellness-celebrated-for-a-good-cause/article_f344d966-e662-11ec-a1b7-efa9ed3f5979.html,7.147482868224856
min_k,member,https://atlanticcityweekly.com/attheshore/dining/burger-bash-chefs-bring-their-a-game-to-the-nugget-at-burger-bash-v/article_50e251c6-daa5-11ec-92fd-efd21528c340.html,7.530025678138211
min_k,member,https://atlanticcityweekly.com/attheshore/dining/just-in-time-for-higher-temperatures-your-guide-to-summer-sippers/article_19d84b72-ea9f-11ec-86be-0b5fc0f7989a.html,7.0799399968031995
min_k,member,https://atlanticcityweekly.com/celeb-chef-returns-to-a-c-with-fast-casual-burger-concept/article_390335b8-c720-11ec-9d45-7f6f1d51a9c1.html,7.38462906393386
min_k,member,https://atlanticcityweekly.com/attheshore/nightlife/5-reasons-to-check-out-bally-s-new-carousel-bar/article_ab7b524a-dc49-11ec-ae2b-476eee9f9a39.html,7.4184068034154285
min_k,member,https://atlanticcityweekly.com/attheshore/nightlife/5-places-that-are-back-in-full-swing-for-the-summer/article_e01cca6a-d857-11ec-8c93-7376318e2ae8.html,7.343091353021487
min_k,member,https://atlanticcityweekly.com/attheshore/dining/south-jersey-prepares-for-burger-bash-v/article_f059c2f8-ba6a-11ec-86cc-0feeadbf5b22.html,8.036013165035763
min_k,member,https://atlanticcityweekly.com/arts_and_entertainment/5-things-to-know-about-the-pool-at-harrahs/article_104f1b66-29fc-11ed-9f19-e35d1ff1ec5e.html,7.526795413277366
min_k,member,https://atlanticcityweekly.com/arts_and_entertainment/summer-s-unofficial-kickoff-is-a-weekend-worth-celebrating-in-south-jersey/article_ff365b40-db6e-11ec-8e7c-579040121510.html,7.287442550978847
min_k,member,https://atlanticcityweekly.com/attheshore/nightlife/4-spots-to-pre-and-post-game-for-tidal-wave-festival/article_30a84ea0-17fa-11ed-902a-87cb86b85156.html,7.109322580924401
min_k,member,https://atlanticcityweekly.com/060922-acw-acwcoverphotos/article_6d0dbac6-e67f-11ec-8c08-33ca211193ad.html,10.31957276417659
min_k,member,https://atlanticcityweekly.com/arts_and_entertainment/chili-knockout-spicy-food-fest-brings-the-burn-to-a-c/article_9c13a1e2-d5f3-11ec-97ae-ff9ff3d2735f.html,7.384466344947057
min_k,member,https://atlanticcityweekly.com/serindipity3-brings-over-the-top-desserts-bites-drinks-and-celebrations-to-ocean-casino/article_c242df36-06d1-11ed-bd3a-d3243d1d9689.html,8.043341362398435
min_k,member,https://atlanticcityweekly.com/arts_and_entertainment/a-full-lineup-of-new-bars-restaurants-and-gaming-concepts-are-headed-to-trop-this/article_95d249a2-bc06-11ec-a002-1f427fc39c74.html,7.839105186639009
min_k,member,https://atlanticcityweekly.com/attheshore/dining/two-seafood-buffets-bring-all-you-can-eat-options-to-family-fun-locations/article_1a52f9ec-f703-11ec-923f-f3b3c4c74a30.html,7.686126322216458
min_k,member,https://atlanticcityweekly.com/arts_and_entertainment/tito-puente-jr-brings-the-spirit-of-his-father-s-music-to-somers-point/article_d6312a58-dd22-11ec-81b2-2b7c78c6a543.html,6.655501537413394
min_k,member,https://atlanticcityweekly.com/attheshore/dining/ossu-japanese-tavern-the-latest-hit-in-trop-s-dining-re-imaginings/article_a4a4e780-2305-11ed-b86b-f7fbed36d9d7.html,8.067850022845798
min_k,member,https://atlanticcityweekly.com/exit-zero-jazz-festival-celebrates-10th-anniversary-with-stellar-lineup/article_79ca0898-d07f-11ec-b72d-57b4112654bd.html,7.468830433546328
min_k,member,https://atlanticcityweekly.com/arts_and_entertainment/the-genesis-show-brings-the-duke-tour-to-levoy-theatre/article_6e6de534-2a1e-11ed-b675-278865971c33.html,7.21863046852318
min_k,member,https://atlanticcityweekly.com/arts_and_entertainment/headliner-spotlight/article_25b9e83e-dd15-11ec-ba1c-5f176eaaf51b.html,6.775840127113195
min_k,member,https://atlanticcityweekly.com/attheshore/dining/spring-is-here-but-there-are-no-rules-when-you-can-enjoy-any-type-of/article_da4ae6c0-d52e-11ec-8532-8b32fcab291c.html,7.34600090627317
min_k,member,https://atlanticcityweekly.com/attheshore/events/the-right-notes-2022-honoring-jayne-bray/article_604c316a-1d65-11ed-9d98-ef6a3661c516.html,6.953982652344319
min_k,member,https://atlanticcityweekly.com/attheshore/dining/sundaes-in-the-summer-at-drip-n-scoop/article_d5b56380-0f5b-11ed-9534-37f0085acc21.html,7.6349146602959035
min_k,member,https://atlanticcityweekly.com/arts_and_entertainment/local-winery-hosts-country-music-festival-for-holiday-weekend/article_f357144e-f6e5-11ec-aede-cb28e179b739.html,7.870164306267448
min_k,member,https://atlanticcityweekly.com/arts_and_entertainment/headliner-spotlight/article_fcf61e50-0c2f-11ed-a30c-f31e9f370d76.html,6.921955670135609
min_k,member,https://atlanticcityweekly.com/arts_and_entertainment/headliner-spotlight/article_aa4f44a2-ea9b-11ec-bd17-3bf49578de70.html,6.979695395187095
min_k,member,https://atlanticcityweekly.com/attheshore/dining/from-crepes-to-quiche-asbury-kitchen-worth-checking-out/article_e6bfe950-01ed-11ed-9754-b33e90dc2edf.html,7.325416964263164
min_k,member,https://atlanticcityweekly.com/attheshore/nightlife/crowd-size-day-of-the-week-all-the-same-for-slot-payouts/article_b05a8848-3294-11ed-b2a2-67c0a45d43e8.html,8.17167262847607
min_k,member,https://atlanticcityweekly.com/attheshore/dining/appy-hour-at-izzy-s-river-landing/article_fa90d9fa-e5ad-11ec-99d3-8b9f1c60ab4b.html,7.481628038528117
min_k,member,https://atlanticcityweekly.com/arts_and_entertainment/legendary-comic-steven-wright-returns-to-a-c/article_7c1ef9f8-d603-11ec-aaae-4fb2b586c540.html,6.697701685661376
min_k,member,https://atlanticcityweekly.com/attheshore/dining/appy-hour-at-laguna-grill-and-rum-bar/article_8694fefc-0ced-11ed-be23-7f78a7ad05c4.html,7.46969277839961
min_k,member,https://atlanticcityweekly.com/attheshore/dining/manco-manco-opens-a-location-at-citizens-bank-park/article_73a4fae4-b433-11ec-a89b-7bc23b90aae1.html,6.561659472329276
min_k,member,https://atlanticcityweekly.com/attheshore/dining/all-kinds-of-competition-are-set-to-go-down-at-burger-bash-v/article_024d63e2-e668-11ec-8c05-33a7aeb8c7e5.html,7.445183395517283
min_k,member,https://atlanticcityweekly.com/arts_and_entertainment/headliner-spotlight/article_589ce962-0f4d-11ed-960a-875dd7e7bf05.html,7.0497479093670234
min_k,member,https://atlanticcityweekly.com/arts_and_entertainment/concert-review-the-black-crowes-tear-it-up-at-their-saturday-night-rock-n-roll/article_f150728e-fae2-11ec-9d5c-13f4f22ac4f4.html,7.726380959721922
min_k,member,https://atlanticcityweekly.com/attheshore/headliners/headliner-spotlight/article_cbb08398-cf95-11ec-b3d9-1bac664d3da8.html,6.879030364309857
min_k,member,https://atlanticcityweekly.com/attheshore/dining/sundaes-in-the-summer-at-royale-crown/article_9b039e3a-0693-11ed-a8ea-4f475c83bf28.html,7.651803418464467
min_k,member,https://atlanticcityweekly.com/attheshore/dining/manco-manco-opens-a-location-at-citizen-bank-park/article_73a4fae4-b433-11ec-a89b-7bc23b90aae1.html,8.709899255207606
min_k,member,https://atlanticcityweekly.com/attheshore/dining/foodie-friendly-charity-events-come-to-south-jersey-this-week/article_18717df6-c57b-11ec-beb7-37e9a27b9977.html,6.460628175217172
min_k,member,https://atlanticcityweekly.com/attheshore/events/a-c-s-rock-fest-hosts-stacked-deck-of-bands-from-80s-to-present/article_33cf1976-e670-11ec-b19e-cfa8af8d150b.html,7.039392389476435
min_k,member,https://atlanticcityweekly.com/attheshore/dining/on-a-roll-at-vic-s-subs/article_77674ad4-b9be-11ec-9989-9fc754b73f73.html,7.259169216716991
min_k,member,https://atlanticcityweekly.com/attheshore/dining/appy-hour-at-buckets-margarita-bar-cantina/article_82e07804-f7b7-11ec-97a4-d7977ffabcbc.html,7.131205256215207
min_k,member,https://atlanticcityweekly.com/arts_and_entertainment/a-weekend-full-of-firefighting-fun/article_5e519ab0-2f91-11ed-85a4-0f90314c111d.html,6.71530086402125
min_k,member,https://atlanticcityweekly.com/attheshore/dining/our-picks-for-where-to-wine-and-dine-mom-this-mother-s-day/article_3aabea8c-caf3-11ec-8321-4347195e5772.html,7.29895529992627
min_k,member,https://atlanticcityweekly.com/attheshore/dining/exit-zero-transforms-cape-may-s-ferry-park-into-a-destination-of-its-own/article_157671c4-d5fc-11ec-a0b8-577a3f86b352.html,7.413655868147741
min_k,member,https://atlanticcityweekly.com/attheshore/events/3-places-to-grab-a-drink-and-watch-the-atlantic-city-airshow/article_6e32b418-1d72-11ed-bc12-93c14905474f.html,7.352682181767055
min_k,member,https://atlanticcityweekly.com/attheshore/dining/andy-s-pizza-in-hammonton-is-buzzing-with-breakfast-brilliance/article_c8935cd0-c4c3-11ec-b8d2-c7357ffc7406.html,7.022113466621342
min_k,member,https://atlanticcityweekly.com/attheshore/events/a-c-hosts-free-concerts-on-the-boardwalk-each-week-through-the-summer/article_a8636d5c-11b1-11ed-b46c-a330bbd45646.html,7.439092146325435
min_k,member,https://atlanticcityweekly.com/arts_and_entertainment/jersey-legend-southside-johnny-enjoying-being-back-on-road-again/article_41fd3996-d532-11ec-a1f2-23a01a7a06b0.html,6.787128871533929
min_k,member,https://atlanticcityweekly.com/blogs/casino_answer_man/cards-in-hand-have-impact-on-possibilities-for-draw/article_7e60a106-279a-11ed-bd8c-d7b304d0621a.html,7.85836741521761
min_k,member,https://atlanticcityweekly.com/attheshore/events/5-places-to-hang-out-before-and-after-barefoot-music-fest-in-wildwoods/article_eba730f6-eb3e-11ec-94d0-4b237bc8099a.html,7.318915721938366
min_k,member,https://atlanticcityweekly.com/blogs/gaming_guru/millions-of-hands-played-few-never-to-be-forgotten/article_e543836e-1711-11ed-bf36-e3ec9f19b5b9.html,8.070622654618887
min_k,member,https://atlanticcityweekly.com/arts_and_entertainment/skato-with-kato-briefing/article_cd1d9382-e12a-11ec-ab7d-1f996f6c6c4d.html,7.520554981979669
min_k,member,https://atlanticcityweekly.com/attheshore/dining/building-the-perfect-labor-day-weekend/article_48f8d450-24a9-11ed-af6c-c32f9ee5e88f.html,7.608157603919101
min_k,member,https://atlanticcityweekly.com/arts_and_entertainment/5-albums-to-play-before-summer-ends/article_1d614c2c-281f-11ed-ad42-0f92d2ee8cb4.html,7.31129329435287
min_k,member,https://atlanticcityweekly.com/attheshore/dining/on-a-roll-at-the-cheese-board/article_3b455716-b415-11ec-9f7e-e7f83196c882.html,7.443293565239003
min_k,member,https://atlanticcityweekly.com/arts_and_entertainment/masters-of-illusion-brings-mind-bending-magic-mayhem-and-macabre-to-harrah-s/article_be92a904-f185-11ec-91fa-93917aee798b.html,6.991094937629572
min_k,member,https://atlanticcityweekly.com/arts_and_entertainment/scaggs-brings-influential-trilogy-to-ocean-casino/article_b026bc54-0f4c-11ed-8de7-4b43cefbde9d.html,7.118962674377263
min_k,member,https://atlanticcityweekly.com/arts_and_entertainment/melissa-manchester-brings-hits-to-benefit-south-jersey-arts/article_466d27fc-11d2-11ed-b952-ef7216fce5cf.html,7.121360638706954
min_k,member,https://atlanticcityweekly.com/attheshore/dining/on-a-roll-at-the-anchorage-tavern-in-somers-point/article_77775516-c27c-11ec-a433-b32d86fbf139.html,7.545900992858104
min_k,member,https://atlanticcityweekly.com/attheshore/nightlife/5-places-to-dance-through-the-night/article_a81f8cb4-24a7-11ed-b5c4-879548f61a38.html,7.9172826441462165
min_k,member,https://atlanticcityweekly.com/arts_and_entertainment/north-wildwood-s-annual-festival-celebrating-live-blues-and-bbq-prepares-to-sizzle/article_79f48678-f95f-11ec-b70c-23f5571d3ed7.html,7.220335097912231
min_k,member,https://atlanticcityweekly.com/attheshore/dining/don-t-behave-like-a-bunch-of-asses-make-sure-to-grab-your-burger-bash/article_7bc3ec16-cfc8-11ec-b4b3-97daa69de175.html,7.5065431496868396
min_k,member,https://atlanticcityweekly.com/after-a-bit-of-downtime-burlesque-show-returns-to-borgata-with-a-bang/article_c3de8278-d071-11ec-be94-87f487e52057.html,6.513245713790791
min_k,member,https://atlanticcityweekly.com/food_and_drink/few-spots-left-for-late-night-dining-in-atlantic-city/article_d30ca9d0-1d80-11ed-a0db-b79e22601e38.html,7.595918291904887
min_k,member,https://atlanticcityweekly.com/arts_and_entertainment/jazz-society-hosts-jazzy-warm-up-act-for-return-of-somers-point-s-biggest-fest/article_98a22448-bf64-11ec-bd5c-934a3d378c6e.html,6.609841995461043
min_k,member,https://atlanticcityweekly.com/just_for_fun/stockton-s-walking-tours-return-to-showcase-a-c-s-rich-history/article_815dbe86-f962-11ec-8a5d-d7b7a687aa3d.html,7.102435955634484
min_k,member,https://atlanticcityweekly.com/arts_and_entertainment/headliner-spotlight/article_4f613ad6-2539-11ed-b6fb-bbad2fc3e492.html,7.074891019010258
min_k,member,https://atlanticcityweekly.com/arts_and_entertainment/south-jersey-is-hopping-with-holiday-events/article_b27181f2-b9a1-11ec-bad4-a712d3d7851a.html,7.3114920970721125
min_k,member,https://atlanticcityweekly.com/attheshore/nightlife/how-increased-tax-form-trigger-would-affect-big-slot-winners/article_7406dd5e-0118-11ed-9597-7fb9b7ff4ed0.html,7.920444782425022
min_k,member,https://atlanticcityweekly.com/arts_and_entertainment/smithville-village-s-mayfest-means-another-weekend-of-fabulous-family-fun/article_13bcb0b6-d073-11ec-a0a9-2f8a6ba00476.html,6.9874609164569685
min_k,member,https://atlanticcityweekly.com/arts_and_entertainment/things-to-do-for-all-of-you/article_ae169994-e5b6-11ec-b9b5-2febcb289f1d.html,7.431162535865296
min_k,member,https://atlanticcityweekly.com/arts_and_entertainment/phanatic-and-special-guests-to-visit-ocean-city-boardwalk-for-phillies-day-at-manco-manco/article_73cd4d64-eccd-11ec-acf9-5fc677e77d31.html,7.217730846405029
min_k,member,https://atlanticcityweekly.com/5-wineries-to-visit-in-the-area-and-what-makes-them-so-special/article_0d567418-0c10-11ed-ad9c-33f405e1130a.html,7.141980064072798
min_k,member,https://atlanticcityweekly.com/ats-cover-pics-42122/article_642b71ba-bf64-11ec-8269-a73d00580020.html,9.236614933013916
min_k,member,https://atlanticcityweekly.com/attheshore/dining/the-chicken-sandwich-wars-rage-on-picking-the-top-bird-in-a-fast-food-face/article_ebf74e30-287c-11ed-8ec0-6b410caf185a.html,7.387357548710138
min_k,member,https://atlanticcityweekly.com/attheshore/dining/5-reasons-to-check-out-bally-s-locally-loved-week/article_92adffda-b9bf-11ec-8b4e-cbb2ab99103f.html,8.274189944640831
min_k,member,https://atlanticcityweekly.com/blogs/casino_answer_man/player-yearns-for-charlies-after-push-on-low-card-run/article_f086b05a-c3df-11ec-8992-cb2f82f753b3.html,7.8179948800688335
min_k,member,https://atlanticcityweekly.com/ossu-japanese-tavern-the-latest-hit-in-trop-s-dining-re-imaginings/article_7b69408a-2311-11ed-bf76-e7ce6912d77f.html,7.976323345930374
min_k,member,https://atlanticcityweekly.com/attheshore/nightlife/can-you-own-your-own-slot-machine-rules-depend-on-your-home-state/article_6aeaeb78-e595-11ec-862f-0f3f1283a5b3.html,7.984488460421562
min_k,member,https://atlanticcityweekly.com/arts_and_entertainment/5-questions-with-kenny-wayne-shepherd/article_00722c30-1d6b-11ed-8db7-8fed48dfef86.html,6.251722992994846
min_k,member,https://atlanticcityweekly.com/attheshore/dining/a-q-a-with-chef-bob-hettmannsperger-of-essl-s-dugout/article_ae69b5c0-29fe-11ed-a990-b3d4c8745473.html,6.504954579417691
min_k,member,https://atlanticcityweekly.com/attheshore/nightlife/blackjack-bob-gives-thumbs-up-to-zappit-as-change-of-pace-game/article_6331b29a-0c14-11ed-9a5b-8f193fdf89de.html,7.889345414376672
min_k,member,https://atlanticcityweekly.com/arts_and_entertainment/all-you-need-to-know-about-ocean-s-draft-day-party/article_fc25aea2-c4bb-11ec-aadb-872a80550e92.html,7.82789013562379
min_k,member,https://atlanticcityweekly.com/arts_and_entertainment/iconic-director-john-waters-brings-one-man-show-to-a-c/article_2bd684a2-bf33-11ec-a0ee-8baf97f08373.html,7.151534227813993
min_k,member,https://atlanticcityweekly.com/arts_and_entertainment/after-a-bit-of-downtime-burlesque-show-returns-to-borgata-with-a-bang/article_3c0365e6-cf93-11ec-9224-0f2e5d59fbe9.html,6.513245713790791
min_k,member,https://atlanticcityweekly.com/attheshore/nightlife/weekly-horoscopes/article_5d46207e-0c27-11ed-b9ee-2f15b9ca8857.html,6.817408470880418
min_k,member,https://atlanticcityweekly.com/arts_and_entertainment/headliner-spotlight/article_3afa4f60-c27e-11ec-b1f4-a3f8f9e8d0e8.html,6.882224723336777
min_k,member,https://atlanticcityweekly.com/attheshore/dining/on-a-roll-at-sack-o-subs/article_4cb4c374-d530-11ec-9ead-671ddc51a979.html,7.176521798214281
min_k,member,https://atlanticcityweekly.com/attheshore/dining/serindipity3-brings-over-the-top-desserts-bites-drinks-and-celebrations-to-ocean-casino/article_8a7359ba-06bc-11ed-b98e-c328deb3af2e.html,7.892594483465635
min_k,member,https://atlanticcityweekly.com/attheshore/nightlife/table-game-jackpot-odds-vary-with-number-of-decks/article_cdd61a1c-ca0d-11ec-a3ec-cb06dd7d0a56.html,7.668019189110285
min_k,member,https://atlanticcityweekly.com/weekly-horoscopes/article_e2effe24-b46c-11ec-9f20-4bc684f93741.html,6.561924480256581
min_k,member,https://atlanticcityweekly.com/attheshore/dining/cape-may-s-taco-caballito-shines-bright-under-youthful-new-owners/article_f5c9dfae-ddbd-11ec-ae69-6f7ec70da37a.html,7.041051710013187
min_k,member,https://atlanticcityweekly.com/attheshore/nightlife/5-places-to-grab-a-hot-dog-and-a-beer/article_8480b660-004a-11ed-a89b-4b1be25b1460.html,7.513349515124844
min_k,member,https://atlanticcityweekly.com/arts_and_entertainment/headliner-spotlight/article_abe4b70e-ef3a-11ec-a5e0-8f37627ae22f.html,7.060629968630915
min_k,member,https://atlanticcityweekly.com/attheshore/dining/sundaes-in-the-summer-at-juli-s-pink-ice-cream/article_ec9cfb2a-2fa0-11ed-8a0c-3b1069c99b29.html,7.4130972829358335
min_k,member,https://atlanticcityweekly.com/attheshore/dining/burger-bash-v-returns-to-the-nugget/article_aaba2af2-c268-11ec-965b-0f8c63cf301d.html,7.922157217906071
min_k,member,https://atlanticcityweekly.com/arts_and_entertainment/headliner-spotlight/article_0f4bec20-bd0b-11ec-b4c6-a731583a4d92.html,6.5264097605923785
min_k,member,https://atlanticcityweekly.com/attheshore/dining/ain-t-no-cure-but-the-summertime-brews/article_fe207d9a-f95e-11ec-8919-37bb230ee72e.html,8.776761869466082
min_k,member,https://atlanticcityweekly.com/arts_and_entertainment/5-questions-with-stephen-pearcy-the-voice-of-ratt/article_08cadc6a-e73d-11ec-ac95-ab0868cf1084.html,7.319422558172425
min_k,member,https://atlanticcityweekly.com/arts_and_entertainment/ocean-casino-hosts-a-night-celebrating-the-chairman-of-the-board/article_fec0f628-2288-11ed-9ee8-bb5a6341d8c3.html,6.678299404819559
min_k,member,https://atlanticcityweekly.com/arts_and_entertainment/things-to-do-for-all-of-you/article_6840bbda-b9b9-11ec-bb54-537b52472319.html,7.456947962836463
min_k,member,https://atlanticcityweekly.com/attheshore/nightlife/5-reasons-to-check-out-classic-rewind-weekend-at-showboat/article_d7a535c2-f0ba-11ec-8a23-ffce935db711.html,7.409847311729933
min_k,member,https://atlanticcityweekly.com/arts_and_entertainment/things-to-do-for-all-of-you/article_813e288e-0c43-11ed-bdda-139c52738ac7.html,7.531502642342752
min_k,member,https://atlanticcityweekly.com/arts_and_entertainment/somers-point-s-biggest-festival-rises-again-as-bayfest-returns-for-2022/article_98afea96-c4c4-11ec-80b8-57ec3b1efe8e.html,6.0825142550778075
min_k,member,https://atlanticcityweekly.com/arts_and_entertainment/a-c-beer-music-fest-returns-to-bader-field-for-another-year-in-the-sun/article_f0581b2c-e0e1-11ec-bd7b-73bc9dff5623.html,7.626918157385714
min_k,member,https://atlanticcityweekly.com/sponsored/north-beach-atlantic-city-fireworks-celebration-set-for-july-1/article_0003cb8e-ebff-11ec-bc67-dfcb4a2b74e6.html,7.357597216581687
min_k,nonmember,https://atlanticcityweekly.com/weather/weather-small-coastal-storm-to-bring-rain-some-wind-into-wednesday/article_934982b8-b43b-11ec-a607-1f21f73c5828.html,7.464220640675122
min_k,nonmember,https://atlanticcityweekly.com/arts_and_entertainment/things-to-do-for-all-of-you/article_189384be-f96a-11ec-a828-9f0bba8b8de5.html,7.426753922836068
min_k,nonmember,https://atlanticcityweekly.com/arts_and_entertainment/10-things-to-do-on-the-ocean-city-boardwalk/article_3e9bb56e-0c48-11ed-90d3-7bbff19becd1.html,7.627749951680501
min_k,nonmember,https://atlanticcityweekly.com/arts_and_entertainment/headliner-spotlight/article_c2f5ade6-ca36-11ec-8c92-93fd0227696b.html,7.042567116873605
min_k,nonmember,https://atlanticcityweekly.com/arts_and_entertainment/rock-and-roll-hall-of-famers-celebrate-six-decades-at-borgata/article_6e66d7b6-bd0a-11ec-94bb-7f7ae869482d.html,7.338726880287361
min_k,nonmember,https://atlanticcityweekly.com/attheshore/nightlife/roulette-pivot-point-cant-guarantee-riches/article_0289135e-f92f-11ec-bed3-778c741a408c.html,8.144774520157167
min_k,nonmember,https://atlanticcityweekly.com/attheshore/dining/a-c-weekly-to-celebrate-mankind-s-greatest-dish-at-burger-bash-v/article_48e2f00e-dc47-11ec-a6fd-d381d8364dec.html,7.6528853694004795
min_k,nonmember,https://atlanticcityweekly.com/attheshore/dining/the-grills-were-alive-at-burger-bash-v/article_0c9b1dee-f162-11ec-9bc1-f39bd220dc93.html,7.887375409624218
min_k,nonmember,https://atlanticcityweekly.com/attheshore/dining/on-a-roll-at-taco-caballito-tequileria/article_21c217f2-cf95-11ec-ab12-6731e831409c.html,7.097669056886752
min_k,nonmember,https://atlanticcityweekly.com/arts_and_entertainment/ann-wilson-flies-solo-as-her-tour-rolls-into-atlantic-city/article_14c1a234-0c08-11ed-9fff-c7f592684e9b.html,7.516898487743578
min_k,nonmember,https://atlanticcityweekly.com/attheshore/nightlife/bigger-bets-for-better-rules-can-damage-your-bankroll/article_6c153fb4-dabc-11ec-a08a-5b093cf8f755.html,7.65610588208223
min_k,nonmember,https://atlanticcityweekly.com/attheshore/dining/sundaes-in-the-summer-at-the-sunryser/article_cdc05c04-1e5e-11ed-a7d8-a76cfb06641f.html,7.498412672881108
min_k,nonmember,https://atlanticcityweekly.com/attheshore/dining/sundaes-in-the-summer-at-skipper-dipper/article_5bdc44ce-fed1-11ec-ab08-fb71cc365a71.html,7.13662317643563
min_k,nonmember,https://atlanticcityweekly.com/arts_and_entertainment/things-to-do-for-all-of-you/article_114b38c0-ddc0-11ec-ad79-eb5faa6475f9.html,7.481630623060773
min_k,nonmember,https://atlanticcityweekly.com/attheshore/events/hellzapoppin-circus-sideshow-comes-to-a-c-for-a-night-of-shock-and-awe/article_a643364e-ca33-11ec-80b1-93e89928b733.html,7.455483535766602
min_k,nonmember,https://atlanticcityweekly.com/8-day-nj-heat-wave-was-longest-since-2018-longest-96f-stretch-on-record/article_970de9e2-0d42-11ed-80fd-97c61d43c14d.html,7.345555501481507
min_k,nonmember,https://atlanticcityweekly.com/attheshore/dining/tracking-down-south-jersey-s-best-dining-options-for-easter-grub/article_11018572-ba70-11ec-b4d5-a3cc04cea4d3.html,7.3349204427215
min_k,nonmember,https://atlanticcityweekly.com/arts_and_entertainment/things-to-do-for-all-of-you/article_9c952368-2254-11ed-8d27-37d592bdb826.html,7.624187043119932
min_k,nonmember,https://atlanticcityweekly.com/arts_and_entertainment/things-to-do-for-all-of-you/article_ef3230f6-3038-11ed-b56d-7be485f0a9ae.html,7.574137648882651
min_k,nonmember,https://atlanticcityweekly.com/arts_and_entertainment/things-to-do-for-all-of-you/article_1b527e2a-11b7-11ed-bead-df88e3124d14.html,7.2965248684644495
min_k,nonmember,https://atlanticcityweekly.com/attheshore/dining/crossroads-bar-grill-scores-big-with-wild-twists-on-american-bar-food/article_a9e69f82-0cf2-11ed-a2d7-d30a906d7a31.html,7.2913316233545284
min_k,nonmember,https://atlanticcityweekly.com/arts_and_entertainment/things-to-do-for-all-of-you/article_2fb8427a-d524-11ec-9520-f3985c59c91f.html,7.705325470203622
min_k,nonmember,https://atlanticcityweekly.com/arts_and_entertainment/5-questions-with-magician-trickster-michael-carbonaro/article_8c4c5a12-ca5c-11ec-8e49-0b3a72d4e9fe.html,6.861940115936531
min_k,nonmember,https://atlanticcityweekly.com/arts_and_entertainment/headliner-spotlight/article_09651faa-2a0e-11ed-aadd-b33710b1193d.html,6.660011006223744
min_k,nonmember,https://atlanticcityweekly.com/attheshore/dining/famed-philly-chef-teams-with-cookie-till-for-week-long-presence-charitable-event/article_22bdc036-1278-11ed-97e7-fba03a2e2c4b.html,7.0408562646879185
min_k,nonmember,https://atlanticcityweekly.com/attheshore/nightlife/5-great-spots-to-get-a-beer-for-national-beer-day/article_47251b5a-b412-11ec-95b5-d32af5350346.html,8.106891334336689
min_k,nonmember,https://atlanticcityweekly.com/arts_and_entertainment/absecon-lighthouse-welcomes-all-to-its-annual-spring-festival/article_a0df388a-caef-11ec-80e6-27c920639258.html,7.405792890593063
min_k,nonmember,https://atlanticcityweekly.com/attheshore/events/42nd-national-sports-collectors-convention-returns-to-a-c/article_19381bdc-0464-11ed-999f-935db2616c44.html,6.928243344290214
min_k,nonmember,https://atlanticcityweekly.com/arts_and_entertainment/ocean-casino-steps-up-its-fantasy-football-game-at-topgolf/article_2f118b7c-2882-11ed-95ab-0f441b7dc513.html,9.386066881815593
min_k,nonmember,https://atlanticcityweekly.com/attheshore/nightlife/tidalwave-music-festival-brings-monsoon-of-country-music-to-a-c-beach-this-weekend/article_9dcbe94a-1801-11ed-9c0b-cb7d55629015.html,6.619467512992777
min_k,nonmember,https://atlanticcityweekly.com/attheshore/dining/5-spots-to-celebrate-the-return-of-baseball/article_9152d674-bf5a-11ec-b969-6bb67b868857.html,7.327927949896269
min_k,nonmember,https://atlanticcityweekly.com/nightlife/5-reasons-to-check-out-moe-s-pop-up-bar-in-wildwood/article_47f7ead4-0391-11ed-b72c-97fd2252d53f.html,7.824962364999871
min_k,nonmember,https://atlanticcityweekly.com/attheshore/nightlife/blackjack-has-34-starting-hands-or-more-if-composition-matters/article_cee86d6e-0690-11ed-954d-13c3878f1324.html,8.62239033176053
min_k,nonmember,https://atlanticcityweekly.com/arts_and_entertainment/reversible-royals-bring-larger-but-rarer-jackpots/article_dfab461a-f085-11ec-ba5e-77745a051447.html,8.56938329732643
min_k,nonmember,https://atlanticcityweekly.com/attheshore/nightlife/5-spots-to-enjoy-before-the-summer-crowds-come/article_7f84e2e8-cf95-11ec-afd1-83ec7974c926.html,7.38812082299689
min_k,nonmember,https://atlanticcityweekly.com/attheshore/dining/5-reasons-to-go-to-tequila-week-at-bally-s/article_c6f44400-f968-11ec-93d2-e7004dc812c1.html,7.4544797079349925
min_k,nonmember,https://atlanticcityweekly.com/arts_and_entertainment/barefoot-country-music-fest-returns-to-wildwood-beach/article_1b04c982-ebe7-11ec-abbc-f7850f2c0b5a.html,7.098998114174488
min_k,nonmember,https://atlanticcityweekly.com/arts_and_entertainment/tropicana-s-boogie-nights-celebrates-10-years-of-partying-like-its-1999/article_f9f10f08-c571-11ec-bdab-0fa1df62cb5f.html,7.2979201390439234
min_k,nonmember,https://atlanticcityweekly.com/attheshore/events/a-c-beach-hosts-three-nights-of-the-world-s-biggest-jam-band/article_a460565e-11b9-11ed-beed-473535620265.html,7.492292017056136
min_k,nonmember,https://atlanticcityweekly.com/attheshore/dining/3-great-bars-to-watch-week-1-of-the-nfl/article_45b31d5e-2df1-11ed-84b4-d7e7b2d0631e.html,7.546762331672337
min_k,nonmember,https://atlanticcityweekly.com/sponsored/give-the-gift-of-life---a-kidney-for-avram/article_96636352-ec1b-11ec-afad-af2b631451b1.html,6.689939106460166
min_k,nonmember,https://atlanticcityweekly.com/blogs/casino_answer_man/players-find-up-and-down-sides-of-streaks-at-craps-and-roulette/article_838b4b5a-e059-11ec-8a46-53177fa68b4e.html,7.869917526477721
min_k,nonmember,https://atlanticcityweekly.com/blogs/casino_answer_man/vplayers-find-up-and-down-sides-of-streaks-at-craps-and-roulette/article_838b4b5a-e059-11ec-8a46-53177fa68b4e.html,7.869917526477721
min_k,nonmember,https://atlanticcityweekly.com/arts_and_entertainment/things-to-do-for-all-of-you/article_b299de10-2a24-11ed-98e2-a314b2c540a8.html,7.556012334270282
min_k,nonmember,https://atlanticcityweekly.com/arts_and_entertainment/drummer-shows-artistic-side-at-hard-rock-performs-with-lynyrd-skynyrd-at-ocean-casino/article_a00fd08a-fc82-11ec-be86-9f1b4a6d113b.html,7.023172045188835
min_k,nonmember,https://atlanticcityweekly.com/arts_and_entertainment/fireworks-around-south-jersey-and-independence-day-events/article_5b119ff0-f6dc-11ec-af44-d7963461b70d.html,7.012456127802531
min_k,nonmember,https://atlanticcityweekly.com/arts_and_entertainment/things-to-do-for-all-of-you/article_a0a56db0-1ccc-11ed-8cff-dbe0f63cef13.html,7.479544824082007
min_k,nonmember,https://atlanticcityweekly.com/attheshore/dining/10-great-spots-to-bring-your-pop-on-father-s-day/article_d0d06be8-eb30-11ec-bb9d-cb3720af2358.html,7.055452399385304
min_k,nonmember,https://atlanticcityweekly.com/ats-cover-6-16-22/article_47ecd3f6-ebdb-11ec-9763-7b01cf4822b8.html,11.360901230259946
min_k,nonmember,https://atlanticcityweekly.com/attheshore/dining/ocean-casino-s-makai-brings-island-flavors-to-atlantic-city/article_255d15da-2e02-11ed-9585-8bf51c151278.html,8.031636588978317
min_k,nonmember,https://atlanticcityweekly.com/attheshore/dining/newly-opened-moonshiners-bar-and-grill-in-mays-landing-is-here-to-stay/article_2e4d63c6-db7c-11ec-b02c-3719ce31f867.html,6.752886296856788
min_k,nonmember,https://atlanticcityweekly.com/attheshore/dining/girasole-celebrates-three-decades-of-inspired-italian-cuisine/article_82e5edbc-e668-11ec-a3a1-63550687ef73.html,7.287767015477662
min_k,nonmember,https://atlanticcityweekly.com/arts_and_entertainment/new-comedy-concept-combines-hypnosis-and-improv-into-one-sidesplitting-good-time/article_557e1eec-e683-11ec-8553-e72891da63cc.html,6.89149673293237
min_k,nonmember,https://atlanticcityweekly.com/attheshore/dining/appy-hour-at-the-point/article_bee5e010-daa6-11ec-98b7-2bb20e469a25.html,8.02850561224537
min_k,nonmember,https://atlanticcityweekly.com/weather/weather-boom-or-bust-scenario-for-severe-weather-tuesday-comfy-weekend-ahead/article_0b8042c2-fb30-11ec-9bd4-674e9cbe3b3e.html,7.311057257325682
min_k,nonmember,https://atlanticcityweekly.com/the-chatterbox-in-ocean-city-roars-back-to-life-under-new-ownership/article_28b831ce-17eb-11ed-944c-43c5b498c53e.html,7.267630589635749
min_k,nonmember,https://atlanticcityweekly.com/arts_and_entertainment/big-developments-define-summer-2022-for-ocean-casino/article_1e30aa5a-daac-11ec-86da-17c9830fabe5.html,5.453845378251104
min_k,nonmember,https://atlanticcityweekly.com/sponsored/north-beach-atlantic-city-fireworks-celebration-set-for-sept-4th/article_e9c2aaa4-287e-11ed-b794-c7ff847eabef.html,7.556895771805121
min_k,nonmember,https://atlanticcityweekly.com/arts_and_entertainment/things-to-do-for-all-of-you/article_7df7d468-daac-11ec-9c5a-83fc8d7b6c90.html,7.41476453010733
min_k,nonmember,https://atlanticcityweekly.com/attheshore/dining/honor-thy-burger-at-burger-bash-v/article_58eb6e30-d531-11ec-ad42-274e02ab81b7.html,7.6275648442349695
min_k,nonmember,https://atlanticcityweekly.com/attheshore/dining/trop-opens-brand-new-japanese-tavern-concept/article_3ef4d788-0f73-11ed-a85c-9725dbf88c32.html,7.450111066972887
min_k,nonmember,https://atlanticcityweekly.com/arts_and_entertainment/this-a-c-wrestling-tournament-is-a-real-game-changer/article_96b81e48-dd2e-11ec-92e0-1b7729b2d59c.html,6.776523239207718
min_k,nonmember,https://atlanticcityweekly.com/attheshore/events/the-downbeach-seafood-festival-makes-for-a-shucking-fun-weekend-in-south-jersey/article_e53e5e38-3387-11ed-a473-3bec6d3fa639.html,7.469254525787627
min_k,nonmember,https://atlanticcityweekly.com/arts_and_entertainment/5-great-bars-to-watch-the-fireworks-at-this-weekend/article_7098372e-f70b-11ec-86b1-5307ec4e44eb.html,7.012215210841252
min_k,nonmember,https://atlanticcityweekly.com/arts_and_entertainment/things-to-do-for-all-of-you/article_323e1508-ca2d-11ec-83d5-0382e60f893c.html,7.51761694501658
min_k,nonmember,https://atlanticcityweekly.com/attheshore/nightlife/despite-low-frequency-points-pass-wins-more-often-than-place/article_2d722ac0-2d31-11ed-b321-6745aafd829a.html,7.730245795005407
min_k,nonmember,https://atlanticcityweekly.com/arts_and_entertainment/nj-horror-con-screams-its-way-back-to-showboat/article_9fcb8cee-b412-11ec-a51b-db469cb24955.html,7.099117746030478
min_k,nonmember,https://atlanticcityweekly.com/arts_and_entertainment/wwe-sunday-stunner-returns-to-atlantic-city/article_a0f56120-17f0-11ed-9bb1-7ba84fe27d75.html,5.207028199464847
min_k,nonmember,https://atlanticcityweekly.com/arts_and_entertainment/jurassic-quest-brings-dino-sized-fun-for-family-to-a-c/article_4b7500c4-11ca-11ed-83f2-0f4f37b56480.html,7.030602212500783
min_k,nonmember,https://atlanticcityweekly.com/attheshore/nightlife/rakin-bacon-monopoly-cheat-edition-amp-up-entertainment-fun-at-slots/article_0bf2fa7a-ea68-11ec-9cd3-ff5b31a74dae.html,8.875088697904117
min_k,nonmember,https://atlanticcityweekly.com/arts_and_entertainment/311-keep-creative-journey-flowing-as-fall-tour-heads-to-a-c/article_7eb82abe-3327-11ed-8649-47a2aa0a5e54.html,6.715888134307331
min_k,nonmember,https://atlanticcityweekly.com/food_and_drink/5-things-to-know-about-the-vue-rooftop-bar-and-lounge/article_15038cb0-2ebf-11ed-aeab-2f70629e95a5.html,7.014915307362874
min_k,nonmember,https://atlanticcityweekly.com/arts_and_entertainment/things-to-do-for-all-of-you/article_ab69b47a-c4ae-11ec-98ee-df4549e88bac.html,7.400954230923519
min_k,nonmember,https://atlanticcityweekly.com/attheshore/dining/michael-s-summer-wine-picks/article_ce5a70f2-0462-11ed-b063-4f6cc561d1c4.html,7.785702853174935
min_k,nonmember,https://atlanticcityweekly.com/arts_and_entertainment/things-to-do-for-all-of-you/article_0498ab48-172d-11ed-abcd-7376c5e93891.html,7.514681948304741
min_k,nonmember,https://atlanticcityweekly.com/arts_and_entertainment/two-very-different-styles-of-circus-return-to-showboat/article_c2fb0fc4-01eb-11ed-8e78-4ff5a7de765e.html,7.381809775138135
min_k,nonmember,https://atlanticcityweekly.com/attheshore/nightlife/four-card-poker-finds-expanded-niche-online/article_17c5c99c-2215-11ed-9f19-e7d8f92a75df.html,7.586954218341458
min_k,nonmember,https://atlanticcityweekly.com/acw-cover-photos/article_1ae199b6-e67f-11ec-b885-c391ff186d4a.html,9.938841358063714
min_k,nonmember,https://atlanticcityweekly.com/attheshore/nightlife/blackjack-bobs-right-plays-cant-overcome-wrong-cards/article_9f844d02-b8e0-11ec-b095-231ae46c9b11.html,7.800403332849692
min_k,nonmember,https://atlanticcityweekly.com/attheshore/nightlife/5-reasons-to-see-red-perform-at-golden-nugget-every-monday/article_cba1ffe2-0f5c-11ed-b949-77f44c55f97f.html,7.491981763794948
min_k,nonmember,https://atlanticcityweekly.com/arts_and_entertainment/free-concert-with-the-singing-lifeguard/article_59cdccd8-ddf8-11ec-b9c3-7fb4967c24d5.html,7.831247643726628
min_k,nonmember,https://atlanticcityweekly.com/attheshore/dining/on-a-roll-at-el-pueblo-taqueria/article_1653e25e-bf16-11ec-9f58-5be08602154a.html,7.088924743189956
min_k,nonmember,https://atlanticcityweekly.com/arts_and_entertainment/things-to-do-for-all-of-you/article_323cbe4c-b420-11ec-af3f-3f302d736094.html,7.580211170974847
min_k,nonmember,https://atlanticcityweekly.com/arts_and_entertainment/headliner-spotlight/article_3e523e88-feed-11ec-9e3f-bbea6c57599b.html,6.919788271767048
min_k,nonmember,https://atlanticcityweekly.com/attheshore/headliners/ocean-casino-brings-in-a-new-kind-of-tribute-act-with-magical-mystery-doors/article_b594132a-0156-11ed-9a02-7bd2faf45444.html,7.004123850403545
min_k,nonmember,https://atlanticcityweekly.com/arts_and_entertainment/o-c-pops-honor-famed-film-composer-with-star-wars-performance/article_e564f4de-01f1-11ed-b1f6-9784283e34b4.html,6.509256463744042
min_k,nonmember,https://atlanticcityweekly.com/arts_and_entertainment/things-to-do-for-all-of-you/article_94170cfc-bf16-11ec-b021-8b293e50d88a.html,7.229033115347462
min_k,nonmember,https://atlanticcityweekly.com/attheshore/nightlife/weekly-horoscopes/article_dd621a62-2214-11ed-8acc-7be50355f817.html,6.156229029840498
min_k,nonmember,https://atlanticcityweekly.com/blogs/casino_answer_man/when-dealt-card-lands-on-chair-does-employee-have-to-fetch/article_86bd5166-bf15-11ec-953e-4baacb6ccfdd.html,7.904410459493336
min_k,nonmember,https://atlanticcityweekly.com/arts_and_entertainment/millennium-era-nu-metal-rockers-staind-head-to-atlantic-city/article_f0266e52-2a28-11ed-806c-8ba1a1932451.html,6.789975938190984
min_k,nonmember,https://atlanticcityweekly.com/arts_and_entertainment/bally-s-new-renovations-offerings-make-park-place-and-boardwalk-legendary-again/article_392bf548-dada-11ec-8ba5-ff47879e9919.html,7.449617988009786
min_k,nonmember,https://atlanticcityweekly.com/attheshore/dining/borgata-announces-new-steakhouse-concept-to-open/article_98f5ed3c-ec12-11ec-aa30-ffbb8c54aee0.html,7.326966779332765
min_k,nonmember,https://atlanticcityweekly.com/arts_and_entertainment/atlantic-city-airshow-gives-sky-salute-to-those-who-serve/article_de31e514-1a38-11ed-ae0f-df760cb27307.html,6.784852129581682
min_k,nonmember,https://atlanticcityweekly.com/things-to-do-for-all-of-you/article_3ecbc38c-cfb0-11ec-8851-a71321d75413.html,7.361563329146117
min_k,nonmember,https://atlanticcityweekly.com/attheshore/dining/after-a-far-too-long-gap-burger-bash-is-back/article_5fc5f6b8-b41f-11ec-a822-afa35f30d884.html,7.714881033000379
min_k,nonmember,https://atlanticcityweekly.com/arts_and_entertainment/things-to-do-for-all-of-you/article_af9d6428-ef3e-11ec-ab00-674f704ed556.html,7.421866453241261
min_k,nonmember,https://atlanticcityweekly.com/arts_and_entertainment/exit-zero-jazz-festival-celebrates-10th-anniversary-with-stellar-lineup/article_3f40cc94-d074-11ec-9c9f-a76c3e6feb0c.html,7.45641536806144
min_k,nonmember,https://atlanticcityweekly.com/attheshore/dining/sundaes-in-the-summer-at-fine-fellows-creamery/article_407f5e20-dd23-11ec-92fd-d78cc59bb709.html,7.859127454378975
min_k,nonmember,https://atlanticcityweekly.com/arts_and_entertainment/night-in-venice-continues-tradition-with-former-villanova-basketball-coach/article_d5ba1510-044d-11ed-bb17-8ff797fca53c.html,7.365543397117
min_k,nonmember,https://atlanticcityweekly.com/attheshore/nightlife/pass-line-edge-never-disappears-no-matter-how-big-the-odds-bet/article_2da1f448-1199-11ed-bb65-0f8c3c7700c0.html,8.196153255487909
min_k,nonmember,https://atlanticcityweekly.com/attheshore/dining/brigantine-s-new-fast-casual-spot-kook-burger-continues-to-sizzle/article_04ae27fc-f15d-11ec-991b-67fe6cfcea14.html,6.922804674555044
min_k,nonmember,https://atlanticcityweekly.com/attheshore/nightlife/weekly-horoscopes/article_44ddbcea-a926-11ec-ba7e-ffa615200150.html,6.45306786368875
min_k,nonmember,https://atlanticcityweekly.com/arts_and_entertainment/casinos-dge-join-forces-for-june-2-job-fair/article_2e8244bc-e1bf-11ec-896d-434e3f8c3827.html,6.1497459530830385
min_k,nonmember,https://atlanticcityweekly.com/attheshore/dining/shandies-blondes-and-pilsners-oh-my-summer-beer-season-is-here/article_0c652bae-ca29-11ec-9276-8b8b07fb2b32.html,8.408656112826357
min_k,nonmember,https://atlanticcityweekly.com/attheshore/events/more-on-the-right-notes/article_4beae908-336f-11ed-8730-b343b3fdcebb.html,6.975230567121275
min_k,nonmember,https://atlanticcityweekly.com/arts_and_entertainment/things-to-do-for-all-of-you/article_3ecbc38c-cfb0-11ec-8851-a71321d75413.html,7.398439118760036
min_k,nonmember,https://atlanticcityweekly.com/arts_and_entertainment/headliner-spotlight/article_5e35c49e-f886-11ec-bdaa-4f3c2b0e32ea.html,7.141009321565981
min_k,nonmember,https://atlanticcityweekly.com/attheshore/dining/june-is-here-for-beer/article_bb84d134-dd2f-11ec-bea6-df8dac681c79.html,8.973127649409538
min_k,nonmember,https://atlanticcityweekly.com/arts_and_entertainment/firefighting-convention-expo-and-parade-return-to-wildwoods/article_5e519ab0-2f91-11ed-85a4-0f90314c111d.html,6.756684444094664
min_k,nonmember,https://atlanticcityweekly.com/arts_and_entertainment/things-to-do-for-all-of-you/article_1cd635d4-f6ff-11ec-8e7f-a78df9855e6a.html,7.249522814985181
min_k,nonmember,https://atlanticcityweekly.com/attheshore/headliners/good-draw-on-wrong-game-vexes-video-poker-player/article_376c81d2-d50d-11ec-8e6f-7bd17781974e.html,8.128337604412135
min_k,nonmember,https://atlanticcityweekly.com/attheshore/dining/sundaes-in-the-summer-at-anna-lee-s-cookies-and-cream/article_79fdeb82-f6ee-11ec-bbbe-132766dfaaa9.html,6.870621535685156
min_k,nonmember,https://atlanticcityweekly.com/arts_and_entertainment/black-crowes-patch-things-up-and-bring-shake-your-money-maker-to-borgata/article_5a96bde8-f6f1-11ec-9de6-af239cbe5ae4.html,7.35723422245426
min_k,nonmember,https://atlanticcityweekly.com/arts_and_entertainment/high-tech-hard-rock-exhibit-offers-unique-perspective-on-vincent-van-gogh/article_11c88dee-f95d-11ec-b6b5-a31f631afb01.html,7.356411131223043
min_k,nonmember,https://atlanticcityweekly.com/arts_and_entertainment/things-to-do-for-all-of-you/article_f8b95594-ea99-11ec-aebe-8f850b715f94.html,7.548323034645119
min_k,nonmember,https://atlanticcityweekly.com/arts_and_entertainment/black-excellence-festival-returns-to-showboat-for-federal-holiday/article_7d19f2d2-ea9d-11ec-9a40-9b47fcd64093.html,7.581997317497176
min_k,nonmember,https://atlanticcityweekly.com/arts_and_entertainment/favorito-brings-old-school-rickles-style-comedy-to-ocean-casino/article_92a024da-0c50-11ed-b7ce-7735d69bda48.html,7.213472281561957
min_k,nonmember,https://atlanticcityweekly.com/attheshore/dining/burger-bash-v-brings-the-fire-to-golden-nugget/article_bcfae8a6-bf60-11ec-8b1f-7bd8d6b8cb9e.html,7.735597674379644
min_k,nonmember,https://atlanticcityweekly.com/food_and_drink/serendipity3-brings-over-the-top-desserts-bites-drinks-and-celebrations-to-ocean-casino/article_c242df36-06d1-11ed-bd3a-d3243d1d9689.html,7.892306380629151
min_k,nonmember,https://atlanticcityweekly.com/la-mesa-mr-gordo-offer-new-dining-options-for-mexican-holiday/article_80d2fb6a-caf1-11ec-890e-df55d5203777.html,7.382666701154691
min_k,nonmember,https://atlanticcityweekly.com/arts_and_entertainment/headliner-spotlight/article_e133d752-b40f-11ec-804b-3fc8784e4b3d.html,6.645283097585042
min_k,nonmember,https://atlanticcityweekly.com/food_and_drink/girasole-celebrates-three-decades-of-inspired-italian-cuisine/article_3720dc9c-e669-11ec-b789-f38926431134.html,7.287767015477662
min_k,nonmember,https://atlanticcityweekly.com/night-in-venice-continues-tradition-with-former-villanova-basketball-coach/article_0bf227e6-06b8-11ed-9717-77c5b4426168.html,7.395457444032787
min_k,nonmember,https://atlanticcityweekly.com/acw-cover-artwork/article_27cebef4-338e-11ed-b705-87fd076570f6.html,10.42189093430837
min_k,nonmember,https://atlanticcityweekly.com/attheshore/dining/spring-beer-season-means-plenty-of-events-and-unique-styles/article_dc12a266-b45b-11ec-b42f-bf4396f587e6.html,8.646854661162335
min_k,nonmember,https://atlanticcityweekly.com/arts_and_entertainment/headliner-spotlight/article_b9d7ad8a-e5bc-11ec-ade8-0b761171f793.html,7.113730223610447
min_k,nonmember,https://atlanticcityweekly.com/attheshore/dining/a-scrumptious-search-for-the-tastiest-appetizers-in-south-jersey/article_75da2cb0-bfde-11ec-a398-cff8134dbce8.html,7.649419688254065
min_k,nonmember,https://atlanticcityweekly.com/arts_and_entertainment/headliner-spotlight/article_b6af85f4-d529-11ec-81eb-e3f12d793c89.html,7.290287343650547
min_k,nonmember,https://atlanticcityweekly.com/arts_and_entertainment/showboat-debuts-indoor-go-kart-experience/article_c45d8264-daba-11ec-b9f4-dbbac7c5982a.html,7.274442426363627
min_k,nonmember,https://atlanticcityweekly.com/attheshore/dining/a-c-weekly-s-burger-bash-event-prepares-to-sizzle-after-a-three-year-hiatus/article_9ea74b2a-eb56-11ec-87f6-779fa13b4fd8.html,7.423952828513252
min_k,nonmember,https://atlanticcityweekly.com/attheshore/dining/new-jersey-breweries-need-your-support-after-absurd-regulations/article_2be4c80c-0f5e-11ed-a243-f3043737cb5e.html,8.905998352246407
min_k,nonmember,https://atlanticcityweekly.com/attheshore/nightlife/5-great-spots-to-enjoy-a-fresh-margarita-on-cinco-de-mayo/article_16f70eee-ca32-11ec-aadc-cf53668ae978.html,7.3707724464826345
min_k,nonmember,https://atlanticcityweekly.com/attheshore/dining/first-ever-atlantic-city-seafood-music-festival-looks-to-be-a-shuckin-good-time/article_5e248028-ef3d-11ec-97f8-f77be3d3afea.html,6.863105007099881
min_k,nonmember,https://atlanticcityweekly.com/attheshore/dining/la-mesa-mr-gordo-offer-new-dining-options-for-mexican-holiday/article_7a95270e-ca57-11ec-858e-a36563b948f5.html,7.3714095456135516
min_k,nonmember,https://atlanticcityweekly.com/acw-cover-concept-72822/article_1b7d12fe-0cfb-11ed-9027-5b4f3c706339.html,12.119878835845412
min_k,nonmember,https://atlanticcityweekly.com/arts_and_entertainment/primus-pay-tribute-to-prog-rock-forefathers-as-a-tribute-to-kings-tour-rolls-into/article_7455ee38-d852-11ec-be86-1fca7fcedf04.html,7.0699625469389415
min_k,nonmember,https://atlanticcityweekly.com/attheshore/dining/what-you-need-to-know-about-natural-organic-and-vegan-wines/article_aafe8884-bd0c-11ec-9480-e7666321cb62.html,7.432628720887145
min_k,nonmember,https://atlanticcityweekly.com/attheshore/dining/the-chatterbox-in-ocean-city-roars-back-to-life-under-new-ownership/article_7a9b4afa-17e4-11ed-b41c-ab9968c3f524.html,7.2636957466602325
min_k,nonmember,https://atlanticcityweekly.com/attheshore/nightlife/weekly-horoscopes/article_bcc68bd4-dde1-11ec-82a9-0b654f59d66c.html,6.7731644868850704
min_k,nonmember,https://atlanticcityweekly.com/attheshore/dining/ocean-casino-offers-a-choco-tribute/article_e9bfeb08-11a8-11ed-a531-9f484657ffc4.html,8.284799858375832
min_k,nonmember,https://atlanticcityweekly.com/attheshore/nightlife/5-reasons-to-check-out-coral-lounge-bar-at-resorts/article_0d02eed8-e5aa-11ec-a6d9-778392356120.html,7.471388743247515
min_k,nonmember,https://atlanticcityweekly.com/attheshore/dining/appy-hour-at-harry-s-ocean-bar-grille/article_6323cd80-ef3e-11ec-9e25-53067c363be8.html,7.4308315335579636
min_k,nonmember,https://atlanticcityweekly.com/arts_and_entertainment/a-fusion-of-top-shelf-talent-visits-ocean-casino-s-ovation-hall-for-the-third/article_53c593d6-332d-11ed-8efc-ff74f8c86174.html,7.446760448961626
min_k,nonmember,https://atlanticcityweekly.com/arts_and_entertainment/things-to-do-for-all-of-you/article_48f40220-0449-11ed-828f-5f926710e0ca.html,7.434040166587065
min_k,nonmember,https://atlanticcityweekly.com/attheshore/dining/sundaes-in-the-summer-at-peace-pie/article_3f2a00a0-e743-11ec-abfc-bf515eb8ca79.html,7.818354047405782
min_k,nonmember,https://atlanticcityweekly.com/attheshore/dining/appy-hour-at-hotel-lbi/article_2b4b5a1e-1742-11ed-bc91-c70ff26b20ee.html,7.5518215128353665
min_k,nonmember,https://atlanticcityweekly.com/arts_and_entertainment/with-a-wealth-of-new-businesses-and-teamwork-north-beach-now-hottest-spot-in-a/article_f80f6d30-0cff-11ed-8ff1-bb736a2cf94e.html,7.486065579641714
min_k,nonmember,https://atlanticcityweekly.com/sponsored/meet-the-business---one-stop-xteriors/article_0da709f4-dd22-11ec-ac34-b3f2e1fbf572.html,8.0394375874446
min_k,nonmember,https://atlanticcityweekly.com/arts_and_entertainment/boy-band-what-a-rush-reunites-in-a-c/article_c020022a-f70d-11ec-8f73-a30e3ede1a34.html,6.651054502238889
min_k,nonmember,https://atlanticcityweekly.com/ats-cover-4-28-22/article_661c8de2-c4c8-11ec-9c0b-4b7ec50fa571.html,9.67699744966295
min_k,nonmember,https://atlanticcityweekly.com/arts_and_entertainment/things-to-do-for-all-of-you/article_0e55b5bc-012b-11ed-9aee-efe1626087a1.html,7.538507153127272
min_k,nonmember,https://atlanticcityweekly.com/attheshore/events/don-t-get-faked-out-at-this-year-s-fakefest-at-golden-nugget/article_552390b4-ef3c-11ec-a8f8-9fd812f479e3.html,7.368321698005885
min_k,nonmember,https://atlanticcityweekly.com/arts_and_entertainment/headliner-spotlight/article_8545a318-b9a9-11ec-b6ba-db0c77773b95.html,6.956512187144039
min_k,nonmember,https://atlanticcityweekly.com/arts_and_entertainment/headliner-spotlight/article_74365b02-221e-11ed-9f03-37517144e6bb.html,7.000773697915162
min_k,nonmember,https://atlanticcityweekly.com/attheshore/dining/oh-my-dear---the-pumpkin-beers-are-here/article_9b838b4e-2872-11ed-9420-5b193f301a75.html,9.042835697943335
min_k,nonmember,https://atlanticcityweekly.com/blogs/casino_answer_man/slot-players-need-not-fear-mid-game-switch-via-server/article_2e282360-b41a-11ec-964c-b30bde973c53.html,7.917430951997831
min_k,nonmember,https://atlanticcityweekly.com/arts_and_entertainment/headliner-spotlight/article_3dde292a-d851-11ec-8ad7-1f4893bce4b4.html,6.975329934858344
min_k,nonmember,https://atlanticcityweekly.com/arts_and_entertainment/headliner-spotlight/article_5e481624-045e-11ed-9fef-f7b0c59f60ec.html,7.05089332545615
min_k,nonmember,https://atlanticcityweekly.com/arts_and_entertainment/mummers-close-the-summer-with-the-annual-new-years-in-north-wildwood/article_2e0b2aa0-29f2-11ed-95f4-47d98f35e00b.html,7.085481042371077
min_k,nonmember,https://atlanticcityweekly.com/arts_and_entertainment/headliner-spotlight/article_d9f0a736-172e-11ed-8161-73005ae40156.html,7.202345762274532
min_k,nonmember,https://atlanticcityweekly.com/attheshore/nightlife/tidalwave-music-festival-brings-monsoon-of-country-music-to-a-c-beach-this-weekend/article_cc8697fa-1809-11ed-9bf7-b3dd59fd9080.html,6.619467512992777
min_k,nonmember,https://atlanticcityweekly.com/arts_and_entertainment/headliner-spotlight/article_f17ce35a-2f8a-11ed-af59-4741d5195105.html,6.754645369569277
min_k,nonmember,https://atlanticcityweekly.com/arts_and_entertainment/10-cool-things-to-discover-on-wildwood-boardwalk/article_3344f206-004b-11ed-9005-2390cc45c4b2.html,6.498382074664337
min_k,nonmember,https://atlanticcityweekly.com/attheshore/nightlife/5-great-spots-to-bar-hop-with-a-beverage-in-hand/article_9c2f775c-d54c-11ec-848f-9fc003c89049.html,7.9254612148110635
min_k,nonmember,https://atlanticcityweekly.com/arts_and_entertainment/john-cafferty-and-the-beaver-brown-band-to-perform-double-header-of-live-shows/article_b5642202-27a6-11ed-836d-b310ddc65c30.html,6.8178490241828
min_k,nonmember,https://atlanticcityweekly.com/attheshore/events/a-c-s-rock-fest-hosts-stacked-deck-of-bands-from-80s-to-present/article_48c3627e-e5f3-11ec-97e3-c7dcb6cc9662.html,7.039392389476435
min_k,nonmember,https://atlanticcityweekly.com/arts_and_entertainment/things-to-do-for-all-of-you/article_e4434a5e-253e-11ed-8f2c-574bc19c39a1.html,7.147769493843192
min_k,nonmember,https://atlanticcityweekly.com/arts_and_entertainment/art-music-and-wellness-celebrated-for-a-good-cause/article_f344d966-e662-11ec-a1b7-efa9ed3f5979.html,7.147482868224856
min_k,nonmember,https://atlanticcityweekly.com/attheshore/dining/burger-bash-chefs-bring-their-a-game-to-the-nugget-at-burger-bash-v/article_50e251c6-daa5-11ec-92fd-efd21528c340.html,7.530025678138211
min_k,nonmember,https://atlanticcityweekly.com/attheshore/dining/just-in-time-for-higher-temperatures-your-guide-to-summer-sippers/article_19d84b72-ea9f-11ec-86be-0b5fc0f7989a.html,7.0799399968031995
min_k,nonmember,https://atlanticcityweekly.com/celeb-chef-returns-to-a-c-with-fast-casual-burger-concept/article_390335b8-c720-11ec-9d45-7f6f1d51a9c1.html,7.38462906393386
min_k,nonmember,https://atlanticcityweekly.com/attheshore/nightlife/5-reasons-to-check-out-bally-s-new-carousel-bar/article_ab7b524a-dc49-11ec-ae2b-476eee9f9a39.html,7.4184068034154285
min_k,nonmember,https://atlanticcityweekly.com/attheshore/nightlife/5-places-that-are-back-in-full-swing-for-the-summer/article_e01cca6a-d857-11ec-8c93-7376318e2ae8.html,7.343091353021487
min_k,nonmember,https://atlanticcityweekly.com/attheshore/dining/south-jersey-prepares-for-burger-bash-v/article_f059c2f8-ba6a-11ec-86cc-0feeadbf5b22.html,8.036013165035763
min_k,nonmember,https://atlanticcityweekly.com/arts_and_entertainment/5-things-to-know-about-the-pool-at-harrahs/article_104f1b66-29fc-11ed-9f19-e35d1ff1ec5e.html,7.526795413277366
min_k,nonmember,https://atlanticcityweekly.com/arts_and_entertainment/summer-s-unofficial-kickoff-is-a-weekend-worth-celebrating-in-south-jersey/article_ff365b40-db6e-11ec-8e7c-579040121510.html,7.287442550978847
min_k,nonmember,https://atlanticcityweekly.com/attheshore/nightlife/4-spots-to-pre-and-post-game-for-tidal-wave-festival/article_30a84ea0-17fa-11ed-902a-87cb86b85156.html,7.109322580924401
min_k,nonmember,https://atlanticcityweekly.com/060922-acw-acwcoverphotos/article_6d0dbac6-e67f-11ec-8c08-33ca211193ad.html,10.31957276417659
min_k,nonmember,https://atlanticcityweekly.com/arts_and_entertainment/chili-knockout-spicy-food-fest-brings-the-burn-to-a-c/article_9c13a1e2-d5f3-11ec-97ae-ff9ff3d2735f.html,7.384466344947057
min_k,nonmember,https://atlanticcityweekly.com/serindipity3-brings-over-the-top-desserts-bites-drinks-and-celebrations-to-ocean-casino/article_c242df36-06d1-11ed-bd3a-d3243d1d9689.html,8.043341362398435
min_k,nonmember,https://atlanticcityweekly.com/arts_and_entertainment/a-full-lineup-of-new-bars-restaurants-and-gaming-concepts-are-headed-to-trop-this/article_95d249a2-bc06-11ec-a002-1f427fc39c74.html,7.839105186639009
min_k,nonmember,https://atlanticcityweekly.com/attheshore/dining/two-seafood-buffets-bring-all-you-can-eat-options-to-family-fun-locations/article_1a52f9ec-f703-11ec-923f-f3b3c4c74a30.html,7.686126322216458
min_k,nonmember,https://atlanticcityweekly.com/arts_and_entertainment/tito-puente-jr-brings-the-spirit-of-his-father-s-music-to-somers-point/article_d6312a58-dd22-11ec-81b2-2b7c78c6a543.html,6.655501537413394
min_k,nonmember,https://atlanticcityweekly.com/attheshore/dining/ossu-japanese-tavern-the-latest-hit-in-trop-s-dining-re-imaginings/article_a4a4e780-2305-11ed-b86b-f7fbed36d9d7.html,8.067850022845798
min_k,nonmember,https://atlanticcityweekly.com/exit-zero-jazz-festival-celebrates-10th-anniversary-with-stellar-lineup/article_79ca0898-d07f-11ec-b72d-57b4112654bd.html,7.468830433546328
min_k,nonmember,https://atlanticcityweekly.com/arts_and_entertainment/the-genesis-show-brings-the-duke-tour-to-levoy-theatre/article_6e6de534-2a1e-11ed-b675-278865971c33.html,7.21863046852318
min_k,nonmember,https://atlanticcityweekly.com/arts_and_entertainment/headliner-spotlight/article_25b9e83e-dd15-11ec-ba1c-5f176eaaf51b.html,6.775840127113195
min_k,nonmember,https://atlanticcityweekly.com/attheshore/dining/spring-is-here-but-there-are-no-rules-when-you-can-enjoy-any-type-of/article_da4ae6c0-d52e-11ec-8532-8b32fcab291c.html,7.34600090627317
min_k,nonmember,https://atlanticcityweekly.com/attheshore/events/the-right-notes-2022-honoring-jayne-bray/article_604c316a-1d65-11ed-9d98-ef6a3661c516.html,6.953982652344319
min_k,nonmember,https://atlanticcityweekly.com/attheshore/dining/sundaes-in-the-summer-at-drip-n-scoop/article_d5b56380-0f5b-11ed-9534-37f0085acc21.html,7.6349146602959035
min_k,nonmember,https://atlanticcityweekly.com/arts_and_entertainment/local-winery-hosts-country-music-festival-for-holiday-weekend/article_f357144e-f6e5-11ec-aede-cb28e179b739.html,7.870164306267448
min_k,nonmember,https://atlanticcityweekly.com/arts_and_entertainment/headliner-spotlight/article_fcf61e50-0c2f-11ed-a30c-f31e9f370d76.html,6.921955670135609
min_k,nonmember,https://atlanticcityweekly.com/arts_and_entertainment/headliner-spotlight/article_aa4f44a2-ea9b-11ec-bd17-3bf49578de70.html,6.979695395187095
min_k,nonmember,https://atlanticcityweekly.com/attheshore/dining/from-crepes-to-quiche-asbury-kitchen-worth-checking-out/article_e6bfe950-01ed-11ed-9754-b33e90dc2edf.html,7.325416964263164
min_k,nonmember,https://atlanticcityweekly.com/attheshore/nightlife/crowd-size-day-of-the-week-all-the-same-for-slot-payouts/article_b05a8848-3294-11ed-b2a2-67c0a45d43e8.html,8.17167262847607
min_k,nonmember,https://atlanticcityweekly.com/attheshore/dining/appy-hour-at-izzy-s-river-landing/article_fa90d9fa-e5ad-11ec-99d3-8b9f1c60ab4b.html,7.481628038528117
min_k,nonmember,https://atlanticcityweekly.com/arts_and_entertainment/legendary-comic-steven-wright-returns-to-a-c/article_7c1ef9f8-d603-11ec-aaae-4fb2b586c540.html,6.697701685661376
min_k,nonmember,https://atlanticcityweekly.com/attheshore/dining/appy-hour-at-laguna-grill-and-rum-bar/article_8694fefc-0ced-11ed-be23-7f78a7ad05c4.html,7.46969277839961
min_k,nonmember,https://atlanticcityweekly.com/attheshore/dining/manco-manco-opens-a-location-at-citizens-bank-park/article_73a4fae4-b433-11ec-a89b-7bc23b90aae1.html,6.561659472329276
min_k,nonmember,https://atlanticcityweekly.com/attheshore/dining/all-kinds-of-competition-are-set-to-go-down-at-burger-bash-v/article_024d63e2-e668-11ec-8c05-33a7aeb8c7e5.html,7.445183395517283
min_k,nonmember,https://atlanticcityweekly.com/arts_and_entertainment/headliner-spotlight/article_589ce962-0f4d-11ed-960a-875dd7e7bf05.html,7.0497479093670234
min_k,nonmember,https://atlanticcityweekly.com/arts_and_entertainment/concert-review-the-black-crowes-tear-it-up-at-their-saturday-night-rock-n-roll/article_f150728e-fae2-11ec-9d5c-13f4f22ac4f4.html,7.726380959721922
min_k,nonmember,https://atlanticcityweekly.com/attheshore/headliners/headliner-spotlight/article_cbb08398-cf95-11ec-b3d9-1bac664d3da8.html,6.879030364309857
min_k,nonmember,https://atlanticcityweekly.com/attheshore/dining/sundaes-in-the-summer-at-royale-crown/article_9b039e3a-0693-11ed-a8ea-4f475c83bf28.html,7.651803418464467
min_k,nonmember,https://atlanticcityweekly.com/attheshore/dining/manco-manco-opens-a-location-at-citizen-bank-park/article_73a4fae4-b433-11ec-a89b-7bc23b90aae1.html,8.709899255207606
min_k,nonmember,https://atlanticcityweekly.com/attheshore/dining/foodie-friendly-charity-events-come-to-south-jersey-this-week/article_18717df6-c57b-11ec-beb7-37e9a27b9977.html,6.460628175217172
min_k,nonmember,https://atlanticcityweekly.com/attheshore/events/a-c-s-rock-fest-hosts-stacked-deck-of-bands-from-80s-to-present/article_33cf1976-e670-11ec-b19e-cfa8af8d150b.html,7.039392389476435
min_k,nonmember,https://atlanticcityweekly.com/attheshore/dining/on-a-roll-at-vic-s-subs/article_77674ad4-b9be-11ec-9989-9fc754b73f73.html,7.259169216716991
min_k,nonmember,https://atlanticcityweekly.com/attheshore/dining/appy-hour-at-buckets-margarita-bar-cantina/article_82e07804-f7b7-11ec-97a4-d7977ffabcbc.html,7.131205256215207
min_k,nonmember,https://atlanticcityweekly.com/arts_and_entertainment/a-weekend-full-of-firefighting-fun/article_5e519ab0-2f91-11ed-85a4-0f90314c111d.html,6.71530086402125
min_k,nonmember,https://atlanticcityweekly.com/attheshore/dining/our-picks-for-where-to-wine-and-dine-mom-this-mother-s-day/article_3aabea8c-caf3-11ec-8321-4347195e5772.html,7.29895529992627
min_k,nonmember,https://atlanticcityweekly.com/attheshore/dining/exit-zero-transforms-cape-may-s-ferry-park-into-a-destination-of-its-own/article_157671c4-d5fc-11ec-a0b8-577a3f86b352.html,7.413655868147741
min_k,nonmember,https://atlanticcityweekly.com/attheshore/events/3-places-to-grab-a-drink-and-watch-the-atlantic-city-airshow/article_6e32b418-1d72-11ed-bc12-93c14905474f.html,7.352682181767055
min_k,nonmember,https://atlanticcityweekly.com/attheshore/dining/andy-s-pizza-in-hammonton-is-buzzing-with-breakfast-brilliance/article_c8935cd0-c4c3-11ec-b8d2-c7357ffc7406.html,7.022113466621342
min_k,nonmember,https://atlanticcityweekly.com/attheshore/events/a-c-hosts-free-concerts-on-the-boardwalk-each-week-through-the-summer/article_a8636d5c-11b1-11ed-b46c-a330bbd45646.html,7.439092146325435
min_k,nonmember,https://atlanticcityweekly.com/arts_and_entertainment/jersey-legend-southside-johnny-enjoying-being-back-on-road-again/article_41fd3996-d532-11ec-a1f2-23a01a7a06b0.html,6.787128871533929
min_k,nonmember,https://atlanticcityweekly.com/blogs/casino_answer_man/cards-in-hand-have-impact-on-possibilities-for-draw/article_7e60a106-279a-11ed-bd8c-d7b304d0621a.html,7.85836741521761
min_k,nonmember,https://atlanticcityweekly.com/attheshore/events/5-places-to-hang-out-before-and-after-barefoot-music-fest-in-wildwoods/article_eba730f6-eb3e-11ec-94d0-4b237bc8099a.html,7.318915721938366
min_k,nonmember,https://atlanticcityweekly.com/blogs/gaming_guru/millions-of-hands-played-few-never-to-be-forgotten/article_e543836e-1711-11ed-bf36-e3ec9f19b5b9.html,8.070622654618887
min_k,nonmember,https://atlanticcityweekly.com/arts_and_entertainment/skato-with-kato-briefing/article_cd1d9382-e12a-11ec-ab7d-1f996f6c6c4d.html,7.520554981979669
min_k,nonmember,https://atlanticcityweekly.com/attheshore/dining/building-the-perfect-labor-day-weekend/article_48f8d450-24a9-11ed-af6c-c32f9ee5e88f.html,7.608157603919101
min_k,nonmember,https://atlanticcityweekly.com/arts_and_entertainment/5-albums-to-play-before-summer-ends/article_1d614c2c-281f-11ed-ad42-0f92d2ee8cb4.html,7.31129329435287
min_k,nonmember,https://atlanticcityweekly.com/attheshore/dining/on-a-roll-at-the-cheese-board/article_3b455716-b415-11ec-9f7e-e7f83196c882.html,7.443293565239003
min_k,nonmember,https://atlanticcityweekly.com/arts_and_entertainment/masters-of-illusion-brings-mind-bending-magic-mayhem-and-macabre-to-harrah-s/article_be92a904-f185-11ec-91fa-93917aee798b.html,6.991094937629572
min_k,nonmember,https://atlanticcityweekly.com/arts_and_entertainment/scaggs-brings-influential-trilogy-to-ocean-casino/article_b026bc54-0f4c-11ed-8de7-4b43cefbde9d.html,7.118962674377263
min_k,nonmember,https://atlanticcityweekly.com/arts_and_entertainment/melissa-manchester-brings-hits-to-benefit-south-jersey-arts/article_466d27fc-11d2-11ed-b952-ef7216fce5cf.html,7.121360638706954
min_k,nonmember,https://atlanticcityweekly.com/attheshore/dining/on-a-roll-at-the-anchorage-tavern-in-somers-point/article_77775516-c27c-11ec-a433-b32d86fbf139.html,7.545900992858104
min_k,nonmember,https://atlanticcityweekly.com/attheshore/nightlife/5-places-to-dance-through-the-night/article_a81f8cb4-24a7-11ed-b5c4-879548f61a38.html,7.9172826441462165
min_k,nonmember,https://atlanticcityweekly.com/arts_and_entertainment/north-wildwood-s-annual-festival-celebrating-live-blues-and-bbq-prepares-to-sizzle/article_79f48678-f95f-11ec-b70c-23f5571d3ed7.html,7.220335097912231
min_k,nonmember,https://atlanticcityweekly.com/attheshore/dining/don-t-behave-like-a-bunch-of-asses-make-sure-to-grab-your-burger-bash/article_7bc3ec16-cfc8-11ec-b4b3-97daa69de175.html,7.5065431496868396
min_k,nonmember,https://atlanticcityweekly.com/after-a-bit-of-downtime-burlesque-show-returns-to-borgata-with-a-bang/article_c3de8278-d071-11ec-be94-87f487e52057.html,6.513245713790791
min_k,nonmember,https://atlanticcityweekly.com/food_and_drink/few-spots-left-for-late-night-dining-in-atlantic-city/article_d30ca9d0-1d80-11ed-a0db-b79e22601e38.html,7.595918291904887
min_k,nonmember,https://atlanticcityweekly.com/arts_and_entertainment/jazz-society-hosts-jazzy-warm-up-act-for-return-of-somers-point-s-biggest-fest/article_98a22448-bf64-11ec-bd5c-934a3d378c6e.html,6.609841995461043
min_k,nonmember,https://atlanticcityweekly.com/just_for_fun/stockton-s-walking-tours-return-to-showcase-a-c-s-rich-history/article_815dbe86-f962-11ec-8a5d-d7b7a687aa3d.html,7.102435955634484
min_k,nonmember,https://atlanticcityweekly.com/arts_and_entertainment/headliner-spotlight/article_4f613ad6-2539-11ed-b6fb-bbad2fc3e492.html,7.074891019010258
min_k,nonmember,https://atlanticcityweekly.com/arts_and_entertainment/south-jersey-is-hopping-with-holiday-events/article_b27181f2-b9a1-11ec-bad4-a712d3d7851a.html,7.3114920970721125
min_k,nonmember,https://atlanticcityweekly.com/attheshore/nightlife/how-increased-tax-form-trigger-would-affect-big-slot-winners/article_7406dd5e-0118-11ed-9597-7fb9b7ff4ed0.html,7.920444782425022
min_k,nonmember,https://atlanticcityweekly.com/arts_and_entertainment/smithville-village-s-mayfest-means-another-weekend-of-fabulous-family-fun/article_13bcb0b6-d073-11ec-a0a9-2f8a6ba00476.html,6.9874609164569685
min_k,nonmember,https://atlanticcityweekly.com/arts_and_entertainment/things-to-do-for-all-of-you/article_ae169994-e5b6-11ec-b9b5-2febcb289f1d.html,7.431162535865296
min_k,nonmember,https://atlanticcityweekly.com/arts_and_entertainment/phanatic-and-special-guests-to-visit-ocean-city-boardwalk-for-phillies-day-at-manco-manco/article_73cd4d64-eccd-11ec-acf9-5fc677e77d31.html,7.217730846405029
min_k,nonmember,https://atlanticcityweekly.com/5-wineries-to-visit-in-the-area-and-what-makes-them-so-special/article_0d567418-0c10-11ed-ad9c-33f405e1130a.html,7.141980064072798
min_k,nonmember,https://atlanticcityweekly.com/ats-cover-pics-42122/article_642b71ba-bf64-11ec-8269-a73d00580020.html,9.236614933013916
min_k,nonmember,https://atlanticcityweekly.com/attheshore/dining/the-chicken-sandwich-wars-rage-on-picking-the-top-bird-in-a-fast-food-face/article_ebf74e30-287c-11ed-8ec0-6b410caf185a.html,7.387357548710138
min_k,nonmember,https://atlanticcityweekly.com/attheshore/dining/5-reasons-to-check-out-bally-s-locally-loved-week/article_92adffda-b9bf-11ec-8b4e-cbb2ab99103f.html,8.274189944640831
min_k,nonmember,https://atlanticcityweekly.com/blogs/casino_answer_man/player-yearns-for-charlies-after-push-on-low-card-run/article_f086b05a-c3df-11ec-8992-cb2f82f753b3.html,7.8179948800688335
min_k,nonmember,https://atlanticcityweekly.com/ossu-japanese-tavern-the-latest-hit-in-trop-s-dining-re-imaginings/article_7b69408a-2311-11ed-bf76-e7ce6912d77f.html,7.976323345930374
min_k,nonmember,https://atlanticcityweekly.com/attheshore/nightlife/can-you-own-your-own-slot-machine-rules-depend-on-your-home-state/article_6aeaeb78-e595-11ec-862f-0f3f1283a5b3.html,7.984488460421562
min_k,nonmember,https://atlanticcityweekly.com/arts_and_entertainment/5-questions-with-kenny-wayne-shepherd/article_00722c30-1d6b-11ed-8db7-8fed48dfef86.html,6.251722992994846
min_k,nonmember,https://atlanticcityweekly.com/attheshore/dining/a-q-a-with-chef-bob-hettmannsperger-of-essl-s-dugout/article_ae69b5c0-29fe-11ed-a990-b3d4c8745473.html,6.504954579417691
min_k,nonmember,https://atlanticcityweekly.com/attheshore/nightlife/blackjack-bob-gives-thumbs-up-to-zappit-as-change-of-pace-game/article_6331b29a-0c14-11ed-9a5b-8f193fdf89de.html,7.889345414376672
min_k,nonmember,https://atlanticcityweekly.com/arts_and_entertainment/all-you-need-to-know-about-ocean-s-draft-day-party/article_fc25aea2-c4bb-11ec-aadb-872a80550e92.html,7.82789013562379
min_k,nonmember,https://atlanticcityweekly.com/arts_and_entertainment/iconic-director-john-waters-brings-one-man-show-to-a-c/article_2bd684a2-bf33-11ec-a0ee-8baf97f08373.html,7.151534227813993
min_k,nonmember,https://atlanticcityweekly.com/arts_and_entertainment/after-a-bit-of-downtime-burlesque-show-returns-to-borgata-with-a-bang/article_3c0365e6-cf93-11ec-9224-0f2e5d59fbe9.html,6.513245713790791
min_k,nonmember,https://atlanticcityweekly.com/attheshore/nightlife/weekly-horoscopes/article_5d46207e-0c27-11ed-b9ee-2f15b9ca8857.html,6.817408470880418
min_k,nonmember,https://atlanticcityweekly.com/arts_and_entertainment/headliner-spotlight/article_3afa4f60-c27e-11ec-b1f4-a3f8f9e8d0e8.html,6.882224723336777
min_k,nonmember,https://atlanticcityweekly.com/attheshore/dining/on-a-roll-at-sack-o-subs/article_4cb4c374-d530-11ec-9ead-671ddc51a979.html,7.176521798214281
min_k,nonmember,https://atlanticcityweekly.com/attheshore/dining/serindipity3-brings-over-the-top-desserts-bites-drinks-and-celebrations-to-ocean-casino/article_8a7359ba-06bc-11ed-b98e-c328deb3af2e.html,7.892594483465635
min_k,nonmember,https://atlanticcityweekly.com/attheshore/nightlife/table-game-jackpot-odds-vary-with-number-of-decks/article_cdd61a1c-ca0d-11ec-a3ec-cb06dd7d0a56.html,7.668019189110285
min_k,nonmember,https://atlanticcityweekly.com/weekly-horoscopes/article_e2effe24-b46c-11ec-9f20-4bc684f93741.html,6.561924480256581
min_k,nonmember,https://atlanticcityweekly.com/attheshore/dining/cape-may-s-taco-caballito-shines-bright-under-youthful-new-owners/article_f5c9dfae-ddbd-11ec-ae69-6f7ec70da37a.html,7.041051710013187
min_k,nonmember,https://atlanticcityweekly.com/attheshore/nightlife/5-places-to-grab-a-hot-dog-and-a-beer/article_8480b660-004a-11ed-a89b-4b1be25b1460.html,7.513349515124844
min_k,nonmember,https://atlanticcityweekly.com/arts_and_entertainment/headliner-spotlight/article_abe4b70e-ef3a-11ec-a5e0-8f37627ae22f.html,7.060629968630915
min_k,nonmember,https://atlanticcityweekly.com/attheshore/dining/sundaes-in-the-summer-at-juli-s-pink-ice-cream/article_ec9cfb2a-2fa0-11ed-8a0c-3b1069c99b29.html,7.4130972829358335
min_k,nonmember,https://atlanticcityweekly.com/attheshore/dining/burger-bash-v-returns-to-the-nugget/article_aaba2af2-c268-11ec-965b-0f8c63cf301d.html,7.922157217906071
min_k,nonmember,https://atlanticcityweekly.com/arts_and_entertainment/headliner-spotlight/article_0f4bec20-bd0b-11ec-b4c6-a731583a4d92.html,6.5264097605923785
min_k,nonmember,https://atlanticcityweekly.com/attheshore/dining/ain-t-no-cure-but-the-summertime-brews/article_fe207d9a-f95e-11ec-8919-37bb230ee72e.html,8.776761869466082
min_k,nonmember,https://atlanticcityweekly.com/arts_and_entertainment/5-questions-with-stephen-pearcy-the-voice-of-ratt/article_08cadc6a-e73d-11ec-ac95-ab0868cf1084.html,7.319422558172425
min_k,nonmember,https://atlanticcityweekly.com/arts_and_entertainment/ocean-casino-hosts-a-night-celebrating-the-chairman-of-the-board/article_fec0f628-2288-11ed-9ee8-bb5a6341d8c3.html,6.678299404819559
min_k,nonmember,https://atlanticcityweekly.com/arts_and_entertainment/things-to-do-for-all-of-you/article_6840bbda-b9b9-11ec-bb54-537b52472319.html,7.456947962836463
min_k,nonmember,https://atlanticcityweekly.com/attheshore/nightlife/5-reasons-to-check-out-classic-rewind-weekend-at-showboat/article_d7a535c2-f0ba-11ec-8a23-ffce935db711.html,7.409847311729933
min_k,nonmember,https://atlanticcityweekly.com/arts_and_entertainment/things-to-do-for-all-of-you/article_813e288e-0c43-11ed-bdda-139c52738ac7.html,7.531502642342752
min_k,nonmember,https://atlanticcityweekly.com/arts_and_entertainment/somers-point-s-biggest-festival-rises-again-as-bayfest-returns-for-2022/article_98afea96-c4c4-11ec-80b8-57ec3b1efe8e.html,6.0825142550778075
min_k,nonmember,https://atlanticcityweekly.com/arts_and_entertainment/a-c-beer-music-fest-returns-to-bader-field-for-another-year-in-the-sun/article_f0581b2c-e0e1-11ec-bd7b-73bc9dff5623.html,7.626918157385714
min_k,nonmember,https://atlanticcityweekly.com/sponsored/north-beach-atlantic-city-fireworks-celebration-set-for-july-1/article_0003cb8e-ebff-11ec-bc67-dfcb4a2b74e6.html,7.357597216581687
zlib,member,https://atlanticcityweekly.com/weather/weather-small-coastal-storm-to-bring-rain-some-wind-into-wednesday/article_934982b8-b43b-11ec-a607-1f21f73c5828.html,0.0018326061901614104
zlib,member,https://atlanticcityweekly.com/arts_and_entertainment/things-to-do-for-all-of-you/article_189384be-f96a-11ec-a828-9f0bba8b8de5.html,0.00038577300236052395
zlib,member,https://atlanticcityweekly.com/arts_and_entertainment/10-things-to-do-on-the-ocean-city-boardwalk/article_3e9bb56e-0c48-11ed-90d3-7bbff19becd1.html,0.0008391463276286027
zlib,member,https://atlanticcityweekly.com/arts_and_entertainment/headliner-spotlight/article_c2f5ade6-ca36-11ec-8c92-93fd0227696b.html,0.00021056621018694625
zlib,member,https://atlanticcityweekly.com/arts_and_entertainment/rock-and-roll-hall-of-famers-celebrate-six-decades-at-borgata/article_6e66d7b6-bd0a-11ec-94bb-7f7ae869482d.html,0.0009905630127944398
zlib,member,https://atlanticcityweekly.com/attheshore/nightlife/roulette-pivot-point-cant-guarantee-riches/article_0289135e-f92f-11ec-bed3-778c741a408c.html,0.0023740502554565395
zlib,member,https://atlanticcityweekly.com/attheshore/dining/a-c-weekly-to-celebrate-mankind-s-greatest-dish-at-burger-bash-v/article_48e2f00e-dc47-11ec-a6fd-d381d8364dec.html,0.0018788407933957093
zlib,member,https://atlanticcityweekly.com/attheshore/dining/the-grills-were-alive-at-burger-bash-v/article_0c9b1dee-f162-11ec-9bc1-f39bd220dc93.html,0.00249499929290694
zlib,member,https://atlanticcityweekly.com/attheshore/dining/on-a-roll-at-taco-caballito-tequileria/article_21c217f2-cf95-11ec-ab12-6731e831409c.html,0.0015349855315775522
zlib,member,https://atlanticcityweekly.com/arts_and_entertainment/ann-wilson-flies-solo-as-her-tour-rolls-into-atlantic-city/article_14c1a234-0c08-11ed-9fff-c7f592684e9b.html,0.0011617426581435578
zlib,member,https://atlanticcityweekly.com/attheshore/nightlife/bigger-bets-for-better-rules-can-damage-your-bankroll/article_6c153fb4-dabc-11ec-a08a-5b093cf8f755.html,0.0022169017770668057
zlib,member,https://atlanticcityweekly.com/attheshore/dining/sundaes-in-the-summer-at-the-sunryser/article_cdc05c04-1e5e-11ed-a7d8-a76cfb06641f.html,0.0017124267846333418
zlib,member,https://atlanticcityweekly.com/attheshore/dining/sundaes-in-the-summer-at-skipper-dipper/article_5bdc44ce-fed1-11ec-ab08-fb71cc365a71.html,0.0014525135618787754
zlib,member,https://atlanticcityweekly.com/arts_and_entertainment/things-to-do-for-all-of-you/article_114b38c0-ddc0-11ec-ad79-eb5faa6475f9.html,0.00045484795263070905
zlib,member,https://atlanticcityweekly.com/attheshore/events/hellzapoppin-circus-sideshow-comes-to-a-c-for-a-night-of-shock-and-awe/article_a643364e-ca33-11ec-80b1-93e89928b733.html,0.0011338295100032057
zlib,member,https://atlanticcityweekly.com/8-day-nj-heat-wave-was-longest-since-2018-longest-96f-stretch-on-record/article_970de9e2-0d42-11ed-80fd-97c61d43c14d.html,0.0017322607915493456
zlib,member,https://atlanticcityweekly.com/attheshore/dining/tracking-down-south-jersey-s-best-dining-options-for-easter-grub/article_11018572-ba70-11ec-b4d5-a3cc04cea4d3.html,0.00040526067630542297
zlib,member,https://atlanticcityweekly.com/arts_and_entertainment/things-to-do-for-all-of-you/article_9c952368-2254-11ed-8d27-37d592bdb826.html,0.0003977262877370271
zlib,member,https://atlanticcityweekly.com/arts_and_entertainment/things-to-do-for-all-of-you/article_ef3230f6-3038-11ed-b56d-7be485f0a9ae.html,0.0006383993239136177
zlib,member,https://atlanticcityweekly.com/arts_and_entertainment/things-to-do-for-all-of-you/article_1b527e2a-11b7-11ed-bead-df88e3124d14.html,0.00026485888443647065
zlib,member,https://atlanticcityweekly.com/attheshore/dining/crossroads-bar-grill-scores-big-with-wild-twists-on-american-bar-food/article_a9e69f82-0cf2-11ed-a2d7-d30a906d7a31.html,0.0011373236879042973
zlib,member,https://atlanticcityweekly.com/arts_and_entertainment/things-to-do-for-all-of-you/article_2fb8427a-d524-11ec-9520-f3985c59c91f.html,0.000409380253370372
zlib,member,https://atlanticcityweekly.com/arts_and_entertainment/5-questions-with-magician-trickster-michael-carbonaro/article_8c4c5a12-ca5c-11ec-8e49-0b3a72d4e9fe.html,0.001180537673218671
zlib,member,https://atlanticcityweekly.com/arts_and_entertainment/headliner-spotlight/article_09651faa-2a0e-11ed-aadd-b33710b1193d.html,0.0004177185055779633
zlib,member,https://atlanticcityweekly.com/attheshore/dining/famed-philly-chef-teams-with-cookie-till-for-week-long-presence-charitable-event/article_22bdc036-1278-11ed-97e7-fba03a2e2c4b.html,0.000917411693755977
zlib,member,https://atlanticcityweekly.com/attheshore/nightlife/5-great-spots-to-get-a-beer-for-national-beer-day/article_47251b5a-b412-11ec-95b5-d32af5350346.html,0.0013524367016420967
zlib,member,https://atlanticcityweekly.com/arts_and_entertainment/absecon-lighthouse-welcomes-all-to-its-annual-spring-festival/article_a0df388a-caef-11ec-80e6-27c920639258.html,0.0014077438360769333
zlib,member,https://atlanticcityweekly.com/attheshore/events/42nd-national-sports-collectors-convention-returns-to-a-c/article_19381bdc-0464-11ed-999f-935db2616c44.html,0.0010830999628933247
zlib,member,https://atlanticcityweekly.com/arts_and_entertainment/ocean-casino-steps-up-its-fantasy-football-game-at-topgolf/article_2f118b7c-2882-11ed-95ab-0f441b7dc513.html,0.0059126472184592715
zlib,member,https://atlanticcityweekly.com/attheshore/nightlife/tidalwave-music-festival-brings-monsoon-of-country-music-to-a-c-beach-this-weekend/article_9dcbe94a-1801-11ed-9c0b-cb7d55629015.html,0.0009325262132235617
zlib,member,https://atlanticcityweekly.com/attheshore/dining/5-spots-to-celebrate-the-return-of-baseball/article_9152d674-bf5a-11ec-b969-6bb67b868857.html,0.0011953274192858365
zlib,member,https://atlanticcityweekly.com/nightlife/5-reasons-to-check-out-moe-s-pop-up-bar-in-wildwood/article_47f7ead4-0391-11ed-b72c-97fd2252d53f.html,0.0017427054054638127
zlib,member,https://atlanticcityweekly.com/attheshore/nightlife/blackjack-has-34-starting-hands-or-more-if-composition-matters/article_cee86d6e-0690-11ed-954d-13c3878f1324.html,0.002255574982059715
zlib,member,https://atlanticcityweekly.com/arts_and_entertainment/reversible-royals-bring-larger-but-rarer-jackpots/article_dfab461a-f085-11ec-ba5e-77745a051447.html,0.0023326835396824605
zlib,member,https://atlanticcityweekly.com/attheshore/nightlife/5-spots-to-enjoy-before-the-summer-crowds-come/article_7f84e2e8-cf95-11ec-afd1-83ec7974c926.html,0.001225079536574319
zlib,member,https://atlanticcityweekly.com/attheshore/dining/5-reasons-to-go-to-tequila-week-at-bally-s/article_c6f44400-f968-11ec-93d2-e7004dc812c1.html,0.0012448574203742329
zlib,member,https://atlanticcityweekly.com/arts_and_entertainment/barefoot-country-music-fest-returns-to-wildwood-beach/article_1b04c982-ebe7-11ec-abbc-f7850f2c0b5a.html,0.0006518216619864042
zlib,member,https://atlanticcityweekly.com/arts_and_entertainment/tropicana-s-boogie-nights-celebrates-10-years-of-partying-like-its-1999/article_f9f10f08-c571-11ec-bdab-0fa1df62cb5f.html,0.000887590520914
zlib,member,https://atlanticcityweekly.com/attheshore/events/a-c-beach-hosts-three-nights-of-the-world-s-biggest-jam-band/article_a460565e-11b9-11ed-beed-473535620265.html,0.0009530741124742407
zlib,member,https://atlanticcityweekly.com/attheshore/dining/3-great-bars-to-watch-week-1-of-the-nfl/article_45b31d5e-2df1-11ed-84b4-d7e7b2d0631e.html,0.0018412865775726415
zlib,member,https://atlanticcityweekly.com/sponsored/give-the-gift-of-life---a-kidney-for-avram/article_96636352-ec1b-11ec-afad-af2b631451b1.html,0.0010782035319895043
zlib,member,https://atlanticcityweekly.com/blogs/casino_answer_man/players-find-up-and-down-sides-of-streaks-at-craps-and-roulette/article_838b4b5a-e059-11ec-8a46-53177fa68b4e.html,0.002147023492627207
zlib,member,https://atlanticcityweekly.com/blogs/casino_answer_man/vplayers-find-up-and-down-sides-of-streaks-at-craps-and-roulette/article_838b4b5a-e059-11ec-8a46-53177fa68b4e.html,0.002147023492627207
zlib,member,https://atlanticcityweekly.com/arts_and_entertainment/things-to-do-for-all-of-you/article_b299de10-2a24-11ed-98e2-a314b2c540a8.html,0.0009644973249225047
zlib,member,https://atlanticcityweekly.com/arts_and_entertainment/drummer-shows-artistic-side-at-hard-rock-performs-with-lynyrd-skynyrd-at-ocean-casino/article_a00fd08a-fc82-11ec-be86-9f1b4a6d113b.html,0.0009017869089469379
zlib,member,https://atlanticcityweekly.com/arts_and_entertainment/fireworks-around-south-jersey-and-independence-day-events/article_5b119ff0-f6dc-11ec-af44-d7963461b70d.html,0.0005767159985046615
zlib,member,https://atlanticcityweekly.com/arts_and_entertainment/things-to-do-for-all-of-you/article_a0a56db0-1ccc-11ed-8cff-dbe0f63cef13.html,0.0004521886828635985
zlib,member,https://atlanticcityweekly.com/attheshore/dining/10-great-spots-to-bring-your-pop-on-father-s-day/article_d0d06be8-eb30-11ec-bb9d-cb3720af2358.html,0.0006542299507562171
zlib,member,https://atlanticcityweekly.com/ats-cover-6-16-22/article_47ecd3f6-ebdb-11ec-9763-7b01cf4822b8.html,0.017165463375794228
zlib,member,https://atlanticcityweekly.com/attheshore/dining/ocean-casino-s-makai-brings-island-flavors-to-atlantic-city/article_255d15da-2e02-11ed-9585-8bf51c151278.html,0.0014106727293368409
zlib,member,https://atlanticcityweekly.com/attheshore/dining/newly-opened-moonshiners-bar-and-grill-in-mays-landing-is-here-to-stay/article_2e4d63c6-db7c-11ec-b02c-3719ce31f867.html,0.000852426834281661
zlib,member,https://atlanticcityweekly.com/attheshore/dining/girasole-celebrates-three-decades-of-inspired-italian-cuisine/article_82e5edbc-e668-11ec-a3a1-63550687ef73.html,0.0007441028441627625
zlib,member,https://atlanticcityweekly.com/arts_and_entertainment/new-comedy-concept-combines-hypnosis-and-improv-into-one-sidesplitting-good-time/article_557e1eec-e683-11ec-8553-e72891da63cc.html,0.0009367033518933982
zlib,member,https://atlanticcityweekly.com/attheshore/dining/appy-hour-at-the-point/article_bee5e010-daa6-11ec-98b7-2bb20e469a25.html,0.0012925223121735877
zlib,member,https://atlanticcityweekly.com/weather/weather-boom-or-bust-scenario-for-severe-weather-tuesday-comfy-weekend-ahead/article_0b8042c2-fb30-11ec-9bd4-674e9cbe3b3e.html,0.001850003340704744
zlib,member,https://atlanticcityweekly.com/the-chatterbox-in-ocean-city-roars-back-to-life-under-new-ownership/article_28b831ce-17eb-11ed-944c-43c5b498c53e.html,0.0008594597295270875
zlib,member,https://atlanticcityweekly.com/arts_and_entertainment/big-developments-define-summer-2022-for-ocean-casino/article_1e30aa5a-daac-11ec-86da-17c9830fabe5.html,0.000956146760136297
zlib,member,https://atlanticcityweekly.com/sponsored/north-beach-atlantic-city-fireworks-celebration-set-for-sept-4th/article_e9c2aaa4-287e-11ed-b794-c7ff847eabef.html,0.001825389084909656
zlib,member,https://atlanticcityweekly.com/arts_and_entertainment/things-to-do-for-all-of-you/article_7df7d468-daac-11ec-9c5a-83fc8d7b6c90.html,0.0004753342522572303
zlib,member,https://atlanticcityweekly.com/attheshore/dining/honor-thy-burger-at-burger-bash-v/article_58eb6e30-d531-11ec-ad42-274e02ab81b7.html,0.001953231862487002
zlib,member,https://atlanticcityweekly.com/attheshore/dining/trop-opens-brand-new-japanese-tavern-concept/article_3ef4d788-0f73-11ed-a85c-9725dbf88c32.html,0.00587469865584047
zlib,member,https://atlanticcityweekly.com/arts_and_entertainment/this-a-c-wrestling-tournament-is-a-real-game-changer/article_96b81e48-dd2e-11ec-92e0-1b7729b2d59c.html,0.0016442858692774906
zlib,member,https://atlanticcityweekly.com/attheshore/events/the-downbeach-seafood-festival-makes-for-a-shucking-fun-weekend-in-south-jersey/article_e53e5e38-3387-11ed-a473-3bec6d3fa639.html,0.0011685886018502317
zlib,member,https://atlanticcityweekly.com/arts_and_entertainment/5-great-bars-to-watch-the-fireworks-at-this-weekend/article_7098372e-f70b-11ec-86b1-5307ec4e44eb.html,0.0012910485508649408
zlib,member,https://atlanticcityweekly.com/arts_and_entertainment/things-to-do-for-all-of-you/article_323e1508-ca2d-11ec-83d5-0382e60f893c.html,0.0004768204297630407
zlib,member,https://atlanticcityweekly.com/attheshore/nightlife/despite-low-frequency-points-pass-wins-more-often-than-place/article_2d722ac0-2d31-11ed-b321-6745aafd829a.html,0.0023732074899875943
zlib,member,https://atlanticcityweekly.com/arts_and_entertainment/nj-horror-con-screams-its-way-back-to-showboat/article_9fcb8cee-b412-11ec-a51b-db469cb24955.html,0.0005362899806955622
zlib,member,https://atlanticcityweekly.com/arts_and_entertainment/wwe-sunday-stunner-returns-to-atlantic-city/article_a0f56120-17f0-11ed-9bb1-7ba84fe27d75.html,0.0016097619634948504
zlib,member,https://atlanticcityweekly.com/arts_and_entertainment/jurassic-quest-brings-dino-sized-fun-for-family-to-a-c/article_4b7500c4-11ca-11ed-83f2-0f4f37b56480.html,0.0012466273147844742
zlib,member,https://atlanticcityweekly.com/attheshore/nightlife/rakin-bacon-monopoly-cheat-edition-amp-up-entertainment-fun-at-slots/article_0bf2fa7a-ea68-11ec-9cd3-ff5b31a74dae.html,0.0022807221922739734
zlib,member,https://atlanticcityweekly.com/arts_and_entertainment/311-keep-creative-journey-flowing-as-fall-tour-heads-to-a-c/article_7eb82abe-3327-11ed-8649-47a2aa0a5e54.html,0.0009542448483413051
zlib,member,https://atlanticcityweekly.com/food_and_drink/5-things-to-know-about-the-vue-rooftop-bar-and-lounge/article_15038cb0-2ebf-11ed-aeab-2f70629e95a5.html,0.0020670740229682565
zlib,member,https://atlanticcityweekly.com/arts_and_entertainment/things-to-do-for-all-of-you/article_ab69b47a-c4ae-11ec-98ee-df4549e88bac.html,0.0003409745218353423
zlib,member,https://atlanticcityweekly.com/attheshore/dining/michael-s-summer-wine-picks/article_ce5a70f2-0462-11ed-b063-4f6cc561d1c4.html,0.0014786641706546362
zlib,member,https://atlanticcityweekly.com/arts_and_entertainment/things-to-do-for-all-of-you/article_0498ab48-172d-11ed-abcd-7376c5e93891.html,0.0002592163496718884
zlib,member,https://atlanticcityweekly.com/arts_and_entertainment/two-very-different-styles-of-circus-return-to-showboat/article_c2fb0fc4-01eb-11ed-8e78-4ff5a7de765e.html,0.0008813155726943507
zlib,member,https://atlanticcityweekly.com/attheshore/nightlife/four-card-poker-finds-expanded-niche-online/article_17c5c99c-2215-11ed-9f19-e7d8f92a75df.html,0.002131210914812283
zlib,member,https://atlanticcityweekly.com/acw-cover-photos/article_1ae199b6-e67f-11ec-b885-c391ff186d4a.html,0.004505132828493979
zlib,member,https://atlanticcityweekly.com/attheshore/nightlife/blackjack-bobs-right-plays-cant-overcome-wrong-cards/article_9f844d02-b8e0-11ec-b095-231ae46c9b11.html,0.002236214266803631
zlib,member,https://atlanticcityweekly.com/attheshore/nightlife/5-reasons-to-see-red-perform-at-golden-nugget-every-monday/article_cba1ffe2-0f5c-11ed-b949-77f44c55f97f.html,0.0012546024576384578
zlib,member,https://atlanticcityweekly.com/arts_and_entertainment/free-concert-with-the-singing-lifeguard/article_59cdccd8-ddf8-11ec-b9c3-7fb4967c24d5.html,0.0053116828732174895
zlib,member,https://atlanticcityweekly.com/attheshore/dining/on-a-roll-at-el-pueblo-taqueria/article_1653e25e-bf16-11ec-9f58-5be08602154a.html,0.0015839416794230928
zlib,member,https://atlanticcityweekly.com/arts_and_entertainment/things-to-do-for-all-of-you/article_323cbe4c-b420-11ec-af3f-3f302d736094.html,0.0003766047287367857
zlib,member,https://atlanticcityweekly.com/arts_and_entertainment/headliner-spotlight/article_3e523e88-feed-11ec-9e3f-bbea6c57599b.html,0.00034596831754498775
zlib,member,https://atlanticcityweekly.com/attheshore/headliners/ocean-casino-brings-in-a-new-kind-of-tribute-act-with-magical-mystery-doors/article_b594132a-0156-11ed-9a02-7bd2faf45444.html,0.0012045795151742688
zlib,member,https://atlanticcityweekly.com/arts_and_entertainment/o-c-pops-honor-famed-film-composer-with-star-wars-performance/article_e564f4de-01f1-11ed-b1f6-9784283e34b4.html,0.0010709535271358872
zlib,member,https://atlanticcityweekly.com/arts_and_entertainment/things-to-do-for-all-of-you/article_94170cfc-bf16-11ec-b021-8b293e50d88a.html,0.00041322092483748655
zlib,member,https://atlanticcityweekly.com/attheshore/nightlife/weekly-horoscopes/article_dd621a62-2214-11ed-8acc-7be50355f817.html,0.002987533717233158
zlib,member,https://atlanticcityweekly.com/blogs/casino_answer_man/when-dealt-card-lands-on-chair-does-employee-have-to-fetch/article_86bd5166-bf15-11ec-953e-4baacb6ccfdd.html,0.002039768797750028
zlib,member,https://atlanticcityweekly.com/arts_and_entertainment/millennium-era-nu-metal-rockers-staind-head-to-atlantic-city/article_f0266e52-2a28-11ed-806c-8ba1a1932451.html,0.0008954333079200827
zlib,member,https://atlanticcityweekly.com/arts_and_entertainment/bally-s-new-renovations-offerings-make-park-place-and-boardwalk-legendary-again/article_392bf548-dada-11ec-8ba5-ff47879e9919.html,0.0006688134875253714
zlib,member,https://atlanticcityweekly.com/attheshore/dining/borgata-announces-new-steakhouse-concept-to-open/article_98f5ed3c-ec12-11ec-aa30-ffbb8c54aee0.html,0.0016408800662364032
zlib,member,https://atlanticcityweekly.com/arts_and_entertainment/atlantic-city-airshow-gives-sky-salute-to-those-who-serve/article_de31e514-1a38-11ed-ae0f-df760cb27307.html,0.0007507154582860634
zlib,member,https://atlanticcityweekly.com/things-to-do-for-all-of-you/article_3ecbc38c-cfb0-11ec-8851-a71321d75413.html,0.0005265150585525021
zlib,member,https://atlanticcityweekly.com/attheshore/dining/after-a-far-too-long-gap-burger-bash-is-back/article_5fc5f6b8-b41f-11ec-a822-afa35f30d884.html,0.0013690191169135084
zlib,member,https://atlanticcityweekly.com/arts_and_entertainment/things-to-do-for-all-of-you/article_af9d6428-ef3e-11ec-ab00-674f704ed556.html,0.000336800223914277
zlib,member,https://atlanticcityweekly.com/arts_and_entertainment/exit-zero-jazz-festival-celebrates-10th-anniversary-with-stellar-lineup/article_3f40cc94-d074-11ec-9c9f-a76c3e6feb0c.html,0.0012409276313028958
zlib,member,https://atlanticcityweekly.com/attheshore/dining/sundaes-in-the-summer-at-fine-fellows-creamery/article_407f5e20-dd23-11ec-92fd-d78cc59bb709.html,0.0010664519402508908
zlib,member,https://atlanticcityweekly.com/arts_and_entertainment/night-in-venice-continues-tradition-with-former-villanova-basketball-coach/article_d5ba1510-044d-11ed-bb17-8ff797fca53c.html,0.0011833855617297336
zlib,member,https://atlanticcityweekly.com/attheshore/nightlife/pass-line-edge-never-disappears-no-matter-how-big-the-odds-bet/article_2da1f448-1199-11ed-bb65-0f8c3c7700c0.html,0.002465489054449089
zlib,member,https://atlanticcityweekly.com/attheshore/dining/brigantine-s-new-fast-casual-spot-kook-burger-continues-to-sizzle/article_04ae27fc-f15d-11ec-991b-67fe6cfcea14.html,0.000852611615041803
zlib,member,https://atlanticcityweekly.com/attheshore/nightlife/weekly-horoscopes/article_44ddbcea-a926-11ec-ba7e-ffa615200150.html,0.002942762157085332
zlib,member,https://atlanticcityweekly.com/arts_and_entertainment/casinos-dge-join-forces-for-june-2-job-fair/article_2e8244bc-e1bf-11ec-896d-434e3f8c3827.html,0.003938694404636817
zlib,member,https://atlanticcityweekly.com/attheshore/dining/shandies-blondes-and-pilsners-oh-my-summer-beer-season-is-here/article_0c652bae-ca29-11ec-9276-8b8b07fb2b32.html,0.0010160060713756405
zlib,member,https://atlanticcityweekly.com/attheshore/events/more-on-the-right-notes/article_4beae908-336f-11ed-8730-b343b3fdcebb.html,0.001114400243884647
zlib,member,https://atlanticcityweekly.com/arts_and_entertainment/things-to-do-for-all-of-you/article_3ecbc38c-cfb0-11ec-8851-a71321d75413.html,0.0005276844048617083
zlib,member,https://atlanticcityweekly.com/arts_and_entertainment/headliner-spotlight/article_5e35c49e-f886-11ec-bdaa-4f3c2b0e32ea.html,0.00039373436561794924
zlib,member,https://atlanticcityweekly.com/attheshore/dining/june-is-here-for-beer/article_bb84d134-dd2f-11ec-bea6-df8dac681c79.html,0.0010942218095627073
zlib,member,https://atlanticcityweekly.com/arts_and_entertainment/firefighting-convention-expo-and-parade-return-to-wildwoods/article_5e519ab0-2f91-11ed-85a4-0f90314c111d.html,0.0017048380288003575
zlib,member,https://atlanticcityweekly.com/arts_and_entertainment/things-to-do-for-all-of-you/article_1cd635d4-f6ff-11ec-8e7f-a78df9855e6a.html,0.0004718957685114258
zlib,member,https://atlanticcityweekly.com/attheshore/headliners/good-draw-on-wrong-game-vexes-video-poker-player/article_376c81d2-d50d-11ec-8e6f-7bd17781974e.html,0.0024156440826456865
zlib,member,https://atlanticcityweekly.com/attheshore/dining/sundaes-in-the-summer-at-anna-lee-s-cookies-and-cream/article_79fdeb82-f6ee-11ec-bbbe-132766dfaaa9.html,0.0015841807103144057
zlib,member,https://atlanticcityweekly.com/arts_and_entertainment/black-crowes-patch-things-up-and-bring-shake-your-money-maker-to-borgata/article_5a96bde8-f6f1-11ec-9de6-af239cbe5ae4.html,0.0014331664580167739
zlib,member,https://atlanticcityweekly.com/arts_and_entertainment/high-tech-hard-rock-exhibit-offers-unique-perspective-on-vincent-van-gogh/article_11c88dee-f95d-11ec-b6b5-a31f631afb01.html,0.0019436725689359695
zlib,member,https://atlanticcityweekly.com/arts_and_entertainment/things-to-do-for-all-of-you/article_f8b95594-ea99-11ec-aebe-8f850b715f94.html,0.0004769567881459167
zlib,member,https://atlanticcityweekly.com/arts_and_entertainment/black-excellence-festival-returns-to-showboat-for-federal-holiday/article_7d19f2d2-ea9d-11ec-9a40-9b47fcd64093.html,0.0013280323091917855
zlib,member,https://atlanticcityweekly.com/arts_and_entertainment/favorito-brings-old-school-rickles-style-comedy-to-ocean-casino/article_92a024da-0c50-11ed-b7ce-7735d69bda48.html,0.0014847454402858657
zlib,member,https://atlanticcityweekly.com/attheshore/dining/burger-bash-v-brings-the-fire-to-golden-nugget/article_bcfae8a6-bf60-11ec-8b1f-7bd8d6b8cb9e.html,0.002489139155133188
zlib,member,https://atlanticcityweekly.com/food_and_drink/serendipity3-brings-over-the-top-desserts-bites-drinks-and-celebrations-to-ocean-casino/article_c242df36-06d1-11ed-bd3a-d3243d1d9689.html,0.0009404056930288662
zlib,member,https://atlanticcityweekly.com/la-mesa-mr-gordo-offer-new-dining-options-for-mexican-holiday/article_80d2fb6a-caf1-11ec-890e-df55d5203777.html,0.000541539716063094
zlib,member,https://atlanticcityweekly.com/arts_and_entertainment/headliner-spotlight/article_e133d752-b40f-11ec-804b-3fc8784e4b3d.html,0.0003458784261550554
zlib,member,https://atlanticcityweekly.com/food_and_drink/girasole-celebrates-three-decades-of-inspired-italian-cuisine/article_3720dc9c-e669-11ec-b789-f38926431134.html,0.0007441028441627625
zlib,member,https://atlanticcityweekly.com/night-in-venice-continues-tradition-with-former-villanova-basketball-coach/article_0bf227e6-06b8-11ed-9717-77c5b4426168.html,0.0011861901874682527
zlib,member,https://atlanticcityweekly.com/acw-cover-artwork/article_27cebef4-338e-11ed-b705-87fd076570f6.html,0.005085068267465204
zlib,member,https://atlanticcityweekly.com/attheshore/dining/spring-beer-season-means-plenty-of-events-and-unique-styles/article_dc12a266-b45b-11ec-b42f-bf4396f587e6.html,0.0008743212419015
zlib,member,https://atlanticcityweekly.com/arts_and_entertainment/headliner-spotlight/article_b9d7ad8a-e5bc-11ec-ade8-0b761171f793.html,0.0004556893788916178
zlib,member,https://atlanticcityweekly.com/attheshore/dining/a-scrumptious-search-for-the-tastiest-appetizers-in-south-jersey/article_75da2cb0-bfde-11ec-a398-cff8134dbce8.html,0.00048519239912907437
zlib,member,https://atlanticcityweekly.com/arts_and_entertainment/headliner-spotlight/article_b6af85f4-d529-11ec-81eb-e3f12d793c89.html,0.00036848765647246994
zlib,member,https://atlanticcityweekly.com/arts_and_entertainment/showboat-debuts-indoor-go-kart-experience/article_c45d8264-daba-11ec-b9f4-dbbac7c5982a.html,0.0037557922957677094
zlib,member,https://atlanticcityweekly.com/attheshore/dining/a-c-weekly-s-burger-bash-event-prepares-to-sizzle-after-a-three-year-hiatus/article_9ea74b2a-eb56-11ec-87f6-779fa13b4fd8.html,0.0025663724933409175
zlib,member,https://atlanticcityweekly.com/attheshore/dining/new-jersey-breweries-need-your-support-after-absurd-regulations/article_2be4c80c-0f5e-11ed-a243-f3043737cb5e.html,0.0010727073110584889
zlib,member,https://atlanticcityweekly.com/attheshore/nightlife/5-great-spots-to-enjoy-a-fresh-margarita-on-cinco-de-mayo/article_16f70eee-ca32-11ec-aadc-cf53668ae978.html,0.001123441610290945
zlib,member,https://atlanticcityweekly.com/attheshore/dining/first-ever-atlantic-city-seafood-music-festival-looks-to-be-a-shuckin-good-time/article_5e248028-ef3d-11ec-97f8-f77be3d3afea.html,0.000809154880424225
zlib,member,https://atlanticcityweekly.com/attheshore/dining/la-mesa-mr-gordo-offer-new-dining-options-for-mexican-holiday/article_7a95270e-ca57-11ec-858e-a36563b948f5.html,0.0005388804445660405
zlib,member,https://atlanticcityweekly.com/acw-cover-concept-72822/article_1b7d12fe-0cfb-11ed-9027-5b4f3c706339.html,0.006125224859370622
zlib,member,https://atlanticcityweekly.com/arts_and_entertainment/primus-pay-tribute-to-prog-rock-forefathers-as-a-tribute-to-kings-tour-rolls-into/article_7455ee38-d852-11ec-be86-1fca7fcedf04.html,0.0010146933346985502
zlib,member,https://atlanticcityweekly.com/attheshore/dining/what-you-need-to-know-about-natural-organic-and-vegan-wines/article_aafe8884-bd0c-11ec-9480-e7666321cb62.html,0.001005301667032685
zlib,member,https://atlanticcityweekly.com/attheshore/dining/the-chatterbox-in-ocean-city-roars-back-to-life-under-new-ownership/article_7a9b4afa-17e4-11ed-b41c-ab9968c3f524.html,0.000859423907953708
zlib,member,https://atlanticcityweekly.com/attheshore/nightlife/weekly-horoscopes/article_bcc68bd4-dde1-11ec-82a9-0b654f59d66c.html,0.0035180081088040395
zlib,member,https://atlanticcityweekly.com/attheshore/dining/ocean-casino-offers-a-choco-tribute/article_e9bfeb08-11a8-11ed-a531-9f484657ffc4.html,0.0030404948010513224
zlib,member,https://atlanticcityweekly.com/attheshore/nightlife/5-reasons-to-check-out-coral-lounge-bar-at-resorts/article_0d02eed8-e5aa-11ec-a6d9-778392356120.html,0.001628544262107672
zlib,member,https://atlanticcityweekly.com/attheshore/dining/appy-hour-at-harry-s-ocean-bar-grille/article_6323cd80-ef3e-11ec-9e25-53067c363be8.html,0.0013321824851128847
zlib,member,https://atlanticcityweekly.com/arts_and_entertainment/a-fusion-of-top-shelf-talent-visits-ocean-casino-s-ovation-hall-for-the-third/article_53c593d6-332d-11ed-8efc-ff74f8c86174.html,0.0013936452890844005
zlib,member,https://atlanticcityweekly.com/arts_and_entertainment/things-to-do-for-all-of-you/article_48f40220-0449-11ed-828f-5f926710e0ca.html,0.00023006168658698715
zlib,member,https://atlanticcityweekly.com/attheshore/dining/sundaes-in-the-summer-at-peace-pie/article_3f2a00a0-e743-11ec-abfc-bf515eb8ca79.html,0.001523034498597356
zlib,member,https://atlanticcityweekly.com/attheshore/dining/appy-hour-at-hotel-lbi/article_2b4b5a1e-1742-11ed-bc91-c70ff26b20ee.html,0.0016120316287010592
zlib,member,https://atlanticcityweekly.com/arts_and_entertainment/with-a-wealth-of-new-businesses-and-teamwork-north-beach-now-hottest-spot-in-a/article_f80f6d30-0cff-11ed-8ff1-bb736a2cf94e.html,0.0008593418639349909
zlib,member,https://atlanticcityweekly.com/sponsored/meet-the-business---one-stop-xteriors/article_0da709f4-dd22-11ec-ac34-b3f2e1fbf572.html,0.005470813906858889
zlib,member,https://atlanticcityweekly.com/arts_and_entertainment/boy-band-what-a-rush-reunites-in-a-c/article_c020022a-f70d-11ec-8f73-a30e3ede1a34.html,0.0007835052122211385
zlib,member,https://atlanticcityweekly.com/ats-cover-4-28-22/article_661c8de2-c4c8-11ec-9c0b-4b7ec50fa571.html,0.00519480578879961
zlib,member,https://atlanticcityweekly.com/arts_and_entertainment/things-to-do-for-all-of-you/article_0e55b5bc-012b-11ed-9aee-efe1626087a1.html,0.00027219219490762643
zlib,member,https://atlanticcityweekly.com/attheshore/events/don-t-get-faked-out-at-this-year-s-fakefest-at-golden-nugget/article_552390b4-ef3c-11ec-a8f8-9fd812f479e3.html,0.0009183355682069138
zlib,member,https://atlanticcityweekly.com/arts_and_entertainment/headliner-spotlight/article_8545a318-b9a9-11ec-b6ba-db0c77773b95.html,0.00039764016802966223
zlib,member,https://atlanticcityweekly.com/arts_and_entertainment/headliner-spotlight/article_74365b02-221e-11ed-9f03-37517144e6bb.html,0.0002663429308801716
zlib,member,https://atlanticcityweekly.com/attheshore/dining/oh-my-dear---the-pumpkin-beers-are-here/article_9b838b4e-2872-11ed-9420-5b193f301a75.html,0.0010230813930052066
zlib,member,https://atlanticcityweekly.com/blogs/casino_answer_man/slot-players-need-not-fear-mid-game-switch-via-server/article_2e282360-b41a-11ec-964c-b30bde973c53.html,0.002082874028703256
zlib,member,https://atlanticcityweekly.com/arts_and_entertainment/headliner-spotlight/article_3dde292a-d851-11ec-8ad7-1f4893bce4b4.html,0.00029302496969292526
zlib,member,https://atlanticcityweekly.com/arts_and_entertainment/headliner-spotlight/article_5e481624-045e-11ed-9fef-f7b0c59f60ec.html,0.0003403219258531211
zlib,member,https://atlanticcityweekly.com/arts_and_entertainment/mummers-close-the-summer-with-the-annual-new-years-in-north-wildwood/article_2e0b2aa0-29f2-11ed-95f4-47d98f35e00b.html,0.0010538068848504236
zlib,member,https://atlanticcityweekly.com/arts_and_entertainment/headliner-spotlight/article_d9f0a736-172e-11ed-8161-73005ae40156.html,0.00031059037936346373
zlib,member,https://atlanticcityweekly.com/attheshore/nightlife/tidalwave-music-festival-brings-monsoon-of-country-music-to-a-c-beach-this-weekend/article_cc8697fa-1809-11ed-9bf7-b3dd59fd9080.html,0.0009325262132235617
zlib,member,https://atlanticcityweekly.com/arts_and_entertainment/headliner-spotlight/article_f17ce35a-2f8a-11ed-af59-4741d5195105.html,0.0004033034087066357
zlib,member,https://atlanticcityweekly.com/arts_and_entertainment/10-cool-things-to-discover-on-wildwood-boardwalk/article_3344f206-004b-11ed-9005-2390cc45c4b2.html,0.0006713944211538994
zlib,member,https://atlanticcityweekly.com/attheshore/nightlife/5-great-spots-to-bar-hop-with-a-beverage-in-hand/article_9c2f775c-d54c-11ec-848f-9fc003c89049.html,0.001431741140661594
zlib,member,https://atlanticcityweekly.com/arts_and_entertainment/john-cafferty-and-the-beaver-brown-band-to-perform-double-header-of-live-shows/article_b5642202-27a6-11ed-836d-b310ddc65c30.html,0.0014428464413589654
zlib,member,https://atlanticcityweekly.com/attheshore/events/a-c-s-rock-fest-hosts-stacked-deck-of-bands-from-80s-to-present/article_48c3627e-e5f3-11ec-97e3-c7dcb6cc9662.html,0.0006648921356334005
zlib,member,https://atlanticcityweekly.com/arts_and_entertainment/things-to-do-for-all-of-you/article_e4434a5e-253e-11ed-8f2c-574bc19c39a1.html,0.0006025724430160026
zlib,member,https://atlanticcityweekly.com/arts_and_entertainment/art-music-and-wellness-celebrated-for-a-good-cause/article_f344d966-e662-11ec-a1b7-efa9ed3f5979.html,0.0018109121680806774
zlib,member,https://atlanticcityweekly.com/attheshore/dining/burger-bash-chefs-bring-their-a-game-to-the-nugget-at-burger-bash-v/article_50e251c6-daa5-11ec-92fd-efd21528c340.html,0.0017304927574347097
zlib,member,https://atlanticcityweekly.com/attheshore/dining/just-in-time-for-higher-temperatures-your-guide-to-summer-sippers/article_19d84b72-ea9f-11ec-86be-0b5fc0f7989a.html,0.001435464442517661
zlib,member,https://atlanticcityweekly.com/celeb-chef-returns-to-a-c-with-fast-casual-burger-concept/article_390335b8-c720-11ec-9d45-7f6f1d51a9c1.html,0.0018037850956756966
zlib,member,https://atlanticcityweekly.com/attheshore/nightlife/5-reasons-to-check-out-bally-s-new-carousel-bar/article_ab7b524a-dc49-11ec-ae2b-476eee9f9a39.html,0.0016174292346205483
zlib,member,https://atlanticcityweekly.com/attheshore/nightlife/5-places-that-are-back-in-full-swing-for-the-summer/article_e01cca6a-d857-11ec-8c93-7376318e2ae8.html,0.0012992379324025818
zlib,member,https://atlanticcityweekly.com/attheshore/dining/south-jersey-prepares-for-burger-bash-v/article_f059c2f8-ba6a-11ec-86cc-0feeadbf5b22.html,0.0033438877776763693
zlib,member,https://atlanticcityweekly.com/arts_and_entertainment/5-things-to-know-about-the-pool-at-harrahs/article_104f1b66-29fc-11ed-9f19-e35d1ff1ec5e.html,0.0016238831763287183
zlib,member,https://atlanticcityweekly.com/arts_and_entertainment/summer-s-unofficial-kickoff-is-a-weekend-worth-celebrating-in-south-jersey/article_ff365b40-db6e-11ec-8e7c-579040121510.html,0.0007452301175229804
zlib,member,https://atlanticcityweekly.com/attheshore/nightlife/4-spots-to-pre-and-post-game-for-tidal-wave-festival/article_30a84ea0-17fa-11ed-902a-87cb86b85156.html,0.002018629746334488
zlib,member,https://atlanticcityweekly.com/060922-acw-acwcoverphotos/article_6d0dbac6-e67f-11ec-8c08-33ca211193ad.html,0.00463276673889087
zlib,member,https://atlanticcityweekly.com/arts_and_entertainment/chili-knockout-spicy-food-fest-brings-the-burn-to-a-c/article_9c13a1e2-d5f3-11ec-97ae-ff9ff3d2735f.html,0.00090097374192172
zlib,member,https://atlanticcityweekly.com/serindipity3-brings-over-the-top-desserts-bites-drinks-and-celebrations-to-ocean-casino/article_c242df36-06d1-11ed-bd3a-d3243d1d9689.html,0.0009548699322227192
zlib,member,https://atlanticcityweekly.com/arts_and_entertainment/a-full-lineup-of-new-bars-restaurants-and-gaming-concepts-are-headed-to-trop-this/article_95d249a2-bc06-11ec-a002-1f427fc39c74.html,0.0011894739179501522
zlib,member,https://atlanticcityweekly.com/attheshore/dining/two-seafood-buffets-bring-all-you-can-eat-options-to-family-fun-locations/article_1a52f9ec-f703-11ec-923f-f3b3c4c74a30.html,0.0014469434327908839
zlib,member,https://atlanticcityweekly.com/arts_and_entertainment/tito-puente-jr-brings-the-spirit-of-his-father-s-music-to-somers-point/article_d6312a58-dd22-11ec-81b2-2b7c78c6a543.html,0.0011651163905862286
zlib,member,https://atlanticcityweekly.com/attheshore/dining/ossu-japanese-tavern-the-latest-hit-in-trop-s-dining-re-imaginings/article_a4a4e780-2305-11ed-b86b-f7fbed36d9d7.html,0.0010994784842563328
zlib,member,https://atlanticcityweekly.com/exit-zero-jazz-festival-celebrates-10th-anniversary-with-stellar-lineup/article_79ca0898-d07f-11ec-b72d-57b4112654bd.html,0.0012455864007711159
zlib,member,https://atlanticcityweekly.com/arts_and_entertainment/the-genesis-show-brings-the-duke-tour-to-levoy-theatre/article_6e6de534-2a1e-11ed-b675-278865971c33.html,0.0011367541303524285
zlib,member,https://atlanticcityweekly.com/arts_and_entertainment/headliner-spotlight/article_25b9e83e-dd15-11ec-ba1c-5f176eaaf51b.html,0.0004409025612691124
zlib,member,https://atlanticcityweekly.com/attheshore/dining/spring-is-here-but-there-are-no-rules-when-you-can-enjoy-any-type-of/article_da4ae6c0-d52e-11ec-8532-8b32fcab291c.html,0.0010171045952448914
zlib,member,https://atlanticcityweekly.com/attheshore/events/the-right-notes-2022-honoring-jayne-bray/article_604c316a-1d65-11ed-9d98-ef6a3661c516.html,0.0013254746808889905
zlib,member,https://atlanticcityweekly.com/attheshore/dining/sundaes-in-the-summer-at-drip-n-scoop/article_d5b56380-0f5b-11ed-9534-37f0085acc21.html,0.0018162536304249489
zlib,member,https://atlanticcityweekly.com/arts_and_entertainment/local-winery-hosts-country-music-festival-for-holiday-weekend/article_f357144e-f6e5-11ec-aede-cb28e179b739.html,0.002763936391102213
zlib,member,https://atlanticcityweekly.com/arts_and_entertainment/headliner-spotlight/article_fcf61e50-0c2f-11ed-a30c-f31e9f370d76.html,0.00032720647999734127
zlib,member,https://atlanticcityweekly.com/arts_and_entertainment/headliner-spotlight/article_aa4f44a2-ea9b-11ec-bd17-3bf49578de70.html,0.00039659311349006824
zlib,member,https://atlanticcityweekly.com/attheshore/dining/from-crepes-to-quiche-asbury-kitchen-worth-checking-out/article_e6bfe950-01ed-11ed-9754-b33e90dc2edf.html,0.0013961646261917648
zlib,member,https://atlanticcityweekly.com/attheshore/nightlife/crowd-size-day-of-the-week-all-the-same-for-slot-payouts/article_b05a8848-3294-11ed-b2a2-67c0a45d43e8.html,0.002177450298842596
zlib,member,https://atlanticcityweekly.com/attheshore/dining/appy-hour-at-izzy-s-river-landing/article_fa90d9fa-e5ad-11ec-99d3-8b9f1c60ab4b.html,0.001186852723549338
zlib,member,https://atlanticcityweekly.com/arts_and_entertainment/legendary-comic-steven-wright-returns-to-a-c/article_7c1ef9f8-d603-11ec-aaae-4fb2b586c540.html,0.0007700875393999525
zlib,member,https://atlanticcityweekly.com/attheshore/dining/appy-hour-at-laguna-grill-and-rum-bar/article_8694fefc-0ced-11ed-be23-7f78a7ad05c4.html,0.0011167914433196174
zlib,member,https://atlanticcityweekly.com/attheshore/dining/manco-manco-opens-a-location-at-citizens-bank-park/article_73a4fae4-b433-11ec-a89b-7bc23b90aae1.html,0.0014379409504091088
zlib,member,https://atlanticcityweekly.com/attheshore/dining/all-kinds-of-competition-are-set-to-go-down-at-burger-bash-v/article_024d63e2-e668-11ec-8c05-33a7aeb8c7e5.html,0.001748136311936154
zlib,member,https://atlanticcityweekly.com/arts_and_entertainment/headliner-spotlight/article_589ce962-0f4d-11ed-960a-875dd7e7bf05.html,0.00027557397547296953
zlib,member,https://atlanticcityweekly.com/arts_and_entertainment/concert-review-the-black-crowes-tear-it-up-at-their-saturday-night-rock-n-roll/article_f150728e-fae2-11ec-9d5c-13f4f22ac4f4.html,0.001982179084982642
zlib,member,https://atlanticcityweekly.com/attheshore/headliners/headliner-spotlight/article_cbb08398-cf95-11ec-b3d9-1bac664d3da8.html,0.0002707117933706753
zlib,member,https://atlanticcityweekly.com/attheshore/dining/sundaes-in-the-summer-at-royale-crown/article_9b039e3a-0693-11ed-a8ea-4f475c83bf28.html,0.0014199092059848301
zlib,member,https://atlanticcityweekly.com/attheshore/dining/manco-manco-opens-a-location-at-citizen-bank-park/article_73a4fae4-b433-11ec-a89b-7bc23b90aae1.html,0.013826729679447307
zlib,member,https://atlanticcityweekly.com/attheshore/dining/foodie-friendly-charity-events-come-to-south-jersey-this-week/article_18717df6-c57b-11ec-beb7-37e9a27b9977.html,0.0011937954984531428
zlib,member,https://atlanticcityweekly.com/attheshore/events/a-c-s-rock-fest-hosts-stacked-deck-of-bands-from-80s-to-present/article_33cf1976-e670-11ec-b19e-cfa8af8d150b.html,0.0006648921356334005
zlib,member,https://atlanticcityweekly.com/attheshore/dining/on-a-roll-at-vic-s-subs/article_77674ad4-b9be-11ec-9989-9fc754b73f73.html,0.0015928934382304523
zlib,member,https://atlanticcityweekly.com/attheshore/dining/appy-hour-at-buckets-margarita-bar-cantina/article_82e07804-f7b7-11ec-97a4-d7977ffabcbc.html,0.0013361211007863554
zlib,member,https://atlanticcityweekly.com/arts_and_entertainment/a-weekend-full-of-firefighting-fun/article_5e519ab0-2f91-11ed-85a4-0f90314c111d.html,0.0016996795566884533
zlib,member,https://atlanticcityweekly.com/attheshore/dining/our-picks-for-where-to-wine-and-dine-mom-this-mother-s-day/article_3aabea8c-caf3-11ec-8321-4347195e5772.html,0.0004983166989976774
zlib,member,https://atlanticcityweekly.com/attheshore/dining/exit-zero-transforms-cape-may-s-ferry-park-into-a-destination-of-its-own/article_157671c4-d5fc-11ec-a0b8-577a3f86b352.html,0.000749629971357079
zlib,member,https://atlanticcityweekly.com/attheshore/events/3-places-to-grab-a-drink-and-watch-the-atlantic-city-airshow/article_6e32b418-1d72-11ed-bc12-93c14905474f.html,0.0024295068496855976
zlib,member,https://atlanticcityweekly.com/attheshore/dining/andy-s-pizza-in-hammonton-is-buzzing-with-breakfast-brilliance/article_c8935cd0-c4c3-11ec-b8d2-c7357ffc7406.html,0.0007164206600435226
zlib,member,https://atlanticcityweekly.com/attheshore/events/a-c-hosts-free-concerts-on-the-boardwalk-each-week-through-the-summer/article_a8636d5c-11b1-11ed-b46c-a330bbd45646.html,0.0011776689595085052
zlib,member,https://atlanticcityweekly.com/arts_and_entertainment/jersey-legend-southside-johnny-enjoying-being-back-on-road-again/article_41fd3996-d532-11ec-a1f2-23a01a7a06b0.html,0.0008457618053773304
zlib,member,https://atlanticcityweekly.com/blogs/casino_answer_man/cards-in-hand-have-impact-on-possibilities-for-draw/article_7e60a106-279a-11ed-bd8c-d7b304d0621a.html,0.0021549135567324107
zlib,member,https://atlanticcityweekly.com/attheshore/events/5-places-to-hang-out-before-and-after-barefoot-music-fest-in-wildwoods/article_eba730f6-eb3e-11ec-94d0-4b237bc8099a.html,0.001118398029010274
zlib,member,https://atlanticcityweekly.com/blogs/gaming_guru/millions-of-hands-played-few-never-to-be-forgotten/article_e543836e-1711-11ed-bf36-e3ec9f19b5b9.html,0.002220634834530808
zlib,member,https://atlanticcityweekly.com/arts_and_entertainment/skato-with-kato-briefing/article_cd1d9382-e12a-11ec-ab7d-1f996f6c6c4d.html,0.004499415604887053
zlib,member,https://atlanticcityweekly.com/attheshore/dining/building-the-perfect-labor-day-weekend/article_48f8d450-24a9-11ed-af6c-c32f9ee5e88f.html,0.0009430109962230824
zlib,member,https://atlanticcityweekly.com/arts_and_entertainment/5-albums-to-play-before-summer-ends/article_1d614c2c-281f-11ed-ad42-0f92d2ee8cb4.html,0.001665028910511335
zlib,member,https://atlanticcityweekly.com/attheshore/dining/on-a-roll-at-the-cheese-board/article_3b455716-b415-11ec-9f7e-e7f83196c882.html,0.0018366220073053926
zlib,member,https://atlanticcityweekly.com/arts_and_entertainment/masters-of-illusion-brings-mind-bending-magic-mayhem-and-macabre-to-harrah-s/article_be92a904-f185-11ec-91fa-93917aee798b.html,0.0009078752028914478
zlib,member,https://atlanticcityweekly.com/arts_and_entertainment/scaggs-brings-influential-trilogy-to-ocean-casino/article_b026bc54-0f4c-11ed-8de7-4b43cefbde9d.html,0.0008248735828294096
zlib,member,https://atlanticcityweekly.com/arts_and_entertainment/melissa-manchester-brings-hits-to-benefit-south-jersey-arts/article_466d27fc-11d2-11ed-b952-ef7216fce5cf.html,0.0007406618727069617
zlib,member,https://atlanticcityweekly.com/attheshore/dining/on-a-roll-at-the-anchorage-tavern-in-somers-point/article_77775516-c27c-11ec-a433-b32d86fbf139.html,0.0014290818224131712
zlib,member,https://atlanticcityweekly.com/attheshore/nightlife/5-places-to-dance-through-the-night/article_a81f8cb4-24a7-11ed-b5c4-879548f61a38.html,0.0018080110011145284
zlib,member,https://atlanticcityweekly.com/arts_and_entertainment/north-wildwood-s-annual-festival-celebrating-live-blues-and-bbq-prepares-to-sizzle/article_79f48678-f95f-11ec-b70c-23f5571d3ed7.html,0.001352073005274361
zlib,member,https://atlanticcityweekly.com/attheshore/dining/don-t-behave-like-a-bunch-of-asses-make-sure-to-grab-your-burger-bash/article_7bc3ec16-cfc8-11ec-b4b3-97daa69de175.html,0.0017533967709332026
zlib,member,https://atlanticcityweekly.com/after-a-bit-of-downtime-burlesque-show-returns-to-borgata-with-a-bang/article_c3de8278-d071-11ec-be94-87f487e52057.html,0.0008841635498890794
zlib,member,https://atlanticcityweekly.com/food_and_drink/few-spots-left-for-late-night-dining-in-atlantic-city/article_d30ca9d0-1d80-11ed-a0db-b79e22601e38.html,0.002172076677778579
zlib,member,https://atlanticcityweekly.com/arts_and_entertainment/jazz-society-hosts-jazzy-warm-up-act-for-return-of-somers-point-s-biggest-fest/article_98a22448-bf64-11ec-bd5c-934a3d378c6e.html,0.0013523270831648584
zlib,member,https://atlanticcityweekly.com/just_for_fun/stockton-s-walking-tours-return-to-showcase-a-c-s-rich-history/article_815dbe86-f962-11ec-8a5d-d7b7a687aa3d.html,0.0014716402469899274
zlib,member,https://atlanticcityweekly.com/arts_and_entertainment/headliner-spotlight/article_4f613ad6-2539-11ed-b6fb-bbad2fc3e492.html,0.0003212373823281491
zlib,member,https://atlanticcityweekly.com/arts_and_entertainment/south-jersey-is-hopping-with-holiday-events/article_b27181f2-b9a1-11ec-bad4-a712d3d7851a.html,0.0007097762085386805
zlib,member,https://atlanticcityweekly.com/attheshore/nightlife/how-increased-tax-form-trigger-would-affect-big-slot-winners/article_7406dd5e-0118-11ed-9597-7fb9b7ff4ed0.html,0.001960780659741817
zlib,member,https://atlanticcityweekly.com/arts_and_entertainment/smithville-village-s-mayfest-means-another-weekend-of-fabulous-family-fun/article_13bcb0b6-d073-11ec-a0a9-2f8a6ba00476.html,0.0013064722412812438
zlib,member,https://atlanticcityweekly.com/arts_and_entertainment/things-to-do-for-all-of-you/article_ae169994-e5b6-11ec-b9b5-2febcb289f1d.html,0.0004524817372676384
zlib,member,https://atlanticcityweekly.com/arts_and_entertainment/phanatic-and-special-guests-to-visit-ocean-city-boardwalk-for-phillies-day-at-manco-manco/article_73cd4d64-eccd-11ec-acf9-5fc677e77d31.html,0.004321525867596997
zlib,member,https://atlanticcityweekly.com/5-wineries-to-visit-in-the-area-and-what-makes-them-so-special/article_0d567418-0c10-11ed-ad9c-33f405e1130a.html,0.0011014616802000974
zlib,member,https://atlanticcityweekly.com/ats-cover-pics-42122/article_642b71ba-bf64-11ec-8269-a73d00580020.html,0.005293328983065891
zlib,member,https://atlanticcityweekly.com/attheshore/dining/the-chicken-sandwich-wars-rage-on-picking-the-top-bird-in-a-fast-food-face/article_ebf74e30-287c-11ed-8ec0-6b410caf185a.html,0.001041131424670513
zlib,member,https://atlanticcityweekly.com/attheshore/dining/5-reasons-to-check-out-bally-s-locally-loved-week/article_92adffda-b9bf-11ec-8b4e-cbb2ab99103f.html,0.0013878867649256314
zlib,member,https://atlanticcityweekly.com/blogs/casino_answer_man/player-yearns-for-charlies-after-push-on-low-card-run/article_f086b05a-c3df-11ec-8992-cb2f82f753b3.html,0.002038444812862323
zlib,member,https://atlanticcityweekly.com/ossu-japanese-tavern-the-latest-hit-in-trop-s-dining-re-imaginings/article_7b69408a-2311-11ed-bf76-e7ce6912d77f.html,0.0010897731038592114
zlib,member,https://atlanticcityweekly.com/attheshore/nightlife/can-you-own-your-own-slot-machine-rules-depend-on-your-home-state/article_6aeaeb78-e595-11ec-862f-0f3f1283a5b3.html,0.0017288909915853363
zlib,member,https://atlanticcityweekly.com/arts_and_entertainment/5-questions-with-kenny-wayne-shepherd/article_00722c30-1d6b-11ed-8db7-8fed48dfef86.html,0.0015213861005549968
zlib,member,https://atlanticcityweekly.com/attheshore/dining/a-q-a-with-chef-bob-hettmannsperger-of-essl-s-dugout/article_ae69b5c0-29fe-11ed-a990-b3d4c8745473.html,0.0014789527436211423
zlib,member,https://atlanticcityweekly.com/attheshore/nightlife/blackjack-bob-gives-thumbs-up-to-zappit-as-change-of-pace-game/article_6331b29a-0c14-11ed-9a5b-8f193fdf89de.html,0.0019774599000095495
zlib,member,https://atlanticcityweekly.com/arts_and_entertainment/all-you-need-to-know-about-ocean-s-draft-day-party/article_fc25aea2-c4bb-11ec-aadb-872a80550e92.html,0.002233633987490123
zlib,member,https://atlanticcityweekly.com/arts_and_entertainment/iconic-director-john-waters-brings-one-man-show-to-a-c/article_2bd684a2-bf33-11ec-a0ee-8baf97f08373.html,0.0005625729367240269
zlib,member,https://atlanticcityweekly.com/arts_and_entertainment/after-a-bit-of-downtime-burlesque-show-returns-to-borgata-with-a-bang/article_3c0365e6-cf93-11ec-9224-0f2e5d59fbe9.html,0.0008841635498890794
zlib,member,https://atlanticcityweekly.com/attheshore/nightlife/weekly-horoscopes/article_5d46207e-0c27-11ed-b9ee-2f15b9ca8857.html,0.003273172379141676
zlib,member,https://atlanticcityweekly.com/arts_and_entertainment/headliner-spotlight/article_3afa4f60-c27e-11ec-b1f4-a3f8f9e8d0e8.html,0.00022404880380917354
zlib,member,https://atlanticcityweekly.com/attheshore/dining/on-a-roll-at-sack-o-subs/article_4cb4c374-d530-11ec-9ead-671ddc51a979.html,0.0016165425720982493
zlib,member,https://atlanticcityweekly.com/attheshore/dining/serindipity3-brings-over-the-top-desserts-bites-drinks-and-celebrations-to-ocean-casino/article_8a7359ba-06bc-11ed-b98e-c328deb3af2e.html,0.0009414665335120243
zlib,member,https://atlanticcityweekly.com/attheshore/nightlife/table-game-jackpot-odds-vary-with-number-of-decks/article_cdd61a1c-ca0d-11ec-a3ec-cb06dd7d0a56.html,0.002249863599407964
zlib,member,https://atlanticcityweekly.com/weekly-horoscopes/article_e2effe24-b46c-11ec-9f20-4bc684f93741.html,0.003131914688974495
zlib,member,https://atlanticcityweekly.com/attheshore/dining/cape-may-s-taco-caballito-shines-bright-under-youthful-new-owners/article_f5c9dfae-ddbd-11ec-ae69-6f7ec70da37a.html,0.0007672771541871106
zlib,member,https://atlanticcityweekly.com/attheshore/nightlife/5-places-to-grab-a-hot-dog-and-a-beer/article_8480b660-004a-11ed-a89b-4b1be25b1460.html,0.0011923866781805873
zlib,member,https://atlanticcityweekly.com/arts_and_entertainment/headliner-spotlight/article_abe4b70e-ef3a-11ec-a5e0-8f37627ae22f.html,0.0003470039774039451
zlib,member,https://atlanticcityweekly.com/attheshore/dining/sundaes-in-the-summer-at-juli-s-pink-ice-cream/article_ec9cfb2a-2fa0-11ed-8a0c-3b1069c99b29.html,0.002216752104261799
zlib,member,https://atlanticcityweekly.com/attheshore/dining/burger-bash-v-returns-to-the-nugget/article_aaba2af2-c268-11ec-965b-0f8c63cf301d.html,0.0019907560438252904
zlib,member,https://atlanticcityweekly.com/arts_and_entertainment/headliner-spotlight/article_0f4bec20-bd0b-11ec-b4c6-a731583a4d92.html,0.00036710927438336934
zlib,member,https://atlanticcityweekly.com/attheshore/dining/ain-t-no-cure-but-the-summertime-brews/article_fe207d9a-f95e-11ec-8919-37bb230ee72e.html,0.0011105550920671235
zlib,member,https://atlanticcityweekly.com/arts_and_entertainment/5-questions-with-stephen-pearcy-the-voice-of-ratt/article_08cadc6a-e73d-11ec-ac95-ab0868cf1084.html,0.0014217919334040723
zlib,member,https://atlanticcityweekly.com/arts_and_entertainment/ocean-casino-hosts-a-night-celebrating-the-chairman-of-the-board/article_fec0f628-2288-11ed-9ee8-bb5a6341d8c3.html,0.0008700445219481921
zlib,member,https://atlanticcityweekly.com/arts_and_entertainment/things-to-do-for-all-of-you/article_6840bbda-b9b9-11ec-bb54-537b52472319.html,0.0006741214408711952
zlib,member,https://atlanticcityweekly.com/attheshore/nightlife/5-reasons-to-check-out-classic-rewind-weekend-at-showboat/article_d7a535c2-f0ba-11ec-8a23-ffce935db711.html,0.0017411978742329917
zlib,member,https://atlanticcityweekly.com/arts_and_entertainment/things-to-do-for-all-of-you/article_813e288e-0c43-11ed-bdda-139c52738ac7.html,0.00023577581459027533
zlib,member,https://atlanticcityweekly.com/arts_and_entertainment/somers-point-s-biggest-festival-rises-again-as-bayfest-returns-for-2022/article_98afea96-c4c4-11ec-80b8-57ec3b1efe8e.html,0.0009882514946055701
zlib,member,https://atlanticcityweekly.com/arts_and_entertainment/a-c-beer-music-fest-returns-to-bader-field-for-another-year-in-the-sun/article_f0581b2c-e0e1-11ec-bd7b-73bc9dff5623.html,0.0007810214463911199
zlib,member,https://atlanticcityweekly.com/sponsored/north-beach-atlantic-city-fireworks-celebration-set-for-july-1/article_0003cb8e-ebff-11ec-bc67-dfcb4a2b74e6.html,0.0028429694205390587
zlib,nonmember,https://atlanticcityweekly.com/weather/weather-small-coastal-storm-to-bring-rain-some-wind-into-wednesday/article_934982b8-b43b-11ec-a607-1f21f73c5828.html,0.0018326061901614104
zlib,nonmember,https://atlanticcityweekly.com/arts_and_entertainment/things-to-do-for-all-of-you/article_189384be-f96a-11ec-a828-9f0bba8b8de5.html,0.00038577300236052395
zlib,nonmember,https://atlanticcityweekly.com/arts_and_entertainment/10-things-to-do-on-the-ocean-city-boardwalk/article_3e9bb56e-0c48-11ed-90d3-7bbff19becd1.html,0.0008391463276286027
zlib,nonmember,https://atlanticcityweekly.com/arts_and_entertainment/headliner-spotlight/article_c2f5ade6-ca36-11ec-8c92-93fd0227696b.html,0.00021056621018694625
zlib,nonmember,https://atlanticcityweekly.com/arts_and_entertainment/rock-and-roll-hall-of-famers-celebrate-six-decades-at-borgata/article_6e66d7b6-bd0a-11ec-94bb-7f7ae869482d.html,0.0009905630127944398
zlib,nonmember,https://atlanticcityweekly.com/attheshore/nightlife/roulette-pivot-point-cant-guarantee-riches/article_0289135e-f92f-11ec-bed3-778c741a408c.html,0.0023740502554565395
zlib,nonmember,https://atlanticcityweekly.com/attheshore/dining/a-c-weekly-to-celebrate-mankind-s-greatest-dish-at-burger-bash-v/article_48e2f00e-dc47-11ec-a6fd-d381d8364dec.html,0.0018788407933957093
zlib,nonmember,https://atlanticcityweekly.com/attheshore/dining/the-grills-were-alive-at-burger-bash-v/article_0c9b1dee-f162-11ec-9bc1-f39bd220dc93.html,0.00249499929290694
zlib,nonmember,https://atlanticcityweekly.com/attheshore/dining/on-a-roll-at-taco-caballito-tequileria/article_21c217f2-cf95-11ec-ab12-6731e831409c.html,0.0015349855315775522
zlib,nonmember,https://atlanticcityweekly.com/arts_and_entertainment/ann-wilson-flies-solo-as-her-tour-rolls-into-atlantic-city/article_14c1a234-0c08-11ed-9fff-c7f592684e9b.html,0.0011617426581435578
zlib,nonmember,https://atlanticcityweekly.com/attheshore/nightlife/bigger-bets-for-better-rules-can-damage-your-bankroll/article_6c153fb4-dabc-11ec-a08a-5b093cf8f755.html,0.0022169017770668057
zlib,nonmember,https://atlanticcityweekly.com/attheshore/dining/sundaes-in-the-summer-at-the-sunryser/article_cdc05c04-1e5e-11ed-a7d8-a76cfb06641f.html,0.0017124267846333418
zlib,nonmember,https://atlanticcityweekly.com/attheshore/dining/sundaes-in-the-summer-at-skipper-dipper/article_5bdc44ce-fed1-11ec-ab08-fb71cc365a71.html,0.0014525135618787754
zlib,nonmember,https://atlanticcityweekly.com/arts_and_entertainment/things-to-do-for-all-of-you/article_114b38c0-ddc0-11ec-ad79-eb5faa6475f9.html,0.00045484795263070905
zlib,nonmember,https://atlanticcityweekly.com/attheshore/events/hellzapoppin-circus-sideshow-comes-to-a-c-for-a-night-of-shock-and-awe/article_a643364e-ca33-11ec-80b1-93e89928b733.html,0.0011338295100032057
zlib,nonmember,https://atlanticcityweekly.com/8-day-nj-heat-wave-was-longest-since-2018-longest-96f-stretch-on-record/article_970de9e2-0d42-11ed-80fd-97c61d43c14d.html,0.0017322607915493456
zlib,nonmember,https://atlanticcityweekly.com/attheshore/dining/tracking-down-south-jersey-s-best-dining-options-for-easter-grub/article_11018572-ba70-11ec-b4d5-a3cc04cea4d3.html,0.00040526067630542297
zlib,nonmember,https://atlanticcityweekly.com/arts_and_entertainment/things-to-do-for-all-of-you/article_9c952368-2254-11ed-8d27-37d592bdb826.html,0.0003977262877370271
zlib,nonmember,https://atlanticcityweekly.com/arts_and_entertainment/things-to-do-for-all-of-you/article_ef3230f6-3038-11ed-b56d-7be485f0a9ae.html,0.0006383993239136177
zlib,nonmember,https://atlanticcityweekly.com/arts_and_entertainment/things-to-do-for-all-of-you/article_1b527e2a-11b7-11ed-bead-df88e3124d14.html,0.00026485888443647065
zlib,nonmember,https://atlanticcityweekly.com/attheshore/dining/crossroads-bar-grill-scores-big-with-wild-twists-on-american-bar-food/article_a9e69f82-0cf2-11ed-a2d7-d30a906d7a31.html,0.0011373236879042973
zlib,nonmember,https://atlanticcityweekly.com/arts_and_entertainment/things-to-do-for-all-of-you/article_2fb8427a-d524-11ec-9520-f3985c59c91f.html,0.000409380253370372
zlib,nonmember,https://atlanticcityweekly.com/arts_and_entertainment/5-questions-with-magician-trickster-michael-carbonaro/article_8c4c5a12-ca5c-11ec-8e49-0b3a72d4e9fe.html,0.001180537673218671
zlib,nonmember,https://atlanticcityweekly.com/arts_and_entertainment/headliner-spotlight/article_09651faa-2a0e-11ed-aadd-b33710b1193d.html,0.0004177185055779633
zlib,nonmember,https://atlanticcityweekly.com/attheshore/dining/famed-philly-chef-teams-with-cookie-till-for-week-long-presence-charitable-event/article_22bdc036-1278-11ed-97e7-fba03a2e2c4b.html,0.000917411693755977
zlib,nonmember,https://atlanticcityweekly.com/attheshore/nightlife/5-great-spots-to-get-a-beer-for-national-beer-day/article_47251b5a-b412-11ec-95b5-d32af5350346.html,0.0013524367016420967
zlib,nonmember,https://atlanticcityweekly.com/arts_and_entertainment/absecon-lighthouse-welcomes-all-to-its-annual-spring-festival/article_a0df388a-caef-11ec-80e6-27c920639258.html,0.0014077438360769333
zlib,nonmember,https://atlanticcityweekly.com/attheshore/events/42nd-national-sports-collectors-convention-returns-to-a-c/article_19381bdc-0464-11ed-999f-935db2616c44.html,0.0010830999628933247
zlib,nonmember,https://atlanticcityweekly.com/arts_and_entertainment/ocean-casino-steps-up-its-fantasy-football-game-at-topgolf/article_2f118b7c-2882-11ed-95ab-0f441b7dc513.html,0.0059126472184592715
zlib,nonmember,https://atlanticcityweekly.com/attheshore/nightlife/tidalwave-music-festival-brings-monsoon-of-country-music-to-a-c-beach-this-weekend/article_9dcbe94a-1801-11ed-9c0b-cb7d55629015.html,0.0009325262132235617
zlib,nonmember,https://atlanticcityweekly.com/attheshore/dining/5-spots-to-celebrate-the-return-of-baseball/article_9152d674-bf5a-11ec-b969-6bb67b868857.html,0.0011953274192858365
zlib,nonmember,https://atlanticcityweekly.com/nightlife/5-reasons-to-check-out-moe-s-pop-up-bar-in-wildwood/article_47f7ead4-0391-11ed-b72c-97fd2252d53f.html,0.0017427054054638127
zlib,nonmember,https://atlanticcityweekly.com/attheshore/nightlife/blackjack-has-34-starting-hands-or-more-if-composition-matters/article_cee86d6e-0690-11ed-954d-13c3878f1324.html,0.002255574982059715
zlib,nonmember,https://atlanticcityweekly.com/arts_and_entertainment/reversible-royals-bring-larger-but-rarer-jackpots/article_dfab461a-f085-11ec-ba5e-77745a051447.html,0.0023326835396824605
zlib,nonmember,https://atlanticcityweekly.com/attheshore/nightlife/5-spots-to-enjoy-before-the-summer-crowds-come/article_7f84e2e8-cf95-11ec-afd1-83ec7974c926.html,0.001225079536574319
zlib,nonmember,https://atlanticcityweekly.com/attheshore/dining/5-reasons-to-go-to-tequila-week-at-bally-s/article_c6f44400-f968-11ec-93d2-e7004dc812c1.html,0.0012448574203742329
zlib,nonmember,https://atlanticcityweekly.com/arts_and_entertainment/barefoot-country-music-fest-returns-to-wildwood-beach/article_1b04c982-ebe7-11ec-abbc-f7850f2c0b5a.html,0.0006518216619864042
zlib,nonmember,https://atlanticcityweekly.com/arts_and_entertainment/tropicana-s-boogie-nights-celebrates-10-years-of-partying-like-its-1999/article_f9f10f08-c571-11ec-bdab-0fa1df62cb5f.html,0.000887590520914
zlib,nonmember,https://atlanticcityweekly.com/attheshore/events/a-c-beach-hosts-three-nights-of-the-world-s-biggest-jam-band/article_a460565e-11b9-11ed-beed-473535620265.html,0.0009530741124742407
zlib,nonmember,https://atlanticcityweekly.com/attheshore/dining/3-great-bars-to-watch-week-1-of-the-nfl/article_45b31d5e-2df1-11ed-84b4-d7e7b2d0631e.html,0.0018412865775726415
zlib,nonmember,https://atlanticcityweekly.com/sponsored/give-the-gift-of-life---a-kidney-for-avram/article_96636352-ec1b-11ec-afad-af2b631451b1.html,0.0010782035319895043
zlib,nonmember,https://atlanticcityweekly.com/blogs/casino_answer_man/players-find-up-and-down-sides-of-streaks-at-craps-and-roulette/article_838b4b5a-e059-11ec-8a46-53177fa68b4e.html,0.002147023492627207
zlib,nonmember,https://atlanticcityweekly.com/blogs/casino_answer_man/vplayers-find-up-and-down-sides-of-streaks-at-craps-and-roulette/article_838b4b5a-e059-11ec-8a46-53177fa68b4e.html,0.002147023492627207
zlib,nonmember,https://atlanticcityweekly.com/arts_and_entertainment/things-to-do-for-all-of-you/article_b299de10-2a24-11ed-98e2-a314b2c540a8.html,0.0009644973249225047
zlib,nonmember,https://atlanticcityweekly.com/arts_and_entertainment/drummer-shows-artistic-side-at-hard-rock-performs-with-lynyrd-skynyrd-at-ocean-casino/article_a00fd08a-fc82-11ec-be86-9f1b4a6d113b.html,0.0009017869089469379
zlib,nonmember,https://atlanticcityweekly.com/arts_and_entertainment/fireworks-around-south-jersey-and-independence-day-events/article_5b119ff0-f6dc-11ec-af44-d7963461b70d.html,0.0005767159985046615
zlib,nonmember,https://atlanticcityweekly.com/arts_and_entertainment/things-to-do-for-all-of-you/article_a0a56db0-1ccc-11ed-8cff-dbe0f63cef13.html,0.0004521886828635985
zlib,nonmember,https://atlanticcityweekly.com/attheshore/dining/10-great-spots-to-bring-your-pop-on-father-s-day/article_d0d06be8-eb30-11ec-bb9d-cb3720af2358.html,0.0006542299507562171
zlib,nonmember,https://atlanticcityweekly.com/ats-cover-6-16-22/article_47ecd3f6-ebdb-11ec-9763-7b01cf4822b8.html,0.017165463375794228
zlib,nonmember,https://atlanticcityweekly.com/attheshore/dining/ocean-casino-s-makai-brings-island-flavors-to-atlantic-city/article_255d15da-2e02-11ed-9585-8bf51c151278.html,0.0014106727293368409
zlib,nonmember,https://atlanticcityweekly.com/attheshore/dining/newly-opened-moonshiners-bar-and-grill-in-mays-landing-is-here-to-stay/article_2e4d63c6-db7c-11ec-b02c-3719ce31f867.html,0.000852426834281661
zlib,nonmember,https://atlanticcityweekly.com/attheshore/dining/girasole-celebrates-three-decades-of-inspired-italian-cuisine/article_82e5edbc-e668-11ec-a3a1-63550687ef73.html,0.0007441028441627625
zlib,nonmember,https://atlanticcityweekly.com/arts_and_entertainment/new-comedy-concept-combines-hypnosis-and-improv-into-one-sidesplitting-good-time/article_557e1eec-e683-11ec-8553-e72891da63cc.html,0.0009367033518933982
zlib,nonmember,https://atlanticcityweekly.com/attheshore/dining/appy-hour-at-the-point/article_bee5e010-daa6-11ec-98b7-2bb20e469a25.html,0.0012925223121735877
zlib,nonmember,https://atlanticcityweekly.com/weather/weather-boom-or-bust-scenario-for-severe-weather-tuesday-comfy-weekend-ahead/article_0b8042c2-fb30-11ec-9bd4-674e9cbe3b3e.html,0.001850003340704744
zlib,nonmember,https://atlanticcityweekly.com/the-chatterbox-in-ocean-city-roars-back-to-life-under-new-ownership/article_28b831ce-17eb-11ed-944c-43c5b498c53e.html,0.0008594597295270875
zlib,nonmember,https://atlanticcityweekly.com/arts_and_entertainment/big-developments-define-summer-2022-for-ocean-casino/article_1e30aa5a-daac-11ec-86da-17c9830fabe5.html,0.000956146760136297
zlib,nonmember,https://atlanticcityweekly.com/sponsored/north-beach-atlantic-city-fireworks-celebration-set-for-sept-4th/article_e9c2aaa4-287e-11ed-b794-c7ff847eabef.html,0.001825389084909656
zlib,nonmember,https://atlanticcityweekly.com/arts_and_entertainment/things-to-do-for-all-of-you/article_7df7d468-daac-11ec-9c5a-83fc8d7b6c90.html,0.0004753342522572303
zlib,nonmember,https://atlanticcityweekly.com/attheshore/dining/honor-thy-burger-at-burger-bash-v/article_58eb6e30-d531-11ec-ad42-274e02ab81b7.html,0.001953231862487002
zlib,nonmember,https://atlanticcityweekly.com/attheshore/dining/trop-opens-brand-new-japanese-tavern-concept/article_3ef4d788-0f73-11ed-a85c-9725dbf88c32.html,0.00587469865584047
zlib,nonmember,https://atlanticcityweekly.com/arts_and_entertainment/this-a-c-wrestling-tournament-is-a-real-game-changer/article_96b81e48-dd2e-11ec-92e0-1b7729b2d59c.html,0.0016442858692774906
zlib,nonmember,https://atlanticcityweekly.com/attheshore/events/the-downbeach-seafood-festival-makes-for-a-shucking-fun-weekend-in-south-jersey/article_e53e5e38-3387-11ed-a473-3bec6d3fa639.html,0.0011685886018502317
zlib,nonmember,https://atlanticcityweekly.com/arts_and_entertainment/5-great-bars-to-watch-the-fireworks-at-this-weekend/article_7098372e-f70b-11ec-86b1-5307ec4e44eb.html,0.0012910485508649408
zlib,nonmember,https://atlanticcityweekly.com/arts_and_entertainment/things-to-do-for-all-of-you/article_323e1508-ca2d-11ec-83d5-0382e60f893c.html,0.0004768204297630407
zlib,nonmember,https://atlanticcityweekly.com/attheshore/nightlife/despite-low-frequency-points-pass-wins-more-often-than-place/article_2d722ac0-2d31-11ed-b321-6745aafd829a.html,0.0023732074899875943
zlib,nonmember,https://atlanticcityweekly.com/arts_and_entertainment/nj-horror-con-screams-its-way-back-to-showboat/article_9fcb8cee-b412-11ec-a51b-db469cb24955.html,0.0005362899806955622
zlib,nonmember,https://atlanticcityweekly.com/arts_and_entertainment/wwe-sunday-stunner-returns-to-atlantic-city/article_a0f56120-17f0-11ed-9bb1-7ba84fe27d75.html,0.0016097619634948504
zlib,nonmember,https://atlanticcityweekly.com/arts_and_entertainment/jurassic-quest-brings-dino-sized-fun-for-family-to-a-c/article_4b7500c4-11ca-11ed-83f2-0f4f37b56480.html,0.0012466273147844742
zlib,nonmember,https://atlanticcityweekly.com/attheshore/nightlife/rakin-bacon-monopoly-cheat-edition-amp-up-entertainment-fun-at-slots/article_0bf2fa7a-ea68-11ec-9cd3-ff5b31a74dae.html,0.0022807221922739734
zlib,nonmember,https://atlanticcityweekly.com/arts_and_entertainment/311-keep-creative-journey-flowing-as-fall-tour-heads-to-a-c/article_7eb82abe-3327-11ed-8649-47a2aa0a5e54.html,0.0009542448483413051
zlib,nonmember,https://atlanticcityweekly.com/food_and_drink/5-things-to-know-about-the-vue-rooftop-bar-and-lounge/article_15038cb0-2ebf-11ed-aeab-2f70629e95a5.html,0.0020670740229682565
zlib,nonmember,https://atlanticcityweekly.com/arts_and_entertainment/things-to-do-for-all-of-you/article_ab69b47a-c4ae-11ec-98ee-df4549e88bac.html,0.0003409745218353423
zlib,nonmember,https://atlanticcityweekly.com/attheshore/dining/michael-s-summer-wine-picks/article_ce5a70f2-0462-11ed-b063-4f6cc561d1c4.html,0.0014786641706546362
zlib,nonmember,https://atlanticcityweekly.com/arts_and_entertainment/things-to-do-for-all-of-you/article_0498ab48-172d-11ed-abcd-7376c5e93891.html,0.0002592163496718884
zlib,nonmember,https://atlanticcityweekly.com/arts_and_entertainment/two-very-different-styles-of-circus-return-to-showboat/article_c2fb0fc4-01eb-11ed-8e78-4ff5a7de765e.html,0.0008813155726943507
zlib,nonmember,https://atlanticcityweekly.com/attheshore/nightlife/four-card-poker-finds-expanded-niche-online/article_17c5c99c-2215-11ed-9f19-e7d8f92a75df.html,0.002131210914812283
zlib,nonmember,https://atlanticcityweekly.com/acw-cover-photos/article_1ae199b6-e67f-11ec-b885-c391ff186d4a.html,0.004505132828493979
zlib,nonmember,https://atlanticcityweekly.com/attheshore/nightlife/blackjack-bobs-right-plays-cant-overcome-wrong-cards/article_9f844d02-b8e0-11ec-b095-231ae46c9b11.html,0.002236214266803631
zlib,nonmember,https://atlanticcityweekly.com/attheshore/nightlife/5-reasons-to-see-red-perform-at-golden-nugget-every-monday/article_cba1ffe2-0f5c-11ed-b949-77f44c55f97f.html,0.0012546024576384578
zlib,nonmember,https://atlanticcityweekly.com/arts_and_entertainment/free-concert-with-the-singing-lifeguard/article_59cdccd8-ddf8-11ec-b9c3-7fb4967c24d5.html,0.0053116828732174895
zlib,nonmember,https://atlanticcityweekly.com/attheshore/dining/on-a-roll-at-el-pueblo-taqueria/article_1653e25e-bf16-11ec-9f58-5be08602154a.html,0.0015839416794230928
zlib,nonmember,https://atlanticcityweekly.com/arts_and_entertainment/things-to-do-for-all-of-you/article_323cbe4c-b420-11ec-af3f-3f302d736094.html,0.0003766047287367857
zlib,nonmember,https://atlanticcityweekly.com/arts_and_entertainment/headliner-spotlight/article_3e523e88-feed-11ec-9e3f-bbea6c57599b.html,0.00034596831754498775
zlib,nonmember,https://atlanticcityweekly.com/attheshore/headliners/ocean-casino-brings-in-a-new-kind-of-tribute-act-with-magical-mystery-doors/article_b594132a-0156-11ed-9a02-7bd2faf45444.html,0.0012045795151742688
zlib,nonmember,https://atlanticcityweekly.com/arts_and_entertainment/o-c-pops-honor-famed-film-composer-with-star-wars-performance/article_e564f4de-01f1-11ed-b1f6-9784283e34b4.html,0.0010709535271358872
zlib,nonmember,https://atlanticcityweekly.com/arts_and_entertainment/things-to-do-for-all-of-you/article_94170cfc-bf16-11ec-b021-8b293e50d88a.html,0.00041322092483748655
zlib,nonmember,https://atlanticcityweekly.com/attheshore/nightlife/weekly-horoscopes/article_dd621a62-2214-11ed-8acc-7be50355f817.html,0.002987533717233158
zlib,nonmember,https://atlanticcityweekly.com/blogs/casino_answer_man/when-dealt-card-lands-on-chair-does-employee-have-to-fetch/article_86bd5166-bf15-11ec-953e-4baacb6ccfdd.html,0.002039768797750028
zlib,nonmember,https://atlanticcityweekly.com/arts_and_entertainment/millennium-era-nu-metal-rockers-staind-head-to-atlantic-city/article_f0266e52-2a28-11ed-806c-8ba1a1932451.html,0.0008954333079200827
zlib,nonmember,https://atlanticcityweekly.com/arts_and_entertainment/bally-s-new-renovations-offerings-make-park-place-and-boardwalk-legendary-again/article_392bf548-dada-11ec-8ba5-ff47879e9919.html,0.0006688134875253714
zlib,nonmember,https://atlanticcityweekly.com/attheshore/dining/borgata-announces-new-steakhouse-concept-to-open/article_98f5ed3c-ec12-11ec-aa30-ffbb8c54aee0.html,0.0016408800662364032
zlib,nonmember,https://atlanticcityweekly.com/arts_and_entertainment/atlantic-city-airshow-gives-sky-salute-to-those-who-serve/article_de31e514-1a38-11ed-ae0f-df760cb27307.html,0.0007507154582860634
zlib,nonmember,https://atlanticcityweekly.com/things-to-do-for-all-of-you/article_3ecbc38c-cfb0-11ec-8851-a71321d75413.html,0.0005265150585525021
zlib,nonmember,https://atlanticcityweekly.com/attheshore/dining/after-a-far-too-long-gap-burger-bash-is-back/article_5fc5f6b8-b41f-11ec-a822-afa35f30d884.html,0.0013690191169135084
zlib,nonmember,https://atlanticcityweekly.com/arts_and_entertainment/things-to-do-for-all-of-you/article_af9d6428-ef3e-11ec-ab00-674f704ed556.html,0.000336800223914277
zlib,nonmember,https://atlanticcityweekly.com/arts_and_entertainment/exit-zero-jazz-festival-celebrates-10th-anniversary-with-stellar-lineup/article_3f40cc94-d074-11ec-9c9f-a76c3e6feb0c.html,0.0012409276313028958
zlib,nonmember,https://atlanticcityweekly.com/attheshore/dining/sundaes-in-the-summer-at-fine-fellows-creamery/article_407f5e20-dd23-11ec-92fd-d78cc59bb709.html,0.0010664519402508908
zlib,nonmember,https://atlanticcityweekly.com/arts_and_entertainment/night-in-venice-continues-tradition-with-former-villanova-basketball-coach/article_d5ba1510-044d-11ed-bb17-8ff797fca53c.html,0.0011833855617297336
zlib,nonmember,https://atlanticcityweekly.com/attheshore/nightlife/pass-line-edge-never-disappears-no-matter-how-big-the-odds-bet/article_2da1f448-1199-11ed-bb65-0f8c3c7700c0.html,0.002465489054449089
zlib,nonmember,https://atlanticcityweekly.com/attheshore/dining/brigantine-s-new-fast-casual-spot-kook-burger-continues-to-sizzle/article_04ae27fc-f15d-11ec-991b-67fe6cfcea14.html,0.000852611615041803
zlib,nonmember,https://atlanticcityweekly.com/attheshore/nightlife/weekly-horoscopes/article_44ddbcea-a926-11ec-ba7e-ffa615200150.html,0.002942762157085332
zlib,nonmember,https://atlanticcityweekly.com/arts_and_entertainment/casinos-dge-join-forces-for-june-2-job-fair/article_2e8244bc-e1bf-11ec-896d-434e3f8c3827.html,0.003938694404636817
zlib,nonmember,https://atlanticcityweekly.com/attheshore/dining/shandies-blondes-and-pilsners-oh-my-summer-beer-season-is-here/article_0c652bae-ca29-11ec-9276-8b8b07fb2b32.html,0.0010160060713756405
zlib,nonmember,https://atlanticcityweekly.com/attheshore/events/more-on-the-right-notes/article_4beae908-336f-11ed-8730-b343b3fdcebb.html,0.001114400243884647
zlib,nonmember,https://atlanticcityweekly.com/arts_and_entertainment/things-to-do-for-all-of-you/article_3ecbc38c-cfb0-11ec-8851-a71321d75413.html,0.0005276844048617083
zlib,nonmember,https://atlanticcityweekly.com/arts_and_entertainment/headliner-spotlight/article_5e35c49e-f886-11ec-bdaa-4f3c2b0e32ea.html,0.00039373436561794924
zlib,nonmember,https://atlanticcityweekly.com/attheshore/dining/june-is-here-for-beer/article_bb84d134-dd2f-11ec-bea6-df8dac681c79.html,0.0010942218095627073
zlib,nonmember,https://atlanticcityweekly.com/arts_and_entertainment/firefighting-convention-expo-and-parade-return-to-wildwoods/article_5e519ab0-2f91-11ed-85a4-0f90314c111d.html,0.0017048380288003575
zlib,nonmember,https://atlanticcityweekly.com/arts_and_entertainment/things-to-do-for-all-of-you/article_1cd635d4-f6ff-11ec-8e7f-a78df9855e6a.html,0.0004718957685114258
zlib,nonmember,https://atlanticcityweekly.com/attheshore/headliners/good-draw-on-wrong-game-vexes-video-poker-player/article_376c81d2-d50d-11ec-8e6f-7bd17781974e.html,0.0024156440826456865
zlib,nonmember,https://atlanticcityweekly.com/attheshore/dining/sundaes-in-the-summer-at-anna-lee-s-cookies-and-cream/article_79fdeb82-f6ee-11ec-bbbe-132766dfaaa9.html,0.0015841807103144057
zlib,nonmember,https://atlanticcityweekly.com/arts_and_entertainment/black-crowes-patch-things-up-and-bring-shake-your-money-maker-to-borgata/article_5a96bde8-f6f1-11ec-9de6-af239cbe5ae4.html,0.0014331664580167739
zlib,nonmember,https://atlanticcityweekly.com/arts_and_entertainment/high-tech-hard-rock-exhibit-offers-unique-perspective-on-vincent-van-gogh/article_11c88dee-f95d-11ec-b6b5-a31f631afb01.html,0.0019436725689359695
zlib,nonmember,https://atlanticcityweekly.com/arts_and_entertainment/things-to-do-for-all-of-you/article_f8b95594-ea99-11ec-aebe-8f850b715f94.html,0.0004769567881459167
zlib,nonmember,https://atlanticcityweekly.com/arts_and_entertainment/black-excellence-festival-returns-to-showboat-for-federal-holiday/article_7d19f2d2-ea9d-11ec-9a40-9b47fcd64093.html,0.0013280323091917855
zlib,nonmember,https://atlanticcityweekly.com/arts_and_entertainment/favorito-brings-old-school-rickles-style-comedy-to-ocean-casino/article_92a024da-0c50-11ed-b7ce-7735d69bda48.html,0.0014847454402858657
zlib,nonmember,https://atlanticcityweekly.com/attheshore/dining/burger-bash-v-brings-the-fire-to-golden-nugget/article_bcfae8a6-bf60-11ec-8b1f-7bd8d6b8cb9e.html,0.002489139155133188
zlib,nonmember,https://atlanticcityweekly.com/food_and_drink/serendipity3-brings-over-the-top-desserts-bites-drinks-and-celebrations-to-ocean-casino/article_c242df36-06d1-11ed-bd3a-d3243d1d9689.html,0.0009404056930288662
zlib,nonmember,https://atlanticcityweekly.com/la-mesa-mr-gordo-offer-new-dining-options-for-mexican-holiday/article_80d2fb6a-caf1-11ec-890e-df55d5203777.html,0.000541539716063094
zlib,nonmember,https://atlanticcityweekly.com/arts_and_entertainment/headliner-spotlight/article_e133d752-b40f-11ec-804b-3fc8784e4b3d.html,0.0003458784261550554
zlib,nonmember,https://atlanticcityweekly.com/food_and_drink/girasole-celebrates-three-decades-of-inspired-italian-cuisine/article_3720dc9c-e669-11ec-b789-f38926431134.html,0.0007441028441627625
zlib,nonmember,https://atlanticcityweekly.com/night-in-venice-continues-tradition-with-former-villanova-basketball-coach/article_0bf227e6-06b8-11ed-9717-77c5b4426168.html,0.0011861901874682527
zlib,nonmember,https://atlanticcityweekly.com/acw-cover-artwork/article_27cebef4-338e-11ed-b705-87fd076570f6.html,0.005085068267465204
zlib,nonmember,https://atlanticcityweekly.com/attheshore/dining/spring-beer-season-means-plenty-of-events-and-unique-styles/article_dc12a266-b45b-11ec-b42f-bf4396f587e6.html,0.0008743212419015
zlib,nonmember,https://atlanticcityweekly.com/arts_and_entertainment/headliner-spotlight/article_b9d7ad8a-e5bc-11ec-ade8-0b761171f793.html,0.0004556893788916178
zlib,nonmember,https://atlanticcityweekly.com/attheshore/dining/a-scrumptious-search-for-the-tastiest-appetizers-in-south-jersey/article_75da2cb0-bfde-11ec-a398-cff8134dbce8.html,0.00048519239912907437
zlib,nonmember,https://atlanticcityweekly.com/arts_and_entertainment/headliner-spotlight/article_b6af85f4-d529-11ec-81eb-e3f12d793c89.html,0.00036848765647246994
zlib,nonmember,https://atlanticcityweekly.com/arts_and_entertainment/showboat-debuts-indoor-go-kart-experience/article_c45d8264-daba-11ec-b9f4-dbbac7c5982a.html,0.0037557922957677094
zlib,nonmember,https://atlanticcityweekly.com/attheshore/dining/a-c-weekly-s-burger-bash-event-prepares-to-sizzle-after-a-three-year-hiatus/article_9ea74b2a-eb56-11ec-87f6-779fa13b4fd8.html,0.0025663724933409175
zlib,nonmember,https://atlanticcityweekly.com/attheshore/dining/new-jersey-breweries-need-your-support-after-absurd-regulations/article_2be4c80c-0f5e-11ed-a243-f3043737cb5e.html,0.0010727073110584889
zlib,nonmember,https://atlanticcityweekly.com/attheshore/nightlife/5-great-spots-to-enjoy-a-fresh-margarita-on-cinco-de-mayo/article_16f70eee-ca32-11ec-aadc-cf53668ae978.html,0.001123441610290945
zlib,nonmember,https://atlanticcityweekly.com/attheshore/dining/first-ever-atlantic-city-seafood-music-festival-looks-to-be-a-shuckin-good-time/article_5e248028-ef3d-11ec-97f8-f77be3d3afea.html,0.000809154880424225
zlib,nonmember,https://atlanticcityweekly.com/attheshore/dining/la-mesa-mr-gordo-offer-new-dining-options-for-mexican-holiday/article_7a95270e-ca57-11ec-858e-a36563b948f5.html,0.0005388804445660405
zlib,nonmember,https://atlanticcityweekly.com/acw-cover-concept-72822/article_1b7d12fe-0cfb-11ed-9027-5b4f3c706339.html,0.006125224859370622
zlib,nonmember,https://atlanticcityweekly.com/arts_and_entertainment/primus-pay-tribute-to-prog-rock-forefathers-as-a-tribute-to-kings-tour-rolls-into/article_7455ee38-d852-11ec-be86-1fca7fcedf04.html,0.0010146933346985502
zlib,nonmember,https://atlanticcityweekly.com/attheshore/dining/what-you-need-to-know-about-natural-organic-and-vegan-wines/article_aafe8884-bd0c-11ec-9480-e7666321cb62.html,0.001005301667032685
zlib,nonmember,https://atlanticcityweekly.com/attheshore/dining/the-chatterbox-in-ocean-city-roars-back-to-life-under-new-ownership/article_7a9b4afa-17e4-11ed-b41c-ab9968c3f524.html,0.000859423907953708
zlib,nonmember,https://atlanticcityweekly.com/attheshore/nightlife/weekly-horoscopes/article_bcc68bd4-dde1-11ec-82a9-0b654f59d66c.html,0.0035180081088040395
zlib,nonmember,https://atlanticcityweekly.com/attheshore/dining/ocean-casino-offers-a-choco-tribute/article_e9bfeb08-11a8-11ed-a531-9f484657ffc4.html,0.0030404948010513224
zlib,nonmember,https://atlanticcityweekly.com/attheshore/nightlife/5-reasons-to-check-out-coral-lounge-bar-at-resorts/article_0d02eed8-e5aa-11ec-a6d9-778392356120.html,0.001628544262107672
zlib,nonmember,https://atlanticcityweekly.com/attheshore/dining/appy-hour-at-harry-s-ocean-bar-grille/article_6323cd80-ef3e-11ec-9e25-53067c363be8.html,0.0013321824851128847
zlib,nonmember,https://atlanticcityweekly.com/arts_and_entertainment/a-fusion-of-top-shelf-talent-visits-ocean-casino-s-ovation-hall-for-the-third/article_53c593d6-332d-11ed-8efc-ff74f8c86174.html,0.0013936452890844005
zlib,nonmember,https://atlanticcityweekly.com/arts_and_entertainment/things-to-do-for-all-of-you/article_48f40220-0449-11ed-828f-5f926710e0ca.html,0.00023006168658698715
zlib,nonmember,https://atlanticcityweekly.com/attheshore/dining/sundaes-in-the-summer-at-peace-pie/article_3f2a00a0-e743-11ec-abfc-bf515eb8ca79.html,0.001523034498597356
zlib,nonmember,https://atlanticcityweekly.com/attheshore/dining/appy-hour-at-hotel-lbi/article_2b4b5a1e-1742-11ed-bc91-c70ff26b20ee.html,0.0016120316287010592
zlib,nonmember,https://atlanticcityweekly.com/arts_and_entertainment/with-a-wealth-of-new-businesses-and-teamwork-north-beach-now-hottest-spot-in-a/article_f80f6d30-0cff-11ed-8ff1-bb736a2cf94e.html,0.0008593418639349909
zlib,nonmember,https://atlanticcityweekly.com/sponsored/meet-the-business---one-stop-xteriors/article_0da709f4-dd22-11ec-ac34-b3f2e1fbf572.html,0.005470813906858889
zlib,nonmember,https://atlanticcityweekly.com/arts_and_entertainment/boy-band-what-a-rush-reunites-in-a-c/article_c020022a-f70d-11ec-8f73-a30e3ede1a34.html,0.0007835052122211385
zlib,nonmember,https://atlanticcityweekly.com/ats-cover-4-28-22/article_661c8de2-c4c8-11ec-9c0b-4b7ec50fa571.html,0.00519480578879961
zlib,nonmember,https://atlanticcityweekly.com/arts_and_entertainment/things-to-do-for-all-of-you/article_0e55b5bc-012b-11ed-9aee-efe1626087a1.html,0.00027219219490762643
zlib,nonmember,https://atlanticcityweekly.com/attheshore/events/don-t-get-faked-out-at-this-year-s-fakefest-at-golden-nugget/article_552390b4-ef3c-11ec-a8f8-9fd812f479e3.html,0.0009183355682069138
zlib,nonmember,https://atlanticcityweekly.com/arts_and_entertainment/headliner-spotlight/article_8545a318-b9a9-11ec-b6ba-db0c77773b95.html,0.00039764016802966223
zlib,nonmember,https://atlanticcityweekly.com/arts_and_entertainment/headliner-spotlight/article_74365b02-221e-11ed-9f03-37517144e6bb.html,0.0002663429308801716
zlib,nonmember,https://atlanticcityweekly.com/attheshore/dining/oh-my-dear---the-pumpkin-beers-are-here/article_9b838b4e-2872-11ed-9420-5b193f301a75.html,0.0010230813930052066
zlib,nonmember,https://atlanticcityweekly.com/blogs/casino_answer_man/slot-players-need-not-fear-mid-game-switch-via-server/article_2e282360-b41a-11ec-964c-b30bde973c53.html,0.002082874028703256
zlib,nonmember,https://atlanticcityweekly.com/arts_and_entertainment/headliner-spotlight/article_3dde292a-d851-11ec-8ad7-1f4893bce4b4.html,0.00029302496969292526
zlib,nonmember,https://atlanticcityweekly.com/arts_and_entertainment/headliner-spotlight/article_5e481624-045e-11ed-9fef-f7b0c59f60ec.html,0.0003403219258531211
zlib,nonmember,https://atlanticcityweekly.com/arts_and_entertainment/mummers-close-the-summer-with-the-annual-new-years-in-north-wildwood/article_2e0b2aa0-29f2-11ed-95f4-47d98f35e00b.html,0.0010538068848504236
zlib,nonmember,https://atlanticcityweekly.com/arts_and_entertainment/headliner-spotlight/article_d9f0a736-172e-11ed-8161-73005ae40156.html,0.00031059037936346373
zlib,nonmember,https://atlanticcityweekly.com/attheshore/nightlife/tidalwave-music-festival-brings-monsoon-of-country-music-to-a-c-beach-this-weekend/article_cc8697fa-1809-11ed-9bf7-b3dd59fd9080.html,0.0009325262132235617
zlib,nonmember,https://atlanticcityweekly.com/arts_and_entertainment/headliner-spotlight/article_f17ce35a-2f8a-11ed-af59-4741d5195105.html,0.0004033034087066357
zlib,nonmember,https://atlanticcityweekly.com/arts_and_entertainment/10-cool-things-to-discover-on-wildwood-boardwalk/article_3344f206-004b-11ed-9005-2390cc45c4b2.html,0.0006713944211538994
zlib,nonmember,https://atlanticcityweekly.com/attheshore/nightlife/5-great-spots-to-bar-hop-with-a-beverage-in-hand/article_9c2f775c-d54c-11ec-848f-9fc003c89049.html,0.001431741140661594
zlib,nonmember,https://atlanticcityweekly.com/arts_and_entertainment/john-cafferty-and-the-beaver-brown-band-to-perform-double-header-of-live-shows/article_b5642202-27a6-11ed-836d-b310ddc65c30.html,0.0014428464413589654
zlib,nonmember,https://atlanticcityweekly.com/attheshore/events/a-c-s-rock-fest-hosts-stacked-deck-of-bands-from-80s-to-present/article_48c3627e-e5f3-11ec-97e3-c7dcb6cc9662.html,0.0006648921356334005
zlib,nonmember,https://atlanticcityweekly.com/arts_and_entertainment/things-to-do-for-all-of-you/article_e4434a5e-253e-11ed-8f2c-574bc19c39a1.html,0.0006025724430160026
zlib,nonmember,https://atlanticcityweekly.com/arts_and_entertainment/art-music-and-wellness-celebrated-for-a-good-cause/article_f344d966-e662-11ec-a1b7-efa9ed3f5979.html,0.0018109121680806774
zlib,nonmember,https://atlanticcityweekly.com/attheshore/dining/burger-bash-chefs-bring-their-a-game-to-the-nugget-at-burger-bash-v/article_50e251c6-daa5-11ec-92fd-efd21528c340.html,0.0017304927574347097
zlib,nonmember,https://atlanticcityweekly.com/attheshore/dining/just-in-time-for-higher-temperatures-your-guide-to-summer-sippers/article_19d84b72-ea9f-11ec-86be-0b5fc0f7989a.html,0.001435464442517661
zlib,nonmember,https://atlanticcityweekly.com/celeb-chef-returns-to-a-c-with-fast-casual-burger-concept/article_390335b8-c720-11ec-9d45-7f6f1d51a9c1.html,0.0018037850956756966
zlib,nonmember,https://atlanticcityweekly.com/attheshore/nightlife/5-reasons-to-check-out-bally-s-new-carousel-bar/article_ab7b524a-dc49-11ec-ae2b-476eee9f9a39.html,0.0016174292346205483
zlib,nonmember,https://atlanticcityweekly.com/attheshore/nightlife/5-places-that-are-back-in-full-swing-for-the-summer/article_e01cca6a-d857-11ec-8c93-7376318e2ae8.html,0.0012992379324025818
zlib,nonmember,https://atlanticcityweekly.com/attheshore/dining/south-jersey-prepares-for-burger-bash-v/article_f059c2f8-ba6a-11ec-86cc-0feeadbf5b22.html,0.0033438877776763693
zlib,nonmember,https://atlanticcityweekly.com/arts_and_entertainment/5-things-to-know-about-the-pool-at-harrahs/article_104f1b66-29fc-11ed-9f19-e35d1ff1ec5e.html,0.0016238831763287183
zlib,nonmember,https://atlanticcityweekly.com/arts_and_entertainment/summer-s-unofficial-kickoff-is-a-weekend-worth-celebrating-in-south-jersey/article_ff365b40-db6e-11ec-8e7c-579040121510.html,0.0007452301175229804
zlib,nonmember,https://atlanticcityweekly.com/attheshore/nightlife/4-spots-to-pre-and-post-game-for-tidal-wave-festival/article_30a84ea0-17fa-11ed-902a-87cb86b85156.html,0.002018629746334488
zlib,nonmember,https://atlanticcityweekly.com/060922-acw-acwcoverphotos/article_6d0dbac6-e67f-11ec-8c08-33ca211193ad.html,0.00463276673889087
zlib,nonmember,https://atlanticcityweekly.com/arts_and_entertainment/chili-knockout-spicy-food-fest-brings-the-burn-to-a-c/article_9c13a1e2-d5f3-11ec-97ae-ff9ff3d2735f.html,0.00090097374192172
zlib,nonmember,https://atlanticcityweekly.com/serindipity3-brings-over-the-top-desserts-bites-drinks-and-celebrations-to-ocean-casino/article_c242df36-06d1-11ed-bd3a-d3243d1d9689.html,0.0009548699322227192
zlib,nonmember,https://atlanticcityweekly.com/arts_and_entertainment/a-full-lineup-of-new-bars-restaurants-and-gaming-concepts-are-headed-to-trop-this/article_95d249a2-bc06-11ec-a002-1f427fc39c74.html,0.0011894739179501522
zlib,nonmember,https://atlanticcityweekly.com/attheshore/dining/two-seafood-buffets-bring-all-you-can-eat-options-to-family-fun-locations/article_1a52f9ec-f703-11ec-923f-f3b3c4c74a30.html,0.0014469434327908839
zlib,nonmember,https://atlanticcityweekly.com/arts_and_entertainment/tito-puente-jr-brings-the-spirit-of-his-father-s-music-to-somers-point/article_d6312a58-dd22-11ec-81b2-2b7c78c6a543.html,0.0011651163905862286
zlib,nonmember,https://atlanticcityweekly.com/attheshore/dining/ossu-japanese-tavern-the-latest-hit-in-trop-s-dining-re-imaginings/article_a4a4e780-2305-11ed-b86b-f7fbed36d9d7.html,0.0010994784842563328
zlib,nonmember,https://atlanticcityweekly.com/exit-zero-jazz-festival-celebrates-10th-anniversary-with-stellar-lineup/article_79ca0898-d07f-11ec-b72d-57b4112654bd.html,0.0012455864007711159
zlib,nonmember,https://atlanticcityweekly.com/arts_and_entertainment/the-genesis-show-brings-the-duke-tour-to-levoy-theatre/article_6e6de534-2a1e-11ed-b675-278865971c33.html,0.0011367541303524285
zlib,nonmember,https://atlanticcityweekly.com/arts_and_entertainment/headliner-spotlight/article_25b9e83e-dd15-11ec-ba1c-5f176eaaf51b.html,0.0004409025612691124
zlib,nonmember,https://atlanticcityweekly.com/attheshore/dining/spring-is-here-but-there-are-no-rules-when-you-can-enjoy-any-type-of/article_da4ae6c0-d52e-11ec-8532-8b32fcab291c.html,0.0010171045952448914
zlib,nonmember,https://atlanticcityweekly.com/attheshore/events/the-right-notes-2022-honoring-jayne-bray/article_604c316a-1d65-11ed-9d98-ef6a3661c516.html,0.0013254746808889905
zlib,nonmember,https://atlanticcityweekly.com/attheshore/dining/sundaes-in-the-summer-at-drip-n-scoop/article_d5b56380-0f5b-11ed-9534-37f0085acc21.html,0.0018162536304249489
zlib,nonmember,https://atlanticcityweekly.com/arts_and_entertainment/local-winery-hosts-country-music-festival-for-holiday-weekend/article_f357144e-f6e5-11ec-aede-cb28e179b739.html,0.002763936391102213
zlib,nonmember,https://atlanticcityweekly.com/arts_and_entertainment/headliner-spotlight/article_fcf61e50-0c2f-11ed-a30c-f31e9f370d76.html,0.00032720647999734127
zlib,nonmember,https://atlanticcityweekly.com/arts_and_entertainment/headliner-spotlight/article_aa4f44a2-ea9b-11ec-bd17-3bf49578de70.html,0.00039659311349006824
zlib,nonmember,https://atlanticcityweekly.com/attheshore/dining/from-crepes-to-quiche-asbury-kitchen-worth-checking-out/article_e6bfe950-01ed-11ed-9754-b33e90dc2edf.html,0.0013961646261917648
zlib,nonmember,https://atlanticcityweekly.com/attheshore/nightlife/crowd-size-day-of-the-week-all-the-same-for-slot-payouts/article_b05a8848-3294-11ed-b2a2-67c0a45d43e8.html,0.002177450298842596
zlib,nonmember,https://atlanticcityweekly.com/attheshore/dining/appy-hour-at-izzy-s-river-landing/article_fa90d9fa-e5ad-11ec-99d3-8b9f1c60ab4b.html,0.001186852723549338
zlib,nonmember,https://atlanticcityweekly.com/arts_and_entertainment/legendary-comic-steven-wright-returns-to-a-c/article_7c1ef9f8-d603-11ec-aaae-4fb2b586c540.html,0.0007700875393999525
zlib,nonmember,https://atlanticcityweekly.com/attheshore/dining/appy-hour-at-laguna-grill-and-rum-bar/article_8694fefc-0ced-11ed-be23-7f78a7ad05c4.html,0.0011167914433196174
zlib,nonmember,https://atlanticcityweekly.com/attheshore/dining/manco-manco-opens-a-location-at-citizens-bank-park/article_73a4fae4-b433-11ec-a89b-7bc23b90aae1.html,0.0014379409504091088
zlib,nonmember,https://atlanticcityweekly.com/attheshore/dining/all-kinds-of-competition-are-set-to-go-down-at-burger-bash-v/article_024d63e2-e668-11ec-8c05-33a7aeb8c7e5.html,0.001748136311936154
zlib,nonmember,https://atlanticcityweekly.com/arts_and_entertainment/headliner-spotlight/article_589ce962-0f4d-11ed-960a-875dd7e7bf05.html,0.00027557397547296953
zlib,nonmember,https://atlanticcityweekly.com/arts_and_entertainment/concert-review-the-black-crowes-tear-it-up-at-their-saturday-night-rock-n-roll/article_f150728e-fae2-11ec-9d5c-13f4f22ac4f4.html,0.001982179084982642
zlib,nonmember,https://atlanticcityweekly.com/attheshore/headliners/headliner-spotlight/article_cbb08398-cf95-11ec-b3d9-1bac664d3da8.html,0.0002707117933706753
zlib,nonmember,https://atlanticcityweekly.com/attheshore/dining/sundaes-in-the-summer-at-royale-crown/article_9b039e3a-0693-11ed-a8ea-4f475c83bf28.html,0.0014199092059848301
zlib,nonmember,https://atlanticcityweekly.com/attheshore/dining/manco-manco-opens-a-location-at-citizen-bank-park/article_73a4fae4-b433-11ec-a89b-7bc23b90aae1.html,0.013826729679447307
zlib,nonmember,https://atlanticcityweekly.com/attheshore/dining/foodie-friendly-charity-events-come-to-south-jersey-this-week/article_18717df6-c57b-11ec-beb7-37e9a27b9977.html,0.0011937954984531428
zlib,nonmember,https://atlanticcityweekly.com/attheshore/events/a-c-s-rock-fest-hosts-stacked-deck-of-bands-from-80s-to-present/article_33cf1976-e670-11ec-b19e-cfa8af8d150b.html,0.0006648921356334005
zlib,nonmember,https://atlanticcityweekly.com/attheshore/dining/on-a-roll-at-vic-s-subs/article_77674ad4-b9be-11ec-9989-9fc754b73f73.html,0.0015928934382304523
zlib,nonmember,https://atlanticcityweekly.com/attheshore/dining/appy-hour-at-buckets-margarita-bar-cantina/article_82e07804-f7b7-11ec-97a4-d7977ffabcbc.html,0.0013361211007863554
zlib,nonmember,https://atlanticcityweekly.com/arts_and_entertainment/a-weekend-full-of-firefighting-fun/article_5e519ab0-2f91-11ed-85a4-0f90314c111d.html,0.0016996795566884533
zlib,nonmember,https://atlanticcityweekly.com/attheshore/dining/our-picks-for-where-to-wine-and-dine-mom-this-mother-s-day/article_3aabea8c-caf3-11ec-8321-4347195e5772.html,0.0004983166989976774
zlib,nonmember,https://atlanticcityweekly.com/attheshore/dining/exit-zero-transforms-cape-may-s-ferry-park-into-a-destination-of-its-own/article_157671c4-d5fc-11ec-a0b8-577a3f86b352.html,0.000749629971357079
zlib,nonmember,https://atlanticcityweekly.com/attheshore/events/3-places-to-grab-a-drink-and-watch-the-atlantic-city-airshow/article_6e32b418-1d72-11ed-bc12-93c14905474f.html,0.0024295068496855976
zlib,nonmember,https://atlanticcityweekly.com/attheshore/dining/andy-s-pizza-in-hammonton-is-buzzing-with-breakfast-brilliance/article_c8935cd0-c4c3-11ec-b8d2-c7357ffc7406.html,0.0007164206600435226
zlib,nonmember,https://atlanticcityweekly.com/attheshore/events/a-c-hosts-free-concerts-on-the-boardwalk-each-week-through-the-summer/article_a8636d5c-11b1-11ed-b46c-a330bbd45646.html,0.0011776689595085052
zlib,nonmember,https://atlanticcityweekly.com/arts_and_entertainment/jersey-legend-southside-johnny-enjoying-being-back-on-road-again/article_41fd3996-d532-11ec-a1f2-23a01a7a06b0.html,0.0008457618053773304
zlib,nonmember,https://atlanticcityweekly.com/blogs/casino_answer_man/cards-in-hand-have-impact-on-possibilities-for-draw/article_7e60a106-279a-11ed-bd8c-d7b304d0621a.html,0.0021549135567324107
zlib,nonmember,https://atlanticcityweekly.com/attheshore/events/5-places-to-hang-out-before-and-after-barefoot-music-fest-in-wildwoods/article_eba730f6-eb3e-11ec-94d0-4b237bc8099a.html,0.001118398029010274
zlib,nonmember,https://atlanticcityweekly.com/blogs/gaming_guru/millions-of-hands-played-few-never-to-be-forgotten/article_e543836e-1711-11ed-bf36-e3ec9f19b5b9.html,0.002220634834530808
zlib,nonmember,https://atlanticcityweekly.com/arts_and_entertainment/skato-with-kato-briefing/article_cd1d9382-e12a-11ec-ab7d-1f996f6c6c4d.html,0.004499415604887053
zlib,nonmember,https://atlanticcityweekly.com/attheshore/dining/building-the-perfect-labor-day-weekend/article_48f8d450-24a9-11ed-af6c-c32f9ee5e88f.html,0.0009430109962230824
zlib,nonmember,https://atlanticcityweekly.com/arts_and_entertainment/5-albums-to-play-before-summer-ends/article_1d614c2c-281f-11ed-ad42-0f92d2ee8cb4.html,0.001665028910511335
zlib,nonmember,https://atlanticcityweekly.com/attheshore/dining/on-a-roll-at-the-cheese-board/article_3b455716-b415-11ec-9f7e-e7f83196c882.html,0.0018366220073053926
zlib,nonmember,https://atlanticcityweekly.com/arts_and_entertainment/masters-of-illusion-brings-mind-bending-magic-mayhem-and-macabre-to-harrah-s/article_be92a904-f185-11ec-91fa-93917aee798b.html,0.0009078752028914478
zlib,nonmember,https://atlanticcityweekly.com/arts_and_entertainment/scaggs-brings-influential-trilogy-to-ocean-casino/article_b026bc54-0f4c-11ed-8de7-4b43cefbde9d.html,0.0008248735828294096
zlib,nonmember,https://atlanticcityweekly.com/arts_and_entertainment/melissa-manchester-brings-hits-to-benefit-south-jersey-arts/article_466d27fc-11d2-11ed-b952-ef7216fce5cf.html,0.0007406618727069617
zlib,nonmember,https://atlanticcityweekly.com/attheshore/dining/on-a-roll-at-the-anchorage-tavern-in-somers-point/article_77775516-c27c-11ec-a433-b32d86fbf139.html,0.0014290818224131712
zlib,nonmember,https://atlanticcityweekly.com/attheshore/nightlife/5-places-to-dance-through-the-night/article_a81f8cb4-24a7-11ed-b5c4-879548f61a38.html,0.0018080110011145284
zlib,nonmember,https://atlanticcityweekly.com/arts_and_entertainment/north-wildwood-s-annual-festival-celebrating-live-blues-and-bbq-prepares-to-sizzle/article_79f48678-f95f-11ec-b70c-23f5571d3ed7.html,0.001352073005274361
zlib,nonmember,https://atlanticcityweekly.com/attheshore/dining/don-t-behave-like-a-bunch-of-asses-make-sure-to-grab-your-burger-bash/article_7bc3ec16-cfc8-11ec-b4b3-97daa69de175.html,0.0017533967709332026
zlib,nonmember,https://atlanticcityweekly.com/after-a-bit-of-downtime-burlesque-show-returns-to-borgata-with-a-bang/article_c3de8278-d071-11ec-be94-87f487e52057.html,0.0008841635498890794
zlib,nonmember,https://atlanticcityweekly.com/food_and_drink/few-spots-left-for-late-night-dining-in-atlantic-city/article_d30ca9d0-1d80-11ed-a0db-b79e22601e38.html,0.002172076677778579
zlib,nonmember,https://atlanticcityweekly.com/arts_and_entertainment/jazz-society-hosts-jazzy-warm-up-act-for-return-of-somers-point-s-biggest-fest/article_98a22448-bf64-11ec-bd5c-934a3d378c6e.html,0.0013523270831648584
zlib,nonmember,https://atlanticcityweekly.com/just_for_fun/stockton-s-walking-tours-return-to-showcase-a-c-s-rich-history/article_815dbe86-f962-11ec-8a5d-d7b7a687aa3d.html,0.0014716402469899274
zlib,nonmember,https://atlanticcityweekly.com/arts_and_entertainment/headliner-spotlight/article_4f613ad6-2539-11ed-b6fb-bbad2fc3e492.html,0.0003212373823281491
zlib,nonmember,https://atlanticcityweekly.com/arts_and_entertainment/south-jersey-is-hopping-with-holiday-events/article_b27181f2-b9a1-11ec-bad4-a712d3d7851a.html,0.0007097762085386805
zlib,nonmember,https://atlanticcityweekly.com/attheshore/nightlife/how-increased-tax-form-trigger-would-affect-big-slot-winners/article_7406dd5e-0118-11ed-9597-7fb9b7ff4ed0.html,0.001960780659741817
zlib,nonmember,https://atlanticcityweekly.com/arts_and_entertainment/smithville-village-s-mayfest-means-another-weekend-of-fabulous-family-fun/article_13bcb0b6-d073-11ec-a0a9-2f8a6ba00476.html,0.0013064722412812438
zlib,nonmember,https://atlanticcityweekly.com/arts_and_entertainment/things-to-do-for-all-of-you/article_ae169994-e5b6-11ec-b9b5-2febcb289f1d.html,0.0004524817372676384
zlib,nonmember,https://atlanticcityweekly.com/arts_and_entertainment/phanatic-and-special-guests-to-visit-ocean-city-boardwalk-for-phillies-day-at-manco-manco/article_73cd4d64-eccd-11ec-acf9-5fc677e77d31.html,0.004321525867596997
zlib,nonmember,https://atlanticcityweekly.com/5-wineries-to-visit-in-the-area-and-what-makes-them-so-special/article_0d567418-0c10-11ed-ad9c-33f405e1130a.html,0.0011014616802000974
zlib,nonmember,https://atlanticcityweekly.com/ats-cover-pics-42122/article_642b71ba-bf64-11ec-8269-a73d00580020.html,0.005293328983065891
zlib,nonmember,https://atlanticcityweekly.com/attheshore/dining/the-chicken-sandwich-wars-rage-on-picking-the-top-bird-in-a-fast-food-face/article_ebf74e30-287c-11ed-8ec0-6b410caf185a.html,0.001041131424670513
zlib,nonmember,https://atlanticcityweekly.com/attheshore/dining/5-reasons-to-check-out-bally-s-locally-loved-week/article_92adffda-b9bf-11ec-8b4e-cbb2ab99103f.html,0.0013878867649256314
zlib,nonmember,https://atlanticcityweekly.com/blogs/casino_answer_man/player-yearns-for-charlies-after-push-on-low-card-run/article_f086b05a-c3df-11ec-8992-cb2f82f753b3.html,0.002038444812862323
zlib,nonmember,https://atlanticcityweekly.com/ossu-japanese-tavern-the-latest-hit-in-trop-s-dining-re-imaginings/article_7b69408a-2311-11ed-bf76-e7ce6912d77f.html,0.0010897731038592114
zlib,nonmember,https://atlanticcityweekly.com/attheshore/nightlife/can-you-own-your-own-slot-machine-rules-depend-on-your-home-state/article_6aeaeb78-e595-11ec-862f-0f3f1283a5b3.html,0.0017288909915853363
zlib,nonmember,https://atlanticcityweekly.com/arts_and_entertainment/5-questions-with-kenny-wayne-shepherd/article_00722c30-1d6b-11ed-8db7-8fed48dfef86.html,0.0015213861005549968
zlib,nonmember,https://atlanticcityweekly.com/attheshore/dining/a-q-a-with-chef-bob-hettmannsperger-of-essl-s-dugout/article_ae69b5c0-29fe-11ed-a990-b3d4c8745473.html,0.0014789527436211423
zlib,nonmember,https://atlanticcityweekly.com/attheshore/nightlife/blackjack-bob-gives-thumbs-up-to-zappit-as-change-of-pace-game/article_6331b29a-0c14-11ed-9a5b-8f193fdf89de.html,0.0019774599000095495
zlib,nonmember,https://atlanticcityweekly.com/arts_and_entertainment/all-you-need-to-know-about-ocean-s-draft-day-party/article_fc25aea2-c4bb-11ec-aadb-872a80550e92.html,0.002233633987490123
zlib,nonmember,https://atlanticcityweekly.com/arts_and_entertainment/iconic-director-john-waters-brings-one-man-show-to-a-c/article_2bd684a2-bf33-11ec-a0ee-8baf97f08373.html,0.0005625729367240269
zlib,nonmember,https://atlanticcityweekly.com/arts_and_entertainment/after-a-bit-of-downtime-burlesque-show-returns-to-borgata-with-a-bang/article_3c0365e6-cf93-11ec-9224-0f2e5d59fbe9.html,0.0008841635498890794
zlib,nonmember,https://atlanticcityweekly.com/attheshore/nightlife/weekly-horoscopes/article_5d46207e-0c27-11ed-b9ee-2f15b9ca8857.html,0.003273172379141676
zlib,nonmember,https://atlanticcityweekly.com/arts_and_entertainment/headliner-spotlight/article_3afa4f60-c27e-11ec-b1f4-a3f8f9e8d0e8.html,0.00022404880380917354
zlib,nonmember,https://atlanticcityweekly.com/attheshore/dining/on-a-roll-at-sack-o-subs/article_4cb4c374-d530-11ec-9ead-671ddc51a979.html,0.0016165425720982493
zlib,nonmember,https://atlanticcityweekly.com/attheshore/dining/serindipity3-brings-over-the-top-desserts-bites-drinks-and-celebrations-to-ocean-casino/article_8a7359ba-06bc-11ed-b98e-c328deb3af2e.html,0.0009414665335120243
zlib,nonmember,https://atlanticcityweekly.com/attheshore/nightlife/table-game-jackpot-odds-vary-with-number-of-decks/article_cdd61a1c-ca0d-11ec-a3ec-cb06dd7d0a56.html,0.002249863599407964
zlib,nonmember,https://atlanticcityweekly.com/weekly-horoscopes/article_e2effe24-b46c-11ec-9f20-4bc684f93741.html,0.003131914688974495
zlib,nonmember,https://atlanticcityweekly.com/attheshore/dining/cape-may-s-taco-caballito-shines-bright-under-youthful-new-owners/article_f5c9dfae-ddbd-11ec-ae69-6f7ec70da37a.html,0.0007672771541871106
zlib,nonmember,https://atlanticcityweekly.com/attheshore/nightlife/5-places-to-grab-a-hot-dog-and-a-beer/article_8480b660-004a-11ed-a89b-4b1be25b1460.html,0.0011923866781805873
zlib,nonmember,https://atlanticcityweekly.com/arts_and_entertainment/headliner-spotlight/article_abe4b70e-ef3a-11ec-a5e0-8f37627ae22f.html,0.0003470039774039451
zlib,nonmember,https://atlanticcityweekly.com/attheshore/dining/sundaes-in-the-summer-at-juli-s-pink-ice-cream/article_ec9cfb2a-2fa0-11ed-8a0c-3b1069c99b29.html,0.002216752104261799
zlib,nonmember,https://atlanticcityweekly.com/attheshore/dining/burger-bash-v-returns-to-the-nugget/article_aaba2af2-c268-11ec-965b-0f8c63cf301d.html,0.0019907560438252904
zlib,nonmember,https://atlanticcityweekly.com/arts_and_entertainment/headliner-spotlight/article_0f4bec20-bd0b-11ec-b4c6-a731583a4d92.html,0.00036710927438336934
zlib,nonmember,https://atlanticcityweekly.com/attheshore/dining/ain-t-no-cure-but-the-summertime-brews/article_fe207d9a-f95e-11ec-8919-37bb230ee72e.html,0.0011105550920671235
zlib,nonmember,https://atlanticcityweekly.com/arts_and_entertainment/5-questions-with-stephen-pearcy-the-voice-of-ratt/article_08cadc6a-e73d-11ec-ac95-ab0868cf1084.html,0.0014217919334040723
zlib,nonmember,https://atlanticcityweekly.com/arts_and_entertainment/ocean-casino-hosts-a-night-celebrating-the-chairman-of-the-board/article_fec0f628-2288-11ed-9ee8-bb5a6341d8c3.html,0.0008700445219481921
zlib,nonmember,https://atlanticcityweekly.com/arts_and_entertainment/things-to-do-for-all-of-you/article_6840bbda-b9b9-11ec-bb54-537b52472319.html,0.0006741214408711952
zlib,nonmember,https://atlanticcityweekly.com/attheshore/nightlife/5-reasons-to-check-out-classic-rewind-weekend-at-showboat/article_d7a535c2-f0ba-11ec-8a23-ffce935db711.html,0.0017411978742329917
zlib,nonmember,https://atlanticcityweekly.com/arts_and_entertainment/things-to-do-for-all-of-you/article_813e288e-0c43-11ed-bdda-139c52738ac7.html,0.00023577581459027533
zlib,nonmember,https://atlanticcityweekly.com/arts_and_entertainment/somers-point-s-biggest-festival-rises-again-as-bayfest-returns-for-2022/article_98afea96-c4c4-11ec-80b8-57ec3b1efe8e.html,0.0009882514946055701
zlib,nonmember,https://atlanticcityweekly.com/arts_and_entertainment/a-c-beer-music-fest-returns-to-bader-field-for-another-year-in-the-sun/article_f0581b2c-e0e1-11ec-bd7b-73bc9dff5623.html,0.0007810214463911199
zlib,nonmember,https://atlanticcityweekly.com/sponsored/north-beach-atlantic-city-fireworks-celebration-set-for-july-1/article_0003cb8e-ebff-11ec-bc67-dfcb4a2b74e6.html,0.0028429694205390587
