method,membership,doc_id,score
loss,member,https://www.gadsdentimes.com/story/news/politics/elections/local/2022/09/16/profile-of-gadsden-mayoral-contender-craig-ford/69492534007/,2.6969872115711193
loss,member,https://www.gadsdentimes.com/story/opinion/columns/2022/07/23/john-floyd-gets-up-close-look-blue-angels/10107181002/,2.780880867676773
loss,member,https://www.gadsdentimes.com/story/news/2022/06/14/grmc-unveils-new-childbirth-technology/7582948001/,2.4336071778683865
loss,member,https://www.gadsdentimes.com/story/news/2022/05/09/gscc-valley-street-campus-honors-dr-gertie-lowe/9630413002/,2.563970871441283
loss,member,https://www.gadsdentimes.com/story/news/2022/09/17/alabama-211-closed-scenic-drive-i-59-monday-water-work/69498877007/,2.678305499866018
loss,member,https://www.gadsdentimes.com/story/news/2022/08/04/gadsden-city-school-board-names-assistant-superintendent/10226289002/,2.759769194900966
loss,member,https://www.gadsdentimes.com/story/news/2022/08/17/democrats-host-discussion-debate-4th-district-issues-gadsden/10351651002/,2.816390702634508
loss,member,https://www.gadsdentimes.com/story/news/2022/06/02/marshall-county-probe-leads-cos-arrest-drug-contraband-charges/7489335001/,1.7574899091353857
loss,member,https://www.gadsdentimes.com/story/news/2022/08/05/etowah-county-4-h-kicks-off-busy-year/10228629002/,2.666241696374837
loss,member,https://www.gadsdentimes.com/story/sports/high-school/2022/09/10/gadsdens-top-high-school-football-and-volleyball-performances-week-3/65471881007/,2.12092378274945
loss,member,https://www.gadsdentimes.com/restricted/?return=https%3A%2F%2Fwww.gadsdentimes.com%2Fstory%2Fsports%2Fhigh-school%2Fsoftball%2F2022%2F05%2F09%2Fahsaa-softball-gadsden-area-players-watch-regionals%2F9675505002%2F,0.0685340054700671
loss,member,https://www.gadsdentimes.com/story/news/2022/06/06/etowah-commission-race-contest-state-democrats-may-decide/7513880001/,2.9932773338038503
loss,member,https://www.gadsdentimes.com/story/sports/high-school/baseball/2022/06/12/ahsaa-gadsden-area-players-named-2022-all-state-baseball-teams/7506130001/,1.9707411828848251
loss,member,https://www.gadsdentimes.com/story/news/2022/05/25/ballot-issue-impacts-primary-elections/9924046002/,2.5814451411729227
loss,member,https://www.gadsdentimes.com/story/news/2022/04/26/eura-brown-celebrates-return-serendipity-day/7439684001/,2.3270469173966255
loss,member,https://www.gadsdentimes.com/story/news/2022/06/21/national-guard-gaa-city-gadsden-say-runway-lengthened/7681717001/,1.9807423731646363
loss,member,https://www.gadsdentimes.com/story/news/2022/04/18/talladega-man-killed-sunday-night-atv-crash/7354904001/,1.52122273824252
loss,member,https://www.gadsdentimes.com/story/lifestyle/columns/2022/07/15/david-murdock-discusses-his-love-crosswords/10059842002/,3.0059963843694932
loss,member,https://www.gadsdentimes.com/story/news/2022/08/12/gadsden-alabama-firefighter-lawsuit-pay-violations-fire-department/10297492002/,2.5106429868672464
loss,member,https://www.gadsdentimes.com/story/news/2022/04/15/calhoun-county-school-bus-crash-probed-no-injures-reported/7325188001/,1.7310684713077562
loss,member,https://www.gadsdentimes.com/story/news/2022/07/13/gadsden-doctor-murray-riggins-dies-67/10030691002/,2.384182773187679
loss,member,https://www.gadsdentimes.com/story/sports/high-school/baseball/2022/05/02/ahsaa-baseball-pairings-schedules-gadsden-area-teams/9614482002/,1.9452870832554117
loss,member,https://www.gadsdentimes.com/story/news/2022/06/24/best-practices-home-canning/7701778001/,3.0734777526593784
loss,member,https://www.gadsdentimes.com/story/news/2022/08/18/rainsville-al-crash-truck-overturns-hazmat-spill-detours-dekalb-county/7834668001/,2.5037573266217064
loss,member,https://www.gadsdentimes.com/story/news/2022/05/09/craig-pruett-home-after-269-days-hospitalized-covid-19/9700479002/,2.385804306322506
loss,member,https://www.gadsdentimes.com/restricted/?return=https%3A%2F%2Fwww.gadsdentimes.com%2Fstory%2Fsports%2Fhigh-school%2Fbaseball%2F2022%2F04%2F18%2Fahsaa-baseball-18-gadsden-area-players-watch-first-round-playoffs%2F7328897001%2F,0.10845873010019005
loss,member,https://www.gadsdentimes.com/story/sports/college/baseball/2022/04/01/college-baseball-eastern-kentucky-end-jacksonville-states-winning-streak/7245276001/,2.0283423381377705
loss,member,https://www.gadsdentimes.com/story/news/2022/08/26/girl-injured-in-dog-attack-wednesday-in-north-gadsden/65458390007/,2.2205232622451847
loss,member,https://www.gadsdentimes.com/restricted/?return=https%3A%2F%2Fwww.gadsdentimes.com%2Fstory%2Fnews%2F2022%2F06%2F23%2Fhow-folk-af-became-rock-solid-staple-community%2F7608734001%2F,0.10985399778969578
loss,member,https://www.gadsdentimes.com/story/opinion/columns/2022/04/24/us-needs-people-willing-explore-diverse-careers/7385669001/,3.094154882038675
loss,member,https://www.gadsdentimes.com/story/sports/college/football/2022/04/09/jacksonville-state-football-first-spring-game-takes-place-under-rich-rodriguez/7244650001/,2.41879556741229
loss,member,https://www.gadsdentimes.com/story/news/2022/05/02/steele-dragway-incident-kills-one-man-injures-another-person/9621596002/,2.0829454558679483
loss,member,https://www.gadsdentimes.com/story/news/2022/05/11/house-district-28-candidate-mack-butler-finds-mapping-error/9716340002/,2.736230399925641
loss,member,https://www.gadsdentimes.com/story/opinion/columns/2022/04/02/taxpayers-need-answers-airport/7210362001/,2.5902943749525433
loss,member,https://www.gadsdentimes.com/story/lifestyle/columns/2022/06/16/fathers-day-gadsden-times-columnist-takes-look/7633446001/,2.8007031771390607
loss,member,https://www.gadsdentimes.com/story/news/2022/08/01/desoto-state-park-georgia-man-outdoor-enthusiast-drowns/10201587002/,2.3679364209138485
loss,member,https://www.gadsdentimes.com/story/news/2022/06/13/lowe-brothers-serving-learning-together-navy-facility-florida/7557434001/,2.514294991257858
loss,member,https://www.gadsdentimes.com/story/news/2022/04/08/galilees-robinson-mark-milestones/9477157002/,2.5570611484757
loss,member,https://www.gadsdentimes.com/story/sports/college/softball/2022/04/06/college-softball-alabama-jacksonville-state-softball-canceled/9483634002/,2.3716030434672626
loss,member,https://www.gadsdentimes.com/restricted/?return=https%3A%2F%2Fwww.gadsdentimes.com%2Fstory%2Fsports%2Fhigh-school%2Fbaseball%2F2022%2F04%2F09%2Fahsaa-sports-gadsden-area-high-school-top-performers-second-week-april%2F9513782002%2F,0.10845873010019005
loss,member,https://www.gadsdentimes.com/story/news/politics/elections/2022/05/24/alabama-primary-election-2022-results-house-district-28-mack-butler/9860478002/,2.7361653624386744
loss,member,https://www.gadsdentimes.com/story/news/2022/06/24/over-2-000-volunteer-hours-logged-during-day-action/7711660001/,2.6933866343071933
loss,member,https://www.gadsdentimes.com/story/news/2022/05/29/southside-police-check-security-cameras-signs-stolen-truck/9963212002/,2.6871611161154165
loss,member,https://www.gadsdentimes.com/story/news/2022/04/20/gadsden-airport-authority-asks-city-400-000-pay-legal-fees/7377033001/,2.719050544163478
loss,member,https://www.gadsdentimes.com/story/opinion/columns/2022/07/30/john-f-floyd-discusses-need-economic-development/10177673002/,2.681953497804252
loss,member,https://www.gadsdentimes.com/story/news/2022/09/15/guntersville-man-charged-with-aggravated-assault-shooting-of-brother-alabama/69487861007/,2.2858663261980805
loss,member,https://www.gadsdentimes.com/story/news/2022/04/17/search-continues-gadsden-person-believed-drowned-coosa-river/7347537001/,2.361515338259613
loss,member,https://www.gadsdentimes.com/story/news/2022/06/29/gadsden-state-rn-program-first-its-kind-state-alabama/7728443001/,2.5201328689633087
loss,member,https://www.gadsdentimes.com/story/opinion/columns/2022/05/01/respecting-rights-others/9554136002/,3.068468535570767
loss,member,https://www.gadsdentimes.com/restricted/?return=https%3A%2F%2Fwww.gadsdentimes.com%2Fstory%2Fsports%2Fhigh-school%2Ftrack-field%2F2022%2F04%2F28%2Fgadsden-high-school-track-field-athletes-watch-ahsaa-state-championships%2F7383235001%2F,0.0685340054700671
loss,member,https://www.gadsdentimes.com/story/news/2022/05/08/gadsden-al-lorraine-moore-birthday/9644993002/,2.9406353052526506
loss,member,https://www.gadsdentimes.com/story/news/2022/06/16/juneteenth-origins-meanings-opinion-an-american-not-black-cultural-event/7646057001/,2.560618011970819
loss,member,https://www.gadsdentimes.com/story/news/2022/05/24/gadsden-museum-art-exhibits-june-begin-june-3/9897180002/,3.1137672845274373
loss,member,https://www.gadsdentimes.com/story/news/2022/08/23/slow-turnout-gadsden-municipal-elections-big-decisions/7875446001/,2.4957646360142283
loss,member,https://www.gadsdentimes.com/story/news/2022/09/15/cherokee-county-road-crash-al-charles-grady-sharp-dead/69497392007/,1.9071510279269193
loss,member,https://www.gadsdentimes.com/story/news/2022/04/07/commissioners-approve-fee-increases-finalize-plans-mcat/9472528002/,2.7225943843188762
loss,member,https://www.gadsdentimes.com/story/news/politics/elections/local/2022/08/19/gadsden-district-6-city-council-2022-meet-candidates-q-a/10074880002/,3.0133468291780066
loss,member,https://www.gadsdentimes.com/story/sports/pro/2022/04/21/boxing-shaquille-cameron-first-gadsden-area-boxer-making-name/7328923001/,2.7435058492594586
loss,member,https://www.gadsdentimes.com/restricted/?return=https%3A%2F%2Fwww.gadsdentimes.com%2Fstory%2Fsports%2Fhigh-school%2Fbaseball%2F2022%2F04%2F18%2Fahsaa-sports-gadsden-area-high-school-top-performers-third-week-april%2F7328930001%2F,0.10845873010019005
loss,member,https://www.gadsdentimes.com/story/news/2022/07/10/roe-v-wade-ruling-alabama-department-human-resources-gadsden-agencies/7795195001/,2.404801829284734
loss,member,https://www.gadsdentimes.com/story/news/2022/05/27/dealing-product-recalls/9943854002/,2.631176684494647
loss,member,https://www.gadsdentimes.com/story/news/politics/elections/local/2022/08/19/gadsden-municipal-election-2022-voting-mayor-city-council-school-board-candidates/10342692002/,2.7193273970302725
loss,member,https://www.gadsdentimes.com/story/news/2022/04/21/gadsden-drowning-victim-found-after-six-day-search-coosa/7402517001/,2.071649865843068
loss,member,https://www.gadsdentimes.com/story/news/2022/07/27/black-jacket-symphony-perform-rumors-sand-mountain-amphitheater/10159012002/,2.089884521684267
loss,member,https://www.gadsdentimes.com/story/news/2022/06/11/16th-elder-abuse-summit-held-june-15/7583758001/,2.4912893398973917
loss,member,https://www.gadsdentimes.com/story/news/2022/05/19/missing-southside-man/9838333002/,2.173886663285907
loss,member,https://www.gadsdentimes.com/story/news/2022/04/06/girl-7-killed-atv-crash-near-boaz-adult-injured/9482349002/,1.668935944207302
loss,member,https://www.gadsdentimes.com/story/sports/2022/06/20/sarah-patterson-alabama-gymnastics-title-ix-equality/9838856002/,2.4862215501416984
loss,member,https://www.gadsdentimes.com/story/news/2022/07/11/southside-high-school-site-active-shooter-training-week/10029307002/,2.252845942325788
loss,member,https://www.gadsdentimes.com/story/news/2022/08/12/jackson-state-university-theater-group-presents-reimagined-romeo-and-juliet/10311001002/,2.7707597342132773
loss,member,https://www.gadsdentimes.com/story/news/2022/09/16/tractor-trailer-crash-results-in-collinsville-man-death/69500125007/,1.9073525805052087
loss,member,https://www.gadsdentimes.com/story/news/2022/05/13/gadsden-state-community-college-releases-2021-annual-report/9745289002/,2.4939063858726196
loss,member,https://www.gadsdentimes.com/story/news/2022/04/18/gscc-reinstates-baseball-and-softball/7362918001/,2.739578563066873
loss,member,https://www.gadsdentimes.com/story/news/2022/07/30/car-crash-chandler-mountain-road-steele-man-dies/10191216002/,1.6226042031488646
loss,member,https://www.gadsdentimes.com/story/news/2022/08/23/gadsden-mayor-election-2022-craig-ford-heather-new-runoff-race/7875463001/,2.71587525729792
loss,member,https://www.gadsdentimes.com/story/news/2022/06/13/springville-man-sentenced-60-years-guilty-child-sex-abuse/7615293001/,2.179085197341908
loss,member,https://www.gadsdentimes.com/story/sports/high-school/baseball/2022/04/12/caleb-freeman-etowah-ace-after-tommy-john-surgery-non-throwing-arm/9513736002/,2.380224264647449
loss,member,https://www.gadsdentimes.com/story/news/2022/04/14/trail-of-tears-oxford-welcomes-return-muscogee-creek-nation/9503798002/,2.5877942704388706
loss,member,https://www.gadsdentimes.com/story/news/2022/09/06/gadsden-proposed-budget-gives-raises-restores-funding-for-schools/65505991007/,2.615971879312034
loss,member,https://www.gadsdentimes.com/story/news/2022/07/19/southside-library-sponsors-field-trip-movie-version-crawdads/10074748002/,2.8883591383958067
loss,member,https://www.gadsdentimes.com/story/news/2022/05/01/locals-asked-contributed-non-perishable-items-may-14-food-drive/9576174002/,2.200827406692296
loss,member,https://www.gadsdentimes.com/story/news/2022/08/17/alabama-cancer-care-center-gadsden-sells-property-construction/10341239002/,2.6228454975585827
loss,member,https://www.gadsdentimes.com/story/news/2022/04/01/best-april-fools-pranks-history/7171249001/,3.2006484182536097
loss,member,https://www.gadsdentimes.com/story/news/2022/05/28/etowah-county-primary-vote-question-heres-what-happened/9960417002/,2.8416589257578413
loss,member,https://www.gadsdentimes.com/story/news/2022/05/18/gadsden-state-community-college-scholarship-honors-riley-whitaker/9797537002/,2.383309992689103
loss,member,https://www.gadsdentimes.com/story/sports/high-school/softball/2022/04/27/ahsaa-softball-schedules-gadsden-area-teams-area-tournaments/9563955002/,0.9623207049234496
loss,member,https://www.gadsdentimes.com/restricted/?return=https%3A%2F%2Fwww.gadsdentimes.com%2Fstory%2Fsports%2F2022%2F06%2F22%2Ftitle-ix-50-greatest-alabama-high-school-girls-athletes-50-years%2F7529948001%2F,0.16658497992404694
loss,member,https://www.gadsdentimes.com/story/news/2022/05/08/u-s-411-project-4-laning-expected-have-20-year-1-billion-impact/9673821002/,2.721841980266936
loss,member,https://www.gadsdentimes.com/story/news/2022/05/18/commissioners-approve-mega-site-base-bid/9796801002/,2.815300117254254
loss,member,https://www.gadsdentimes.com/story/news/2022/08/18/need-job-city-of-gadsden-needs-dispatchers-police-fire-fighters/10343407002/,2.6881188117482444
loss,member,https://www.gadsdentimes.com/story/news/2022/08/04/attalla-superintendent-colegrove-dishes-upcoming-school-year/10060085002/,2.476812716780345
loss,member,https://www.gadsdentimes.com/story/news/2022/04/07/competitors-vie-top-prizes-smoke-falls-2022/7250616001/,2.4129116441736898
loss,member,https://www.gadsdentimes.com/story/sports/high-school/baseball/2022/04/11/ahsaa-sports-vote-gadsden-area-male-athlete-week/9513665002/,2.216723108520012
loss,member,https://www.gadsdentimes.com/story/news/2022/07/12/gadsden-high-school-reunion-gold-tiger-2022/10012750002/,2.6013428599893165
loss,member,https://www.gadsdentimes.com/story/news/2022/05/04/gadsden-woman-accused-faciliating-escape/9634040002/,2.1883516154497076
loss,member,https://www.gadsdentimes.com/story/news/2022/07/05/kidnapping-anniston-alabama-calhoun-county-sheriff-suspect-tony-lamar-white/7810174001/,2.6917233087315764
loss,member,https://www.gadsdentimes.com/story/news/2022/07/25/teenager-missing-boaz-police-seek-help-finding-her/10144868002/,1.8297416074749435
loss,member,https://www.gadsdentimes.com/story/news/2022/06/02/dam-removal-headlines-weekly-gadsden-city-council-meeting/7455819001/,2.6477888619602155
loss,member,https://www.gadsdentimes.com/story/news/2022/08/22/etowah-commission-savings-inmate-health-care-ecso-promotions-oked/7836994001/,2.9810566491511272
loss,member,https://www.gadsdentimes.com/story/news/2022/05/20/annual-mccords-community-celebration-weekend-cherokee-county/9831612002/,2.9225999240481033
loss,member,https://www.gadsdentimes.com/story/news/2022/09/02/gadsden-premiere-cinemas-showtimes-national-cinema-day-3-tickets-2022/65465172007/,2.2738082090917153
loss,member,https://www.gadsdentimes.com/story/news/2022/07/08/59-bus-crash-attalla-injures-11-new-jersey-family-reunion-bound/10019071002/,2.7207027136029165
loss,member,https://www.gadsdentimes.com/story/news/2022/04/12/marshall-county-crash-results-one-fatality/7284539001/,1.831424075335669
loss,member,https://www.gadsdentimes.com/story/news/2022/09/14/gadsden-times-hard-work-pays-off-for-new-owners-of-old-building/68102302007/,2.6666752893650596
loss,member,https://www.gadsdentimes.com/story/news/2022/08/22/alea-attalla-search-yields-marijuana-money-and-guns-one-arrested/7864995001/,2.13652077668674
loss,member,https://www.gadsdentimes.com/story/sports/high-school/baseball/2022/05/17/ahsaa-baseball-state-tournament-2022-piedmont-trinity-presbyterian/9763876002/,2.2482624759597587
loss,member,https://www.gadsdentimes.com/story/news/2022/05/31/gadsden-state-reports-all-time-high-dual-enrollment-students/9940423002/,2.3210031636226174
loss,member,https://www.gadsdentimes.com/story/opinion/columns/2022/07/31/elaine-spearman-looks-end-rendering-plant-legal-fight/10155277002/,3.214574904695874
loss,member,https://www.gadsdentimes.com/story/sports/high-school/2022/05/13/ahsaa-soccer-ty-ferguson-scores-late-goal-lift-bayside-academy-over-collinsville/9675606002/,2.3365266220415473
loss,member,https://www.gadsdentimes.com/story/opinion/columns/2022/05/08/gop-wealthy-aboard-fast-angry-train/9657456002/,3.147603387007751
loss,member,https://www.gadsdentimes.com/story/sports/college/2022/09/17/jacksonville-state-football-score-tulsa-live-updates/68196470007/,2.2087432732570043
loss,member,https://www.gadsdentimes.com/story/news/2022/07/18/georgia-man-dies-after-one-car-crash-cherokee-county/10088098002/,1.9527056443052895
loss,member,https://www.gadsdentimes.com/story/news/2022/04/06/singing-honor-gospel-promoter-satterfield/7250572001/,2.8219136449257642
loss,member,https://www.gadsdentimes.com/story/opinion/columns/2022/04/17/gop-paints-ketanji-brown-jackson-unfair-light/7310600001/,3.199281196382088
loss,member,https://www.gadsdentimes.com/story/news/2022/04/28/cold-case-cullman-man-charged-1988-murder-massachusetts-girl/9568372002/,1.772667345971437
loss,member,https://www.gadsdentimes.com/story/sports/high-school/baseball/2022/05/02/poll-gadsden-area-boys-high-school-athlete-week-voting/9589581002/,2.1288519481570636
loss,member,https://www.gadsdentimes.com/story/news/2022/04/28/gadsden-council-approves-400-000-gaa-rendering-plant-legal-fees/9544900002/,2.9225599305050793
loss,member,https://www.gadsdentimes.com/story/news/2022/04/03/gadsden-partners-rescue-group-add-space-stray-animals/7216611001/,2.619151979193124
loss,member,https://www.gadsdentimes.com/story/sports/college/football/2022/07/27/jacksonville-state-rich-rodriguez-frustrated-after-first-fall-practice/10132996002/,2.695959525082615
loss,member,https://www.gadsdentimes.com/story/sports/high-school/football/2022/08/26/alabama-high-school-football-scores-live-updates-gadsden-week-1/10297303002/,1.5288965970366737
loss,member,https://www.gadsdentimes.com/story/sports/high-school/baseball/2022/05/16/poll-gadsden-area-boys-high-school-athlete-week-voting/9763857002/,2.0434127545894376
loss,member,https://www.gadsdentimes.com/story/opinion/columns/2022/06/04/turmoil-and-poor-leadership-united-states/7499983001/,2.7918962389071633
loss,member,https://www.gadsdentimes.com/story/opinion/columns/2022/06/12/elaine-h-spearman-speech-and-consequences/7558111001/,3.182622004713433
loss,member,https://www.gadsdentimes.com/restricted/?return=https%3A%2F%2Fwww.gadsdentimes.com%2Fstory%2Fnews%2F2022%2F05%2F27%2Fetowah-county-vote-can-primary-election-2022-plagued-ballot-questions-made-right%2F9943723002%2F,0.11346849421663086
loss,member,https://www.gadsdentimes.com/story/news/2022/08/23/gadsden-property-tax-millage-leave-school-system-1-million-short/7832852001/,2.6170328537343757
loss,member,https://www.gadsdentimes.com/story/news/2022/05/02/prison-escapee-kyle-captured/9615773002/,1.951662216540995
loss,member,https://www.gadsdentimes.com/story/news/politics/elections/local/2022/08/15/gadsden-district-1-city-council-2022-meet-candidates-q-a/10090126002/,2.657604235788307
loss,member,https://www.gadsdentimes.com/story/news/2022/06/17/albertville-plant-dedicates-memorial-employees-slain-one-year-ago/7651946001/,2.509140003586919
loss,member,https://www.gadsdentimes.com/story/news/2022/08/04/here-five-takeaways-etowah-county-commissions-meeting/10212867002/,2.9502741321759824
loss,member,https://www.gadsdentimes.com/story/news/2022/07/25/covid-19-alabama-2022-07-25-etowah-county/65381513007/,0.5829682981334023
loss,member,https://www.gadsdentimes.com/story/news/2022/07/28/glencoe-man-dies-motorcycle-crash-i-59/10172235002/,2.216159339534338
loss,member,https://www.gadsdentimes.com/story/news/2022/08/17/talladega-national-forest-shooting-camp-kid-gun-camping-adam-simjee/10350046002/,2.509421523909031
loss,member,https://www.gadsdentimes.com/story/news/2022/08/30/gadsden-interstate-759-new-eastern-connector-route-plan-unveiled/65419651007/,2.9832749807705485
loss,member,https://www.gadsdentimes.com/restricted/?return=https%3A%2F%2Fwww.gadsdentimes.com%2Fstory%2Fnews%2F2022%2F06%2F03%2Fproject-venue-offer-shared-coworking-space-boost-businesses%2F7483481001%2F,0.13867160651645002
loss,member,https://www.gadsdentimes.com/story/news/2022/05/09/casey-white-custody-vicky-white-hospitalized-after-chase-indiana/9709718002/,2.279336765267235
loss,member,https://www.gadsdentimes.com/story/opinion/columns/2022/06/18/airport-needs-grant-money-people-with-expertise/7635497001/,2.7510816560375297
loss,member,https://www.gadsdentimes.com/story/news/2022/05/27/gadsden-city-council-covers-numerous-topics-latest-meeting/9908958002/,2.7034679411711675
loss,member,https://www.gadsdentimes.com/story/news/politics/elections/2022/05/24/alabama-primary-election-results-2022-etowah-sheriff-jonathon-horton/9860458002/,2.779913739700309
loss,member,https://www.gadsdentimes.com/story/news/2022/07/06/anniston-man-kidnapping-suspect-custody-probe-continues/7821254001/,2.629157696666878
loss,member,https://www.gadsdentimes.com/story/lifestyle/columns/2022/09/08/david-murdock-on-the-lords-opportune-time/65471171007/,2.911271220379873
loss,member,https://www.gadsdentimes.com/story/news/2022/08/23/i-759-gadsden-al-project-learn-more-speak-out-aldot-meeting/7866201001/,2.4624688110608415
loss,member,https://www.gadsdentimes.com/story/news/2022/05/10/gadsden-state-community-college-valley-street-campus-summer-youth-camp/9716173002/,2.3252897621993647
loss,member,https://www.gadsdentimes.com/story/news/2022/07/27/michael-mccartney-gadsden-al-dies-former-auburn-university-board-trustee/10167060002/,2.36656886358608
loss,member,https://www.gadsdentimes.com/story/opinion/columns/2022/06/25/john-floyd-proposed-runway-expansion-airport/7707243001/,2.8515396153278245
loss,member,https://www.gadsdentimes.com/story/opinion/columns/2022/04/09/john-floyd-recalls-playing-augusta-national/9513732002/,2.6092151508660257
loss,member,https://www.gadsdentimes.com/restricted/?return=https%3A%2F%2Fwww.gadsdentimes.com%2Fstory%2Fnews%2F2022%2F05%2F04%2Fetowah-jail-inmates-families-ask-how-inmates-get-access-drugs%2F9620457002%2F,0.0685340054700671
loss,member,https://www.gadsdentimes.com/story/lifestyle/columns/2022/09/15/david-murdock-welcomes-the-arrival-of-fall/69494058007/,2.904842623233916
loss,member,https://www.gadsdentimes.com/story/news/2022/09/17/did-post-of-personal-id-information-campaign-lead-fraud-attempt/69497451007/,3.030071586540391
loss,member,https://www.gadsdentimes.com/restricted/?return=https%3A%2F%2Fwww.gadsdentimes.com%2Fstory%2Fnews%2F2022%2F04%2F03%2Fetowah-county-alabama-end-ice-detention-center-contract-no-layoffs-empty-jail-space%2F7219136001%2F,0.10845873010019005
loss,member,https://www.gadsdentimes.com/story/news/2022/04/17/alabama-remote-area-medical-clinic-first-gadsden-city-high-school/7330606001/,2.682550796508492
loss,member,https://www.gadsdentimes.com/story/news/2022/04/01/gadsden-humane-society-pet-rescue-and-adoption-center-hosting-full-house-frenzy-weekend-sale-dogs/7244673001/,2.617092788493106
loss,member,https://www.gadsdentimes.com/story/news/2022/08/31/whole-backstage-black-tie-christmas-2022-how-to-get-involved/65464125007/,2.7232414737499373
loss,member,https://www.gadsdentimes.com/story/news/2022/05/02/cinco-de-mayo-much-more-than-holiday-excuse-people-party/9507121002/,2.5468294918614456
loss,member,https://www.gadsdentimes.com/story/news/2022/06/28/parade-highlights-rain-lgbtq-pride-event-gadsden/7755811001/,4.0008378177191375
loss,member,https://www.gadsdentimes.com/story/news/2022/05/30/party-over-southside-police-find-guns-drugs-graduation-party/9992387002/,2.4581778873742013
loss,member,https://www.gadsdentimes.com/story/news/2022/05/31/latest-batch-gadsden-state-students-study-work-apprentices/9934550002/,2.7832958998766912
loss,member,https://www.gadsdentimes.com/story/news/2022/08/26/united-way-of-etowah-county-calling-on-community-to-invest-influence/65419640007/,2.863579561959418
loss,member,https://www.gadsdentimes.com/story/news/2022/07/06/ema-grant-garbage-pickup-among-gadsden-city-council-meeting-topics/7810777001/,2.7674137986092244
loss,member,https://www.gadsdentimes.com/story/news/2022/05/05/vicky-white-and-casey-white-history-examined-lauderdale-county-alabama-al-jailbreak-investigation/9658645002/,2.594099391489253
loss,member,https://www.gadsdentimes.com/story/news/2022/04/22/harvesting-rainwater-barrels/7397054001/,2.840024346749126
loss,member,https://www.gadsdentimes.com/story/opinion/columns/2022/07/17/aug-23-critical-day-gadsdens-future/10044035002/,2.991802002780326
loss,member,https://www.gadsdentimes.com/story/sports/high-school/soccer/2022/04/26/ahsaa-soccer-pairings-schedules-gadsden-area-teams/9539423002/,1.7373452273734356
loss,member,https://www.gadsdentimes.com/story/news/2022/09/09/etowah-county-lawyer-face-charges-theft-tax-evasion-false-statements/68204779007/,1.84410503776822
loss,member,https://www.gadsdentimes.com/story/news/2022/08/08/gadsden-al-covid-tracker/65394993007/,0.6333287241601906
loss,member,https://www.gadsdentimes.com/story/news/2022/06/15/municipalities-retaining-employees-jobs-staffing-stable/7608708001/,2.6021871011826363
loss,member,https://www.gadsdentimes.com/story/news/2022/04/23/police-fire-departments-respond-attalla-blaze-one-person-dies/7426862001/,1.9895657471486152
loss,member,https://www.gadsdentimes.com/story/news/2022/04/28/hsprac-host-bark-park-saturday/9572832002/,2.5292854056985434
loss,member,https://www.gadsdentimes.com/story/opinion/columns/2022/09/03/john-f-floyd-talks-about-lack-of-leadership-in-us/65470360007/,2.957320927271096
loss,member,https://www.gadsdentimes.com/story/news/2022/08/01/dekalb-county-al-wreck-motorcycle-crash-jerome-m-banks-jr/10201625002/,2.061741697798702
loss,member,https://www.gadsdentimes.com/story/news/2022/04/11/blount-county-man-killed-crash-sunday-four-others-injured/7278312001/,1.5463048830168822
loss,member,https://www.gadsdentimes.com/story/opinion/columns/2022/05/07/john-floyd-looks-putins-nuclear-threats/9674167002/,2.925780522257146
loss,member,https://www.gadsdentimes.com/story/sports/high-school/baseball/2022/05/18/ahsaa-baseball-etowah-baseball-shows-resiliency-state-championship-series/9825429002/,2.372354813169771
loss,member,https://www.gadsdentimes.com/story/sports/high-school/softball/2022/05/16/poll-gadsden-area-girls-high-school-athlete-week-voting/9763805002/,1.982971241697241
loss,member,https://www.gadsdentimes.com/story/news/politics/elections/2022/05/19/etowah-county-board-education-place-5-doug-sherrod-lucas-hallmark/9821997002/,2.557996438394695
loss,member,https://www.gadsdentimes.com/story/news/2022/06/23/etowah-county-outdoors-prosper-post-pandemic-world/7470098001/,2.7311604954514364
loss,member,https://www.gadsdentimes.com/story/news/2022/06/16/ashley-m-jones-alabama-poet-laureate-poems-poetry-gadsden-gscc/7633983001/,3.2334786299965357
loss,member,https://www.gadsdentimes.com/story/lifestyle/columns/2022/06/02/david-murdock-lifes-abiding-joys-sharing-comic-strip/7469427001/,2.8817512115720536
loss,member,https://www.gadsdentimes.com/story/sports/high-school/softball/2022/05/09/poll-gadsden-area-girls-high-school-athlete-week-voting/9675511002/,2.013410225893603
loss,member,https://www.gadsdentimes.com/story/news/2022/06/13/gadsden-attorney-myron-allenstein-honored-flags-half-mast/7616748001/,2.3287178525671686
loss,member,https://www.gadsdentimes.com/story/sports/high-school/football/2022/07/25/al-high-school-football-25-questions-gadsden-area-2022/10124367002/,2.329505161540633
loss,member,https://www.gadsdentimes.com/story/news/2022/05/31/etowah-county-election-results-2022-candidates-contest-primary/7452140001/,2.802463144809809
loss,member,https://www.gadsdentimes.com/story/opinion/columns/2022/07/02/john-f-floyd-what-american-flag-means/7772172001/,2.7367819985041146
loss,member,https://www.gadsdentimes.com/story/news/2022/04/05/etowah-county-animals-lana-bellew-seeks-spay-and-neuter-help/7178343001/,2.721971526374904
loss,member,https://www.gadsdentimes.com/story/news/2022/06/28/i-20-st-clair-county-crash-leaves-georgia-man-dead/7754485001/,2.070073934067038
loss,member,https://www.gadsdentimes.com/restricted/?return=https%3A%2F%2Fwww.gadsdentimes.com%2Fstory%2Fsports%2Fhigh-school%2Fsoccer%2F2022%2F06%2F20%2Fgadsden-times-all-area-girls-soccer-team-2022%2F7567089001%2F,0.10420808592160102
loss,member,https://www.gadsdentimes.com/story/news/2022/07/01/4th-of-july-fireworks-fun-but-safety-foremost-concert-holiday/7776524001/,2.816069288152346
loss,member,https://www.gadsdentimes.com/story/news/2022/08/05/alabama-highway-77-blocked-between-southside-and-ohatchee/10245554002/,2.708592467195055
loss,member,https://www.gadsdentimes.com/story/news/2022/06/13/rainbow-city-police-say-they-arent-involved-survey-letters/7608015001/,2.7291200622790264
loss,member,https://www.gadsdentimes.com/story/news/2022/08/01/albertville-pedestrian-struck-vehicle-killed-monday/10203715002/,2.0642939764760424
loss,member,https://www.gadsdentimes.com/restricted/?return=https%3A%2F%2Fwww.gadsdentimes.com%2Fstory%2Fnews%2F2022%2F06%2F10%2Fgadsden-schools-al-superintendent-talks-intruder-incident-emphasize-locking-doors%2F7580552001%2F,0.10985399778969578
loss,member,https://www.gadsdentimes.com/story/news/2022/08/01/gadsden-covid-numbers-this-week/65387857007/,0.6381620628523789
loss,member,https://www.gadsdentimes.com/story/opinion/columns/2022/07/16/john-floyd-recalls-landing-on-takeoff-naval-carrier/10043940002/,2.942799994425684
loss,member,https://www.gadsdentimes.com/story/sports/high-school/baseball/2022/04/26/ahsaa-baseball-pairings-schedules-gadsden-area-teams/9539067002/,1.3766193973729535
loss,member,https://www.gadsdentimes.com/story/news/2022/05/11/u-s-11-antique-alley-sale-brings-sellers-buyers-north-south-route/9724947002/,2.9443425851694074
loss,member,https://www.gadsdentimes.com/story/sports/high-school/2022/05/14/ahsaa-baseball-softball-and-soccer-scores-gadsden-area-teams/9675706002/,1.5997790359723199
loss,member,https://www.gadsdentimes.com/story/news/2022/06/28/gscc-scholarship-named-past-cardinal-foundation-presidents/7726017001/,2.426882433037419
loss,member,https://www.gadsdentimes.com/story/sports/college/2022/06/27/gadsden-state-athletics-director-blake-lewis-ready-lead-program/7655749001/,2.313958112765961
loss,member,https://www.gadsdentimes.com/story/news/2022/04/22/hokes-bluff-crash-kills-truck-driver-closes-u-s-278-east-hours/7419260001/,2.291652920334013
loss,member,https://www.gadsdentimes.com/story/news/2022/06/02/former-executive-gadsden-times-writes-novel-experiences/9926478002/,2.8249673885778805
loss,member,https://www.gadsdentimes.com/story/news/2022/04/11/pet-week-april-11/9512363002/,2.353521179801705
loss,member,https://www.gadsdentimes.com/story/news/2022/06/08/residents-express-concerns-over-countys-road-access-policy/9999773002/,2.7273608410963335
loss,member,https://www.gadsdentimes.com/story/news/2022/05/13/attalla-museum-display-rich-history-land-town-and-people/9708923002/,2.7675429657827886
loss,member,https://www.gadsdentimes.com/story/sports/high-school/football/2022/08/22/ahsaa-football-vote-athlete-week-gadsden-area/10297240002/,2.1005549163510127
loss,member,https://www.gadsdentimes.com/story/news/2022/05/30/interactive-gym-hit-gadsdens-adams-floyd-elementary-schools/9809986002/,2.8404603837020015
loss,member,https://www.gadsdentimes.com/story/opinion/columns/2022/09/10/taxpayers-on-the-hook-for-airports-losses/66997627007/,2.7616363917503803
loss,member,https://www.gadsdentimes.com/story/news/2022/07/15/tickets-sale-original-play-wounds-wont-heal-sunday/10062194002/,2.709565618201062
loss,member,https://www.gadsdentimes.com/story/news/2022/07/11/gadsden-other-local-locations-taking-part-tax-free-holiday-july/7810973001/,2.476414311314152
loss,member,https://www.gadsdentimes.com/story/sports/high-school/soccer/2022/04/08/jacksonville-state-bound-camryn-davis-and-alana-morton-leading-southside-girls-soccer/7244586001/,2.350767780048013
loss,member,https://www.gadsdentimes.com/story/news/2022/04/26/100th-birthday-celebration/7440552001/,2.5889855110807165
loss,member,https://www.gadsdentimes.com/story/news/2022/05/16/gadsden-animal-control-advocates-want-tackle-over-population-issue/9760222002/,2.9160928511388207
loss,member,https://www.gadsdentimes.com/story/news/2022/06/23/gadsden-man-faces-assault-robbery-and-drug-charges-following-attack/7710266001/,1.6936967990433853
loss,member,https://www.gadsdentimes.com/story/news/2022/04/08/benefits-walking/9497202002/,2.497282748537722
loss,member,https://www.gadsdentimes.com/story/news/2022/05/04/theatre-gadsden-sound-music-show-ends-friday-saturday/9652223002/,2.4761213671897724
loss,member,https://www.gadsdentimes.com/story/news/2022/04/12/easter-meal-recipes-favorite-cooks-gadsden-alabama-southern-food/7274254001/,2.2674805088244434
loss,member,https://www.gadsdentimes.com/story/news/2022/06/13/gecema-stay-safe-heat-indices-soar/7612554001/,2.348809099573068
loss,member,https://www.gadsdentimes.com/story/news/2022/05/12/honors-saturday-revolutionary-war-vet-buried-cherokee-county/9744058002/,2.843501993952019
loss,member,https://www.gadsdentimes.com/story/sports/high-school/softball/2022/05/20/ahsaa-state-softball-tournament-how-gadsden-area-teams-performed/9833854002/,2.356322137898007
loss,member,https://www.gadsdentimes.com/story/news/2022/06/21/big-brothers-big-sisters-40-years-one-one-mentoring-youth/7647512001/,2.7971951855766917
loss,member,https://www.gadsdentimes.com/story/news/2022/04/25/pet-week-april-25/7410856001/,2.472574553183597
loss,member,https://www.gadsdentimes.com/story/news/2022/09/08/etowah-county-approves-body-cameras-tasers-purchase-sheriffs-office/65742766007/,2.7567563452402988
loss,member,https://www.gadsdentimes.com/story/news/2022/04/26/gadsden-firefighters-respond-heavy-fire-south-fourth-street-house/7451372001/,2.472816095375733
loss,member,https://www.gadsdentimes.com/story/news/2022/04/22/do-you-know-who-killed-jahiem-embry-reward-offers-talladega-case/7397383001/,1.678858914133948
loss,member,https://www.gadsdentimes.com/story/sports/high-school/baseball/2022/04/08/ahsaa-baseball-etowah-using-running-game-leap-toward-big-season/7244636001/,2.5862263314424125
loss,member,https://www.gadsdentimes.com/story/news/2022/08/11/phase-1-gadsden-sports-park-officially-open/10276545002/,2.688237486918918
loss,member,https://www.gadsdentimes.com/story/news/2022/05/02/honoring-larry-keener/9616149002/,2.4746273712265734
loss,member,https://www.gadsdentimes.com/story/news/2022/04/09/gadsden-murder-case-ends-life-sentence-2016-shooting-death/9518470002/,2.335408612070029
loss,member,https://www.gadsdentimes.com/story/news/2022/07/18/etowah-county-covid-tracker/65375524007/,0.6982974359659978
loss,member,https://www.gadsdentimes.com/restricted/?return=https%3A%2F%2Fwww.gadsdentimes.com%2Fstory%2Fnews%2F2022%2F05%2F25%2Fgadsden-pediatric-clinic-marks-50th-anniversary-practice%2F9900399002%2F,0.11346849421663086
loss,member,https://www.gadsdentimes.com/story/sports/college/football/2022/07/22/jacksonville-state-football-rich-rodriguez-making-early-impression-players/10132592002/,2.508420968766137
loss,member,https://www.gadsdentimes.com/story/news/2022/06/09/gadsden-school-shooting-what-we-know/7570712001/,2.524417332496107
loss,member,https://www.gadsdentimes.com/story/news/2022/05/30/gadsden-resident-dies-crash-monday-morning-us-highway-411/9997100002/,1.6219180535110436
loss,member,https://www.gadsdentimes.com/story/sports/high-school/soccer/2022/04/28/ahsaa-girls-soccer-ziniah-hardy-leads-southside-defense/7406219001/,2.3631953296932195
loss,member,https://www.gadsdentimes.com/story/news/2022/07/14/gadsden-police-bomb-squad-george-wallace-drive-coosa-river-rescue/10063159002/,2.512863317402672
loss,member,https://www.gadsdentimes.com/story/news/2022/09/02/jacksonville-shooting-trenton-medders-murder-charges-justin-racca-ashley-duggan/65469767007/,2.408351195283943
loss,member,https://www.gadsdentimes.com/story/news/2022/08/12/back-to-school-united-ways-kindergarten-first-time-students-success/10288486002/,2.7983408757979067
loss,member,https://www.gadsdentimes.com/story/news/politics/elections/2022/05/24/alabama-primary-election-results-house-district-29-jamie-grant-mark-gidley/9860508002/,2.498537179404561
loss,member,https://www.gadsdentimes.com/story/sports/college/football/2022/07/22/jacksonville-state-football-rich-rodriguez-talks-asun-conference-media-day/10063183002/,2.38788359668761
loss,member,https://www.gadsdentimes.com/story/lifestyle/columns/2022/05/12/david-murdock-column-a-code-by-any-other-name-is-still-shorthand/9656712002/,3.0250815232716337
loss,member,https://www.gadsdentimes.com/story/sports/high-school/soccer/2022/04/30/ahsaa-boys-soccer-westbrook-christian-boys-soccer-earns-first-playoff-win/9574301002/,2.344125087945229
loss,member,https://www.gadsdentimes.com/story/news/2022/08/10/gadsden-etowah-film-office-hold-orientation-meeting-aug-17/10216297002/,2.637791857387593
loss,member,https://www.gadsdentimes.com/story/sports/high-school/softball/2022/04/26/poll-gadsden-area-girls-high-school-athlete-third-week-april/7383215001/,2.2223129036440517
loss,member,https://www.gadsdentimes.com/story/news/2022/08/25/five-things-to-do-in-the-gadsden-area-this-weekend-next-weekend/65418637007/,2.7234348504394457
loss,member,https://www.gadsdentimes.com/story/news/2022/05/02/former-shelter-dog-liam-adjusts-new-home/9568842002/,2.54849922355317
loss,member,https://www.gadsdentimes.com/story/lifestyle/columns/2022/08/25/david-murdock-on-oh-that-reminds-me/10351612002/,2.700298534152683
loss,member,https://www.gadsdentimes.com/story/sports/high-school/golf/2022/04/22/ahsaa-alabama-high-school-golf-postseason-etowah-county/7328901001/,2.2464594681948644
loss,member,https://www.gadsdentimes.com/story/news/2022/04/01/extension-service-sets-4-h-pig-squeal-show-sale/7231080001/,2.8510838403387035
loss,member,https://www.gadsdentimes.com/story/news/2022/07/22/jacksonville-state-trustees-address-housing-shortage/10099626002/,2.5798534143750667
loss,member,https://www.gadsdentimes.com/story/news/2022/04/08/national-walking-day-health-benefits-exercise-spring/9497202002/,2.497282748537722
loss,member,https://www.gadsdentimes.com/story/news/2022/04/07/southside-high-students-see-affects-drunk-driving-mock-dui-crash/9482373002/,2.9447126392722534
loss,member,https://www.gadsdentimes.com/restricted/?return=https%3A%2F%2Fwww.gadsdentimes.com%2Fstory%2Fnews%2F2022%2F04%2F27%2Fjenkins-buys-out-harp-fulfilling-duos-plans-harp-clover-nola%2F7363497001%2F,0.10888327825659984
loss,member,https://www.gadsdentimes.com/story/news/2022/07/21/southside-elementary-site-police-fire-training/10118127002/,2.5800092004578135
loss,member,https://www.gadsdentimes.com/story/news/2022/06/28/jacksonville-state-university-lives-vikings-leads-scientists-iceland-month-long-study/7727004001/,2.9076750066916546
loss,member,https://www.gadsdentimes.com/story/sports/high-school/golf/2022/04/28/ahsaa-golf-waldo-shirts-give-westbrook-christian-boys-good-luck/9539034002/,2.620136095271444
loss,member,https://www.gadsdentimes.com/restricted/?return=https%3A%2F%2Fwww.gadsdentimes.com%2Fstory%2Fsports%2Fhigh-school%2Fsoccer%2F2022%2F06%2F16%2Fmeet-2022-gadsden-times-all-area-boys-soccer-team%2F7567009001%2F,0.10985399778969578
loss,member,https://www.gadsdentimes.com/story/news/2022/09/17/five-things-know-about-gadsdens-mayor-council-form-of-government/65983062007/,2.149557883757308
loss,member,https://www.gadsdentimes.com/story/news/2022/09/01/gadsden-loses-friends-of-the-city-with-passing-of-attorney-volunteer/65466063007/,2.9488472198669196
loss,member,https://www.gadsdentimes.com/story/news/2022/06/11/rainbow-city-crime-spree-ends-one-dead-one-injured-house-burned/7591743001/,2.700046933729471
loss,member,https://www.gadsdentimes.com/restricted/?return=https%3A%2F%2Fwww.gadsdentimes.com%2Fstory%2Fsports%2Fhigh-school%2Fbaseball%2F2022%2F05%2F26%2Fhigh-school-baseball-best-moments-bold-predictions-gadsden-area-high-school%2F9868063002%2F,0.11346849421663086
loss,member,https://www.gadsdentimes.com/story/news/2022/05/09/snead-state-announces-new-career-tech-center/9630425002/,2.6648784610522145
loss,member,https://www.gadsdentimes.com/story/news/2022/04/21/commissioners-congratulate-robotic-teams-county/7368705001/,2.7465575413290235
loss,member,https://www.gadsdentimes.com/story/news/2022/07/22/walnut-park-iglesia-renovacion-carismatica-church-damaged-fire/10126104002/,2.507091791115083
loss,member,https://www.gadsdentimes.com/story/news/2022/06/09/hokes-bluff-mayor-cautions-people-part-city-dont-drink-water/7565929001/,2.61270819675589
loss,member,https://www.gadsdentimes.com/story/news/2022/07/21/covid-leads-big-river-postponement-shows-rescheduled/10120025002/,2.118143423935167
loss,member,https://www.gadsdentimes.com/story/news/2022/09/08/gda-covid-19-state-2022-09-05-al-ntgt/65473194007/,0.5888062211402186
loss,member,https://www.gadsdentimes.com/story/business/2022/05/02/2022-gadsden-readers-choice-awards-nominations/9614722002/,0.5185516059949128
loss,member,https://www.gadsdentimes.com/story/sports/college/football/2022/08/01/jacksonville-state-football-stevontae-tullis-one-defensive-leaders/10166074002/,2.353665867492598
loss,member,https://www.gadsdentimes.com/story/news/politics/elections/2022/05/24/alabama-election-results-2022-etowah-board-education-5-doug-sherrod/9860520002/,2.407735351435205
loss,member,https://www.gadsdentimes.com/story/news/2022/09/08/gadsden-area-homes-for-sale-price-august-listings-alabama/65474187007/,0.4650944963626457
loss,member,https://www.gadsdentimes.com/story/news/2022/07/19/hsprac-gadsden-participate-community-thrives-fundraising-event/10059686002/,2.505728771590231
loss,member,https://www.gadsdentimes.com/story/news/2022/06/02/vibe-returns-pitman-theatre/7459348001/,2.786719588613715
loss,member,https://www.gadsdentimes.com/restricted/?return=https%3A%2F%2Fwww.gadsdentimes.com%2Fstory%2Fnews%2F2022%2F06%2F01%2Fmuscadine-bloodline-gadsden-concert-bash-on-the-bend%2F9897429002%2F,0.11346849421663086
loss,member,https://www.gadsdentimes.com/story/sports/high-school/softball/2022/04/18/ahsaa-sports-poll-gadsden-area-girls-high-school-athlete-week/7328895001/,2.0532059130360163
loss,member,https://www.gadsdentimes.com/story/opinion/columns/2022/05/22/candidates-loyalty-trump-frightening/9827109002/,3.2916530039774234
loss,member,https://www.gadsdentimes.com/story/news/2022/08/19/extension-office-offers-fire-ant-workshop/10357179002/,2.9944188700019385
loss,member,https://www.gadsdentimes.com/story/sports/high-school/2022/05/06/ahsaa-baseball-playoffs-etowah-reaches-alabama-high-school-semifinals/9589644002/,2.412111022640199
loss,member,https://www.gadsdentimes.com/restricted/?return=https%3A%2F%2Fwww.gadsdentimes.com%2Fstory%2Fsports%2Fhigh-school%2Fsoftball%2F2022%2F06%2F13%2Fall-etowah-county-high-school-softball-teams-2022-season%2F7530116001%2F,0.10985399778969578
loss,member,https://www.gadsdentimes.com/story/lifestyle/columns/2022/09/01/david-murdock-on-experiencing-lord-of-the-rings-film-trilogy/65466922007/,2.6890138511585455
loss,member,https://www.gadsdentimes.com/story/news/2022/09/14/gadsden-budget-approved-gives-better-raise-to-some-in-higher-ranks/69491553007/,2.8229345854359305
loss,member,https://www.gadsdentimes.com/restricted/?return=https%3A%2F%2Fwww.gadsdentimes.com%2Fstory%2Fnews%2F2022%2F05%2F04%2Fetowah-county-inaugural-asd-conference-together-we-can-make-a-difference-parag-sanctuary%2F9554312002%2F,0.0685340054700671
loss,member,https://www.gadsdentimes.com/story/news/2022/04/15/master-gardener-plant-sale-tap/7317967001/,2.3559190977555438
loss,member,https://www.gadsdentimes.com/picture-gallery/news/2022/08/04/worlds-longest-yard-sale-starts-thursday-august-4-2022/10240203002/,2.836505227742174
loss,member,https://www.gadsdentimes.com/story/news/2022/06/22/commissioners-approve-repaving-measures-appalachian-highway/7688098001/,2.5604636358297364
loss,member,https://www.gadsdentimes.com/story/news/2022/08/09/variety-music-gadsden-symphony-orchestra-played-gchs/10228073002/,2.066487580503542
loss,member,https://www.gadsdentimes.com/story/news/2022/05/06/habitat-dragon-boat-festival-returns-coosa-river-august/9620926002/,2.447148000506494
loss,member,https://www.gadsdentimes.com/story/sports/2022/05/15/ahsaa-state-baseball-champiosnhips-2022-high-school-schedule-alabama-jacksonville-state-oxford-title/9789599002/,1.3078103788409015
loss,member,https://www.gadsdentimes.com/story/opinion/columns/2022/08/27/opinion-voters-change-in-gadsden-alabama/7865584001/,3.0554294372124797
loss,member,https://www.gadsdentimes.com/story/news/politics/elections/local/2022/09/16/a-look-at-mayoral-contender-heather-new/69486948007/,2.608752100105484
loss,member,https://www.gadsdentimes.com/story/news/2022/04/27/cleveland-man-killed-two-vehicle-crash-near-guntersville/9549130002/,1.530683849649324
loss,member,https://www.gadsdentimes.com/story/opinion/columns/2022/05/21/john-f-floyd-revisits-airport-controversies/9843422002/,2.667784723648741
loss,member,https://www.gadsdentimes.com/story/news/2022/07/29/58-year-old-gallant-woman-died-thursday-single-vehicle-crash/10187305002/,1.837216488411551
loss,member,https://www.gadsdentimes.com/story/sports/college/2022/09/03/jacksonville-state-football-score-updates-davidson-wildcats/65464560007/,1.9827347646297417
loss,member,https://www.gadsdentimes.com/story/news/2022/04/09/gadsden-teen-surprised-two-year-scholarship-gscc/9501080002/,2.3142777269594172
loss,member,https://www.gadsdentimes.com/story/news/2022/04/17/interstate-59-crash-closes-all-lanes-roadway-st-clair-county-alabama/7349856001/,2.196578233820135
loss,member,https://www.gadsdentimes.com/story/news/2022/06/01/piedmont-police-say-accused-mobile-home-crasher-injured-fight-after/7469533001/,2.509614281970035
loss,member,https://www.gadsdentimes.com/story/opinion/columns/2022/06/05/elaine-harris-spearman-election-challenges/7462167001/,3.272671522256648
loss,member,https://www.gadsdentimes.com/restricted/?return=https%3A%2F%2Fwww.gadsdentimes.com%2Fstory%2Fnews%2F2022%2F04%2F13%2Fretirement-book-gadsden-citys-stewart-dishes-busy-time%2F9490846002%2F,0.10845873010019005
loss,member,https://www.gadsdentimes.com/story/news/2022/04/20/gadsden-other-area-responders-continue-search-drowning-victim/7380986001/,2.609712015571979
loss,member,https://www.gadsdentimes.com/story/news/2022/04/13/no-drivers-licenses-issued-next-week-alabama/7291230001/,2.8255310270638865
loss,member,https://www.gadsdentimes.com/story/news/politics/2022/09/15/gadsden-mayoral-election-candidates-craig-ford-heather-brothers-new-debate/69496303007/,3.155006325216353
loss,member,https://www.gadsdentimes.com/story/news/2022/09/02/southside-vehicle-motorcycle-crash-results-in-fatality-of-man/65469092007/,2.0054205590696688
loss,member,https://www.gadsdentimes.com/story/news/2022/07/14/albertville-al-fire-todd-ridge-road-death-7-year-old/10063487002/,1.787693568765228
loss,member,https://www.gadsdentimes.com/story/news/2022/08/06/commercial-vehicle-crashes-goes-up-flames-59/10258790002/,1.7108064067373523
loss,member,https://www.gadsdentimes.com/story/news/2022/06/27/gadsdenareahomesforsalepricemaylistingsalabama/65359298007/,0.5009085707664697
loss,member,https://www.gadsdentimes.com/story/news/2022/08/23/election-results-gadsden-municipal-election-2022/7880181001/,2.101143578906419
loss,member,https://www.gadsdentimes.com/story/news/2022/04/28/may-art-exhibits-gadsden-museum-art/7442689001/,3.3280921813674067
loss,member,https://www.gadsdentimes.com/story/sports/2022/05/27/softball-team-usa-play-exhibition-games-choccolocco-park-july/9966361002/,2.016450747900106
loss,member,https://www.gadsdentimes.com/story/lifestyle/columns/2022/07/28/david-murdock-discusses-his-least-favorite-household-chore-laundry/10166803002/,2.8664407628050803
loss,member,https://www.gadsdentimes.com/story/lifestyle/columns/2022/04/24/david-murdock-looks-poetry-special-language/7383064001/,2.656035688283168
loss,member,https://www.gadsdentimes.com/story/sports/high-school/baseball/2022/05/07/ahsaa-soccer-westbrook-christian-beats-guntersville-quarterfinal/9589680002/,2.3818937289868516
loss,member,https://www.gadsdentimes.com/story/news/2022/07/24/hometown-heroes-event-glencoe-recognizes-those-who-serve-protect/10108731002/,2.7127103622247457
loss,member,https://www.gadsdentimes.com/story/news/2022/04/06/sylvania-man-charged-fatal-hit-and-run-crash-near-geraldine/9491734002/,1.623835106242201
loss,member,https://www.gadsdentimes.com/story/news/2022/05/04/mothers-day-weekend-sees-latest-local-first-friday-event/9576800002/,2.434917631923573
loss,member,https://www.gadsdentimes.com/story/news/2022/09/01/southside-officials-plan-extensively-for-road-projects-disruptions/65465847007/,2.8786709501586265
loss,member,https://www.gadsdentimes.com/story/news/2022/06/03/blind-boys-alabama-julius-love-grammys-blessings-bandmate-passing/9839407002/,2.4771332963889647
loss,member,https://www.gadsdentimes.com/story/news/2022/08/03/back-school-etowah-county-schools-make-preparations/10152566002/,2.4615184301459365
loss,member,https://www.gadsdentimes.com/story/news/2022/07/11/pedestrian-killed-albertville-highway-431/10027923002/,1.399919008706151
loss,member,https://www.gadsdentimes.com/story/news/politics/elections/local/2022/08/17/gadsden-alabama-politics-city-council-district-2-2022-politicians/10219498002/,2.6632886044698822
loss,member,https://www.gadsdentimes.com/story/news/2022/06/30/gadsden-al-womens-reproductive-rights-march-scheduled-saturday/7777104001/,2.0134153264065837
loss,member,https://www.gadsdentimes.com/story/news/2022/04/11/capital-improvements-underway-gscc/9495794002/,2.501632333150473
loss,member,https://www.gadsdentimes.com/story/sports/college/football/2022/07/26/rich-rodriguez-nil-i-think-college-football-danger-right-now/10156971002/,2.544282803600144
loss,member,https://www.gadsdentimes.com/story/opinion/columns/2022/06/26/toxicity-taking-its-toll-political-realm/7701683001/,3.17632286380731
loss,member,https://www.gadsdentimes.com/story/news/2022/04/08/whats-going-gadsden-area-here-few-things/7168437001/,2.531588308526471
loss,member,https://www.gadsdentimes.com/story/news/2022/05/16/former-etowah-jailer-sentenced-calhoun-co-faces-contraband-charge/9731680002/,2.451085623325502
loss,member,https://www.gadsdentimes.com/story/news/2022/08/04/city-gadsden-oks-one-time-bonus-retirees-coming-october/10228288002/,2.450482900358733
loss,member,https://www.gadsdentimes.com/story/news/2022/06/09/gadsden-eye-associates-jacksonville-al-open-second-location/7557084001/,2.3169286244409295
loss,member,https://www.gadsdentimes.com/story/news/2022/05/15/rainbow-city-new-host-etowah-historical-society/9746771002/,2.2571469878618937
loss,member,https://www.gadsdentimes.com/story/news/2022/08/26/decatur-police-motorist-intentionally-hit-killed-woman-he-didnt-know/65459169007/,2.229155030674402
loss,member,https://www.gadsdentimes.com/story/news/2022/07/28/talladega-county-2013-cold-case-suspect-charged-after-arrested-for-2022-attack/10168127002/,2.21604432729465
loss,member,https://www.gadsdentimes.com/story/sports/2022/06/21/reita-clanton-olympic-star-despite-not-having-equal-opportunites/9838895002/,2.45579846038212
loss,member,https://www.gadsdentimes.com/story/news/2022/06/27/childersburg-teen-killed-talladega-county-crash-coleman-bridge/7751062001/,1.4748978450730899
loss,member,https://www.gadsdentimes.com/story/news/2022/05/06/escape-how-lauderdale-county-jailer-alabama-corrections-officer-vicky-white-inmate-casey-white/9675820002/,2.1942539299505635
loss,member,https://www.gadsdentimes.com/story/news/2022/08/05/rainsville-man-killed-single-vehicle-crash-grey-suv-leaves-scene/10254313002/,1.812972612353823
loss,member,https://www.gadsdentimes.com/story/sports/high-school/baseball/2022/04/23/opening-round-playoff-scores-westbrook-etowah-hokes-bluff-sweep/7399256001/,1.7306498529006134
loss,member,https://www.gadsdentimes.com/story/news/2022/05/10/police-unravel-details-lauderdale-escape-jailer-vicky-white-death-casey-white/9718490002/,2.4903680567871147
loss,member,https://www.gadsdentimes.com/story/news/2022/05/18/etowah-county-gop-breakfast-saturday/9830326002/,2.314682574023819
loss,member,https://www.gadsdentimes.com/story/news/2022/04/28/gadsden-mans-death-jail-under-investigation/9568992002/,1.759421493445379
loss,member,https://www.gadsdentimes.com/story/news/politics/elections/local/2022/08/31/provisional-ballots-for-gadsden-mayor-dont-change-election-outcome/65464689007/,3.25043477289611
loss,member,https://www.gadsdentimes.com/story/news/2022/07/20/gadsden-rendering-plant-lawsuit-plaintiffs-drop-remaining-claims/10111808002/,3.0687825853828583
loss,member,https://www.gadsdentimes.com/story/opinion/columns/2022/09/11/elaine-harris-spearman-discusses-ministers-in-politics/66053387007/,3.001500628634316
loss,member,https://www.gadsdentimes.com/story/news/2022/06/06/poet-laureate-national-miss-juneteenth-visit-gadsden-public-library/7462402001/,2.4872496954404775
loss,member,https://www.gadsdentimes.com/restricted/?return=https%3A%2F%2Fwww.gadsdentimes.com%2Fstory%2Fnews%2F2022%2F04%2F06%2Fhostel-attalla-alabama-its-there-and-its-something-see%2F7144441001%2F,0.10845873010019005
loss,member,https://www.gadsdentimes.com/story/news/local/2022/05/02/lauderdale-county-alabama-escaped-inmate-casey-cole-white-corrections-officer-vicki-white/9615011002/,1.7425501456977357
loss,member,https://www.gadsdentimes.com/story/news/politics/elections/local/2022/08/04/gadsden-district-4-city-council-2022-meet-candidates-goals-objectives/10219876002/,3.0117181258171004
loss,member,https://www.gadsdentimes.com/story/news/2022/05/18/gadsden-city-council-business-includes-approving-juneteenth-holiday/9807927002/,2.3462538162118625
loss,member,https://www.gadsdentimes.com/story/news/2022/07/11/etowah-county-mother-son-charged-theft-hospice-patient/10033828002/,2.3973260510455336
loss,member,https://www.gadsdentimes.com/story/sports/high-school/2022/09/17/gadsden-area-top-performers-for-week-4-of-high-school-football-ahsaa/68192917007/,2.1378506483841906
loss,member,https://www.gadsdentimes.com/story/sports/high-school/soccer/2022/05/09/ahsaa-soccer-pairings-schedules-final-four-huntsville/9675975002/,1.2388051237566622
loss,member,https://www.gadsdentimes.com/story/news/2022/08/03/diane-matthews-looks-back-50-years-attalla-city-schools/10183831002/,2.7926004160571263
loss,member,https://www.gadsdentimes.com/story/news/2022/09/12/gadsden-covid-numbers-death-this-week/69485890007/,0.6025712487779061
loss,member,https://www.gadsdentimes.com/story/sports/high-school/football/2022/08/19/alabama-high-school-football-gadsden-live-updates-scores-week-0/10297192002/,2.2321364822863283
loss,member,https://www.gadsdentimes.com/story/news/2022/04/16/grmc-hires-new-family-medicine-doctor/7305152001/,2.1158430166707056
loss,member,https://www.gadsdentimes.com/story/lifestyle/columns/2022/07/07/david-murdock-reflects-effects-southern-heat/7820686001/,2.771013199409285
loss,member,https://www.gadsdentimes.com/story/sports/high-school/football/2022/04/14/dre-kirkpatrick-jr-emerging-fathers-shadow-football-prospect/9513716002/,2.0773085685017167
loss,member,https://www.gadsdentimes.com/story/news/2022/06/27/marshall-county-man-faces-charges-after-wife-found-shot-face/7750296001/,1.75771474054668
loss,member,https://www.gadsdentimes.com/story/sports/high-school/baseball/2022/04/08/auburn-baseball-signee-alex-wade-making-impact-madison-academy/9520396002/,2.2441523696973844
loss,member,https://www.gadsdentimes.com/story/lifestyle/columns/2022/04/30/david-murdock-considers-petty-irritations/9558800002/,2.899366232473668
loss,member,https://www.gadsdentimes.com/story/news/2022/09/15/etowah-sheriff-investigating-reported-threat-to-west-end-high-school/69495554007/,2.358144340559455
loss,member,https://www.gadsdentimes.com/story/sports/high-school/football/2022/06/20/ahsaa-alabama-athletic-association-football-chris-stephenson-sardis-high-school-losing-season/7631188001/,2.408549394089411
loss,member,https://www.gadsdentimes.com/story/news/2022/05/19/middle-schools-compete-returning-mock-trial-competition/9796754002/,2.5429715164522513
loss,member,https://www.gadsdentimes.com/story/news/2022/08/29/gda-covid-19-state-2022-08-29-al-ntgt/65461094007/,0.574058344123017
loss,member,https://www.gadsdentimes.com/story/sports/high-school/baseball/2022/05/15/ahsaa-softball-schedules-state-championship-tournament-oxford/9763969002/,1.812860937498219
loss,member,https://www.gadsdentimes.com/story/news/2022/04/29/take-back-day-etowah-county-what-you-should-know/9570548002/,2.5227077493258063
loss,member,https://www.gadsdentimes.com/story/news/2022/04/13/marshall-county-crash-monday-resulted-death-birmingham-man/7307320001/,1.7470077515048326
loss,member,https://www.gadsdentimes.com/story/news/2022/06/15/gadsden-municipal-elections-kick-off-first-day-qualifying/7619148001/,2.7432295388249095
loss,member,https://www.gadsdentimes.com/story/news/2022/09/13/boaz-man-faces-attempted-murder-charge-in-connection-with-bat-attack/69492893007/,2.1137203247093534
loss,member,https://www.gadsdentimes.com/restricted/?return=https%3A%2F%2Fwww.gadsdentimes.com%2Fstory%2Fnews%2Fcrime%2F2022%2F05%2F04%2Fvicky-white-alabama-corrections-officer-casey-white-inmate-escape-plans-undetected%2F9649215002%2F,0.0685340054700671
loss,member,https://www.gadsdentimes.com/story/sports/college/football/2022/07/26/jacksonville-state-football-early-bumps-road-offense/10132993002/,2.376073431141109
loss,member,https://www.gadsdentimes.com/story/news/2022/08/18/gadsden-city-council-alabama-politics-noccalula-falls-development/10347477002/,2.800855716388352
loss,member,https://www.gadsdentimes.com/story/news/politics/elections/local/2022/07/26/gadsden-mayor-race-2022-candidates-profiles-goals-objectives/10029226002/,2.830798615500512
loss,member,https://www.gadsdentimes.com/restricted/?return=https%3A%2F%2Fwww.gadsdentimes.com%2Fstory%2Fsports%2Fhigh-school%2Fbaseball%2F2022%2F04%2F23%2Fahsaa-sports-gadsden-area-high-school-top-performers-last-week-april%2F7383280001%2F,0.10845873010019005
loss,member,https://www.gadsdentimes.com/story/news/2022/09/15/gop-secretary-of-state-candidate-to-speak-in-rainbow-city/69497599007/,2.789783426085758
loss,member,https://www.gadsdentimes.com/story/news/politics/elections/2022/05/20/house-district-28-candidates-gil-isbell-and-mack-butler-answer-questions/9823423002/,2.76300491637831
loss,member,https://www.gadsdentimes.com/story/news/2022/05/20/what-you-need-know-ahead-primary-elections-tuesday/9836113002/,2.1975920283817962
loss,member,https://www.gadsdentimes.com/story/news/2022/05/10/community-spring-festival-tap-may-14/9645424002/,2.870381431424766
loss,member,https://www.gadsdentimes.com/story/news/2022/05/05/gadsden-city-council-committee-recommend-juneteenth-holiday/9630271002/,1.810164995195368
loss,member,https://www.gadsdentimes.com/story/news/2022/04/22/earth-day-2022-five-ways-zero-waste/7380519001/,2.7866389359222152
loss,member,https://www.gadsdentimes.com/story/news/2022/05/30/louisiana-man-faces-charges-fatal-st-clair-county-crash/9993629002/,2.273854096550938
loss,member,https://www.gadsdentimes.com/story/news/2022/06/22/etowah-county-credit-union-host-fight-fraud-workshop/7632803001/,2.523014328803211
loss,member,https://www.gadsdentimes.com/story/news/politics/elections/2022/05/24/alabama-primary-election-results-2022-etowah-county-commission-4/9860527002/,2.3491535397094987
loss,member,https://www.gadsdentimes.com/story/news/2022/09/08/etowah-native-picked-for-saints-cheerleading-squad/65474871007/,2.8063152395211852
loss,member,https://www.gadsdentimes.com/story/sports/high-school/baseball/2022/04/30/ahsaa-baseball-softball-and-soccer-scores-gadsden-area-teams/9558590002/,1.8273021818212771
loss,member,https://www.gadsdentimes.com/story/news/2022/07/03/gadsden-municipal-election-mayor-and-three-council-seats-change-coming/7776615001/,2.45990941191712
loss,member,https://www.gadsdentimes.com/restricted/?return=https%3A%2F%2Fwww.gadsdentimes.com%2Fstory%2Fnews%2F2022%2F06%2F08%2Fhomes-selling-sold-completely-online-rainbow-city-alabama-virtual-market%2F7483207001%2F,0.15256357080302246
loss,member,https://www.gadsdentimes.com/story/news/2022/06/19/national-miss-juneteenth-reflects-year-titleholder/7608726001/,2.443245427148137
loss,member,https://www.gadsdentimes.com/story/news/2022/04/10/etowah-countys-advocates-recognize-child-abuse-victims-they-serve/9495775002/,2.7877988077467566
loss,member,https://www.gadsdentimes.com/story/sports/college/2022/08/27/jacksonville-state-football-rich-rodriguez-take-on-stephen-f-austin-live-updates/7846698001/,1.7767582335437682
loss,member,https://www.gadsdentimes.com/story/news/2022/07/22/centre-man-dies-after-crashing-truck-cherokee-county/10130540002/,2.2686927068484954
loss,member,https://www.gadsdentimes.com/story/news/2022/08/15/rainbow-city-police-get-raise-etowah-911-take-over-dispatching/10287514002/,2.755645758962029
loss,member,https://www.gadsdentimes.com/story/news/politics/elections/local/2022/08/18/gadsden-district-3-city-council-2022-meet-candidates-q-a/10271517002/,2.8186279678754467
loss,member,https://www.gadsdentimes.com/story/news/2022/07/28/tyn-tymes-gadsden-annual-indoor-beach-party-aug-6-2022/10152370002/,2.7698343416959643
loss,member,https://www.gadsdentimes.com/story/news/2022/06/03/guilty-plea-entered-2017-shooting-death-etowah-county-man/7496834001/,1.9459631677046545
loss,member,https://www.gadsdentimes.com/story/news/2022/06/07/three-string-returns-gadsden-june-17-concert/9946972002/,2.620322670018361
loss,member,https://www.gadsdentimes.com/story/lifestyle/columns/2022/05/19/david-murdock-looks-nature-and-art/9827595002/,2.950968931163741
loss,member,https://www.gadsdentimes.com/story/sports/high-school/baseball/2022/05/17/ahsaa-baseball-trinity-presbyterian-defeats-piedmont-6-5-game-2-3-a-championship/9808672002/,2.0197526466099016
loss,member,https://www.gadsdentimes.com/story/news/2022/06/17/shooting-church-gathering-kills-two-injures-one-suspect-custody/7658385001/,2.0504217620783396
loss,member,https://www.gadsdentimes.com/story/sports/high-school/soccer/2022/06/02/alabama-high-school-soccer-best-moments-predictions-gadsden-area-2022/9926331002/,2.6260198350904522
loss,member,https://www.gadsdentimes.com/story/opinion/columns/2022/08/20/gaa-member-robertson-deserves-debt-gratitude/7837127001/,2.7294450261196572
loss,member,https://www.gadsdentimes.com/story/sports/high-school/baseball/2022/04/18/ahsaa-baseball-pairings-first-round-playoffs/7359226001/,1.3796871374534916
loss,member,https://www.gadsdentimes.com/story/news/2022/04/26/marshall-county-crash-closed-both-lanes-traffic-al-79/9544952002/,2.0289189601968807
loss,member,https://www.gadsdentimes.com/story/lifestyle/columns/2022/05/05/david-murdock-looks-mothers-day/9646165002/,2.685471979925725
loss,member,https://www.gadsdentimes.com/story/opinion/columns/2022/04/23/casting-blame-gaas-high-legal-fees/7411386001/,2.7443264925879007
loss,member,https://www.gadsdentimes.com/story/news/2022/08/06/ashvilles-looney-house-catches-fire-takes-heavy-damage/10259402002/,2.3356487518991824
loss,member,https://www.gadsdentimes.com/story/news/2022/05/27/dna-research-helps-solve-cold-cases-through-family-ties/9927018002/,2.985732259416423
loss,member,https://www.gadsdentimes.com/story/news/2022/05/13/gadsden-senior-wellness-center-project-gets-covid-relief-fund-grant/9761622002/,2.338841502579023
loss,member,https://www.gadsdentimes.com/story/sports/high-school/basketball/2022/04/05/ahsaa-sports-vote-gadsden-area-male-athlete-week/7244574001/,2.150842747345091
loss,member,https://www.gadsdentimes.com/story/news/2022/05/04/etowah-county-commission-hears-families-men-who-died-jail/9634017002/,2.417159348423618
loss,member,https://www.gadsdentimes.com/story/news/2022/05/17/corrections-officer-inmate-relationship-red-flags-vicky-white-casey/9785834002/,3.096079439986293
loss,member,https://www.gadsdentimes.com/story/news/2022/08/09/marshall-county-drug-unit-makes-arrest-drugs-linked-three-overdoses/10276661002/,1.956721812167537
loss,member,https://www.gadsdentimes.com/story/news/2022/08/03/etowah-county-schools-implements-new-mental-health-initiative/10183600002/,2.571711297303425
loss,member,https://www.gadsdentimes.com/story/news/2022/07/26/etowah-county-property-values-up-according-state-valuations/10143271002/,2.5725360755508935
loss,member,https://www.gadsdentimes.com/story/news/2022/06/15/why-we-celebrate-heres-some-history-juneteenth/9912202002/,1.807423905033765
loss,member,https://www.gadsdentimes.com/story/news/2022/06/22/etowah-investigators-probe-assault-robbery-north-gadsden-wednesday/7700090001/,2.09602856872717
loss,member,https://www.gadsdentimes.com/story/news/2022/05/02/authorities-make-child-porn-arrests/9614224002/,2.2675179008091733
loss,member,https://www.gadsdentimes.com/story/sports/high-school/2022/09/16/alabama-high-school-football-scores-live-updates-gadsden-ahsaa-week-4/69497186007/,2.904211871002917
loss,member,https://www.gadsdentimes.com/story/news/2022/08/11/gadsden-area-weekend-events-august-12/10292599002/,2.6994478552665857
loss,member,https://www.gadsdentimes.com/story/news/2022/08/10/gadsden-board-commends-walnut-park-staff-response-emergency/10241132002/,3.0596521797110316
loss,member,https://www.gadsdentimes.com/story/news/2022/05/06/attallas-150th-birthday-party-downtown-tap-may-21/9541040002/,2.6248307503454646
loss,member,https://www.gadsdentimes.com/story/sports/college/football/2022/04/01/rich-rodriguez-players-looking-forward-jacksonville-state-spring-football/7168526001/,2.257254011854147
loss,member,https://www.gadsdentimes.com/restricted/?return=https%3A%2F%2Fwww.gadsdentimes.com%2Fstory%2Fsports%2Fhigh-school%2F2022%2F05%2F16%2Fahsaa-alabama-high-school-baseball-state-championship-predictions%2F9676171002%2F,0.0685340054700671
loss,member,https://www.gadsdentimes.com/restricted/?return=https%3A%2F%2Fwww.gadsdentimes.com%2Fstory%2Fsports%2Fhigh-school%2Fsoftball%2F2022%2F05%2F12%2Fahsaa-softball-lydia-west-overcoming-hydrocephalus-leading-geradline%2F9702945002%2F,0.0685340054700671
loss,member,https://www.gadsdentimes.com/story/news/2022/04/25/discussions-continue-rendering-plant-lawsuit-no-resolution-reached/7357683001/,2.8770012177599718
loss,member,https://www.gadsdentimes.com/story/news/2022/07/12/gadsden-area-homes-for-sale-price-june-listings-alabama/65366996007/,0.6808912891279113
loss,member,https://www.gadsdentimes.com/story/opinion/columns/2022/04/16/john-floyd-looks-area-sports-complexes/7331343001/,2.845875487977244
loss,member,https://www.gadsdentimes.com/story/sports/college/football/2022/08/08/jacksonville-state-football-what-south-carolina-paying-2023-game/10266641002/,2.297510287537973
loss,member,https://www.gadsdentimes.com/story/news/2022/05/17/jsu-host-musical-version-little-women-over-six-day-run/9798237002/,2.3030506880605333
loss,member,https://www.gadsdentimes.com/story/news/2022/05/11/vicky-white-casey-white-back-alabama-capture-recordings-released/9732565002/,2.502945018574483
loss,member,https://www.gadsdentimes.com/story/news/2022/06/30/rewinding-gruesome-1911-murders-greasy-cove/7584540001/,2.7964073425072584
loss,member,https://www.gadsdentimes.com/story/sports/high-school/tennis/2022/04/14/sardis-caroline-johnson-wins-class-4-a-5-a-section-6-singles-title/7309339001/,2.4474445111700285
loss,member,https://www.gadsdentimes.com/story/sports/high-school/2022/08/27/gadsden-area-high-school-top-performers-for-last-full-week-of-august/65418929007/,2.117499641019145
loss,member,https://www.gadsdentimes.com/story/sports/high-school/2022/09/02/alabama-high-school-football-scores-live-updates-gadsden-ahsaa-week-2/65469048007/,2.85527747142402
loss,member,https://www.gadsdentimes.com/story/news/2022/06/22/local-special-needs-children-take-baseball-field-miracle-league/7637544001/,2.580547469176384
loss,member,https://www.gadsdentimes.com/story/news/2022/04/19/commissioners-cut-sheriffs-expense-allowance/7363238001/,2.675449618741632
loss,member,https://www.gadsdentimes.com/story/news/2022/06/25/races-shape-up-qualifying-continues-gadsden-municipal-elections/7720193001/,2.6167240201096007
loss,member,https://www.gadsdentimes.com/story/news/2022/07/26/august-exhibits-scheduled-gadsden-museum-art/10121965002/,2.7395773695261294
loss,member,https://www.gadsdentimes.com/story/news/2022/05/27/six-shot-anniston-graduation-party-injuries-not-life-threatening/9967636002/,2.1715770881626044
loss,member,https://www.gadsdentimes.com/story/news/2022/04/20/group-says-coosa-among-most-endangered-rivers/7361126001/,2.5019324712255626
loss,member,https://www.gadsdentimes.com/story/opinion/columns/2022/08/14/elaine-harris-spearman-cites-importance-candidates-plans/10280732002/,2.977288171883946
loss,member,https://www.gadsdentimes.com/story/sports/high-school/football/2022/08/16/gadsden-area-high-school-football-season-preview-2022/10341820002/,2.2654736357597978
loss,member,https://www.gadsdentimes.com/story/news/2022/08/08/marshall-county-pawn-shop-raided-property-seized-six-people-charged/10269989002/,2.1802107141346907
loss,member,https://www.gadsdentimes.com/story/sports/high-school/baseball/2022/04/05/ahsaa-sports-gadsden-area-high-school-top-performers-first-week-april/7244642001/,1.880908995338934
loss,member,https://www.gadsdentimes.com/story/news/2022/08/12/extension-program-seeks-promote-successful-birth-outcomes/10280716002/,2.627701296925406
loss,member,https://www.gadsdentimes.com/story/sports/high-school/baseball/2022/05/17/ahsaa-baseball-etowah-defeats-mobile-christian-game-one-class-4-a-state/9763907002/,2.0473571320088624
loss,member,https://www.gadsdentimes.com/restricted/?return=https%3A%2F%2Fwww.gadsdentimes.com%2Fstory%2Fnews%2F2022%2F04%2F07%2Fcovid-fallout-could-affect-job-market-years-come-analysts-say%2F7248062001%2F,0.10845873010019005
loss,member,https://www.gadsdentimes.com/story/news/2022/06/17/hsprac-director-raises-questions-finances-his-firing/9795809002/,2.686042241466325
loss,member,https://www.gadsdentimes.com/restricted/?return=https%3A%2F%2Fwww.gadsdentimes.com%2Fstory%2Fsports%2Fhigh-school%2Fbaseball%2F2022%2F04%2F30%2Fahsaa-top-performers-gadsden-area-spring-sports%2F9589665002%2F,0.0685340054700671
loss,member,https://www.gadsdentimes.com/story/news/politics/elections/local/2022/08/01/district-5-school-board-2022-meet-candidates-q-a-gadsden/10074809002/,2.9681708516146617
loss,member,https://www.gadsdentimes.com/story/news/2022/06/08/upper-level-disturbances-leads-flooding-county/7552328001/,2.406110411785525
loss,member,https://www.gadsdentimes.com/story/opinion/columns/2022/05/15/elaine-harris-spearman-commentary-truth-behind-political-labels/9663229002/,3.208543614078129
loss,member,https://www.gadsdentimes.com/story/news/2022/07/12/three-fires-glencoe-gadsden-three-firefighters-get-minor-injuries/10039042002/,2.6108514372740266
loss,member,https://www.gadsdentimes.com/story/news/2022/04/03/vehicle-involved-fatal-crash-hit-teen-left-scene-sought/7264361001/,2.282358714258351
loss,member,https://www.gadsdentimes.com/story/sports/2022/06/22/vonetta-flowers-first-black-athlete-gold-medal-winter-olympics-title-ix/9838930002/,2.54484885853225
loss,member,https://www.gadsdentimes.com/story/sports/high-school/basketball/2022/04/05/ahsaa-girls-basketball-southside-coach-kim-nails-announces-retirement/9470525002/,2.1789818565299783
loss,member,https://www.gadsdentimes.com/story/news/2022/06/14/flag-day-stars-and-stripes-have-represented-nations-growth/7470256001/,2.9269948310984715
loss,member,https://www.gadsdentimes.com/story/news/2022/05/31/city-gadsden-provide-free-meals-through-summer-food-service-program/9958706002/,2.115352103290594
loss,member,https://www.gadsdentimes.com/story/news/education/2022/06/02/afterschool-program-studies-world-games/7457781001/,2.931568865355101
loss,member,https://www.gadsdentimes.com/story/news/2022/07/11/centre-crash-woman-killed-sunday-single-vehicle-troopers-say/10031246002/,2.1700451780706236
loss,member,https://www.gadsdentimes.com/story/news/2022/06/07/flash-flooding-heavy-rains-gadsden-area-required-water-rescues/7548122001/,2.977683233276068
loss,member,https://www.gadsdentimes.com/story/news/2022/04/02/hokes-bluff-structure-fire-friday-brings-out-multiple-fire-departments/7255609001/,2.5369753873152865
loss,member,https://www.gadsdentimes.com/story/news/crime/2022/08/26/former-gadsden-bbva-branch-manager-gets-federal-sentence-dorinda-lumpkin/65457626007/,1.886800603445975
loss,member,https://www.gadsdentimes.com/restricted/?return=https%3A%2F%2Fwww.gadsdentimes.com%2Fstory%2Fnews%2F2022%2F05%2F27%2Fdna-search-angel-canadian-police-help-daughter-find-her-dad%2F7396513001%2F,0.11346849421663086
loss,member,https://www.gadsdentimes.com/story/news/2022/05/04/crenshaw-county-cold-case-who-killed-delange-harris-11-years-ago/9646052002/,2.070041074329783
loss,member,https://www.gadsdentimes.com/story/news/2022/06/13/2022-barbarian-challenge-june-18/7611291001/,2.3444518535020724
loss,member,https://www.gadsdentimes.com/story/opinion/columns/2022/04/10/elaine-h-spearman-considers-smith-rock-incident/9489277002/,3.2009221499165856
loss,member,https://www.gadsdentimes.com/story/news/2022/09/09/etowah-sheriffs-office-offers-247-place-to-dispose-of-medication/66836354007/,2.7548628021150576
loss,member,https://www.gadsdentimes.com/story/news/2022/06/25/kansas-city-barbeque-society-preps-world-invitational-gadsden/7717226001/,2.5716531631506636
loss,member,https://www.gadsdentimes.com/story/sports/high-school/soccer/2022/05/04/ahsaa-soccer-pairings-schedules-gadsden-area-teams-quarterfinals/9643303002/,2.14479199729047
loss,member,https://www.gadsdentimes.com/story/news/2022/04/04/one-dead-early-morning-house-fire-attalla/7269377001/,2.1116421381976322
loss,member,https://www.gadsdentimes.com/story/news/2022/04/30/hsprac-participate-empty-shelter-national-initiative/9583979002/,2.3641610644850957
loss,member,https://www.gadsdentimes.com/story/lifestyle/columns/2022/06/30/david-murdock-july-4th-column/7767814001/,2.7514537085758737
loss,member,https://www.gadsdentimes.com/story/news/2022/06/30/alea-issues-boating-safety-tips-ahead-fourth-july-weekend/7758471001/,2.155665438674799
loss,member,https://www.gadsdentimes.com/story/news/politics/elections/2022/05/24/alabama-primary-election-results-etowah-county-commission-5-jeffery-washington/9860540002/,2.6944178562399625
loss,member,https://www.gadsdentimes.com/story/news/2022/09/13/trolley-dart-bus-riders-will-have-to-pay-again-in-october/68231021007/,2.5036195025726893
loss,member,https://www.gadsdentimes.com/story/news/2022/07/26/talladega-police-look-suspects-shooting-attempted-robbery/10156623002/,1.8608153504490943
loss,member,https://www.gadsdentimes.com/restricted/?return=https%3A%2F%2Fwww.gadsdentimes.com%2Fstory%2Fnews%2F2022%2F05%2F27%2Fdna-search-angel-grandmother-reveals-family-secret-maine%2F7396499001%2F,0.11346849421663086
loss,member,https://www.gadsdentimes.com/story/news/2022/04/13/sports-authority-changes-ahead-current-board-expects-finish-fields/7280516001/,2.8530860960772393
loss,member,https://www.gadsdentimes.com/story/news/politics/2022/04/13/james-brooks-speak-local-gop-event/7311406001/,2.634262898478839
loss,member,https://www.gadsdentimes.com/story/news/2022/04/01/united-ways-annual-meeting-april-7/7231428001/,2.911087457753706
loss,member,https://www.gadsdentimes.com/story/lifestyle/columns/2022/08/11/david-murdock-column-mister-rogers-experience/10280750002/,2.658327506394494
loss,member,https://www.gadsdentimes.com/story/opinion/columns/2022/04/03/constitutional-carry-bad-move/7210702001/,2.8624850644869397
loss,member,https://www.gadsdentimes.com/story/sports/college/football/2022/08/26/jacksonville-state-football-fcs-kickoff-game-against-stephen-f-auston/10312528002/,2.4801354365219663
loss,member,https://www.gadsdentimes.com/story/opinion/columns/2022/08/28/elaine-harris-spearman-new-gadsden-leaders-must-bring-fresh-approach/10353569002/,2.9744157217143834
loss,member,https://www.gadsdentimes.com/restricted/?return=https%3A%2F%2Fwww.gadsdentimes.com%2Fstory%2Fnews%2F2022%2F04%2F17%2Fmelendez-focused-community-growth-times-square-locust-street%2F7282089001%2F,0.10845873010019005
loss,member,https://www.gadsdentimes.com/story/news/2022/08/23/gulf-coast-retail-gas-prices-continue-falling-alabama/65414964007/,0.6772432726234292
loss,member,https://www.gadsdentimes.com/story/news/2022/05/19/skid-row-ready-rock-live-rock-concert-albertville/9744814002/,2.34565677735873
loss,member,https://www.gadsdentimes.com/story/news/2022/07/22/calhoun-county-sheriff-dna-link-between-july-2012-july-2022-attacks/10124366002/,2.6355338709075924
loss,member,https://www.gadsdentimes.com/story/news/2022/06/06/construction-accident-whorton-bend-home-site-injures-worker/7537322001/,1.9929826478019066
loss,member,https://www.gadsdentimes.com/story/news/2022/08/02/gadsden-district-5-city-council-2022-candidates-objectives-goals/10185090002/,2.5699187651357525
loss,member,https://www.gadsdentimes.com/story/news/2022/06/19/collinsville-man-killed-motorcycle-crash-interstate-59/7676730001/,2.0159084805493768
loss,member,https://www.gadsdentimes.com/story/sports/high-school/baseball/2022/05/06/ahsaa-baseball-softball-and-soccer-scores-gadsden-area-teams/9589683002/,1.8896085303017716
loss,member,https://www.gadsdentimes.com/story/news/2022/06/08/storm-bombards-east-etowah-5-5-inches-rain-causing-damage/7552145001/,2.831307823024179
loss,member,https://www.gadsdentimes.com/story/news/2022/08/11/mitchell-returns-gadsden-state-community-college/10268616002/,2.1942386596517793
loss,member,https://www.gadsdentimes.com/story/news/2022/09/16/4-h-chick-chain-participants-look-to-auction/69494017007/,2.7068738900642417
loss,member,https://www.gadsdentimes.com/story/sports/high-school/softball/2022/04/11/ahsaa-sports-vote-gadsden-area-female-athlete-week/9513649002/,2.1347159314757596
loss,member,https://www.gadsdentimes.com/story/sports/2022/06/24/marianne-merritt-auburn-basketball-great-title-ix/9839009002/,2.450787193156168
loss,member,https://www.gadsdentimes.com/story/sports/high-school/baseball/2022/04/23/ahsaa-baseball-gadsden-area-scores-first-round-1-a-6-a-playoffs/7382378001/,1.6647812075934745
loss,member,https://www.gadsdentimes.com/story/news/2022/06/27/hunter-bellew-sentenced-rainbow-city-murder-tony-mccartney/7744837001/,2.086827434559254
loss,member,https://www.gadsdentimes.com/restricted/?return=https%3A%2F%2Fwww.gadsdentimes.com%2Fstory%2Fsports%2Fhigh-school%2Fsoccer%2F2022%2F04%2F27%2Fahsaa-girls-boys-soccer-playoffs-gadsden-area-players-to-watch%2F7383251001%2F,0.10888327825659984
loss,member,https://www.gadsdentimes.com/story/news/2022/07/12/man-dies-cherokee-county-crash-cement-mixer-alabama-highway-68/10034490002/,2.3847933338703866
loss,member,https://www.gadsdentimes.com/story/opinion/columns/2022/09/17/john-f-floyd-looks-at-gadsdens-finances/69494145007/,2.825741125670677
loss,member,https://www.gadsdentimes.com/story/news/2022/04/06/etowah-area-schools-close-1-30-p-m-because-weather-threat/9486128002/,2.1722003472414753
loss,member,https://www.gadsdentimes.com/story/news/2022/05/14/alabama-transgender-medication-law-blocked-judge/9775330002/,2.557117277958674
loss,member,https://www.gadsdentimes.com/story/news/2022/06/07/gadsden-rendering-plant-lawsuit-dismissed-plaintiffs-achieved-goal/7543106001/,2.7605621216930687
loss,member,https://www.gadsdentimes.com/story/news/2022/07/22/gadsden-city-council-tackles-number-topics/10112692002/,2.719125231174152
loss,member,https://www.gadsdentimes.com/story/news/2022/08/14/clay-county-sheriff-one-killed-suspect-shot-attempted-robbery/10324587002/,2.0508567914992644
loss,member,https://www.gadsdentimes.com/story/news/2022/05/20/missing-man-found/9854279002/,2.343814318688317
loss,member,https://www.gadsdentimes.com/story/news/2022/06/30/st-stephens-episcopal-church-shooting-local-congregations-consider-safety/7658036001/,2.744986505756659
loss,member,https://www.gadsdentimes.com/story/news/2022/05/17/mentone-host-big-art-pop-up-event-weekend/9798032002/,2.582716618689086
loss,member,https://www.gadsdentimes.com/story/opinion/letters/2022/08/08/letter-editor/10265957002/,2.6250601999776144
loss,member,https://www.gadsdentimes.com/story/news/2022/05/13/tips-best-tomato-varieties/9663903002/,3.1467700714336386
loss,member,https://www.gadsdentimes.com/story/sports/high-school/football/2022/05/27/ahsaa-football-glencoe-coach-jamison-wadley-out-looking-new-coach/9967329002/,2.280112443033718
loss,member,https://www.gadsdentimes.com/story/news/2022/09/15/west-end-high-school-alabama-walnut-grove-threat-hoax-al/69497824007/,2.439810933801605
loss,member,https://www.gadsdentimes.com/story/news/2022/07/20/lorrie-morgan-2022-hokes-bluff-cityfest/10088641002/,2.0567196098766813
loss,member,https://www.gadsdentimes.com/story/sports/high-school/baseball/2022/05/09/poll-gadsden-area-boys-high-school-athlete-week-voting/9675522002/,2.135231384633939
loss,member,https://www.gadsdentimes.com/story/news/2022/07/14/second-riverfest-river-rocks-held-gadsden-oct-1/10039056002/,2.4148247215648646
loss,member,https://www.gadsdentimes.com/story/opinion/columns/2022/08/21/elaine-harris-spearman-discusses-search-trumps-property/10353542002/,3.053580729165805
loss,member,https://www.gadsdentimes.com/story/sports/college/football/2022/05/20/jacksonville-state-football-offensive-coordinator-calvin-magee-dies/9862276002/,1.177948480371685
loss,member,https://www.gadsdentimes.com/story/sports/high-school/basketball/2022/04/05/ahsaa-sports-vote-gadsden-area-female-athlete-week/7244564001/,2.0170070771563076
loss,member,https://www.gadsdentimes.com/story/news/2022/05/06/extension-corner-backyard-poultry/9656872002/,2.8811158198993327
loss,member,https://www.gadsdentimes.com/story/lifestyle/columns/2022/04/17/david-murdock-looks-back-easters-past/7318677001/,2.860542680826757
loss,member,https://www.gadsdentimes.com/story/news/2022/04/28/mothers-day-gift-ideas/7440243001/,3.1455239275538553
loss,member,https://www.gadsdentimes.com/story/news/2022/07/01/omicron-subvariants-increasing-covid-19-cases-ris-in-alabama/7787527001/,2.1294921667814344
loss,member,https://www.gadsdentimes.com/story/sports/high-school/2022/05/04/ahsaa-boys-soccer-fort-paynes-rafael-robles-scores-twice-lead-over-southside/9589601002/,2.1422589838799695
loss,member,https://www.gadsdentimes.com/story/news/2022/04/25/gadsden-man-dies-single-vehicle-crash/7447825001/,1.2266290229564911
loss,member,https://www.gadsdentimes.com/story/sports/college/2022/08/28/rich-rodriguez-jacksonville-state-football-first-game-stephen-f-austin-fcs-kickoff/7846701001/,2.409512646538385
loss,member,https://www.gadsdentimes.com/story/sports/college/football/2022/04/12/jacksonville-state-football-rich-rodriguez-talks-roster-numbers/7290936001/,2.479280499118576
loss,member,https://www.gadsdentimes.com/story/news/2022/07/06/gadsden-voters-should-check-voting-record-note-changed-polling-places/7778924001/,2.3951485727501174
loss,member,https://www.gadsdentimes.com/story/news/2022/07/06/i-59-expect-shift-traffic-reece-city-north-project-begins/7823786001/,2.666439789190728
loss,member,https://www.gadsdentimes.com/story/news/2022/08/27/gadsden-car-break-ins-phil-street-shootout-southside-police-investigate/65459911007/,2.6777932099509165
loss,member,https://www.gadsdentimes.com/story/news/2022/07/12/noccalula-road-crash-claims-life-motorcycle-driver/10041103002/,1.8444957013990702
loss,member,https://www.gadsdentimes.com/story/sports/college/2022/09/09/3-things-to-know-jacksonville-state-football-faces-murray-state/65579393007/,2.1810993102961866
loss,member,https://www.gadsdentimes.com/story/news/2022/06/02/etowah-election-results-challenged-commission-house-candidates/7481804001/,2.8713297499388055
loss,member,https://www.gadsdentimes.com/story/news/2022/07/20/four-years-after-ef-3-tornado-hit-campus-jsu-reopens-merrill-hall/10099280002/,2.668758197031842
loss,member,https://www.gadsdentimes.com/story/opinion/columns/2022/07/03/right-choose-front-and-center-us-discourse/7761764001/,2.9121103480304806
loss,member,https://www.gadsdentimes.com/restricted/?return=https%3A%2F%2Fwww.gadsdentimes.com%2Fstory%2Fsports%2Fhigh-school%2F2022%2F05%2F09%2Fahsaa-top-performers-gadsden-area-spring-sports%2F9675615002%2F,0.0685340054700671
loss,member,https://www.gadsdentimes.com/restricted/?return=https%3A%2F%2Fwww.gadsdentimes.com%2Fstory%2Fnews%2F2022%2F04%2F21%2Fsouthside-development-brings-restaurant-playground-boat-launch%2F7366665001%2F,0.10845873010019005
loss,member,https://www.gadsdentimes.com/story/news/2022/09/02/lawn-burweed-its-time-to-start-fighting/65466980007/,3.0775670478299446
loss,member,https://www.gadsdentimes.com/story/sports/high-school/football/2022/06/13/ahsaa-football-chris-stephenson-hired-football-coach-sardis/7617174001/,2.0173141457775663
loss,member,https://www.gadsdentimes.com/story/news/2022/05/20/etowah-countys-robotics-programs-who-they-what-they-do/9616054002/,2.654392047530258
loss,member,https://www.gadsdentimes.com/story/sports/high-school/soccer/2022/05/02/ahsaa-soccer-pairings-schedules-gadsden-area-teams/9614127002/,1.9224678543731868
loss,member,https://www.gadsdentimes.com/story/news/2022/09/03/strike-up-the-bands-etowah-county-bandcheer-expo-is-tuesday/65470102007/,2.3853426601120904
loss,member,https://www.gadsdentimes.com/story/news/2022/06/13/gadsden-council-consider-moving-funds-cover-higher-gas-oil-costs/7610275001/,2.9085129749119125
loss,member,https://www.gadsdentimes.com/story/news/2022/06/10/tillison-bend-campground-owner-road-controversy/7567475001/,2.604871170751199
loss,member,https://www.gadsdentimes.com/story/opinion/columns/2022/04/30/john-floyd-offers-seniors-viewpoint/9575623002/,3.0942876103249843
loss,member,https://www.gadsdentimes.com/story/news/2022/06/23/john-jacobs-announces-run-mayor-gadsden/7703889001/,2.1492307549491296
loss,member,https://www.gadsdentimes.com/story/opinion/columns/2022/09/18/recent-announcements-bring-surge-of-hope-for-gadsden/69494022007/,3.2297523855875703
loss,member,https://www.gadsdentimes.com/story/news/2022/05/06/theater-group-sets-summer-production/9645675002/,2.6881237834784493
loss,member,https://www.gadsdentimes.com/story/news/2022/06/13/pet-week-june-13/7557714001/,2.558725628163944
loss,member,https://www.gadsdentimes.com/story/news/2022/06/28/gadsden-alabama-municipal-election-candidates-mayor-city-council-board-education-races/7755884001/,2.8717014856200005
loss,member,https://www.gadsdentimes.com/story/news/2022/04/28/officers-receive-commendation-attempted-river-rescue/9558750002/,2.659060149204135
loss,member,https://www.gadsdentimes.com/story/news/2022/09/09/potential-sale-of-goodyear-property-could-bring-multiple-industries/67986294007/,3.0370283839110748
loss,member,https://www.gadsdentimes.com/story/news/2022/04/13/united-way-honors-top-contributors-2022-annual-meeting/9472571002/,2.437249244214915
loss,member,https://www.gadsdentimes.com/story/opinion/columns/2022/05/15/john-f-floyd-commentary-its-best-not-sleep-vladimire-putins-threats-in-ukraine/9663167002/,2.965410224134618
loss,member,https://www.gadsdentimes.com/story/news/2022/04/07/albertville-police-investigate-fatal-shooting-highpoint-road/9506483002/,1.5734708185925097
loss,member,https://www.gadsdentimes.com/story/news/2022/06/18/gadsden-municipal-races-draw-25-candidates-first-week/7658068001/,2.7697027885589907
loss,member,https://www.gadsdentimes.com/restricted/?return=https%3A%2F%2Fwww.gadsdentimes.com%2Fstory%2Fnews%2F2022%2F05%2F27%2Fdna-search-angel-tracks-down-unknown-family-members%2F7396461001%2F,0.11346849421663086
loss,member,https://www.gadsdentimes.com/story/news/2022/07/29/alabama-extension-seeks-watershed-stewards/10173039002/,2.791607254838777
loss,member,https://www.gadsdentimes.com/story/news/2022/05/27/look-into-history-military-appreciation-may/9906650002/,2.285416238068601
loss,member,https://www.gadsdentimes.com/story/news/2022/09/06/grace-academy-to-provide-free-trades-training-to-local-residents/65466226007/,2.776458512218834
loss,member,https://www.gadsdentimes.com/story/news/2022/09/08/alabama-truck-stop-carjacking-suspect-shot-to-death-after-chase-shooting-at-police/66734284007/,2.3289474142552073
loss,member,https://www.gadsdentimes.com/story/news/2022/04/29/gadsdens-youth-government-day/9568890002/,3.328141031254432
loss,member,https://www.gadsdentimes.com/story/news/2022/04/18/funeral-today-former-state-senator-gadsden-attorney-larry-keener/7332497001/,2.160333991630506
loss,member,https://www.gadsdentimes.com/story/news/2022/06/01/commissioners-hold-special-called-meeting/7453931001/,2.7791973246102804
loss,member,https://www.gadsdentimes.com/story/news/2022/07/02/east-alabama-residents-march-womens-reproductive-rights/7776398001/,2.492182159124831
loss,member,https://www.gadsdentimes.com/story/news/2022/05/02/etowah-schools-dare-program-offers-evolving-lessons-changing-times/9585439002/,2.831897609815575
loss,member,https://www.gadsdentimes.com/story/news/2022/05/30/piedmont-woman-charged-after-truck-crashes-into-mobile-home/9992603002/,1.912125973554748
loss,member,https://www.gadsdentimes.com/story/news/2022/08/05/horton-tameron-honda-etowah-co-boe-provide-sro-glencoe-elementary/10180890002/,2.41918293859209
loss,member,https://www.gadsdentimes.com/restricted/?return=https%3A%2F%2Fwww.gadsdentimes.com%2Fstory%2Fnews%2F2022%2F05%2F02%2Falabama-jail-escape-lauderdale-county-vicky-white-etowah-mario-centobie%2F9617830002%2F,0.0685340054700671
loss,member,https://www.gadsdentimes.com/story/news/2022/08/31/attalla-double-murder-case-expected-go-trial-january-joseph-randel-brown/65461894007/,2.8145582740670663
loss,member,https://www.gadsdentimes.com/restricted/?return=https%3A%2F%2Fwww.gadsdentimes.com%2Fstory%2Fsports%2Fhigh-school%2Fsoftball%2F2022%2F05%2F16%2Fahsaa-high-school-baseball-state-championship-predictions%2F9763768002%2F,0.0685340054700671
loss,member,https://www.gadsdentimes.com/story/sports/college/football/2022/06/13/jacksonville-state-football-rod-smith-hired-offensive-coordinator/7612679001/,2.4168332822885885
loss,member,https://www.gadsdentimes.com/story/sports/high-school/2022/05/16/etowah-baseball-catcher-tandem-among-best-ahsaa/9675598002/,2.2790569707634383
loss,member,https://www.gadsdentimes.com/story/news/2022/08/07/gadsden-city-etowah-county-attalla-school-systems-principals-list/10170783002/,2.5942388707505506
loss,member,https://www.gadsdentimes.com/story/news/2022/05/27/dna-search-angel-finds-relatives-through-genetic-genealogy/7396520001/,2.750724837582915
loss,member,https://www.gadsdentimes.com/story/sports/high-school/basketball/2022/05/14/jacksonville-state-alex-odam-announces-commitment-twitter/9775934002/,2.164392737683442
loss,member,https://www.gadsdentimes.com/story/news/2022/09/06/bryant-man-killed-in-early-morning-crash-in-dekalb-county/65473968007/,1.693947592828522
loss,member,https://www.gadsdentimes.com/story/opinion/columns/2022/07/10/elaine-h-spearman-reflects-first-black-woman-supreme-court/7820558001/,3.0656999580323694
loss,member,https://www.gadsdentimes.com/story/sports/high-school/basketball/2022/04/13/ahsaa-basketball-8-gadsden-area-players-selected-north-all-star-team/7300629001/,2.53148775485981
loss,member,https://www.gadsdentimes.com/story/sports/high-school/2022/05/11/ahsaa-baseball-etowah-sweeps-hamilton-reach-state-championship/9675591002/,2.3226750787839796
loss,member,https://www.gadsdentimes.com/story/news/2022/06/07/etowah-republican-primary-vote-contests-heard-later-month/7530704001/,2.545245002231355
loss,member,https://www.gadsdentimes.com/story/sports/high-school/track-field/2022/05/06/ahsaa-track-and-field-westbrook-christians-carl-henry-breaks-shot-put-record/9679938002/,2.066545702139872
loss,member,https://www.gadsdentimes.com/story/news/2022/07/21/gadsden-area-excessive-heat-warning-heat-advisory/10116415002/,1.9930028065616856
loss,member,https://www.gadsdentimes.com/story/news/2022/06/15/chamber-gadsden-etowah-county-3-star-accreditation/7627609001/,2.286224982658609
loss,member,https://www.gadsdentimes.com/story/news/2022/08/22/jacksonville-shooting-man-faces-manslaughter-charge-justin-racca/7867769001/,1.91891315120185
loss,member,https://www.gadsdentimes.com/story/sports/college/baseball/2022/05/17/gadsden-state-names-blake-lewis-baseball-coach-athletic-director/9809700002/,1.977409962964099
loss,member,https://www.gadsdentimes.com/story/news/local/2022/04/03/examinations-faith-spring-brings-holy-days-several-religions/7121578001/,2.482076828096943
loss,member,https://www.gadsdentimes.com/story/news/2022/07/05/when-harry-met-archie-wade/7772755001/,3.2190383111111416
loss,member,https://www.gadsdentimes.com/story/news/2022/04/29/lauderdale-county-co-and-capital-murder-suspect-missing/9592553002/,1.4729313676877598
loss,member,https://www.gadsdentimes.com/story/news/2022/06/10/etowah-county-extension-seeks-public-input-feedback/7558917001/,2.845997616553333
loss,member,https://www.gadsdentimes.com/story/sports/high-school/baseball/2022/05/06/ahsaa-soccer-leah-lewis-leads-southside-over-springville-6-a-playoffs/9589654002/,2.2458369505947324
loss,member,https://www.gadsdentimes.com/story/news/2022/05/06/commissioners-approve-partnership-gadsden-sardis-city/9616035002/,2.883087656141311
loss,member,https://www.gadsdentimes.com/story/news/2022/04/21/albertville-man-charged-sex-crimes-going-investigation/7394034001/,1.7523388460405924
loss,member,https://www.gadsdentimes.com/story/business/2022/07/11/gadsden-al-readers-choice-awards-voting-2022/10030579002/,0.36988902850628624
loss,member,https://www.gadsdentimes.com/story/news/2022/04/04/pet-week-april-4/7247344001/,2.400401409967185
loss,member,https://www.gadsdentimes.com/story/news/2022/07/13/gda-covid-19-state-2022-07-11-al-ntgt/65370467007/,0.5575364613967259
loss,member,https://www.gadsdentimes.com/story/news/2022/04/28/southside-police-make-arrest-stolen-cell-phone-card-fraud-case/9575057002/,2.4987935947578013
loss,member,https://www.gadsdentimes.com/story/news/2022/05/05/one-dead-albertville-officer-involved-shooting/9666761002/,1.645682419973869
loss,member,https://www.gadsdentimes.com/story/opinion/columns/2022/05/29/elaine-harris-spearman-looks-memorial-day/9934132002/,2.967703863162435
loss,member,https://www.gadsdentimes.com/story/news/2022/06/24/etowah-county-alabama-reacts-roe-v-wade-overturned/7702779001/,2.4059508971298253
loss,member,https://www.gadsdentimes.com/story/news/2022/05/09/alabamas-first-ever-ram-clinic-reports-successful-weekend/9614115002/,2.7944851173596037
loss,member,https://www.gadsdentimes.com/story/news/2022/09/02/city-of-gadsden-now-hiring-boosts-pay-offers-bonus-dispatchers/65461800007/,2.94937209898212
loss,member,https://www.gadsdentimes.com/story/news/2022/07/28/here-five-things-gadsden-city-council-considered-week/10161572002/,2.485339908639746
loss,member,https://www.gadsdentimes.com/story/news/2022/07/13/commissioners-renew-water-treatment-programs-county/10037504002/,3.0085640748336626
loss,member,https://www.gadsdentimes.com/story/sports/high-school/football/2022/06/02/ahsaa-football-glencoe-hires-scott-martin-football-coach/7494292001/,2.276239135503326
loss,member,https://www.gadsdentimes.com/story/sports/college/football/2022/08/25/jacksonville-state-football-fcs-fbs-playoff-eligible-postseason-2022/10329566002/,2.10625991158724
loss,member,https://www.gadsdentimes.com/story/news/2022/07/11/missing-hanceville-man-found-motorcycle-crash-cullman-county/10028121002/,1.7700548098245215
loss,member,https://www.gadsdentimes.com/story/news/2022/07/26/interstate-59-motorcycle-crash-glencoe-woman-killed-man-injured/10158001002/,1.5609937353510848
loss,member,https://www.gadsdentimes.com/story/news/2022/06/13/hoke-bluff-theft-suspects-escape-kayak-ends-when-craft-flips/7614245001/,2.6197196060995616
loss,member,https://www.gadsdentimes.com/story/opinion/letters/2022/08/08/letters-editor-new-supporters/10269030002/,3.1015492590430176
loss,member,https://www.gadsdentimes.com/story/news/2022/04/01/cherokee-crash-fatal-georgia-woman-car-hit-downed-tree-left-road/7249475001/,2.139082984908897
loss,member,https://www.gadsdentimes.com/story/sports/high-school/baseball/2022/04/18/ahsaa-sports-poll-gadsden-area-boys-high-school-athlete-week/7328896001/,2.02568274313281
loss,member,https://www.gadsdentimes.com/story/news/2022/07/23/jacksonville-state-recognizes-haywoods-fountain-dedication/10099641002/,2.726125848774817
loss,member,https://www.gadsdentimes.com/story/news/2022/07/01/4th-of-july-meaning-traditions-history/7776347001/,2.586265260420724
loss,member,https://www.gadsdentimes.com/story/news/2022/07/08/keeping-delicious-backyard-cooked-food-safe-eat/7823978001/,2.784088979278886
loss,member,https://www.gadsdentimes.com/story/news/2022/05/27/some-etowah-candidate-consider-challenging-vote-if-partys-certify/9943630002/,2.5523468897257704
loss,member,https://www.gadsdentimes.com/restricted/?return=https%3A%2F%2Fwww.gadsdentimes.com%2Fstory%2Fnews%2F2022%2F04%2F18%2Fcommunity-support-speaks-volumes-glencoe-family%2F7303903001%2F,0.10845873010019005
loss,member,https://www.gadsdentimes.com/story/opinion/columns/2022/08/13/john-floyd-looks-manufacturing-center-eyo-election/10280739002/,2.6826598355152167
loss,member,https://www.gadsdentimes.com/story/news/politics/elections/local/2022/08/16/gadsden-district-7-city-council-2022-candidate-profiles/10219530002/,3.0775657904040203
loss,member,https://www.gadsdentimes.com/story/sports/high-school/football/2022/06/09/glencoe-football-coach-scott-martin-rebuilding-program-alabama-high-school/7530095001/,2.3988363907760504
loss,member,https://www.gadsdentimes.com/story/news/2022/06/12/gadsden-city-elections-qualifying-begins-tuesday-ends-june-28/7558525001/,2.3716988905554213
loss,member,https://www.gadsdentimes.com/story/opinion/columns/2022/07/24/voters-need-concerned-voting-power/10107188002/,2.915110641042371
loss,member,https://www.gadsdentimes.com/story/news/2022/04/06/have-you-seen-missing-girl-etowah-sheriffs-office-wants-know/9492940002/,2.295092503901049
loss,member,https://www.gadsdentimes.com/story/lifestyle/columns/2022/06/09/postcard-collection-david-murdock-discusses-hobbby/7557610001/,2.792136898522121
loss,member,https://www.gadsdentimes.com/story/news/2022/06/03/controlling-pests-damage-summer-crops-farming/7475604001/,3.066699492605347
loss,member,https://www.gadsdentimes.com/story/news/2022/06/23/fourth-july-events-northeast-alabama/7699078001/,2.0917549929434855
loss,member,https://www.gadsdentimes.com/restricted/?return=https%3A%2F%2Fwww.gadsdentimes.com%2Fstory%2Fnews%2F2022%2F06%2F22%2Fold-gadsden-etowah-county-restaurants-people-miss%2F7665552001%2F,0.16658497992404694
loss,member,https://www.gadsdentimes.com/story/sports/high-school/baseball/2022/05/09/ahsaa-baseball-pairings-schedules-gadsden-area-teams-semifinals/9675952002/,2.1212944294356983
loss,member,https://www.gadsdentimes.com/story/sports/high-school/softball/2022/06/05/gadsden-area-players-2022-ahsaa-all-state-softball-teams/7499713001/,2.0229820052696175
loss,member,https://www.gadsdentimes.com/story/news/2022/06/15/fathers-day-2022-five-facts-history-tradition-honoring-dad/9908482002/,2.7696073477462733
loss,member,https://www.gadsdentimes.com/story/lifestyle/columns/2022/06/23/david-murdock-looks-high-price-of-well-everything/7701403001/,2.623966819060569
loss,member,https://www.gadsdentimes.com/restricted/?return=https%3A%2F%2Fwww.gadsdentimes.com%2Fstory%2Fnews%2F2022%2F04%2F15%2Fgadsden-commercial-projects-where-do-they-stand%2F7294040001%2F,0.10845873010019005
loss,member,https://www.gadsdentimes.com/story/news/2022/08/09/here-five-things-gadsden-city-council-considered-week/10268160002/,2.465292440392145
loss,member,https://www.gadsdentimes.com/story/lifestyle/columns/2022/08/18/david-murdock-on-the-changing-meaning-of-words/10348047002/,2.5843999581501
loss,member,https://www.gadsdentimes.com/story/news/2022/06/06/25-years-day-action-june/7468442001/,2.577290169370745
loss,member,https://www.gadsdentimes.com/restricted/?return=https%3A%2F%2Fwww.gadsdentimes.com%2Fstory%2Fsports%2Fhigh-school%2Fsoftball%2F2022%2F05%2F25%2Fahsaa-softball-best-moments-bold-predictions-gadsden-area%2F9868059002%2F,0.11346849421663086
loss,member,https://www.gadsdentimes.com/restricted/?return=https%3A%2F%2Fwww.gadsdentimes.com%2Fstory%2Fsports%2Fhigh-school%2Fbaseball%2F2022%2F06%2F23%2Fetowah-county-high-school-baseball-all-teams-2022-season-alabama%2F7648985001%2F,0.10985399778969578
loss,member,https://www.gadsdentimes.com/story/sports/college/football/2022/04/09/jacksonville-state-football-quarterback-zion-webb-building-connection-pj-wells/9497481002/,2.1390117261117694
loss,member,https://www.gadsdentimes.com/story/news/crime/2022/08/28/betty-wilson-case-books-tv-true-crime-series-podcasts-murder/10312258002/,3.06692742565219
loss,member,https://www.gadsdentimes.com/story/news/2022/05/31/gadsden-dentists-become-first-father-son-duo-awarded-uab-alumni-awards/9924835002/,2.328196762974107
loss,member,https://www.gadsdentimes.com/story/news/2022/07/18/rainbow-city-names-holderfield-interim-police-chief-commends-officers/10049476002/,2.866349292212143
loss,member,https://www.gadsdentimes.com/restricted/?return=https%3A%2F%2Fwww.gadsdentimes.com%2Fstory%2Fnews%2F2022%2F05%2F17%2Fcorrections-officers-inmate-interaction-red-flags-casey-vicky-white%2F9779052002%2F,0.11591917782081043
loss,member,https://www.gadsdentimes.com/story/news/2022/04/20/gadsden-council-oks-incentives-grocery-store-gadsden-mall/7373977001/,2.6679074856187333
loss,member,https://www.gadsdentimes.com/story/news/2022/04/22/guilty-capital-murder-verdict-delivered-2016-riddles-bend-case/7411256001/,2.7089101920620697
loss,member,https://www.gadsdentimes.com/story/news/2022/06/11/rainbow-city-man-dead-after-friday-night-rampage-identified/7592658001/,2.6976855401540605
loss,member,https://www.gadsdentimes.com/story/news/2022/09/17/alabama-governor-kay-ivey-bankston-motor-homes-opens-new-sales-service-facility-in-attalla/69498067007/,2.9024983573683607
loss,member,https://www.gadsdentimes.com/story/news/2022/07/15/extension-launches-farming-basics-podcast/10043876002/,2.760426891019261
loss,member,https://www.gadsdentimes.com/story/news/2022/06/09/etowah-county-commissioners-vote-no-help-board-registrars/7553009001/,2.905908546827807
loss,member,https://www.gadsdentimes.com/story/sports/high-school/baseball/2022/04/19/piedmont-baseball-21-game-winning-streak-going-into-ahsaa-playoffs/9513771002/,2.2157830912279266
loss,member,https://www.gadsdentimes.com/story/sports/high-school/baseball/2022/05/16/ahsaa-baseball-piedmont-takes-game-1-class-3-a-state-championship-series/9763871002/,2.3489632809663696
loss,member,https://www.gadsdentimes.com/story/news/2022/06/01/press-issues-delay-wednesday-print-edition/7465381001/,2.3566730486888576
loss,member,https://www.gadsdentimes.com/story/news/2022/05/04/commissioners-announce-rainbow-city-mega-site-partnership/9616040002/,2.6543430023636363
loss,member,https://www.gadsdentimes.com/story/news/2022/08/18/art-music-storytelling-event-mentone/10342954002/,2.808561173671662
loss,member,https://www.gadsdentimes.com/story/news/2022/08/16/gadsden-trolley-service-polls-election-day/10329051002/,2.4917429101335546
loss,member,https://www.gadsdentimes.com/story/news/2022/04/08/aderholt-asking-questions-etowah-detainee-removal/9499634002/,2.7200699383882134
loss,member,https://www.gadsdentimes.com/story/news/2022/05/30/southside-rainbow-city-firefighters-search-man-coosa-river/9996191002/,1.9842814233421697
loss,member,https://www.gadsdentimes.com/story/sports/high-school/track-field/2022/05/03/ahsaa-track-and-field-etowah-county-state-qualifiers/9616706002/,2.1701686247682295
loss,member,https://www.gadsdentimes.com/story/news/2022/06/13/attalla-fire-allows-gadsden-fire-department-assistance/7596231001/,2.3731559366537653
loss,member,https://www.gadsdentimes.com/story/news/2022/07/14/alabama-power-customers-start-seeing-increased-bills-august/10048555002/,2.3264240539299843
loss,member,https://www.gadsdentimes.com/videos/news/2022/05/03/lauderdale-county-jailer-vicky-white-leaving-jail-casey-white-alabama-video/9636719002/,2.602958208578123
loss,member,https://www.gadsdentimes.com/story/news/2022/04/17/gadsden-leaders-hear-pitch-city-subsidized-spay-neuter-program/7304969001/,2.4962837908491946
loss,member,https://www.gadsdentimes.com/story/news/2022/07/01/second-etowah-county-tomato-taste-off-july-9/7776227001/,2.8197338926973354
loss,member,https://www.gadsdentimes.com/story/news/2022/04/01/frank-helderman-jr-obituary/7234326001/,2.3430589469440686
loss,member,https://www.gadsdentimes.com/story/news/2022/08/02/gadsden-airport-authority-must-answer-open-meetings-violation-claims/10200383002/,2.571144042349906
loss,member,https://www.gadsdentimes.com/story/news/2022/09/09/events-of-911-to-be-remembered-in-ceremony-sunday-gadsden/66947458007/,2.163032764765946
loss,member,https://www.gadsdentimes.com/story/news/2022/06/22/lgbtq-gadsden-youth-encouraged-participate-pride-celebration/7692854001/,2.530121916217935
loss,member,https://www.gadsdentimes.com/story/news/2022/08/25/sand-mountain-park-albertville-alabama-largest-outdoor-ice-rink-coming/7869419001/,2.453567996813757
loss,member,https://www.gadsdentimes.com/story/news/2022/06/09/police-incident-walnut-park-school/7567393001/,2.088832251234271
loss,member,https://www.gadsdentimes.com/story/opinion/columns/2022/05/28/john-f-floyd-looks-memorial-day/9961254002/,2.9354214099790377
loss,member,https://www.gadsdentimes.com/story/news/2022/06/02/gadsden-moves-forward-lease-ida-venue-expansion-project/7467697001/,2.4998168498223654
loss,member,https://www.gadsdentimes.com/story/news/2022/08/01/travel-chance-see-country-meet-people/10183825002/,3.216639230542651
loss,member,https://www.gadsdentimes.com/story/news/2022/07/09/lions-club-city-election-forum-july-18/10017607002/,2.4835887423976946
loss,member,https://www.gadsdentimes.com/story/sports/college/2022/09/10/jacksonville-state-football-vs-murray-state-score-live-updates/65471896007/,2.267521375326566
loss,member,https://www.gadsdentimes.com/story/news/2022/06/06/jsu-marching-southerners-prepare-d-day-2024/7533664001/,2.259840011855031
loss,member,https://www.gadsdentimes.com/story/news/2022/04/21/gscc-theater-production-debuts/7395127001/,2.6218265196697543
loss,member,https://www.gadsdentimes.com/story/news/2022/05/01/lauderdale-county-jail-inmate-escape-corrections-officer-case-reward-offered/9609347002/,1.828050980623542
loss,member,https://www.gadsdentimes.com/story/news/2022/04/22/preparations-underway-alabamas-first-ram-clinic/7363290001/,2.57676273772065
loss,member,https://www.gadsdentimes.com/story/sports/high-school/softball/2022/05/23/ahsaa-vote-athlete-week-gadsden-area-may-16-22/9867986002/,2.1864515455642457
loss,member,https://www.gadsdentimes.com/story/news/2022/08/05/only-drill-attalla-police-training-friday-attalla-elementary/10245465002/,2.3363407896407167
loss,member,https://www.gadsdentimes.com/story/lifestyle/columns/2022/08/04/david-murdock-contemplates-brand-loyalty/10228524002/,2.799287119779675
loss,member,https://www.gadsdentimes.com/story/news/2022/08/31/labor-day-2022-gadsden-art-music-more-to-kick-off-weekend/65462257007/,2.8762693983394505
loss,member,https://www.gadsdentimes.com/story/news/2022/07/11/etowah-county-man-killed-hit-and-run-sardis/10028925002/,2.0158405831099366
loss,member,https://www.gadsdentimes.com/story/news/2022/08/02/prepare-high-temperatures-gadsdens-upcoming-first-friday/10207208002/,2.382061305256287
loss,member,https://www.gadsdentimes.com/story/sports/high-school/softball/2022/05/07/ahsaa-softball-schedules-and-pairings-central-regional-albertville/9676010002/,1.5777698249630994
loss,member,https://www.gadsdentimes.com/story/news/2022/08/16/atttalla-city-council-dangerous-animals-exotic-pets-cruelty-camp-sibert-neighborhood/10327306002/,2.892601217213644
loss,member,https://www.gadsdentimes.com/story/sports/2022/04/21/ground-broken-westbrook-athletic-facility/7358645001/,2.3016120603168306
loss,member,https://www.gadsdentimes.com/story/news/2022/06/29/sylacauga-man-dies-after-motorcycle-hits-deer-dekalb-county-crash/7771519001/,1.8024791415082893
loss,member,https://www.gadsdentimes.com/story/news/2022/07/01/water-park-near-gadsden-al-offer-fun-family-albertville-cullman/7765206001/,2.2123283926678257
loss,member,https://www.gadsdentimes.com/story/sports/high-school/basketball/2022/05/27/john-broom-mississippi-state-clemson-basketball-recruiting-cade-phillips-tennessee/9949373002/,2.2199403425455304
loss,member,https://www.gadsdentimes.com/story/sports/high-school/baseball/2022/05/18/ahsaa-baseball-mobile-christian-defeats-etowah-win-class-4-a-state-championship/9763925002/,2.3468604545334655
loss,member,https://www.gadsdentimes.com/story/news/2022/05/18/downtown-dance-conservatory-presents-sleeping-beauty-weekend/9811458002/,3.1140501072314306
loss,member,https://www.gadsdentimes.com/story/news/2022/06/01/boaz-police-vehicle-hit-during-traffic-stop-causes-minor-injuries/7470193001/,2.136271630030006
loss,member,https://www.gadsdentimes.com/story/news/2022/09/09/kings-olive-oil-gadsden-al-earns-alabama-retailer-of-year-award/67029250007/,2.64006657175816
loss,member,https://www.gadsdentimes.com/story/news/2022/05/03/new-posters-reward-u-s-marshals-lauderdale-escape-case/9623944002/,2.1330755979222027
loss,member,https://www.gadsdentimes.com/story/news/2022/04/12/free-gas-bowling-tap-weekend-via-smith-new-destiny/7293620001/,2.549238246924271
loss,member,https://www.gadsdentimes.com/story/news/politics/elections/local/2022/09/14/gadsden-mayoral-contenders-debate-thursday-ahead-runoff/69492115007/,2.7831703416451306
loss,member,https://www.gadsdentimes.com/story/news/2022/08/05/back-school-gadsden-city-system/10163084002/,2.7174813577598593
loss,member,https://www.gadsdentimes.com/story/news/2022/07/29/gscc-advanced-manufacturing-center-gets-green-light/10174941002/,2.569564236632762
loss,member,https://www.gadsdentimes.com/story/news/2022/04/13/smoke-falls-2022-results/7283228001/,3.185605027021935
loss,member,https://www.gadsdentimes.com/story/news/2022/06/13/st-clair-crash-injured-state-trooper-other-driver-59/7616480001/,1.7965726629085204
loss,member,https://www.gadsdentimes.com/story/sports/college/football/2022/08/25/jacksonville-state-football-how-watch-rich-rodriguezs-debut/10319162002/,1.6075973981653942
loss,member,https://www.gadsdentimes.com/story/news/politics/elections/local/2022/08/11/gadsden-district-3-board-education-2022-meet-candidates-q-a/10149122002/,2.9729935790622175
loss,member,https://www.gadsdentimes.com/story/news/2022/05/02/warrant-issued-alabama-officer-vicky-white-orchestrated-escape-inmate-casey-white/9616341002/,2.3127368941527515
loss,member,https://www.gadsdentimes.com/story/news/2022/09/16/change-coming-in-sports-project-leadership-as-field-work-continues/69495285007/,3.0457752676505208
loss,member,https://www.gadsdentimes.com/story/news/2022/04/22/dgi-hosts-biennial-meeting/7363286001/,2.701785981435428
loss,member,https://www.gadsdentimes.com/story/news/2022/07/29/worlds-longest-yard-sale-2022-august-gadsden-etowah-county/10116714002/,2.5589550567268495
loss,member,https://www.gadsdentimes.com/story/sports/nfl/2022/06/06/chicago-bears-q-a-receiver-darnell-mooney-football-camp/9968417002/,2.4072762725621675
loss,member,https://www.gadsdentimes.com/story/sports/2022/04/02/gadsdens-mathis-earns-spot-softball-hof/7251894001/,2.5781717810073848
loss,member,https://www.gadsdentimes.com/story/news/2022/08/09/gsccs-advanced-manufacturing-center-and-its-impact-career-training/10213248002/,2.7318436180764456
loss,member,https://www.gadsdentimes.com/story/news/2022/08/19/rainsville-spill-cleanup-continues-truck-leaked-peracetic-acid-dekalb-county/7843229001/,2.8742424932002297
loss,member,https://www.gadsdentimes.com/story/news/2022/04/12/what-happens-when-animal-stays-shelter-long-time/9472550002/,2.514359171554011
loss,member,https://www.gadsdentimes.com/story/news/2022/07/08/theatre-gadsdens-big-river-bring-laughs-and-lessons-ritz/10005817002/,2.5620711268015213
loss,member,https://www.gadsdentimes.com/story/news/2022/04/01/etowah-fires-blazes-keener-area-attalla-scorch-some-386-acres/7229193001/,2.904451933365984
loss,member,https://www.gadsdentimes.com/story/news/2022/04/08/albertville-police-seek-motive-fatal-shooting-thursday-afternoon/9512132002/,2.1067595479661794
loss,member,https://www.gadsdentimes.com/story/news/2022/08/10/painting-gadsden-blue-child-abuse-awareness-month/10268114002/,2.736688249828026
loss,member,https://www.gadsdentimes.com/story/news/2022/07/14/gadsden-man-32-killed-motorcycle-crash-monday-noccalula-road/10061269002/,1.6914045600018786
loss,member,https://www.gadsdentimes.com/story/sports/high-school/baseball/2022/04/30/ahsaa-baseball-trace-thomson-leads-etowah-past-westminster-christian/7383260001/,2.2642993817213157
loss,member,https://www.gadsdentimes.com/story/news/2022/04/14/etowah-veterans-board-needed-manage-property-donated-wwii-vets/7296731001/,2.3908898734558006
loss,member,https://www.gadsdentimes.com/story/sports/high-school/football/2022/05/25/ahsaa-football-sardis-football-coach-gene-hill-steps-down/9924188002/,2.3530291390168165
loss,member,https://www.gadsdentimes.com/story/news/politics/elections/2022/05/20/house-29-candidates-mark-gidley-and-jamie-grant-answer-questions/9861992002/,2.527177123688893
loss,member,https://www.gadsdentimes.com/story/news/2022/07/09/reward-offered-july-5-slaying-gadsden/10013863002/,1.4548416817126544
loss,member,https://www.gadsdentimes.com/story/news/2022/07/04/pet-week-july-4/7789158001/,2.319815040921222
loss,member,https://www.gadsdentimes.com/story/opinion/columns/guest/2022/09/02/rendering-plant-fight-was-about-economics/65470516007/,3.1058459837643553
loss,member,https://www.gadsdentimes.com/story/news/2022/07/19/etowah-investigators-charge-georgia-man-child-porn-other-charges/10097539002/,1.9797839759971108
loss,member,https://www.gadsdentimes.com/story/news/2022/08/12/hsprac-partners-petco-new-adoption-initiative/10278299002/,2.4290719337745754
loss,member,https://www.gadsdentimes.com/story/opinion/columns/2022/09/04/elaine-harris-spearman-says-people-should-get-energized-to-vote/65464158007/,3.0148252964937523
loss,member,https://www.gadsdentimes.com/story/opinion/columns/2022/08/06/john-floyd-discusses-open-records-suit-against-airport-authority/10223765002/,2.8209295461358104
loss,member,https://www.gadsdentimes.com/story/news/2022/05/20/4-h-chick-chain-program/9837719002/,2.9681255442124637
loss,member,https://www.gadsdentimes.com/story/news/2022/05/06/crash-etowah-county-closes-one-southbound-lane-59/9680283002/,2.2446650238564825
loss,member,https://www.gadsdentimes.com/story/news/2022/07/22/alabama-weather-how-aware-and-prepared-heat/10107165002/,2.4047569968311615
loss,member,https://www.gadsdentimes.com/story/news/2022/09/12/motorcycle-crash-results-in-mans-death/69486366007/,1.9578434387116948
loss,member,https://www.gadsdentimes.com/story/news/2022/08/20/alabama-troopers-wrecks-kill-steele-woman-hanceville-man/7854694001/,1.8288309824696398
loss,member,https://www.gadsdentimes.com/story/news/2022/05/27/woman-learns-father-finds-sister-through-dna-search-angel/7396489001/,2.9331185644991264
loss,member,https://www.gadsdentimes.com/story/lifestyle/columns/2022/04/10/david-murdock-looks-memory-and-perception/9489149002/,2.662730240524783
loss,member,https://www.gadsdentimes.com/story/news/2022/07/15/calhoun-county-crash-claims-life-florida-truck-driver/10066705002/,1.6515568612511375
loss,member,https://www.gadsdentimes.com/story/news/2022/05/18/etowah-county-graduation-ceremonies-times-and-dates/9795232002/,2.2760392652204615
loss,member,https://www.gadsdentimes.com/story/lifestyle/columns/2022/04/03/david-murdocks-tales-front-porch/7217284001/,3.039680792185468
loss,member,https://www.gadsdentimes.com/story/opinion/columns/2022/06/19/elaine-harris-spearman-fathers-day/7627727001/,2.817286031543108
loss,member,https://www.gadsdentimes.com/story/opinion/columns/2022/07/09/john-floyd-looks-foia-info-rendering-plant/7823495001/,3.106323774875494
loss,member,https://www.gadsdentimes.com/story/opinion/columns/2022/08/07/gadsden-needs-drum-major-and-backing-band/10219345002/,2.891598601601072
loss,member,https://www.gadsdentimes.com/story/news/2022/04/26/guilty-verdict-delivered-quickly-after-witnesses-detail-2016-slaying/7418243001/,2.7642392359111945
loss,member,https://www.gadsdentimes.com/story/news/2022/08/28/learn-how-safely-cope-farm-equipment-roads/7837654001/,2.7763351437111146
loss,member,https://www.gadsdentimes.com/story/news/politics/elections/2022/05/19/etowah-county-sheriff-primary-candidates-jonathon-horton-leonard-kiser/9822249002/,2.9567248986481154
loss,member,https://www.gadsdentimes.com/story/sports/2022/06/23/roberta-alison-baumgardner-mens-tennis-title-ix-female-athletes/9838951002/,2.510373010444815
loss,member,https://www.gadsdentimes.com/story/news/2022/07/14/donaldson-prison-death-calvin-turner-gadsden-serving-sentence-1988-murder-case/10042345002/,2.052053514012885
loss,member,https://www.gadsdentimes.com/story/news/2022/05/22/shooting-pell-city-results-four-dead/9884896002/,1.8300799262901168
loss,member,https://www.gadsdentimes.com/story/news/2022/08/08/gadsden-gscc-sports-park-phase-1-ribbon-cutting/10218631002/,2.6129191317651888
loss,member,https://www.gadsdentimes.com/story/news/2022/05/04/aldot-director-said-759-connector-project-take-five-years/9643103002/,2.6515168791933554
loss,member,https://www.gadsdentimes.com/story/news/2022/04/07/fake-officer-stops-vehicle/9494841002/,2.7302298778623366
loss,member,https://www.gadsdentimes.com/story/news/politics/elections/2022/05/19/etowah-county-primary-commission-district-4-tim-ramsey-jeff-overstreet/9823125002/,2.815117415178625
loss,member,https://www.gadsdentimes.com/story/lifestyle/columns/2022/05/26/david-murdock-looks-memorial-day/9933759002/,2.8841095845604863
loss,member,https://www.gadsdentimes.com/story/news/2022/07/21/etowah-county-sports-complex-fields-should-ready-october/10085321002/,3.132242346629436
loss,member,https://www.gadsdentimes.com/story/news/2022/05/28/applications-cooling-assistance-program-open-next-month/9958861002/,2.5832222315341196
loss,member,https://www.gadsdentimes.com/story/sports/high-school/soccer/2022/05/02/poll-gadsden-area-girls-high-school-athlete-week-voting/9589568002/,2.1252598019866955
loss,member,https://www.gadsdentimes.com/story/news/2022/04/09/car-crash-dekalb-county-ider-alabama-two-killed-alea/9526905002/,2.0357073353796604
loss,member,https://www.gadsdentimes.com/story/news/2022/07/12/casey-white-charged-murder-vicky-whites-death/10038394002/,1.9840884851515357
loss,member,https://www.gadsdentimes.com/story/news/2022/04/19/etowah-absentee-voting-may-primary-how-apply-what-deadlines/7355874001/,1.967523119577252
loss,member,https://www.gadsdentimes.com/story/sports/college/2022/08/25/jacksonville-state-football-stephen-f-austin-spying-coach-rich-rodriguez/65419151007/,3.073936820045425
loss,member,https://www.gadsdentimes.com/story/news/2022/08/15/covid-etowah-county-al-cases-surge/65403383007/,0.706801973342048
loss,member,https://www.gadsdentimes.com/story/sports/high-school/soccer/2022/04/08/ahsaa-boys-soccer-four-southside-players-fasting-during-ramadan/9506355002/,2.4910869339136497
loss,member,https://www.gadsdentimes.com/story/lifestyle/columns/2022/07/22/david-murdock-choosing-words-look-sound-right/10120498002/,2.9030559229374364
loss,member,https://www.gadsdentimes.com/story/news/2022/06/03/atv-crash-claims-life-sylacauga-teenager/7502496001/,1.5988832047346813
loss,member,https://www.gadsdentimes.com/story/news/2022/07/15/sardis-city-fatal-hit-and-run-warrant-issued-man/10068055002/,2.117485825437895
loss,member,https://www.gadsdentimes.com/story/sports/high-school/softball/2022/05/17/ahsaa-sports-top-performers-gadsden-area-baseball-softball-championships/9763936002/,1.7316581548477485
loss,member,https://www.gadsdentimes.com/story/news/2022/08/22/gadsden-al-covid-cases-death-tracker/65413138007/,0.6488341487279389
loss,member,https://www.gadsdentimes.com/story/news/2022/05/24/georgia-woman-succumbs-injuries-dekalb-county-motorcycle-crash/9915397002/,1.956826719744639
loss,member,https://www.gadsdentimes.com/story/news/2022/04/21/centre-man-charged-murder-another-sought-georgia-mans-death/7394106001/,2.061529256926407
loss,member,https://www.gadsdentimes.com/story/news/2022/09/13/from-land-or-riverbank-enjoy-a-free-showing-of-jaws-saturday-night/69486393007/,3.0722830418706457
loss,member,https://www.gadsdentimes.com/story/news/2022/06/21/walnut-gallery-renovations-underway-should-completed-july/7634994001/,2.559155964647286
loss,member,https://www.gadsdentimes.com/story/news/2022/07/04/calhoun-county-kidnap-victim-rescued-subject-sought/7806904001/,2.3530005555908238
loss,member,https://www.gadsdentimes.com/story/news/2022/07/14/five-year-old-dies-after-being-hit-vehicle-gadsden/10057076002/,1.6842360891808053
loss,member,https://www.gadsdentimes.com/story/sports/high-school/baseball/2022/04/26/poll-gadsden-area-boys-high-school-athlete-third-week-april/7383221001/,2.087608767935042
loss,member,https://www.gadsdentimes.com/story/news/2022/08/30/purple-onion-new-eatery-is-opening-slowly-working-to-get-fully-staffed/7879570001/,2.8715973817066534
loss,member,https://www.gadsdentimes.com/story/news/2022/07/21/etowah-county-sell-warehouse-thomas-drive-buy-baker-tire-site/10097908002/,2.783427523950433
loss,member,https://www.gadsdentimes.com/story/news/2022/08/04/covid-cases-increase-students-head-back-school/10231486002/,2.4526023200513336
loss,member,https://www.gadsdentimes.com/story/sports/college/baseball/2022/08/15/alabama-state-associate-ad-fred-sington-q-a-hbcu/10271906002/,2.6278764029373143
loss,nonmember,https://www.gadsdentimes.com/story/news/politics/elections/local/2022/09/16/profile-of-gadsden-mayoral-contender-craig-ford/69492534007/,2.6969872115711193
loss,nonmember,https://www.gadsdentimes.com/story/opinion/columns/2022/07/23/john-floyd-gets-up-close-look-blue-angels/10107181002/,2.780880867676773
loss,nonmember,https://www.gadsdentimes.com/story/news/2022/06/14/grmc-unveils-new-childbirth-technology/7582948001/,2.4336071778683865
loss,nonmember,https://www.gadsdentimes.com/story/news/2022/05/09/gscc-valley-street-campus-honors-dr-gertie-lowe/9630413002/,2.563970871441283
loss,nonmember,https://www.gadsdentimes.com/story/news/2022/09/17/alabama-211-closed-scenic-drive-i-59-monday-water-work/69498877007/,2.678305499866018
loss,nonmember,https://www.gadsdentimes.com/story/news/2022/08/04/gadsden-city-school-board-names-assistant-superintendent/10226289002/,2.759769194900966
loss,nonmember,https://www.gadsdentimes.com/story/news/2022/08/17/democrats-host-discussion-debate-4th-district-issues-gadsden/10351651002/,2.816390702634508
loss,nonmember,https://www.gadsdentimes.com/story/news/2022/06/02/marshall-county-probe-leads-cos-arrest-drug-contraband-charges/7489335001/,1.7574899091353857
loss,nonmember,https://www.gadsdentimes.com/story/news/2022/08/05/etowah-county-4-h-kicks-off-busy-year/10228629002/,2.666241696374837
loss,nonmember,https://www.gadsdentimes.com/story/sports/high-school/2022/09/10/gadsdens-top-high-school-football-and-volleyball-performances-week-3/65471881007/,2.12092378274945
loss,nonmember,https://www.gadsdentimes.com/restricted/?return=https%3A%2F%2Fwww.gadsdentimes.com%2Fstory%2Fsports%2Fhigh-school%2Fsoftball%2F2022%2F05%2F09%2Fahsaa-softball-gadsden-area-players-watch-regionals%2F9675505002%2F,0.0685340054700671
loss,nonmember,https://www.gadsdentimes.com/story/news/2022/06/06/etowah-commission-race-contest-state-democrats-may-decide/7513880001/,2.9932773338038503
loss,nonmember,https://www.gadsdentimes.com/story/sports/high-school/baseball/2022/06/12/ahsaa-gadsden-area-players-named-2022-all-state-baseball-teams/7506130001/,1.9707411828848251
loss,nonmember,https://www.gadsdentimes.com/story/news/2022/05/25/ballot-issue-impacts-primary-elections/9924046002/,2.5814451411729227
loss,nonmember,https://www.gadsdentimes.com/story/news/2022/04/26/eura-brown-celebrates-return-serendipity-day/7439684001/,2.3270469173966255
loss,nonmember,https://www.gadsdentimes.com/story/news/2022/06/21/national-guard-gaa-city-gadsden-say-runway-lengthened/7681717001/,1.9807423731646363
loss,nonmember,https://www.gadsdentimes.com/story/news/2022/04/18/talladega-man-killed-sunday-night-atv-crash/7354904001/,1.52122273824252
loss,nonmember,https://www.gadsdentimes.com/story/lifestyle/columns/2022/07/15/david-murdock-discusses-his-love-crosswords/10059842002/,3.0059963843694932
loss,nonmember,https://www.gadsdentimes.com/story/news/2022/08/12/gadsden-alabama-firefighter-lawsuit-pay-violations-fire-department/10297492002/,2.5106429868672464
loss,nonmember,https://www.gadsdentimes.com/story/news/2022/04/15/calhoun-county-school-bus-crash-probed-no-injures-reported/7325188001/,1.7310684713077562
loss,nonmember,https://www.gadsdentimes.com/story/news/2022/07/13/gadsden-doctor-murray-riggins-dies-67/10030691002/,2.384182773187679
loss,nonmember,https://www.gadsdentimes.com/story/sports/high-school/baseball/2022/05/02/ahsaa-baseball-pairings-schedules-gadsden-area-teams/9614482002/,1.9452870832554117
loss,nonmember,https://www.gadsdentimes.com/story/news/2022/06/24/best-practices-home-canning/7701778001/,3.0734777526593784
loss,nonmember,https://www.gadsdentimes.com/story/news/2022/08/18/rainsville-al-crash-truck-overturns-hazmat-spill-detours-dekalb-county/7834668001/,2.5037573266217064
loss,nonmember,https://www.gadsdentimes.com/story/news/2022/05/09/craig-pruett-home-after-269-days-hospitalized-covid-19/9700479002/,2.385804306322506
loss,nonmember,https://www.gadsdentimes.com/restricted/?return=https%3A%2F%2Fwww.gadsdentimes.com%2Fstory%2Fsports%2Fhigh-school%2Fbaseball%2F2022%2F04%2F18%2Fahsaa-baseball-18-gadsden-area-players-watch-first-round-playoffs%2F7328897001%2F,0.10845873010019005
loss,nonmember,https://www.gadsdentimes.com/story/sports/college/baseball/2022/04/01/college-baseball-eastern-kentucky-end-jacksonville-states-winning-streak/7245276001/,2.0283423381377705
loss,nonmember,https://www.gadsdentimes.com/story/news/2022/08/26/girl-injured-in-dog-attack-wednesday-in-north-gadsden/65458390007/,2.2205232622451847
loss,nonmember,https://www.gadsdentimes.com/restricted/?return=https%3A%2F%2Fwww.gadsdentimes.com%2Fstory%2Fnews%2F2022%2F06%2F23%2Fhow-folk-af-became-rock-solid-staple-community%2F7608734001%2F,0.10985399778969578
loss,nonmember,https://www.gadsdentimes.com/story/opinion/columns/2022/04/24/us-needs-people-willing-explore-diverse-careers/7385669001/,3.094154882038675
loss,nonmember,https://www.gadsdentimes.com/story/sports/college/football/2022/04/09/jacksonville-state-football-first-spring-game-takes-place-under-rich-rodriguez/7244650001/,2.41879556741229
loss,nonmember,https://www.gadsdentimes.com/story/news/2022/05/02/steele-dragway-incident-kills-one-man-injures-another-person/9621596002/,2.0829454558679483
loss,nonmember,https://www.gadsdentimes.com/story/news/2022/05/11/house-district-28-candidate-mack-butler-finds-mapping-error/9716340002/,2.736230399925641
loss,nonmember,https://www.gadsdentimes.com/story/opinion/columns/2022/04/02/taxpayers-need-answers-airport/7210362001/,2.5902943749525433
loss,nonmember,https://www.gadsdentimes.com/story/lifestyle/columns/2022/06/16/fathers-day-gadsden-times-columnist-takes-look/7633446001/,2.8007031771390607
loss,nonmember,https://www.gadsdentimes.com/story/news/2022/08/01/desoto-state-park-georgia-man-outdoor-enthusiast-drowns/10201587002/,2.3679364209138485
loss,nonmember,https://www.gadsdentimes.com/story/news/2022/06/13/lowe-brothers-serving-learning-together-navy-facility-florida/7557434001/,2.514294991257858
loss,nonmember,https://www.gadsdentimes.com/story/news/2022/04/08/galilees-robinson-mark-milestones/9477157002/,2.5570611484757
loss,nonmember,https://www.gadsdentimes.com/story/sports/college/softball/2022/04/06/college-softball-alabama-jacksonville-state-softball-canceled/9483634002/,2.3716030434672626
loss,nonmember,https://www.gadsdentimes.com/restricted/?return=https%3A%2F%2Fwww.gadsdentimes.com%2Fstory%2Fsports%2Fhigh-school%2Fbaseball%2F2022%2F04%2F09%2Fahsaa-sports-gadsden-area-high-school-top-performers-second-week-april%2F9513782002%2F,0.10845873010019005
loss,nonmember,https://www.gadsdentimes.com/story/news/politics/elections/2022/05/24/alabama-primary-election-2022-results-house-district-28-mack-butler/9860478002/,2.7361653624386744
loss,nonmember,https://www.gadsdentimes.com/story/news/2022/06/24/over-2-000-volunteer-hours-logged-during-day-action/7711660001/,2.6933866343071933
loss,nonmember,https://www.gadsdentimes.com/story/news/2022/05/29/southside-police-check-security-cameras-signs-stolen-truck/9963212002/,2.6871611161154165
loss,nonmember,https://www.gadsdentimes.com/story/news/2022/04/20/gadsden-airport-authority-asks-city-400-000-pay-legal-fees/7377033001/,2.719050544163478
loss,nonmember,https://www.gadsdentimes.com/story/opinion/columns/2022/07/30/john-f-floyd-discusses-need-economic-development/10177673002/,2.681953497804252
loss,nonmember,https://www.gadsdentimes.com/story/news/2022/09/15/guntersville-man-charged-with-aggravated-assault-shooting-of-brother-alabama/69487861007/,2.2858663261980805
loss,nonmember,https://www.gadsdentimes.com/story/news/2022/04/17/search-continues-gadsden-person-believed-drowned-coosa-river/7347537001/,2.361515338259613
loss,nonmember,https://www.gadsdentimes.com/story/news/2022/06/29/gadsden-state-rn-program-first-its-kind-state-alabama/7728443001/,2.5201328689633087
loss,nonmember,https://www.gadsdentimes.com/story/opinion/columns/2022/05/01/respecting-rights-others/9554136002/,3.068468535570767
loss,nonmember,https://www.gadsdentimes.com/restricted/?return=https%3A%2F%2Fwww.gadsdentimes.com%2Fstory%2Fsports%2Fhigh-school%2Ftrack-field%2F2022%2F04%2F28%2Fgadsden-high-school-track-field-athletes-watch-ahsaa-state-championships%2F7383235001%2F,0.0685340054700671
loss,nonmember,https://www.gadsdentimes.com/story/news/2022/05/08/gadsden-al-lorraine-moore-birthday/9644993002/,2.9406353052526506
loss,nonmember,https://www.gadsdentimes.com/story/news/2022/06/16/juneteenth-origins-meanings-opinion-an-american-not-black-cultural-event/7646057001/,2.560618011970819
loss,nonmember,https://www.gadsdentimes.com/story/news/2022/05/24/gadsden-museum-art-exhibits-june-begin-june-3/9897180002/,3.1137672845274373
loss,nonmember,https://www.gadsdentimes.com/story/news/2022/08/23/slow-turnout-gadsden-municipal-elections-big-decisions/7875446001/,2.4957646360142283
loss,nonmember,https://www.gadsdentimes.com/story/news/2022/09/15/cherokee-county-road-crash-al-charles-grady-sharp-dead/69497392007/,1.9071510279269193
loss,nonmember,https://www.gadsdentimes.com/story/news/2022/04/07/commissioners-approve-fee-increases-finalize-plans-mcat/9472528002/,2.7225943843188762
loss,nonmember,https://www.gadsdentimes.com/story/news/politics/elections/local/2022/08/19/gadsden-district-6-city-council-2022-meet-candidates-q-a/10074880002/,3.0133468291780066
loss,nonmember,https://www.gadsdentimes.com/story/sports/pro/2022/04/21/boxing-shaquille-cameron-first-gadsden-area-boxer-making-name/7328923001/,2.7435058492594586
loss,nonmember,https://www.gadsdentimes.com/restricted/?return=https%3A%2F%2Fwww.gadsdentimes.com%2Fstory%2Fsports%2Fhigh-school%2Fbaseball%2F2022%2F04%2F18%2Fahsaa-sports-gadsden-area-high-school-top-performers-third-week-april%2F7328930001%2F,0.10845873010019005
loss,nonmember,https://www.gadsdentimes.com/story/news/2022/07/10/roe-v-wade-ruling-alabama-department-human-resources-gadsden-agencies/7795195001/,2.404801829284734
loss,nonmember,https://www.gadsdentimes.com/story/news/2022/05/27/dealing-product-recalls/9943854002/,2.631176684494647
loss,nonmember,https://www.gadsdentimes.com/story/news/politics/elections/local/2022/08/19/gadsden-municipal-election-2022-voting-mayor-city-council-school-board-candidates/10342692002/,2.7193273970302725
loss,nonmember,https://www.gadsdentimes.com/story/news/2022/04/21/gadsden-drowning-victim-found-after-six-day-search-coosa/7402517001/,2.071649865843068
loss,nonmember,https://www.gadsdentimes.com/story/news/2022/07/27/black-jacket-symphony-perform-rumors-sand-mountain-amphitheater/10159012002/,2.089884521684267
loss,nonmember,https://www.gadsdentimes.com/story/news/2022/06/11/16th-elder-abuse-summit-held-june-15/7583758001/,2.4912893398973917
loss,nonmember,https://www.gadsdentimes.com/story/news/2022/05/19/missing-southside-man/9838333002/,2.173886663285907
loss,nonmember,https://www.gadsdentimes.com/story/news/2022/04/06/girl-7-killed-atv-crash-near-boaz-adult-injured/9482349002/,1.668935944207302
loss,nonmember,https://www.gadsdentimes.com/story/sports/2022/06/20/sarah-patterson-alabama-gymnastics-title-ix-equality/9838856002/,2.4862215501416984
loss,nonmember,https://www.gadsdentimes.com/story/news/2022/07/11/southside-high-school-site-active-shooter-training-week/10029307002/,2.252845942325788
loss,nonmember,https://www.gadsdentimes.com/story/news/2022/08/12/jackson-state-university-theater-group-presents-reimagined-romeo-and-juliet/10311001002/,2.7707597342132773
loss,nonmember,https://www.gadsdentimes.com/story/news/2022/09/16/tractor-trailer-crash-results-in-collinsville-man-death/69500125007/,1.9073525805052087
loss,nonmember,https://www.gadsdentimes.com/story/news/2022/05/13/gadsden-state-community-college-releases-2021-annual-report/9745289002/,2.4939063858726196
loss,nonmember,https://www.gadsdentimes.com/story/news/2022/04/18/gscc-reinstates-baseball-and-softball/7362918001/,2.739578563066873
loss,nonmember,https://www.gadsdentimes.com/story/news/2022/07/30/car-crash-chandler-mountain-road-steele-man-dies/10191216002/,1.6226042031488646
loss,nonmember,https://www.gadsdentimes.com/story/news/2022/08/23/gadsden-mayor-election-2022-craig-ford-heather-new-runoff-race/7875463001/,2.71587525729792
loss,nonmember,https://www.gadsdentimes.com/story/news/2022/06/13/springville-man-sentenced-60-years-guilty-child-sex-abuse/7615293001/,2.179085197341908
loss,nonmember,https://www.gadsdentimes.com/story/sports/high-school/baseball/2022/04/12/caleb-freeman-etowah-ace-after-tommy-john-surgery-non-throwing-arm/9513736002/,2.380224264647449
loss,nonmember,https://www.gadsdentimes.com/story/news/2022/04/14/trail-of-tears-oxford-welcomes-return-muscogee-creek-nation/9503798002/,2.5877942704388706
loss,nonmember,https://www.gadsdentimes.com/story/news/2022/09/06/gadsden-proposed-budget-gives-raises-restores-funding-for-schools/65505991007/,2.615971879312034
loss,nonmember,https://www.gadsdentimes.com/story/news/2022/07/19/southside-library-sponsors-field-trip-movie-version-crawdads/10074748002/,2.8883591383958067
loss,nonmember,https://www.gadsdentimes.com/story/news/2022/05/01/locals-asked-contributed-non-perishable-items-may-14-food-drive/9576174002/,2.200827406692296
loss,nonmember,https://www.gadsdentimes.com/story/news/2022/08/17/alabama-cancer-care-center-gadsden-sells-property-construction/10341239002/,2.6228454975585827
loss,nonmember,https://www.gadsdentimes.com/story/news/2022/04/01/best-april-fools-pranks-history/7171249001/,3.2006484182536097
loss,nonmember,https://www.gadsdentimes.com/story/news/2022/05/28/etowah-county-primary-vote-question-heres-what-happened/9960417002/,2.8416589257578413
loss,nonmember,https://www.gadsdentimes.com/story/news/2022/05/18/gadsden-state-community-college-scholarship-honors-riley-whitaker/9797537002/,2.383309992689103
loss,nonmember,https://www.gadsdentimes.com/story/sports/high-school/softball/2022/04/27/ahsaa-softball-schedules-gadsden-area-teams-area-tournaments/9563955002/,0.9623207049234496
loss,nonmember,https://www.gadsdentimes.com/restricted/?return=https%3A%2F%2Fwww.gadsdentimes.com%2Fstory%2Fsports%2F2022%2F06%2F22%2Ftitle-ix-50-greatest-alabama-high-school-girls-athletes-50-years%2F7529948001%2F,0.16658497992404694
loss,nonmember,https://www.gadsdentimes.com/story/news/2022/05/08/u-s-411-project-4-laning-expected-have-20-year-1-billion-impact/9673821002/,2.721841980266936
loss,nonmember,https://www.gadsdentimes.com/story/news/2022/05/18/commissioners-approve-mega-site-base-bid/9796801002/,2.815300117254254
loss,nonmember,https://www.gadsdentimes.com/story/news/2022/08/18/need-job-city-of-gadsden-needs-dispatchers-police-fire-fighters/10343407002/,2.6881188117482444
loss,nonmember,https://www.gadsdentimes.com/story/news/2022/08/04/attalla-superintendent-colegrove-dishes-upcoming-school-year/10060085002/,2.476812716780345
loss,nonmember,https://www.gadsdentimes.com/story/news/2022/04/07/competitors-vie-top-prizes-smoke-falls-2022/7250616001/,2.4129116441736898
loss,nonmember,https://www.gadsdentimes.com/story/sports/high-school/baseball/2022/04/11/ahsaa-sports-vote-gadsden-area-male-athlete-week/9513665002/,2.216723108520012
loss,nonmember,https://www.gadsdentimes.com/story/news/2022/07/12/gadsden-high-school-reunion-gold-tiger-2022/10012750002/,2.6013428599893165
loss,nonmember,https://www.gadsdentimes.com/story/news/2022/05/04/gadsden-woman-accused-faciliating-escape/9634040002/,2.1883516154497076
loss,nonmember,https://www.gadsdentimes.com/story/news/2022/07/05/kidnapping-anniston-alabama-calhoun-county-sheriff-suspect-tony-lamar-white/7810174001/,2.6917233087315764
loss,nonmember,https://www.gadsdentimes.com/story/news/2022/07/25/teenager-missing-boaz-police-seek-help-finding-her/10144868002/,1.8297416074749435
loss,nonmember,https://www.gadsdentimes.com/story/news/2022/06/02/dam-removal-headlines-weekly-gadsden-city-council-meeting/7455819001/,2.6477888619602155
loss,nonmember,https://www.gadsdentimes.com/story/news/2022/08/22/etowah-commission-savings-inmate-health-care-ecso-promotions-oked/7836994001/,2.9810566491511272
loss,nonmember,https://www.gadsdentimes.com/story/news/2022/05/20/annual-mccords-community-celebration-weekend-cherokee-county/9831612002/,2.9225999240481033
loss,nonmember,https://www.gadsdentimes.com/story/news/2022/09/02/gadsden-premiere-cinemas-showtimes-national-cinema-day-3-tickets-2022/65465172007/,2.2738082090917153
loss,nonmember,https://www.gadsdentimes.com/story/news/2022/07/08/59-bus-crash-attalla-injures-11-new-jersey-family-reunion-bound/10019071002/,2.7207027136029165
loss,nonmember,https://www.gadsdentimes.com/story/news/2022/04/12/marshall-county-crash-results-one-fatality/7284539001/,1.831424075335669
loss,nonmember,https://www.gadsdentimes.com/story/news/2022/09/14/gadsden-times-hard-work-pays-off-for-new-owners-of-old-building/68102302007/,2.6666752893650596
loss,nonmember,https://www.gadsdentimes.com/story/news/2022/08/22/alea-attalla-search-yields-marijuana-money-and-guns-one-arrested/7864995001/,2.13652077668674
loss,nonmember,https://www.gadsdentimes.com/story/sports/high-school/baseball/2022/05/17/ahsaa-baseball-state-tournament-2022-piedmont-trinity-presbyterian/9763876002/,2.2482624759597587
loss,nonmember,https://www.gadsdentimes.com/story/news/2022/05/31/gadsden-state-reports-all-time-high-dual-enrollment-students/9940423002/,2.3210031636226174
loss,nonmember,https://www.gadsdentimes.com/story/opinion/columns/2022/07/31/elaine-spearman-looks-end-rendering-plant-legal-fight/10155277002/,3.214574904695874
loss,nonmember,https://www.gadsdentimes.com/story/sports/high-school/2022/05/13/ahsaa-soccer-ty-ferguson-scores-late-goal-lift-bayside-academy-over-collinsville/9675606002/,2.3365266220415473
loss,nonmember,https://www.gadsdentimes.com/story/opinion/columns/2022/05/08/gop-wealthy-aboard-fast-angry-train/9657456002/,3.147603387007751
loss,nonmember,https://www.gadsdentimes.com/story/sports/college/2022/09/17/jacksonville-state-football-score-tulsa-live-updates/68196470007/,2.2087432732570043
loss,nonmember,https://www.gadsdentimes.com/story/news/2022/07/18/georgia-man-dies-after-one-car-crash-cherokee-county/10088098002/,1.9527056443052895
loss,nonmember,https://www.gadsdentimes.com/story/news/2022/04/06/singing-honor-gospel-promoter-satterfield/7250572001/,2.8219136449257642
loss,nonmember,https://www.gadsdentimes.com/story/opinion/columns/2022/04/17/gop-paints-ketanji-brown-jackson-unfair-light/7310600001/,3.199281196382088
loss,nonmember,https://www.gadsdentimes.com/story/news/2022/04/28/cold-case-cullman-man-charged-1988-murder-massachusetts-girl/9568372002/,1.772667345971437
loss,nonmember,https://www.gadsdentimes.com/story/sports/high-school/baseball/2022/05/02/poll-gadsden-area-boys-high-school-athlete-week-voting/9589581002/,2.1288519481570636
loss,nonmember,https://www.gadsdentimes.com/story/news/2022/04/28/gadsden-council-approves-400-000-gaa-rendering-plant-legal-fees/9544900002/,2.9225599305050793
loss,nonmember,https://www.gadsdentimes.com/story/news/2022/04/03/gadsden-partners-rescue-group-add-space-stray-animals/7216611001/,2.619151979193124
loss,nonmember,https://www.gadsdentimes.com/story/sports/college/football/2022/07/27/jacksonville-state-rich-rodriguez-frustrated-after-first-fall-practice/10132996002/,2.695959525082615
loss,nonmember,https://www.gadsdentimes.com/story/sports/high-school/football/2022/08/26/alabama-high-school-football-scores-live-updates-gadsden-week-1/10297303002/,1.5288965970366737
loss,nonmember,https://www.gadsdentimes.com/story/sports/high-school/baseball/2022/05/16/poll-gadsden-area-boys-high-school-athlete-week-voting/9763857002/,2.0434127545894376
loss,nonmember,https://www.gadsdentimes.com/story/opinion/columns/2022/06/04/turmoil-and-poor-leadership-united-states/7499983001/,2.7918962389071633
loss,nonmember,https://www.gadsdentimes.com/story/opinion/columns/2022/06/12/elaine-h-spearman-speech-and-consequences/7558111001/,3.182622004713433
loss,nonmember,https://www.gadsdentimes.com/restricted/?return=https%3A%2F%2Fwww.gadsdentimes.com%2Fstory%2Fnews%2F2022%2F05%2F27%2Fetowah-county-vote-can-primary-election-2022-plagued-ballot-questions-made-right%2F9943723002%2F,0.11346849421663086
loss,nonmember,https://www.gadsdentimes.com/story/news/2022/08/23/gadsden-property-tax-millage-leave-school-system-1-million-short/7832852001/,2.6170328537343757
loss,nonmember,https://www.gadsdentimes.com/story/news/2022/05/02/prison-escapee-kyle-captured/9615773002/,1.951662216540995
loss,nonmember,https://www.gadsdentimes.com/story/news/politics/elections/local/2022/08/15/gadsden-district-1-city-council-2022-meet-candidates-q-a/10090126002/,2.657604235788307
loss,nonmember,https://www.gadsdentimes.com/story/news/2022/06/17/albertville-plant-dedicates-memorial-employees-slain-one-year-ago/7651946001/,2.509140003586919
loss,nonmember,https://www.gadsdentimes.com/story/news/2022/08/04/here-five-takeaways-etowah-county-commissions-meeting/10212867002/,2.9502741321759824
loss,nonmember,https://www.gadsdentimes.com/story/news/2022/07/25/covid-19-alabama-2022-07-25-etowah-county/65381513007/,0.5829682981334023
loss,nonmember,https://www.gadsdentimes.com/story/news/2022/07/28/glencoe-man-dies-motorcycle-crash-i-59/10172235002/,2.216159339534338
loss,nonmember,https://www.gadsdentimes.com/story/news/2022/08/17/talladega-national-forest-shooting-camp-kid-gun-camping-adam-simjee/10350046002/,2.509421523909031
loss,nonmember,https://www.gadsdentimes.com/story/news/2022/08/30/gadsden-interstate-759-new-eastern-connector-route-plan-unveiled/65419651007/,2.9832749807705485
loss,nonmember,https://www.gadsdentimes.com/restricted/?return=https%3A%2F%2Fwww.gadsdentimes.com%2Fstory%2Fnews%2F2022%2F06%2F03%2Fproject-venue-offer-shared-coworking-space-boost-businesses%2F7483481001%2F,0.13867160651645002
loss,nonmember,https://www.gadsdentimes.com/story/news/2022/05/09/casey-white-custody-vicky-white-hospitalized-after-chase-indiana/9709718002/,2.279336765267235
loss,nonmember,https://www.gadsdentimes.com/story/opinion/columns/2022/06/18/airport-needs-grant-money-people-with-expertise/7635497001/,2.7510816560375297
loss,nonmember,https://www.gadsdentimes.com/story/news/2022/05/27/gadsden-city-council-covers-numerous-topics-latest-meeting/9908958002/,2.7034679411711675
loss,nonmember,https://www.gadsdentimes.com/story/news/politics/elections/2022/05/24/alabama-primary-election-results-2022-etowah-sheriff-jonathon-horton/9860458002/,2.779913739700309
loss,nonmember,https://www.gadsdentimes.com/story/news/2022/07/06/anniston-man-kidnapping-suspect-custody-probe-continues/7821254001/,2.629157696666878
loss,nonmember,https://www.gadsdentimes.com/story/lifestyle/columns/2022/09/08/david-murdock-on-the-lords-opportune-time/65471171007/,2.911271220379873
loss,nonmember,https://www.gadsdentimes.com/story/news/2022/08/23/i-759-gadsden-al-project-learn-more-speak-out-aldot-meeting/7866201001/,2.4624688110608415
loss,nonmember,https://www.gadsdentimes.com/story/news/2022/05/10/gadsden-state-community-college-valley-street-campus-summer-youth-camp/9716173002/,2.3252897621993647
loss,nonmember,https://www.gadsdentimes.com/story/news/2022/07/27/michael-mccartney-gadsden-al-dies-former-auburn-university-board-trustee/10167060002/,2.36656886358608
loss,nonmember,https://www.gadsdentimes.com/story/opinion/columns/2022/06/25/john-floyd-proposed-runway-expansion-airport/7707243001/,2.8515396153278245
loss,nonmember,https://www.gadsdentimes.com/story/opinion/columns/2022/04/09/john-floyd-recalls-playing-augusta-national/9513732002/,2.6092151508660257
loss,nonmember,https://www.gadsdentimes.com/restricted/?return=https%3A%2F%2Fwww.gadsdentimes.com%2Fstory%2Fnews%2F2022%2F05%2F04%2Fetowah-jail-inmates-families-ask-how-inmates-get-access-drugs%2F9620457002%2F,0.0685340054700671
loss,nonmember,https://www.gadsdentimes.com/story/lifestyle/columns/2022/09/15/david-murdock-welcomes-the-arrival-of-fall/69494058007/,2.904842623233916
loss,nonmember,https://www.gadsdentimes.com/story/news/2022/09/17/did-post-of-personal-id-information-campaign-lead-fraud-attempt/69497451007/,3.030071586540391
loss,nonmember,https://www.gadsdentimes.com/restricted/?return=https%3A%2F%2Fwww.gadsdentimes.com%2Fstory%2Fnews%2F2022%2F04%2F03%2Fetowah-county-alabama-end-ice-detention-center-contract-no-layoffs-empty-jail-space%2F7219136001%2F,0.10845873010019005
loss,nonmember,https://www.gadsdentimes.com/story/news/2022/04/17/alabama-remote-area-medical-clinic-first-gadsden-city-high-school/7330606001/,2.682550796508492
loss,nonmember,https://www.gadsdentimes.com/story/news/2022/04/01/gadsden-humane-society-pet-rescue-and-adoption-center-hosting-full-house-frenzy-weekend-sale-dogs/7244673001/,2.617092788493106
loss,nonmember,https://www.gadsdentimes.com/story/news/2022/08/31/whole-backstage-black-tie-christmas-2022-how-to-get-involved/65464125007/,2.7232414737499373
loss,nonmember,https://www.gadsdentimes.com/story/news/2022/05/02/cinco-de-mayo-much-more-than-holiday-excuse-people-party/9507121002/,2.5468294918614456
loss,nonmember,https://www.gadsdentimes.com/story/news/2022/06/28/parade-highlights-rain-lgbtq-pride-event-gadsden/7755811001/,4.0008378177191375
loss,nonmember,https://www.gadsdentimes.com/story/news/2022/05/30/party-over-southside-police-find-guns-drugs-graduation-party/9992387002/,2.4581778873742013
loss,nonmember,https://www.gadsdentimes.com/story/news/2022/05/31/latest-batch-gadsden-state-students-study-work-apprentices/9934550002/,2.7832958998766912
loss,nonmember,https://www.gadsdentimes.com/story/news/2022/08/26/united-way-of-etowah-county-calling-on-community-to-invest-influence/65419640007/,2.863579561959418
loss,nonmember,https://www.gadsdentimes.com/story/news/2022/07/06/ema-grant-garbage-pickup-among-gadsden-city-council-meeting-topics/7810777001/,2.7674137986092244
loss,nonmember,https://www.gadsdentimes.com/story/news/2022/05/05/vicky-white-and-casey-white-history-examined-lauderdale-county-alabama-al-jailbreak-investigation/9658645002/,2.594099391489253
loss,nonmember,https://www.gadsdentimes.com/story/news/2022/04/22/harvesting-rainwater-barrels/7397054001/,2.840024346749126
loss,nonmember,https://www.gadsdentimes.com/story/opinion/columns/2022/07/17/aug-23-critical-day-gadsdens-future/10044035002/,2.991802002780326
loss,nonmember,https://www.gadsdentimes.com/story/sports/high-school/soccer/2022/04/26/ahsaa-soccer-pairings-schedules-gadsden-area-teams/9539423002/,1.7373452273734356
loss,nonmember,https://www.gadsdentimes.com/story/news/2022/09/09/etowah-county-lawyer-face-charges-theft-tax-evasion-false-statements/68204779007/,1.84410503776822
loss,nonmember,https://www.gadsdentimes.com/story/news/2022/08/08/gadsden-al-covid-tracker/65394993007/,0.6333287241601906
loss,nonmember,https://www.gadsdentimes.com/story/news/2022/06/15/municipalities-retaining-employees-jobs-staffing-stable/7608708001/,2.6021871011826363
loss,nonmember,https://www.gadsdentimes.com/story/news/2022/04/23/police-fire-departments-respond-attalla-blaze-one-person-dies/7426862001/,1.9895657471486152
loss,nonmember,https://www.gadsdentimes.com/story/news/2022/04/28/hsprac-host-bark-park-saturday/9572832002/,2.5292854056985434
loss,nonmember,https://www.gadsdentimes.com/story/opinion/columns/2022/09/03/john-f-floyd-talks-about-lack-of-leadership-in-us/65470360007/,2.957320927271096
loss,nonmember,https://www.gadsdentimes.com/story/news/2022/08/01/dekalb-county-al-wreck-motorcycle-crash-jerome-m-banks-jr/10201625002/,2.061741697798702
loss,nonmember,https://www.gadsdentimes.com/story/news/2022/04/11/blount-county-man-killed-crash-sunday-four-others-injured/7278312001/,1.5463048830168822
loss,nonmember,https://www.gadsdentimes.com/story/opinion/columns/2022/05/07/john-floyd-looks-putins-nuclear-threats/9674167002/,2.925780522257146
loss,nonmember,https://www.gadsdentimes.com/story/sports/high-school/baseball/2022/05/18/ahsaa-baseball-etowah-baseball-shows-resiliency-state-championship-series/9825429002/,2.372354813169771
loss,nonmember,https://www.gadsdentimes.com/story/sports/high-school/softball/2022/05/16/poll-gadsden-area-girls-high-school-athlete-week-voting/9763805002/,1.982971241697241
loss,nonmember,https://www.gadsdentimes.com/story/news/politics/elections/2022/05/19/etowah-county-board-education-place-5-doug-sherrod-lucas-hallmark/9821997002/,2.557996438394695
loss,nonmember,https://www.gadsdentimes.com/story/news/2022/06/23/etowah-county-outdoors-prosper-post-pandemic-world/7470098001/,2.7311604954514364
loss,nonmember,https://www.gadsdentimes.com/story/news/2022/06/16/ashley-m-jones-alabama-poet-laureate-poems-poetry-gadsden-gscc/7633983001/,3.2334786299965357
loss,nonmember,https://www.gadsdentimes.com/story/lifestyle/columns/2022/06/02/david-murdock-lifes-abiding-joys-sharing-comic-strip/7469427001/,2.8817512115720536
loss,nonmember,https://www.gadsdentimes.com/story/sports/high-school/softball/2022/05/09/poll-gadsden-area-girls-high-school-athlete-week-voting/9675511002/,2.013410225893603
loss,nonmember,https://www.gadsdentimes.com/story/news/2022/06/13/gadsden-attorney-myron-allenstein-honored-flags-half-mast/7616748001/,2.3287178525671686
loss,nonmember,https://www.gadsdentimes.com/story/sports/high-school/football/2022/07/25/al-high-school-football-25-questions-gadsden-area-2022/10124367002/,2.329505161540633
loss,nonmember,https://www.gadsdentimes.com/story/news/2022/05/31/etowah-county-election-results-2022-candidates-contest-primary/7452140001/,2.802463144809809
loss,nonmember,https://www.gadsdentimes.com/story/opinion/columns/2022/07/02/john-f-floyd-what-american-flag-means/7772172001/,2.7367819985041146
loss,nonmember,https://www.gadsdentimes.com/story/news/2022/04/05/etowah-county-animals-lana-bellew-seeks-spay-and-neuter-help/7178343001/,2.721971526374904
loss,nonmember,https://www.gadsdentimes.com/story/news/2022/06/28/i-20-st-clair-county-crash-leaves-georgia-man-dead/7754485001/,2.070073934067038
loss,nonmember,https://www.gadsdentimes.com/restricted/?return=https%3A%2F%2Fwww.gadsdentimes.com%2Fstory%2Fsports%2Fhigh-school%2Fsoccer%2F2022%2F06%2F20%2Fgadsden-times-all-area-girls-soccer-team-2022%2F7567089001%2F,0.10420808592160102
loss,nonmember,https://www.gadsdentimes.com/story/news/2022/07/01/4th-of-july-fireworks-fun-but-safety-foremost-concert-holiday/7776524001/,2.816069288152346
loss,nonmember,https://www.gadsdentimes.com/story/news/2022/08/05/alabama-highway-77-blocked-between-southside-and-ohatchee/10245554002/,2.708592467195055
loss,nonmember,https://www.gadsdentimes.com/story/news/2022/06/13/rainbow-city-police-say-they-arent-involved-survey-letters/7608015001/,2.7291200622790264
loss,nonmember,https://www.gadsdentimes.com/story/news/2022/08/01/albertville-pedestrian-struck-vehicle-killed-monday/10203715002/,2.0642939764760424
loss,nonmember,https://www.gadsdentimes.com/restricted/?return=https%3A%2F%2Fwww.gadsdentimes.com%2Fstory%2Fnews%2F2022%2F06%2F10%2Fgadsden-schools-al-superintendent-talks-intruder-incident-emphasize-locking-doors%2F7580552001%2F,0.10985399778969578
loss,nonmember,https://www.gadsdentimes.com/story/news/2022/08/01/gadsden-covid-numbers-this-week/65387857007/,0.6381620628523789
loss,nonmember,https://www.gadsdentimes.com/story/opinion/columns/2022/07/16/john-floyd-recalls-landing-on-takeoff-naval-carrier/10043940002/,2.942799994425684
loss,nonmember,https://www.gadsdentimes.com/story/sports/high-school/baseball/2022/04/26/ahsaa-baseball-pairings-schedules-gadsden-area-teams/9539067002/,1.3766193973729535
loss,nonmember,https://www.gadsdentimes.com/story/news/2022/05/11/u-s-11-antique-alley-sale-brings-sellers-buyers-north-south-route/9724947002/,2.9443425851694074
loss,nonmember,https://www.gadsdentimes.com/story/sports/high-school/2022/05/14/ahsaa-baseball-softball-and-soccer-scores-gadsden-area-teams/9675706002/,1.5997790359723199
loss,nonmember,https://www.gadsdentimes.com/story/news/2022/06/28/gscc-scholarship-named-past-cardinal-foundation-presidents/7726017001/,2.426882433037419
loss,nonmember,https://www.gadsdentimes.com/story/sports/college/2022/06/27/gadsden-state-athletics-director-blake-lewis-ready-lead-program/7655749001/,2.313958112765961
loss,nonmember,https://www.gadsdentimes.com/story/news/2022/04/22/hokes-bluff-crash-kills-truck-driver-closes-u-s-278-east-hours/7419260001/,2.291652920334013
loss,nonmember,https://www.gadsdentimes.com/story/news/2022/06/02/former-executive-gadsden-times-writes-novel-experiences/9926478002/,2.8249673885778805
loss,nonmember,https://www.gadsdentimes.com/story/news/2022/04/11/pet-week-april-11/9512363002/,2.353521179801705
loss,nonmember,https://www.gadsdentimes.com/story/news/2022/06/08/residents-express-concerns-over-countys-road-access-policy/9999773002/,2.7273608410963335
loss,nonmember,https://www.gadsdentimes.com/story/news/2022/05/13/attalla-museum-display-rich-history-land-town-and-people/9708923002/,2.7675429657827886
loss,nonmember,https://www.gadsdentimes.com/story/sports/high-school/football/2022/08/22/ahsaa-football-vote-athlete-week-gadsden-area/10297240002/,2.1005549163510127
loss,nonmember,https://www.gadsdentimes.com/story/news/2022/05/30/interactive-gym-hit-gadsdens-adams-floyd-elementary-schools/9809986002/,2.8404603837020015
loss,nonmember,https://www.gadsdentimes.com/story/opinion/columns/2022/09/10/taxpayers-on-the-hook-for-airports-losses/66997627007/,2.7616363917503803
loss,nonmember,https://www.gadsdentimes.com/story/news/2022/07/15/tickets-sale-original-play-wounds-wont-heal-sunday/10062194002/,2.709565618201062
loss,nonmember,https://www.gadsdentimes.com/story/news/2022/07/11/gadsden-other-local-locations-taking-part-tax-free-holiday-july/7810973001/,2.476414311314152
loss,nonmember,https://www.gadsdentimes.com/story/sports/high-school/soccer/2022/04/08/jacksonville-state-bound-camryn-davis-and-alana-morton-leading-southside-girls-soccer/7244586001/,2.350767780048013
loss,nonmember,https://www.gadsdentimes.com/story/news/2022/04/26/100th-birthday-celebration/7440552001/,2.5889855110807165
loss,nonmember,https://www.gadsdentimes.com/story/news/2022/05/16/gadsden-animal-control-advocates-want-tackle-over-population-issue/9760222002/,2.9160928511388207
loss,nonmember,https://www.gadsdentimes.com/story/news/2022/06/23/gadsden-man-faces-assault-robbery-and-drug-charges-following-attack/7710266001/,1.6936967990433853
loss,nonmember,https://www.gadsdentimes.com/story/news/2022/04/08/benefits-walking/9497202002/,2.497282748537722
loss,nonmember,https://www.gadsdentimes.com/story/news/2022/05/04/theatre-gadsden-sound-music-show-ends-friday-saturday/9652223002/,2.4761213671897724
loss,nonmember,https://www.gadsdentimes.com/story/news/2022/04/12/easter-meal-recipes-favorite-cooks-gadsden-alabama-southern-food/7274254001/,2.2674805088244434
loss,nonmember,https://www.gadsdentimes.com/story/news/2022/06/13/gecema-stay-safe-heat-indices-soar/7612554001/,2.348809099573068
loss,nonmember,https://www.gadsdentimes.com/story/news/2022/05/12/honors-saturday-revolutionary-war-vet-buried-cherokee-county/9744058002/,2.843501993952019
loss,nonmember,https://www.gadsdentimes.com/story/sports/high-school/softball/2022/05/20/ahsaa-state-softball-tournament-how-gadsden-area-teams-performed/9833854002/,2.356322137898007
loss,nonmember,https://www.gadsdentimes.com/story/news/2022/06/21/big-brothers-big-sisters-40-years-one-one-mentoring-youth/7647512001/,2.7971951855766917
loss,nonmember,https://www.gadsdentimes.com/story/news/2022/04/25/pet-week-april-25/7410856001/,2.472574553183597
loss,nonmember,https://www.gadsdentimes.com/story/news/2022/09/08/etowah-county-approves-body-cameras-tasers-purchase-sheriffs-office/65742766007/,2.7567563452402988
loss,nonmember,https://www.gadsdentimes.com/story/news/2022/04/26/gadsden-firefighters-respond-heavy-fire-south-fourth-street-house/7451372001/,2.472816095375733
loss,nonmember,https://www.gadsdentimes.com/story/news/2022/04/22/do-you-know-who-killed-jahiem-embry-reward-offers-talladega-case/7397383001/,1.678858914133948
loss,nonmember,https://www.gadsdentimes.com/story/sports/high-school/baseball/2022/04/08/ahsaa-baseball-etowah-using-running-game-leap-toward-big-season/7244636001/,2.5862263314424125
loss,nonmember,https://www.gadsdentimes.com/story/news/2022/08/11/phase-1-gadsden-sports-park-officially-open/10276545002/,2.688237486918918
loss,nonmember,https://www.gadsdentimes.com/story/news/2022/05/02/honoring-larry-keener/9616149002/,2.4746273712265734
loss,nonmember,https://www.gadsdentimes.com/story/news/2022/04/09/gadsden-murder-case-ends-life-sentence-2016-shooting-death/9518470002/,2.335408612070029
loss,nonmember,https://www.gadsdentimes.com/story/news/2022/07/18/etowah-county-covid-tracker/65375524007/,0.6982974359659978
loss,nonmember,https://www.gadsdentimes.com/restricted/?return=https%3A%2F%2Fwww.gadsdentimes.com%2Fstory%2Fnews%2F2022%2F05%2F25%2Fgadsden-pediatric-clinic-marks-50th-anniversary-practice%2F9900399002%2F,0.11346849421663086
loss,nonmember,https://www.gadsdentimes.com/story/sports/college/football/2022/07/22/jacksonville-state-football-rich-rodriguez-making-early-impression-players/10132592002/,2.508420968766137
loss,nonmember,https://www.gadsdentimes.com/story/news/2022/06/09/gadsden-school-shooting-what-we-know/7570712001/,2.524417332496107
loss,nonmember,https://www.gadsdentimes.com/story/news/2022/05/30/gadsden-resident-dies-crash-monday-morning-us-highway-411/9997100002/,1.6219180535110436
loss,nonmember,https://www.gadsdentimes.com/story/sports/high-school/soccer/2022/04/28/ahsaa-girls-soccer-ziniah-hardy-leads-southside-defense/7406219001/,2.3631953296932195
loss,nonmember,https://www.gadsdentimes.com/story/news/2022/07/14/gadsden-police-bomb-squad-george-wallace-drive-coosa-river-rescue/10063159002/,2.512863317402672
loss,nonmember,https://www.gadsdentimes.com/story/news/2022/09/02/jacksonville-shooting-trenton-medders-murder-charges-justin-racca-ashley-duggan/65469767007/,2.408351195283943
loss,nonmember,https://www.gadsdentimes.com/story/news/2022/08/12/back-to-school-united-ways-kindergarten-first-time-students-success/10288486002/,2.7983408757979067
loss,nonmember,https://www.gadsdentimes.com/story/news/politics/elections/2022/05/24/alabama-primary-election-results-house-district-29-jamie-grant-mark-gidley/9860508002/,2.498537179404561
loss,nonmember,https://www.gadsdentimes.com/story/sports/college/football/2022/07/22/jacksonville-state-football-rich-rodriguez-talks-asun-conference-media-day/10063183002/,2.38788359668761
loss,nonmember,https://www.gadsdentimes.com/story/lifestyle/columns/2022/05/12/david-murdock-column-a-code-by-any-other-name-is-still-shorthand/9656712002/,3.0250815232716337
loss,nonmember,https://www.gadsdentimes.com/story/sports/high-school/soccer/2022/04/30/ahsaa-boys-soccer-westbrook-christian-boys-soccer-earns-first-playoff-win/9574301002/,2.344125087945229
loss,nonmember,https://www.gadsdentimes.com/story/news/2022/08/10/gadsden-etowah-film-office-hold-orientation-meeting-aug-17/10216297002/,2.637791857387593
loss,nonmember,https://www.gadsdentimes.com/story/sports/high-school/softball/2022/04/26/poll-gadsden-area-girls-high-school-athlete-third-week-april/7383215001/,2.2223129036440517
loss,nonmember,https://www.gadsdentimes.com/story/news/2022/08/25/five-things-to-do-in-the-gadsden-area-this-weekend-next-weekend/65418637007/,2.7234348504394457
loss,nonmember,https://www.gadsdentimes.com/story/news/2022/05/02/former-shelter-dog-liam-adjusts-new-home/9568842002/,2.54849922355317
loss,nonmember,https://www.gadsdentimes.com/story/lifestyle/columns/2022/08/25/david-murdock-on-oh-that-reminds-me/10351612002/,2.700298534152683
loss,nonmember,https://www.gadsdentimes.com/story/sports/high-school/golf/2022/04/22/ahsaa-alabama-high-school-golf-postseason-etowah-county/7328901001/,2.2464594681948644
loss,nonmember,https://www.gadsdentimes.com/story/news/2022/04/01/extension-service-sets-4-h-pig-squeal-show-sale/7231080001/,2.8510838403387035
loss,nonmember,https://www.gadsdentimes.com/story/news/2022/07/22/jacksonville-state-trustees-address-housing-shortage/10099626002/,2.5798534143750667
loss,nonmember,https://www.gadsdentimes.com/story/news/2022/04/08/national-walking-day-health-benefits-exercise-spring/9497202002/,2.497282748537722
loss,nonmember,https://www.gadsdentimes.com/story/news/2022/04/07/southside-high-students-see-affects-drunk-driving-mock-dui-crash/9482373002/,2.9447126392722534
loss,nonmember,https://www.gadsdentimes.com/restricted/?return=https%3A%2F%2Fwww.gadsdentimes.com%2Fstory%2Fnews%2F2022%2F04%2F27%2Fjenkins-buys-out-harp-fulfilling-duos-plans-harp-clover-nola%2F7363497001%2F,0.10888327825659984
loss,nonmember,https://www.gadsdentimes.com/story/news/2022/07/21/southside-elementary-site-police-fire-training/10118127002/,2.5800092004578135
loss,nonmember,https://www.gadsdentimes.com/story/news/2022/06/28/jacksonville-state-university-lives-vikings-leads-scientists-iceland-month-long-study/7727004001/,2.9076750066916546
loss,nonmember,https://www.gadsdentimes.com/story/sports/high-school/golf/2022/04/28/ahsaa-golf-waldo-shirts-give-westbrook-christian-boys-good-luck/9539034002/,2.620136095271444
loss,nonmember,https://www.gadsdentimes.com/restricted/?return=https%3A%2F%2Fwww.gadsdentimes.com%2Fstory%2Fsports%2Fhigh-school%2Fsoccer%2F2022%2F06%2F16%2Fmeet-2022-gadsden-times-all-area-boys-soccer-team%2F7567009001%2F,0.10985399778969578
loss,nonmember,https://www.gadsdentimes.com/story/news/2022/09/17/five-things-know-about-gadsdens-mayor-council-form-of-government/65983062007/,2.149557883757308
loss,nonmember,https://www.gadsdentimes.com/story/news/2022/09/01/gadsden-loses-friends-of-the-city-with-passing-of-attorney-volunteer/65466063007/,2.9488472198669196
loss,nonmember,https://www.gadsdentimes.com/story/news/2022/06/11/rainbow-city-crime-spree-ends-one-dead-one-injured-house-burned/7591743001/,2.700046933729471
loss,nonmember,https://www.gadsdentimes.com/restricted/?return=https%3A%2F%2Fwww.gadsdentimes.com%2Fstory%2Fsports%2Fhigh-school%2Fbaseball%2F2022%2F05%2F26%2Fhigh-school-baseball-best-moments-bold-predictions-gadsden-area-high-school%2F9868063002%2F,0.11346849421663086
loss,nonmember,https://www.gadsdentimes.com/story/news/2022/05/09/snead-state-announces-new-career-tech-center/9630425002/,2.6648784610522145
loss,nonmember,https://www.gadsdentimes.com/story/news/2022/04/21/commissioners-congratulate-robotic-teams-county/7368705001/,2.7465575413290235
loss,nonmember,https://www.gadsdentimes.com/story/news/2022/07/22/walnut-park-iglesia-renovacion-carismatica-church-damaged-fire/10126104002/,2.507091791115083
loss,nonmember,https://www.gadsdentimes.com/story/news/2022/06/09/hokes-bluff-mayor-cautions-people-part-city-dont-drink-water/7565929001/,2.61270819675589
loss,nonmember,https://www.gadsdentimes.com/story/news/2022/07/21/covid-leads-big-river-postponement-shows-rescheduled/10120025002/,2.118143423935167
loss,nonmember,https://www.gadsdentimes.com/story/news/2022/09/08/gda-covid-19-state-2022-09-05-al-ntgt/65473194007/,0.5888062211402186
loss,nonmember,https://www.gadsdentimes.com/story/business/2022/05/02/2022-gadsden-readers-choice-awards-nominations/9614722002/,0.5185516059949128
loss,nonmember,https://www.gadsdentimes.com/story/sports/college/football/2022/08/01/jacksonville-state-football-stevontae-tullis-one-defensive-leaders/10166074002/,2.353665867492598
loss,nonmember,https://www.gadsdentimes.com/story/news/politics/elections/2022/05/24/alabama-election-results-2022-etowah-board-education-5-doug-sherrod/9860520002/,2.407735351435205
loss,nonmember,https://www.gadsdentimes.com/story/news/2022/09/08/gadsden-area-homes-for-sale-price-august-listings-alabama/65474187007/,0.4650944963626457
loss,nonmember,https://www.gadsdentimes.com/story/news/2022/07/19/hsprac-gadsden-participate-community-thrives-fundraising-event/10059686002/,2.505728771590231
loss,nonmember,https://www.gadsdentimes.com/story/news/2022/06/02/vibe-returns-pitman-theatre/7459348001/,2.786719588613715
loss,nonmember,https://www.gadsdentimes.com/restricted/?return=https%3A%2F%2Fwww.gadsdentimes.com%2Fstory%2Fnews%2F2022%2F06%2F01%2Fmuscadine-bloodline-gadsden-concert-bash-on-the-bend%2F9897429002%2F,0.11346849421663086
loss,nonmember,https://www.gadsdentimes.com/story/sports/high-school/softball/2022/04/18/ahsaa-sports-poll-gadsden-area-girls-high-school-athlete-week/7328895001/,2.0532059130360163
loss,nonmember,https://www.gadsdentimes.com/story/opinion/columns/2022/05/22/candidates-loyalty-trump-frightening/9827109002/,3.2916530039774234
loss,nonmember,https://www.gadsdentimes.com/story/news/2022/08/19/extension-office-offers-fire-ant-workshop/10357179002/,2.9944188700019385
loss,nonmember,https://www.gadsdentimes.com/story/sports/high-school/2022/05/06/ahsaa-baseball-playoffs-etowah-reaches-alabama-high-school-semifinals/9589644002/,2.412111022640199
loss,nonmember,https://www.gadsdentimes.com/restricted/?return=https%3A%2F%2Fwww.gadsdentimes.com%2Fstory%2Fsports%2Fhigh-school%2Fsoftball%2F2022%2F06%2F13%2Fall-etowah-county-high-school-softball-teams-2022-season%2F7530116001%2F,0.10985399778969578
loss,nonmember,https://www.gadsdentimes.com/story/lifestyle/columns/2022/09/01/david-murdock-on-experiencing-lord-of-the-rings-film-trilogy/65466922007/,2.6890138511585455
loss,nonmember,https://www.gadsdentimes.com/story/news/2022/09/14/gadsden-budget-approved-gives-better-raise-to-some-in-higher-ranks/69491553007/,2.8229345854359305
loss,nonmember,https://www.gadsdentimes.com/restricted/?return=https%3A%2F%2Fwww.gadsdentimes.com%2Fstory%2Fnews%2F2022%2F05%2F04%2Fetowah-county-inaugural-asd-conference-together-we-can-make-a-difference-parag-sanctuary%2F9554312002%2F,0.0685340054700671
loss,nonmember,https://www.gadsdentimes.com/story/news/2022/04/15/master-gardener-plant-sale-tap/7317967001/,2.3559190977555438
loss,nonmember,https://www.gadsdentimes.com/picture-gallery/news/2022/08/04/worlds-longest-yard-sale-starts-thursday-august-4-2022/10240203002/,2.836505227742174
loss,nonmember,https://www.gadsdentimes.com/story/news/2022/06/22/commissioners-approve-repaving-measures-appalachian-highway/7688098001/,2.5604636358297364
loss,nonmember,https://www.gadsdentimes.com/story/news/2022/08/09/variety-music-gadsden-symphony-orchestra-played-gchs/10228073002/,2.066487580503542
loss,nonmember,https://www.gadsdentimes.com/story/news/2022/05/06/habitat-dragon-boat-festival-returns-coosa-river-august/9620926002/,2.447148000506494
loss,nonmember,https://www.gadsdentimes.com/story/sports/2022/05/15/ahsaa-state-baseball-champiosnhips-2022-high-school-schedule-alabama-jacksonville-state-oxford-title/9789599002/,1.3078103788409015
loss,nonmember,https://www.gadsdentimes.com/story/opinion/columns/2022/08/27/opinion-voters-change-in-gadsden-alabama/7865584001/,3.0554294372124797
loss,nonmember,https://www.gadsdentimes.com/story/news/politics/elections/local/2022/09/16/a-look-at-mayoral-contender-heather-new/69486948007/,2.608752100105484
loss,nonmember,https://www.gadsdentimes.com/story/news/2022/04/27/cleveland-man-killed-two-vehicle-crash-near-guntersville/9549130002/,1.530683849649324
loss,nonmember,https://www.gadsdentimes.com/story/opinion/columns/2022/05/21/john-f-floyd-revisits-airport-controversies/9843422002/,2.667784723648741
loss,nonmember,https://www.gadsdentimes.com/story/news/2022/07/29/58-year-old-gallant-woman-died-thursday-single-vehicle-crash/10187305002/,1.837216488411551
loss,nonmember,https://www.gadsdentimes.com/story/sports/college/2022/09/03/jacksonville-state-football-score-updates-davidson-wildcats/65464560007/,1.9827347646297417
loss,nonmember,https://www.gadsdentimes.com/story/news/2022/04/09/gadsden-teen-surprised-two-year-scholarship-gscc/9501080002/,2.3142777269594172
loss,nonmember,https://www.gadsdentimes.com/story/news/2022/04/17/interstate-59-crash-closes-all-lanes-roadway-st-clair-county-alabama/7349856001/,2.196578233820135
loss,nonmember,https://www.gadsdentimes.com/story/news/2022/06/01/piedmont-police-say-accused-mobile-home-crasher-injured-fight-after/7469533001/,2.509614281970035
loss,nonmember,https://www.gadsdentimes.com/story/opinion/columns/2022/06/05/elaine-harris-spearman-election-challenges/7462167001/,3.272671522256648
loss,nonmember,https://www.gadsdentimes.com/restricted/?return=https%3A%2F%2Fwww.gadsdentimes.com%2Fstory%2Fnews%2F2022%2F04%2F13%2Fretirement-book-gadsden-citys-stewart-dishes-busy-time%2F9490846002%2F,0.10845873010019005
loss,nonmember,https://www.gadsdentimes.com/story/news/2022/04/20/gadsden-other-area-responders-continue-search-drowning-victim/7380986001/,2.609712015571979
loss,nonmember,https://www.gadsdentimes.com/story/news/2022/04/13/no-drivers-licenses-issued-next-week-alabama/7291230001/,2.8255310270638865
loss,nonmember,https://www.gadsdentimes.com/story/news/politics/2022/09/15/gadsden-mayoral-election-candidates-craig-ford-heather-brothers-new-debate/69496303007/,3.155006325216353
loss,nonmember,https://www.gadsdentimes.com/story/news/2022/09/02/southside-vehicle-motorcycle-crash-results-in-fatality-of-man/65469092007/,2.0054205590696688
loss,nonmember,https://www.gadsdentimes.com/story/news/2022/07/14/albertville-al-fire-todd-ridge-road-death-7-year-old/10063487002/,1.787693568765228
loss,nonmember,https://www.gadsdentimes.com/story/news/2022/08/06/commercial-vehicle-crashes-goes-up-flames-59/10258790002/,1.7108064067373523
loss,nonmember,https://www.gadsdentimes.com/story/news/2022/06/27/gadsdenareahomesforsalepricemaylistingsalabama/65359298007/,0.5009085707664697
loss,nonmember,https://www.gadsdentimes.com/story/news/2022/08/23/election-results-gadsden-municipal-election-2022/7880181001/,2.101143578906419
loss,nonmember,https://www.gadsdentimes.com/story/news/2022/04/28/may-art-exhibits-gadsden-museum-art/7442689001/,3.3280921813674067
loss,nonmember,https://www.gadsdentimes.com/story/sports/2022/05/27/softball-team-usa-play-exhibition-games-choccolocco-park-july/9966361002/,2.016450747900106
loss,nonmember,https://www.gadsdentimes.com/story/lifestyle/columns/2022/07/28/david-murdock-discusses-his-least-favorite-household-chore-laundry/10166803002/,2.8664407628050803
loss,nonmember,https://www.gadsdentimes.com/story/lifestyle/columns/2022/04/24/david-murdock-looks-poetry-special-language/7383064001/,2.656035688283168
loss,nonmember,https://www.gadsdentimes.com/story/sports/high-school/baseball/2022/05/07/ahsaa-soccer-westbrook-christian-beats-guntersville-quarterfinal/9589680002/,2.3818937289868516
loss,nonmember,https://www.gadsdentimes.com/story/news/2022/07/24/hometown-heroes-event-glencoe-recognizes-those-who-serve-protect/10108731002/,2.7127103622247457
loss,nonmember,https://www.gadsdentimes.com/story/news/2022/04/06/sylvania-man-charged-fatal-hit-and-run-crash-near-geraldine/9491734002/,1.623835106242201
loss,nonmember,https://www.gadsdentimes.com/story/news/2022/05/04/mothers-day-weekend-sees-latest-local-first-friday-event/9576800002/,2.434917631923573
loss,nonmember,https://www.gadsdentimes.com/story/news/2022/09/01/southside-officials-plan-extensively-for-road-projects-disruptions/65465847007/,2.8786709501586265
loss,nonmember,https://www.gadsdentimes.com/story/news/2022/06/03/blind-boys-alabama-julius-love-grammys-blessings-bandmate-passing/9839407002/,2.4771332963889647
loss,nonmember,https://www.gadsdentimes.com/story/news/2022/08/03/back-school-etowah-county-schools-make-preparations/10152566002/,2.4615184301459365
loss,nonmember,https://www.gadsdentimes.com/story/news/2022/07/11/pedestrian-killed-albertville-highway-431/10027923002/,1.399919008706151
loss,nonmember,https://www.gadsdentimes.com/story/news/politics/elections/local/2022/08/17/gadsden-alabama-politics-city-council-district-2-2022-politicians/10219498002/,2.6632886044698822
loss,nonmember,https://www.gadsdentimes.com/story/news/2022/06/30/gadsden-al-womens-reproductive-rights-march-scheduled-saturday/7777104001/,2.0134153264065837
loss,nonmember,https://www.gadsdentimes.com/story/news/2022/04/11/capital-improvements-underway-gscc/9495794002/,2.501632333150473
loss,nonmember,https://www.gadsdentimes.com/story/sports/college/football/2022/07/26/rich-rodriguez-nil-i-think-college-football-danger-right-now/10156971002/,2.544282803600144
loss,nonmember,https://www.gadsdentimes.com/story/opinion/columns/2022/06/26/toxicity-taking-its-toll-political-realm/7701683001/,3.17632286380731
loss,nonmember,https://www.gadsdentimes.com/story/news/2022/04/08/whats-going-gadsden-area-here-few-things/7168437001/,2.531588308526471
loss,nonmember,https://www.gadsdentimes.com/story/news/2022/05/16/former-etowah-jailer-sentenced-calhoun-co-faces-contraband-charge/9731680002/,2.451085623325502
loss,nonmember,https://www.gadsdentimes.com/story/news/2022/08/04/city-gadsden-oks-one-time-bonus-retirees-coming-october/10228288002/,2.450482900358733
loss,nonmember,https://www.gadsdentimes.com/story/news/2022/06/09/gadsden-eye-associates-jacksonville-al-open-second-location/7557084001/,2.3169286244409295
loss,nonmember,https://www.gadsdentimes.com/story/news/2022/05/15/rainbow-city-new-host-etowah-historical-society/9746771002/,2.2571469878618937
loss,nonmember,https://www.gadsdentimes.com/story/news/2022/08/26/decatur-police-motorist-intentionally-hit-killed-woman-he-didnt-know/65459169007/,2.229155030674402
loss,nonmember,https://www.gadsdentimes.com/story/news/2022/07/28/talladega-county-2013-cold-case-suspect-charged-after-arrested-for-2022-attack/10168127002/,2.21604432729465
loss,nonmember,https://www.gadsdentimes.com/story/sports/2022/06/21/reita-clanton-olympic-star-despite-not-having-equal-opportunites/9838895002/,2.45579846038212
loss,nonmember,https://www.gadsdentimes.com/story/news/2022/06/27/childersburg-teen-killed-talladega-county-crash-coleman-bridge/7751062001/,1.4748978450730899
loss,nonmember,https://www.gadsdentimes.com/story/news/2022/05/06/escape-how-lauderdale-county-jailer-alabama-corrections-officer-vicky-white-inmate-casey-white/9675820002/,2.1942539299505635
loss,nonmember,https://www.gadsdentimes.com/story/news/2022/08/05/rainsville-man-killed-single-vehicle-crash-grey-suv-leaves-scene/10254313002/,1.812972612353823
loss,nonmember,https://www.gadsdentimes.com/story/sports/high-school/baseball/2022/04/23/opening-round-playoff-scores-westbrook-etowah-hokes-bluff-sweep/7399256001/,1.7306498529006134
loss,nonmember,https://www.gadsdentimes.com/story/news/2022/05/10/police-unravel-details-lauderdale-escape-jailer-vicky-white-death-casey-white/9718490002/,2.4903680567871147
loss,nonmember,https://www.gadsdentimes.com/story/news/2022/05/18/etowah-county-gop-breakfast-saturday/9830326002/,2.314682574023819
loss,nonmember,https://www.gadsdentimes.com/story/news/2022/04/28/gadsden-mans-death-jail-under-investigation/9568992002/,1.759421493445379
loss,nonmember,https://www.gadsdentimes.com/story/news/politics/elections/local/2022/08/31/provisional-ballots-for-gadsden-mayor-dont-change-election-outcome/65464689007/,3.25043477289611
loss,nonmember,https://www.gadsdentimes.com/story/news/2022/07/20/gadsden-rendering-plant-lawsuit-plaintiffs-drop-remaining-claims/10111808002/,3.0687825853828583
loss,nonmember,https://www.gadsdentimes.com/story/opinion/columns/2022/09/11/elaine-harris-spearman-discusses-ministers-in-politics/66053387007/,3.001500628634316
loss,nonmember,https://www.gadsdentimes.com/story/news/2022/06/06/poet-laureate-national-miss-juneteenth-visit-gadsden-public-library/7462402001/,2.4872496954404775
loss,nonmember,https://www.gadsdentimes.com/restricted/?return=https%3A%2F%2Fwww.gadsdentimes.com%2Fstory%2Fnews%2F2022%2F04%2F06%2Fhostel-attalla-alabama-its-there-and-its-something-see%2F7144441001%2F,0.10845873010019005
loss,nonmember,https://www.gadsdentimes.com/story/news/local/2022/05/02/lauderdale-county-alabama-escaped-inmate-casey-cole-white-corrections-officer-vicki-white/9615011002/,1.7425501456977357
loss,nonmember,https://www.gadsdentimes.com/story/news/politics/elections/local/2022/08/04/gadsden-district-4-city-council-2022-meet-candidates-goals-objectives/10219876002/,3.0117181258171004
loss,nonmember,https://www.gadsdentimes.com/story/news/2022/05/18/gadsden-city-council-business-includes-approving-juneteenth-holiday/9807927002/,2.3462538162118625
loss,nonmember,https://www.gadsdentimes.com/story/news/2022/07/11/etowah-county-mother-son-charged-theft-hospice-patient/10033828002/,2.3973260510455336
loss,nonmember,https://www.gadsdentimes.com/story/sports/high-school/2022/09/17/gadsden-area-top-performers-for-week-4-of-high-school-football-ahsaa/68192917007/,2.1378506483841906
loss,nonmember,https://www.gadsdentimes.com/story/sports/high-school/soccer/2022/05/09/ahsaa-soccer-pairings-schedules-final-four-huntsville/9675975002/,1.2388051237566622
loss,nonmember,https://www.gadsdentimes.com/story/news/2022/08/03/diane-matthews-looks-back-50-years-attalla-city-schools/10183831002/,2.7926004160571263
loss,nonmember,https://www.gadsdentimes.com/story/news/2022/09/12/gadsden-covid-numbers-death-this-week/69485890007/,0.6025712487779061
loss,nonmember,https://www.gadsdentimes.com/story/sports/high-school/football/2022/08/19/alabama-high-school-football-gadsden-live-updates-scores-week-0/10297192002/,2.2321364822863283
loss,nonmember,https://www.gadsdentimes.com/story/news/2022/04/16/grmc-hires-new-family-medicine-doctor/7305152001/,2.1158430166707056
loss,nonmember,https://www.gadsdentimes.com/story/lifestyle/columns/2022/07/07/david-murdock-reflects-effects-southern-heat/7820686001/,2.771013199409285
loss,nonmember,https://www.gadsdentimes.com/story/sports/high-school/football/2022/04/14/dre-kirkpatrick-jr-emerging-fathers-shadow-football-prospect/9513716002/,2.0773085685017167
loss,nonmember,https://www.gadsdentimes.com/story/news/2022/06/27/marshall-county-man-faces-charges-after-wife-found-shot-face/7750296001/,1.75771474054668
loss,nonmember,https://www.gadsdentimes.com/story/sports/high-school/baseball/2022/04/08/auburn-baseball-signee-alex-wade-making-impact-madison-academy/9520396002/,2.2441523696973844
loss,nonmember,https://www.gadsdentimes.com/story/lifestyle/columns/2022/04/30/david-murdock-considers-petty-irritations/9558800002/,2.899366232473668
loss,nonmember,https://www.gadsdentimes.com/story/news/2022/09/15/etowah-sheriff-investigating-reported-threat-to-west-end-high-school/69495554007/,2.358144340559455
loss,nonmember,https://www.gadsdentimes.com/story/sports/high-school/football/2022/06/20/ahsaa-alabama-athletic-association-football-chris-stephenson-sardis-high-school-losing-season/7631188001/,2.408549394089411
loss,nonmember,https://www.gadsdentimes.com/story/news/2022/05/19/middle-schools-compete-returning-mock-trial-competition/9796754002/,2.5429715164522513
loss,nonmember,https://www.gadsdentimes.com/story/news/2022/08/29/gda-covid-19-state-2022-08-29-al-ntgt/65461094007/,0.574058344123017
loss,nonmember,https://www.gadsdentimes.com/story/sports/high-school/baseball/2022/05/15/ahsaa-softball-schedules-state-championship-tournament-oxford/9763969002/,1.812860937498219
loss,nonmember,https://www.gadsdentimes.com/story/news/2022/04/29/take-back-day-etowah-county-what-you-should-know/9570548002/,2.5227077493258063
loss,nonmember,https://www.gadsdentimes.com/story/news/2022/04/13/marshall-county-crash-monday-resulted-death-birmingham-man/7307320001/,1.7470077515048326
loss,nonmember,https://www.gadsdentimes.com/story/news/2022/06/15/gadsden-municipal-elections-kick-off-first-day-qualifying/7619148001/,2.7432295388249095
loss,nonmember,https://www.gadsdentimes.com/story/news/2022/09/13/boaz-man-faces-attempted-murder-charge-in-connection-with-bat-attack/69492893007/,2.1137203247093534
loss,nonmember,https://www.gadsdentimes.com/restricted/?return=https%3A%2F%2Fwww.gadsdentimes.com%2Fstory%2Fnews%2Fcrime%2F2022%2F05%2F04%2Fvicky-white-alabama-corrections-officer-casey-white-inmate-escape-plans-undetected%2F9649215002%2F,0.0685340054700671
loss,nonmember,https://www.gadsdentimes.com/story/sports/college/football/2022/07/26/jacksonville-state-football-early-bumps-road-offense/10132993002/,2.376073431141109
loss,nonmember,https://www.gadsdentimes.com/story/news/2022/08/18/gadsden-city-council-alabama-politics-noccalula-falls-development/10347477002/,2.800855716388352
loss,nonmember,https://www.gadsdentimes.com/story/news/politics/elections/local/2022/07/26/gadsden-mayor-race-2022-candidates-profiles-goals-objectives/10029226002/,2.830798615500512
loss,nonmember,https://www.gadsdentimes.com/restricted/?return=https%3A%2F%2Fwww.gadsdentimes.com%2Fstory%2Fsports%2Fhigh-school%2Fbaseball%2F2022%2F04%2F23%2Fahsaa-sports-gadsden-area-high-school-top-performers-last-week-april%2F7383280001%2F,0.10845873010019005
loss,nonmember,https://www.gadsdentimes.com/story/news/2022/09/15/gop-secretary-of-state-candidate-to-speak-in-rainbow-city/69497599007/,2.789783426085758
loss,nonmember,https://www.gadsdentimes.com/story/news/politics/elections/2022/05/20/house-district-28-candidates-gil-isbell-and-mack-butler-answer-questions/9823423002/,2.76300491637831
loss,nonmember,https://www.gadsdentimes.com/story/news/2022/05/20/what-you-need-know-ahead-primary-elections-tuesday/9836113002/,2.1975920283817962
loss,nonmember,https://www.gadsdentimes.com/story/news/2022/05/10/community-spring-festival-tap-may-14/9645424002/,2.870381431424766
loss,nonmember,https://www.gadsdentimes.com/story/news/2022/05/05/gadsden-city-council-committee-recommend-juneteenth-holiday/9630271002/,1.810164995195368
loss,nonmember,https://www.gadsdentimes.com/story/news/2022/04/22/earth-day-2022-five-ways-zero-waste/7380519001/,2.7866389359222152
loss,nonmember,https://www.gadsdentimes.com/story/news/2022/05/30/louisiana-man-faces-charges-fatal-st-clair-county-crash/9993629002/,2.273854096550938
loss,nonmember,https://www.gadsdentimes.com/story/news/2022/06/22/etowah-county-credit-union-host-fight-fraud-workshop/7632803001/,2.523014328803211
loss,nonmember,https://www.gadsdentimes.com/story/news/politics/elections/2022/05/24/alabama-primary-election-results-2022-etowah-county-commission-4/9860527002/,2.3491535397094987
loss,nonmember,https://www.gadsdentimes.com/story/news/2022/09/08/etowah-native-picked-for-saints-cheerleading-squad/65474871007/,2.8063152395211852
loss,nonmember,https://www.gadsdentimes.com/story/sports/high-school/baseball/2022/04/30/ahsaa-baseball-softball-and-soccer-scores-gadsden-area-teams/9558590002/,1.8273021818212771
loss,nonmember,https://www.gadsdentimes.com/story/news/2022/07/03/gadsden-municipal-election-mayor-and-three-council-seats-change-coming/7776615001/,2.45990941191712
loss,nonmember,https://www.gadsdentimes.com/restricted/?return=https%3A%2F%2Fwww.gadsdentimes.com%2Fstory%2Fnews%2F2022%2F06%2F08%2Fhomes-selling-sold-completely-online-rainbow-city-alabama-virtual-market%2F7483207001%2F,0.15256357080302246
loss,nonmember,https://www.gadsdentimes.com/story/news/2022/06/19/national-miss-juneteenth-reflects-year-titleholder/7608726001/,2.443245427148137
loss,nonmember,https://www.gadsdentimes.com/story/news/2022/04/10/etowah-countys-advocates-recognize-child-abuse-victims-they-serve/9495775002/,2.7877988077467566
loss,nonmember,https://www.gadsdentimes.com/story/sports/college/2022/08/27/jacksonville-state-football-rich-rodriguez-take-on-stephen-f-austin-live-updates/7846698001/,1.7767582335437682
loss,nonmember,https://www.gadsdentimes.com/story/news/2022/07/22/centre-man-dies-after-crashing-truck-cherokee-county/10130540002/,2.2686927068484954
loss,nonmember,https://www.gadsdentimes.com/story/news/2022/08/15/rainbow-city-police-get-raise-etowah-911-take-over-dispatching/10287514002/,2.755645758962029
loss,nonmember,https://www.gadsdentimes.com/story/news/politics/elections/local/2022/08/18/gadsden-district-3-city-council-2022-meet-candidates-q-a/10271517002/,2.8186279678754467
loss,nonmember,https://www.gadsdentimes.com/story/news/2022/07/28/tyn-tymes-gadsden-annual-indoor-beach-party-aug-6-2022/10152370002/,2.7698343416959643
loss,nonmember,https://www.gadsdentimes.com/story/news/2022/06/03/guilty-plea-entered-2017-shooting-death-etowah-county-man/7496834001/,1.9459631677046545
loss,nonmember,https://www.gadsdentimes.com/story/news/2022/06/07/three-string-returns-gadsden-june-17-concert/9946972002/,2.620322670018361
loss,nonmember,https://www.gadsdentimes.com/story/lifestyle/columns/2022/05/19/david-murdock-looks-nature-and-art/9827595002/,2.950968931163741
loss,nonmember,https://www.gadsdentimes.com/story/sports/high-school/baseball/2022/05/17/ahsaa-baseball-trinity-presbyterian-defeats-piedmont-6-5-game-2-3-a-championship/9808672002/,2.0197526466099016
loss,nonmember,https://www.gadsdentimes.com/story/news/2022/06/17/shooting-church-gathering-kills-two-injures-one-suspect-custody/7658385001/,2.0504217620783396
loss,nonmember,https://www.gadsdentimes.com/story/sports/high-school/soccer/2022/06/02/alabama-high-school-soccer-best-moments-predictions-gadsden-area-2022/9926331002/,2.6260198350904522
loss,nonmember,https://www.gadsdentimes.com/story/opinion/columns/2022/08/20/gaa-member-robertson-deserves-debt-gratitude/7837127001/,2.7294450261196572
loss,nonmember,https://www.gadsdentimes.com/story/sports/high-school/baseball/2022/04/18/ahsaa-baseball-pairings-first-round-playoffs/7359226001/,1.3796871374534916
loss,nonmember,https://www.gadsdentimes.com/story/news/2022/04/26/marshall-county-crash-closed-both-lanes-traffic-al-79/9544952002/,2.0289189601968807
loss,nonmember,https://www.gadsdentimes.com/story/lifestyle/columns/2022/05/05/david-murdock-looks-mothers-day/9646165002/,2.685471979925725
loss,nonmember,https://www.gadsdentimes.com/story/opinion/columns/2022/04/23/casting-blame-gaas-high-legal-fees/7411386001/,2.7443264925879007
loss,nonmember,https://www.gadsdentimes.com/story/news/2022/08/06/ashvilles-looney-house-catches-fire-takes-heavy-damage/10259402002/,2.3356487518991824
loss,nonmember,https://www.gadsdentimes.com/story/news/2022/05/27/dna-research-helps-solve-cold-cases-through-family-ties/9927018002/,2.985732259416423
loss,nonmember,https://www.gadsdentimes.com/story/news/2022/05/13/gadsden-senior-wellness-center-project-gets-covid-relief-fund-grant/9761622002/,2.338841502579023
loss,nonmember,https://www.gadsdentimes.com/story/sports/high-school/basketball/2022/04/05/ahsaa-sports-vote-gadsden-area-male-athlete-week/7244574001/,2.150842747345091
loss,nonmember,https://www.gadsdentimes.com/story/news/2022/05/04/etowah-county-commission-hears-families-men-who-died-jail/9634017002/,2.417159348423618
loss,nonmember,https://www.gadsdentimes.com/story/news/2022/05/17/corrections-officer-inmate-relationship-red-flags-vicky-white-casey/9785834002/,3.096079439986293
loss,nonmember,https://www.gadsdentimes.com/story/news/2022/08/09/marshall-county-drug-unit-makes-arrest-drugs-linked-three-overdoses/10276661002/,1.956721812167537
loss,nonmember,https://www.gadsdentimes.com/story/news/2022/08/03/etowah-county-schools-implements-new-mental-health-initiative/10183600002/,2.571711297303425
loss,nonmember,https://www.gadsdentimes.com/story/news/2022/07/26/etowah-county-property-values-up-according-state-valuations/10143271002/,2.5725360755508935
loss,nonmember,https://www.gadsdentimes.com/story/news/2022/06/15/why-we-celebrate-heres-some-history-juneteenth/9912202002/,1.807423905033765
loss,nonmember,https://www.gadsdentimes.com/story/news/2022/06/22/etowah-investigators-probe-assault-robbery-north-gadsden-wednesday/7700090001/,2.09602856872717
loss,nonmember,https://www.gadsdentimes.com/story/news/2022/05/02/authorities-make-child-porn-arrests/9614224002/,2.2675179008091733
loss,nonmember,https://www.gadsdentimes.com/story/sports/high-school/2022/09/16/alabama-high-school-football-scores-live-updates-gadsden-ahsaa-week-4/69497186007/,2.904211871002917
loss,nonmember,https://www.gadsdentimes.com/story/news/2022/08/11/gadsden-area-weekend-events-august-12/10292599002/,2.6994478552665857
loss,nonmember,https://www.gadsdentimes.com/story/news/2022/08/10/gadsden-board-commends-walnut-park-staff-response-emergency/10241132002/,3.0596521797110316
loss,nonmember,https://www.gadsdentimes.com/story/news/2022/05/06/attallas-150th-birthday-party-downtown-tap-may-21/9541040002/,2.6248307503454646
loss,nonmember,https://www.gadsdentimes.com/story/sports/college/football/2022/04/01/rich-rodriguez-players-looking-forward-jacksonville-state-spring-football/7168526001/,2.257254011854147
loss,nonmember,https://www.gadsdentimes.com/restricted/?return=https%3A%2F%2Fwww.gadsdentimes.com%2Fstory%2Fsports%2Fhigh-school%2F2022%2F05%2F16%2Fahsaa-alabama-high-school-baseball-state-championship-predictions%2F9676171002%2F,0.0685340054700671
loss,nonmember,https://www.gadsdentimes.com/restricted/?return=https%3A%2F%2Fwww.gadsdentimes.com%2Fstory%2Fsports%2Fhigh-school%2Fsoftball%2F2022%2F05%2F12%2Fahsaa-softball-lydia-west-overcoming-hydrocephalus-leading-geradline%2F9702945002%2F,0.0685340054700671
loss,nonmember,https://www.gadsdentimes.com/story/news/2022/04/25/discussions-continue-rendering-plant-lawsuit-no-resolution-reached/7357683001/,2.8770012177599718
loss,nonmember,https://www.gadsdentimes.com/story/news/2022/07/12/gadsden-area-homes-for-sale-price-june-listings-alabama/65366996007/,0.6808912891279113
loss,nonmember,https://www.gadsdentimes.com/story/opinion/columns/2022/04/16/john-floyd-looks-area-sports-complexes/7331343001/,2.845875487977244
loss,nonmember,https://www.gadsdentimes.com/story/sports/college/football/2022/08/08/jacksonville-state-football-what-south-carolina-paying-2023-game/10266641002/,2.297510287537973
loss,nonmember,https://www.gadsdentimes.com/story/news/2022/05/17/jsu-host-musical-version-little-women-over-six-day-run/9798237002/,2.3030506880605333
loss,nonmember,https://www.gadsdentimes.com/story/news/2022/05/11/vicky-white-casey-white-back-alabama-capture-recordings-released/9732565002/,2.502945018574483
loss,nonmember,https://www.gadsdentimes.com/story/news/2022/06/30/rewinding-gruesome-1911-murders-greasy-cove/7584540001/,2.7964073425072584
loss,nonmember,https://www.gadsdentimes.com/story/sports/high-school/tennis/2022/04/14/sardis-caroline-johnson-wins-class-4-a-5-a-section-6-singles-title/7309339001/,2.4474445111700285
loss,nonmember,https://www.gadsdentimes.com/story/sports/high-school/2022/08/27/gadsden-area-high-school-top-performers-for-last-full-week-of-august/65418929007/,2.117499641019145
loss,nonmember,https://www.gadsdentimes.com/story/sports/high-school/2022/09/02/alabama-high-school-football-scores-live-updates-gadsden-ahsaa-week-2/65469048007/,2.85527747142402
loss,nonmember,https://www.gadsdentimes.com/story/news/2022/06/22/local-special-needs-children-take-baseball-field-miracle-league/7637544001/,2.580547469176384
loss,nonmember,https://www.gadsdentimes.com/story/news/2022/04/19/commissioners-cut-sheriffs-expense-allowance/7363238001/,2.675449618741632
loss,nonmember,https://www.gadsdentimes.com/story/news/2022/06/25/races-shape-up-qualifying-continues-gadsden-municipal-elections/7720193001/,2.6167240201096007
loss,nonmember,https://www.gadsdentimes.com/story/news/2022/07/26/august-exhibits-scheduled-gadsden-museum-art/10121965002/,2.7395773695261294
loss,nonmember,https://www.gadsdentimes.com/story/news/2022/05/27/six-shot-anniston-graduation-party-injuries-not-life-threatening/9967636002/,2.1715770881626044
loss,nonmember,https://www.gadsdentimes.com/story/news/2022/04/20/group-says-coosa-among-most-endangered-rivers/7361126001/,2.5019324712255626
loss,nonmember,https://www.gadsdentimes.com/story/opinion/columns/2022/08/14/elaine-harris-spearman-cites-importance-candidates-plans/10280732002/,2.977288171883946
loss,nonmember,https://www.gadsdentimes.com/story/sports/high-school/football/2022/08/16/gadsden-area-high-school-football-season-preview-2022/10341820002/,2.2654736357597978
loss,nonmember,https://www.gadsdentimes.com/story/news/2022/08/08/marshall-county-pawn-shop-raided-property-seized-six-people-charged/10269989002/,2.1802107141346907
loss,nonmember,https://www.gadsdentimes.com/story/sports/high-school/baseball/2022/04/05/ahsaa-sports-gadsden-area-high-school-top-performers-first-week-april/7244642001/,1.880908995338934
loss,nonmember,https://www.gadsdentimes.com/story/news/2022/08/12/extension-program-seeks-promote-successful-birth-outcomes/10280716002/,2.627701296925406
loss,nonmember,https://www.gadsdentimes.com/story/sports/high-school/baseball/2022/05/17/ahsaa-baseball-etowah-defeats-mobile-christian-game-one-class-4-a-state/9763907002/,2.0473571320088624
loss,nonmember,https://www.gadsdentimes.com/restricted/?return=https%3A%2F%2Fwww.gadsdentimes.com%2Fstory%2Fnews%2F2022%2F04%2F07%2Fcovid-fallout-could-affect-job-market-years-come-analysts-say%2F7248062001%2F,0.10845873010019005
loss,nonmember,https://www.gadsdentimes.com/story/news/2022/06/17/hsprac-director-raises-questions-finances-his-firing/9795809002/,2.686042241466325
loss,nonmember,https://www.gadsdentimes.com/restricted/?return=https%3A%2F%2Fwww.gadsdentimes.com%2Fstory%2Fsports%2Fhigh-school%2Fbaseball%2F2022%2F04%2F30%2Fahsaa-top-performers-gadsden-area-spring-sports%2F9589665002%2F,0.0685340054700671
loss,nonmember,https://www.gadsdentimes.com/story/news/politics/elections/local/2022/08/01/district-5-school-board-2022-meet-candidates-q-a-gadsden/10074809002/,2.9681708516146617
loss,nonmember,https://www.gadsdentimes.com/story/news/2022/06/08/upper-level-disturbances-leads-flooding-county/7552328001/,2.406110411785525
loss,nonmember,https://www.gadsdentimes.com/story/opinion/columns/2022/05/15/elaine-harris-spearman-commentary-truth-behind-political-labels/9663229002/,3.208543614078129
loss,nonmember,https://www.gadsdentimes.com/story/news/2022/07/12/three-fires-glencoe-gadsden-three-firefighters-get-minor-injuries/10039042002/,2.6108514372740266
loss,nonmember,https://www.gadsdentimes.com/story/news/2022/04/03/vehicle-involved-fatal-crash-hit-teen-left-scene-sought/7264361001/,2.282358714258351
loss,nonmember,https://www.gadsdentimes.com/story/sports/2022/06/22/vonetta-flowers-first-black-athlete-gold-medal-winter-olympics-title-ix/9838930002/,2.54484885853225
loss,nonmember,https://www.gadsdentimes.com/story/sports/high-school/basketball/2022/04/05/ahsaa-girls-basketball-southside-coach-kim-nails-announces-retirement/9470525002/,2.1789818565299783
loss,nonmember,https://www.gadsdentimes.com/story/news/2022/06/14/flag-day-stars-and-stripes-have-represented-nations-growth/7470256001/,2.9269948310984715
loss,nonmember,https://www.gadsdentimes.com/story/news/2022/05/31/city-gadsden-provide-free-meals-through-summer-food-service-program/9958706002/,2.115352103290594
loss,nonmember,https://www.gadsdentimes.com/story/news/education/2022/06/02/afterschool-program-studies-world-games/7457781001/,2.931568865355101
loss,nonmember,https://www.gadsdentimes.com/story/news/2022/07/11/centre-crash-woman-killed-sunday-single-vehicle-troopers-say/10031246002/,2.1700451780706236
loss,nonmember,https://www.gadsdentimes.com/story/news/2022/06/07/flash-flooding-heavy-rains-gadsden-area-required-water-rescues/7548122001/,2.977683233276068
loss,nonmember,https://www.gadsdentimes.com/story/news/2022/04/02/hokes-bluff-structure-fire-friday-brings-out-multiple-fire-departments/7255609001/,2.5369753873152865
loss,nonmember,https://www.gadsdentimes.com/story/news/crime/2022/08/26/former-gadsden-bbva-branch-manager-gets-federal-sentence-dorinda-lumpkin/65457626007/,1.886800603445975
loss,nonmember,https://www.gadsdentimes.com/restricted/?return=https%3A%2F%2Fwww.gadsdentimes.com%2Fstory%2Fnews%2F2022%2F05%2F27%2Fdna-search-angel-canadian-police-help-daughter-find-her-dad%2F7396513001%2F,0.11346849421663086
loss,nonmember,https://www.gadsdentimes.com/story/news/2022/05/04/crenshaw-county-cold-case-who-killed-delange-harris-11-years-ago/9646052002/,2.070041074329783
loss,nonmember,https://www.gadsdentimes.com/story/news/2022/06/13/2022-barbarian-challenge-june-18/7611291001/,2.3444518535020724
loss,nonmember,https://www.gadsdentimes.com/story/opinion/columns/2022/04/10/elaine-h-spearman-considers-smith-rock-incident/9489277002/,3.2009221499165856
loss,nonmember,https://www.gadsdentimes.com/story/news/2022/09/09/etowah-sheriffs-office-offers-247-place-to-dispose-of-medication/66836354007/,2.7548628021150576
loss,nonmember,https://www.gadsdentimes.com/story/news/2022/06/25/kansas-city-barbeque-society-preps-world-invitational-gadsden/7717226001/,2.5716531631506636
loss,nonmember,https://www.gadsdentimes.com/story/sports/high-school/soccer/2022/05/04/ahsaa-soccer-pairings-schedules-gadsden-area-teams-quarterfinals/9643303002/,2.14479199729047
loss,nonmember,https://www.gadsdentimes.com/story/news/2022/04/04/one-dead-early-morning-house-fire-attalla/7269377001/,2.1116421381976322
loss,nonmember,https://www.gadsdentimes.com/story/news/2022/04/30/hsprac-participate-empty-shelter-national-initiative/9583979002/,2.3641610644850957
loss,nonmember,https://www.gadsdentimes.com/story/lifestyle/columns/2022/06/30/david-murdock-july-4th-column/7767814001/,2.7514537085758737
loss,nonmember,https://www.gadsdentimes.com/story/news/2022/06/30/alea-issues-boating-safety-tips-ahead-fourth-july-weekend/7758471001/,2.155665438674799
loss,nonmember,https://www.gadsdentimes.com/story/news/politics/elections/2022/05/24/alabama-primary-election-results-etowah-county-commission-5-jeffery-washington/9860540002/,2.6944178562399625
loss,nonmember,https://www.gadsdentimes.com/story/news/2022/09/13/trolley-dart-bus-riders-will-have-to-pay-again-in-october/68231021007/,2.5036195025726893
loss,nonmember,https://www.gadsdentimes.com/story/news/2022/07/26/talladega-police-look-suspects-shooting-attempted-robbery/10156623002/,1.8608153504490943
loss,nonmember,https://www.gadsdentimes.com/restricted/?return=https%3A%2F%2Fwww.gadsdentimes.com%2Fstory%2Fnews%2F2022%2F05%2F27%2Fdna-search-angel-grandmother-reveals-family-secret-maine%2F7396499001%2F,0.11346849421663086
loss,nonmember,https://www.gadsdentimes.com/story/news/2022/04/13/sports-authority-changes-ahead-current-board-expects-finish-fields/7280516001/,2.8530860960772393
loss,nonmember,https://www.gadsdentimes.com/story/news/politics/2022/04/13/james-brooks-speak-local-gop-event/7311406001/,2.634262898478839
loss,nonmember,https://www.gadsdentimes.com/story/news/2022/04/01/united-ways-annual-meeting-april-7/7231428001/,2.911087457753706
loss,nonmember,https://www.gadsdentimes.com/story/lifestyle/columns/2022/08/11/david-murdock-column-mister-rogers-experience/10280750002/,2.658327506394494
loss,nonmember,https://www.gadsdentimes.com/story/opinion/columns/2022/04/03/constitutional-carry-bad-move/7210702001/,2.8624850644869397
loss,nonmember,https://www.gadsdentimes.com/story/sports/college/football/2022/08/26/jacksonville-state-football-fcs-kickoff-game-against-stephen-f-auston/10312528002/,2.4801354365219663
loss,nonmember,https://www.gadsdentimes.com/story/opinion/columns/2022/08/28/elaine-harris-spearman-new-gadsden-leaders-must-bring-fresh-approach/10353569002/,2.9744157217143834
loss,nonmember,https://www.gadsdentimes.com/restricted/?return=https%3A%2F%2Fwww.gadsdentimes.com%2Fstory%2Fnews%2F2022%2F04%2F17%2Fmelendez-focused-community-growth-times-square-locust-street%2F7282089001%2F,0.10845873010019005
loss,nonmember,https://www.gadsdentimes.com/story/news/2022/08/23/gulf-coast-retail-gas-prices-continue-falling-alabama/65414964007/,0.6772432726234292
loss,nonmember,https://www.gadsdentimes.com/story/news/2022/05/19/skid-row-ready-rock-live-rock-concert-albertville/9744814002/,2.34565677735873
loss,nonmember,https://www.gadsdentimes.com/story/news/2022/07/22/calhoun-county-sheriff-dna-link-between-july-2012-july-2022-attacks/10124366002/,2.6355338709075924
loss,nonmember,https://www.gadsdentimes.com/story/news/2022/06/06/construction-accident-whorton-bend-home-site-injures-worker/7537322001/,1.9929826478019066
loss,nonmember,https://www.gadsdentimes.com/story/news/2022/08/02/gadsden-district-5-city-council-2022-candidates-objectives-goals/10185090002/,2.5699187651357525
loss,nonmember,https://www.gadsdentimes.com/story/news/2022/06/19/collinsville-man-killed-motorcycle-crash-interstate-59/7676730001/,2.0159084805493768
loss,nonmember,https://www.gadsdentimes.com/story/sports/high-school/baseball/2022/05/06/ahsaa-baseball-softball-and-soccer-scores-gadsden-area-teams/9589683002/,1.8896085303017716
loss,nonmember,https://www.gadsdentimes.com/story/news/2022/06/08/storm-bombards-east-etowah-5-5-inches-rain-causing-damage/7552145001/,2.831307823024179
loss,nonmember,https://www.gadsdentimes.com/story/news/2022/08/11/mitchell-returns-gadsden-state-community-college/10268616002/,2.1942386596517793
loss,nonmember,https://www.gadsdentimes.com/story/news/2022/09/16/4-h-chick-chain-participants-look-to-auction/69494017007/,2.7068738900642417
loss,nonmember,https://www.gadsdentimes.com/story/sports/high-school/softball/2022/04/11/ahsaa-sports-vote-gadsden-area-female-athlete-week/9513649002/,2.1347159314757596
loss,nonmember,https://www.gadsdentimes.com/story/sports/2022/06/24/marianne-merritt-auburn-basketball-great-title-ix/9839009002/,2.450787193156168
loss,nonmember,https://www.gadsdentimes.com/story/sports/high-school/baseball/2022/04/23/ahsaa-baseball-gadsden-area-scores-first-round-1-a-6-a-playoffs/7382378001/,1.6647812075934745
loss,nonmember,https://www.gadsdentimes.com/story/news/2022/06/27/hunter-bellew-sentenced-rainbow-city-murder-tony-mccartney/7744837001/,2.086827434559254
loss,nonmember,https://www.gadsdentimes.com/restricted/?return=https%3A%2F%2Fwww.gadsdentimes.com%2Fstory%2Fsports%2Fhigh-school%2Fsoccer%2F2022%2F04%2F27%2Fahsaa-girls-boys-soccer-playoffs-gadsden-area-players-to-watch%2F7383251001%2F,0.10888327825659984
loss,nonmember,https://www.gadsdentimes.com/story/news/2022/07/12/man-dies-cherokee-county-crash-cement-mixer-alabama-highway-68/10034490002/,2.3847933338703866
loss,nonmember,https://www.gadsdentimes.com/story/opinion/columns/2022/09/17/john-f-floyd-looks-at-gadsdens-finances/69494145007/,2.825741125670677
loss,nonmember,https://www.gadsdentimes.com/story/news/2022/04/06/etowah-area-schools-close-1-30-p-m-because-weather-threat/9486128002/,2.1722003472414753
loss,nonmember,https://www.gadsdentimes.com/story/news/2022/05/14/alabama-transgender-medication-law-blocked-judge/9775330002/,2.557117277958674
loss,nonmember,https://www.gadsdentimes.com/story/news/2022/06/07/gadsden-rendering-plant-lawsuit-dismissed-plaintiffs-achieved-goal/7543106001/,2.7605621216930687
loss,nonmember,https://www.gadsdentimes.com/story/news/2022/07/22/gadsden-city-council-tackles-number-topics/10112692002/,2.719125231174152
loss,nonmember,https://www.gadsdentimes.com/story/news/2022/08/14/clay-county-sheriff-one-killed-suspect-shot-attempted-robbery/10324587002/,2.0508567914992644
loss,nonmember,https://www.gadsdentimes.com/story/news/2022/05/20/missing-man-found/9854279002/,2.343814318688317
loss,nonmember,https://www.gadsdentimes.com/story/news/2022/06/30/st-stephens-episcopal-church-shooting-local-congregations-consider-safety/7658036001/,2.744986505756659
loss,nonmember,https://www.gadsdentimes.com/story/news/2022/05/17/mentone-host-big-art-pop-up-event-weekend/9798032002/,2.582716618689086
loss,nonmember,https://www.gadsdentimes.com/story/opinion/letters/2022/08/08/letter-editor/10265957002/,2.6250601999776144
loss,nonmember,https://www.gadsdentimes.com/story/news/2022/05/13/tips-best-tomato-varieties/9663903002/,3.1467700714336386
loss,nonmember,https://www.gadsdentimes.com/story/sports/high-school/football/2022/05/27/ahsaa-football-glencoe-coach-jamison-wadley-out-looking-new-coach/9967329002/,2.280112443033718
loss,nonmember,https://www.gadsdentimes.com/story/news/2022/09/15/west-end-high-school-alabama-walnut-grove-threat-hoax-al/69497824007/,2.439810933801605
loss,nonmember,https://www.gadsdentimes.com/story/news/2022/07/20/lorrie-morgan-2022-hokes-bluff-cityfest/10088641002/,2.0567196098766813
loss,nonmember,https://www.gadsdentimes.com/story/sports/high-school/baseball/2022/05/09/poll-gadsden-area-boys-high-school-athlete-week-voting/9675522002/,2.135231384633939
loss,nonmember,https://www.gadsdentimes.com/story/news/2022/07/14/second-riverfest-river-rocks-held-gadsden-oct-1/10039056002/,2.4148247215648646
loss,nonmember,https://www.gadsdentimes.com/story/opinion/columns/2022/08/21/elaine-harris-spearman-discusses-search-trumps-property/10353542002/,3.053580729165805
loss,nonmember,https://www.gadsdentimes.com/story/sports/college/football/2022/05/20/jacksonville-state-football-offensive-coordinator-calvin-magee-dies/9862276002/,1.177948480371685
loss,nonmember,https://www.gadsdentimes.com/story/sports/high-school/basketball/2022/04/05/ahsaa-sports-vote-gadsden-area-female-athlete-week/7244564001/,2.0170070771563076
loss,nonmember,https://www.gadsdentimes.com/story/news/2022/05/06/extension-corner-backyard-poultry/9656872002/,2.8811158198993327
loss,nonmember,https://www.gadsdentimes.com/story/lifestyle/columns/2022/04/17/david-murdock-looks-back-easters-past/7318677001/,2.860542680826757
loss,nonmember,https://www.gadsdentimes.com/story/news/2022/04/28/mothers-day-gift-ideas/7440243001/,3.1455239275538553
loss,nonmember,https://www.gadsdentimes.com/story/news/2022/07/01/omicron-subvariants-increasing-covid-19-cases-ris-in-alabama/7787527001/,2.1294921667814344
loss,nonmember,https://www.gadsdentimes.com/story/sports/high-school/2022/05/04/ahsaa-boys-soccer-fort-paynes-rafael-robles-scores-twice-lead-over-southside/9589601002/,2.1422589838799695
loss,nonmember,https://www.gadsdentimes.com/story/news/2022/04/25/gadsden-man-dies-single-vehicle-crash/7447825001/,1.2266290229564911
loss,nonmember,https://www.gadsdentimes.com/story/sports/college/2022/08/28/rich-rodriguez-jacksonville-state-football-first-game-stephen-f-austin-fcs-kickoff/7846701001/,2.409512646538385
loss,nonmember,https://www.gadsdentimes.com/story/sports/college/football/2022/04/12/jacksonville-state-football-rich-rodriguez-talks-roster-numbers/7290936001/,2.479280499118576
loss,nonmember,https://www.gadsdentimes.com/story/news/2022/07/06/gadsden-voters-should-check-voting-record-note-changed-polling-places/7778924001/,2.3951485727501174
loss,nonmember,https://www.gadsdentimes.com/story/news/2022/07/06/i-59-expect-shift-traffic-reece-city-north-project-begins/7823786001/,2.666439789190728
loss,nonmember,https://www.gadsdentimes.com/story/news/2022/08/27/gadsden-car-break-ins-phil-street-shootout-southside-police-investigate/65459911007/,2.6777932099509165
loss,nonmember,https://www.gadsdentimes.com/story/news/2022/07/12/noccalula-road-crash-claims-life-motorcycle-driver/10041103002/,1.8444957013990702
loss,nonmember,https://www.gadsdentimes.com/story/sports/college/2022/09/09/3-things-to-know-jacksonville-state-football-faces-murray-state/65579393007/,2.1810993102961866
loss,nonmember,https://www.gadsdentimes.com/story/news/2022/06/02/etowah-election-results-challenged-commission-house-candidates/7481804001/,2.8713297499388055
loss,nonmember,https://www.gadsdentimes.com/story/news/2022/07/20/four-years-after-ef-3-tornado-hit-campus-jsu-reopens-merrill-hall/10099280002/,2.668758197031842
loss,nonmember,https://www.gadsdentimes.com/story/opinion/columns/2022/07/03/right-choose-front-and-center-us-discourse/7761764001/,2.9121103480304806
loss,nonmember,https://www.gadsdentimes.com/restricted/?return=https%3A%2F%2Fwww.gadsdentimes.com%2Fstory%2Fsports%2Fhigh-school%2F2022%2F05%2F09%2Fahsaa-top-performers-gadsden-area-spring-sports%2F9675615002%2F,0.0685340054700671
loss,nonmember,https://www.gadsdentimes.com/restricted/?return=https%3A%2F%2Fwww.gadsdentimes.com%2Fstory%2Fnews%2F2022%2F04%2F21%2Fsouthside-development-brings-restaurant-playground-boat-launch%2F7366665001%2F,0.10845873010019005
loss,nonmember,https://www.gadsdentimes.com/story/news/2022/09/02/lawn-burweed-its-time-to-start-fighting/65466980007/,3.0775670478299446
loss,nonmember,https://www.gadsdentimes.com/story/sports/high-school/football/2022/06/13/ahsaa-football-chris-stephenson-hired-football-coach-sardis/7617174001/,2.0173141457775663
loss,nonmember,https://www.gadsdentimes.com/story/news/2022/05/20/etowah-countys-robotics-programs-who-they-what-they-do/9616054002/,2.654392047530258
loss,nonmember,https://www.gadsdentimes.com/story/sports/high-school/soccer/2022/05/02/ahsaa-soccer-pairings-schedules-gadsden-area-teams/9614127002/,1.9224678543731868
loss,nonmember,https://www.gadsdentimes.com/story/news/2022/09/03/strike-up-the-bands-etowah-county-bandcheer-expo-is-tuesday/65470102007/,2.3853426601120904
loss,nonmember,https://www.gadsdentimes.com/story/news/2022/06/13/gadsden-council-consider-moving-funds-cover-higher-gas-oil-costs/7610275001/,2.9085129749119125
loss,nonmember,https://www.gadsdentimes.com/story/news/2022/06/10/tillison-bend-campground-owner-road-controversy/7567475001/,2.604871170751199
loss,nonmember,https://www.gadsdentimes.com/story/opinion/columns/2022/04/30/john-floyd-offers-seniors-viewpoint/9575623002/,3.0942876103249843
loss,nonmember,https://www.gadsdentimes.com/story/news/2022/06/23/john-jacobs-announces-run-mayor-gadsden/7703889001/,2.1492307549491296
loss,nonmember,https://www.gadsdentimes.com/story/opinion/columns/2022/09/18/recent-announcements-bring-surge-of-hope-for-gadsden/69494022007/,3.2297523855875703
loss,nonmember,https://www.gadsdentimes.com/story/news/2022/05/06/theater-group-sets-summer-production/9645675002/,2.6881237834784493
loss,nonmember,https://www.gadsdentimes.com/story/news/2022/06/13/pet-week-june-13/7557714001/,2.558725628163944
loss,nonmember,https://www.gadsdentimes.com/story/news/2022/06/28/gadsden-alabama-municipal-election-candidates-mayor-city-council-board-education-races/7755884001/,2.8717014856200005
loss,nonmember,https://www.gadsdentimes.com/story/news/2022/04/28/officers-receive-commendation-attempted-river-rescue/9558750002/,2.659060149204135
loss,nonmember,https://www.gadsdentimes.com/story/news/2022/09/09/potential-sale-of-goodyear-property-could-bring-multiple-industries/67986294007/,3.0370283839110748
loss,nonmember,https://www.gadsdentimes.com/story/news/2022/04/13/united-way-honors-top-contributors-2022-annual-meeting/9472571002/,2.437249244214915
loss,nonmember,https://www.gadsdentimes.com/story/opinion/columns/2022/05/15/john-f-floyd-commentary-its-best-not-sleep-vladimire-putins-threats-in-ukraine/9663167002/,2.965410224134618
loss,nonmember,https://www.gadsdentimes.com/story/news/2022/04/07/albertville-police-investigate-fatal-shooting-highpoint-road/9506483002/,1.5734708185925097
loss,nonmember,https://www.gadsdentimes.com/story/news/2022/06/18/gadsden-municipal-races-draw-25-candidates-first-week/7658068001/,2.7697027885589907
loss,nonmember,https://www.gadsdentimes.com/restricted/?return=https%3A%2F%2Fwww.gadsdentimes.com%2Fstory%2Fnews%2F2022%2F05%2F27%2Fdna-search-angel-tracks-down-unknown-family-members%2F7396461001%2F,0.11346849421663086
loss,nonmember,https://www.gadsdentimes.com/story/news/2022/07/29/alabama-extension-seeks-watershed-stewards/10173039002/,2.791607254838777
loss,nonmember,https://www.gadsdentimes.com/story/news/2022/05/27/look-into-history-military-appreciation-may/9906650002/,2.285416238068601
loss,nonmember,https://www.gadsdentimes.com/story/news/2022/09/06/grace-academy-to-provide-free-trades-training-to-local-residents/65466226007/,2.776458512218834
loss,nonmember,https://www.gadsdentimes.com/story/news/2022/09/08/alabama-truck-stop-carjacking-suspect-shot-to-death-after-chase-shooting-at-police/66734284007/,2.3289474142552073
loss,nonmember,https://www.gadsdentimes.com/story/news/2022/04/29/gadsdens-youth-government-day/9568890002/,3.328141031254432
loss,nonmember,https://www.gadsdentimes.com/story/news/2022/04/18/funeral-today-former-state-senator-gadsden-attorney-larry-keener/7332497001/,2.160333991630506
loss,nonmember,https://www.gadsdentimes.com/story/news/2022/06/01/commissioners-hold-special-called-meeting/7453931001/,2.7791973246102804
loss,nonmember,https://www.gadsdentimes.com/story/news/2022/07/02/east-alabama-residents-march-womens-reproductive-rights/7776398001/,2.492182159124831
loss,nonmember,https://www.gadsdentimes.com/story/news/2022/05/02/etowah-schools-dare-program-offers-evolving-lessons-changing-times/9585439002/,2.831897609815575
loss,nonmember,https://www.gadsdentimes.com/story/news/2022/05/30/piedmont-woman-charged-after-truck-crashes-into-mobile-home/9992603002/,1.912125973554748
loss,nonmember,https://www.gadsdentimes.com/story/news/2022/08/05/horton-tameron-honda-etowah-co-boe-provide-sro-glencoe-elementary/10180890002/,2.41918293859209
loss,nonmember,https://www.gadsdentimes.com/restricted/?return=https%3A%2F%2Fwww.gadsdentimes.com%2Fstory%2Fnews%2F2022%2F05%2F02%2Falabama-jail-escape-lauderdale-county-vicky-white-etowah-mario-centobie%2F9617830002%2F,0.0685340054700671
loss,nonmember,https://www.gadsdentimes.com/story/news/2022/08/31/attalla-double-murder-case-expected-go-trial-january-joseph-randel-brown/65461894007/,2.8145582740670663
loss,nonmember,https://www.gadsdentimes.com/restricted/?return=https%3A%2F%2Fwww.gadsdentimes.com%2Fstory%2Fsports%2Fhigh-school%2Fsoftball%2F2022%2F05%2F16%2Fahsaa-high-school-baseball-state-championship-predictions%2F9763768002%2F,0.0685340054700671
loss,nonmember,https://www.gadsdentimes.com/story/sports/college/football/2022/06/13/jacksonville-state-football-rod-smith-hired-offensive-coordinator/7612679001/,2.4168332822885885
loss,nonmember,https://www.gadsdentimes.com/story/sports/high-school/2022/05/16/etowah-baseball-catcher-tandem-among-best-ahsaa/9675598002/,2.2790569707634383
loss,nonmember,https://www.gadsdentimes.com/story/news/2022/08/07/gadsden-city-etowah-county-attalla-school-systems-principals-list/10170783002/,2.5942388707505506
loss,nonmember,https://www.gadsdentimes.com/story/news/2022/05/27/dna-search-angel-finds-relatives-through-genetic-genealogy/7396520001/,2.750724837582915
loss,nonmember,https://www.gadsdentimes.com/story/sports/high-school/basketball/2022/05/14/jacksonville-state-alex-odam-announces-commitment-twitter/9775934002/,2.164392737683442
loss,nonmember,https://www.gadsdentimes.com/story/news/2022/09/06/bryant-man-killed-in-early-morning-crash-in-dekalb-county/65473968007/,1.693947592828522
loss,nonmember,https://www.gadsdentimes.com/story/opinion/columns/2022/07/10/elaine-h-spearman-reflects-first-black-woman-supreme-court/7820558001/,3.0656999580323694
loss,nonmember,https://www.gadsdentimes.com/story/sports/high-school/basketball/2022/04/13/ahsaa-basketball-8-gadsden-area-players-selected-north-all-star-team/7300629001/,2.53148775485981
loss,nonmember,https://www.gadsdentimes.com/story/sports/high-school/2022/05/11/ahsaa-baseball-etowah-sweeps-hamilton-reach-state-championship/9675591002/,2.3226750787839796
loss,nonmember,https://www.gadsdentimes.com/story/news/2022/06/07/etowah-republican-primary-vote-contests-heard-later-month/7530704001/,2.545245002231355
loss,nonmember,https://www.gadsdentimes.com/story/sports/high-school/track-field/2022/05/06/ahsaa-track-and-field-westbrook-christians-carl-henry-breaks-shot-put-record/9679938002/,2.066545702139872
loss,nonmember,https://www.gadsdentimes.com/story/news/2022/07/21/gadsden-area-excessive-heat-warning-heat-advisory/10116415002/,1.9930028065616856
loss,nonmember,https://www.gadsdentimes.com/story/news/2022/06/15/chamber-gadsden-etowah-county-3-star-accreditation/7627609001/,2.286224982658609
loss,nonmember,https://www.gadsdentimes.com/story/news/2022/08/22/jacksonville-shooting-man-faces-manslaughter-charge-justin-racca/7867769001/,1.91891315120185
loss,nonmember,https://www.gadsdentimes.com/story/sports/college/baseball/2022/05/17/gadsden-state-names-blake-lewis-baseball-coach-athletic-director/9809700002/,1.977409962964099
loss,nonmember,https://www.gadsdentimes.com/story/news/local/2022/04/03/examinations-faith-spring-brings-holy-days-several-religions/7121578001/,2.482076828096943
loss,nonmember,https://www.gadsdentimes.com/story/news/2022/07/05/when-harry-met-archie-wade/7772755001/,3.2190383111111416
loss,nonmember,https://www.gadsdentimes.com/story/news/2022/04/29/lauderdale-county-co-and-capital-murder-suspect-missing/9592553002/,1.4729313676877598
loss,nonmember,https://www.gadsdentimes.com/story/news/2022/06/10/etowah-county-extension-seeks-public-input-feedback/7558917001/,2.845997616553333
loss,nonmember,https://www.gadsdentimes.com/story/sports/high-school/baseball/2022/05/06/ahsaa-soccer-leah-lewis-leads-southside-over-springville-6-a-playoffs/9589654002/,2.2458369505947324
loss,nonmember,https://www.gadsdentimes.com/story/news/2022/05/06/commissioners-approve-partnership-gadsden-sardis-city/9616035002/,2.883087656141311
loss,nonmember,https://www.gadsdentimes.com/story/news/2022/04/21/albertville-man-charged-sex-crimes-going-investigation/7394034001/,1.7523388460405924
loss,nonmember,https://www.gadsdentimes.com/story/business/2022/07/11/gadsden-al-readers-choice-awards-voting-2022/10030579002/,0.36988902850628624
loss,nonmember,https://www.gadsdentimes.com/story/news/2022/04/04/pet-week-april-4/7247344001/,2.400401409967185
loss,nonmember,https://www.gadsdentimes.com/story/news/2022/07/13/gda-covid-19-state-2022-07-11-al-ntgt/65370467007/,0.5575364613967259
loss,nonmember,https://www.gadsdentimes.com/story/news/2022/04/28/southside-police-make-arrest-stolen-cell-phone-card-fraud-case/9575057002/,2.4987935947578013
loss,nonmember,https://www.gadsdentimes.com/story/news/2022/05/05/one-dead-albertville-officer-involved-shooting/9666761002/,1.645682419973869
loss,nonmember,https://www.gadsdentimes.com/story/opinion/columns/2022/05/29/elaine-harris-spearman-looks-memorial-day/9934132002/,2.967703863162435
loss,nonmember,https://www.gadsdentimes.com/story/news/2022/06/24/etowah-county-alabama-reacts-roe-v-wade-overturned/7702779001/,2.4059508971298253
loss,nonmember,https://www.gadsdentimes.com/story/news/2022/05/09/alabamas-first-ever-ram-clinic-reports-successful-weekend/9614115002/,2.7944851173596037
loss,nonmember,https://www.gadsdentimes.com/story/news/2022/09/02/city-of-gadsden-now-hiring-boosts-pay-offers-bonus-dispatchers/65461800007/,2.94937209898212
loss,nonmember,https://www.gadsdentimes.com/story/news/2022/07/28/here-five-things-gadsden-city-council-considered-week/10161572002/,2.485339908639746
loss,nonmember,https://www.gadsdentimes.com/story/news/2022/07/13/commissioners-renew-water-treatment-programs-county/10037504002/,3.0085640748336626
loss,nonmember,https://www.gadsdentimes.com/story/sports/high-school/football/2022/06/02/ahsaa-football-glencoe-hires-scott-martin-football-coach/7494292001/,2.276239135503326
loss,nonmember,https://www.gadsdentimes.com/story/sports/college/football/2022/08/25/jacksonville-state-football-fcs-fbs-playoff-eligible-postseason-2022/10329566002/,2.10625991158724
loss,nonmember,https://www.gadsdentimes.com/story/news/2022/07/11/missing-hanceville-man-found-motorcycle-crash-cullman-county/10028121002/,1.7700548098245215
loss,nonmember,https://www.gadsdentimes.com/story/news/2022/07/26/interstate-59-motorcycle-crash-glencoe-woman-killed-man-injured/10158001002/,1.5609937353510848
loss,nonmember,https://www.gadsdentimes.com/story/news/2022/06/13/hoke-bluff-theft-suspects-escape-kayak-ends-when-craft-flips/7614245001/,2.6197196060995616
loss,nonmember,https://www.gadsdentimes.com/story/opinion/letters/2022/08/08/letters-editor-new-supporters/10269030002/,3.1015492590430176
loss,nonmember,https://www.gadsdentimes.com/story/news/2022/04/01/cherokee-crash-fatal-georgia-woman-car-hit-downed-tree-left-road/7249475001/,2.139082984908897
loss,nonmember,https://www.gadsdentimes.com/story/sports/high-school/baseball/2022/04/18/ahsaa-sports-poll-gadsden-area-boys-high-school-athlete-week/7328896001/,2.02568274313281
loss,nonmember,https://www.gadsdentimes.com/story/news/2022/07/23/jacksonville-state-recognizes-haywoods-fountain-dedication/10099641002/,2.726125848774817
loss,nonmember,https://www.gadsdentimes.com/story/news/2022/07/01/4th-of-july-meaning-traditions-history/7776347001/,2.586265260420724
loss,nonmember,https://www.gadsdentimes.com/story/news/2022/07/08/keeping-delicious-backyard-cooked-food-safe-eat/7823978001/,2.784088979278886
loss,nonmember,https://www.gadsdentimes.com/story/news/2022/05/27/some-etowah-candidate-consider-challenging-vote-if-partys-certify/9943630002/,2.5523468897257704
loss,nonmember,https://www.gadsdentimes.com/restricted/?return=https%3A%2F%2Fwww.gadsdentimes.com%2Fstory%2Fnews%2F2022%2F04%2F18%2Fcommunity-support-speaks-volumes-glencoe-family%2F7303903001%2F,0.10845873010019005
loss,nonmember,https://www.gadsdentimes.com/story/opinion/columns/2022/08/13/john-floyd-looks-manufacturing-center-eyo-election/10280739002/,2.6826598355152167
loss,nonmember,https://www.gadsdentimes.com/story/news/politics/elections/local/2022/08/16/gadsden-district-7-city-council-2022-candidate-profiles/10219530002/,3.0775657904040203
loss,nonmember,https://www.gadsdentimes.com/story/sports/high-school/football/2022/06/09/glencoe-football-coach-scott-martin-rebuilding-program-alabama-high-school/7530095001/,2.3988363907760504
loss,nonmember,https://www.gadsdentimes.com/story/news/2022/06/12/gadsden-city-elections-qualifying-begins-tuesday-ends-june-28/7558525001/,2.3716988905554213
loss,nonmember,https://www.gadsdentimes.com/story/opinion/columns/2022/07/24/voters-need-concerned-voting-power/10107188002/,2.915110641042371
loss,nonmember,https://www.gadsdentimes.com/story/news/2022/04/06/have-you-seen-missing-girl-etowah-sheriffs-office-wants-know/9492940002/,2.295092503901049
loss,nonmember,https://www.gadsdentimes.com/story/lifestyle/columns/2022/06/09/postcard-collection-david-murdock-discusses-hobbby/7557610001/,2.792136898522121
loss,nonmember,https://www.gadsdentimes.com/story/news/2022/06/03/controlling-pests-damage-summer-crops-farming/7475604001/,3.066699492605347
loss,nonmember,https://www.gadsdentimes.com/story/news/2022/06/23/fourth-july-events-northeast-alabama/7699078001/,2.0917549929434855
loss,nonmember,https://www.gadsdentimes.com/restricted/?return=https%3A%2F%2Fwww.gadsdentimes.com%2Fstory%2Fnews%2F2022%2F06%2F22%2Fold-gadsden-etowah-county-restaurants-people-miss%2F7665552001%2F,0.16658497992404694
loss,nonmember,https://www.gadsdentimes.com/story/sports/high-school/baseball/2022/05/09/ahsaa-baseball-pairings-schedules-gadsden-area-teams-semifinals/9675952002/,2.1212944294356983
loss,nonmember,https://www.gadsdentimes.com/story/sports/high-school/softball/2022/06/05/gadsden-area-players-2022-ahsaa-all-state-softball-teams/7499713001/,2.0229820052696175
loss,nonmember,https://www.gadsdentimes.com/story/news/2022/06/15/fathers-day-2022-five-facts-history-tradition-honoring-dad/9908482002/,2.7696073477462733
loss,nonmember,https://www.gadsdentimes.com/story/lifestyle/columns/2022/06/23/david-murdock-looks-high-price-of-well-everything/7701403001/,2.623966819060569
loss,nonmember,https://www.gadsdentimes.com/restricted/?return=https%3A%2F%2Fwww.gadsdentimes.com%2Fstory%2Fnews%2F2022%2F04%2F15%2Fgadsden-commercial-projects-where-do-they-stand%2F7294040001%2F,0.10845873010019005
loss,nonmember,https://www.gadsdentimes.com/story/news/2022/08/09/here-five-things-gadsden-city-council-considered-week/10268160002/,2.465292440392145
loss,nonmember,https://www.gadsdentimes.com/story/lifestyle/columns/2022/08/18/david-murdock-on-the-changing-meaning-of-words/10348047002/,2.5843999581501
loss,nonmember,https://www.gadsdentimes.com/story/news/2022/06/06/25-years-day-action-june/7468442001/,2.577290169370745
loss,nonmember,https://www.gadsdentimes.com/restricted/?return=https%3A%2F%2Fwww.gadsdentimes.com%2Fstory%2Fsports%2Fhigh-school%2Fsoftball%2F2022%2F05%2F25%2Fahsaa-softball-best-moments-bold-predictions-gadsden-area%2F9868059002%2F,0.11346849421663086
loss,nonmember,https://www.gadsdentimes.com/restricted/?return=https%3A%2F%2Fwww.gadsdentimes.com%2Fstory%2Fsports%2Fhigh-school%2Fbaseball%2F2022%2F06%2F23%2Fetowah-county-high-school-baseball-all-teams-2022-season-alabama%2F7648985001%2F,0.10985399778969578
loss,nonmember,https://www.gadsdentimes.com/story/sports/college/football/2022/04/09/jacksonville-state-football-quarterback-zion-webb-building-connection-pj-wells/9497481002/,2.1390117261117694
loss,nonmember,https://www.gadsdentimes.com/story/news/crime/2022/08/28/betty-wilson-case-books-tv-true-crime-series-podcasts-murder/10312258002/,3.06692742565219
loss,nonmember,https://www.gadsdentimes.com/story/news/2022/05/31/gadsden-dentists-become-first-father-son-duo-awarded-uab-alumni-awards/9924835002/,2.328196762974107
loss,nonmember,https://www.gadsdentimes.com/story/news/2022/07/18/rainbow-city-names-holderfield-interim-police-chief-commends-officers/10049476002/,2.866349292212143
loss,nonmember,https://www.gadsdentimes.com/restricted/?return=https%3A%2F%2Fwww.gadsdentimes.com%2Fstory%2Fnews%2F2022%2F05%2F17%2Fcorrections-officers-inmate-interaction-red-flags-casey-vicky-white%2F9779052002%2F,0.11591917782081043
loss,nonmember,https://www.gadsdentimes.com/story/news/2022/04/20/gadsden-council-oks-incentives-grocery-store-gadsden-mall/7373977001/,2.6679074856187333
loss,nonmember,https://www.gadsdentimes.com/story/news/2022/04/22/guilty-capital-murder-verdict-delivered-2016-riddles-bend-case/7411256001/,2.7089101920620697
loss,nonmember,https://www.gadsdentimes.com/story/news/2022/06/11/rainbow-city-man-dead-after-friday-night-rampage-identified/7592658001/,2.6976855401540605
loss,nonmember,https://www.gadsdentimes.com/story/news/2022/09/17/alabama-governor-kay-ivey-bankston-motor-homes-opens-new-sales-service-facility-in-attalla/69498067007/,2.9024983573683607
loss,nonmember,https://www.gadsdentimes.com/story/news/2022/07/15/extension-launches-farming-basics-podcast/10043876002/,2.760426891019261
loss,nonmember,https://www.gadsdentimes.com/story/news/2022/06/09/etowah-county-commissioners-vote-no-help-board-registrars/7553009001/,2.905908546827807
loss,nonmember,https://www.gadsdentimes.com/story/sports/high-school/baseball/2022/04/19/piedmont-baseball-21-game-winning-streak-going-into-ahsaa-playoffs/9513771002/,2.2157830912279266
loss,nonmember,https://www.gadsdentimes.com/story/sports/high-school/baseball/2022/05/16/ahsaa-baseball-piedmont-takes-game-1-class-3-a-state-championship-series/9763871002/,2.3489632809663696
loss,nonmember,https://www.gadsdentimes.com/story/news/2022/06/01/press-issues-delay-wednesday-print-edition/7465381001/,2.3566730486888576
loss,nonmember,https://www.gadsdentimes.com/story/news/2022/05/04/commissioners-announce-rainbow-city-mega-site-partnership/9616040002/,2.6543430023636363
loss,nonmember,https://www.gadsdentimes.com/story/news/2022/08/18/art-music-storytelling-event-mentone/10342954002/,2.808561173671662
loss,nonmember,https://www.gadsdentimes.com/story/news/2022/08/16/gadsden-trolley-service-polls-election-day/10329051002/,2.4917429101335546
loss,nonmember,https://www.gadsdentimes.com/story/news/2022/04/08/aderholt-asking-questions-etowah-detainee-removal/9499634002/,2.7200699383882134
loss,nonmember,https://www.gadsdentimes.com/story/news/2022/05/30/southside-rainbow-city-firefighters-search-man-coosa-river/9996191002/,1.9842814233421697
loss,nonmember,https://www.gadsdentimes.com/story/sports/high-school/track-field/2022/05/03/ahsaa-track-and-field-etowah-county-state-qualifiers/9616706002/,2.1701686247682295
loss,nonmember,https://www.gadsdentimes.com/story/news/2022/06/13/attalla-fire-allows-gadsden-fire-department-assistance/7596231001/,2.3731559366537653
loss,nonmember,https://www.gadsdentimes.com/story/news/2022/07/14/alabama-power-customers-start-seeing-increased-bills-august/10048555002/,2.3264240539299843
loss,nonmember,https://www.gadsdentimes.com/videos/news/2022/05/03/lauderdale-county-jailer-vicky-white-leaving-jail-casey-white-alabama-video/9636719002/,2.602958208578123
loss,nonmember,https://www.gadsdentimes.com/story/news/2022/04/17/gadsden-leaders-hear-pitch-city-subsidized-spay-neuter-program/7304969001/,2.4962837908491946
loss,nonmember,https://www.gadsdentimes.com/story/news/2022/07/01/second-etowah-county-tomato-taste-off-july-9/7776227001/,2.8197338926973354
loss,nonmember,https://www.gadsdentimes.com/story/news/2022/04/01/frank-helderman-jr-obituary/7234326001/,2.3430589469440686
loss,nonmember,https://www.gadsdentimes.com/story/news/2022/08/02/gadsden-airport-authority-must-answer-open-meetings-violation-claims/10200383002/,2.571144042349906
loss,nonmember,https://www.gadsdentimes.com/story/news/2022/09/09/events-of-911-to-be-remembered-in-ceremony-sunday-gadsden/66947458007/,2.163032764765946
loss,nonmember,https://www.gadsdentimes.com/story/news/2022/06/22/lgbtq-gadsden-youth-encouraged-participate-pride-celebration/7692854001/,2.530121916217935
loss,nonmember,https://www.gadsdentimes.com/story/news/2022/08/25/sand-mountain-park-albertville-alabama-largest-outdoor-ice-rink-coming/7869419001/,2.453567996813757
loss,nonmember,https://www.gadsdentimes.com/story/news/2022/06/09/police-incident-walnut-park-school/7567393001/,2.088832251234271
loss,nonmember,https://www.gadsdentimes.com/story/opinion/columns/2022/05/28/john-f-floyd-looks-memorial-day/9961254002/,2.9354214099790377
loss,nonmember,https://www.gadsdentimes.com/story/news/2022/06/02/gadsden-moves-forward-lease-ida-venue-expansion-project/7467697001/,2.4998168498223654
loss,nonmember,https://www.gadsdentimes.com/story/news/2022/08/01/travel-chance-see-country-meet-people/10183825002/,3.216639230542651
loss,nonmember,https://www.gadsdentimes.com/story/news/2022/07/09/lions-club-city-election-forum-july-18/10017607002/,2.4835887423976946
loss,nonmember,https://www.gadsdentimes.com/story/sports/college/2022/09/10/jacksonville-state-football-vs-murray-state-score-live-updates/65471896007/,2.267521375326566
loss,nonmember,https://www.gadsdentimes.com/story/news/2022/06/06/jsu-marching-southerners-prepare-d-day-2024/7533664001/,2.259840011855031
loss,nonmember,https://www.gadsdentimes.com/story/news/2022/04/21/gscc-theater-production-debuts/7395127001/,2.6218265196697543
loss,nonmember,https://www.gadsdentimes.com/story/news/2022/05/01/lauderdale-county-jail-inmate-escape-corrections-officer-case-reward-offered/9609347002/,1.828050980623542
loss,nonmember,https://www.gadsdentimes.com/story/news/2022/04/22/preparations-underway-alabamas-first-ram-clinic/7363290001/,2.57676273772065
loss,nonmember,https://www.gadsdentimes.com/story/sports/high-school/softball/2022/05/23/ahsaa-vote-athlete-week-gadsden-area-may-16-22/9867986002/,2.1864515455642457
loss,nonmember,https://www.gadsdentimes.com/story/news/2022/08/05/only-drill-attalla-police-training-friday-attalla-elementary/10245465002/,2.3363407896407167
loss,nonmember,https://www.gadsdentimes.com/story/lifestyle/columns/2022/08/04/david-murdock-contemplates-brand-loyalty/10228524002/,2.799287119779675
loss,nonmember,https://www.gadsdentimes.com/story/news/2022/08/31/labor-day-2022-gadsden-art-music-more-to-kick-off-weekend/65462257007/,2.8762693983394505
loss,nonmember,https://www.gadsdentimes.com/story/news/2022/07/11/etowah-county-man-killed-hit-and-run-sardis/10028925002/,2.0158405831099366
loss,nonmember,https://www.gadsdentimes.com/story/news/2022/08/02/prepare-high-temperatures-gadsdens-upcoming-first-friday/10207208002/,2.382061305256287
loss,nonmember,https://www.gadsdentimes.com/story/sports/high-school/softball/2022/05/07/ahsaa-softball-schedules-and-pairings-central-regional-albertville/9676010002/,1.5777698249630994
loss,nonmember,https://www.gadsdentimes.com/story/news/2022/08/16/atttalla-city-council-dangerous-animals-exotic-pets-cruelty-camp-sibert-neighborhood/10327306002/,2.892601217213644
loss,nonmember,https://www.gadsdentimes.com/story/sports/2022/04/21/ground-broken-westbrook-athletic-facility/7358645001/,2.3016120603168306
loss,nonmember,https://www.gadsdentimes.com/story/news/2022/06/29/sylacauga-man-dies-after-motorcycle-hits-deer-dekalb-county-crash/7771519001/,1.8024791415082893
loss,nonmember,https://www.gadsdentimes.com/story/news/2022/07/01/water-park-near-gadsden-al-offer-fun-family-albertville-cullman/7765206001/,2.2123283926678257
loss,nonmember,https://www.gadsdentimes.com/story/sports/high-school/basketball/2022/05/27/john-broom-mississippi-state-clemson-basketball-recruiting-cade-phillips-tennessee/9949373002/,2.2199403425455304
loss,nonmember,https://www.gadsdentimes.com/story/sports/high-school/baseball/2022/05/18/ahsaa-baseball-mobile-christian-defeats-etowah-win-class-4-a-state-championship/9763925002/,2.3468604545334655
loss,nonmember,https://www.gadsdentimes.com/story/news/2022/05/18/downtown-dance-conservatory-presents-sleeping-beauty-weekend/9811458002/,3.1140501072314306
loss,nonmember,https://www.gadsdentimes.com/story/news/2022/06/01/boaz-police-vehicle-hit-during-traffic-stop-causes-minor-injuries/7470193001/,2.136271630030006
loss,nonmember,https://www.gadsdentimes.com/story/news/2022/09/09/kings-olive-oil-gadsden-al-earns-alabama-retailer-of-year-award/67029250007/,2.64006657175816
loss,nonmember,https://www.gadsdentimes.com/story/news/2022/05/03/new-posters-reward-u-s-marshals-lauderdale-escape-case/9623944002/,2.1330755979222027
loss,nonmember,https://www.gadsdentimes.com/story/news/2022/04/12/free-gas-bowling-tap-weekend-via-smith-new-destiny/7293620001/,2.549238246924271
loss,nonmember,https://www.gadsdentimes.com/story/news/politics/elections/local/2022/09/14/gadsden-mayoral-contenders-debate-thursday-ahead-runoff/69492115007/,2.7831703416451306
loss,nonmember,https://www.gadsdentimes.com/story/news/2022/08/05/back-school-gadsden-city-system/10163084002/,2.7174813577598593
loss,nonmember,https://www.gadsdentimes.com/story/news/2022/07/29/gscc-advanced-manufacturing-center-gets-green-light/10174941002/,2.569564236632762
loss,nonmember,https://www.gadsdentimes.com/story/news/2022/04/13/smoke-falls-2022-results/7283228001/,3.185605027021935
loss,nonmember,https://www.gadsdentimes.com/story/news/2022/06/13/st-clair-crash-injured-state-trooper-other-driver-59/7616480001/,1.7965726629085204
loss,nonmember,https://www.gadsdentimes.com/story/sports/college/football/2022/08/25/jacksonville-state-football-how-watch-rich-rodriguezs-debut/10319162002/,1.6075973981653942
loss,nonmember,https://www.gadsdentimes.com/story/news/politics/elections/local/2022/08/11/gadsden-district-3-board-education-2022-meet-candidates-q-a/10149122002/,2.9729935790622175
loss,nonmember,https://www.gadsdentimes.com/story/news/2022/05/02/warrant-issued-alabama-officer-vicky-white-orchestrated-escape-inmate-casey-white/9616341002/,2.3127368941527515
loss,nonmember,https://www.gadsdentimes.com/story/news/2022/09/16/change-coming-in-sports-project-leadership-as-field-work-continues/69495285007/,3.0457752676505208
loss,nonmember,https://www.gadsdentimes.com/story/news/2022/04/22/dgi-hosts-biennial-meeting/7363286001/,2.701785981435428
loss,nonmember,https://www.gadsdentimes.com/story/news/2022/07/29/worlds-longest-yard-sale-2022-august-gadsden-etowah-county/10116714002/,2.5589550567268495
loss,nonmember,https://www.gadsdentimes.com/story/sports/nfl/2022/06/06/chicago-bears-q-a-receiver-darnell-mooney-football-camp/9968417002/,2.4072762725621675
loss,nonmember,https://www.gadsdentimes.com/story/sports/2022/04/02/gadsdens-mathis-earns-spot-softball-hof/7251894001/,2.5781717810073848
loss,nonmember,https://www.gadsdentimes.com/story/news/2022/08/09/gsccs-advanced-manufacturing-center-and-its-impact-career-training/10213248002/,2.7318436180764456
loss,nonmember,https://www.gadsdentimes.com/story/news/2022/08/19/rainsville-spill-cleanup-continues-truck-leaked-peracetic-acid-dekalb-county/7843229001/,2.8742424932002297
loss,nonmember,https://www.gadsdentimes.com/story/news/2022/04/12/what-happens-when-animal-stays-shelter-long-time/9472550002/,2.514359171554011
loss,nonmember,https://www.gadsdentimes.com/story/news/2022/07/08/theatre-gadsdens-big-river-bring-laughs-and-lessons-ritz/10005817002/,2.5620711268015213
loss,nonmember,https://www.gadsdentimes.com/story/news/2022/04/01/etowah-fires-blazes-keener-area-attalla-scorch-some-386-acres/7229193001/,2.904451933365984
loss,nonmember,https://www.gadsdentimes.com/story/news/2022/04/08/albertville-police-seek-motive-fatal-shooting-thursday-afternoon/9512132002/,2.1067595479661794
loss,nonmember,https://www.gadsdentimes.com/story/news/2022/08/10/painting-gadsden-blue-child-abuse-awareness-month/10268114002/,2.736688249828026
loss,nonmember,https://www.gadsdentimes.com/story/news/2022/07/14/gadsden-man-32-killed-motorcycle-crash-monday-noccalula-road/10061269002/,1.6914045600018786
loss,nonmember,https://www.gadsdentimes.com/story/sports/high-school/baseball/2022/04/30/ahsaa-baseball-trace-thomson-leads-etowah-past-westminster-christian/7383260001/,2.2642993817213157
loss,nonmember,https://www.gadsdentimes.com/story/news/2022/04/14/etowah-veterans-board-needed-manage-property-donated-wwii-vets/7296731001/,2.3908898734558006
loss,nonmember,https://www.gadsdentimes.com/story/sports/high-school/football/2022/05/25/ahsaa-football-sardis-football-coach-gene-hill-steps-down/9924188002/,2.3530291390168165
loss,nonmember,https://www.gadsdentimes.com/story/news/politics/elections/2022/05/20/house-29-candidates-mark-gidley-and-jamie-grant-answer-questions/9861992002/,2.527177123688893
loss,nonmember,https://www.gadsdentimes.com/story/news/2022/07/09/reward-offered-july-5-slaying-gadsden/10013863002/,1.4548416817126544
loss,nonmember,https://www.gadsdentimes.com/story/news/2022/07/04/pet-week-july-4/7789158001/,2.319815040921222
loss,nonmember,https://www.gadsdentimes.com/story/opinion/columns/guest/2022/09/02/rendering-plant-fight-was-about-economics/65470516007/,3.1058459837643553
loss,nonmember,https://www.gadsdentimes.com/story/news/2022/07/19/etowah-investigators-charge-georgia-man-child-porn-other-charges/10097539002/,1.9797839759971108
loss,nonmember,https://www.gadsdentimes.com/story/news/2022/08/12/hsprac-partners-petco-new-adoption-initiative/10278299002/,2.4290719337745754
loss,nonmember,https://www.gadsdentimes.com/story/opinion/columns/2022/09/04/elaine-harris-spearman-says-people-should-get-energized-to-vote/65464158007/,3.0148252964937523
loss,nonmember,https://www.gadsdentimes.com/story/opinion/columns/2022/08/06/john-floyd-discusses-open-records-suit-against-airport-authority/10223765002/,2.8209295461358104
loss,nonmember,https://www.gadsdentimes.com/story/news/2022/05/20/4-h-chick-chain-program/9837719002/,2.9681255442124637
loss,nonmember,https://www.gadsdentimes.com/story/news/2022/05/06/crash-etowah-county-closes-one-southbound-lane-59/9680283002/,2.2446650238564825
loss,nonmember,https://www.gadsdentimes.com/story/news/2022/07/22/alabama-weather-how-aware-and-prepared-heat/10107165002/,2.4047569968311615
loss,nonmember,https://www.gadsdentimes.com/story/news/2022/09/12/motorcycle-crash-results-in-mans-death/69486366007/,1.9578434387116948
loss,nonmember,https://www.gadsdentimes.com/story/news/2022/08/20/alabama-troopers-wrecks-kill-steele-woman-hanceville-man/7854694001/,1.8288309824696398
loss,nonmember,https://www.gadsdentimes.com/story/news/2022/05/27/woman-learns-father-finds-sister-through-dna-search-angel/7396489001/,2.9331185644991264
loss,nonmember,https://www.gadsdentimes.com/story/lifestyle/columns/2022/04/10/david-murdock-looks-memory-and-perception/9489149002/,2.662730240524783
loss,nonmember,https://www.gadsdentimes.com/story/news/2022/07/15/calhoun-county-crash-claims-life-florida-truck-driver/10066705002/,1.6515568612511375
loss,nonmember,https://www.gadsdentimes.com/story/news/2022/05/18/etowah-county-graduation-ceremonies-times-and-dates/9795232002/,2.2760392652204615
loss,nonmember,https://www.gadsdentimes.com/story/lifestyle/columns/2022/04/03/david-murdocks-tales-front-porch/7217284001/,3.039680792185468
loss,nonmember,https://www.gadsdentimes.com/story/opinion/columns/2022/06/19/elaine-harris-spearman-fathers-day/7627727001/,2.817286031543108
loss,nonmember,https://www.gadsdentimes.com/story/opinion/columns/2022/07/09/john-floyd-looks-foia-info-rendering-plant/7823495001/,3.106323774875494
loss,nonmember,https://www.gadsdentimes.com/story/opinion/columns/2022/08/07/gadsden-needs-drum-major-and-backing-band/10219345002/,2.891598601601072
loss,nonmember,https://www.gadsdentimes.com/story/news/2022/04/26/guilty-verdict-delivered-quickly-after-witnesses-detail-2016-slaying/7418243001/,2.7642392359111945
loss,nonmember,https://www.gadsdentimes.com/story/news/2022/08/28/learn-how-safely-cope-farm-equipment-roads/7837654001/,2.7763351437111146
loss,nonmember,https://www.gadsdentimes.com/story/news/politics/elections/2022/05/19/etowah-county-sheriff-primary-candidates-jonathon-horton-leonard-kiser/9822249002/,2.9567248986481154
loss,nonmember,https://www.gadsdentimes.com/story/sports/2022/06/23/roberta-alison-baumgardner-mens-tennis-title-ix-female-athletes/9838951002/,2.510373010444815
loss,nonmember,https://www.gadsdentimes.com/story/news/2022/07/14/donaldson-prison-death-calvin-turner-gadsden-serving-sentence-1988-murder-case/10042345002/,2.052053514012885
loss,nonmember,https://www.gadsdentimes.com/story/news/2022/05/22/shooting-pell-city-results-four-dead/9884896002/,1.8300799262901168
loss,nonmember,https://www.gadsdentimes.com/story/news/2022/08/08/gadsden-gscc-sports-park-phase-1-ribbon-cutting/10218631002/,2.6129191317651888
loss,nonmember,https://www.gadsdentimes.com/story/news/2022/05/04/aldot-director-said-759-connector-project-take-five-years/9643103002/,2.6515168791933554
loss,nonmember,https://www.gadsdentimes.com/story/news/2022/04/07/fake-officer-stops-vehicle/9494841002/,2.7302298778623366
loss,nonmember,https://www.gadsdentimes.com/story/news/politics/elections/2022/05/19/etowah-county-primary-commission-district-4-tim-ramsey-jeff-overstreet/9823125002/,2.815117415178625
loss,nonmember,https://www.gadsdentimes.com/story/lifestyle/columns/2022/05/26/david-murdock-looks-memorial-day/9933759002/,2.8841095845604863
loss,nonmember,https://www.gadsdentimes.com/story/news/2022/07/21/etowah-county-sports-complex-fields-should-ready-october/10085321002/,3.132242346629436
loss,nonmember,https://www.gadsdentimes.com/story/news/2022/05/28/applications-cooling-assistance-program-open-next-month/9958861002/,2.5832222315341196
loss,nonmember,https://www.gadsdentimes.com/story/sports/high-school/soccer/2022/05/02/poll-gadsden-area-girls-high-school-athlete-week-voting/9589568002/,2.1252598019866955
loss,nonmember,https://www.gadsdentimes.com/story/news/2022/04/09/car-crash-dekalb-county-ider-alabama-two-killed-alea/9526905002/,2.0357073353796604
loss,nonmember,https://www.gadsdentimes.com/story/news/2022/07/12/casey-white-charged-murder-vicky-whites-death/10038394002/,1.9840884851515357
loss,nonmember,https://www.gadsdentimes.com/story/news/2022/04/19/etowah-absentee-voting-may-primary-how-apply-what-deadlines/7355874001/,1.967523119577252
loss,nonmember,https://www.gadsdentimes.com/story/sports/college/2022/08/25/jacksonville-state-football-stephen-f-austin-spying-coach-rich-rodriguez/65419151007/,3.073936820045425
loss,nonmember,https://www.gadsdentimes.com/story/news/2022/08/15/covid-etowah-county-al-cases-surge/65403383007/,0.706801973342048
loss,nonmember,https://www.gadsdentimes.com/story/sports/high-school/soccer/2022/04/08/ahsaa-boys-soccer-four-southside-players-fasting-during-ramadan/9506355002/,2.4910869339136497
loss,nonmember,https://www.gadsdentimes.com/story/lifestyle/columns/2022/07/22/david-murdock-choosing-words-look-sound-right/10120498002/,2.9030559229374364
loss,nonmember,https://www.gadsdentimes.com/story/news/2022/06/03/atv-crash-claims-life-sylacauga-teenager/7502496001/,1.5988832047346813
loss,nonmember,https://www.gadsdentimes.com/story/news/2022/07/15/sardis-city-fatal-hit-and-run-warrant-issued-man/10068055002/,2.117485825437895
loss,nonmember,https://www.gadsdentimes.com/story/sports/high-school/softball/2022/05/17/ahsaa-sports-top-performers-gadsden-area-baseball-softball-championships/9763936002/,1.7316581548477485
loss,nonmember,https://www.gadsdentimes.com/story/news/2022/08/22/gadsden-al-covid-cases-death-tracker/65413138007/,0.6488341487279389
loss,nonmember,https://www.gadsdentimes.com/story/news/2022/05/24/georgia-woman-succumbs-injuries-dekalb-county-motorcycle-crash/9915397002/,1.956826719744639
loss,nonmember,https://www.gadsdentimes.com/story/news/2022/04/21/centre-man-charged-murder-another-sought-georgia-mans-death/7394106001/,2.061529256926407
loss,nonmember,https://www.gadsdentimes.com/story/news/2022/09/13/from-land-or-riverbank-enjoy-a-free-showing-of-jaws-saturday-night/69486393007/,3.0722830418706457
loss,nonmember,https://www.gadsdentimes.com/story/news/2022/06/21/walnut-gallery-renovations-underway-should-completed-july/7634994001/,2.559155964647286
loss,nonmember,https://www.gadsdentimes.com/story/news/2022/07/04/calhoun-county-kidnap-victim-rescued-subject-sought/7806904001/,2.3530005555908238
loss,nonmember,https://www.gadsdentimes.com/story/news/2022/07/14/five-year-old-dies-after-being-hit-vehicle-gadsden/10057076002/,1.6842360891808053
loss,nonmember,https://www.gadsdentimes.com/story/sports/high-school/baseball/2022/04/26/poll-gadsden-area-boys-high-school-athlete-third-week-april/7383221001/,2.087608767935042
loss,nonmember,https://www.gadsdentimes.com/story/news/2022/08/30/purple-onion-new-eatery-is-opening-slowly-working-to-get-fully-staffed/7879570001/,2.8715973817066534
loss,nonmember,https://www.gadsdentimes.com/story/news/2022/07/21/etowah-county-sell-warehouse-thomas-drive-buy-baker-tire-site/10097908002/,2.783427523950433
loss,nonmember,https://www.gadsdentimes.com/story/news/2022/08/04/covid-cases-increase-students-head-back-school/10231486002/,2.4526023200513336
loss,nonmember,https://www.gadsdentimes.com/story/sports/college/baseball/2022/08/15/alabama-state-associate-ad-fred-sington-q-a-hbcu/10271906002/,2.6278764029373143
min_k,member,https://www.gadsdentimes.com/story/news/politics/elections/local/2022/09/16/profile-of-gadsden-mayoral-contender-craig-ford/69492534007/,6.898501878046285
min_k,member,https://www.gadsdentimes.com/story/opinion/columns/2022/07/23/john-floyd-gets-up-close-look-blue-angels/10107181002/,7.401823656899588
min_k,member,https://www.gadsdentimes.com/story/news/2022/06/14/grmc-unveils-new-childbirth-technology/7582948001/,6.664033564237448
min_k,member,https://www.gadsdentimes.com/story/news/2022/05/09/gscc-valley-street-campus-honors-dr-gertie-lowe/9630413002/,6.59636041853163
min_k,member,https://www.gadsdentimes.com/story/news/2022/09/17/alabama-211-closed-scenic-drive-i-59-monday-water-work/69498877007/,8.080225212233406
min_k,member,https://www.gadsdentimes.com/story/news/2022/08/04/gadsden-city-school-board-names-assistant-superintendent/10226289002/,7.410793262979259
min_k,member,https://www.gadsdentimes.com/story/news/2022/08/17/democrats-host-discussion-debate-4th-district-issues-gadsden/10351651002/,7.593074399071771
min_k,member,https://www.gadsdentimes.com/story/news/2022/06/02/marshall-county-probe-leads-cos-arrest-drug-contraband-charges/7489335001/,5.37639853509806
min_k,member,https://www.gadsdentimes.com/story/news/2022/08/05/etowah-county-4-h-kicks-off-busy-year/10228629002/,7.272977530010163
min_k,member,https://www.gadsdentimes.com/story/sports/high-school/2022/09/10/gadsdens-top-high-school-football-and-volleyball-performances-week-3/65471881007/,6.57514031549518
min_k,member,https://www.gadsdentimes.com/restricted/?return=https%3A%2F%2Fwww.gadsdentimes.com%2Fstory%2Fsports%2Fhigh-school%2Fsoftball%2F2022%2F05%2F09%2Fahsaa-softball-gadsden-area-players-watch-regionals%2F9675505002%2F,0.34859477543226525
min_k,member,https://www.gadsdentimes.com/story/news/2022/06/06/etowah-commission-race-contest-state-democrats-may-decide/7513880001/,7.4951922219050555
min_k,member,https://www.gadsdentimes.com/story/sports/high-school/baseball/2022/06/12/ahsaa-gadsden-area-players-named-2022-all-state-baseball-teams/7506130001/,7.022380733138729
min_k,member,https://www.gadsdentimes.com/story/news/2022/05/25/ballot-issue-impacts-primary-elections/9924046002/,6.971953972757862
min_k,member,https://www.gadsdentimes.com/story/news/2022/04/26/eura-brown-celebrates-return-serendipity-day/7439684001/,6.570189873865045
min_k,member,https://www.gadsdentimes.com/story/news/2022/06/21/national-guard-gaa-city-gadsden-say-runway-lengthened/7681717001/,6.033372965725985
min_k,member,https://www.gadsdentimes.com/story/news/2022/04/18/talladega-man-killed-sunday-night-atv-crash/7354904001/,5.553324258688725
min_k,member,https://www.gadsdentimes.com/story/lifestyle/columns/2022/07/15/david-murdock-discusses-his-love-crosswords/10059842002/,7.917536677344371
min_k,member,https://www.gadsdentimes.com/story/news/2022/08/12/gadsden-alabama-firefighter-lawsuit-pay-violations-fire-department/10297492002/,6.640375820601859
min_k,member,https://www.gadsdentimes.com/story/news/2022/04/15/calhoun-county-school-bus-crash-probed-no-injures-reported/7325188001/,5.739723489834712
min_k,member,https://www.gadsdentimes.com/story/news/2022/07/13/gadsden-doctor-murray-riggins-dies-67/10030691002/,6.867214541177492
min_k,member,https://www.gadsdentimes.com/story/sports/high-school/baseball/2022/05/02/ahsaa-baseball-pairings-schedules-gadsden-area-teams/9614482002/,6.455875664949417
min_k,member,https://www.gadsdentimes.com/story/news/2022/06/24/best-practices-home-canning/7701778001/,7.734431205257293
min_k,member,https://www.gadsdentimes.com/story/news/2022/08/18/rainsville-al-crash-truck-overturns-hazmat-spill-detours-dekalb-county/7834668001/,7.244757797144636
min_k,member,https://www.gadsdentimes.com/story/news/2022/05/09/craig-pruett-home-after-269-days-hospitalized-covid-19/9700479002/,6.375589074354905
min_k,member,https://www.gadsdentimes.com/restricted/?return=https%3A%2F%2Fwww.gadsdentimes.com%2Fstory%2Fsports%2Fhigh-school%2Fbaseball%2F2022%2F04%2F18%2Fahsaa-baseball-18-gadsden-area-players-watch-first-round-playoffs%2F7328897001%2F,0.5611111548958275
min_k,member,https://www.gadsdentimes.com/story/sports/college/baseball/2022/04/01/college-baseball-eastern-kentucky-end-jacksonville-states-winning-streak/7245276001/,5.8424714253498955
min_k,member,https://www.gadsdentimes.com/story/news/2022/08/26/girl-injured-in-dog-attack-wednesday-in-north-gadsden/65458390007/,6.3963626225789385
min_k,member,https://www.gadsdentimes.com/restricted/?return=https%3A%2F%2Fwww.gadsdentimes.com%2Fstory%2Fnews%2F2022%2F06%2F23%2Fhow-folk-af-became-rock-solid-staple-community%2F7608734001%2F,0.5629431392984164
min_k,member,https://www.gadsdentimes.com/story/opinion/columns/2022/04/24/us-needs-people-willing-explore-diverse-careers/7385669001/,7.81949083348538
min_k,member,https://www.gadsdentimes.com/story/sports/college/football/2022/04/09/jacksonville-state-football-first-spring-game-takes-place-under-rich-rodriguez/7244650001/,6.565414525092916
min_k,member,https://www.gadsdentimes.com/story/news/2022/05/02/steele-dragway-incident-kills-one-man-injures-another-person/9621596002/,6.725458529260424
min_k,member,https://www.gadsdentimes.com/story/news/2022/05/11/house-district-28-candidate-mack-butler-finds-mapping-error/9716340002/,6.961170457027577
min_k,member,https://www.gadsdentimes.com/story/opinion/columns/2022/04/02/taxpayers-need-answers-airport/7210362001/,7.166183706392278
min_k,member,https://www.gadsdentimes.com/story/lifestyle/columns/2022/06/16/fathers-day-gadsden-times-columnist-takes-look/7633446001/,7.187215628790948
min_k,member,https://www.gadsdentimes.com/story/news/2022/08/01/desoto-state-park-georgia-man-outdoor-enthusiast-drowns/10201587002/,7.004898841040475
min_k,member,https://www.gadsdentimes.com/story/news/2022/06/13/lowe-brothers-serving-learning-together-navy-facility-florida/7557434001/,6.67598094684737
min_k,member,https://www.gadsdentimes.com/story/news/2022/04/08/galilees-robinson-mark-milestones/9477157002/,6.815283188453088
min_k,member,https://www.gadsdentimes.com/story/sports/college/softball/2022/04/06/college-softball-alabama-jacksonville-state-softball-canceled/9483634002/,6.745670593486112
min_k,member,https://www.gadsdentimes.com/restricted/?return=https%3A%2F%2Fwww.gadsdentimes.com%2Fstory%2Fsports%2Fhigh-school%2Fbaseball%2F2022%2F04%2F09%2Fahsaa-sports-gadsden-area-high-school-top-performers-second-week-april%2F9513782002%2F,0.5611111548958275
min_k,member,https://www.gadsdentimes.com/story/news/politics/elections/2022/05/24/alabama-primary-election-2022-results-house-district-28-mack-butler/9860478002/,7.265105686935724
min_k,member,https://www.gadsdentimes.com/story/news/2022/06/24/over-2-000-volunteer-hours-logged-during-day-action/7711660001/,6.6471532812905965
min_k,member,https://www.gadsdentimes.com/story/news/2022/05/29/southside-police-check-security-cameras-signs-stolen-truck/9963212002/,7.29022541752568
min_k,member,https://www.gadsdentimes.com/story/news/2022/04/20/gadsden-airport-authority-asks-city-400-000-pay-legal-fees/7377033001/,7.0791381026307745
min_k,member,https://www.gadsdentimes.com/story/opinion/columns/2022/07/30/john-f-floyd-discusses-need-economic-development/10177673002/,7.3078732897887875
min_k,member,https://www.gadsdentimes.com/story/news/2022/09/15/guntersville-man-charged-with-aggravated-assault-shooting-of-brother-alabama/69487861007/,6.597114048220894
min_k,member,https://www.gadsdentimes.com/story/news/2022/04/17/search-continues-gadsden-person-believed-drowned-coosa-river/7347537001/,7.1101774426249715
min_k,member,https://www.gadsdentimes.com/story/news/2022/06/29/gadsden-state-rn-program-first-its-kind-state-alabama/7728443001/,7.094901337180027
min_k,member,https://www.gadsdentimes.com/story/opinion/columns/2022/05/01/respecting-rights-others/9554136002/,7.594941026286075
min_k,member,https://www.gadsdentimes.com/restricted/?return=https%3A%2F%2Fwww.gadsdentimes.com%2Fstory%2Fsports%2Fhigh-school%2Ftrack-field%2F2022%2F04%2F28%2Fgadsden-high-school-track-field-athletes-watch-ahsaa-state-championships%2F7383235001%2F,0.34859477543226525
min_k,member,https://www.gadsdentimes.com/story/news/2022/05/08/gadsden-al-lorraine-moore-birthday/9644993002/,7.550967866060685
min_k,member,https://www.gadsdentimes.com/story/news/2022/06/16/juneteenth-origins-meanings-opinion-an-american-not-black-cultural-event/7646057001/,6.9478165865623716
min_k,member,https://www.gadsdentimes.com/story/news/2022/05/24/gadsden-museum-art-exhibits-june-begin-june-3/9897180002/,8.067354511207258
min_k,member,https://www.gadsdentimes.com/story/news/2022/08/23/slow-turnout-gadsden-municipal-elections-big-decisions/7875446001/,6.770591341081213
min_k,member,https://www.gadsdentimes.com/story/news/2022/09/15/cherokee-county-road-crash-al-charles-grady-sharp-dead/69497392007/,6.120646434170859
min_k,member,https://www.gadsdentimes.com/story/news/2022/04/07/commissioners-approve-fee-increases-finalize-plans-mcat/9472528002/,7.165520681732002
min_k,member,https://www.gadsdentimes.com/story/news/politics/elections/local/2022/08/19/gadsden-district-6-city-council-2022-meet-candidates-q-a/10074880002/,7.486023938784036
min_k,member,https://www.gadsdentimes.com/story/sports/pro/2022/04/21/boxing-shaquille-cameron-first-gadsden-area-boxer-making-name/7328923001/,7.467206187546253
min_k,member,https://www.gadsdentimes.com/restricted/?return=https%3A%2F%2Fwww.gadsdentimes.com%2Fstory%2Fsports%2Fhigh-school%2Fbaseball%2F2022%2F04%2F18%2Fahsaa-sports-gadsden-area-high-school-top-performers-third-week-april%2F7328930001%2F,0.5611111548958275
min_k,member,https://www.gadsdentimes.com/story/news/2022/07/10/roe-v-wade-ruling-alabama-department-human-resources-gadsden-agencies/7795195001/,6.355321901416347
min_k,member,https://www.gadsdentimes.com/story/news/2022/05/27/dealing-product-recalls/9943854002/,6.773495506733022
min_k,member,https://www.gadsdentimes.com/story/news/politics/elections/local/2022/08/19/gadsden-municipal-election-2022-voting-mayor-city-council-school-board-candidates/10342692002/,7.530204849953977
min_k,member,https://www.gadsdentimes.com/story/news/2022/04/21/gadsden-drowning-victim-found-after-six-day-search-coosa/7402517001/,6.252126506612271
min_k,member,https://www.gadsdentimes.com/story/news/2022/07/27/black-jacket-symphony-perform-rumors-sand-mountain-amphitheater/10159012002/,6.823708447317283
min_k,member,https://www.gadsdentimes.com/story/news/2022/06/11/16th-elder-abuse-summit-held-june-15/7583758001/,6.758128299508043
min_k,member,https://www.gadsdentimes.com/story/news/2022/05/19/missing-southside-man/9838333002/,6.2168866619467735
min_k,member,https://www.gadsdentimes.com/story/news/2022/04/06/girl-7-killed-atv-crash-near-boaz-adult-injured/9482349002/,5.553291495029743
min_k,member,https://www.gadsdentimes.com/story/sports/2022/06/20/sarah-patterson-alabama-gymnastics-title-ix-equality/9838856002/,6.757649884747632
min_k,member,https://www.gadsdentimes.com/story/news/2022/07/11/southside-high-school-site-active-shooter-training-week/10029307002/,6.421042756030434
min_k,member,https://www.gadsdentimes.com/story/news/2022/08/12/jackson-state-university-theater-group-presents-reimagined-romeo-and-juliet/10311001002/,7.6487570171770844
min_k,member,https://www.gadsdentimes.com/story/news/2022/09/16/tractor-trailer-crash-results-in-collinsville-man-death/69500125007/,5.903286977247759
min_k,member,https://www.gadsdentimes.com/story/news/2022/05/13/gadsden-state-community-college-releases-2021-annual-report/9745289002/,6.7726129519394025
min_k,member,https://www.gadsdentimes.com/story/news/2022/04/18/gscc-reinstates-baseball-and-softball/7362918001/,6.7537085912381
min_k,member,https://www.gadsdentimes.com/story/news/2022/07/30/car-crash-chandler-mountain-road-steele-man-dies/10191216002/,5.459154452596392
min_k,member,https://www.gadsdentimes.com/story/news/2022/08/23/gadsden-mayor-election-2022-craig-ford-heather-new-runoff-race/7875463001/,7.346426732540131
min_k,member,https://www.gadsdentimes.com/story/news/2022/06/13/springville-man-sentenced-60-years-guilty-child-sex-abuse/7615293001/,6.667680119711255
min_k,member,https://www.gadsdentimes.com/story/sports/high-school/baseball/2022/04/12/caleb-freeman-etowah-ace-after-tommy-john-surgery-non-throwing-arm/9513736002/,6.536275247183952
min_k,member,https://www.gadsdentimes.com/story/news/2022/04/14/trail-of-tears-oxford-welcomes-return-muscogee-creek-nation/9503798002/,6.9996426555088584
min_k,member,https://www.gadsdentimes.com/story/news/2022/09/06/gadsden-proposed-budget-gives-raises-restores-funding-for-schools/65505991007/,6.911124431862022
min_k,member,https://www.gadsdentimes.com/story/news/2022/07/19/southside-library-sponsors-field-trip-movie-version-crawdads/10074748002/,7.675410790521591
min_k,member,https://www.gadsdentimes.com/story/news/2022/05/01/locals-asked-contributed-non-perishable-items-may-14-food-drive/9576174002/,6.510911923867685
min_k,member,https://www.gadsdentimes.com/story/news/2022/08/17/alabama-cancer-care-center-gadsden-sells-property-construction/10341239002/,7.0668910759082735
min_k,member,https://www.gadsdentimes.com/story/news/2022/04/01/best-april-fools-pranks-history/7171249001/,8.30178585592306
min_k,member,https://www.gadsdentimes.com/story/news/2022/05/28/etowah-county-primary-vote-question-heres-what-happened/9960417002/,7.025668073469593
min_k,member,https://www.gadsdentimes.com/story/news/2022/05/18/gadsden-state-community-college-scholarship-honors-riley-whitaker/9797537002/,6.54898704801287
min_k,member,https://www.gadsdentimes.com/story/sports/high-school/softball/2022/04/27/ahsaa-softball-schedules-gadsden-area-teams-area-tournaments/9563955002/,4.07416775016909
min_k,member,https://www.gadsdentimes.com/restricted/?return=https%3A%2F%2Fwww.gadsdentimes.com%2Fstory%2Fsports%2F2022%2F06%2F22%2Ftitle-ix-50-greatest-alabama-high-school-girls-athletes-50-years%2F7529948001%2F,0.8536495254702459
min_k,member,https://www.gadsdentimes.com/story/news/2022/05/08/u-s-411-project-4-laning-expected-have-20-year-1-billion-impact/9673821002/,7.548722710874346
min_k,member,https://www.gadsdentimes.com/story/news/2022/05/18/commissioners-approve-mega-site-base-bid/9796801002/,7.157732441669374
min_k,member,https://www.gadsdentimes.com/story/news/2022/08/18/need-job-city-of-gadsden-needs-dispatchers-police-fire-fighters/10343407002/,7.120924697875976
min_k,member,https://www.gadsdentimes.com/story/news/2022/08/04/attalla-superintendent-colegrove-dishes-upcoming-school-year/10060085002/,6.8876847679875475
min_k,member,https://www.gadsdentimes.com/story/news/2022/04/07/competitors-vie-top-prizes-smoke-falls-2022/7250616001/,6.64801698991622
min_k,member,https://www.gadsdentimes.com/story/sports/high-school/baseball/2022/04/11/ahsaa-sports-vote-gadsden-area-male-athlete-week/9513665002/,6.699093826678621
min_k,member,https://www.gadsdentimes.com/story/news/2022/07/12/gadsden-high-school-reunion-gold-tiger-2022/10012750002/,7.311825564148229
min_k,member,https://www.gadsdentimes.com/story/news/2022/05/04/gadsden-woman-accused-faciliating-escape/9634040002/,6.507689752886372
min_k,member,https://www.gadsdentimes.com/story/news/2022/07/05/kidnapping-anniston-alabama-calhoun-county-sheriff-suspect-tony-lamar-white/7810174001/,7.0139643106166485
min_k,member,https://www.gadsdentimes.com/story/news/2022/07/25/teenager-missing-boaz-police-seek-help-finding-her/10144868002/,5.78813627243042
min_k,member,https://www.gadsdentimes.com/story/news/2022/06/02/dam-removal-headlines-weekly-gadsden-city-council-meeting/7455819001/,7.416570553412805
min_k,member,https://www.gadsdentimes.com/story/news/2022/08/22/etowah-commission-savings-inmate-health-care-ecso-promotions-oked/7836994001/,7.824933618657729
min_k,member,https://www.gadsdentimes.com/story/news/2022/05/20/annual-mccords-community-celebration-weekend-cherokee-county/9831612002/,7.766382146069384
min_k,member,https://www.gadsdentimes.com/story/news/2022/09/02/gadsden-premiere-cinemas-showtimes-national-cinema-day-3-tickets-2022/65465172007/,7.00076614671452
min_k,member,https://www.gadsdentimes.com/story/news/2022/07/08/59-bus-crash-attalla-injures-11-new-jersey-family-reunion-bound/10019071002/,7.417587101459503
min_k,member,https://www.gadsdentimes.com/story/news/2022/04/12/marshall-county-crash-results-one-fatality/7284539001/,6.173771374365863
min_k,member,https://www.gadsdentimes.com/story/news/2022/09/14/gadsden-times-hard-work-pays-off-for-new-owners-of-old-building/68102302007/,7.361991694679967
min_k,member,https://www.gadsdentimes.com/story/news/2022/08/22/alea-attalla-search-yields-marijuana-money-and-guns-one-arrested/7864995001/,6.837596159714919
min_k,member,https://www.gadsdentimes.com/story/sports/high-school/baseball/2022/05/17/ahsaa-baseball-state-tournament-2022-piedmont-trinity-presbyterian/9763876002/,6.14015133600486
min_k,member,https://www.gadsdentimes.com/story/news/2022/05/31/gadsden-state-reports-all-time-high-dual-enrollment-students/9940423002/,6.743125905235894
min_k,member,https://www.gadsdentimes.com/story/opinion/columns/2022/07/31/elaine-spearman-looks-end-rendering-plant-legal-fight/10155277002/,7.963503924723204
min_k,member,https://www.gadsdentimes.com/story/sports/high-school/2022/05/13/ahsaa-soccer-ty-ferguson-scores-late-goal-lift-bayside-academy-over-collinsville/9675606002/,6.378915971639205
min_k,member,https://www.gadsdentimes.com/story/opinion/columns/2022/05/08/gop-wealthy-aboard-fast-angry-train/9657456002/,8.11312163047243
min_k,member,https://www.gadsdentimes.com/story/sports/college/2022/09/17/jacksonville-state-football-score-tulsa-live-updates/68196470007/,6.656008160114288
min_k,member,https://www.gadsdentimes.com/story/news/2022/07/18/georgia-man-dies-after-one-car-crash-cherokee-county/10088098002/,5.932502948876583
min_k,member,https://www.gadsdentimes.com/story/news/2022/04/06/singing-honor-gospel-promoter-satterfield/7250572001/,7.642852533822772
min_k,member,https://www.gadsdentimes.com/story/opinion/columns/2022/04/17/gop-paints-ketanji-brown-jackson-unfair-light/7310600001/,8.343104106075359
min_k,member,https://www.gadsdentimes.com/story/news/2022/04/28/cold-case-cullman-man-charged-1988-murder-massachusetts-girl/9568372002/,5.837166610445295
min_k,member,https://www.gadsdentimes.com/story/sports/high-school/baseball/2022/05/02/poll-gadsden-area-boys-high-school-athlete-week-voting/9589581002/,6.236986790806794
min_k,member,https://www.gadsdentimes.com/story/news/2022/04/28/gadsden-council-approves-400-000-gaa-rendering-plant-legal-fees/9544900002/,7.487337824292657
min_k,member,https://www.gadsdentimes.com/story/news/2022/04/03/gadsden-partners-rescue-group-add-space-stray-animals/7216611001/,7.171131775296968
min_k,member,https://www.gadsdentimes.com/story/sports/college/football/2022/07/27/jacksonville-state-rich-rodriguez-frustrated-after-first-fall-practice/10132996002/,7.00606373593777
min_k,member,https://www.gadsdentimes.com/story/sports/high-school/football/2022/08/26/alabama-high-school-football-scores-live-updates-gadsden-week-1/10297303002/,5.807557821273804
min_k,member,https://www.gadsdentimes.com/story/sports/high-school/baseball/2022/05/16/poll-gadsden-area-boys-high-school-athlete-week-voting/9763857002/,6.167217537908271
min_k,member,https://www.gadsdentimes.com/story/opinion/columns/2022/06/04/turmoil-and-poor-leadership-united-states/7499983001/,7.498261947257846
min_k,member,https://www.gadsdentimes.com/story/opinion/columns/2022/06/12/elaine-h-spearman-speech-and-consequences/7558111001/,7.948152047451411
min_k,member,https://www.gadsdentimes.com/restricted/?return=https%3A%2F%2Fwww.gadsdentimes.com%2Fstory%2Fnews%2F2022%2F05%2F27%2Fetowah-county-vote-can-primary-election-2022-plagued-ballot-questions-made-right%2F9943723002%2F,0.5672795069142011
min_k,member,https://www.gadsdentimes.com/story/news/2022/08/23/gadsden-property-tax-millage-leave-school-system-1-million-short/7832852001/,7.055517801096742
min_k,member,https://www.gadsdentimes.com/story/news/2022/05/02/prison-escapee-kyle-captured/9615773002/,5.895223327305006
min_k,member,https://www.gadsdentimes.com/story/news/politics/elections/local/2022/08/15/gadsden-district-1-city-council-2022-meet-candidates-q-a/10090126002/,6.968394819427939
min_k,member,https://www.gadsdentimes.com/story/news/2022/06/17/albertville-plant-dedicates-memorial-employees-slain-one-year-ago/7651946001/,6.994892799377442
min_k,member,https://www.gadsdentimes.com/story/news/2022/08/04/here-five-takeaways-etowah-county-commissions-meeting/10212867002/,7.874080340067546
min_k,member,https://www.gadsdentimes.com/story/news/2022/07/25/covid-19-alabama-2022-07-25-etowah-county/65381513007/,2.915116824115617
min_k,member,https://www.gadsdentimes.com/story/news/2022/07/28/glencoe-man-dies-motorcycle-crash-i-59/10172235002/,6.825174794477575
min_k,member,https://www.gadsdentimes.com/story/news/2022/08/17/talladega-national-forest-shooting-camp-kid-gun-camping-adam-simjee/10350046002/,6.6668357965422835
min_k,member,https://www.gadsdentimes.com/story/news/2022/08/30/gadsden-interstate-759-new-eastern-connector-route-plan-unveiled/65419651007/,7.710659045851632
min_k,member,https://www.gadsdentimes.com/restricted/?return=https%3A%2F%2Fwww.gadsdentimes.com%2Fstory%2Fnews%2F2022%2F06%2F03%2Fproject-venue-offer-shared-coworking-space-boost-businesses%2F7483481001%2F,0.698586942403031
min_k,member,https://www.gadsdentimes.com/story/news/2022/05/09/casey-white-custody-vicky-white-hospitalized-after-chase-indiana/9709718002/,6.602869932992117
min_k,member,https://www.gadsdentimes.com/story/opinion/columns/2022/06/18/airport-needs-grant-money-people-with-expertise/7635497001/,7.413624293213591
min_k,member,https://www.gadsdentimes.com/story/news/2022/05/27/gadsden-city-council-covers-numerous-topics-latest-meeting/9908958002/,7.063806954552145
min_k,member,https://www.gadsdentimes.com/story/news/politics/elections/2022/05/24/alabama-primary-election-results-2022-etowah-sheriff-jonathon-horton/9860458002/,7.648109031760174
min_k,member,https://www.gadsdentimes.com/story/news/2022/07/06/anniston-man-kidnapping-suspect-custody-probe-continues/7821254001/,6.903725448962861
min_k,member,https://www.gadsdentimes.com/story/lifestyle/columns/2022/09/08/david-murdock-on-the-lords-opportune-time/65471171007/,7.645455028861761
min_k,member,https://www.gadsdentimes.com/story/news/2022/08/23/i-759-gadsden-al-project-learn-more-speak-out-aldot-meeting/7866201001/,6.900783043873461
min_k,member,https://www.gadsdentimes.com/story/news/2022/05/10/gadsden-state-community-college-valley-street-campus-summer-youth-camp/9716173002/,6.973875105381012
min_k,member,https://www.gadsdentimes.com/story/news/2022/07/27/michael-mccartney-gadsden-al-dies-former-auburn-university-board-trustee/10167060002/,6.843145050183691
min_k,member,https://www.gadsdentimes.com/story/opinion/columns/2022/06/25/john-floyd-proposed-runway-expansion-airport/7707243001/,7.495321820835172
min_k,member,https://www.gadsdentimes.com/story/opinion/columns/2022/04/09/john-floyd-recalls-playing-augusta-national/9513732002/,6.751256598227935
min_k,member,https://www.gadsdentimes.com/restricted/?return=https%3A%2F%2Fwww.gadsdentimes.com%2Fstory%2Fnews%2F2022%2F05%2F04%2Fetowah-jail-inmates-families-ask-how-inmates-get-access-drugs%2F9620457002%2F,0.34859477543226525
min_k,member,https://www.gadsdentimes.com/story/lifestyle/columns/2022/09/15/david-murdock-welcomes-the-arrival-of-fall/69494058007/,7.542171331552359
min_k,member,https://www.gadsdentimes.com/story/news/2022/09/17/did-post-of-personal-id-information-campaign-lead-fraud-attempt/69497451007/,7.5099074638496015
min_k,member,https://www.gadsdentimes.com/restricted/?return=https%3A%2F%2Fwww.gadsdentimes.com%2Fstory%2Fnews%2F2022%2F04%2F03%2Fetowah-county-alabama-end-ice-detention-center-contract-no-layoffs-empty-jail-space%2F7219136001%2F,0.5611111548958275
min_k,member,https://www.gadsdentimes.com/story/news/2022/04/17/alabama-remote-area-medical-clinic-first-gadsden-city-high-school/7330606001/,7.007336353315675
min_k,member,https://www.gadsdentimes.com/story/news/2022/04/01/gadsden-humane-society-pet-rescue-and-adoption-center-hosting-full-house-frenzy-weekend-sale-dogs/7244673001/,6.841917770249503
min_k,member,https://www.gadsdentimes.com/story/news/2022/08/31/whole-backstage-black-tie-christmas-2022-how-to-get-involved/65464125007/,7.172820314184412
min_k,member,https://www.gadsdentimes.com/story/news/2022/05/02/cinco-de-mayo-much-more-than-holiday-excuse-people-party/9507121002/,7.161981013884027
min_k,member,https://www.gadsdentimes.com/story/news/2022/06/28/parade-highlights-rain-lgbtq-pride-event-gadsden/7755811001/,9.48855260014534
min_k,member,https://www.gadsdentimes.com/story/news/2022/05/30/party-over-southside-police-find-guns-drugs-graduation-party/9992387002/,6.647430981619883
min_k,member,https://www.gadsdentimes.com/story/news/2022/05/31/latest-batch-gadsden-state-students-study-work-apprentices/9934550002/,7.646814363974112
min_k,member,https://www.gadsdentimes.com/story/news/2022/08/26/united-way-of-etowah-county-calling-on-community-to-invest-influence/65419640007/,7.258424488045055
min_k,member,https://www.gadsdentimes.com/story/news/2022/07/06/ema-grant-garbage-pickup-among-gadsden-city-council-meeting-topics/7810777001/,7.277836036682129
min_k,member,https://www.gadsdentimes.com/story/news/2022/05/05/vicky-white-and-casey-white-history-examined-lauderdale-county-alabama-al-jailbreak-investigation/9658645002/,7.307006799568565
min_k,member,https://www.gadsdentimes.com/story/news/2022/04/22/harvesting-rainwater-barrels/7397054001/,7.472226123617153
min_k,member,https://www.gadsdentimes.com/story/opinion/columns/2022/07/17/aug-23-critical-day-gadsdens-future/10044035002/,7.46435365369243
min_k,member,https://www.gadsdentimes.com/story/sports/high-school/soccer/2022/04/26/ahsaa-soccer-pairings-schedules-gadsden-area-teams/9539423002/,6.087641948229306
min_k,member,https://www.gadsdentimes.com/story/news/2022/09/09/etowah-county-lawyer-face-charges-theft-tax-evasion-false-statements/68204779007/,5.686426888341489
min_k,member,https://www.gadsdentimes.com/story/news/2022/08/08/gadsden-al-covid-tracker/65394993007/,3.1696097343545224
min_k,member,https://www.gadsdentimes.com/story/news/2022/06/15/municipalities-retaining-employees-jobs-staffing-stable/7608708001/,7.032714667440462
min_k,member,https://www.gadsdentimes.com/story/news/2022/04/23/police-fire-departments-respond-attalla-blaze-one-person-dies/7426862001/,6.301457637832279
min_k,member,https://www.gadsdentimes.com/story/news/2022/04/28/hsprac-host-bark-park-saturday/9572832002/,7.436308562755585
min_k,member,https://www.gadsdentimes.com/story/opinion/columns/2022/09/03/john-f-floyd-talks-about-lack-of-leadership-in-us/65470360007/,7.829671854748152
min_k,member,https://www.gadsdentimes.com/story/news/2022/08/01/dekalb-county-al-wreck-motorcycle-crash-jerome-m-banks-jr/10201625002/,6.390974846753207
min_k,member,https://www.gadsdentimes.com/story/news/2022/04/11/blount-county-man-killed-crash-sunday-four-others-injured/7278312001/,5.572152977639979
min_k,member,https://www.gadsdentimes.com/story/opinion/columns/2022/05/07/john-floyd-looks-putins-nuclear-threats/9674167002/,7.804893545585103
min_k,member,https://www.gadsdentimes.com/story/sports/high-school/baseball/2022/05/18/ahsaa-baseball-etowah-baseball-shows-resiliency-state-championship-series/9825429002/,6.62381503234307
min_k,member,https://www.gadsdentimes.com/story/sports/high-school/softball/2022/05/16/poll-gadsden-area-girls-high-school-athlete-week-voting/9763805002/,6.175242594083151
min_k,member,https://www.gadsdentimes.com/story/news/politics/elections/2022/05/19/etowah-county-board-education-place-5-doug-sherrod-lucas-hallmark/9821997002/,6.729841770127762
min_k,member,https://www.gadsdentimes.com/story/news/2022/06/23/etowah-county-outdoors-prosper-post-pandemic-world/7470098001/,7.2857003345667755
min_k,member,https://www.gadsdentimes.com/story/news/2022/06/16/ashley-m-jones-alabama-poet-laureate-poems-poetry-gadsden-gscc/7633983001/,8.121868338951698
min_k,member,https://www.gadsdentimes.com/story/lifestyle/columns/2022/06/02/david-murdock-lifes-abiding-joys-sharing-comic-strip/7469427001/,7.200659312185694
min_k,member,https://www.gadsdentimes.com/story/sports/high-school/softball/2022/05/09/poll-gadsden-area-girls-high-school-athlete-week-voting/9675511002/,6.147886082723543
min_k,member,https://www.gadsdentimes.com/story/news/2022/06/13/gadsden-attorney-myron-allenstein-honored-flags-half-mast/7616748001/,7.071434259414673
min_k,member,https://www.gadsdentimes.com/story/sports/high-school/football/2022/07/25/al-high-school-football-25-questions-gadsden-area-2022/10124367002/,7.055769071057068
min_k,member,https://www.gadsdentimes.com/story/news/2022/05/31/etowah-county-election-results-2022-candidates-contest-primary/7452140001/,7.287686487693926
min_k,member,https://www.gadsdentimes.com/story/opinion/columns/2022/07/02/john-f-floyd-what-american-flag-means/7772172001/,7.375408556461334
min_k,member,https://www.gadsdentimes.com/story/news/2022/04/05/etowah-county-animals-lana-bellew-seeks-spay-and-neuter-help/7178343001/,7.164234684427404
min_k,member,https://www.gadsdentimes.com/story/news/2022/06/28/i-20-st-clair-county-crash-leaves-georgia-man-dead/7754485001/,6.600679164237165
min_k,member,https://www.gadsdentimes.com/restricted/?return=https%3A%2F%2Fwww.gadsdentimes.com%2Fstory%2Fsports%2Fhigh-school%2Fsoccer%2F2022%2F06%2F20%2Fgadsden-times-all-area-girls-soccer-team-2022%2F7567089001%2F,0.5390802770505062
min_k,member,https://www.gadsdentimes.com/story/news/2022/07/01/4th-of-july-fireworks-fun-but-safety-foremost-concert-holiday/7776524001/,7.035098468385091
min_k,member,https://www.gadsdentimes.com/story/news/2022/08/05/alabama-highway-77-blocked-between-southside-and-ohatchee/10245554002/,7.219948670220753
min_k,member,https://www.gadsdentimes.com/story/news/2022/06/13/rainbow-city-police-say-they-arent-involved-survey-letters/7608015001/,7.67517322717711
min_k,member,https://www.gadsdentimes.com/story/news/2022/08/01/albertville-pedestrian-struck-vehicle-killed-monday/10203715002/,6.46396372795105
min_k,member,https://www.gadsdentimes.com/restricted/?return=https%3A%2F%2Fwww.gadsdentimes.com%2Fstory%2Fnews%2F2022%2F06%2F10%2Fgadsden-schools-al-superintendent-talks-intruder-incident-emphasize-locking-doors%2F7580552001%2F,0.5629431392984164
min_k,member,https://www.gadsdentimes.com/story/news/2022/08/01/gadsden-covid-numbers-this-week/65387857007/,3.1891173693347032
min_k,member,https://www.gadsdentimes.com/story/opinion/columns/2022/07/16/john-floyd-recalls-landing-on-takeoff-naval-carrier/10043940002/,7.694948501311815
min_k,member,https://www.gadsdentimes.com/story/sports/high-school/baseball/2022/04/26/ahsaa-baseball-pairings-schedules-gadsden-area-teams/9539067002/,5.383234712812635
min_k,member,https://www.gadsdentimes.com/story/news/2022/05/11/u-s-11-antique-alley-sale-brings-sellers-buyers-north-south-route/9724947002/,7.659962822528596
min_k,member,https://www.gadsdentimes.com/story/sports/high-school/2022/05/14/ahsaa-baseball-softball-and-soccer-scores-gadsden-area-teams/9675706002/,5.623406093668294
min_k,member,https://www.gadsdentimes.com/story/news/2022/06/28/gscc-scholarship-named-past-cardinal-foundation-presidents/7726017001/,7.011696278102814
min_k,member,https://www.gadsdentimes.com/story/sports/college/2022/06/27/gadsden-state-athletics-director-blake-lewis-ready-lead-program/7655749001/,6.2667621754142395
min_k,member,https://www.gadsdentimes.com/story/news/2022/04/22/hokes-bluff-crash-kills-truck-driver-closes-u-s-278-east-hours/7419260001/,7.80245597912715
min_k,member,https://www.gadsdentimes.com/story/news/2022/06/02/former-executive-gadsden-times-writes-novel-experiences/9926478002/,7.455555335023349
min_k,member,https://www.gadsdentimes.com/story/news/2022/04/11/pet-week-april-11/9512363002/,6.746158430311415
min_k,member,https://www.gadsdentimes.com/story/news/2022/06/08/residents-express-concerns-over-countys-road-access-policy/9999773002/,7.121062379946812
min_k,member,https://www.gadsdentimes.com/story/news/2022/05/13/attalla-museum-display-rich-history-land-town-and-people/9708923002/,7.211231225157437
min_k,member,https://www.gadsdentimes.com/story/sports/high-school/football/2022/08/22/ahsaa-football-vote-athlete-week-gadsden-area/10297240002/,6.484766596614724
min_k,member,https://www.gadsdentimes.com/story/news/2022/05/30/interactive-gym-hit-gadsdens-adams-floyd-elementary-schools/9809986002/,7.3438124332298225
min_k,member,https://www.gadsdentimes.com/story/opinion/columns/2022/09/10/taxpayers-on-the-hook-for-airports-losses/66997627007/,7.153276871869909
min_k,member,https://www.gadsdentimes.com/story/news/2022/07/15/tickets-sale-original-play-wounds-wont-heal-sunday/10062194002/,7.739407242208287
min_k,member,https://www.gadsdentimes.com/story/news/2022/07/11/gadsden-other-local-locations-taking-part-tax-free-holiday-july/7810973001/,7.002729840278626
min_k,member,https://www.gadsdentimes.com/story/sports/high-school/soccer/2022/04/08/jacksonville-state-bound-camryn-davis-and-alana-morton-leading-southside-girls-soccer/7244586001/,6.662455168876859
min_k,member,https://www.gadsdentimes.com/story/news/2022/04/26/100th-birthday-celebration/7440552001/,7.241938227698917
min_k,member,https://www.gadsdentimes.com/story/news/2022/05/16/gadsden-animal-control-advocates-want-tackle-over-population-issue/9760222002/,7.405510545659948
min_k,member,https://www.gadsdentimes.com/story/news/2022/06/23/gadsden-man-faces-assault-robbery-and-drug-charges-following-attack/7710266001/,5.597032542886405
min_k,member,https://www.gadsdentimes.com/story/news/2022/04/08/benefits-walking/9497202002/,6.602242824507923
min_k,member,https://www.gadsdentimes.com/story/news/2022/05/04/theatre-gadsden-sound-music-show-ends-friday-saturday/9652223002/,6.95709161957105
min_k,member,https://www.gadsdentimes.com/story/news/2022/04/12/easter-meal-recipes-favorite-cooks-gadsden-alabama-southern-food/7274254001/,6.37836689154307
min_k,member,https://www.gadsdentimes.com/story/news/2022/06/13/gecema-stay-safe-heat-indices-soar/7612554001/,7.007198504287831
min_k,member,https://www.gadsdentimes.com/story/news/2022/05/12/honors-saturday-revolutionary-war-vet-buried-cherokee-county/9744058002/,7.503163547839149
min_k,member,https://www.gadsdentimes.com/story/sports/high-school/softball/2022/05/20/ahsaa-state-softball-tournament-how-gadsden-area-teams-performed/9833854002/,6.673814017772674
min_k,member,https://www.gadsdentimes.com/story/news/2022/06/21/big-brothers-big-sisters-40-years-one-one-mentoring-youth/7647512001/,7.597839768848492
min_k,member,https://www.gadsdentimes.com/story/news/2022/04/25/pet-week-april-25/7410856001/,7.011266578327525
min_k,member,https://www.gadsdentimes.com/story/news/2022/09/08/etowah-county-approves-body-cameras-tasers-purchase-sheriffs-office/65742766007/,7.067423707560489
min_k,member,https://www.gadsdentimes.com/story/news/2022/04/26/gadsden-firefighters-respond-heavy-fire-south-fourth-street-house/7451372001/,7.410323003927867
min_k,member,https://www.gadsdentimes.com/story/news/2022/04/22/do-you-know-who-killed-jahiem-embry-reward-offers-talladega-case/7397383001/,5.691377918599016
min_k,member,https://www.gadsdentimes.com/story/sports/high-school/baseball/2022/04/08/ahsaa-baseball-etowah-using-running-game-leap-toward-big-season/7244636001/,7.0989791961487185
min_k,member,https://www.gadsdentimes.com/story/news/2022/08/11/phase-1-gadsden-sports-park-officially-open/10276545002/,6.830985449574476
min_k,member,https://www.gadsdentimes.com/story/news/2022/05/02/honoring-larry-keener/9616149002/,6.706652243932088
min_k,member,https://www.gadsdentimes.com/story/news/2022/04/09/gadsden-murder-case-ends-life-sentence-2016-shooting-death/9518470002/,6.464401127862149
min_k,member,https://www.gadsdentimes.com/story/news/2022/07/18/etowah-county-covid-tracker/65375524007/,3.480738446151592
min_k,member,https://www.gadsdentimes.com/restricted/?return=https%3A%2F%2Fwww.gadsdentimes.com%2Fstory%2Fnews%2F2022%2F05%2F25%2Fgadsden-pediatric-clinic-marks-50th-anniversary-practice%2F9900399002%2F,0.5672795069142011
min_k,member,https://www.gadsdentimes.com/story/sports/college/football/2022/07/22/jacksonville-state-football-rich-rodriguez-making-early-impression-players/10132592002/,6.685330811336901
min_k,member,https://www.gadsdentimes.com/story/news/2022/06/09/gadsden-school-shooting-what-we-know/7570712001/,7.111447444860486
min_k,member,https://www.gadsdentimes.com/story/news/2022/05/30/gadsden-resident-dies-crash-monday-morning-us-highway-411/9997100002/,5.812189077508861
min_k,member,https://www.gadsdentimes.com/story/sports/high-school/soccer/2022/04/28/ahsaa-girls-soccer-ziniah-hardy-leads-southside-defense/7406219001/,6.498746260829355
min_k,member,https://www.gadsdentimes.com/story/news/2022/07/14/gadsden-police-bomb-squad-george-wallace-drive-coosa-river-rescue/10063159002/,7.309881407281627
min_k,member,https://www.gadsdentimes.com/story/news/2022/09/02/jacksonville-shooting-trenton-medders-murder-charges-justin-racca-ashley-duggan/65469767007/,6.550679552686083
min_k,member,https://www.gadsdentimes.com/story/news/2022/08/12/back-to-school-united-ways-kindergarten-first-time-students-success/10288486002/,7.14226172297134
min_k,member,https://www.gadsdentimes.com/story/news/politics/elections/2022/05/24/alabama-primary-election-results-house-district-29-jamie-grant-mark-gidley/9860508002/,7.035283522946494
min_k,member,https://www.gadsdentimes.com/story/sports/college/football/2022/07/22/jacksonville-state-football-rich-rodriguez-talks-asun-conference-media-day/10063183002/,6.436388810475667
min_k,member,https://www.gadsdentimes.com/story/lifestyle/columns/2022/05/12/david-murdock-column-a-code-by-any-other-name-is-still-shorthand/9656712002/,7.730720071565537
min_k,member,https://www.gadsdentimes.com/story/sports/high-school/soccer/2022/04/30/ahsaa-boys-soccer-westbrook-christian-boys-soccer-earns-first-playoff-win/9574301002/,6.633558805476236
min_k,member,https://www.gadsdentimes.com/story/news/2022/08/10/gadsden-etowah-film-office-hold-orientation-meeting-aug-17/10216297002/,7.274331192060702
min_k,member,https://www.gadsdentimes.com/story/sports/high-school/softball/2022/04/26/poll-gadsden-area-girls-high-school-athlete-third-week-april/7383215001/,6.718659513315577
min_k,member,https://www.gadsdentimes.com/story/news/2022/08/25/five-things-to-do-in-the-gadsden-area-this-weekend-next-weekend/65418637007/,7.749005919755107
min_k,member,https://www.gadsdentimes.com/story/news/2022/05/02/former-shelter-dog-liam-adjusts-new-home/9568842002/,6.350507338371503
min_k,member,https://www.gadsdentimes.com/story/lifestyle/columns/2022/08/25/david-murdock-on-oh-that-reminds-me/10351612002/,6.943058456283018
min_k,member,https://www.gadsdentimes.com/story/sports/high-school/golf/2022/04/22/ahsaa-alabama-high-school-golf-postseason-etowah-county/7328901001/,6.667911272200327
min_k,member,https://www.gadsdentimes.com/story/news/2022/04/01/extension-service-sets-4-h-pig-squeal-show-sale/7231080001/,7.551972242918882
min_k,member,https://www.gadsdentimes.com/story/news/2022/07/22/jacksonville-state-trustees-address-housing-shortage/10099626002/,6.86778780529576
min_k,member,https://www.gadsdentimes.com/story/news/2022/04/08/national-walking-day-health-benefits-exercise-spring/9497202002/,6.602242824507923
min_k,member,https://www.gadsdentimes.com/story/news/2022/04/07/southside-high-students-see-affects-drunk-driving-mock-dui-crash/9482373002/,7.530763865927972
min_k,member,https://www.gadsdentimes.com/restricted/?return=https%3A%2F%2Fwww.gadsdentimes.com%2Fstory%2Fnews%2F2022%2F04%2F27%2Fjenkins-buys-out-harp-fulfilling-duos-plans-harp-clover-nola%2F7363497001%2F,0.5568018293102236
min_k,member,https://www.gadsdentimes.com/story/news/2022/07/21/southside-elementary-site-police-fire-training/10118127002/,6.913383889198303
min_k,member,https://www.gadsdentimes.com/story/news/2022/06/28/jacksonville-state-university-lives-vikings-leads-scientists-iceland-month-long-study/7727004001/,7.941505295889718
min_k,member,https://www.gadsdentimes.com/story/sports/high-school/golf/2022/04/28/ahsaa-golf-waldo-shirts-give-westbrook-christian-boys-good-luck/9539034002/,7.038302446376382
min_k,member,https://www.gadsdentimes.com/restricted/?return=https%3A%2F%2Fwww.gadsdentimes.com%2Fstory%2Fsports%2Fhigh-school%2Fsoccer%2F2022%2F06%2F16%2Fmeet-2022-gadsden-times-all-area-boys-soccer-team%2F7567009001%2F,0.5629431392984164
min_k,member,https://www.gadsdentimes.com/story/news/2022/09/17/five-things-know-about-gadsdens-mayor-council-form-of-government/65983062007/,5.90401828289032
min_k,member,https://www.gadsdentimes.com/story/news/2022/09/01/gadsden-loses-friends-of-the-city-with-passing-of-attorney-volunteer/65466063007/,7.494711772050008
min_k,member,https://www.gadsdentimes.com/story/news/2022/06/11/rainbow-city-crime-spree-ends-one-dead-one-injured-house-burned/7591743001/,7.484014376727018
min_k,member,https://www.gadsdentimes.com/restricted/?return=https%3A%2F%2Fwww.gadsdentimes.com%2Fstory%2Fsports%2Fhigh-school%2Fbaseball%2F2022%2F05%2F26%2Fhigh-school-baseball-best-moments-bold-predictions-gadsden-area-high-school%2F9868063002%2F,0.5672795069142011
min_k,member,https://www.gadsdentimes.com/story/news/2022/05/09/snead-state-announces-new-career-tech-center/9630425002/,6.79743925915208
min_k,member,https://www.gadsdentimes.com/story/news/2022/04/21/commissioners-congratulate-robotic-teams-county/7368705001/,7.308474090217885
min_k,member,https://www.gadsdentimes.com/story/news/2022/07/22/walnut-park-iglesia-renovacion-carismatica-church-damaged-fire/10126104002/,7.113312216692193
min_k,member,https://www.gadsdentimes.com/story/news/2022/06/09/hokes-bluff-mayor-cautions-people-part-city-dont-drink-water/7565929001/,7.116776997043241
min_k,member,https://www.gadsdentimes.com/story/news/2022/07/21/covid-leads-big-river-postponement-shows-rescheduled/10120025002/,6.541083269431943
min_k,member,https://www.gadsdentimes.com/story/news/2022/09/08/gda-covid-19-state-2022-09-05-al-ntgt/65473194007/,2.938995299947875
min_k,member,https://www.gadsdentimes.com/story/business/2022/05/02/2022-gadsden-readers-choice-awards-nominations/9614722002/,2.4945426368858756
min_k,member,https://www.gadsdentimes.com/story/sports/college/football/2022/08/01/jacksonville-state-football-stevontae-tullis-one-defensive-leaders/10166074002/,6.540202246155849
min_k,member,https://www.gadsdentimes.com/story/news/politics/elections/2022/05/24/alabama-election-results-2022-etowah-board-education-5-doug-sherrod/9860520002/,6.985582740683305
min_k,member,https://www.gadsdentimes.com/story/news/2022/09/08/gadsden-area-homes-for-sale-price-august-listings-alabama/65474187007/,2.3232183192661147
min_k,member,https://www.gadsdentimes.com/story/news/2022/07/19/hsprac-gadsden-participate-community-thrives-fundraising-event/10059686002/,6.969916706499846
min_k,member,https://www.gadsdentimes.com/story/news/2022/06/02/vibe-returns-pitman-theatre/7459348001/,7.726187864939372
min_k,member,https://www.gadsdentimes.com/restricted/?return=https%3A%2F%2Fwww.gadsdentimes.com%2Fstory%2Fnews%2F2022%2F06%2F01%2Fmuscadine-bloodline-gadsden-concert-bash-on-the-bend%2F9897429002%2F,0.5672795069142011
min_k,member,https://www.gadsdentimes.com/story/sports/high-school/softball/2022/04/18/ahsaa-sports-poll-gadsden-area-girls-high-school-athlete-week/7328895001/,6.481893806922726
min_k,member,https://www.gadsdentimes.com/story/opinion/columns/2022/05/22/candidates-loyalty-trump-frightening/9827109002/,8.03572333386514
min_k,member,https://www.gadsdentimes.com/story/news/2022/08/19/extension-office-offers-fire-ant-workshop/10357179002/,7.921563495760378
min_k,member,https://www.gadsdentimes.com/story/sports/high-school/2022/05/06/ahsaa-baseball-playoffs-etowah-reaches-alabama-high-school-semifinals/9589644002/,6.4861371882640535
min_k,member,https://www.gadsdentimes.com/restricted/?return=https%3A%2F%2Fwww.gadsdentimes.com%2Fstory%2Fsports%2Fhigh-school%2Fsoftball%2F2022%2F06%2F13%2Fall-etowah-county-high-school-softball-teams-2022-season%2F7530116001%2F,0.5629431392984164
min_k,member,https://www.gadsdentimes.com/story/lifestyle/columns/2022/09/01/david-murdock-on-experiencing-lord-of-the-rings-film-trilogy/65466922007/,7.0602598096071025
min_k,member,https://www.gadsdentimes.com/story/news/2022/09/14/gadsden-budget-approved-gives-better-raise-to-some-in-higher-ranks/69491553007/,7.180606284894441
min_k,member,https://www.gadsdentimes.com/restricted/?return=https%3A%2F%2Fwww.gadsdentimes.com%2Fstory%2Fnews%2F2022%2F05%2F04%2Fetowah-county-inaugural-asd-conference-together-we-can-make-a-difference-parag-sanctuary%2F9554312002%2F,0.34859477543226525
min_k,member,https://www.gadsdentimes.com/story/news/2022/04/15/master-gardener-plant-sale-tap/7317967001/,6.797560334205627
min_k,member,https://www.gadsdentimes.com/picture-gallery/news/2022/08/04/worlds-longest-yard-sale-starts-thursday-august-4-2022/10240203002/,9.718058395385743
min_k,member,https://www.gadsdentimes.com/story/news/2022/06/22/commissioners-approve-repaving-measures-appalachian-highway/7688098001/,6.748300423056392
min_k,member,https://www.gadsdentimes.com/story/news/2022/08/09/variety-music-gadsden-symphony-orchestra-played-gchs/10228073002/,6.513642912325651
min_k,member,https://www.gadsdentimes.com/story/news/2022/05/06/habitat-dragon-boat-festival-returns-coosa-river-august/9620926002/,6.911911814899768
min_k,member,https://www.gadsdentimes.com/story/sports/2022/05/15/ahsaa-state-baseball-champiosnhips-2022-high-school-schedule-alabama-jacksonville-state-oxford-title/9789599002/,5.13537845529359
min_k,member,https://www.gadsdentimes.com/story/opinion/columns/2022/08/27/opinion-voters-change-in-gadsden-alabama/7865584001/,7.7436474488706
min_k,member,https://www.gadsdentimes.com/story/news/politics/elections/local/2022/09/16/a-look-at-mayoral-contender-heather-new/69486948007/,7.0503031459260495
min_k,member,https://www.gadsdentimes.com/story/news/2022/04/27/cleveland-man-killed-two-vehicle-crash-near-guntersville/9549130002/,5.5114524731269245
min_k,member,https://www.gadsdentimes.com/story/opinion/columns/2022/05/21/john-f-floyd-revisits-airport-controversies/9843422002/,6.914030680163154
min_k,member,https://www.gadsdentimes.com/story/news/2022/07/29/58-year-old-gallant-woman-died-thursday-single-vehicle-crash/10187305002/,6.328701166006235
min_k,member,https://www.gadsdentimes.com/story/sports/college/2022/09/03/jacksonville-state-football-score-updates-davidson-wildcats/65464560007/,5.853859285028969
min_k,member,https://www.gadsdentimes.com/story/news/2022/04/09/gadsden-teen-surprised-two-year-scholarship-gscc/9501080002/,6.506020210529196
min_k,member,https://www.gadsdentimes.com/story/news/2022/04/17/interstate-59-crash-closes-all-lanes-roadway-st-clair-county-alabama/7349856001/,6.779672104379405
min_k,member,https://www.gadsdentimes.com/story/news/2022/06/01/piedmont-police-say-accused-mobile-home-crasher-injured-fight-after/7469533001/,7.301934880476732
min_k,member,https://www.gadsdentimes.com/story/opinion/columns/2022/06/05/elaine-harris-spearman-election-challenges/7462167001/,8.187705130253024
min_k,member,https://www.gadsdentimes.com/restricted/?return=https%3A%2F%2Fwww.gadsdentimes.com%2Fstory%2Fnews%2F2022%2F04%2F13%2Fretirement-book-gadsden-citys-stewart-dishes-busy-time%2F9490846002%2F,0.5611111548958275
min_k,member,https://www.gadsdentimes.com/story/news/2022/04/20/gadsden-other-area-responders-continue-search-drowning-victim/7380986001/,7.591181442141533
min_k,member,https://www.gadsdentimes.com/story/news/2022/04/13/no-drivers-licenses-issued-next-week-alabama/7291230001/,7.1215604290817724
min_k,member,https://www.gadsdentimes.com/story/news/politics/2022/09/15/gadsden-mayoral-election-candidates-craig-ford-heather-brothers-new-debate/69496303007/,8.59158705174923
min_k,member,https://www.gadsdentimes.com/story/news/2022/09/02/southside-vehicle-motorcycle-crash-results-in-fatality-of-man/65469092007/,5.906464790952379
min_k,member,https://www.gadsdentimes.com/story/news/2022/07/14/albertville-al-fire-todd-ridge-road-death-7-year-old/10063487002/,6.075137694676717
min_k,member,https://www.gadsdentimes.com/story/news/2022/08/06/commercial-vehicle-crashes-goes-up-flames-59/10258790002/,5.550465288369552
min_k,member,https://www.gadsdentimes.com/story/news/2022/06/27/gadsdenareahomesforsalepricemaylistingsalabama/65359298007/,2.502333471910602
min_k,member,https://www.gadsdentimes.com/story/news/2022/08/23/election-results-gadsden-municipal-election-2022/7880181001/,6.82399716172167
min_k,member,https://www.gadsdentimes.com/story/news/2022/04/28/may-art-exhibits-gadsden-museum-art/7442689001/,8.48202428817749
min_k,member,https://www.gadsdentimes.com/story/sports/2022/05/27/softball-team-usa-play-exhibition-games-choccolocco-park-july/9966361002/,6.400573031769858
min_k,member,https://www.gadsdentimes.com/story/lifestyle/columns/2022/07/28/david-murdock-discusses-his-least-favorite-household-chore-laundry/10166803002/,7.382341542610756
min_k,member,https://www.gadsdentimes.com/story/lifestyle/columns/2022/04/24/david-murdock-looks-poetry-special-language/7383064001/,7.330035635726987
min_k,member,https://www.gadsdentimes.com/story/sports/high-school/baseball/2022/05/07/ahsaa-soccer-westbrook-christian-beats-guntersville-quarterfinal/9589680002/,6.907793671075551
min_k,member,https://www.gadsdentimes.com/story/news/2022/07/24/hometown-heroes-event-glencoe-recognizes-those-who-serve-protect/10108731002/,7.231712237993876
min_k,member,https://www.gadsdentimes.com/story/news/2022/04/06/sylvania-man-charged-fatal-hit-and-run-crash-near-geraldine/9491734002/,5.668000512123108
min_k,member,https://www.gadsdentimes.com/story/news/2022/05/04/mothers-day-weekend-sees-latest-local-first-friday-event/9576800002/,6.765030936190956
min_k,member,https://www.gadsdentimes.com/story/news/2022/09/01/southside-officials-plan-extensively-for-road-projects-disruptions/65465847007/,7.138770576759621
min_k,member,https://www.gadsdentimes.com/story/news/2022/06/03/blind-boys-alabama-julius-love-grammys-blessings-bandmate-passing/9839407002/,6.72001662606859
min_k,member,https://www.gadsdentimes.com/story/news/2022/08/03/back-school-etowah-county-schools-make-preparations/10152566002/,6.422947228871859
min_k,member,https://www.gadsdentimes.com/story/news/2022/07/11/pedestrian-killed-albertville-highway-431/10027923002/,5.151086005297574
min_k,member,https://www.gadsdentimes.com/story/news/politics/elections/local/2022/08/17/gadsden-alabama-politics-city-council-district-2-2022-politicians/10219498002/,7.011695406432045
min_k,member,https://www.gadsdentimes.com/story/news/2022/06/30/gadsden-al-womens-reproductive-rights-march-scheduled-saturday/7777104001/,6.107349939835378
min_k,member,https://www.gadsdentimes.com/story/news/2022/04/11/capital-improvements-underway-gscc/9495794002/,6.9222346368383185
min_k,member,https://www.gadsdentimes.com/story/sports/college/football/2022/07/26/rich-rodriguez-nil-i-think-college-football-danger-right-now/10156971002/,6.641735877563704
min_k,member,https://www.gadsdentimes.com/story/opinion/columns/2022/06/26/toxicity-taking-its-toll-political-realm/7701683001/,7.784717948188609
min_k,member,https://www.gadsdentimes.com/story/news/2022/04/08/whats-going-gadsden-area-here-few-things/7168437001/,7.478831768035889
min_k,member,https://www.gadsdentimes.com/story/news/2022/05/16/former-etowah-jailer-sentenced-calhoun-co-faces-contraband-charge/9731680002/,7.004933963219325
min_k,member,https://www.gadsdentimes.com/story/news/2022/08/04/city-gadsden-oks-one-time-bonus-retirees-coming-october/10228288002/,6.61886598185489
min_k,member,https://www.gadsdentimes.com/story/news/2022/06/09/gadsden-eye-associates-jacksonville-al-open-second-location/7557084001/,6.597205378792503
min_k,member,https://www.gadsdentimes.com/story/news/2022/05/15/rainbow-city-new-host-etowah-historical-society/9746771002/,6.055394637279021
min_k,member,https://www.gadsdentimes.com/story/news/2022/08/26/decatur-police-motorist-intentionally-hit-killed-woman-he-didnt-know/65459169007/,5.954001136448072
min_k,member,https://www.gadsdentimes.com/story/news/2022/07/28/talladega-county-2013-cold-case-suspect-charged-after-arrested-for-2022-attack/10168127002/,6.301286586009673
min_k,member,https://www.gadsdentimes.com/story/sports/2022/06/21/reita-clanton-olympic-star-despite-not-having-equal-opportunites/9838895002/,7.151920618682072
min_k,member,https://www.gadsdentimes.com/story/news/2022/06/27/childersburg-teen-killed-talladega-county-crash-coleman-bridge/7751062001/,4.97400152298712
min_k,member,https://www.gadsdentimes.com/story/news/2022/05/06/escape-how-lauderdale-county-jailer-alabama-corrections-officer-vicky-white-inmate-casey-white/9675820002/,6.541104934154412
min_k,member,https://www.gadsdentimes.com/story/news/2022/08/05/rainsville-man-killed-single-vehicle-crash-grey-suv-leaves-scene/10254313002/,6.125387082665654
min_k,member,https://www.gadsdentimes.com/story/sports/high-school/baseball/2022/04/23/opening-round-playoff-scores-westbrook-etowah-hokes-bluff-sweep/7399256001/,5.837100546176617
min_k,member,https://www.gadsdentimes.com/story/news/2022/05/10/police-unravel-details-lauderdale-escape-jailer-vicky-white-death-casey-white/9718490002/,6.621492056692801
min_k,member,https://www.gadsdentimes.com/story/news/2022/05/18/etowah-county-gop-breakfast-saturday/9830326002/,7.403326447804769
min_k,member,https://www.gadsdentimes.com/story/news/2022/04/28/gadsden-mans-death-jail-under-investigation/9568992002/,5.813983355249677
min_k,member,https://www.gadsdentimes.com/story/news/politics/elections/local/2022/08/31/provisional-ballots-for-gadsden-mayor-dont-change-election-outcome/65464689007/,8.291481374490141
min_k,member,https://www.gadsdentimes.com/story/news/2022/07/20/gadsden-rendering-plant-lawsuit-plaintiffs-drop-remaining-claims/10111808002/,8.058535884147467
min_k,member,https://www.gadsdentimes.com/story/opinion/columns/2022/09/11/elaine-harris-spearman-discusses-ministers-in-politics/66053387007/,7.697189623454832
min_k,member,https://www.gadsdentimes.com/story/news/2022/06/06/poet-laureate-national-miss-juneteenth-visit-gadsden-public-library/7462402001/,6.916010392540916
min_k,member,https://www.gadsdentimes.com/restricted/?return=https%3A%2F%2Fwww.gadsdentimes.com%2Fstory%2Fnews%2F2022%2F04%2F06%2Fhostel-attalla-alabama-its-there-and-its-something-see%2F7144441001%2F,0.5611111548958275
min_k,member,https://www.gadsdentimes.com/story/news/local/2022/05/02/lauderdale-county-alabama-escaped-inmate-casey-cole-white-corrections-officer-vicki-white/9615011002/,5.5038026932747135
min_k,member,https://www.gadsdentimes.com/story/news/politics/elections/local/2022/08/04/gadsden-district-4-city-council-2022-meet-candidates-goals-objectives/10219876002/,7.717061975994847
min_k,member,https://www.gadsdentimes.com/story/news/2022/05/18/gadsden-city-council-business-includes-approving-juneteenth-holiday/9807927002/,6.374222493753201
min_k,member,https://www.gadsdentimes.com/story/news/2022/07/11/etowah-county-mother-son-charged-theft-hospice-patient/10033828002/,7.351906164487203
min_k,member,https://www.gadsdentimes.com/story/sports/high-school/2022/09/17/gadsden-area-top-performers-for-week-4-of-high-school-football-ahsaa/68192917007/,6.690165087663008
min_k,member,https://www.gadsdentimes.com/story/sports/high-school/soccer/2022/05/09/ahsaa-soccer-pairings-schedules-final-four-huntsville/9675975002/,4.634366805040384
min_k,member,https://www.gadsdentimes.com/story/news/2022/08/03/diane-matthews-looks-back-50-years-attalla-city-schools/10183831002/,7.28920651479745
min_k,member,https://www.gadsdentimes.com/story/news/2022/09/12/gadsden-covid-numbers-death-this-week/69485890007/,3.007882168283686
min_k,member,https://www.gadsdentimes.com/story/sports/high-school/football/2022/08/19/alabama-high-school-football-gadsden-live-updates-scores-week-0/10297192002/,6.924182851435774
min_k,member,https://www.gadsdentimes.com/story/news/2022/04/16/grmc-hires-new-family-medicine-doctor/7305152001/,6.4586836610521585
min_k,member,https://www.gadsdentimes.com/story/lifestyle/columns/2022/07/07/david-murdock-reflects-effects-southern-heat/7820686001/,7.504770518157442
min_k,member,https://www.gadsdentimes.com/story/sports/high-school/football/2022/04/14/dre-kirkpatrick-jr-emerging-fathers-shadow-football-prospect/9513716002/,6.06516701637665
min_k,member,https://www.gadsdentimes.com/story/news/2022/06/27/marshall-county-man-faces-charges-after-wife-found-shot-face/7750296001/,5.771280452940199
min_k,member,https://www.gadsdentimes.com/story/sports/high-school/baseball/2022/04/08/auburn-baseball-signee-alex-wade-making-impact-madison-academy/9520396002/,6.596698191930663
min_k,member,https://www.gadsdentimes.com/story/lifestyle/columns/2022/04/30/david-murdock-considers-petty-irritations/9558800002/,7.354125597345547
min_k,member,https://www.gadsdentimes.com/story/news/2022/09/15/etowah-sheriff-investigating-reported-threat-to-west-end-high-school/69495554007/,6.474270299077034
min_k,member,https://www.gadsdentimes.com/story/sports/high-school/football/2022/06/20/ahsaa-alabama-athletic-association-football-chris-stephenson-sardis-high-school-losing-season/7631188001/,6.525587093330429
min_k,member,https://www.gadsdentimes.com/story/news/2022/05/19/middle-schools-compete-returning-mock-trial-competition/9796754002/,6.952993785109475
min_k,member,https://www.gadsdentimes.com/story/news/2022/08/29/gda-covid-19-state-2022-08-29-al-ntgt/65461094007/,2.867601155240125
min_k,member,https://www.gadsdentimes.com/story/sports/high-school/baseball/2022/05/15/ahsaa-softball-schedules-state-championship-tournament-oxford/9763969002/,6.556389782296952
min_k,member,https://www.gadsdentimes.com/story/news/2022/04/29/take-back-day-etowah-county-what-you-should-know/9570548002/,7.170062702822398
min_k,member,https://www.gadsdentimes.com/story/news/2022/04/13/marshall-county-crash-monday-resulted-death-birmingham-man/7307320001/,6.283659795920054
min_k,member,https://www.gadsdentimes.com/story/news/2022/06/15/gadsden-municipal-elections-kick-off-first-day-qualifying/7619148001/,7.525647658336012
min_k,member,https://www.gadsdentimes.com/story/news/2022/09/13/boaz-man-faces-attempted-murder-charge-in-connection-with-bat-attack/69492893007/,6.294519256143009
min_k,member,https://www.gadsdentimes.com/restricted/?return=https%3A%2F%2Fwww.gadsdentimes.com%2Fstory%2Fnews%2Fcrime%2F2022%2F05%2F04%2Fvicky-white-alabama-corrections-officer-casey-white-inmate-escape-plans-undetected%2F9649215002%2F,0.34859477543226525
min_k,member,https://www.gadsdentimes.com/story/sports/college/football/2022/07/26/jacksonville-state-football-early-bumps-road-offense/10132993002/,6.480460998415947
min_k,member,https://www.gadsdentimes.com/story/news/2022/08/18/gadsden-city-council-alabama-politics-noccalula-falls-development/10347477002/,7.633793855450817
min_k,member,https://www.gadsdentimes.com/story/news/politics/elections/local/2022/07/26/gadsden-mayor-race-2022-candidates-profiles-goals-objectives/10029226002/,7.198292876809858
min_k,member,https://www.gadsdentimes.com/restricted/?return=https%3A%2F%2Fwww.gadsdentimes.com%2Fstory%2Fsports%2Fhigh-school%2Fbaseball%2F2022%2F04%2F23%2Fahsaa-sports-gadsden-area-high-school-top-performers-last-week-april%2F7383280001%2F,0.5611111548958275
min_k,member,https://www.gadsdentimes.com/story/news/2022/09/15/gop-secretary-of-state-candidate-to-speak-in-rainbow-city/69497599007/,8.016539764404296
min_k,member,https://www.gadsdentimes.com/story/news/politics/elections/2022/05/20/house-district-28-candidates-gil-isbell-and-mack-butler-answer-questions/9823423002/,7.253171224028008
min_k,member,https://www.gadsdentimes.com/story/news/2022/05/20/what-you-need-know-ahead-primary-elections-tuesday/9836113002/,6.954382507106926
min_k,member,https://www.gadsdentimes.com/story/news/2022/05/10/community-spring-festival-tap-may-14/9645424002/,7.6397154912716
min_k,member,https://www.gadsdentimes.com/story/news/2022/05/05/gadsden-city-council-committee-recommend-juneteenth-holiday/9630271002/,6.05719072399316
min_k,member,https://www.gadsdentimes.com/story/news/2022/04/22/earth-day-2022-five-ways-zero-waste/7380519001/,7.0863945500834005
min_k,member,https://www.gadsdentimes.com/story/news/2022/05/30/louisiana-man-faces-charges-fatal-st-clair-county-crash/9993629002/,6.9608085212253386
min_k,member,https://www.gadsdentimes.com/story/news/2022/06/22/etowah-county-credit-union-host-fight-fraud-workshop/7632803001/,6.886701847166325
min_k,member,https://www.gadsdentimes.com/story/news/politics/elections/2022/05/24/alabama-primary-election-results-2022-etowah-county-commission-4/9860527002/,6.848296943165007
min_k,member,https://www.gadsdentimes.com/story/news/2022/09/08/etowah-native-picked-for-saints-cheerleading-squad/65474871007/,7.588034217740282
min_k,member,https://www.gadsdentimes.com/story/sports/high-school/baseball/2022/04/30/ahsaa-baseball-softball-and-soccer-scores-gadsden-area-teams/9558590002/,6.319262434454525
min_k,member,https://www.gadsdentimes.com/story/news/2022/07/03/gadsden-municipal-election-mayor-and-three-council-seats-change-coming/7776615001/,6.750541155217058
min_k,member,https://www.gadsdentimes.com/restricted/?return=https%3A%2F%2Fwww.gadsdentimes.com%2Fstory%2Fnews%2F2022%2F06%2F08%2Fhomes-selling-sold-completely-online-rainbow-city-alabama-virtual-market%2F7483207001%2F,0.7818257620344108
min_k,member,https://www.gadsdentimes.com/story/news/2022/06/19/national-miss-juneteenth-reflects-year-titleholder/7608726001/,6.433042053104371
min_k,member,https://www.gadsdentimes.com/story/news/2022/04/10/etowah-countys-advocates-recognize-child-abuse-victims-they-serve/9495775002/,7.447573260257118
min_k,member,https://www.gadsdentimes.com/story/sports/college/2022/08/27/jacksonville-state-football-rich-rodriguez-take-on-stephen-f-austin-live-updates/7846698001/,5.454376939180735
min_k,member,https://www.gadsdentimes.com/story/news/2022/07/22/centre-man-dies-after-crashing-truck-cherokee-county/10130540002/,6.585323880700504
min_k,member,https://www.gadsdentimes.com/story/news/2022/08/15/rainbow-city-police-get-raise-etowah-911-take-over-dispatching/10287514002/,7.219417161719743
min_k,member,https://www.gadsdentimes.com/story/news/politics/elections/local/2022/08/18/gadsden-district-3-city-council-2022-meet-candidates-q-a/10271517002/,7.1985949039459225
min_k,member,https://www.gadsdentimes.com/story/news/2022/07/28/tyn-tymes-gadsden-annual-indoor-beach-party-aug-6-2022/10152370002/,7.245091796661756
min_k,member,https://www.gadsdentimes.com/story/news/2022/06/03/guilty-plea-entered-2017-shooting-death-etowah-county-man/7496834001/,6.358253858028314
min_k,member,https://www.gadsdentimes.com/story/news/2022/06/07/three-string-returns-gadsden-june-17-concert/9946972002/,7.879114054758614
min_k,member,https://www.gadsdentimes.com/story/lifestyle/columns/2022/05/19/david-murdock-looks-nature-and-art/9827595002/,7.680360298080138
min_k,member,https://www.gadsdentimes.com/story/sports/high-school/baseball/2022/05/17/ahsaa-baseball-trinity-presbyterian-defeats-piedmont-6-5-game-2-3-a-championship/9808672002/,6.583315615560494
min_k,member,https://www.gadsdentimes.com/story/news/2022/06/17/shooting-church-gathering-kills-two-injures-one-suspect-custody/7658385001/,5.969195924758911
min_k,member,https://www.gadsdentimes.com/story/sports/high-school/soccer/2022/06/02/alabama-high-school-soccer-best-moments-predictions-gadsden-area-2022/9926331002/,6.922476561069488
min_k,member,https://www.gadsdentimes.com/story/opinion/columns/2022/08/20/gaa-member-robertson-deserves-debt-gratitude/7837127001/,7.445862392802815
min_k,member,https://www.gadsdentimes.com/story/sports/high-school/baseball/2022/04/18/ahsaa-baseball-pairings-first-round-playoffs/7359226001/,5.383440108898559
min_k,member,https://www.gadsdentimes.com/story/news/2022/04/26/marshall-county-crash-closed-both-lanes-traffic-al-79/9544952002/,6.629057535758386
min_k,member,https://www.gadsdentimes.com/story/lifestyle/columns/2022/05/05/david-murdock-looks-mothers-day/9646165002/,6.807592606171966
min_k,member,https://www.gadsdentimes.com/story/opinion/columns/2022/04/23/casting-blame-gaas-high-legal-fees/7411386001/,7.305547439030239
min_k,member,https://www.gadsdentimes.com/story/news/2022/08/06/ashvilles-looney-house-catches-fire-takes-heavy-damage/10259402002/,7.423988167120486
min_k,member,https://www.gadsdentimes.com/story/news/2022/05/27/dna-research-helps-solve-cold-cases-through-family-ties/9927018002/,7.515384131289543
min_k,member,https://www.gadsdentimes.com/story/news/2022/05/13/gadsden-senior-wellness-center-project-gets-covid-relief-fund-grant/9761622002/,6.387590965215307
min_k,member,https://www.gadsdentimes.com/story/sports/high-school/basketball/2022/04/05/ahsaa-sports-vote-gadsden-area-male-athlete-week/7244574001/,6.772715903744839
min_k,member,https://www.gadsdentimes.com/story/news/2022/05/04/etowah-county-commission-hears-families-men-who-died-jail/9634017002/,6.660034163244839
min_k,member,https://www.gadsdentimes.com/story/news/2022/05/17/corrections-officer-inmate-relationship-red-flags-vicky-white-casey/9785834002/,8.044402463812578
min_k,member,https://www.gadsdentimes.com/story/news/2022/08/09/marshall-county-drug-unit-makes-arrest-drugs-linked-three-overdoses/10276661002/,6.057611626248027
min_k,member,https://www.gadsdentimes.com/story/news/2022/08/03/etowah-county-schools-implements-new-mental-health-initiative/10183600002/,6.6802194863557816
min_k,member,https://www.gadsdentimes.com/story/news/2022/07/26/etowah-county-property-values-up-according-state-valuations/10143271002/,6.686090751433037
min_k,member,https://www.gadsdentimes.com/story/news/2022/06/15/why-we-celebrate-heres-some-history-juneteenth/9912202002/,5.795257355304474
min_k,member,https://www.gadsdentimes.com/story/news/2022/06/22/etowah-investigators-probe-assault-robbery-north-gadsden-wednesday/7700090001/,6.268220439789787
min_k,member,https://www.gadsdentimes.com/story/news/2022/05/02/authorities-make-child-porn-arrests/9614224002/,6.748422706568682
min_k,member,https://www.gadsdentimes.com/story/sports/high-school/2022/09/16/alabama-high-school-football-scores-live-updates-gadsden-ahsaa-week-4/69497186007/,9.925777912139893
min_k,member,https://www.gadsdentimes.com/story/news/2022/08/11/gadsden-area-weekend-events-august-12/10292599002/,7.5243982531360745
min_k,member,https://www.gadsdentimes.com/story/news/2022/08/10/gadsden-board-commends-walnut-park-staff-response-emergency/10241132002/,7.922989007198449
min_k,member,https://www.gadsdentimes.com/story/news/2022/05/06/attallas-150th-birthday-party-downtown-tap-may-21/9541040002/,7.063572771180936
min_k,member,https://www.gadsdentimes.com/story/sports/college/football/2022/04/01/rich-rodriguez-players-looking-forward-jacksonville-state-spring-football/7168526001/,6.292324709469045
min_k,member,https://www.gadsdentimes.com/restricted/?return=https%3A%2F%2Fwww.gadsdentimes.com%2Fstory%2Fsports%2Fhigh-school%2F2022%2F05%2F16%2Fahsaa-alabama-high-school-baseball-state-championship-predictions%2F9676171002%2F,0.34859477543226525
min_k,member,https://www.gadsdentimes.com/restricted/?return=https%3A%2F%2Fwww.gadsdentimes.com%2Fstory%2Fsports%2Fhigh-school%2Fsoftball%2F2022%2F05%2F12%2Fahsaa-softball-lydia-west-overcoming-hydrocephalus-leading-geradline%2F9702945002%2F,0.34859477543226525
min_k,member,https://www.gadsdentimes.com/story/news/2022/04/25/discussions-continue-rendering-plant-lawsuit-no-resolution-reached/7357683001/,7.745045342812172
min_k,member,https://www.gadsdentimes.com/story/news/2022/07/12/gadsden-area-homes-for-sale-price-june-listings-alabama/65366996007/,3.3979180229760204
min_k,member,https://www.gadsdentimes.com/story/opinion/columns/2022/04/16/john-floyd-looks-area-sports-complexes/7331343001/,7.5134159070309074
min_k,member,https://www.gadsdentimes.com/story/sports/college/football/2022/08/08/jacksonville-state-football-what-south-carolina-paying-2023-game/10266641002/,6.6291468143463135
min_k,member,https://www.gadsdentimes.com/story/news/2022/05/17/jsu-host-musical-version-little-women-over-six-day-run/9798237002/,7.108449662085807
min_k,member,https://www.gadsdentimes.com/story/news/2022/05/11/vicky-white-casey-white-back-alabama-capture-recordings-released/9732565002/,7.184222807431354
min_k,member,https://www.gadsdentimes.com/story/news/2022/06/30/rewinding-gruesome-1911-murders-greasy-cove/7584540001/,7.372103152874701
min_k,member,https://www.gadsdentimes.com/story/sports/high-school/tennis/2022/04/14/sardis-caroline-johnson-wins-class-4-a-5-a-section-6-singles-title/7309339001/,6.96064054442615
min_k,member,https://www.gadsdentimes.com/story/sports/high-school/2022/08/27/gadsden-area-high-school-top-performers-for-last-full-week-of-august/65418929007/,6.755845365677287
min_k,member,https://www.gadsdentimes.com/story/sports/high-school/2022/09/02/alabama-high-school-football-scores-live-updates-gadsden-ahsaa-week-2/65469048007/,9.88516484366523
min_k,member,https://www.gadsdentimes.com/story/news/2022/06/22/local-special-needs-children-take-baseball-field-miracle-league/7637544001/,6.873295992362399
min_k,member,https://www.gadsdentimes.com/story/news/2022/04/19/commissioners-cut-sheriffs-expense-allowance/7363238001/,6.699089732663385
min_k,member,https://www.gadsdentimes.com/story/news/2022/06/25/races-shape-up-qualifying-continues-gadsden-municipal-elections/7720193001/,7.783901878550083
min_k,member,https://www.gadsdentimes.com/story/news/2022/07/26/august-exhibits-scheduled-gadsden-museum-art/10121965002/,7.640612896283468
min_k,member,https://www.gadsdentimes.com/story/news/2022/05/27/six-shot-anniston-graduation-party-injuries-not-life-threatening/9967636002/,6.337463218914835
min_k,member,https://www.gadsdentimes.com/story/news/2022/04/20/group-says-coosa-among-most-endangered-rivers/7361126001/,7.095056251243308
min_k,member,https://www.gadsdentimes.com/story/opinion/columns/2022/08/14/elaine-harris-spearman-cites-importance-candidates-plans/10280732002/,7.477003048121003
min_k,member,https://www.gadsdentimes.com/story/sports/high-school/football/2022/08/16/gadsden-area-high-school-football-season-preview-2022/10341820002/,6.856363165695055
min_k,member,https://www.gadsdentimes.com/story/news/2022/08/08/marshall-county-pawn-shop-raided-property-seized-six-people-charged/10269989002/,7.040003822631195
min_k,member,https://www.gadsdentimes.com/story/sports/high-school/baseball/2022/04/05/ahsaa-sports-gadsden-area-high-school-top-performers-first-week-april/7244642001/,6.202483701705932
min_k,member,https://www.gadsdentimes.com/story/news/2022/08/12/extension-program-seeks-promote-successful-birth-outcomes/10280716002/,7.356222218937344
min_k,member,https://www.gadsdentimes.com/story/sports/high-school/baseball/2022/05/17/ahsaa-baseball-etowah-defeats-mobile-christian-game-one-class-4-a-state/9763907002/,6.450081275988229
min_k,member,https://www.gadsdentimes.com/restricted/?return=https%3A%2F%2Fwww.gadsdentimes.com%2Fstory%2Fnews%2F2022%2F04%2F07%2Fcovid-fallout-could-affect-job-market-years-come-analysts-say%2F7248062001%2F,0.5611111548958275
min_k,member,https://www.gadsdentimes.com/story/news/2022/06/17/hsprac-director-raises-questions-finances-his-firing/9795809002/,7.142140244718772
min_k,member,https://www.gadsdentimes.com/restricted/?return=https%3A%2F%2Fwww.gadsdentimes.com%2Fstory%2Fsports%2Fhigh-school%2Fbaseball%2F2022%2F04%2F30%2Fahsaa-top-performers-gadsden-area-spring-sports%2F9589665002%2F,0.34859477543226525
min_k,member,https://www.gadsdentimes.com/story/news/politics/elections/local/2022/08/01/district-5-school-board-2022-meet-candidates-q-a-gadsden/10074809002/,7.3649244470111395
min_k,member,https://www.gadsdentimes.com/story/news/2022/06/08/upper-level-disturbances-leads-flooding-county/7552328001/,6.561895068954019
min_k,member,https://www.gadsdentimes.com/story/opinion/columns/2022/05/15/elaine-harris-spearman-commentary-truth-behind-political-labels/9663229002/,8.1429803081762
min_k,member,https://www.gadsdentimes.com/story/news/2022/07/12/three-fires-glencoe-gadsden-three-firefighters-get-minor-injuries/10039042002/,6.980205730597178
min_k,member,https://www.gadsdentimes.com/story/news/2022/04/03/vehicle-involved-fatal-crash-hit-teen-left-scene-sought/7264361001/,6.41163820539202
min_k,member,https://www.gadsdentimes.com/story/sports/2022/06/22/vonetta-flowers-first-black-athlete-gold-medal-winter-olympics-title-ix/9838930002/,7.436955018477007
min_k,member,https://www.gadsdentimes.com/story/sports/high-school/basketball/2022/04/05/ahsaa-girls-basketball-southside-coach-kim-nails-announces-retirement/9470525002/,6.499897439429101
min_k,member,https://www.gadsdentimes.com/story/news/2022/06/14/flag-day-stars-and-stripes-have-represented-nations-growth/7470256001/,7.590611701483255
min_k,member,https://www.gadsdentimes.com/story/news/2022/05/31/city-gadsden-provide-free-meals-through-summer-food-service-program/9958706002/,6.524559874053395
min_k,member,https://www.gadsdentimes.com/story/news/education/2022/06/02/afterschool-program-studies-world-games/7457781001/,7.5349696857828485
min_k,member,https://www.gadsdentimes.com/story/news/2022/07/11/centre-crash-woman-killed-sunday-single-vehicle-troopers-say/10031246002/,7.018861558702257
min_k,member,https://www.gadsdentimes.com/story/news/2022/06/07/flash-flooding-heavy-rains-gadsden-area-required-water-rescues/7548122001/,7.883451049978083
min_k,member,https://www.gadsdentimes.com/story/news/2022/04/02/hokes-bluff-structure-fire-friday-brings-out-multiple-fire-departments/7255609001/,7.726313405566746
min_k,member,https://www.gadsdentimes.com/story/news/crime/2022/08/26/former-gadsden-bbva-branch-manager-gets-federal-sentence-dorinda-lumpkin/65457626007/,5.861976996907648
min_k,member,https://www.gadsdentimes.com/restricted/?return=https%3A%2F%2Fwww.gadsdentimes.com%2Fstory%2Fnews%2F2022%2F05%2F27%2Fdna-search-angel-canadian-police-help-daughter-find-her-dad%2F7396513001%2F,0.5672795069142011
min_k,member,https://www.gadsdentimes.com/story/news/2022/05/04/crenshaw-county-cold-case-who-killed-delange-harris-11-years-ago/9646052002/,6.115133730988753
min_k,member,https://www.gadsdentimes.com/story/news/2022/06/13/2022-barbarian-challenge-june-18/7611291001/,6.6944427745682855
min_k,member,https://www.gadsdentimes.com/story/opinion/columns/2022/04/10/elaine-h-spearman-considers-smith-rock-incident/9489277002/,7.805287902063061
min_k,member,https://www.gadsdentimes.com/story/news/2022/09/09/etowah-sheriffs-office-offers-247-place-to-dispose-of-medication/66836354007/,7.071711513519287
min_k,member,https://www.gadsdentimes.com/story/news/2022/06/25/kansas-city-barbeque-society-preps-world-invitational-gadsden/7717226001/,7.062929370186546
min_k,member,https://www.gadsdentimes.com/story/sports/high-school/soccer/2022/05/04/ahsaa-soccer-pairings-schedules-gadsden-area-teams-quarterfinals/9643303002/,7.150265074357754
min_k,member,https://www.gadsdentimes.com/story/news/2022/04/04/one-dead-early-morning-house-fire-attalla/7269377001/,5.953072045978747
min_k,member,https://www.gadsdentimes.com/story/news/2022/04/30/hsprac-participate-empty-shelter-national-initiative/9583979002/,6.449171507358551
min_k,member,https://www.gadsdentimes.com/story/lifestyle/columns/2022/06/30/david-murdock-july-4th-column/7767814001/,7.219408937797692
min_k,member,https://www.gadsdentimes.com/story/news/2022/06/30/alea-issues-boating-safety-tips-ahead-fourth-july-weekend/7758471001/,6.2140273872543785
min_k,member,https://www.gadsdentimes.com/story/news/politics/elections/2022/05/24/alabama-primary-election-results-etowah-county-commission-5-jeffery-washington/9860540002/,7.597568676389497
min_k,member,https://www.gadsdentimes.com/story/news/2022/09/13/trolley-dart-bus-riders-will-have-to-pay-again-in-october/68231021007/,6.618215177370154
min_k,member,https://www.gadsdentimes.com/story/news/2022/07/26/talladega-police-look-suspects-shooting-attempted-robbery/10156623002/,5.596211080965788
min_k,member,https://www.gadsdentimes.com/restricted/?return=https%3A%2F%2Fwww.gadsdentimes.com%2Fstory%2Fnews%2F2022%2F05%2F27%2Fdna-search-angel-grandmother-reveals-family-secret-maine%2F7396499001%2F,0.5672795069142011
min_k,member,https://www.gadsdentimes.com/story/news/2022/04/13/sports-authority-changes-ahead-current-board-expects-finish-fields/7280516001/,7.313243036684782
min_k,member,https://www.gadsdentimes.com/story/news/politics/2022/04/13/james-brooks-speak-local-gop-event/7311406001/,8.124901008605956
min_k,member,https://www.gadsdentimes.com/story/news/2022/04/01/united-ways-annual-meeting-april-7/7231428001/,8.28701596143769
min_k,member,https://www.gadsdentimes.com/story/lifestyle/columns/2022/08/11/david-murdock-column-mister-rogers-experience/10280750002/,7.232510846430861
min_k,member,https://www.gadsdentimes.com/story/opinion/columns/2022/04/03/constitutional-carry-bad-move/7210702001/,7.58956936094496
min_k,member,https://www.gadsdentimes.com/story/sports/college/football/2022/08/26/jacksonville-state-football-fcs-kickoff-game-against-stephen-f-auston/10312528002/,6.854912836934618
min_k,member,https://www.gadsdentimes.com/story/opinion/columns/2022/08/28/elaine-harris-spearman-new-gadsden-leaders-must-bring-fresh-approach/10353569002/,7.406803787395519
min_k,member,https://www.gadsdentimes.com/restricted/?return=https%3A%2F%2Fwww.gadsdentimes.com%2Fstory%2Fnews%2F2022%2F04%2F17%2Fmelendez-focused-community-growth-times-square-locust-street%2F7282089001%2F,0.5611111548958275
min_k,member,https://www.gadsdentimes.com/story/news/2022/08/23/gulf-coast-retail-gas-prices-continue-falling-alabama/65414964007/,3.135407186367295
min_k,member,https://www.gadsdentimes.com/story/news/2022/05/19/skid-row-ready-rock-live-rock-concert-albertville/9744814002/,6.486710186590228
min_k,member,https://www.gadsdentimes.com/story/news/2022/07/22/calhoun-county-sheriff-dna-link-between-july-2012-july-2022-attacks/10124366002/,6.786472138159914
min_k,member,https://www.gadsdentimes.com/story/news/2022/06/06/construction-accident-whorton-bend-home-site-injures-worker/7537322001/,6.291452571749687
min_k,member,https://www.gadsdentimes.com/story/news/2022/08/02/gadsden-district-5-city-council-2022-candidates-objectives-goals/10185090002/,6.914395075577956
min_k,member,https://www.gadsdentimes.com/story/news/2022/06/19/collinsville-man-killed-motorcycle-crash-interstate-59/7676730001/,6.247551224448464
min_k,member,https://www.gadsdentimes.com/story/sports/high-school/baseball/2022/05/06/ahsaa-baseball-softball-and-soccer-scores-gadsden-area-teams/9589683002/,6.3259352328199325
min_k,member,https://www.gadsdentimes.com/story/news/2022/06/08/storm-bombards-east-etowah-5-5-inches-rain-causing-damage/7552145001/,7.465564992116845
min_k,member,https://www.gadsdentimes.com/story/news/2022/08/11/mitchell-returns-gadsden-state-community-college/10268616002/,6.331536839050906
min_k,member,https://www.gadsdentimes.com/story/news/2022/09/16/4-h-chick-chain-participants-look-to-auction/69494017007/,7.058349944927074
min_k,member,https://www.gadsdentimes.com/story/sports/high-school/softball/2022/04/11/ahsaa-sports-vote-gadsden-area-female-athlete-week/9513649002/,6.487535764363186
min_k,member,https://www.gadsdentimes.com/story/sports/2022/06/24/marianne-merritt-auburn-basketball-great-title-ix/9839009002/,6.956304391225179
min_k,member,https://www.gadsdentimes.com/story/sports/high-school/baseball/2022/04/23/ahsaa-baseball-gadsden-area-scores-first-round-1-a-6-a-playoffs/7382378001/,5.880690174338258
min_k,member,https://www.gadsdentimes.com/story/news/2022/06/27/hunter-bellew-sentenced-rainbow-city-murder-tony-mccartney/7744837001/,6.303402182422107
min_k,member,https://www.gadsdentimes.com/restricted/?return=https%3A%2F%2Fwww.gadsdentimes.com%2Fstory%2Fsports%2Fhigh-school%2Fsoccer%2F2022%2F04%2F27%2Fahsaa-girls-boys-soccer-playoffs-gadsden-area-players-to-watch%2F7383251001%2F,0.5568018293102236
min_k,member,https://www.gadsdentimes.com/story/news/2022/07/12/man-dies-cherokee-county-crash-cement-mixer-alabama-highway-68/10034490002/,6.819217166385135
min_k,member,https://www.gadsdentimes.com/story/opinion/columns/2022/09/17/john-f-floyd-looks-at-gadsdens-finances/69494145007/,7.392488242542676
min_k,member,https://www.gadsdentimes.com/story/news/2022/04/06/etowah-area-schools-close-1-30-p-m-because-weather-threat/9486128002/,7.050899515549342
min_k,member,https://www.gadsdentimes.com/story/news/2022/05/14/alabama-transgender-medication-law-blocked-judge/9775330002/,7.166906311606778
min_k,member,https://www.gadsdentimes.com/story/news/2022/06/07/gadsden-rendering-plant-lawsuit-dismissed-plaintiffs-achieved-goal/7543106001/,7.336082426818101
min_k,member,https://www.gadsdentimes.com/story/news/2022/07/22/gadsden-city-council-tackles-number-topics/10112692002/,7.171872190066746
min_k,member,https://www.gadsdentimes.com/story/news/2022/08/14/clay-county-sheriff-one-killed-suspect-shot-attempted-robbery/10324587002/,5.700590981377496
min_k,member,https://www.gadsdentimes.com/story/news/2022/05/20/missing-man-found/9854279002/,6.845931325639997
min_k,member,https://www.gadsdentimes.com/story/news/2022/06/30/st-stephens-episcopal-church-shooting-local-congregations-consider-safety/7658036001/,7.195838363444219
min_k,member,https://www.gadsdentimes.com/story/news/2022/05/17/mentone-host-big-art-pop-up-event-weekend/9798032002/,7.280265488407829
min_k,member,https://www.gadsdentimes.com/story/opinion/letters/2022/08/08/letter-editor/10265957002/,7.276021420955658
min_k,member,https://www.gadsdentimes.com/story/news/2022/05/13/tips-best-tomato-varieties/9663903002/,7.949964055648217
min_k,member,https://www.gadsdentimes.com/story/sports/high-school/football/2022/05/27/ahsaa-football-glencoe-coach-jamison-wadley-out-looking-new-coach/9967329002/,6.897755728139506
min_k,member,https://www.gadsdentimes.com/story/news/2022/09/15/west-end-high-school-alabama-walnut-grove-threat-hoax-al/69497824007/,6.7839949960293975
min_k,member,https://www.gadsdentimes.com/story/news/2022/07/20/lorrie-morgan-2022-hokes-bluff-cityfest/10088641002/,6.400165828791532
min_k,member,https://www.gadsdentimes.com/story/sports/high-school/baseball/2022/05/09/poll-gadsden-area-boys-high-school-athlete-week-voting/9675522002/,6.391319475675884
min_k,member,https://www.gadsdentimes.com/story/news/2022/07/14/second-riverfest-river-rocks-held-gadsden-oct-1/10039056002/,6.961941778659821
min_k,member,https://www.gadsdentimes.com/story/opinion/columns/2022/08/21/elaine-harris-spearman-discusses-search-trumps-property/10353542002/,7.8775219455842045
min_k,member,https://www.gadsdentimes.com/story/sports/college/football/2022/05/20/jacksonville-state-football-offensive-coordinator-calvin-magee-dies/9862276002/,4.451927824625893
min_k,member,https://www.gadsdentimes.com/story/sports/high-school/basketball/2022/04/05/ahsaa-sports-vote-gadsden-area-female-athlete-week/7244564001/,6.431885296443723
min_k,member,https://www.gadsdentimes.com/story/news/2022/05/06/extension-corner-backyard-poultry/9656872002/,7.780639709570469
min_k,member,https://www.gadsdentimes.com/story/lifestyle/columns/2022/04/17/david-murdock-looks-back-easters-past/7318677001/,7.317624384663494
min_k,member,https://www.gadsdentimes.com/story/news/2022/04/28/mothers-day-gift-ideas/7440243001/,7.982705116271973
min_k,member,https://www.gadsdentimes.com/story/news/2022/07/01/omicron-subvariants-increasing-covid-19-cases-ris-in-alabama/7787527001/,6.187733643891796
min_k,member,https://www.gadsdentimes.com/story/sports/high-school/2022/05/04/ahsaa-boys-soccer-fort-paynes-rafael-robles-scores-twice-lead-over-southside/9589601002/,6.023343959469005
min_k,member,https://www.gadsdentimes.com/story/news/2022/04/25/gadsden-man-dies-single-vehicle-crash/7447825001/,4.475150801918724
min_k,member,https://www.gadsdentimes.com/story/sports/college/2022/08/28/rich-rodriguez-jacksonville-state-football-first-game-stephen-f-austin-fcs-kickoff/7846701001/,6.662442457826832
min_k,member,https://www.gadsdentimes.com/story/sports/college/football/2022/04/12/jacksonville-state-football-rich-rodriguez-talks-roster-numbers/7290936001/,6.724917462292839
min_k,member,https://www.gadsdentimes.com/story/news/2022/07/06/gadsden-voters-should-check-voting-record-note-changed-polling-places/7778924001/,6.817509701672722
min_k,member,https://www.gadsdentimes.com/story/news/2022/07/06/i-59-expect-shift-traffic-reece-city-north-project-begins/7823786001/,7.2542453618116784
min_k,member,https://www.gadsdentimes.com/story/news/2022/08/27/gadsden-car-break-ins-phil-street-shootout-southside-police-investigate/65459911007/,7.104714595910274
min_k,member,https://www.gadsdentimes.com/story/news/2022/07/12/noccalula-road-crash-claims-life-motorcycle-driver/10041103002/,5.558066466275384
min_k,member,https://www.gadsdentimes.com/story/sports/college/2022/09/09/3-things-to-know-jacksonville-state-football-faces-murray-state/65579393007/,6.283030753550322
min_k,member,https://www.gadsdentimes.com/story/news/2022/06/02/etowah-election-results-challenged-commission-house-candidates/7481804001/,7.388119467152845
min_k,member,https://www.gadsdentimes.com/story/news/2022/07/20/four-years-after-ef-3-tornado-hit-campus-jsu-reopens-merrill-hall/10099280002/,7.204789388526991
min_k,member,https://www.gadsdentimes.com/story/opinion/columns/2022/07/03/right-choose-front-and-center-us-discourse/7761764001/,7.4615980333356715
min_k,member,https://www.gadsdentimes.com/restricted/?return=https%3A%2F%2Fwww.gadsdentimes.com%2Fstory%2Fsports%2Fhigh-school%2F2022%2F05%2F09%2Fahsaa-top-performers-gadsden-area-spring-sports%2F9675615002%2F,0.34859477543226525
min_k,member,https://www.gadsdentimes.com/restricted/?return=https%3A%2F%2Fwww.gadsdentimes.com%2Fstory%2Fnews%2F2022%2F04%2F21%2Fsouthside-development-brings-restaurant-playground-boat-launch%2F7366665001%2F,0.5611111548958275
min_k,member,https://www.gadsdentimes.com/story/news/2022/09/02/lawn-burweed-its-time-to-start-fighting/65466980007/,7.863231821336608
min_k,member,https://www.gadsdentimes.com/story/sports/high-school/football/2022/06/13/ahsaa-football-chris-stephenson-hired-football-coach-sardis/7617174001/,6.351886584208562
min_k,member,https://www.gadsdentimes.com/story/news/2022/05/20/etowah-countys-robotics-programs-who-they-what-they-do/9616054002/,7.10105981100474
min_k,member,https://www.gadsdentimes.com/story/sports/high-school/soccer/2022/05/02/ahsaa-soccer-pairings-schedules-gadsden-area-teams/9614127002/,6.516368699628253
min_k,member,https://www.gadsdentimes.com/story/news/2022/09/03/strike-up-the-bands-etowah-county-bandcheer-expo-is-tuesday/65470102007/,6.6778071622053785
min_k,member,https://www.gadsdentimes.com/story/news/2022/06/13/gadsden-council-consider-moving-funds-cover-higher-gas-oil-costs/7610275001/,7.472924946023406
min_k,member,https://www.gadsdentimes.com/story/news/2022/06/10/tillison-bend-campground-owner-road-controversy/7567475001/,6.683922290802002
min_k,member,https://www.gadsdentimes.com/story/opinion/columns/2022/04/30/john-floyd-offers-seniors-viewpoint/9575623002/,7.964217954493583
min_k,member,https://www.gadsdentimes.com/story/news/2022/06/23/john-jacobs-announces-run-mayor-gadsden/7703889001/,6.2726565560141765
min_k,member,https://www.gadsdentimes.com/story/opinion/columns/2022/09/18/recent-announcements-bring-surge-of-hope-for-gadsden/69494022007/,7.835792793316788
min_k,member,https://www.gadsdentimes.com/story/news/2022/05/06/theater-group-sets-summer-production/9645675002/,7.53717568008988
min_k,member,https://www.gadsdentimes.com/story/news/2022/06/13/pet-week-june-13/7557714001/,7.360142374038697
min_k,member,https://www.gadsdentimes.com/story/news/2022/06/28/gadsden-alabama-municipal-election-candidates-mayor-city-council-board-education-races/7755884001/,7.686757517290545
min_k,member,https://www.gadsdentimes.com/story/news/2022/04/28/officers-receive-commendation-attempted-river-rescue/9558750002/,7.435203001612709
min_k,member,https://www.gadsdentimes.com/story/news/2022/09/09/potential-sale-of-goodyear-property-could-bring-multiple-industries/67986294007/,7.570818655050484
min_k,member,https://www.gadsdentimes.com/story/news/2022/04/13/united-way-honors-top-contributors-2022-annual-meeting/9472571002/,6.832998195022502
min_k,member,https://www.gadsdentimes.com/story/opinion/columns/2022/05/15/john-f-floyd-commentary-its-best-not-sleep-vladimire-putins-threats-in-ukraine/9663167002/,7.663058051955228
min_k,member,https://www.gadsdentimes.com/story/news/2022/04/07/albertville-police-investigate-fatal-shooting-highpoint-road/9506483002/,5.162619358017331
min_k,member,https://www.gadsdentimes.com/story/news/2022/06/18/gadsden-municipal-races-draw-25-candidates-first-week/7658068001/,7.790948733948825
min_k,member,https://www.gadsdentimes.com/restricted/?return=https%3A%2F%2Fwww.gadsdentimes.com%2Fstory%2Fnews%2F2022%2F05%2F27%2Fdna-search-angel-tracks-down-unknown-family-members%2F7396461001%2F,0.5672795069142011
min_k,member,https://www.gadsdentimes.com/story/news/2022/07/29/alabama-extension-seeks-watershed-stewards/10173039002/,7.169026207923889
min_k,member,https://www.gadsdentimes.com/story/news/2022/05/27/look-into-history-military-appreciation-may/9906650002/,6.344103912809002
min_k,member,https://www.gadsdentimes.com/story/news/2022/09/06/grace-academy-to-provide-free-trades-training-to-local-residents/65466226007/,7.379487293416804
min_k,member,https://www.gadsdentimes.com/story/news/2022/09/08/alabama-truck-stop-carjacking-suspect-shot-to-death-after-chase-shooting-at-police/66734284007/,6.70306455122458
min_k,member,https://www.gadsdentimes.com/story/news/2022/04/29/gadsdens-youth-government-day/9568890002/,8.118215823736717
min_k,member,https://www.gadsdentimes.com/story/news/2022/04/18/funeral-today-former-state-senator-gadsden-attorney-larry-keener/7332497001/,6.623299435565346
min_k,member,https://www.gadsdentimes.com/story/news/2022/06/01/commissioners-hold-special-called-meeting/7453931001/,7.031427566041338
min_k,member,https://www.gadsdentimes.com/story/news/2022/07/02/east-alabama-residents-march-womens-reproductive-rights/7776398001/,6.613331505911691
min_k,member,https://www.gadsdentimes.com/story/news/2022/05/02/etowah-schools-dare-program-offers-evolving-lessons-changing-times/9585439002/,7.614278683536931
min_k,member,https://www.gadsdentimes.com/story/news/2022/05/30/piedmont-woman-charged-after-truck-crashes-into-mobile-home/9992603002/,6.042416591902037
min_k,member,https://www.gadsdentimes.com/story/news/2022/08/05/horton-tameron-honda-etowah-co-boe-provide-sro-glencoe-elementary/10180890002/,6.9999130374253395
min_k,member,https://www.gadsdentimes.com/restricted/?return=https%3A%2F%2Fwww.gadsdentimes.com%2Fstory%2Fnews%2F2022%2F05%2F02%2Falabama-jail-escape-lauderdale-county-vicky-white-etowah-mario-centobie%2F9617830002%2F,0.34859477543226525
min_k,member,https://www.gadsdentimes.com/story/news/2022/08/31/attalla-double-murder-case-expected-go-trial-january-joseph-randel-brown/65461894007/,7.366105668088223
min_k,member,https://www.gadsdentimes.com/restricted/?return=https%3A%2F%2Fwww.gadsdentimes.com%2Fstory%2Fsports%2Fhigh-school%2Fsoftball%2F2022%2F05%2F16%2Fahsaa-high-school-baseball-state-championship-predictions%2F9763768002%2F,0.34859477543226525
min_k,member,https://www.gadsdentimes.com/story/sports/college/football/2022/06/13/jacksonville-state-football-rod-smith-hired-offensive-coordinator/7612679001/,6.986668649173918
min_k,member,https://www.gadsdentimes.com/story/sports/high-school/2022/05/16/etowah-baseball-catcher-tandem-among-best-ahsaa/9675598002/,6.551402795882452
min_k,member,https://www.gadsdentimes.com/story/news/2022/08/07/gadsden-city-etowah-county-attalla-school-systems-principals-list/10170783002/,7.915362114906311
min_k,member,https://www.gadsdentimes.com/story/news/2022/05/27/dna-search-angel-finds-relatives-through-genetic-genealogy/7396520001/,7.044804457022663
min_k,member,https://www.gadsdentimes.com/story/sports/high-school/basketball/2022/05/14/jacksonville-state-alex-odam-announces-commitment-twitter/9775934002/,6.481787113582387
min_k,member,https://www.gadsdentimes.com/story/news/2022/09/06/bryant-man-killed-in-early-morning-crash-in-dekalb-county/65473968007/,5.561354740460714
min_k,member,https://www.gadsdentimes.com/story/opinion/columns/2022/07/10/elaine-h-spearman-reflects-first-black-woman-supreme-court/7820558001/,7.785261711248984
min_k,member,https://www.gadsdentimes.com/story/sports/high-school/basketball/2022/04/13/ahsaa-basketball-8-gadsden-area-players-selected-north-all-star-team/7300629001/,7.126369631567667
min_k,member,https://www.gadsdentimes.com/story/sports/high-school/2022/05/11/ahsaa-baseball-etowah-sweeps-hamilton-reach-state-championship/9675591002/,6.862490400774726
min_k,member,https://www.gadsdentimes.com/story/news/2022/06/07/etowah-republican-primary-vote-contests-heard-later-month/7530704001/,6.8737582187263335
min_k,member,https://www.gadsdentimes.com/story/sports/high-school/track-field/2022/05/06/ahsaa-track-and-field-westbrook-christians-carl-henry-breaks-shot-put-record/9679938002/,6.3612765201500485
min_k,member,https://www.gadsdentimes.com/story/news/2022/07/21/gadsden-area-excessive-heat-warning-heat-advisory/10116415002/,6.402502333245626
min_k,member,https://www.gadsdentimes.com/story/news/2022/06/15/chamber-gadsden-etowah-county-3-star-accreditation/7627609001/,6.423677111780921
min_k,member,https://www.gadsdentimes.com/story/news/2022/08/22/jacksonville-shooting-man-faces-manslaughter-charge-justin-racca/7867769001/,6.190664018193881
min_k,member,https://www.gadsdentimes.com/story/sports/college/baseball/2022/05/17/gadsden-state-names-blake-lewis-baseball-coach-athletic-director/9809700002/,5.837912631413293
min_k,member,https://www.gadsdentimes.com/story/news/local/2022/04/03/examinations-faith-spring-brings-holy-days-several-religions/7121578001/,7.156011462211609
min_k,member,https://www.gadsdentimes.com/story/news/2022/07/05/when-harry-met-archie-wade/7772755001/,8.2982021086666
min_k,member,https://www.gadsdentimes.com/story/news/2022/04/29/lauderdale-county-co-and-capital-murder-suspect-missing/9592553002/,5.09720538319021
min_k,member,https://www.gadsdentimes.com/story/news/2022/06/10/etowah-county-extension-seeks-public-input-feedback/7558917001/,7.3512118574860805
min_k,member,https://www.gadsdentimes.com/story/sports/high-school/baseball/2022/05/06/ahsaa-soccer-leah-lewis-leads-southside-over-springville-6-a-playoffs/9589654002/,6.297557887083255
min_k,member,https://www.gadsdentimes.com/story/news/2022/05/06/commissioners-approve-partnership-gadsden-sardis-city/9616035002/,7.382528298092584
min_k,member,https://www.gadsdentimes.com/story/news/2022/04/21/albertville-man-charged-sex-crimes-going-investigation/7394034001/,5.364497586792591
min_k,member,https://www.gadsdentimes.com/story/business/2022/07/11/gadsden-al-readers-choice-awards-voting-2022/10030579002/,1.7712534526363015
min_k,member,https://www.gadsdentimes.com/story/news/2022/04/04/pet-week-april-4/7247344001/,6.734221559582335
min_k,member,https://www.gadsdentimes.com/story/news/2022/07/13/gda-covid-19-state-2022-07-11-al-ntgt/65370467007/,2.7911002304103665
min_k,member,https://www.gadsdentimes.com/story/news/2022/04/28/southside-police-make-arrest-stolen-cell-phone-card-fraud-case/9575057002/,7.169969063179166
min_k,member,https://www.gadsdentimes.com/story/news/2022/05/05/one-dead-albertville-officer-involved-shooting/9666761002/,5.812467867328275
min_k,member,https://www.gadsdentimes.com/story/opinion/columns/2022/05/29/elaine-harris-spearman-looks-memorial-day/9934132002/,7.7522234670894665
min_k,member,https://www.gadsdentimes.com/story/news/2022/06/24/etowah-county-alabama-reacts-roe-v-wade-overturned/7702779001/,6.740220258025085
min_k,member,https://www.gadsdentimes.com/story/news/2022/05/09/alabamas-first-ever-ram-clinic-reports-successful-weekend/9614115002/,7.024739698127464
min_k,member,https://www.gadsdentimes.com/story/news/2022/09/02/city-of-gadsden-now-hiring-boosts-pay-offers-bonus-dispatchers/65461800007/,7.386378693580627
min_k,member,https://www.gadsdentimes.com/story/news/2022/07/28/here-five-things-gadsden-city-council-considered-week/10161572002/,6.768872827642104
min_k,member,https://www.gadsdentimes.com/story/news/2022/07/13/commissioners-renew-water-treatment-programs-county/10037504002/,7.773009693349591
min_k,member,https://www.gadsdentimes.com/story/sports/high-school/football/2022/06/02/ahsaa-football-glencoe-hires-scott-martin-football-coach/7494292001/,7.0401879737251685
min_k,member,https://www.gadsdentimes.com/story/sports/college/football/2022/08/25/jacksonville-state-football-fcs-fbs-playoff-eligible-postseason-2022/10329566002/,6.110300374527772
min_k,member,https://www.gadsdentimes.com/story/news/2022/07/11/missing-hanceville-man-found-motorcycle-crash-cullman-county/10028121002/,5.567910544077555
min_k,member,https://www.gadsdentimes.com/story/news/2022/07/26/interstate-59-motorcycle-crash-glencoe-woman-killed-man-injured/10158001002/,5.316068781049628
min_k,member,https://www.gadsdentimes.com/story/news/2022/06/13/hoke-bluff-theft-suspects-escape-kayak-ends-when-craft-flips/7614245001/,7.138479619315176
min_k,member,https://www.gadsdentimes.com/story/opinion/letters/2022/08/08/letters-editor-new-supporters/10269030002/,8.441831020208506
min_k,member,https://www.gadsdentimes.com/story/news/2022/04/01/cherokee-crash-fatal-georgia-woman-car-hit-downed-tree-left-road/7249475001/,6.577094101324314
min_k,member,https://www.gadsdentimes.com/story/sports/high-school/baseball/2022/04/18/ahsaa-sports-poll-gadsden-area-boys-high-school-athlete-week/7328896001/,6.4429550772127895
min_k,member,https://www.gadsdentimes.com/story/news/2022/07/23/jacksonville-state-recognizes-haywoods-fountain-dedication/10099641002/,7.233005351490444
min_k,member,https://www.gadsdentimes.com/story/news/2022/07/01/4th-of-july-meaning-traditions-history/7776347001/,6.9119439742144415
min_k,member,https://www.gadsdentimes.com/story/news/2022/07/08/keeping-delicious-backyard-cooked-food-safe-eat/7823978001/,7.153995688870657
min_k,member,https://www.gadsdentimes.com/story/news/2022/05/27/some-etowah-candidate-consider-challenging-vote-if-partys-certify/9943630002/,6.797819666429
min_k,member,https://www.gadsdentimes.com/restricted/?return=https%3A%2F%2Fwww.gadsdentimes.com%2Fstory%2Fnews%2F2022%2F04%2F18%2Fcommunity-support-speaks-volumes-glencoe-family%2F7303903001%2F,0.5611111548958275
min_k,member,https://www.gadsdentimes.com/story/opinion/columns/2022/08/13/john-floyd-looks-manufacturing-center-eyo-election/10280739002/,7.31551722405662
min_k,member,https://www.gadsdentimes.com/story/news/politics/elections/local/2022/08/16/gadsden-district-7-city-council-2022-candidate-profiles/10219530002/,7.715560967160254
min_k,member,https://www.gadsdentimes.com/story/sports/high-school/football/2022/06/09/glencoe-football-coach-scott-martin-rebuilding-program-alabama-high-school/7530095001/,6.54958631291109
min_k,member,https://www.gadsdentimes.com/story/news/2022/06/12/gadsden-city-elections-qualifying-begins-tuesday-ends-june-28/7558525001/,6.221598104997114
min_k,member,https://www.gadsdentimes.com/story/opinion/columns/2022/07/24/voters-need-concerned-voting-power/10107188002/,7.427483593375937
min_k,member,https://www.gadsdentimes.com/story/news/2022/04/06/have-you-seen-missing-girl-etowah-sheriffs-office-wants-know/9492940002/,7.305636831692287
min_k,member,https://www.gadsdentimes.com/story/lifestyle/columns/2022/06/09/postcard-collection-david-murdock-discusses-hobbby/7557610001/,7.232859551421995
min_k,member,https://www.gadsdentimes.com/story/news/2022/06/03/controlling-pests-damage-summer-crops-farming/7475604001/,7.725135756777479
min_k,member,https://www.gadsdentimes.com/story/news/2022/06/23/fourth-july-events-northeast-alabama/7699078001/,6.5067337867432995
min_k,member,https://www.gadsdentimes.com/restricted/?return=https%3A%2F%2Fwww.gadsdentimes.com%2Fstory%2Fnews%2F2022%2F06%2F22%2Fold-gadsden-etowah-county-restaurants-people-miss%2F7665552001%2F,0.8536495254702459
min_k,member,https://www.gadsdentimes.com/story/sports/high-school/baseball/2022/05/09/ahsaa-baseball-pairings-schedules-gadsden-area-teams-semifinals/9675952002/,6.74045872146433
min_k,member,https://www.gadsdentimes.com/story/sports/high-school/softball/2022/06/05/gadsden-area-players-2022-ahsaa-all-state-softball-teams/7499713001/,7.113654015806424
min_k,member,https://www.gadsdentimes.com/story/news/2022/06/15/fathers-day-2022-five-facts-history-tradition-honoring-dad/9908482002/,7.4950040087980385
min_k,member,https://www.gadsdentimes.com/story/lifestyle/columns/2022/06/23/david-murdock-looks-high-price-of-well-everything/7701403001/,6.883942794039905
min_k,member,https://www.gadsdentimes.com/restricted/?return=https%3A%2F%2Fwww.gadsdentimes.com%2Fstory%2Fnews%2F2022%2F04%2F15%2Fgadsden-commercial-projects-where-do-they-stand%2F7294040001%2F,0.5611111548958275
min_k,member,https://www.gadsdentimes.com/story/news/2022/08/09/here-five-things-gadsden-city-council-considered-week/10268160002/,6.7441413048774965
min_k,member,https://www.gadsdentimes.com/story/lifestyle/columns/2022/08/18/david-murdock-on-the-changing-meaning-of-words/10348047002/,6.930220673922386
min_k,member,https://www.gadsdentimes.com/story/news/2022/06/06/25-years-day-action-june/7468442001/,8.034179781612597
min_k,member,https://www.gadsdentimes.com/restricted/?return=https%3A%2F%2Fwww.gadsdentimes.com%2Fstory%2Fsports%2Fhigh-school%2Fsoftball%2F2022%2F05%2F25%2Fahsaa-softball-best-moments-bold-predictions-gadsden-area%2F9868059002%2F,0.5672795069142011
min_k,member,https://www.gadsdentimes.com/restricted/?return=https%3A%2F%2Fwww.gadsdentimes.com%2Fstory%2Fsports%2Fhigh-school%2Fbaseball%2F2022%2F06%2F23%2Fetowah-county-high-school-baseball-all-teams-2022-season-alabama%2F7648985001%2F,0.5629431392984164
min_k,member,https://www.gadsdentimes.com/story/sports/college/football/2022/04/09/jacksonville-state-football-quarterback-zion-webb-building-connection-pj-wells/9497481002/,5.952403899305356
min_k,member,https://www.gadsdentimes.com/story/news/crime/2022/08/28/betty-wilson-case-books-tv-true-crime-series-podcasts-murder/10312258002/,7.81021548377143
min_k,member,https://www.gadsdentimes.com/story/news/2022/05/31/gadsden-dentists-become-first-father-son-duo-awarded-uab-alumni-awards/9924835002/,6.696558683346479
min_k,member,https://www.gadsdentimes.com/story/news/2022/07/18/rainbow-city-names-holderfield-interim-police-chief-commends-officers/10049476002/,7.266413503064367
min_k,member,https://www.gadsdentimes.com/restricted/?return=https%3A%2F%2Fwww.gadsdentimes.com%2Fstory%2Fnews%2F2022%2F05%2F17%2Fcorrections-officers-inmate-interaction-red-flags-casey-vicky-white%2F9779052002%2F,0.5940342050707841
min_k,member,https://www.gadsdentimes.com/story/news/2022/04/20/gadsden-council-oks-incentives-grocery-store-gadsden-mall/7373977001/,7.201441384650566
min_k,member,https://www.gadsdentimes.com/story/news/2022/04/22/guilty-capital-murder-verdict-delivered-2016-riddles-bend-case/7411256001/,7.3272480034828185
min_k,member,https://www.gadsdentimes.com/story/news/2022/06/11/rainbow-city-man-dead-after-friday-night-rampage-identified/7592658001/,7.246986862384912
min_k,member,https://www.gadsdentimes.com/story/news/2022/09/17/alabama-governor-kay-ivey-bankston-motor-homes-opens-new-sales-service-facility-in-attalla/69498067007/,7.3517647335926695
min_k,member,https://www.gadsdentimes.com/story/news/2022/07/15/extension-launches-farming-basics-podcast/10043876002/,7.234494046467106
min_k,member,https://www.gadsdentimes.com/story/news/2022/06/09/etowah-county-commissioners-vote-no-help-board-registrars/7553009001/,7.2663913057205525
min_k,member,https://www.gadsdentimes.com/story/sports/high-school/baseball/2022/04/19/piedmont-baseball-21-game-winning-streak-going-into-ahsaa-playoffs/9513771002/,6.4301718564137165
min_k,member,https://www.gadsdentimes.com/story/sports/high-school/baseball/2022/05/16/ahsaa-baseball-piedmont-takes-game-1-class-3-a-state-championship-series/9763871002/,6.700500438415927
min_k,member,https://www.gadsdentimes.com/story/news/2022/06/01/press-issues-delay-wednesday-print-edition/7465381001/,6.764086931943893
min_k,member,https://www.gadsdentimes.com/story/news/2022/05/04/commissioners-announce-rainbow-city-mega-site-partnership/9616040002/,7.096734137446792
min_k,member,https://www.gadsdentimes.com/story/news/2022/08/18/art-music-storytelling-event-mentone/10342954002/,8.239864074822629
min_k,member,https://www.gadsdentimes.com/story/news/2022/08/16/gadsden-trolley-service-polls-election-day/10329051002/,7.300808819328866
min_k,member,https://www.gadsdentimes.com/story/news/2022/04/08/aderholt-asking-questions-etowah-detainee-removal/9499634002/,6.879567495206508
min_k,member,https://www.gadsdentimes.com/story/news/2022/05/30/southside-rainbow-city-firefighters-search-man-coosa-river/9996191002/,6.036492643934308
min_k,member,https://www.gadsdentimes.com/story/sports/high-school/track-field/2022/05/03/ahsaa-track-and-field-etowah-county-state-qualifiers/9616706002/,6.8962574253602895
min_k,member,https://www.gadsdentimes.com/story/news/2022/06/13/attalla-fire-allows-gadsden-fire-department-assistance/7596231001/,6.29788394713066
min_k,member,https://www.gadsdentimes.com/story/news/2022/07/14/alabama-power-customers-start-seeing-increased-bills-august/10048555002/,6.1375648975372314
min_k,member,https://www.gadsdentimes.com/videos/news/2022/05/03/lauderdale-county-jailer-vicky-white-leaving-jail-casey-white-alabama-video/9636719002/,7.885894000530243
min_k,member,https://www.gadsdentimes.com/story/news/2022/04/17/gadsden-leaders-hear-pitch-city-subsidized-spay-neuter-program/7304969001/,7.125022833259942
min_k,member,https://www.gadsdentimes.com/story/news/2022/07/01/second-etowah-county-tomato-taste-off-july-9/7776227001/,7.654325300508791
min_k,member,https://www.gadsdentimes.com/story/news/2022/04/01/frank-helderman-jr-obituary/7234326001/,6.813826888147061
min_k,member,https://www.gadsdentimes.com/story/news/2022/08/02/gadsden-airport-authority-must-answer-open-meetings-violation-claims/10200383002/,7.098807083087021
min_k,member,https://www.gadsdentimes.com/story/news/2022/09/09/events-of-911-to-be-remembered-in-ceremony-sunday-gadsden/66947458007/,6.2678294365222635
min_k,member,https://www.gadsdentimes.com/story/news/2022/06/22/lgbtq-gadsden-youth-encouraged-participate-pride-celebration/7692854001/,7.115298241607903
min_k,member,https://www.gadsdentimes.com/story/news/2022/08/25/sand-mountain-park-albertville-alabama-largest-outdoor-ice-rink-coming/7869419001/,6.827529826334545
min_k,member,https://www.gadsdentimes.com/story/news/2022/06/09/police-incident-walnut-park-school/7567393001/,6.297416910833242
min_k,member,https://www.gadsdentimes.com/story/opinion/columns/2022/05/28/john-f-floyd-looks-memorial-day/9961254002/,7.7317309299098795
min_k,member,https://www.gadsdentimes.com/story/news/2022/06/02/gadsden-moves-forward-lease-ida-venue-expansion-project/7467697001/,6.93339581238596
min_k,member,https://www.gadsdentimes.com/story/news/2022/08/01/travel-chance-see-country-meet-people/10183825002/,8.06909361852479
min_k,member,https://www.gadsdentimes.com/story/news/2022/07/09/lions-club-city-election-forum-july-18/10017607002/,7.268918319181963
min_k,member,https://www.gadsdentimes.com/story/sports/college/2022/09/10/jacksonville-state-football-vs-murray-state-score-live-updates/65471896007/,6.262416044871013
min_k,member,https://www.gadsdentimes.com/story/news/2022/06/06/jsu-marching-southerners-prepare-d-day-2024/7533664001/,6.712167234131784
min_k,member,https://www.gadsdentimes.com/story/news/2022/04/21/gscc-theater-production-debuts/7395127001/,7.237441010270382
min_k,member,https://www.gadsdentimes.com/story/news/2022/05/01/lauderdale-county-jail-inmate-escape-corrections-officer-case-reward-offered/9609347002/,5.652674791947851
min_k,member,https://www.gadsdentimes.com/story/news/2022/04/22/preparations-underway-alabamas-first-ram-clinic/7363290001/,6.62797178663649
min_k,member,https://www.gadsdentimes.com/story/sports/high-school/softball/2022/05/23/ahsaa-vote-athlete-week-gadsden-area-may-16-22/9867986002/,6.732683569637697
min_k,member,https://www.gadsdentimes.com/story/news/2022/08/05/only-drill-attalla-police-training-friday-attalla-elementary/10245465002/,6.902642652392387
min_k,member,https://www.gadsdentimes.com/story/lifestyle/columns/2022/08/04/david-murdock-contemplates-brand-loyalty/10228524002/,7.3274768721312284
min_k,member,https://www.gadsdentimes.com/story/news/2022/08/31/labor-day-2022-gadsden-art-music-more-to-kick-off-weekend/65462257007/,7.677017732100054
min_k,member,https://www.gadsdentimes.com/story/news/2022/07/11/etowah-county-man-killed-hit-and-run-sardis/10028925002/,6.369880825281143
min_k,member,https://www.gadsdentimes.com/story/news/2022/08/02/prepare-high-temperatures-gadsdens-upcoming-first-friday/10207208002/,7.0497146473136
min_k,member,https://www.gadsdentimes.com/story/sports/high-school/softball/2022/05/07/ahsaa-softball-schedules-and-pairings-central-regional-albertville/9676010002/,5.752615016572019
min_k,member,https://www.gadsdentimes.com/story/news/2022/08/16/atttalla-city-council-dangerous-animals-exotic-pets-cruelty-camp-sibert-neighborhood/10327306002/,7.330923044404318
min_k,member,https://www.gadsdentimes.com/story/sports/2022/04/21/ground-broken-westbrook-athletic-facility/7358645001/,6.472447350405265
min_k,member,https://www.gadsdentimes.com/story/news/2022/06/29/sylacauga-man-dies-after-motorcycle-hits-deer-dekalb-county-crash/7771519001/,5.192014155564485
min_k,member,https://www.gadsdentimes.com/story/news/2022/07/01/water-park-near-gadsden-al-offer-fun-family-albertville-cullman/7765206001/,6.548686033562769
min_k,member,https://www.gadsdentimes.com/story/sports/high-school/basketball/2022/05/27/john-broom-mississippi-state-clemson-basketball-recruiting-cade-phillips-tennessee/9949373002/,6.322974017285925
min_k,member,https://www.gadsdentimes.com/story/sports/high-school/baseball/2022/05/18/ahsaa-baseball-mobile-christian-defeats-etowah-win-class-4-a-state-championship/9763925002/,6.77473016752713
min_k,member,https://www.gadsdentimes.com/story/news/2022/05/18/downtown-dance-conservatory-presents-sleeping-beauty-weekend/9811458002/,8.318129532579063
min_k,member,https://www.gadsdentimes.com/story/news/2022/06/01/boaz-police-vehicle-hit-during-traffic-stop-causes-minor-injuries/7470193001/,6.479556460878742
min_k,member,https://www.gadsdentimes.com/story/news/2022/09/09/kings-olive-oil-gadsden-al-earns-alabama-retailer-of-year-award/67029250007/,7.0740809715711155
min_k,member,https://www.gadsdentimes.com/story/news/2022/05/03/new-posters-reward-u-s-marshals-lauderdale-escape-case/9623944002/,6.122990422600868
min_k,member,https://www.gadsdentimes.com/story/news/2022/04/12/free-gas-bowling-tap-weekend-via-smith-new-destiny/7293620001/,7.047821987758983
min_k,member,https://www.gadsdentimes.com/story/news/politics/elections/local/2022/09/14/gadsden-mayoral-contenders-debate-thursday-ahead-runoff/69492115007/,7.413403543453772
min_k,member,https://www.gadsdentimes.com/story/news/2022/08/05/back-school-gadsden-city-system/10163084002/,6.788754716211436
min_k,member,https://www.gadsdentimes.com/story/news/2022/07/29/gscc-advanced-manufacturing-center-gets-green-light/10174941002/,6.874487325256946
min_k,member,https://www.gadsdentimes.com/story/news/2022/04/13/smoke-falls-2022-results/7283228001/,8.760839181230558
min_k,member,https://www.gadsdentimes.com/story/news/2022/06/13/st-clair-crash-injured-state-trooper-other-driver-59/7616480001/,5.699287383787094
min_k,member,https://www.gadsdentimes.com/story/sports/college/football/2022/08/25/jacksonville-state-football-how-watch-rich-rodriguezs-debut/10319162002/,5.445768840496356
min_k,member,https://www.gadsdentimes.com/story/news/politics/elections/local/2022/08/11/gadsden-district-3-board-education-2022-meet-candidates-q-a/10149122002/,7.67337991955044
min_k,member,https://www.gadsdentimes.com/story/news/2022/05/02/warrant-issued-alabama-officer-vicky-white-orchestrated-escape-inmate-casey-white/9616341002/,6.652417957782745
min_k,member,https://www.gadsdentimes.com/story/news/2022/09/16/change-coming-in-sports-project-leadership-as-field-work-continues/69495285007/,7.671479125428044
min_k,member,https://www.gadsdentimes.com/story/news/2022/04/22/dgi-hosts-biennial-meeting/7363286001/,7.3214289936526065
min_k,member,https://www.gadsdentimes.com/story/news/2022/07/29/worlds-longest-yard-sale-2022-august-gadsden-etowah-county/10116714002/,7.015397694052719
min_k,member,https://www.gadsdentimes.com/story/sports/nfl/2022/06/06/chicago-bears-q-a-receiver-darnell-mooney-football-camp/9968417002/,6.542554986274848
min_k,member,https://www.gadsdentimes.com/story/sports/2022/04/02/gadsdens-mathis-earns-spot-softball-hof/7251894001/,7.615353918075561
min_k,member,https://www.gadsdentimes.com/story/news/2022/08/09/gsccs-advanced-manufacturing-center-and-its-impact-career-training/10213248002/,6.972656363790685
min_k,member,https://www.gadsdentimes.com/story/news/2022/08/19/rainsville-spill-cleanup-continues-truck-leaked-peracetic-acid-dekalb-county/7843229001/,7.648581771289601
min_k,member,https://www.gadsdentimes.com/story/news/2022/04/12/what-happens-when-animal-stays-shelter-long-time/9472550002/,6.864046566217326
min_k,member,https://www.gadsdentimes.com/story/news/2022/07/08/theatre-gadsdens-big-river-bring-laughs-and-lessons-ritz/10005817002/,6.961605781057607
min_k,member,https://www.gadsdentimes.com/story/news/2022/04/01/etowah-fires-blazes-keener-area-attalla-scorch-some-386-acres/7229193001/,7.421181442501308
min_k,member,https://www.gadsdentimes.com/story/news/2022/04/08/albertville-police-seek-motive-fatal-shooting-thursday-afternoon/9512132002/,6.560487761864295
min_k,member,https://www.gadsdentimes.com/story/news/2022/08/10/painting-gadsden-blue-child-abuse-awareness-month/10268114002/,6.933453891728376
min_k,member,https://www.gadsdentimes.com/story/news/2022/07/14/gadsden-man-32-killed-motorcycle-crash-monday-noccalula-road/10061269002/,5.561033330465618
min_k,member,https://www.gadsdentimes.com/story/sports/high-school/baseball/2022/04/30/ahsaa-baseball-trace-thomson-leads-etowah-past-westminster-christian/7383260001/,6.403426729602578
min_k,member,https://www.gadsdentimes.com/story/news/2022/04/14/etowah-veterans-board-needed-manage-property-donated-wwii-vets/7296731001/,6.787986932482038
min_k,member,https://www.gadsdentimes.com/story/sports/high-school/football/2022/05/25/ahsaa-football-sardis-football-coach-gene-hill-steps-down/9924188002/,6.6246841227422
min_k,member,https://www.gadsdentimes.com/story/news/politics/elections/2022/05/20/house-29-candidates-mark-gidley-and-jamie-grant-answer-questions/9861992002/,6.8396642186023575
min_k,member,https://www.gadsdentimes.com/story/news/2022/07/09/reward-offered-july-5-slaying-gadsden/10013863002/,4.600854463875294
min_k,member,https://www.gadsdentimes.com/story/news/2022/07/04/pet-week-july-4/7789158001/,6.762201407376458
min_k,member,https://www.gadsdentimes.com/story/opinion/columns/guest/2022/09/02/rendering-plant-fight-was-about-economics/65470516007/,7.84494148829337
min_k,member,https://www.gadsdentimes.com/story/news/2022/07/19/etowah-investigators-charge-georgia-man-child-porn-other-charges/10097539002/,5.95957894678469
min_k,member,https://www.gadsdentimes.com/story/news/2022/08/12/hsprac-partners-petco-new-adoption-initiative/10278299002/,6.978340171905885
min_k,member,https://www.gadsdentimes.com/story/opinion/columns/2022/09/04/elaine-harris-spearman-says-people-should-get-energized-to-vote/65464158007/,7.4694402888863385
min_k,member,https://www.gadsdentimes.com/story/opinion/columns/2022/08/06/john-floyd-discusses-open-records-suit-against-airport-authority/10223765002/,7.7603838150514
min_k,member,https://www.gadsdentimes.com/story/news/2022/05/20/4-h-chick-chain-program/9837719002/,7.743380794525146
min_k,member,https://www.gadsdentimes.com/story/news/2022/05/06/crash-etowah-county-closes-one-southbound-lane-59/9680283002/,6.897161940733592
min_k,member,https://www.gadsdentimes.com/story/news/2022/07/22/alabama-weather-how-aware-and-prepared-heat/10107165002/,6.550696775648329
min_k,member,https://www.gadsdentimes.com/story/news/2022/09/12/motorcycle-crash-results-in-mans-death/69486366007/,6.247991600036621
min_k,member,https://www.gadsdentimes.com/story/news/2022/08/20/alabama-troopers-wrecks-kill-steele-woman-hanceville-man/7854694001/,5.955939420947322
min_k,member,https://www.gadsdentimes.com/story/news/2022/05/27/woman-learns-father-finds-sister-through-dna-search-angel/7396489001/,7.7202268956781746
min_k,member,https://www.gadsdentimes.com/story/lifestyle/columns/2022/04/10/david-murdock-looks-memory-and-perception/9489149002/,7.2490446416158525
min_k,member,https://www.gadsdentimes.com/story/news/2022/07/15/calhoun-county-crash-claims-life-florida-truck-driver/10066705002/,5.250032039789053
min_k,member,https://www.gadsdentimes.com/story/news/2022/05/18/etowah-county-graduation-ceremonies-times-and-dates/9795232002/,7.071352177771969
min_k,member,https://www.gadsdentimes.com/story/lifestyle/columns/2022/04/03/david-murdocks-tales-front-porch/7217284001/,7.753776739081558
min_k,member,https://www.gadsdentimes.com/story/opinion/columns/2022/06/19/elaine-harris-spearman-fathers-day/7627727001/,7.373425045838723
min_k,member,https://www.gadsdentimes.com/story/opinion/columns/2022/07/09/john-floyd-looks-foia-info-rendering-plant/7823495001/,8.346848837219843
min_k,member,https://www.gadsdentimes.com/story/opinion/columns/2022/08/07/gadsden-needs-drum-major-and-backing-band/10219345002/,7.58631074272389
min_k,member,https://www.gadsdentimes.com/story/news/2022/04/26/guilty-verdict-delivered-quickly-after-witnesses-detail-2016-slaying/7418243001/,7.002748673962008
min_k,member,https://www.gadsdentimes.com/story/news/2022/08/28/learn-how-safely-cope-farm-equipment-roads/7837654001/,6.944154281060673
min_k,member,https://www.gadsdentimes.com/story/news/politics/elections/2022/05/19/etowah-county-sheriff-primary-candidates-jonathon-horton-leonard-kiser/9822249002/,7.5661931182398945
min_k,member,https://www.gadsdentimes.com/story/sports/2022/06/23/roberta-alison-baumgardner-mens-tennis-title-ix-female-athletes/9838951002/,7.3010294931428925
min_k,member,https://www.gadsdentimes.com/story/news/2022/07/14/donaldson-prison-death-calvin-turner-gadsden-serving-sentence-1988-murder-case/10042345002/,6.479810590744019
min_k,member,https://www.gadsdentimes.com/story/news/2022/05/22/shooting-pell-city-results-four-dead/9884896002/,5.908328424800526
min_k,member,https://www.gadsdentimes.com/story/news/2022/08/08/gadsden-gscc-sports-park-phase-1-ribbon-cutting/10218631002/,7.058266762937053
min_k,member,https://www.gadsdentimes.com/story/news/2022/05/04/aldot-director-said-759-connector-project-take-five-years/9643103002/,7.146301681345159
min_k,member,https://www.gadsdentimes.com/story/news/2022/04/07/fake-officer-stops-vehicle/9494841002/,7.410962234843861
min_k,member,https://www.gadsdentimes.com/story/news/politics/elections/2022/05/19/etowah-county-primary-commission-district-4-tim-ramsey-jeff-overstreet/9823125002/,7.256985958021057
min_k,member,https://www.gadsdentimes.com/story/lifestyle/columns/2022/05/26/david-murdock-looks-memorial-day/9933759002/,7.2332234608715975
min_k,member,https://www.gadsdentimes.com/story/news/2022/07/21/etowah-county-sports-complex-fields-should-ready-october/10085321002/,7.907056963885272
min_k,member,https://www.gadsdentimes.com/story/news/2022/05/28/applications-cooling-assistance-program-open-next-month/9958861002/,6.980805993080139
min_k,member,https://www.gadsdentimes.com/story/sports/high-school/soccer/2022/05/02/poll-gadsden-area-girls-high-school-athlete-week-voting/9589568002/,6.283149019265786
min_k,member,https://www.gadsdentimes.com/story/news/2022/04/09/car-crash-dekalb-county-ider-alabama-two-killed-alea/9526905002/,6.661929460672232
min_k,member,https://www.gadsdentimes.com/story/news/2022/07/12/casey-white-charged-murder-vicky-whites-death/10038394002/,6.014537941164045
min_k,member,https://www.gadsdentimes.com/story/news/2022/04/19/etowah-absentee-voting-may-primary-how-apply-what-deadlines/7355874001/,5.63958645867301
min_k,member,https://www.gadsdentimes.com/story/sports/college/2022/08/25/jacksonville-state-football-stephen-f-austin-spying-coach-rich-rodriguez/65419151007/,8.153698329002626
min_k,member,https://www.gadsdentimes.com/story/news/2022/08/15/covid-etowah-county-al-cases-surge/65403383007/,3.5228939067089446
min_k,member,https://www.gadsdentimes.com/story/sports/high-school/soccer/2022/04/08/ahsaa-boys-soccer-four-southside-players-fasting-during-ramadan/9506355002/,6.844495435779014
min_k,member,https://www.gadsdentimes.com/story/lifestyle/columns/2022/07/22/david-murdock-choosing-words-look-sound-right/10120498002/,7.532508779592551
min_k,member,https://www.gadsdentimes.com/story/news/2022/06/03/atv-crash-claims-life-sylacauga-teenager/7502496001/,5.281704275231612
min_k,member,https://www.gadsdentimes.com/story/news/2022/07/15/sardis-city-fatal-hit-and-run-warrant-issued-man/10068055002/,6.528552761617696
min_k,member,https://www.gadsdentimes.com/story/sports/high-school/softball/2022/05/17/ahsaa-sports-top-performers-gadsden-area-baseball-softball-championships/9763936002/,5.8307290967688505
min_k,member,https://www.gadsdentimes.com/story/news/2022/08/22/gadsden-al-covid-cases-death-tracker/65413138007/,3.237003494909648
min_k,member,https://www.gadsdentimes.com/story/news/2022/05/24/georgia-woman-succumbs-injuries-dekalb-county-motorcycle-crash/9915397002/,6.239218181179416
min_k,member,https://www.gadsdentimes.com/story/news/2022/04/21/centre-man-charged-murder-another-sought-georgia-mans-death/7394106001/,5.918111953242072
min_k,member,https://www.gadsdentimes.com/story/news/2022/09/13/from-land-or-riverbank-enjoy-a-free-showing-of-jaws-saturday-night/69486393007/,7.985574239566002
min_k,member,https://www.gadsdentimes.com/story/news/2022/06/21/walnut-gallery-renovations-underway-should-completed-july/7634994001/,6.8646788048229626
min_k,member,https://www.gadsdentimes.com/story/news/2022/07/04/calhoun-county-kidnap-victim-rescued-subject-sought/7806904001/,6.505610799367449
min_k,member,https://www.gadsdentimes.com/story/news/2022/07/14/five-year-old-dies-after-being-hit-vehicle-gadsden/10057076002/,5.98071989218394
min_k,member,https://www.gadsdentimes.com/story/sports/high-school/baseball/2022/04/26/poll-gadsden-area-boys-high-school-athlete-third-week-april/7383221001/,6.282062163030295
min_k,member,https://www.gadsdentimes.com/story/news/2022/08/30/purple-onion-new-eatery-is-opening-slowly-working-to-get-fully-staffed/7879570001/,7.272320727832982
min_k,member,https://www.gadsdentimes.com/story/news/2022/07/21/etowah-county-sell-warehouse-thomas-drive-buy-baker-tire-site/10097908002/,7.8730550679293545
min_k,member,https://www.gadsdentimes.com/story/news/2022/08/04/covid-cases-increase-students-head-back-school/10231486002/,6.81924182927167
min_k,member,https://www.gadsdentimes.com/story/sports/college/baseball/2022/08/15/alabama-state-associate-ad-fred-sington-q-a-hbcu/10271906002/,6.967927701188704
min_k,nonmember,https://www.gadsdentimes.com/story/news/politics/elections/local/2022/09/16/profile-of-gadsden-mayoral-contender-craig-ford/69492534007/,6.898501878046285
min_k,nonmember,https://www.gadsdentimes.com/story/opinion/columns/2022/07/23/john-floyd-gets-up-close-look-blue-angels/10107181002/,7.401823656899588
min_k,nonmember,https://www.gadsdentimes.com/story/news/2022/06/14/grmc-unveils-new-childbirth-technology/7582948001/,6.664033564237448
min_k,nonmember,https://www.gadsdentimes.com/story/news/2022/05/09/gscc-valley-street-campus-honors-dr-gertie-lowe/9630413002/,6.59636041853163
min_k,nonmember,https://www.gadsdentimes.com/story/news/2022/09/17/alabama-211-closed-scenic-drive-i-59-monday-water-work/69498877007/,8.080225212233406
min_k,nonmember,https://www.gadsdentimes.com/story/news/2022/08/04/gadsden-city-school-board-names-assistant-superintendent/10226289002/,7.410793262979259
min_k,nonmember,https://www.gadsdentimes.com/story/news/2022/08/17/democrats-host-discussion-debate-4th-district-issues-gadsden/10351651002/,7.593074399071771
min_k,nonmember,https://www.gadsdentimes.com/story/news/2022/06/02/marshall-county-probe-leads-cos-arrest-drug-contraband-charges/7489335001/,5.37639853509806
min_k,nonmember,https://www.gadsdentimes.com/story/news/2022/08/05/etowah-county-4-h-kicks-off-busy-year/10228629002/,7.272977530010163
min_k,nonmember,https://www.gadsdentimes.com/story/sports/high-school/2022/09/10/gadsdens-top-high-school-football-and-volleyball-performances-week-3/65471881007/,6.57514031549518
min_k,nonmember,https://www.gadsdentimes.com/restricted/?return=https%3A%2F%2Fwww.gadsdentimes.com%2Fstory%2Fsports%2Fhigh-school%2Fsoftball%2F2022%2F05%2F09%2Fahsaa-softball-gadsden-area-players-watch-regionals%2F9675505002%2F,0.34859477543226525
min_k,nonmember,https://www.gadsdentimes.com/story/news/2022/06/06/etowah-commission-race-contest-state-democrats-may-decide/7513880001/,7.4951922219050555
min_k,nonmember,https://www.gadsdentimes.com/story/sports/high-school/baseball/2022/06/12/ahsaa-gadsden-area-players-named-2022-all-state-baseball-teams/7506130001/,7.022380733138729
min_k,nonmember,https://www.gadsdentimes.com/story/news/2022/05/25/ballot-issue-impacts-primary-elections/9924046002/,6.971953972757862
min_k,nonmember,https://www.gadsdentimes.com/story/news/2022/04/26/eura-brown-celebrates-return-serendipity-day/7439684001/,6.570189873865045
min_k,nonmember,https://www.gadsdentimes.com/story/news/2022/06/21/national-guard-gaa-city-gadsden-say-runway-lengthened/7681717001/,6.033372965725985
min_k,nonmember,https://www.gadsdentimes.com/story/news/2022/04/18/talladega-man-killed-sunday-night-atv-crash/7354904001/,5.553324258688725
min_k,nonmember,https://www.gadsdentimes.com/story/lifestyle/columns/2022/07/15/david-murdock-discusses-his-love-crosswords/10059842002/,7.917536677344371
min_k,nonmember,https://www.gadsdentimes.com/story/news/2022/08/12/gadsden-alabama-firefighter-lawsuit-pay-violations-fire-department/10297492002/,6.640375820601859
min_k,nonmember,https://www.gadsdentimes.com/story/news/2022/04/15/calhoun-county-school-bus-crash-probed-no-injures-reported/7325188001/,5.739723489834712
min_k,nonmember,https://www.gadsdentimes.com/story/news/2022/07/13/gadsden-doctor-murray-riggins-dies-67/10030691002/,6.867214541177492
min_k,nonmember,https://www.gadsdentimes.com/story/sports/high-school/baseball/2022/05/02/ahsaa-baseball-pairings-schedules-gadsden-area-teams/9614482002/,6.455875664949417
min_k,nonmember,https://www.gadsdentimes.com/story/news/2022/06/24/best-practices-home-canning/7701778001/,7.734431205257293
min_k,nonmember,https://www.gadsdentimes.com/story/news/2022/08/18/rainsville-al-crash-truck-overturns-hazmat-spill-detours-dekalb-county/7834668001/,7.244757797144636
min_k,nonmember,https://www.gadsdentimes.com/story/news/2022/05/09/craig-pruett-home-after-269-days-hospitalized-covid-19/9700479002/,6.375589074354905
min_k,nonmember,https://www.gadsdentimes.com/restricted/?return=https%3A%2F%2Fwww.gadsdentimes.com%2Fstory%2Fsports%2Fhigh-school%2Fbaseball%2F2022%2F04%2F18%2Fahsaa-baseball-18-gadsden-area-players-watch-first-round-playoffs%2F7328897001%2F,0.5611111548958275
min_k,nonmember,https://www.gadsdentimes.com/story/sports/college/baseball/2022/04/01/college-baseball-eastern-kentucky-end-jacksonville-states-winning-streak/7245276001/,5.8424714253498955
min_k,nonmember,https://www.gadsdentimes.com/story/news/2022/08/26/girl-injured-in-dog-attack-wednesday-in-north-gadsden/65458390007/,6.3963626225789385
min_k,nonmember,https://www.gadsdentimes.com/restricted/?return=https%3A%2F%2Fwww.gadsdentimes.com%2Fstory%2Fnews%2F2022%2F06%2F23%2Fhow-folk-af-became-rock-solid-staple-community%2F7608734001%2F,0.5629431392984164
min_k,nonmember,https://www.gadsdentimes.com/story/opinion/columns/2022/04/24/us-needs-people-willing-explore-diverse-careers/7385669001/,7.81949083348538
min_k,nonmember,https://www.gadsdentimes.com/story/sports/college/football/2022/04/09/jacksonville-state-football-first-spring-game-takes-place-under-rich-rodriguez/7244650001/,6.565414525092916
min_k,nonmember,https://www.gadsdentimes.com/story/news/2022/05/02/steele-dragway-incident-kills-one-man-injures-another-person/9621596002/,6.725458529260424
min_k,nonmember,https://www.gadsdentimes.com/story/news/2022/05/11/house-district-28-candidate-mack-butler-finds-mapping-error/9716340002/,6.961170457027577
min_k,nonmember,https://www.gadsdentimes.com/story/opinion/columns/2022/04/02/taxpayers-need-answers-airport/7210362001/,7.166183706392278
min_k,nonmember,https://www.gadsdentimes.com/story/lifestyle/columns/2022/06/16/fathers-day-gadsden-times-columnist-takes-look/7633446001/,7.187215628790948
min_k,nonmember,https://www.gadsdentimes.com/story/news/2022/08/01/desoto-state-park-georgia-man-outdoor-enthusiast-drowns/10201587002/,7.004898841040475
min_k,nonmember,https://www.gadsdentimes.com/story/news/2022/06/13/lowe-brothers-serving-learning-together-navy-facility-florida/7557434001/,6.67598094684737
min_k,nonmember,https://www.gadsdentimes.com/story/news/2022/04/08/galilees-robinson-mark-milestones/9477157002/,6.815283188453088
min_k,nonmember,https://www.gadsdentimes.com/story/sports/college/softball/2022/04/06/college-softball-alabama-jacksonville-state-softball-canceled/9483634002/,6.745670593486112
min_k,nonmember,https://www.gadsdentimes.com/restricted/?return=https%3A%2F%2Fwww.gadsdentimes.com%2Fstory%2Fsports%2Fhigh-school%2Fbaseball%2F2022%2F04%2F09%2Fahsaa-sports-gadsden-area-high-school-top-performers-second-week-april%2F9513782002%2F,0.5611111548958275
min_k,nonmember,https://www.gadsdentimes.com/story/news/politics/elections/2022/05/24/alabama-primary-election-2022-results-house-district-28-mack-butler/9860478002/,7.265105686935724
min_k,nonmember,https://www.gadsdentimes.com/story/news/2022/06/24/over-2-000-volunteer-hours-logged-during-day-action/7711660001/,6.6471532812905965
min_k,nonmember,https://www.gadsdentimes.com/story/news/2022/05/29/southside-police-check-security-cameras-signs-stolen-truck/9963212002/,7.29022541752568
min_k,nonmember,https://www.gadsdentimes.com/story/news/2022/04/20/gadsden-airport-authority-asks-city-400-000-pay-legal-fees/7377033001/,7.0791381026307745
min_k,nonmember,https://www.gadsdentimes.com/story/opinion/columns/2022/07/30/john-f-floyd-discusses-need-economic-development/10177673002/,7.3078732897887875
min_k,nonmember,https://www.gadsdentimes.com/story/news/2022/09/15/guntersville-man-charged-with-aggravated-assault-shooting-of-brother-alabama/69487861007/,6.597114048220894
min_k,nonmember,https://www.gadsdentimes.com/story/news/2022/04/17/search-continues-gadsden-person-believed-drowned-coosa-river/7347537001/,7.1101774426249715
min_k,nonmember,https://www.gadsdentimes.com/story/news/2022/06/29/gadsden-state-rn-program-first-its-kind-state-alabama/7728443001/,7.094901337180027
min_k,nonmember,https://www.gadsdentimes.com/story/opinion/columns/2022/05/01/respecting-rights-others/9554136002/,7.594941026286075
min_k,nonmember,https://www.gadsdentimes.com/restricted/?return=https%3A%2F%2Fwww.gadsdentimes.com%2Fstory%2Fsports%2Fhigh-school%2Ftrack-field%2F2022%2F04%2F28%2Fgadsden-high-school-track-field-athletes-watch-ahsaa-state-championships%2F7383235001%2F,0.34859477543226525
min_k,nonmember,https://www.gadsdentimes.com/story/news/2022/05/08/gadsden-al-lorraine-moore-birthday/9644993002/,7.550967866060685
min_k,nonmember,https://www.gadsdentimes.com/story/news/2022/06/16/juneteenth-origins-meanings-opinion-an-american-not-black-cultural-event/7646057001/,6.9478165865623716
min_k,nonmember,https://www.gadsdentimes.com/story/news/2022/05/24/gadsden-museum-art-exhibits-june-begin-june-3/9897180002/,8.067354511207258
min_k,nonmember,https://www.gadsdentimes.com/story/news/2022/08/23/slow-turnout-gadsden-municipal-elections-big-decisions/7875446001/,6.770591341081213
min_k,nonmember,https://www.gadsdentimes.com/story/news/2022/09/15/cherokee-county-road-crash-al-charles-grady-sharp-dead/69497392007/,6.120646434170859
min_k,nonmember,https://www.gadsdentimes.com/story/news/2022/04/07/commissioners-approve-fee-increases-finalize-plans-mcat/9472528002/,7.165520681732002
min_k,nonmember,https://www.gadsdentimes.com/story/news/politics/elections/local/2022/08/19/gadsden-district-6-city-council-2022-meet-candidates-q-a/10074880002/,7.486023938784036
min_k,nonmember,https://www.gadsdentimes.com/story/sports/pro/2022/04/21/boxing-shaquille-cameron-first-gadsden-area-boxer-making-name/7328923001/,7.467206187546253
min_k,nonmember,https://www.gadsdentimes.com/restricted/?return=https%3A%2F%2Fwww.gadsdentimes.com%2Fstory%2Fsports%2Fhigh-school%2Fbaseball%2F2022%2F04%2F18%2Fahsaa-sports-gadsden-area-high-school-top-performers-third-week-april%2F7328930001%2F,0.5611111548958275
min_k,nonmember,https://www.gadsdentimes.com/story/news/2022/07/10/roe-v-wade-ruling-alabama-department-human-resources-gadsden-agencies/7795195001/,6.355321901416347
min_k,nonmember,https://www.gadsdentimes.com/story/news/2022/05/27/dealing-product-recalls/9943854002/,6.773495506733022
min_k,nonmember,https://www.gadsdentimes.com/story/news/politics/elections/local/2022/08/19/gadsden-municipal-election-2022-voting-mayor-city-council-school-board-candidates/10342692002/,7.530204849953977
min_k,nonmember,https://www.gadsdentimes.com/story/news/2022/04/21/gadsden-drowning-victim-found-after-six-day-search-coosa/7402517001/,6.252126506612271
min_k,nonmember,https://www.gadsdentimes.com/story/news/2022/07/27/black-jacket-symphony-perform-rumors-sand-mountain-amphitheater/10159012002/,6.823708447317283
min_k,nonmember,https://www.gadsdentimes.com/story/news/2022/06/11/16th-elder-abuse-summit-held-june-15/7583758001/,6.758128299508043
min_k,nonmember,https://www.gadsdentimes.com/story/news/2022/05/19/missing-southside-man/9838333002/,6.2168866619467735
min_k,nonmember,https://www.gadsdentimes.com/story/news/2022/04/06/girl-7-killed-atv-crash-near-boaz-adult-injured/9482349002/,5.553291495029743
min_k,nonmember,https://www.gadsdentimes.com/story/sports/2022/06/20/sarah-patterson-alabama-gymnastics-title-ix-equality/9838856002/,6.757649884747632
min_k,nonmember,https://www.gadsdentimes.com/story/news/2022/07/11/southside-high-school-site-active-shooter-training-week/10029307002/,6.421042756030434
min_k,nonmember,https://www.gadsdentimes.com/story/news/2022/08/12/jackson-state-university-theater-group-presents-reimagined-romeo-and-juliet/10311001002/,7.6487570171770844
min_k,nonmember,https://www.gadsdentimes.com/story/news/2022/09/16/tractor-trailer-crash-results-in-collinsville-man-death/69500125007/,5.903286977247759
min_k,nonmember,https://www.gadsdentimes.com/story/news/2022/05/13/gadsden-state-community-college-releases-2021-annual-report/9745289002/,6.7726129519394025
min_k,nonmember,https://www.gadsdentimes.com/story/news/2022/04/18/gscc-reinstates-baseball-and-softball/7362918001/,6.7537085912381
min_k,nonmember,https://www.gadsdentimes.com/story/news/2022/07/30/car-crash-chandler-mountain-road-steele-man-dies/10191216002/,5.459154452596392
min_k,nonmember,https://www.gadsdentimes.com/story/news/2022/08/23/gadsden-mayor-election-2022-craig-ford-heather-new-runoff-race/7875463001/,7.346426732540131
min_k,nonmember,https://www.gadsdentimes.com/story/news/2022/06/13/springville-man-sentenced-60-years-guilty-child-sex-abuse/7615293001/,6.667680119711255
min_k,nonmember,https://www.gadsdentimes.com/story/sports/high-school/baseball/2022/04/12/caleb-freeman-etowah-ace-after-tommy-john-surgery-non-throwing-arm/9513736002/,6.536275247183952
min_k,nonmember,https://www.gadsdentimes.com/story/news/2022/04/14/trail-of-tears-oxford-welcomes-return-muscogee-creek-nation/9503798002/,6.9996426555088584
min_k,nonmember,https://www.gadsdentimes.com/story/news/2022/09/06/gadsden-proposed-budget-gives-raises-restores-funding-for-schools/65505991007/,6.911124431862022
min_k,nonmember,https://www.gadsdentimes.com/story/news/2022/07/19/southside-library-sponsors-field-trip-movie-version-crawdads/10074748002/,7.675410790521591
min_k,nonmember,https://www.gadsdentimes.com/story/news/2022/05/01/locals-asked-contributed-non-perishable-items-may-14-food-drive/9576174002/,6.510911923867685
min_k,nonmember,https://www.gadsdentimes.com/story/news/2022/08/17/alabama-cancer-care-center-gadsden-sells-property-construction/10341239002/,7.0668910759082735
min_k,nonmember,https://www.gadsdentimes.com/story/news/2022/04/01/best-april-fools-pranks-history/7171249001/,8.30178585592306
min_k,nonmember,https://www.gadsdentimes.com/story/news/2022/05/28/etowah-county-primary-vote-question-heres-what-happened/9960417002/,7.025668073469593
min_k,nonmember,https://www.gadsdentimes.com/story/news/2022/05/18/gadsden-state-community-college-scholarship-honors-riley-whitaker/9797537002/,6.54898704801287
min_k,nonmember,https://www.gadsdentimes.com/story/sports/high-school/softball/2022/04/27/ahsaa-softball-schedules-gadsden-area-teams-area-tournaments/9563955002/,4.07416775016909
min_k,nonmember,https://www.gadsdentimes.com/restricted/?return=https%3A%2F%2Fwww.gadsdentimes.com%2Fstory%2Fsports%2F2022%2F06%2F22%2Ftitle-ix-50-greatest-alabama-high-school-girls-athletes-50-years%2F7529948001%2F,0.8536495254702459
min_k,nonmember,https://www.gadsdentimes.com/story/news/2022/05/08/u-s-411-project-4-laning-expected-have-20-year-1-billion-impact/9673821002/,7.548722710874346
min_k,nonmember,https://www.gadsdentimes.com/story/news/2022/05/18/commissioners-approve-mega-site-base-bid/9796801002/,7.157732441669374
min_k,nonmember,https://www.gadsdentimes.com/story/news/2022/08/18/need-job-city-of-gadsden-needs-dispatchers-police-fire-fighters/10343407002/,7.120924697875976
min_k,nonmember,https://www.gadsdentimes.com/story/news/2022/08/04/attalla-superintendent-colegrove-dishes-upcoming-school-year/10060085002/,6.8876847679875475
min_k,nonmember,https://www.gadsdentimes.com/story/news/2022/04/07/competitors-vie-top-prizes-smoke-falls-2022/7250616001/,6.64801698991622
min_k,nonmember,https://www.gadsdentimes.com/story/sports/high-school/baseball/2022/04/11/ahsaa-sports-vote-gadsden-area-male-athlete-week/9513665002/,6.699093826678621
min_k,nonmember,https://www.gadsdentimes.com/story/news/2022/07/12/gadsden-high-school-reunion-gold-tiger-2022/10012750002/,7.311825564148229
min_k,nonmember,https://www.gadsdentimes.com/story/news/2022/05/04/gadsden-woman-accused-faciliating-escape/9634040002/,6.507689752886372
min_k,nonmember,https://www.gadsdentimes.com/story/news/2022/07/05/kidnapping-anniston-alabama-calhoun-county-sheriff-suspect-tony-lamar-white/7810174001/,7.0139643106166485
min_k,nonmember,https://www.gadsdentimes.com/story/news/2022/07/25/teenager-missing-boaz-police-seek-help-finding-her/10144868002/,5.78813627243042
min_k,nonmember,https://www.gadsdentimes.com/story/news/2022/06/02/dam-removal-headlines-weekly-gadsden-city-council-meeting/7455819001/,7.416570553412805
min_k,nonmember,https://www.gadsdentimes.com/story/news/2022/08/22/etowah-commission-savings-inmate-health-care-ecso-promotions-oked/7836994001/,7.824933618657729
min_k,nonmember,https://www.gadsdentimes.com/story/news/2022/05/20/annual-mccords-community-celebration-weekend-cherokee-county/9831612002/,7.766382146069384
min_k,nonmember,https://www.gadsdentimes.com/story/news/2022/09/02/gadsden-premiere-cinemas-showtimes-national-cinema-day-3-tickets-2022/65465172007/,7.00076614671452
min_k,nonmember,https://www.gadsdentimes.com/story/news/2022/07/08/59-bus-crash-attalla-injures-11-new-jersey-family-reunion-bound/10019071002/,7.417587101459503
min_k,nonmember,https://www.gadsdentimes.com/story/news/2022/04/12/marshall-county-crash-results-one-fatality/7284539001/,6.173771374365863
min_k,nonmember,https://www.gadsdentimes.com/story/news/2022/09/14/gadsden-times-hard-work-pays-off-for-new-owners-of-old-building/68102302007/,7.361991694679967
min_k,nonmember,https://www.gadsdentimes.com/story/news/2022/08/22/alea-attalla-search-yields-marijuana-money-and-guns-one-arrested/7864995001/,6.837596159714919
min_k,nonmember,https://www.gadsdentimes.com/story/sports/high-school/baseball/2022/05/17/ahsaa-baseball-state-tournament-2022-piedmont-trinity-presbyterian/9763876002/,6.14015133600486
min_k,nonmember,https://www.gadsdentimes.com/story/news/2022/05/31/gadsden-state-reports-all-time-high-dual-enrollment-students/9940423002/,6.743125905235894
min_k,nonmember,https://www.gadsdentimes.com/story/opinion/columns/2022/07/31/elaine-spearman-looks-end-rendering-plant-legal-fight/10155277002/,7.963503924723204
min_k,nonmember,https://www.gadsdentimes.com/story/sports/high-school/2022/05/13/ahsaa-soccer-ty-ferguson-scores-late-goal-lift-bayside-academy-over-collinsville/9675606002/,6.378915971639205
min_k,nonmember,https://www.gadsdentimes.com/story/opinion/columns/2022/05/08/gop-wealthy-aboard-fast-angry-train/9657456002/,8.11312163047243
min_k,nonmember,https://www.gadsdentimes.com/story/sports/college/2022/09/17/jacksonville-state-football-score-tulsa-live-updates/68196470007/,6.656008160114288
min_k,nonmember,https://www.gadsdentimes.com/story/news/2022/07/18/georgia-man-dies-after-one-car-crash-cherokee-county/10088098002/,5.932502948876583
min_k,nonmember,https://www.gadsdentimes.com/story/news/2022/04/06/singing-honor-gospel-promoter-satterfield/7250572001/,7.642852533822772
min_k,nonmember,https://www.gadsdentimes.com/story/opinion/columns/2022/04/17/gop-paints-ketanji-brown-jackson-unfair-light/7310600001/,8.343104106075359
min_k,nonmember,https://www.gadsdentimes.com/story/news/2022/04/28/cold-case-cullman-man-charged-1988-murder-massachusetts-girl/9568372002/,5.837166610445295
min_k,nonmember,https://www.gadsdentimes.com/story/sports/high-school/baseball/2022/05/02/poll-gadsden-area-boys-high-school-athlete-week-voting/9589581002/,6.236986790806794
min_k,nonmember,https://www.gadsdentimes.com/story/news/2022/04/28/gadsden-council-approves-400-000-gaa-rendering-plant-legal-fees/9544900002/,7.487337824292657
min_k,nonmember,https://www.gadsdentimes.com/story/news/2022/04/03/gadsden-partners-rescue-group-add-space-stray-animals/7216611001/,7.171131775296968
min_k,nonmember,https://www.gadsdentimes.com/story/sports/college/football/2022/07/27/jacksonville-state-rich-rodriguez-frustrated-after-first-fall-practice/10132996002/,7.00606373593777
min_k,nonmember,https://www.gadsdentimes.com/story/sports/high-school/football/2022/08/26/alabama-high-school-football-scores-live-updates-gadsden-week-1/10297303002/,5.807557821273804
min_k,nonmember,https://www.gadsdentimes.com/story/sports/high-school/baseball/2022/05/16/poll-gadsden-area-boys-high-school-athlete-week-voting/9763857002/,6.167217537908271
min_k,nonmember,https://www.gadsdentimes.com/story/opinion/columns/2022/06/04/turmoil-and-poor-leadership-united-states/7499983001/,7.498261947257846
min_k,nonmember,https://www.gadsdentimes.com/story/opinion/columns/2022/06/12/elaine-h-spearman-speech-and-consequences/7558111001/,7.948152047451411
min_k,nonmember,https://www.gadsdentimes.com/restricted/?return=https%3A%2F%2Fwww.gadsdentimes.com%2Fstory%2Fnews%2F2022%2F05%2F27%2Fetowah-county-vote-can-primary-election-2022-plagued-ballot-questions-made-right%2F9943723002%2F,0.5672795069142011
min_k,nonmember,https://www.gadsdentimes.com/story/news/2022/08/23/gadsden-property-tax-millage-leave-school-system-1-million-short/7832852001/,7.055517801096742
min_k,nonmember,https://www.gadsdentimes.com/story/news/2022/05/02/prison-escapee-kyle-captured/9615773002/,5.895223327305006
min_k,nonmember,https://www.gadsdentimes.com/story/news/politics/elections/local/2022/08/15/gadsden-district-1-city-council-2022-meet-candidates-q-a/10090126002/,6.968394819427939
min_k,nonmember,https://www.gadsdentimes.com/story/news/2022/06/17/albertville-plant-dedicates-memorial-employees-slain-one-year-ago/7651946001/,6.994892799377442
min_k,nonmember,https://www.gadsdentimes.com/story/news/2022/08/04/here-five-takeaways-etowah-county-commissions-meeting/10212867002/,7.874080340067546
min_k,nonmember,https://www.gadsdentimes.com/story/news/2022/07/25/covid-19-alabama-2022-07-25-etowah-county/65381513007/,2.915116824115617
min_k,nonmember,https://www.gadsdentimes.com/story/news/2022/07/28/glencoe-man-dies-motorcycle-crash-i-59/10172235002/,6.825174794477575
min_k,nonmember,https://www.gadsdentimes.com/story/news/2022/08/17/talladega-national-forest-shooting-camp-kid-gun-camping-adam-simjee/10350046002/,6.6668357965422835
min_k,nonmember,https://www.gadsdentimes.com/story/news/2022/08/30/gadsden-interstate-759-new-eastern-connector-route-plan-unveiled/65419651007/,7.710659045851632
min_k,nonmember,https://www.gadsdentimes.com/restricted/?return=https%3A%2F%2Fwww.gadsdentimes.com%2Fstory%2Fnews%2F2022%2F06%2F03%2Fproject-venue-offer-shared-coworking-space-boost-businesses%2F7483481001%2F,0.698586942403031
min_k,nonmember,https://www.gadsdentimes.com/story/news/2022/05/09/casey-white-custody-vicky-white-hospitalized-after-chase-indiana/9709718002/,6.602869932992117
min_k,nonmember,https://www.gadsdentimes.com/story/opinion/columns/2022/06/18/airport-needs-grant-money-people-with-expertise/7635497001/,7.413624293213591
min_k,nonmember,https://www.gadsdentimes.com/story/news/2022/05/27/gadsden-city-council-covers-numerous-topics-latest-meeting/9908958002/,7.063806954552145
min_k,nonmember,https://www.gadsdentimes.com/story/news/politics/elections/2022/05/24/alabama-primary-election-results-2022-etowah-sheriff-jonathon-horton/9860458002/,7.648109031760174
min_k,nonmember,https://www.gadsdentimes.com/story/news/2022/07/06/anniston-man-kidnapping-suspect-custody-probe-continues/7821254001/,6.903725448962861
min_k,nonmember,https://www.gadsdentimes.com/story/lifestyle/columns/2022/09/08/david-murdock-on-the-lords-opportune-time/65471171007/,7.645455028861761
min_k,nonmember,https://www.gadsdentimes.com/story/news/2022/08/23/i-759-gadsden-al-project-learn-more-speak-out-aldot-meeting/7866201001/,6.900783043873461
min_k,nonmember,https://www.gadsdentimes.com/story/news/2022/05/10/gadsden-state-community-college-valley-street-campus-summer-youth-camp/9716173002/,6.973875105381012
min_k,nonmember,https://www.gadsdentimes.com/story/news/2022/07/27/michael-mccartney-gadsden-al-dies-former-auburn-university-board-trustee/10167060002/,6.843145050183691
min_k,nonmember,https://www.gadsdentimes.com/story/opinion/columns/2022/06/25/john-floyd-proposed-runway-expansion-airport/7707243001/,7.495321820835172
min_k,nonmember,https://www.gadsdentimes.com/story/opinion/columns/2022/04/09/john-floyd-recalls-playing-augusta-national/9513732002/,6.751256598227935
min_k,nonmember,https://www.gadsdentimes.com/restricted/?return=https%3A%2F%2Fwww.gadsdentimes.com%2Fstory%2Fnews%2F2022%2F05%2F04%2Fetowah-jail-inmates-families-ask-how-inmates-get-access-drugs%2F9620457002%2F,0.34859477543226525
min_k,nonmember,https://www.gadsdentimes.com/story/lifestyle/columns/2022/09/15/david-murdock-welcomes-the-arrival-of-fall/69494058007/,7.542171331552359
min_k,nonmember,https://www.gadsdentimes.com/story/news/2022/09/17/did-post-of-personal-id-information-campaign-lead-fraud-attempt/69497451007/,7.5099074638496015
min_k,nonmember,https://www.gadsdentimes.com/restricted/?return=https%3A%2F%2Fwww.gadsdentimes.com%2Fstory%2Fnews%2F2022%2F04%2F03%2Fetowah-county-alabama-end-ice-detention-center-contract-no-layoffs-empty-jail-space%2F7219136001%2F,0.5611111548958275
min_k,nonmember,https://www.gadsdentimes.com/story/news/2022/04/17/alabama-remote-area-medical-clinic-first-gadsden-city-high-school/7330606001/,7.007336353315675
min_k,nonmember,https://www.gadsdentimes.com/story/news/2022/04/01/gadsden-humane-society-pet-rescue-and-adoption-center-hosting-full-house-frenzy-weekend-sale-dogs/7244673001/,6.841917770249503
min_k,nonmember,https://www.gadsdentimes.com/story/news/2022/08/31/whole-backstage-black-tie-christmas-2022-how-to-get-involved/65464125007/,7.172820314184412
min_k,nonmember,https://www.gadsdentimes.com/story/news/2022/05/02/cinco-de-mayo-much-more-than-holiday-excuse-people-party/9507121002/,7.161981013884027
min_k,nonmember,https://www.gadsdentimes.com/story/news/2022/06/28/parade-highlights-rain-lgbtq-pride-event-gadsden/7755811001/,9.48855260014534
min_k,nonmember,https://www.gadsdentimes.com/story/news/2022/05/30/party-over-southside-police-find-guns-drugs-graduation-party/9992387002/,6.647430981619883
min_k,nonmember,https://www.gadsdentimes.com/story/news/2022/05/31/latest-batch-gadsden-state-students-study-work-apprentices/9934550002/,7.646814363974112
min_k,nonmember,https://www.gadsdentimes.com/story/news/2022/08/26/united-way-of-etowah-county-calling-on-community-to-invest-influence/65419640007/,7.258424488045055
min_k,nonmember,https://www.gadsdentimes.com/story/news/2022/07/06/ema-grant-garbage-pickup-among-gadsden-city-council-meeting-topics/7810777001/,7.277836036682129
min_k,nonmember,https://www.gadsdentimes.com/story/news/2022/05/05/vicky-white-and-casey-white-history-examined-lauderdale-county-alabama-al-jailbreak-investigation/9658645002/,7.307006799568565
min_k,nonmember,https://www.gadsdentimes.com/story/news/2022/04/22/harvesting-rainwater-barrels/7397054001/,7.472226123617153
min_k,nonmember,https://www.gadsdentimes.com/story/opinion/columns/2022/07/17/aug-23-critical-day-gadsdens-future/10044035002/,7.46435365369243
min_k,nonmember,https://www.gadsdentimes.com/story/sports/high-school/soccer/2022/04/26/ahsaa-soccer-pairings-schedules-gadsden-area-teams/9539423002/,6.087641948229306
min_k,nonmember,https://www.gadsdentimes.com/story/news/2022/09/09/etowah-county-lawyer-face-charges-theft-tax-evasion-false-statements/68204779007/,5.686426888341489
min_k,nonmember,https://www.gadsdentimes.com/story/news/2022/08/08/gadsden-al-covid-tracker/65394993007/,3.1696097343545224
min_k,nonmember,https://www.gadsdentimes.com/story/news/2022/06/15/municipalities-retaining-employees-jobs-staffing-stable/7608708001/,7.032714667440462
min_k,nonmember,https://www.gadsdentimes.com/story/news/2022/04/23/police-fire-departments-respond-attalla-blaze-one-person-dies/7426862001/,6.301457637832279
min_k,nonmember,https://www.gadsdentimes.com/story/news/2022/04/28/hsprac-host-bark-park-saturday/9572832002/,7.436308562755585
min_k,nonmember,https://www.gadsdentimes.com/story/opinion/columns/2022/09/03/john-f-floyd-talks-about-lack-of-leadership-in-us/65470360007/,7.829671854748152
min_k,nonmember,https://www.gadsdentimes.com/story/news/2022/08/01/dekalb-county-al-wreck-motorcycle-crash-jerome-m-banks-jr/10201625002/,6.390974846753207
min_k,nonmember,https://www.gadsdentimes.com/story/news/2022/04/11/blount-county-man-killed-crash-sunday-four-others-injured/7278312001/,5.572152977639979
min_k,nonmember,https://www.gadsdentimes.com/story/opinion/columns/2022/05/07/john-floyd-looks-putins-nuclear-threats/9674167002/,7.804893545585103
min_k,nonmember,https://www.gadsdentimes.com/story/sports/high-school/baseball/2022/05/18/ahsaa-baseball-etowah-baseball-shows-resiliency-state-championship-series/9825429002/,6.62381503234307
min_k,nonmember,https://www.gadsdentimes.com/story/sports/high-school/softball/2022/05/16/poll-gadsden-area-girls-high-school-athlete-week-voting/9763805002/,6.175242594083151
min_k,nonmember,https://www.gadsdentimes.com/story/news/politics/elections/2022/05/19/etowah-county-board-education-place-5-doug-sherrod-lucas-hallmark/9821997002/,6.729841770127762
min_k,nonmember,https://www.gadsdentimes.com/story/news/2022/06/23/etowah-county-outdoors-prosper-post-pandemic-world/7470098001/,7.2857003345667755
min_k,nonmember,https://www.gadsdentimes.com/story/news/2022/06/16/ashley-m-jones-alabama-poet-laureate-poems-poetry-gadsden-gscc/7633983001/,8.121868338951698
min_k,nonmember,https://www.gadsdentimes.com/story/lifestyle/columns/2022/06/02/david-murdock-lifes-abiding-joys-sharing-comic-strip/7469427001/,7.200659312185694
min_k,nonmember,https://www.gadsdentimes.com/story/sports/high-school/softball/2022/05/09/poll-gadsden-area-girls-high-school-athlete-week-voting/9675511002/,6.147886082723543
min_k,nonmember,https://www.gadsdentimes.com/story/news/2022/06/13/gadsden-attorney-myron-allenstein-honored-flags-half-mast/7616748001/,7.071434259414673
min_k,nonmember,https://www.gadsdentimes.com/story/sports/high-school/football/2022/07/25/al-high-school-football-25-questions-gadsden-area-2022/10124367002/,7.055769071057068
min_k,nonmember,https://www.gadsdentimes.com/story/news/2022/05/31/etowah-county-election-results-2022-candidates-contest-primary/7452140001/,7.287686487693926
min_k,nonmember,https://www.gadsdentimes.com/story/opinion/columns/2022/07/02/john-f-floyd-what-american-flag-means/7772172001/,7.375408556461334
min_k,nonmember,https://www.gadsdentimes.com/story/news/2022/04/05/etowah-county-animals-lana-bellew-seeks-spay-and-neuter-help/7178343001/,7.164234684427404
min_k,nonmember,https://www.gadsdentimes.com/story/news/2022/06/28/i-20-st-clair-county-crash-leaves-georgia-man-dead/7754485001/,6.600679164237165
min_k,nonmember,https://www.gadsdentimes.com/restricted/?return=https%3A%2F%2Fwww.gadsdentimes.com%2Fstory%2Fsports%2Fhigh-school%2Fsoccer%2F2022%2F06%2F20%2Fgadsden-times-all-area-girls-soccer-team-2022%2F7567089001%2F,0.5390802770505062
min_k,nonmember,https://www.gadsdentimes.com/story/news/2022/07/01/4th-of-july-fireworks-fun-but-safety-foremost-concert-holiday/7776524001/,7.035098468385091
min_k,nonmember,https://www.gadsdentimes.com/story/news/2022/08/05/alabama-highway-77-blocked-between-southside-and-ohatchee/10245554002/,7.219948670220753
min_k,nonmember,https://www.gadsdentimes.com/story/news/2022/06/13/rainbow-city-police-say-they-arent-involved-survey-letters/7608015001/,7.67517322717711
min_k,nonmember,https://www.gadsdentimes.com/story/news/2022/08/01/albertville-pedestrian-struck-vehicle-killed-monday/10203715002/,6.46396372795105
min_k,nonmember,https://www.gadsdentimes.com/restricted/?return=https%3A%2F%2Fwww.gadsdentimes.com%2Fstory%2Fnews%2F2022%2F06%2F10%2Fgadsden-schools-al-superintendent-talks-intruder-incident-emphasize-locking-doors%2F7580552001%2F,0.5629431392984164
min_k,nonmember,https://www.gadsdentimes.com/story/news/2022/08/01/gadsden-covid-numbers-this-week/65387857007/,3.1891173693347032
min_k,nonmember,https://www.gadsdentimes.com/story/opinion/columns/2022/07/16/john-floyd-recalls-landing-on-takeoff-naval-carrier/10043940002/,7.694948501311815
min_k,nonmember,https://www.gadsdentimes.com/story/sports/high-school/baseball/2022/04/26/ahsaa-baseball-pairings-schedules-gadsden-area-teams/9539067002/,5.383234712812635
min_k,nonmember,https://www.gadsdentimes.com/story/news/2022/05/11/u-s-11-antique-alley-sale-brings-sellers-buyers-north-south-route/9724947002/,7.659962822528596
min_k,nonmember,https://www.gadsdentimes.com/story/sports/high-school/2022/05/14/ahsaa-baseball-softball-and-soccer-scores-gadsden-area-teams/9675706002/,5.623406093668294
min_k,nonmember,https://www.gadsdentimes.com/story/news/2022/06/28/gscc-scholarship-named-past-cardinal-foundation-presidents/7726017001/,7.011696278102814
min_k,nonmember,https://www.gadsdentimes.com/story/sports/college/2022/06/27/gadsden-state-athletics-director-blake-lewis-ready-lead-program/7655749001/,6.2667621754142395
min_k,nonmember,https://www.gadsdentimes.com/story/news/2022/04/22/hokes-bluff-crash-kills-truck-driver-closes-u-s-278-east-hours/7419260001/,7.80245597912715
min_k,nonmember,https://www.gadsdentimes.com/story/news/2022/06/02/former-executive-gadsden-times-writes-novel-experiences/9926478002/,7.455555335023349
min_k,nonmember,https://www.gadsdentimes.com/story/news/2022/04/11/pet-week-april-11/9512363002/,6.746158430311415
min_k,nonmember,https://www.gadsdentimes.com/story/news/2022/06/08/residents-express-concerns-over-countys-road-access-policy/9999773002/,7.121062379946812
min_k,nonmember,https://www.gadsdentimes.com/story/news/2022/05/13/attalla-museum-display-rich-history-land-town-and-people/9708923002/,7.211231225157437
min_k,nonmember,https://www.gadsdentimes.com/story/sports/high-school/football/2022/08/22/ahsaa-football-vote-athlete-week-gadsden-area/10297240002/,6.484766596614724
min_k,nonmember,https://www.gadsdentimes.com/story/news/2022/05/30/interactive-gym-hit-gadsdens-adams-floyd-elementary-schools/9809986002/,7.3438124332298225
min_k,nonmember,https://www.gadsdentimes.com/story/opinion/columns/2022/09/10/taxpayers-on-the-hook-for-airports-losses/66997627007/,7.153276871869909
min_k,nonmember,https://www.gadsdentimes.com/story/news/2022/07/15/tickets-sale-original-play-wounds-wont-heal-sunday/10062194002/,7.739407242208287
min_k,nonmember,https://www.gadsdentimes.com/story/news/2022/07/11/gadsden-other-local-locations-taking-part-tax-free-holiday-july/7810973001/,7.002729840278626
min_k,nonmember,https://www.gadsdentimes.com/story/sports/high-school/soccer/2022/04/08/jacksonville-state-bound-camryn-davis-and-alana-morton-leading-southside-girls-soccer/7244586001/,6.662455168876859
min_k,nonmember,https://www.gadsdentimes.com/story/news/2022/04/26/100th-birthday-celebration/7440552001/,7.241938227698917
min_k,nonmember,https://www.gadsdentimes.com/story/news/2022/05/16/gadsden-animal-control-advocates-want-tackle-over-population-issue/9760222002/,7.405510545659948
min_k,nonmember,https://www.gadsdentimes.com/story/news/2022/06/23/gadsden-man-faces-assault-robbery-and-drug-charges-following-attack/7710266001/,5.597032542886405
min_k,nonmember,https://www.gadsdentimes.com/story/news/2022/04/08/benefits-walking/9497202002/,6.602242824507923
min_k,nonmember,https://www.gadsdentimes.com/story/news/2022/05/04/theatre-gadsden-sound-music-show-ends-friday-saturday/9652223002/,6.95709161957105
min_k,nonmember,https://www.gadsdentimes.com/story/news/2022/04/12/easter-meal-recipes-favorite-cooks-gadsden-alabama-southern-food/7274254001/,6.37836689154307
min_k,nonmember,https://www.gadsdentimes.com/story/news/2022/06/13/gecema-stay-safe-heat-indices-soar/7612554001/,7.007198504287831
min_k,nonmember,https://www.gadsdentimes.com/story/news/2022/05/12/honors-saturday-revolutionary-war-vet-buried-cherokee-county/9744058002/,7.503163547839149
min_k,nonmember,https://www.gadsdentimes.com/story/sports/high-school/softball/2022/05/20/ahsaa-state-softball-tournament-how-gadsden-area-teams-performed/9833854002/,6.673814017772674
min_k,nonmember,https://www.gadsdentimes.com/story/news/2022/06/21/big-brothers-big-sisters-40-years-one-one-mentoring-youth/7647512001/,7.597839768848492
min_k,nonmember,https://www.gadsdentimes.com/story/news/2022/04/25/pet-week-april-25/7410856001/,7.011266578327525
min_k,nonmember,https://www.gadsdentimes.com/story/news/2022/09/08/etowah-county-approves-body-cameras-tasers-purchase-sheriffs-office/65742766007/,7.067423707560489
min_k,nonmember,https://www.gadsdentimes.com/story/news/2022/04/26/gadsden-firefighters-respond-heavy-fire-south-fourth-street-house/7451372001/,7.410323003927867
min_k,nonmember,https://www.gadsdentimes.com/story/news/2022/04/22/do-you-know-who-killed-jahiem-embry-reward-offers-talladega-case/7397383001/,5.691377918599016
min_k,nonmember,https://www.gadsdentimes.com/story/sports/high-school/baseball/2022/04/08/ahsaa-baseball-etowah-using-running-game-leap-toward-big-season/7244636001/,7.0989791961487185
min_k,nonmember,https://www.gadsdentimes.com/story/news/2022/08/11/phase-1-gadsden-sports-park-officially-open/10276545002/,6.830985449574476
min_k,nonmember,https://www.gadsdentimes.com/story/news/2022/05/02/honoring-larry-keener/9616149002/,6.706652243932088
min_k,nonmember,https://www.gadsdentimes.com/story/news/2022/04/09/gadsden-murder-case-ends-life-sentence-2016-shooting-death/9518470002/,6.464401127862149
min_k,nonmember,https://www.gadsdentimes.com/story/news/2022/07/18/etowah-county-covid-tracker/65375524007/,3.480738446151592
min_k,nonmember,https://www.gadsdentimes.com/restricted/?return=https%3A%2F%2Fwww.gadsdentimes.com%2Fstory%2Fnews%2F2022%2F05%2F25%2Fgadsden-pediatric-clinic-marks-50th-anniversary-practice%2F9900399002%2F,0.5672795069142011
min_k,nonmember,https://www.gadsdentimes.com/story/sports/college/football/2022/07/22/jacksonville-state-football-rich-rodriguez-making-early-impression-players/10132592002/,6.685330811336901
min_k,nonmember,https://www.gadsdentimes.com/story/news/2022/06/09/gadsden-school-shooting-what-we-know/7570712001/,7.111447444860486
min_k,nonmember,https://www.gadsdentimes.com/story/news/2022/05/30/gadsden-resident-dies-crash-monday-morning-us-highway-411/9997100002/,5.812189077508861
min_k,nonmember,https://www.gadsdentimes.com/story/sports/high-school/soccer/2022/04/28/ahsaa-girls-soccer-ziniah-hardy-leads-southside-defense/7406219001/,6.498746260829355
min_k,nonmember,https://www.gadsdentimes.com/story/news/2022/07/14/gadsden-police-bomb-squad-george-wallace-drive-coosa-river-rescue/10063159002/,7.309881407281627
min_k,nonmember,https://www.gadsdentimes.com/story/news/2022/09/02/jacksonville-shooting-trenton-medders-murder-charges-justin-racca-ashley-duggan/65469767007/,6.550679552686083
min_k,nonmember,https://www.gadsdentimes.com/story/news/2022/08/12/back-to-school-united-ways-kindergarten-first-time-students-success/10288486002/,7.14226172297134
min_k,nonmember,https://www.gadsdentimes.com/story/news/politics/elections/2022/05/24/alabama-primary-election-results-house-district-29-jamie-grant-mark-gidley/9860508002/,7.035283522946494
min_k,nonmember,https://www.gadsdentimes.com/story/sports/college/football/2022/07/22/jacksonville-state-football-rich-rodriguez-talks-asun-conference-media-day/10063183002/,6.436388810475667
min_k,nonmember,https://www.gadsdentimes.com/story/lifestyle/columns/2022/05/12/david-murdock-column-a-code-by-any-other-name-is-still-shorthand/9656712002/,7.730720071565537
min_k,nonmember,https://www.gadsdentimes.com/story/sports/high-school/soccer/2022/04/30/ahsaa-boys-soccer-westbrook-christian-boys-soccer-earns-first-playoff-win/9574301002/,6.633558805476236
min_k,nonmember,https://www.gadsdentimes.com/story/news/2022/08/10/gadsden-etowah-film-office-hold-orientation-meeting-aug-17/10216297002/,7.274331192060702
min_k,nonmember,https://www.gadsdentimes.com/story/sports/high-school/softball/2022/04/26/poll-gadsden-area-girls-high-school-athlete-third-week-april/7383215001/,6.718659513315577
min_k,nonmember,https://www.gadsdentimes.com/story/news/2022/08/25/five-things-to-do-in-the-gadsden-area-this-weekend-next-weekend/65418637007/,7.749005919755107
min_k,nonmember,https://www.gadsdentimes.com/story/news/2022/05/02/former-shelter-dog-liam-adjusts-new-home/9568842002/,6.350507338371503
min_k,nonmember,https://www.gadsdentimes.com/story/lifestyle/columns/2022/08/25/david-murdock-on-oh-that-reminds-me/10351612002/,6.943058456283018
min_k,nonmember,https://www.gadsdentimes.com/story/sports/high-school/golf/2022/04/22/ahsaa-alabama-high-school-golf-postseason-etowah-county/7328901001/,6.667911272200327
min_k,nonmember,https://www.gadsdentimes.com/story/news/2022/04/01/extension-service-sets-4-h-pig-squeal-show-sale/7231080001/,7.551972242918882
min_k,nonmember,https://www.gadsdentimes.com/story/news/2022/07/22/jacksonville-state-trustees-address-housing-shortage/10099626002/,6.86778780529576
min_k,nonmember,https://www.gadsdentimes.com/story/news/2022/04/08/national-walking-day-health-benefits-exercise-spring/9497202002/,6.602242824507923
min_k,nonmember,https://www.gadsdentimes.com/story/news/2022/04/07/southside-high-students-see-affects-drunk-driving-mock-dui-crash/9482373002/,7.530763865927972
min_k,nonmember,https://www.gadsdentimes.com/restricted/?return=https%3A%2F%2Fwww.gadsdentimes.com%2Fstory%2Fnews%2F2022%2F04%2F27%2Fjenkins-buys-out-harp-fulfilling-duos-plans-harp-clover-nola%2F7363497001%2F,0.5568018293102236
min_k,nonmember,https://www.gadsdentimes.com/story/news/2022/07/21/southside-elementary-site-police-fire-training/10118127002/,6.913383889198303
min_k,nonmember,https://www.gadsdentimes.com/story/news/2022/06/28/jacksonville-state-university-lives-vikings-leads-scientists-iceland-month-long-study/7727004001/,7.941505295889718
min_k,nonmember,https://www.gadsdentimes.com/story/sports/high-school/golf/2022/04/28/ahsaa-golf-waldo-shirts-give-westbrook-christian-boys-good-luck/9539034002/,7.038302446376382
min_k,nonmember,https://www.gadsdentimes.com/restricted/?return=https%3A%2F%2Fwww.gadsdentimes.com%2Fstory%2Fsports%2Fhigh-school%2Fsoccer%2F2022%2F06%2F16%2Fmeet-2022-gadsden-times-all-area-boys-soccer-team%2F7567009001%2F,0.5629431392984164
min_k,nonmember,https://www.gadsdentimes.com/story/news/2022/09/17/five-things-know-about-gadsdens-mayor-council-form-of-government/65983062007/,5.90401828289032
min_k,nonmember,https://www.gadsdentimes.com/story/news/2022/09/01/gadsden-loses-friends-of-the-city-with-passing-of-attorney-volunteer/65466063007/,7.494711772050008
min_k,nonmember,https://www.gadsdentimes.com/story/news/2022/06/11/rainbow-city-crime-spree-ends-one-dead-one-injured-house-burned/7591743001/,7.484014376727018
min_k,nonmember,https://www.gadsdentimes.com/restricted/?return=https%3A%2F%2Fwww.gadsdentimes.com%2Fstory%2Fsports%2Fhigh-school%2Fbaseball%2F2022%2F05%2F26%2Fhigh-school-baseball-best-moments-bold-predictions-gadsden-area-high-school%2F9868063002%2F,0.5672795069142011
min_k,nonmember,https://www.gadsdentimes.com/story/news/2022/05/09/snead-state-announces-new-career-tech-center/9630425002/,6.79743925915208
min_k,nonmember,https://www.gadsdentimes.com/story/news/2022/04/21/commissioners-congratulate-robotic-teams-county/7368705001/,7.308474090217885
min_k,nonmember,https://www.gadsdentimes.com/story/news/2022/07/22/walnut-park-iglesia-renovacion-carismatica-church-damaged-fire/10126104002/,7.113312216692193
min_k,nonmember,https://www.gadsdentimes.com/story/news/2022/06/09/hokes-bluff-mayor-cautions-people-part-city-dont-drink-water/7565929001/,7.116776997043241
min_k,nonmember,https://www.gadsdentimes.com/story/news/2022/07/21/covid-leads-big-river-postponement-shows-rescheduled/10120025002/,6.541083269431943
min_k,nonmember,https://www.gadsdentimes.com/story/news/2022/09/08/gda-covid-19-state-2022-09-05-al-ntgt/65473194007/,2.938995299947875
min_k,nonmember,https://www.gadsdentimes.com/story/business/2022/05/02/2022-gadsden-readers-choice-awards-nominations/9614722002/,2.4945426368858756
min_k,nonmember,https://www.gadsdentimes.com/story/sports/college/football/2022/08/01/jacksonville-state-football-stevontae-tullis-one-defensive-leaders/10166074002/,6.540202246155849
min_k,nonmember,https://www.gadsdentimes.com/story/news/politics/elections/2022/05/24/alabama-election-results-2022-etowah-board-education-5-doug-sherrod/9860520002/,6.985582740683305
min_k,nonmember,https://www.gadsdentimes.com/story/news/2022/09/08/gadsden-area-homes-for-sale-price-august-listings-alabama/65474187007/,2.3232183192661147
min_k,nonmember,https://www.gadsdentimes.com/story/news/2022/07/19/hsprac-gadsden-participate-community-thrives-fundraising-event/10059686002/,6.969916706499846
min_k,nonmember,https://www.gadsdentimes.com/story/news/2022/06/02/vibe-returns-pitman-theatre/7459348001/,7.726187864939372
min_k,nonmember,https://www.gadsdentimes.com/restricted/?return=https%3A%2F%2Fwww.gadsdentimes.com%2Fstory%2Fnews%2F2022%2F06%2F01%2Fmuscadine-bloodline-gadsden-concert-bash-on-the-bend%2F9897429002%2F,0.5672795069142011
min_k,nonmember,https://www.gadsdentimes.com/story/sports/high-school/softball/2022/04/18/ahsaa-sports-poll-gadsden-area-girls-high-school-athlete-week/7328895001/,6.481893806922726
min_k,nonmember,https://www.gadsdentimes.com/story/opinion/columns/2022/05/22/candidates-loyalty-trump-frightening/9827109002/,8.03572333386514
min_k,nonmember,https://www.gadsdentimes.com/story/news/2022/08/19/extension-office-offers-fire-ant-workshop/10357179002/,7.921563495760378
min_k,nonmember,https://www.gadsdentimes.com/story/sports/high-school/2022/05/06/ahsaa-baseball-playoffs-etowah-reaches-alabama-high-school-semifinals/9589644002/,6.4861371882640535
min_k,nonmember,https://www.gadsdentimes.com/restricted/?return=https%3A%2F%2Fwww.gadsdentimes.com%2Fstory%2Fsports%2Fhigh-school%2Fsoftball%2F2022%2F06%2F13%2Fall-etowah-county-high-school-softball-teams-2022-season%2F7530116001%2F,0.5629431392984164
min_k,nonmember,https://www.gadsdentimes.com/story/lifestyle/columns/2022/09/01/david-murdock-on-experiencing-lord-of-the-rings-film-trilogy/65466922007/,7.0602598096071025
min_k,nonmember,https://www.gadsdentimes.com/story/news/2022/09/14/gadsden-budget-approved-gives-better-raise-to-some-in-higher-ranks/69491553007/,7.180606284894441
min_k,nonmember,https://www.gadsdentimes.com/restricted/?return=https%3A%2F%2Fwww.gadsdentimes.com%2Fstory%2Fnews%2F2022%2F05%2F04%2Fetowah-county-inaugural-asd-conference-together-we-can-make-a-difference-parag-sanctuary%2F9554312002%2F,0.34859477543226525
min_k,nonmember,https://www.gadsdentimes.com/story/news/2022/04/15/master-gardener-plant-sale-tap/7317967001/,6.797560334205627
min_k,nonmember,https://www.gadsdentimes.com/picture-gallery/news/2022/08/04/worlds-longest-yard-sale-starts-thursday-august-4-2022/10240203002/,9.718058395385743
min_k,nonmember,https://www.gadsdentimes.com/story/news/2022/06/22/commissioners-approve-repaving-measures-appalachian-highway/7688098001/,6.748300423056392
min_k,nonmember,https://www.gadsdentimes.com/story/news/2022/08/09/variety-music-gadsden-symphony-orchestra-played-gchs/10228073002/,6.513642912325651
min_k,nonmember,https://www.gadsdentimes.com/story/news/2022/05/06/habitat-dragon-boat-festival-returns-coosa-river-august/9620926002/,6.911911814899768
min_k,nonmember,https://www.gadsdentimes.com/story/sports/2022/05/15/ahsaa-state-baseball-champiosnhips-2022-high-school-schedule-alabama-jacksonville-state-oxford-title/9789599002/,5.13537845529359
min_k,nonmember,https://www.gadsdentimes.com/story/opinion/columns/2022/08/27/opinion-voters-change-in-gadsden-alabama/7865584001/,7.7436474488706
min_k,nonmember,https://www.gadsdentimes.com/story/news/politics/elections/local/2022/09/16/a-look-at-mayoral-contender-heather-new/69486948007/,7.0503031459260495
min_k,nonmember,https://www.gadsdentimes.com/story/news/2022/04/27/cleveland-man-killed-two-vehicle-crash-near-guntersville/9549130002/,5.5114524731269245
min_k,nonmember,https://www.gadsdentimes.com/story/opinion/columns/2022/05/21/john-f-floyd-revisits-airport-controversies/9843422002/,6.914030680163154
min_k,nonmember,https://www.gadsdentimes.com/story/news/2022/07/29/58-year-old-gallant-woman-died-thursday-single-vehicle-crash/10187305002/,6.328701166006235
min_k,nonmember,https://www.gadsdentimes.com/story/sports/college/2022/09/03/jacksonville-state-football-score-updates-davidson-wildcats/65464560007/,5.853859285028969
min_k,nonmember,https://www.gadsdentimes.com/story/news/2022/04/09/gadsden-teen-surprised-two-year-scholarship-gscc/9501080002/,6.506020210529196
min_k,nonmember,https://www.gadsdentimes.com/story/news/2022/04/17/interstate-59-crash-closes-all-lanes-roadway-st-clair-county-alabama/7349856001/,6.779672104379405
min_k,nonmember,https://www.gadsdentimes.com/story/news/2022/06/01/piedmont-police-say-accused-mobile-home-crasher-injured-fight-after/7469533001/,7.301934880476732
min_k,nonmember,https://www.gadsdentimes.com/story/opinion/columns/2022/06/05/elaine-harris-spearman-election-challenges/7462167001/,8.187705130253024
min_k,nonmember,https://www.gadsdentimes.com/restricted/?return=https%3A%2F%2Fwww.gadsdentimes.com%2Fstory%2Fnews%2F2022%2F04%2F13%2Fretirement-book-gadsden-citys-stewart-dishes-busy-time%2F9490846002%2F,0.5611111548958275
min_k,nonmember,https://www.gadsdentimes.com/story/news/2022/04/20/gadsden-other-area-responders-continue-search-drowning-victim/7380986001/,7.591181442141533
min_k,nonmember,https://www.gadsdentimes.com/story/news/2022/04/13/no-drivers-licenses-issued-next-week-alabama/7291230001/,7.1215604290817724
min_k,nonmember,https://www.gadsdentimes.com/story/news/politics/2022/09/15/gadsden-mayoral-election-candidates-craig-ford-heather-brothers-new-debate/69496303007/,8.59158705174923
min_k,nonmember,https://www.gadsdentimes.com/story/news/2022/09/02/southside-vehicle-motorcycle-crash-results-in-fatality-of-man/65469092007/,5.906464790952379
min_k,nonmember,https://www.gadsdentimes.com/story/news/2022/07/14/albertville-al-fire-todd-ridge-road-death-7-year-old/10063487002/,6.075137694676717
min_k,nonmember,https://www.gadsdentimes.com/story/news/2022/08/06/commercial-vehicle-crashes-goes-up-flames-59/10258790002/,5.550465288369552
min_k,nonmember,https://www.gadsdentimes.com/story/news/2022/06/27/gadsdenareahomesforsalepricemaylistingsalabama/65359298007/,2.502333471910602
min_k,nonmember,https://www.gadsdentimes.com/story/news/2022/08/23/election-results-gadsden-municipal-election-2022/7880181001/,6.82399716172167
min_k,nonmember,https://www.gadsdentimes.com/story/news/2022/04/28/may-art-exhibits-gadsden-museum-art/7442689001/,8.48202428817749
min_k,nonmember,https://www.gadsdentimes.com/story/sports/2022/05/27/softball-team-usa-play-exhibition-games-choccolocco-park-july/9966361002/,6.400573031769858
min_k,nonmember,https://www.gadsdentimes.com/story/lifestyle/columns/2022/07/28/david-murdock-discusses-his-least-favorite-household-chore-laundry/10166803002/,7.382341542610756
min_k,nonmember,https://www.gadsdentimes.com/story/lifestyle/columns/2022/04/24/david-murdock-looks-poetry-special-language/7383064001/,7.330035635726987
min_k,nonmember,https://www.gadsdentimes.com/story/sports/high-school/baseball/2022/05/07/ahsaa-soccer-westbrook-christian-beats-guntersville-quarterfinal/9589680002/,6.907793671075551
min_k,nonmember,https://www.gadsdentimes.com/story/news/2022/07/24/hometown-heroes-event-glencoe-recognizes-those-who-serve-protect/10108731002/,7.231712237993876
min_k,nonmember,https://www.gadsdentimes.com/story/news/2022/04/06/sylvania-man-charged-fatal-hit-and-run-crash-near-geraldine/9491734002/,5.668000512123108
min_k,nonmember,https://www.gadsdentimes.com/story/news/2022/05/04/mothers-day-weekend-sees-latest-local-first-friday-event/9576800002/,6.765030936190956
min_k,nonmember,https://www.gadsdentimes.com/story/news/2022/09/01/southside-officials-plan-extensively-for-road-projects-disruptions/65465847007/,7.138770576759621
min_k,nonmember,https://www.gadsdentimes.com/story/news/2022/06/03/blind-boys-alabama-julius-love-grammys-blessings-bandmate-passing/9839407002/,6.72001662606859
min_k,nonmember,https://www.gadsdentimes.com/story/news/2022/08/03/back-school-etowah-county-schools-make-preparations/10152566002/,6.422947228871859
min_k,nonmember,https://www.gadsdentimes.com/story/news/2022/07/11/pedestrian-killed-albertville-highway-431/10027923002/,5.151086005297574
min_k,nonmember,https://www.gadsdentimes.com/story/news/politics/elections/local/2022/08/17/gadsden-alabama-politics-city-council-district-2-2022-politicians/10219498002/,7.011695406432045
min_k,nonmember,https://www.gadsdentimes.com/story/news/2022/06/30/gadsden-al-womens-reproductive-rights-march-scheduled-saturday/7777104001/,6.107349939835378
min_k,nonmember,https://www.gadsdentimes.com/story/news/2022/04/11/capital-improvements-underway-gscc/9495794002/,6.9222346368383185
min_k,nonmember,https://www.gadsdentimes.com/story/sports/college/football/2022/07/26/rich-rodriguez-nil-i-think-college-football-danger-right-now/10156971002/,6.641735877563704
min_k,nonmember,https://www.gadsdentimes.com/story/opinion/columns/2022/06/26/toxicity-taking-its-toll-political-realm/7701683001/,7.784717948188609
min_k,nonmember,https://www.gadsdentimes.com/story/news/2022/04/08/whats-going-gadsden-area-here-few-things/7168437001/,7.478831768035889
min_k,nonmember,https://www.gadsdentimes.com/story/news/2022/05/16/former-etowah-jailer-sentenced-calhoun-co-faces-contraband-charge/9731680002/,7.004933963219325
min_k,nonmember,https://www.gadsdentimes.com/story/news/2022/08/04/city-gadsden-oks-one-time-bonus-retirees-coming-october/10228288002/,6.61886598185489
min_k,nonmember,https://www.gadsdentimes.com/story/news/2022/06/09/gadsden-eye-associates-jacksonville-al-open-second-location/7557084001/,6.597205378792503
min_k,nonmember,https://www.gadsdentimes.com/story/news/2022/05/15/rainbow-city-new-host-etowah-historical-society/9746771002/,6.055394637279021
min_k,nonmember,https://www.gadsdentimes.com/story/news/2022/08/26/decatur-police-motorist-intentionally-hit-killed-woman-he-didnt-know/65459169007/,5.954001136448072
min_k,nonmember,https://www.gadsdentimes.com/story/news/2022/07/28/talladega-county-2013-cold-case-suspect-charged-after-arrested-for-2022-attack/10168127002/,6.301286586009673
min_k,nonmember,https://www.gadsdentimes.com/story/sports/2022/06/21/reita-clanton-olympic-star-despite-not-having-equal-opportunites/9838895002/,7.151920618682072
min_k,nonmember,https://www.gadsdentimes.com/story/news/2022/06/27/childersburg-teen-killed-talladega-county-crash-coleman-bridge/7751062001/,4.97400152298712
min_k,nonmember,https://www.gadsdentimes.com/story/news/2022/05/06/escape-how-lauderdale-county-jailer-alabama-corrections-officer-vicky-white-inmate-casey-white/9675820002/,6.541104934154412
min_k,nonmember,https://www.gadsdentimes.com/story/news/2022/08/05/rainsville-man-killed-single-vehicle-crash-grey-suv-leaves-scene/10254313002/,6.125387082665654
min_k,nonmember,https://www.gadsdentimes.com/story/sports/high-school/baseball/2022/04/23/opening-round-playoff-scores-westbrook-etowah-hokes-bluff-sweep/7399256001/,5.837100546176617
min_k,nonmember,https://www.gadsdentimes.com/story/news/2022/05/10/police-unravel-details-lauderdale-escape-jailer-vicky-white-death-casey-white/9718490002/,6.621492056692801
min_k,nonmember,https://www.gadsdentimes.com/story/news/2022/05/18/etowah-county-gop-breakfast-saturday/9830326002/,7.403326447804769
min_k,nonmember,https://www.gadsdentimes.com/story/news/2022/04/28/gadsden-mans-death-jail-under-investigation/9568992002/,5.813983355249677
min_k,nonmember,https://www.gadsdentimes.com/story/news/politics/elections/local/2022/08/31/provisional-ballots-for-gadsden-mayor-dont-change-election-outcome/65464689007/,8.291481374490141
min_k,nonmember,https://www.gadsdentimes.com/story/news/2022/07/20/gadsden-rendering-plant-lawsuit-plaintiffs-drop-remaining-claims/10111808002/,8.058535884147467
min_k,nonmember,https://www.gadsdentimes.com/story/opinion/columns/2022/09/11/elaine-harris-spearman-discusses-ministers-in-politics/66053387007/,7.697189623454832
min_k,nonmember,https://www.gadsdentimes.com/story/news/2022/06/06/poet-laureate-national-miss-juneteenth-visit-gadsden-public-library/7462402001/,6.916010392540916
min_k,nonmember,https://www.gadsdentimes.com/restricted/?return=https%3A%2F%2Fwww.gadsdentimes.com%2Fstory%2Fnews%2F2022%2F04%2F06%2Fhostel-attalla-alabama-its-there-and-its-something-see%2F7144441001%2F,0.5611111548958275
min_k,nonmember,https://www.gadsdentimes.com/story/news/local/2022/05/02/lauderdale-county-alabama-escaped-inmate-casey-cole-white-corrections-officer-vicki-white/9615011002/,5.5038026932747135
min_k,nonmember,https://www.gadsdentimes.com/story/news/politics/elections/local/2022/08/04/gadsden-district-4-city-council-2022-meet-candidates-goals-objectives/10219876002/,7.717061975994847
min_k,nonmember,https://www.gadsdentimes.com/story/news/2022/05/18/gadsden-city-council-business-includes-approving-juneteenth-holiday/9807927002/,6.374222493753201
min_k,nonmember,https://www.gadsdentimes.com/story/news/2022/07/11/etowah-county-mother-son-charged-theft-hospice-patient/10033828002/,7.351906164487203
min_k,nonmember,https://www.gadsdentimes.com/story/sports/high-school/2022/09/17/gadsden-area-top-performers-for-week-4-of-high-school-football-ahsaa/68192917007/,6.690165087663008
min_k,nonmember,https://www.gadsdentimes.com/story/sports/high-school/soccer/2022/05/09/ahsaa-soccer-pairings-schedules-final-four-huntsville/9675975002/,4.634366805040384
min_k,nonmember,https://www.gadsdentimes.com/story/news/2022/08/03/diane-matthews-looks-back-50-years-attalla-city-schools/10183831002/,7.28920651479745
min_k,nonmember,https://www.gadsdentimes.com/story/news/2022/09/12/gadsden-covid-numbers-death-this-week/69485890007/,3.007882168283686
min_k,nonmember,https://www.gadsdentimes.com/story/sports/high-school/football/2022/08/19/alabama-high-school-football-gadsden-live-updates-scores-week-0/10297192002/,6.924182851435774
min_k,nonmember,https://www.gadsdentimes.com/story/news/2022/04/16/grmc-hires-new-family-medicine-doctor/7305152001/,6.4586836610521585
min_k,nonmember,https://www.gadsdentimes.com/story/lifestyle/columns/2022/07/07/david-murdock-reflects-effects-southern-heat/7820686001/,7.504770518157442
min_k,nonmember,https://www.gadsdentimes.com/story/sports/high-school/football/2022/04/14/dre-kirkpatrick-jr-emerging-fathers-shadow-football-prospect/9513716002/,6.06516701637665
min_k,nonmember,https://www.gadsdentimes.com/story/news/2022/06/27/marshall-county-man-faces-charges-after-wife-found-shot-face/7750296001/,5.771280452940199
min_k,nonmember,https://www.gadsdentimes.com/story/sports/high-school/baseball/2022/04/08/auburn-baseball-signee-alex-wade-making-impact-madison-academy/9520396002/,6.596698191930663
min_k,nonmember,https://www.gadsdentimes.com/story/lifestyle/columns/2022/04/30/david-murdock-considers-petty-irritations/9558800002/,7.354125597345547
min_k,nonmember,https://www.gadsdentimes.com/story/news/2022/09/15/etowah-sheriff-investigating-reported-threat-to-west-end-high-school/69495554007/,6.474270299077034
min_k,nonmember,https://www.gadsdentimes.com/story/sports/high-school/football/2022/06/20/ahsaa-alabama-athletic-association-football-chris-stephenson-sardis-high-school-losing-season/7631188001/,6.525587093330429
min_k,nonmember,https://www.gadsdentimes.com/story/news/2022/05/19/middle-schools-compete-returning-mock-trial-competition/9796754002/,6.952993785109475
min_k,nonmember,https://www.gadsdentimes.com/story/news/2022/08/29/gda-covid-19-state-2022-08-29-al-ntgt/65461094007/,2.867601155240125
min_k,nonmember,https://www.gadsdentimes.com/story/sports/high-school/baseball/2022/05/15/ahsaa-softball-schedules-state-championship-tournament-oxford/9763969002/,6.556389782296952
min_k,nonmember,https://www.gadsdentimes.com/story/news/2022/04/29/take-back-day-etowah-county-what-you-should-know/9570548002/,7.170062702822398
min_k,nonmember,https://www.gadsdentimes.com/story/news/2022/04/13/marshall-county-crash-monday-resulted-death-birmingham-man/7307320001/,6.283659795920054
min_k,nonmember,https://www.gadsdentimes.com/story/news/2022/06/15/gadsden-municipal-elections-kick-off-first-day-qualifying/7619148001/,7.525647658336012
min_k,nonmember,https://www.gadsdentimes.com/story/news/2022/09/13/boaz-man-faces-attempted-murder-charge-in-connection-with-bat-attack/69492893007/,6.294519256143009
min_k,nonmember,https://www.gadsdentimes.com/restricted/?return=https%3A%2F%2Fwww.gadsdentimes.com%2Fstory%2Fnews%2Fcrime%2F2022%2F05%2F04%2Fvicky-white-alabama-corrections-officer-casey-white-inmate-escape-plans-undetected%2F9649215002%2F,0.34859477543226525
min_k,nonmember,https://www.gadsdentimes.com/story/sports/college/football/2022/07/26/jacksonville-state-football-early-bumps-road-offense/10132993002/,6.480460998415947
min_k,nonmember,https://www.gadsdentimes.com/story/news/2022/08/18/gadsden-city-council-alabama-politics-noccalula-falls-development/10347477002/,7.633793855450817
min_k,nonmember,https://www.gadsdentimes.com/story/news/politics/elections/local/2022/07/26/gadsden-mayor-race-2022-candidates-profiles-goals-objectives/10029226002/,7.198292876809858
min_k,nonmember,https://www.gadsdentimes.com/restricted/?return=https%3A%2F%2Fwww.gadsdentimes.com%2Fstory%2Fsports%2Fhigh-school%2Fbaseball%2F2022%2F04%2F23%2Fahsaa-sports-gadsden-area-high-school-top-performers-last-week-april%2F7383280001%2F,0.5611111548958275
min_k,nonmember,https://www.gadsdentimes.com/story/news/2022/09/15/gop-secretary-of-state-candidate-to-speak-in-rainbow-city/69497599007/,8.016539764404296
min_k,nonmember,https://www.gadsdentimes.com/story/news/politics/elections/2022/05/20/house-district-28-candidates-gil-isbell-and-mack-butler-answer-questions/9823423002/,7.253171224028008
min_k,nonmember,https://www.gadsdentimes.com/story/news/2022/05/20/what-you-need-know-ahead-primary-elections-tuesday/9836113002/,6.954382507106926
min_k,nonmember,https://www.gadsdentimes.com/story/news/2022/05/10/community-spring-festival-tap-may-14/9645424002/,7.6397154912716
min_k,nonmember,https://www.gadsdentimes.com/story/news/2022/05/05/gadsden-city-council-committee-recommend-juneteenth-holiday/9630271002/,6.05719072399316
min_k,nonmember,https://www.gadsdentimes.com/story/news/2022/04/22/earth-day-2022-five-ways-zero-waste/7380519001/,7.0863945500834005
min_k,nonmember,https://www.gadsdentimes.com/story/news/2022/05/30/louisiana-man-faces-charges-fatal-st-clair-county-crash/9993629002/,6.9608085212253386
min_k,nonmember,https://www.gadsdentimes.com/story/news/2022/06/22/etowah-county-credit-union-host-fight-fraud-workshop/7632803001/,6.886701847166325
min_k,nonmember,https://www.gadsdentimes.com/story/news/politics/elections/2022/05/24/alabama-primary-election-results-2022-etowah-county-commission-4/9860527002/,6.848296943165007
min_k,nonmember,https://www.gadsdentimes.com/story/news/2022/09/08/etowah-native-picked-for-saints-cheerleading-squad/65474871007/,7.588034217740282
min_k,nonmember,https://www.gadsdentimes.com/story/sports/high-school/baseball/2022/04/30/ahsaa-baseball-softball-and-soccer-scores-gadsden-area-teams/9558590002/,6.319262434454525
min_k,nonmember,https://www.gadsdentimes.com/story/news/2022/07/03/gadsden-municipal-election-mayor-and-three-council-seats-change-coming/7776615001/,6.750541155217058
min_k,nonmember,https://www.gadsdentimes.com/restricted/?return=https%3A%2F%2Fwww.gadsdentimes.com%2Fstory%2Fnews%2F2022%2F06%2F08%2Fhomes-selling-sold-completely-online-rainbow-city-alabama-virtual-market%2F7483207001%2F,0.7818257620344108
min_k,nonmember,https://www.gadsdentimes.com/story/news/2022/06/19/national-miss-juneteenth-reflects-year-titleholder/7608726001/,6.433042053104371
min_k,nonmember,https://www.gadsdentimes.com/story/news/2022/04/10/etowah-countys-advocates-recognize-child-abuse-victims-they-serve/9495775002/,7.447573260257118
min_k,nonmember,https://www.gadsdentimes.com/story/sports/college/2022/08/27/jacksonville-state-football-rich-rodriguez-take-on-stephen-f-austin-live-updates/7846698001/,5.454376939180735
min_k,nonmember,https://www.gadsdentimes.com/story/news/2022/07/22/centre-man-dies-after-crashing-truck-cherokee-county/10130540002/,6.585323880700504
min_k,nonmember,https://www.gadsdentimes.com/story/news/2022/08/15/rainbow-city-police-get-raise-etowah-911-take-over-dispatching/10287514002/,7.219417161719743
min_k,nonmember,https://www.gadsdentimes.com/story/news/politics/elections/local/2022/08/18/gadsden-district-3-city-council-2022-meet-candidates-q-a/10271517002/,7.1985949039459225
min_k,nonmember,https://www.gadsdentimes.com/story/news/2022/07/28/tyn-tymes-gadsden-annual-indoor-beach-party-aug-6-2022/10152370002/,7.245091796661756
min_k,nonmember,https://www.gadsdentimes.com/story/news/2022/06/03/guilty-plea-entered-2017-shooting-death-etowah-county-man/7496834001/,6.358253858028314
min_k,nonmember,https://www.gadsdentimes.com/story/news/2022/06/07/three-string-returns-gadsden-june-17-concert/9946972002/,7.879114054758614
min_k,nonmember,https://www.gadsdentimes.com/story/lifestyle/columns/2022/05/19/david-murdock-looks-nature-and-art/9827595002/,7.680360298080138
min_k,nonmember,https://www.gadsdentimes.com/story/sports/high-school/baseball/2022/05/17/ahsaa-baseball-trinity-presbyterian-defeats-piedmont-6-5-game-2-3-a-championship/9808672002/,6.583315615560494
min_k,nonmember,https://www.gadsdentimes.com/story/news/2022/06/17/shooting-church-gathering-kills-two-injures-one-suspect-custody/7658385001/,5.969195924758911
min_k,nonmember,https://www.gadsdentimes.com/story/sports/high-school/soccer/2022/06/02/alabama-high-school-soccer-best-moments-predictions-gadsden-area-2022/9926331002/,6.922476561069488
min_k,nonmember,https://www.gadsdentimes.com/story/opinion/columns/2022/08/20/gaa-member-robertson-deserves-debt-gratitude/7837127001/,7.445862392802815
min_k,nonmember,https://www.gadsdentimes.com/story/sports/high-school/baseball/2022/04/18/ahsaa-baseball-pairings-first-round-playoffs/7359226001/,5.383440108898559
min_k,nonmember,https://www.gadsdentimes.com/story/news/2022/04/26/marshall-county-crash-closed-both-lanes-traffic-al-79/9544952002/,6.629057535758386
min_k,nonmember,https://www.gadsdentimes.com/story/lifestyle/columns/2022/05/05/david-murdock-looks-mothers-day/9646165002/,6.807592606171966
min_k,nonmember,https://www.gadsdentimes.com/story/opinion/columns/2022/04/23/casting-blame-gaas-high-legal-fees/7411386001/,7.305547439030239
min_k,nonmember,https://www.gadsdentimes.com/story/news/2022/08/06/ashvilles-looney-house-catches-fire-takes-heavy-damage/10259402002/,7.423988167120486
min_k,nonmember,https://www.gadsdentimes.com/story/news/2022/05/27/dna-research-helps-solve-cold-cases-through-family-ties/9927018002/,7.515384131289543
min_k,nonmember,https://www.gadsdentimes.com/story/news/2022/05/13/gadsden-senior-wellness-center-project-gets-covid-relief-fund-grant/9761622002/,6.387590965215307
min_k,nonmember,https://www.gadsdentimes.com/story/sports/high-school/basketball/2022/04/05/ahsaa-sports-vote-gadsden-area-male-athlete-week/7244574001/,6.772715903744839
min_k,nonmember,https://www.gadsdentimes.com/story/news/2022/05/04/etowah-county-commission-hears-families-men-who-died-jail/9634017002/,6.660034163244839
min_k,nonmember,https://www.gadsdentimes.com/story/news/2022/05/17/corrections-officer-inmate-relationship-red-flags-vicky-white-casey/9785834002/,8.044402463812578
min_k,nonmember,https://www.gadsdentimes.com/story/news/2022/08/09/marshall-county-drug-unit-makes-arrest-drugs-linked-three-overdoses/10276661002/,6.057611626248027
min_k,nonmember,https://www.gadsdentimes.com/story/news/2022/08/03/etowah-county-schools-implements-new-mental-health-initiative/10183600002/,6.6802194863557816
min_k,nonmember,https://www.gadsdentimes.com/story/news/2022/07/26/etowah-county-property-values-up-according-state-valuations/10143271002/,6.686090751433037
min_k,nonmember,https://www.gadsdentimes.com/story/news/2022/06/15/why-we-celebrate-heres-some-history-juneteenth/9912202002/,5.795257355304474
min_k,nonmember,https://www.gadsdentimes.com/story/news/2022/06/22/etowah-investigators-probe-assault-robbery-north-gadsden-wednesday/7700090001/,6.268220439789787
min_k,nonmember,https://www.gadsdentimes.com/story/news/2022/05/02/authorities-make-child-porn-arrests/9614224002/,6.748422706568682
min_k,nonmember,https://www.gadsdentimes.com/story/sports/high-school/2022/09/16/alabama-high-school-football-scores-live-updates-gadsden-ahsaa-week-4/69497186007/,9.925777912139893
min_k,nonmember,https://www.gadsdentimes.com/story/news/2022/08/11/gadsden-area-weekend-events-august-12/10292599002/,7.5243982531360745
min_k,nonmember,https://www.gadsdentimes.com/story/news/2022/08/10/gadsden-board-commends-walnut-park-staff-response-emergency/10241132002/,7.922989007198449
min_k,nonmember,https://www.gadsdentimes.com/story/news/2022/05/06/attallas-150th-birthday-party-downtown-tap-may-21/9541040002/,7.063572771180936
min_k,nonmember,https://www.gadsdentimes.com/story/sports/college/football/2022/04/01/rich-rodriguez-players-looking-forward-jacksonville-state-spring-football/7168526001/,6.292324709469045
min_k,nonmember,https://www.gadsdentimes.com/restricted/?return=https%3A%2F%2Fwww.gadsdentimes.com%2Fstory%2Fsports%2Fhigh-school%2F2022%2F05%2F16%2Fahsaa-alabama-high-school-baseball-state-championship-predictions%2F9676171002%2F,0.34859477543226525
min_k,nonmember,https://www.gadsdentimes.com/restricted/?return=https%3A%2F%2Fwww.gadsdentimes.com%2Fstory%2Fsports%2Fhigh-school%2Fsoftball%2F2022%2F05%2F12%2Fahsaa-softball-lydia-west-overcoming-hydrocephalus-leading-geradline%2F9702945002%2F,0.34859477543226525
min_k,nonmember,https://www.gadsdentimes.com/story/news/2022/04/25/discussions-continue-rendering-plant-lawsuit-no-resolution-reached/7357683001/,7.745045342812172
min_k,nonmember,https://www.gadsdentimes.com/story/news/2022/07/12/gadsden-area-homes-for-sale-price-june-listings-alabama/65366996007/,3.3979180229760204
min_k,nonmember,https://www.gadsdentimes.com/story/opinion/columns/2022/04/16/john-floyd-looks-area-sports-complexes/7331343001/,7.5134159070309074
min_k,nonmember,https://www.gadsdentimes.com/story/sports/college/football/2022/08/08/jacksonville-state-football-what-south-carolina-paying-2023-game/10266641002/,6.6291468143463135
min_k,nonmember,https://www.gadsdentimes.com/story/news/2022/05/17/jsu-host-musical-version-little-women-over-six-day-run/9798237002/,7.108449662085807
min_k,nonmember,https://www.gadsdentimes.com/story/news/2022/05/11/vicky-white-casey-white-back-alabama-capture-recordings-released/9732565002/,7.184222807431354
min_k,nonmember,https://www.gadsdentimes.com/story/news/2022/06/30/rewinding-gruesome-1911-murders-greasy-cove/7584540001/,7.372103152874701
min_k,nonmember,https://www.gadsdentimes.com/story/sports/high-school/tennis/2022/04/14/sardis-caroline-johnson-wins-class-4-a-5-a-section-6-singles-title/7309339001/,6.96064054442615
min_k,nonmember,https://www.gadsdentimes.com/story/sports/high-school/2022/08/27/gadsden-area-high-school-top-performers-for-last-full-week-of-august/65418929007/,6.755845365677287
min_k,nonmember,https://www.gadsdentimes.com/story/sports/high-school/2022/09/02/alabama-high-school-football-scores-live-updates-gadsden-ahsaa-week-2/65469048007/,9.88516484366523
min_k,nonmember,https://www.gadsdentimes.com/story/news/2022/06/22/local-special-needs-children-take-baseball-field-miracle-league/7637544001/,6.873295992362399
min_k,nonmember,https://www.gadsdentimes.com/story/news/2022/04/19/commissioners-cut-sheriffs-expense-allowance/7363238001/,6.699089732663385
min_k,nonmember,https://www.gadsdentimes.com/story/news/2022/06/25/races-shape-up-qualifying-continues-gadsden-municipal-elections/7720193001/,7.783901878550083
min_k,nonmember,https://www.gadsdentimes.com/story/news/2022/07/26/august-exhibits-scheduled-gadsden-museum-art/10121965002/,7.640612896283468
min_k,nonmember,https://www.gadsdentimes.com/story/news/2022/05/27/six-shot-anniston-graduation-party-injuries-not-life-threatening/9967636002/,6.337463218914835
min_k,nonmember,https://www.gadsdentimes.com/story/news/2022/04/20/group-says-coosa-among-most-endangered-rivers/7361126001/,7.095056251243308
min_k,nonmember,https://www.gadsdentimes.com/story/opinion/columns/2022/08/14/elaine-harris-spearman-cites-importance-candidates-plans/10280732002/,7.477003048121003
min_k,nonmember,https://www.gadsdentimes.com/story/sports/high-school/football/2022/08/16/gadsden-area-high-school-football-season-preview-2022/10341820002/,6.856363165695055
min_k,nonmember,https://www.gadsdentimes.com/story/news/2022/08/08/marshall-county-pawn-shop-raided-property-seized-six-people-charged/10269989002/,7.040003822631195
min_k,nonmember,https://www.gadsdentimes.com/story/sports/high-school/baseball/2022/04/05/ahsaa-sports-gadsden-area-high-school-top-performers-first-week-april/7244642001/,6.202483701705932
min_k,nonmember,https://www.gadsdentimes.com/story/news/2022/08/12/extension-program-seeks-promote-successful-birth-outcomes/10280716002/,7.356222218937344
min_k,nonmember,https://www.gadsdentimes.com/story/sports/high-school/baseball/2022/05/17/ahsaa-baseball-etowah-defeats-mobile-christian-game-one-class-4-a-state/9763907002/,6.450081275988229
min_k,nonmember,https://www.gadsdentimes.com/restricted/?return=https%3A%2F%2Fwww.gadsdentimes.com%2Fstory%2Fnews%2F2022%2F04%2F07%2Fcovid-fallout-could-affect-job-market-years-come-analysts-say%2F7248062001%2F,0.5611111548958275
min_k,nonmember,https://www.gadsdentimes.com/story/news/2022/06/17/hsprac-director-raises-questions-finances-his-firing/9795809002/,7.142140244718772
min_k,nonmember,https://www.gadsdentimes.com/restricted/?return=https%3A%2F%2Fwww.gadsdentimes.com%2Fstory%2Fsports%2Fhigh-school%2Fbaseball%2F2022%2F04%2F30%2Fahsaa-top-performers-gadsden-area-spring-sports%2F9589665002%2F,0.34859477543226525
min_k,nonmember,https://www.gadsdentimes.com/story/news/politics/elections/local/2022/08/01/district-5-school-board-2022-meet-candidates-q-a-gadsden/10074809002/,7.3649244470111395
min_k,nonmember,https://www.gadsdentimes.com/story/news/2022/06/08/upper-level-disturbances-leads-flooding-county/7552328001/,6.561895068954019
min_k,nonmember,https://www.gadsdentimes.com/story/opinion/columns/2022/05/15/elaine-harris-spearman-commentary-truth-behind-political-labels/9663229002/,8.1429803081762
min_k,nonmember,https://www.gadsdentimes.com/story/news/2022/07/12/three-fires-glencoe-gadsden-three-firefighters-get-minor-injuries/10039042002/,6.980205730597178
min_k,nonmember,https://www.gadsdentimes.com/story/news/2022/04/03/vehicle-involved-fatal-crash-hit-teen-left-scene-sought/7264361001/,6.41163820539202
min_k,nonmember,https://www.gadsdentimes.com/story/sports/2022/06/22/vonetta-flowers-first-black-athlete-gold-medal-winter-olympics-title-ix/9838930002/,7.436955018477007
min_k,nonmember,https://www.gadsdentimes.com/story/sports/high-school/basketball/2022/04/05/ahsaa-girls-basketball-southside-coach-kim-nails-announces-retirement/9470525002/,6.499897439429101
min_k,nonmember,https://www.gadsdentimes.com/story/news/2022/06/14/flag-day-stars-and-stripes-have-represented-nations-growth/7470256001/,7.590611701483255
min_k,nonmember,https://www.gadsdentimes.com/story/news/2022/05/31/city-gadsden-provide-free-meals-through-summer-food-service-program/9958706002/,6.524559874053395
min_k,nonmember,https://www.gadsdentimes.com/story/news/education/2022/06/02/afterschool-program-studies-world-games/7457781001/,7.5349696857828485
min_k,nonmember,https://www.gadsdentimes.com/story/news/2022/07/11/centre-crash-woman-killed-sunday-single-vehicle-troopers-say/10031246002/,7.018861558702257
min_k,nonmember,https://www.gadsdentimes.com/story/news/2022/06/07/flash-flooding-heavy-rains-gadsden-area-required-water-rescues/7548122001/,7.883451049978083
min_k,nonmember,https://www.gadsdentimes.com/story/news/2022/04/02/hokes-bluff-structure-fire-friday-brings-out-multiple-fire-departments/7255609001/,7.726313405566746
min_k,nonmember,https://www.gadsdentimes.com/story/news/crime/2022/08/26/former-gadsden-bbva-branch-manager-gets-federal-sentence-dorinda-lumpkin/65457626007/,5.861976996907648
min_k,nonmember,https://www.gadsdentimes.com/restricted/?return=https%3A%2F%2Fwww.gadsdentimes.com%2Fstory%2Fnews%2F2022%2F05%2F27%2Fdna-search-angel-canadian-police-help-daughter-find-her-dad%2F7396513001%2F,0.5672795069142011
min_k,nonmember,https://www.gadsdentimes.com/story/news/2022/05/04/crenshaw-county-cold-case-who-killed-delange-harris-11-years-ago/9646052002/,6.115133730988753
min_k,nonmember,https://www.gadsdentimes.com/story/news/2022/06/13/2022-barbarian-challenge-june-18/7611291001/,6.6944427745682855
min_k,nonmember,https://www.gadsdentimes.com/story/opinion/columns/2022/04/10/elaine-h-spearman-considers-smith-rock-incident/9489277002/,7.805287902063061
min_k,nonmember,https://www.gadsdentimes.com/story/news/2022/09/09/etowah-sheriffs-office-offers-247-place-to-dispose-of-medication/66836354007/,7.071711513519287
min_k,nonmember,https://www.gadsdentimes.com/story/news/2022/06/25/kansas-city-barbeque-society-preps-world-invitational-gadsden/7717226001/,7.062929370186546
min_k,nonmember,https://www.gadsdentimes.com/story/sports/high-school/soccer/2022/05/04/ahsaa-soccer-pairings-schedules-gadsden-area-teams-quarterfinals/9643303002/,7.150265074357754
min_k,nonmember,https://www.gadsdentimes.com/story/news/2022/04/04/one-dead-early-morning-house-fire-attalla/7269377001/,5.953072045978747
min_k,nonmember,https://www.gadsdentimes.com/story/news/2022/04/30/hsprac-participate-empty-shelter-national-initiative/9583979002/,6.449171507358551
min_k,nonmember,https://www.gadsdentimes.com/story/lifestyle/columns/2022/06/30/david-murdock-july-4th-column/7767814001/,7.219408937797692
min_k,nonmember,https://www.gadsdentimes.com/story/news/2022/06/30/alea-issues-boating-safety-tips-ahead-fourth-july-weekend/7758471001/,6.2140273872543785
min_k,nonmember,https://www.gadsdentimes.com/story/news/politics/elections/2022/05/24/alabama-primary-election-results-etowah-county-commission-5-jeffery-washington/9860540002/,7.597568676389497
min_k,nonmember,https://www.gadsdentimes.com/story/news/2022/09/13/trolley-dart-bus-riders-will-have-to-pay-again-in-october/68231021007/,6.618215177370154
min_k,nonmember,https://www.gadsdentimes.com/story/news/2022/07/26/talladega-police-look-suspects-shooting-attempted-robbery/10156623002/,5.596211080965788
min_k,nonmember,https://www.gadsdentimes.com/restricted/?return=https%3A%2F%2Fwww.gadsdentimes.com%2Fstory%2Fnews%2F2022%2F05%2F27%2Fdna-search-angel-grandmother-reveals-family-secret-maine%2F7396499001%2F,0.5672795069142011
min_k,nonmember,https://www.gadsdentimes.com/story/news/2022/04/13/sports-authority-changes-ahead-current-board-expects-finish-fields/7280516001/,7.313243036684782
min_k,nonmember,https://www.gadsdentimes.com/story/news/politics/2022/04/13/james-brooks-speak-local-gop-event/7311406001/,8.124901008605956
min_k,nonmember,https://www.gadsdentimes.com/story/news/2022/04/01/united-ways-annual-meeting-april-7/7231428001/,8.28701596143769
min_k,nonmember,https://www.gadsdentimes.com/story/lifestyle/columns/2022/08/11/david-murdock-column-mister-rogers-experience/10280750002/,7.232510846430861
min_k,nonmember,https://www.gadsdentimes.com/story/opinion/columns/2022/04/03/constitutional-carry-bad-move/7210702001/,7.58956936094496
min_k,nonmember,https://www.gadsdentimes.com/story/sports/college/football/2022/08/26/jacksonville-state-football-fcs-kickoff-game-against-stephen-f-auston/10312528002/,6.854912836934618
min_k,nonmember,https://www.gadsdentimes.com/story/opinion/columns/2022/08/28/elaine-harris-spearman-new-gadsden-leaders-must-bring-fresh-approach/10353569002/,7.406803787395519
min_k,nonmember,https://www.gadsdentimes.com/restricted/?return=https%3A%2F%2Fwww.gadsdentimes.com%2Fstory%2Fnews%2F2022%2F04%2F17%2Fmelendez-focused-community-growth-times-square-locust-street%2F7282089001%2F,0.5611111548958275
min_k,nonmember,https://www.gadsdentimes.com/story/news/2022/08/23/gulf-coast-retail-gas-prices-continue-falling-alabama/65414964007/,3.135407186367295
min_k,nonmember,https://www.gadsdentimes.com/story/news/2022/05/19/skid-row-ready-rock-live-rock-concert-albertville/9744814002/,6.486710186590228
min_k,nonmember,https://www.gadsdentimes.com/story/news/2022/07/22/calhoun-county-sheriff-dna-link-between-july-2012-july-2022-attacks/10124366002/,6.786472138159914
min_k,nonmember,https://www.gadsdentimes.com/story/news/2022/06/06/construction-accident-whorton-bend-home-site-injures-worker/7537322001/,6.291452571749687
min_k,nonmember,https://www.gadsdentimes.com/story/news/2022/08/02/gadsden-district-5-city-council-2022-candidates-objectives-goals/10185090002/,6.914395075577956
min_k,nonmember,https://www.gadsdentimes.com/story/news/2022/06/19/collinsville-man-killed-motorcycle-crash-interstate-59/7676730001/,6.247551224448464
min_k,nonmember,https://www.gadsdentimes.com/story/sports/high-school/baseball/2022/05/06/ahsaa-baseball-softball-and-soccer-scores-gadsden-area-teams/9589683002/,6.3259352328199325
min_k,nonmember,https://www.gadsdentimes.com/story/news/2022/06/08/storm-bombards-east-etowah-5-5-inches-rain-causing-damage/7552145001/,7.465564992116845
min_k,nonmember,https://www.gadsdentimes.com/story/news/2022/08/11/mitchell-returns-gadsden-state-community-college/10268616002/,6.331536839050906
min_k,nonmember,https://www.gadsdentimes.com/story/news/2022/09/16/4-h-chick-chain-participants-look-to-auction/69494017007/,7.058349944927074
min_k,nonmember,https://www.gadsdentimes.com/story/sports/high-school/softball/2022/04/11/ahsaa-sports-vote-gadsden-area-female-athlete-week/9513649002/,6.487535764363186
min_k,nonmember,https://www.gadsdentimes.com/story/sports/2022/06/24/marianne-merritt-auburn-basketball-great-title-ix/9839009002/,6.956304391225179
min_k,nonmember,https://www.gadsdentimes.com/story/sports/high-school/baseball/2022/04/23/ahsaa-baseball-gadsden-area-scores-first-round-1-a-6-a-playoffs/7382378001/,5.880690174338258
min_k,nonmember,https://www.gadsdentimes.com/story/news/2022/06/27/hunter-bellew-sentenced-rainbow-city-murder-tony-mccartney/7744837001/,6.303402182422107
min_k,nonmember,https://www.gadsdentimes.com/restricted/?return=https%3A%2F%2Fwww.gadsdentimes.com%2Fstory%2Fsports%2Fhigh-school%2Fsoccer%2F2022%2F04%2F27%2Fahsaa-girls-boys-soccer-playoffs-gadsden-area-players-to-watch%2F7383251001%2F,0.5568018293102236
min_k,nonmember,https://www.gadsdentimes.com/story/news/2022/07/12/man-dies-cherokee-county-crash-cement-mixer-alabama-highway-68/10034490002/,6.819217166385135
min_k,nonmember,https://www.gadsdentimes.com/story/opinion/columns/2022/09/17/john-f-floyd-looks-at-gadsdens-finances/69494145007/,7.392488242542676
min_k,nonmember,https://www.gadsdentimes.com/story/news/2022/04/06/etowah-area-schools-close-1-30-p-m-because-weather-threat/9486128002/,7.050899515549342
min_k,nonmember,https://www.gadsdentimes.com/story/news/2022/05/14/alabama-transgender-medication-law-blocked-judge/9775330002/,7.166906311606778
min_k,nonmember,https://www.gadsdentimes.com/story/news/2022/06/07/gadsden-rendering-plant-lawsuit-dismissed-plaintiffs-achieved-goal/7543106001/,7.336082426818101
min_k,nonmember,https://www.gadsdentimes.com/story/news/2022/07/22/gadsden-city-council-tackles-number-topics/10112692002/,7.171872190066746
min_k,nonmember,https://www.gadsdentimes.com/story/news/2022/08/14/clay-county-sheriff-one-killed-suspect-shot-attempted-robbery/10324587002/,5.700590981377496
min_k,nonmember,https://www.gadsdentimes.com/story/news/2022/05/20/missing-man-found/9854279002/,6.845931325639997
min_k,nonmember,https://www.gadsdentimes.com/story/news/2022/06/30/st-stephens-episcopal-church-shooting-local-congregations-consider-safety/7658036001/,7.195838363444219
min_k,nonmember,https://www.gadsdentimes.com/story/news/2022/05/17/mentone-host-big-art-pop-up-event-weekend/9798032002/,7.280265488407829
min_k,nonmember,https://www.gadsdentimes.com/story/opinion/letters/2022/08/08/letter-editor/10265957002/,7.276021420955658
min_k,nonmember,https://www.gadsdentimes.com/story/news/2022/05/13/tips-best-tomato-varieties/9663903002/,7.949964055648217
min_k,nonmember,https://www.gadsdentimes.com/story/sports/high-school/football/2022/05/27/ahsaa-football-glencoe-coach-jamison-wadley-out-looking-new-coach/9967329002/,6.897755728139506
min_k,nonmember,https://www.gadsdentimes.com/story/news/2022/09/15/west-end-high-school-alabama-walnut-grove-threat-hoax-al/69497824007/,6.7839949960293975
min_k,nonmember,https://www.gadsdentimes.com/story/news/2022/07/20/lorrie-morgan-2022-hokes-bluff-cityfest/10088641002/,6.400165828791532
min_k,nonmember,https://www.gadsdentimes.com/story/sports/high-school/baseball/2022/05/09/poll-gadsden-area-boys-high-school-athlete-week-voting/9675522002/,6.391319475675884
min_k,nonmember,https://www.gadsdentimes.com/story/news/2022/07/14/second-riverfest-river-rocks-held-gadsden-oct-1/10039056002/,6.961941778659821
min_k,nonmember,https://www.gadsdentimes.com/story/opinion/columns/2022/08/21/elaine-harris-spearman-discusses-search-trumps-property/10353542002/,7.8775219455842045
min_k,nonmember,https://www.gadsdentimes.com/story/sports/college/football/2022/05/20/jacksonville-state-football-offensive-coordinator-calvin-magee-dies/9862276002/,4.451927824625893
min_k,nonmember,https://www.gadsdentimes.com/story/sports/high-school/basketball/2022/04/05/ahsaa-sports-vote-gadsden-area-female-athlete-week/7244564001/,6.431885296443723
min_k,nonmember,https://www.gadsdentimes.com/story/news/2022/05/06/extension-corner-backyard-poultry/9656872002/,7.780639709570469
min_k,nonmember,https://www.gadsdentimes.com/story/lifestyle/columns/2022/04/17/david-murdock-looks-back-easters-past/7318677001/,7.317624384663494
min_k,nonmember,https://www.gadsdentimes.com/story/news/2022/04/28/mothers-day-gift-ideas/7440243001/,7.982705116271973
min_k,nonmember,https://www.gadsdentimes.com/story/news/2022/07/01/omicron-subvariants-increasing-covid-19-cases-ris-in-alabama/7787527001/,6.187733643891796
min_k,nonmember,https://www.gadsdentimes.com/story/sports/high-school/2022/05/04/ahsaa-boys-soccer-fort-paynes-rafael-robles-scores-twice-lead-over-southside/9589601002/,6.023343959469005
min_k,nonmember,https://www.gadsdentimes.com/story/news/2022/04/25/gadsden-man-dies-single-vehicle-crash/7447825001/,4.475150801918724
min_k,nonmember,https://www.gadsdentimes.com/story/sports/college/2022/08/28/rich-rodriguez-jacksonville-state-football-first-game-stephen-f-austin-fcs-kickoff/7846701001/,6.662442457826832
min_k,nonmember,https://www.gadsdentimes.com/story/sports/college/football/2022/04/12/jacksonville-state-football-rich-rodriguez-talks-roster-numbers/7290936001/,6.724917462292839
min_k,nonmember,https://www.gadsdentimes.com/story/news/2022/07/06/gadsden-voters-should-check-voting-record-note-changed-polling-places/7778924001/,6.817509701672722
min_k,nonmember,https://www.gadsdentimes.com/story/news/2022/07/06/i-59-expect-shift-traffic-reece-city-north-project-begins/7823786001/,7.2542453618116784
min_k,nonmember,https://www.gadsdentimes.com/story/news/2022/08/27/gadsden-car-break-ins-phil-street-shootout-southside-police-investigate/65459911007/,7.104714595910274
min_k,nonmember,https://www.gadsdentimes.com/story/news/2022/07/12/noccalula-road-crash-claims-life-motorcycle-driver/10041103002/,5.558066466275384
min_k,nonmember,https://www.gadsdentimes.com/story/sports/college/2022/09/09/3-things-to-know-jacksonville-state-football-faces-murray-state/65579393007/,6.283030753550322
min_k,nonmember,https://www.gadsdentimes.com/story/news/2022/06/02/etowah-election-results-challenged-commission-house-candidates/7481804001/,7.388119467152845
min_k,nonmember,https://www.gadsdentimes.com/story/news/2022/07/20/four-years-after-ef-3-tornado-hit-campus-jsu-reopens-merrill-hall/10099280002/,7.204789388526991
min_k,nonmember,https://www.gadsdentimes.com/story/opinion/columns/2022/07/03/right-choose-front-and-center-us-discourse/7761764001/,7.4615980333356715
min_k,nonmember,https://www.gadsdentimes.com/restricted/?return=https%3A%2F%2Fwww.gadsdentimes.com%2Fstory%2Fsports%2Fhigh-school%2F2022%2F05%2F09%2Fahsaa-top-performers-gadsden-area-spring-sports%2F9675615002%2F,0.34859477543226525
min_k,nonmember,https://www.gadsdentimes.com/restricted/?return=https%3A%2F%2Fwww.gadsdentimes.com%2Fstory%2Fnews%2F2022%2F04%2F21%2Fsouthside-development-brings-restaurant-playground-boat-launch%2F7366665001%2F,0.5611111548958275
min_k,nonmember,https://www.gadsdentimes.com/story/news/2022/09/02/lawn-burweed-its-time-to-start-fighting/65466980007/,7.863231821336608
min_k,nonmember,https://www.gadsdentimes.com/story/sports/high-school/football/2022/06/13/ahsaa-football-chris-stephenson-hired-football-coach-sardis/7617174001/,6.351886584208562
min_k,nonmember,https://www.gadsdentimes.com/story/news/2022/05/20/etowah-countys-robotics-programs-who-they-what-they-do/9616054002/,7.10105981100474
min_k,nonmember,https://www.gadsdentimes.com/story/sports/high-school/soccer/2022/05/02/ahsaa-soccer-pairings-schedules-gadsden-area-teams/9614127002/,6.516368699628253
min_k,nonmember,https://www.gadsdentimes.com/story/news/2022/09/03/strike-up-the-bands-etowah-county-bandcheer-expo-is-tuesday/65470102007/,6.6778071622053785
min_k,nonmember,https://www.gadsdentimes.com/story/news/2022/06/13/gadsden-council-consider-moving-funds-cover-higher-gas-oil-costs/7610275001/,7.472924946023406
min_k,nonmember,https://www.gadsdentimes.com/story/news/2022/06/10/tillison-bend-campground-owner-road-controversy/7567475001/,6.683922290802002
min_k,nonmember,https://www.gadsdentimes.com/story/opinion/columns/2022/04/30/john-floyd-offers-seniors-viewpoint/9575623002/,7.964217954493583
min_k,nonmember,https://www.gadsdentimes.com/story/news/2022/06/23/john-jacobs-announces-run-mayor-gadsden/7703889001/,6.2726565560141765
min_k,nonmember,https://www.gadsdentimes.com/story/opinion/columns/2022/09/18/recent-announcements-bring-surge-of-hope-for-gadsden/69494022007/,7.835792793316788
min_k,nonmember,https://www.gadsdentimes.com/story/news/2022/05/06/theater-group-sets-summer-production/9645675002/,7.53717568008988
min_k,nonmember,https://www.gadsdentimes.com/story/news/2022/06/13/pet-week-june-13/7557714001/,7.360142374038697
min_k,nonmember,https://www.gadsdentimes.com/story/news/2022/06/28/gadsden-alabama-municipal-election-candidates-mayor-city-council-board-education-races/7755884001/,7.686757517290545
min_k,nonmember,https://www.gadsdentimes.com/story/news/2022/04/28/officers-receive-commendation-attempted-river-rescue/9558750002/,7.435203001612709
min_k,nonmember,https://www.gadsdentimes.com/story/news/2022/09/09/potential-sale-of-goodyear-property-could-bring-multiple-industries/67986294007/,7.570818655050484
min_k,nonmember,https://www.gadsdentimes.com/story/news/2022/04/13/united-way-honors-top-contributors-2022-annual-meeting/9472571002/,6.832998195022502
min_k,nonmember,https://www.gadsdentimes.com/story/opinion/columns/2022/05/15/john-f-floyd-commentary-its-best-not-sleep-vladimire-putins-threats-in-ukraine/9663167002/,7.663058051955228
min_k,nonmember,https://www.gadsdentimes.com/story/news/2022/04/07/albertville-police-investigate-fatal-shooting-highpoint-road/9506483002/,5.162619358017331
min_k,nonmember,https://www.gadsdentimes.com/story/news/2022/06/18/gadsden-municipal-races-draw-25-candidates-first-week/7658068001/,7.790948733948825
min_k,nonmember,https://www.gadsdentimes.com/restricted/?return=https%3A%2F%2Fwww.gadsdentimes.com%2Fstory%2Fnews%2F2022%2F05%2F27%2Fdna-search-angel-tracks-down-unknown-family-members%2F7396461001%2F,0.5672795069142011
min_k,nonmember,https://www.gadsdentimes.com/story/news/2022/07/29/alabama-extension-seeks-watershed-stewards/10173039002/,7.169026207923889
min_k,nonmember,https://www.gadsdentimes.com/story/news/2022/05/27/look-into-history-military-appreciation-may/9906650002/,6.344103912809002
min_k,nonmember,https://www.gadsdentimes.com/story/news/2022/09/06/grace-academy-to-provide-free-trades-training-to-local-residents/65466226007/,7.379487293416804
min_k,nonmember,https://www.gadsdentimes.com/story/news/2022/09/08/alabama-truck-stop-carjacking-suspect-shot-to-death-after-chase-shooting-at-police/66734284007/,6.70306455122458
min_k,nonmember,https://www.gadsdentimes.com/story/news/2022/04/29/gadsdens-youth-government-day/9568890002/,8.118215823736717
min_k,nonmember,https://www.gadsdentimes.com/story/news/2022/04/18/funeral-today-former-state-senator-gadsden-attorney-larry-keener/7332497001/,6.623299435565346
min_k,nonmember,https://www.gadsdentimes.com/story/news/2022/06/01/commissioners-hold-special-called-meeting/7453931001/,7.031427566041338
min_k,nonmember,https://www.gadsdentimes.com/story/news/2022/07/02/east-alabama-residents-march-womens-reproductive-rights/7776398001/,6.613331505911691
min_k,nonmember,https://www.gadsdentimes.com/story/news/2022/05/02/etowah-schools-dare-program-offers-evolving-lessons-changing-times/9585439002/,7.614278683536931
min_k,nonmember,https://www.gadsdentimes.com/story/news/2022/05/30/piedmont-woman-charged-after-truck-crashes-into-mobile-home/9992603002/,6.042416591902037
min_k,nonmember,https://www.gadsdentimes.com/story/news/2022/08/05/horton-tameron-honda-etowah-co-boe-provide-sro-glencoe-elementary/10180890002/,6.9999130374253395
min_k,nonmember,https://www.gadsdentimes.com/restricted/?return=https%3A%2F%2Fwww.gadsdentimes.com%2Fstory%2Fnews%2F2022%2F05%2F02%2Falabama-jail-escape-lauderdale-county-vicky-white-etowah-mario-centobie%2F9617830002%2F,0.34859477543226525
min_k,nonmember,https://www.gadsdentimes.com/story/news/2022/08/31/attalla-double-murder-case-expected-go-trial-january-joseph-randel-brown/65461894007/,7.366105668088223
min_k,nonmember,https://www.gadsdentimes.com/restricted/?return=https%3A%2F%2Fwww.gadsdentimes.com%2Fstory%2Fsports%2Fhigh-school%2Fsoftball%2F2022%2F05%2F16%2Fahsaa-high-school-baseball-state-championship-predictions%2F9763768002%2F,0.34859477543226525
min_k,nonmember,https://www.gadsdentimes.com/story/sports/college/football/2022/06/13/jacksonville-state-football-rod-smith-hired-offensive-coordinator/7612679001/,6.986668649173918
min_k,nonmember,https://www.gadsdentimes.com/story/sports/high-school/2022/05/16/etowah-baseball-catcher-tandem-among-best-ahsaa/9675598002/,6.551402795882452
min_k,nonmember,https://www.gadsdentimes.com/story/news/2022/08/07/gadsden-city-etowah-county-attalla-school-systems-principals-list/10170783002/,7.915362114906311
min_k,nonmember,https://www.gadsdentimes.com/story/news/2022/05/27/dna-search-angel-finds-relatives-through-genetic-genealogy/7396520001/,7.044804457022663
min_k,nonmember,https://www.gadsdentimes.com/story/sports/high-school/basketball/2022/05/14/jacksonville-state-alex-odam-announces-commitment-twitter/9775934002/,6.481787113582387
min_k,nonmember,https://www.gadsdentimes.com/story/news/2022/09/06/bryant-man-killed-in-early-morning-crash-in-dekalb-county/65473968007/,5.561354740460714
min_k,nonmember,https://www.gadsdentimes.com/story/opinion/columns/2022/07/10/elaine-h-spearman-reflects-first-black-woman-supreme-court/7820558001/,7.785261711248984
min_k,nonmember,https://www.gadsdentimes.com/story/sports/high-school/basketball/2022/04/13/ahsaa-basketball-8-gadsden-area-players-selected-north-all-star-team/7300629001/,7.126369631567667
min_k,nonmember,https://www.gadsdentimes.com/story/sports/high-school/2022/05/11/ahsaa-baseball-etowah-sweeps-hamilton-reach-state-championship/9675591002/,6.862490400774726
min_k,nonmember,https://www.gadsdentimes.com/story/news/2022/06/07/etowah-republican-primary-vote-contests-heard-later-month/7530704001/,6.8737582187263335
min_k,nonmember,https://www.gadsdentimes.com/story/sports/high-school/track-field/2022/05/06/ahsaa-track-and-field-westbrook-christians-carl-henry-breaks-shot-put-record/9679938002/,6.3612765201500485
min_k,nonmember,https://www.gadsdentimes.com/story/news/2022/07/21/gadsden-area-excessive-heat-warning-heat-advisory/10116415002/,6.402502333245626
min_k,nonmember,https://www.gadsdentimes.com/story/news/2022/06/15/chamber-gadsden-etowah-county-3-star-accreditation/7627609001/,6.423677111780921
min_k,nonmember,https://www.gadsdentimes.com/story/news/2022/08/22/jacksonville-shooting-man-faces-manslaughter-charge-justin-racca/7867769001/,6.190664018193881
min_k,nonmember,https://www.gadsdentimes.com/story/sports/college/baseball/2022/05/17/gadsden-state-names-blake-lewis-baseball-coach-athletic-director/9809700002/,5.837912631413293
min_k,nonmember,https://www.gadsdentimes.com/story/news/local/2022/04/03/examinations-faith-spring-brings-holy-days-several-religions/7121578001/,7.156011462211609
min_k,nonmember,https://www.gadsdentimes.com/story/news/2022/07/05/when-harry-met-archie-wade/7772755001/,8.2982021086666
min_k,nonmember,https://www.gadsdentimes.com/story/news/2022/04/29/lauderdale-county-co-and-capital-murder-suspect-missing/9592553002/,5.09720538319021
min_k,nonmember,https://www.gadsdentimes.com/story/news/2022/06/10/etowah-county-extension-seeks-public-input-feedback/7558917001/,7.3512118574860805
min_k,nonmember,https://www.gadsdentimes.com/story/sports/high-school/baseball/2022/05/06/ahsaa-soccer-leah-lewis-leads-southside-over-springville-6-a-playoffs/9589654002/,6.297557887083255
min_k,nonmember,https://www.gadsdentimes.com/story/news/2022/05/06/commissioners-approve-partnership-gadsden-sardis-city/9616035002/,7.382528298092584
min_k,nonmember,https://www.gadsdentimes.com/story/news/2022/04/21/albertville-man-charged-sex-crimes-going-investigation/7394034001/,5.364497586792591
min_k,nonmember,https://www.gadsdentimes.com/story/business/2022/07/11/gadsden-al-readers-choice-awards-voting-2022/10030579002/,1.7712534526363015
min_k,nonmember,https://www.gadsdentimes.com/story/news/2022/04/04/pet-week-april-4/7247344001/,6.734221559582335
min_k,nonmember,https://www.gadsdentimes.com/story/news/2022/07/13/gda-covid-19-state-2022-07-11-al-ntgt/65370467007/,2.7911002304103665
min_k,nonmember,https://www.gadsdentimes.com/story/news/2022/04/28/southside-police-make-arrest-stolen-cell-phone-card-fraud-case/9575057002/,7.169969063179166
min_k,nonmember,https://www.gadsdentimes.com/story/news/2022/05/05/one-dead-albertville-officer-involved-shooting/9666761002/,5.812467867328275
min_k,nonmember,https://www.gadsdentimes.com/story/opinion/columns/2022/05/29/elaine-harris-spearman-looks-memorial-day/9934132002/,7.7522234670894665
min_k,nonmember,https://www.gadsdentimes.com/story/news/2022/06/24/etowah-county-alabama-reacts-roe-v-wade-overturned/7702779001/,6.740220258025085
min_k,nonmember,https://www.gadsdentimes.com/story/news/2022/05/09/alabamas-first-ever-ram-clinic-reports-successful-weekend/9614115002/,7.024739698127464
min_k,nonmember,https://www.gadsdentimes.com/story/news/2022/09/02/city-of-gadsden-now-hiring-boosts-pay-offers-bonus-dispatchers/65461800007/,7.386378693580627
min_k,nonmember,https://www.gadsdentimes.com/story/news/2022/07/28/here-five-things-gadsden-city-council-considered-week/10161572002/,6.768872827642104
min_k,nonmember,https://www.gadsdentimes.com/story/news/2022/07/13/commissioners-renew-water-treatment-programs-county/10037504002/,7.773009693349591
min_k,nonmember,https://www.gadsdentimes.com/story/sports/high-school/football/2022/06/02/ahsaa-football-glencoe-hires-scott-martin-football-coach/7494292001/,7.0401879737251685
min_k,nonmember,https://www.gadsdentimes.com/story/sports/college/football/2022/08/25/jacksonville-state-football-fcs-fbs-playoff-eligible-postseason-2022/10329566002/,6.110300374527772
min_k,nonmember,https://www.gadsdentimes.com/story/news/2022/07/11/missing-hanceville-man-found-motorcycle-crash-cullman-county/10028121002/,5.567910544077555
min_k,nonmember,https://www.gadsdentimes.com/story/news/2022/07/26/interstate-59-motorcycle-crash-glencoe-woman-killed-man-injured/10158001002/,5.316068781049628
min_k,nonmember,https://www.gadsdentimes.com/story/news/2022/06/13/hoke-bluff-theft-suspects-escape-kayak-ends-when-craft-flips/7614245001/,7.138479619315176
min_k,nonmember,https://www.gadsdentimes.com/story/opinion/letters/2022/08/08/letters-editor-new-supporters/10269030002/,8.441831020208506
min_k,nonmember,https://www.gadsdentimes.com/story/news/2022/04/01/cherokee-crash-fatal-georgia-woman-car-hit-downed-tree-left-road/7249475001/,6.577094101324314
min_k,nonmember,https://www.gadsdentimes.com/story/sports/high-school/baseball/2022/04/18/ahsaa-sports-poll-gadsden-area-boys-high-school-athlete-week/7328896001/,6.4429550772127895
min_k,nonmember,https://www.gadsdentimes.com/story/news/2022/07/23/jacksonville-state-recognizes-haywoods-fountain-dedication/10099641002/,7.233005351490444
min_k,nonmember,https://www.gadsdentimes.com/story/news/2022/07/01/4th-of-july-meaning-traditions-history/7776347001/,6.9119439742144415
min_k,nonmember,https://www.gadsdentimes.com/story/news/2022/07/08/keeping-delicious-backyard-cooked-food-safe-eat/7823978001/,7.153995688870657
min_k,nonmember,https://www.gadsdentimes.com/story/news/2022/05/27/some-etowah-candidate-consider-challenging-vote-if-partys-certify/9943630002/,6.797819666429
min_k,nonmember,https://www.gadsdentimes.com/restricted/?return=https%3A%2F%2Fwww.gadsdentimes.com%2Fstory%2Fnews%2F2022%2F04%2F18%2Fcommunity-support-speaks-volumes-glencoe-family%2F7303903001%2F,0.5611111548958275
min_k,nonmember,https://www.gadsdentimes.com/story/opinion/columns/2022/08/13/john-floyd-looks-manufacturing-center-eyo-election/10280739002/,7.31551722405662
min_k,nonmember,https://www.gadsdentimes.com/story/news/politics/elections/local/2022/08/16/gadsden-district-7-city-council-2022-candidate-profiles/10219530002/,7.715560967160254
min_k,nonmember,https://www.gadsdentimes.com/story/sports/high-school/football/2022/06/09/glencoe-football-coach-scott-martin-rebuilding-program-alabama-high-school/7530095001/,6.54958631291109
min_k,nonmember,https://www.gadsdentimes.com/story/news/2022/06/12/gadsden-city-elections-qualifying-begins-tuesday-ends-june-28/7558525001/,6.221598104997114
min_k,nonmember,https://www.gadsdentimes.com/story/opinion/columns/2022/07/24/voters-need-concerned-voting-power/10107188002/,7.427483593375937
min_k,nonmember,https://www.gadsdentimes.com/story/news/2022/04/06/have-you-seen-missing-girl-etowah-sheriffs-office-wants-know/9492940002/,7.305636831692287
min_k,nonmember,https://www.gadsdentimes.com/story/lifestyle/columns/2022/06/09/postcard-collection-david-murdock-discusses-hobbby/7557610001/,7.232859551421995
min_k,nonmember,https://www.gadsdentimes.com/story/news/2022/06/03/controlling-pests-damage-summer-crops-farming/7475604001/,7.725135756777479
min_k,nonmember,https://www.gadsdentimes.com/story/news/2022/06/23/fourth-july-events-northeast-alabama/7699078001/,6.5067337867432995
min_k,nonmember,https://www.gadsdentimes.com/restricted/?return=https%3A%2F%2Fwww.gadsdentimes.com%2Fstory%2Fnews%2F2022%2F06%2F22%2Fold-gadsden-etowah-county-restaurants-people-miss%2F7665552001%2F,0.8536495254702459
min_k,nonmember,https://www.gadsdentimes.com/story/sports/high-school/baseball/2022/05/09/ahsaa-baseball-pairings-schedules-gadsden-area-teams-semifinals/9675952002/,6.74045872146433
min_k,nonmember,https://www.gadsdentimes.com/story/sports/high-school/softball/2022/06/05/gadsden-area-players-2022-ahsaa-all-state-softball-teams/7499713001/,7.113654015806424
min_k,nonmember,https://www.gadsdentimes.com/story/news/2022/06/15/fathers-day-2022-five-facts-history-tradition-honoring-dad/9908482002/,7.4950040087980385
min_k,nonmember,https://www.gadsdentimes.com/story/lifestyle/columns/2022/06/23/david-murdock-looks-high-price-of-well-everything/7701403001/,6.883942794039905
min_k,nonmember,https://www.gadsdentimes.com/restricted/?return=https%3A%2F%2Fwww.gadsdentimes.com%2Fstory%2Fnews%2F2022%2F04%2F15%2Fgadsden-commercial-projects-where-do-they-stand%2F7294040001%2F,0.5611111548958275
min_k,nonmember,https://www.gadsdentimes.com/story/news/2022/08/09/here-five-things-gadsden-city-council-considered-week/10268160002/,6.7441413048774965
min_k,nonmember,https://www.gadsdentimes.com/story/lifestyle/columns/2022/08/18/david-murdock-on-the-changing-meaning-of-words/10348047002/,6.930220673922386
min_k,nonmember,https://www.gadsdentimes.com/story/news/2022/06/06/25-years-day-action-june/7468442001/,8.034179781612597
min_k,nonmember,https://www.gadsdentimes.com/restricted/?return=https%3A%2F%2Fwww.gadsdentimes.com%2Fstory%2Fsports%2Fhigh-school%2Fsoftball%2F2022%2F05%2F25%2Fahsaa-softball-best-moments-bold-predictions-gadsden-area%2F9868059002%2F,0.5672795069142011
min_k,nonmember,https://www.gadsdentimes.com/restricted/?return=https%3A%2F%2Fwww.gadsdentimes.com%2Fstory%2Fsports%2Fhigh-school%2Fbaseball%2F2022%2F06%2F23%2Fetowah-county-high-school-baseball-all-teams-2022-season-alabama%2F7648985001%2F,0.5629431392984164
min_k,nonmember,https://www.gadsdentimes.com/story/sports/college/football/2022/04/09/jacksonville-state-football-quarterback-zion-webb-building-connection-pj-wells/9497481002/,5.952403899305356
min_k,nonmember,https://www.gadsdentimes.com/story/news/crime/2022/08/28/betty-wilson-case-books-tv-true-crime-series-podcasts-murder/10312258002/,7.81021548377143
min_k,nonmember,https://www.gadsdentimes.com/story/news/2022/05/31/gadsden-dentists-become-first-father-son-duo-awarded-uab-alumni-awards/9924835002/,6.696558683346479
min_k,nonmember,https://www.gadsdentimes.com/story/news/2022/07/18/rainbow-city-names-holderfield-interim-police-chief-commends-officers/10049476002/,7.266413503064367
min_k,nonmember,https://www.gadsdentimes.com/restricted/?return=https%3A%2F%2Fwww.gadsdentimes.com%2Fstory%2Fnews%2F2022%2F05%2F17%2Fcorrections-officers-inmate-interaction-red-flags-casey-vicky-white%2F9779052002%2F,0.5940342050707841
min_k,nonmember,https://www.gadsdentimes.com/story/news/2022/04/20/gadsden-council-oks-incentives-grocery-store-gadsden-mall/7373977001/,7.201441384650566
min_k,nonmember,https://www.gadsdentimes.com/story/news/2022/04/22/guilty-capital-murder-verdict-delivered-2016-riddles-bend-case/7411256001/,7.3272480034828185
min_k,nonmember,https://www.gadsdentimes.com/story/news/2022/06/11/rainbow-city-man-dead-after-friday-night-rampage-identified/7592658001/,7.246986862384912
min_k,nonmember,https://www.gadsdentimes.com/story/news/2022/09/17/alabama-governor-kay-ivey-bankston-motor-homes-opens-new-sales-service-facility-in-attalla/69498067007/,7.3517647335926695
min_k,nonmember,https://www.gadsdentimes.com/story/news/2022/07/15/extension-launches-farming-basics-podcast/10043876002/,7.234494046467106
min_k,nonmember,https://www.gadsdentimes.com/story/news/2022/06/09/etowah-county-commissioners-vote-no-help-board-registrars/7553009001/,7.2663913057205525
min_k,nonmember,https://www.gadsdentimes.com/story/sports/high-school/baseball/2022/04/19/piedmont-baseball-21-game-winning-streak-going-into-ahsaa-playoffs/9513771002/,6.4301718564137165
min_k,nonmember,https://www.gadsdentimes.com/story/sports/high-school/baseball/2022/05/16/ahsaa-baseball-piedmont-takes-game-1-class-3-a-state-championship-series/9763871002/,6.700500438415927
min_k,nonmember,https://www.gadsdentimes.com/story/news/2022/06/01/press-issues-delay-wednesday-print-edition/7465381001/,6.764086931943893
min_k,nonmember,https://www.gadsdentimes.com/story/news/2022/05/04/commissioners-announce-rainbow-city-mega-site-partnership/9616040002/,7.096734137446792
min_k,nonmember,https://www.gadsdentimes.com/story/news/2022/08/18/art-music-storytelling-event-mentone/10342954002/,8.239864074822629
min_k,nonmember,https://www.gadsdentimes.com/story/news/2022/08/16/gadsden-trolley-service-polls-election-day/10329051002/,7.300808819328866
min_k,nonmember,https://www.gadsdentimes.com/story/news/2022/04/08/aderholt-asking-questions-etowah-detainee-removal/9499634002/,6.879567495206508
min_k,nonmember,https://www.gadsdentimes.com/story/news/2022/05/30/southside-rainbow-city-firefighters-search-man-coosa-river/9996191002/,6.036492643934308
min_k,nonmember,https://www.gadsdentimes.com/story/sports/high-school/track-field/2022/05/03/ahsaa-track-and-field-etowah-county-state-qualifiers/9616706002/,6.8962574253602895
min_k,nonmember,https://www.gadsdentimes.com/story/news/2022/06/13/attalla-fire-allows-gadsden-fire-department-assistance/7596231001/,6.29788394713066
min_k,nonmember,https://www.gadsdentimes.com/story/news/2022/07/14/alabama-power-customers-start-seeing-increased-bills-august/10048555002/,6.1375648975372314
min_k,nonmember,https://www.gadsdentimes.com/videos/news/2022/05/03/lauderdale-county-jailer-vicky-white-leaving-jail-casey-white-alabama-video/9636719002/,7.885894000530243
min_k,nonmember,https://www.gadsdentimes.com/story/news/2022/04/17/gadsden-leaders-hear-pitch-city-subsidized-spay-neuter-program/7304969001/,7.125022833259942
min_k,nonmember,https://www.gadsdentimes.com/story/news/2022/07/01/second-etowah-county-tomato-taste-off-july-9/7776227001/,7.654325300508791
min_k,nonmember,https://www.gadsdentimes.com/story/news/2022/04/01/frank-helderman-jr-obituary/7234326001/,6.813826888147061
min_k,nonmember,https://www.gadsdentimes.com/story/news/2022/08/02/gadsden-airport-authority-must-answer-open-meetings-violation-claims/10200383002/,7.098807083087021
min_k,nonmember,https://www.gadsdentimes.com/story/news/2022/09/09/events-of-911-to-be-remembered-in-ceremony-sunday-gadsden/66947458007/,6.2678294365222635
min_k,nonmember,https://www.gadsdentimes.com/story/news/2022/06/22/lgbtq-gadsden-youth-encouraged-participate-pride-celebration/7692854001/,7.115298241607903
min_k,nonmember,https://www.gadsdentimes.com/story/news/2022/08/25/sand-mountain-park-albertville-alabama-largest-outdoor-ice-rink-coming/7869419001/,6.827529826334545
min_k,nonmember,https://www.gadsdentimes.com/story/news/2022/06/09/police-incident-walnut-park-school/7567393001/,6.297416910833242
min_k,nonmember,https://www.gadsdentimes.com/story/opinion/columns/2022/05/28/john-f-floyd-looks-memorial-day/9961254002/,7.7317309299098795
min_k,nonmember,https://www.gadsdentimes.com/story/news/2022/06/02/gadsden-moves-forward-lease-ida-venue-expansion-project/7467697001/,6.93339581238596
min_k,nonmember,https://www.gadsdentimes.com/story/news/2022/08/01/travel-chance-see-country-meet-people/10183825002/,8.06909361852479
min_k,nonmember,https://www.gadsdentimes.com/story/news/2022/07/09/lions-club-city-election-forum-july-18/10017607002/,7.268918319181963
min_k,nonmember,https://www.gadsdentimes.com/story/sports/college/2022/09/10/jacksonville-state-football-vs-murray-state-score-live-updates/65471896007/,6.262416044871013
min_k,nonmember,https://www.gadsdentimes.com/story/news/2022/06/06/jsu-marching-southerners-prepare-d-day-2024/7533664001/,6.712167234131784
min_k,nonmember,https://www.gadsdentimes.com/story/news/2022/04/21/gscc-theater-production-debuts/7395127001/,7.237441010270382
min_k,nonmember,https://www.gadsdentimes.com/story/news/2022/05/01/lauderdale-county-jail-inmate-escape-corrections-officer-case-reward-offered/9609347002/,5.652674791947851
min_k,nonmember,https://www.gadsdentimes.com/story/news/2022/04/22/preparations-underway-alabamas-first-ram-clinic/7363290001/,6.62797178663649
min_k,nonmember,https://www.gadsdentimes.com/story/sports/high-school/softball/2022/05/23/ahsaa-vote-athlete-week-gadsden-area-may-16-22/9867986002/,6.732683569637697
min_k,nonmember,https://www.gadsdentimes.com/story/news/2022/08/05/only-drill-attalla-police-training-friday-attalla-elementary/10245465002/,6.902642652392387
min_k,nonmember,https://www.gadsdentimes.com/story/lifestyle/columns/2022/08/04/david-murdock-contemplates-brand-loyalty/10228524002/,7.3274768721312284
min_k,nonmember,https://www.gadsdentimes.com/story/news/2022/08/31/labor-day-2022-gadsden-art-music-more-to-kick-off-weekend/65462257007/,7.677017732100054
min_k,nonmember,https://www.gadsdentimes.com/story/news/2022/07/11/etowah-county-man-killed-hit-and-run-sardis/10028925002/,6.369880825281143
min_k,nonmember,https://www.gadsdentimes.com/story/news/2022/08/02/prepare-high-temperatures-gadsdens-upcoming-first-friday/10207208002/,7.0497146473136
min_k,nonmember,https://www.gadsdentimes.com/story/sports/high-school/softball/2022/05/07/ahsaa-softball-schedules-and-pairings-central-regional-albertville/9676010002/,5.752615016572019
min_k,nonmember,https://www.gadsdentimes.com/story/news/2022/08/16/atttalla-city-council-dangerous-animals-exotic-pets-cruelty-camp-sibert-neighborhood/10327306002/,7.330923044404318
min_k,nonmember,https://www.gadsdentimes.com/story/sports/2022/04/21/ground-broken-westbrook-athletic-facility/7358645001/,6.472447350405265
min_k,nonmember,https://www.gadsdentimes.com/story/news/2022/06/29/sylacauga-man-dies-after-motorcycle-hits-deer-dekalb-county-crash/7771519001/,5.192014155564485
min_k,nonmember,https://www.gadsdentimes.com/story/news/2022/07/01/water-park-near-gadsden-al-offer-fun-family-albertville-cullman/7765206001/,6.548686033562769
min_k,nonmember,https://www.gadsdentimes.com/story/sports/high-school/basketball/2022/05/27/john-broom-mississippi-state-clemson-basketball-recruiting-cade-phillips-tennessee/9949373002/,6.322974017285925
min_k,nonmember,https://www.gadsdentimes.com/story/sports/high-school/baseball/2022/05/18/ahsaa-baseball-mobile-christian-defeats-etowah-win-class-4-a-state-championship/9763925002/,6.77473016752713
min_k,nonmember,https://www.gadsdentimes.com/story/news/2022/05/18/downtown-dance-conservatory-presents-sleeping-beauty-weekend/9811458002/,8.318129532579063
min_k,nonmember,https://www.gadsdentimes.com/story/news/2022/06/01/boaz-police-vehicle-hit-during-traffic-stop-causes-minor-injuries/7470193001/,6.479556460878742
min_k,nonmember,https://www.gadsdentimes.com/story/news/2022/09/09/kings-olive-oil-gadsden-al-earns-alabama-retailer-of-year-award/67029250007/,7.0740809715711155
min_k,nonmember,https://www.gadsdentimes.com/story/news/2022/05/03/new-posters-reward-u-s-marshals-lauderdale-escape-case/9623944002/,6.122990422600868
min_k,nonmember,https://www.gadsdentimes.com/story/news/2022/04/12/free-gas-bowling-tap-weekend-via-smith-new-destiny/7293620001/,7.047821987758983
min_k,nonmember,https://www.gadsdentimes.com/story/news/politics/elections/local/2022/09/14/gadsden-mayoral-contenders-debate-thursday-ahead-runoff/69492115007/,7.413403543453772
min_k,nonmember,https://www.gadsdentimes.com/story/news/2022/08/05/back-school-gadsden-city-system/10163084002/,6.788754716211436
min_k,nonmember,https://www.gadsdentimes.com/story/news/2022/07/29/gscc-advanced-manufacturing-center-gets-green-light/10174941002/,6.874487325256946
min_k,nonmember,https://www.gadsdentimes.com/story/news/2022/04/13/smoke-falls-2022-results/7283228001/,8.760839181230558
min_k,nonmember,https://www.gadsdentimes.com/story/news/2022/06/13/st-clair-crash-injured-state-trooper-other-driver-59/7616480001/,5.699287383787094
min_k,nonmember,https://www.gadsdentimes.com/story/sports/college/football/2022/08/25/jacksonville-state-football-how-watch-rich-rodriguezs-debut/10319162002/,5.445768840496356
min_k,nonmember,https://www.gadsdentimes.com/story/news/politics/elections/local/2022/08/11/gadsden-district-3-board-education-2022-meet-candidates-q-a/10149122002/,7.67337991955044
min_k,nonmember,https://www.gadsdentimes.com/story/news/2022/05/02/warrant-issued-alabama-officer-vicky-white-orchestrated-escape-inmate-casey-white/9616341002/,6.652417957782745
min_k,nonmember,https://www.gadsdentimes.com/story/news/2022/09/16/change-coming-in-sports-project-leadership-as-field-work-continues/69495285007/,7.671479125428044
min_k,nonmember,https://www.gadsdentimes.com/story/news/2022/04/22/dgi-hosts-biennial-meeting/7363286001/,7.3214289936526065
min_k,nonmember,https://www.gadsdentimes.com/story/news/2022/07/29/worlds-longest-yard-sale-2022-august-gadsden-etowah-county/10116714002/,7.015397694052719
min_k,nonmember,https://www.gadsdentimes.com/story/sports/nfl/2022/06/06/chicago-bears-q-a-receiver-darnell-mooney-football-camp/9968417002/,6.542554986274848
min_k,nonmember,https://www.gadsdentimes.com/story/sports/2022/04/02/gadsdens-mathis-earns-spot-softball-hof/7251894001/,7.615353918075561
min_k,nonmember,https://www.gadsdentimes.com/story/news/2022/08/09/gsccs-advanced-manufacturing-center-and-its-impact-career-training/10213248002/,6.972656363790685
min_k,nonmember,https://www.gadsdentimes.com/story/news/2022/08/19/rainsville-spill-cleanup-continues-truck-leaked-peracetic-acid-dekalb-county/7843229001/,7.648581771289601
min_k,nonmember,https://www.gadsdentimes.com/story/news/2022/04/12/what-happens-when-animal-stays-shelter-long-time/9472550002/,6.864046566217326
min_k,nonmember,https://www.gadsdentimes.com/story/news/2022/07/08/theatre-gadsdens-big-river-bring-laughs-and-lessons-ritz/10005817002/,6.961605781057607
min_k,nonmember,https://www.gadsdentimes.com/story/news/2022/04/01/etowah-fires-blazes-keener-area-attalla-scorch-some-386-acres/7229193001/,7.421181442501308
min_k,nonmember,https://www.gadsdentimes.com/story/news/2022/04/08/albertville-police-seek-motive-fatal-shooting-thursday-afternoon/9512132002/,6.560487761864295
min_k,nonmember,https://www.gadsdentimes.com/story/news/2022/08/10/painting-gadsden-blue-child-abuse-awareness-month/10268114002/,6.933453891728376
min_k,nonmember,https://www.gadsdentimes.com/story/news/2022/07/14/gadsden-man-32-killed-motorcycle-crash-monday-noccalula-road/10061269002/,5.561033330465618
min_k,nonmember,https://www.gadsdentimes.com/story/sports/high-school/baseball/2022/04/30/ahsaa-baseball-trace-thomson-leads-etowah-past-westminster-christian/7383260001/,6.403426729602578
min_k,nonmember,https://www.gadsdentimes.com/story/news/2022/04/14/etowah-veterans-board-needed-manage-property-donated-wwii-vets/7296731001/,6.787986932482038
min_k,nonmember,https://www.gadsdentimes.com/story/sports/high-school/football/2022/05/25/ahsaa-football-sardis-football-coach-gene-hill-steps-down/9924188002/,6.6246841227422
min_k,nonmember,https://www.gadsdentimes.com/story/news/politics/elections/2022/05/20/house-29-candidates-mark-gidley-and-jamie-grant-answer-questions/9861992002/,6.8396642186023575
min_k,nonmember,https://www.gadsdentimes.com/story/news/2022/07/09/reward-offered-july-5-slaying-gadsden/10013863002/,4.600854463875294
min_k,nonmember,https://www.gadsdentimes.com/story/news/2022/07/04/pet-week-july-4/7789158001/,6.762201407376458
min_k,nonmember,https://www.gadsdentimes.com/story/opinion/columns/guest/2022/09/02/rendering-plant-fight-was-about-economics/65470516007/,7.84494148829337
min_k,nonmember,https://www.gadsdentimes.com/story/news/2022/07/19/etowah-investigators-charge-georgia-man-child-porn-other-charges/10097539002/,5.95957894678469
min_k,nonmember,https://www.gadsdentimes.com/story/news/2022/08/12/hsprac-partners-petco-new-adoption-initiative/10278299002/,6.978340171905885
min_k,nonmember,https://www.gadsdentimes.com/story/opinion/columns/2022/09/04/elaine-harris-spearman-says-people-should-get-energized-to-vote/65464158007/,7.4694402888863385
min_k,nonmember,https://www.gadsdentimes.com/story/opinion/columns/2022/08/06/john-floyd-discusses-open-records-suit-against-airport-authority/10223765002/,7.7603838150514
min_k,nonmember,https://www.gadsdentimes.com/story/news/2022/05/20/4-h-chick-chain-program/9837719002/,7.743380794525146
min_k,nonmember,https://www.gadsdentimes.com/story/news/2022/05/06/crash-etowah-county-closes-one-southbound-lane-59/9680283002/,6.897161940733592
min_k,nonmember,https://www.gadsdentimes.com/story/news/2022/07/22/alabama-weather-how-aware-and-prepared-heat/10107165002/,6.550696775648329
min_k,nonmember,https://www.gadsdentimes.com/story/news/2022/09/12/motorcycle-crash-results-in-mans-death/69486366007/,6.247991600036621
min_k,nonmember,https://www.gadsdentimes.com/story/news/2022/08/20/alabama-troopers-wrecks-kill-steele-woman-hanceville-man/7854694001/,5.955939420947322
min_k,nonmember,https://www.gadsdentimes.com/story/news/2022/05/27/woman-learns-father-finds-sister-through-dna-search-angel/7396489001/,7.7202268956781746
min_k,nonmember,https://www.gadsdentimes.com/story/lifestyle/columns/2022/04/10/david-murdock-looks-memory-and-perception/9489149002/,7.2490446416158525
min_k,nonmember,https://www.gadsdentimes.com/story/news/2022/07/15/calhoun-county-crash-claims-life-florida-truck-driver/10066705002/,5.250032039789053
min_k,nonmember,https://www.gadsdentimes.com/story/news/2022/05/18/etowah-county-graduation-ceremonies-times-and-dates/9795232002/,7.071352177771969
min_k,nonmember,https://www.gadsdentimes.com/story/lifestyle/columns/2022/04/03/david-murdocks-tales-front-porch/7217284001/,7.753776739081558
min_k,nonmember,https://www.gadsdentimes.com/story/opinion/columns/2022/06/19/elaine-harris-spearman-fathers-day/7627727001/,7.373425045838723
min_k,nonmember,https://www.gadsdentimes.com/story/opinion/columns/2022/07/09/john-floyd-looks-foia-info-rendering-plant/7823495001/,8.346848837219843
min_k,nonmember,https://www.gadsdentimes.com/story/opinion/columns/2022/08/07/gadsden-needs-drum-major-and-backing-band/10219345002/,7.58631074272389
min_k,nonmember,https://www.gadsdentimes.com/story/news/2022/04/26/guilty-verdict-delivered-quickly-after-witnesses-detail-2016-slaying/7418243001/,7.002748673962008
min_k,nonmember,https://www.gadsdentimes.com/story/news/2022/08/28/learn-how-safely-cope-farm-equipment-roads/7837654001/,6.944154281060673
min_k,nonmember,https://www.gadsdentimes.com/story/news/politics/elections/2022/05/19/etowah-county-sheriff-primary-candidates-jonathon-horton-leonard-kiser/9822249002/,7.5661931182398945
min_k,nonmember,https://www.gadsdentimes.com/story/sports/2022/06/23/roberta-alison-baumgardner-mens-tennis-title-ix-female-athletes/9838951002/,7.3010294931428925
min_k,nonmember,https://www.gadsdentimes.com/story/news/2022/07/14/donaldson-prison-death-calvin-turner-gadsden-serving-sentence-1988-murder-case/10042345002/,6.479810590744019
min_k,nonmember,https://www.gadsdentimes.com/story/news/2022/05/22/shooting-pell-city-results-four-dead/9884896002/,5.908328424800526
min_k,nonmember,https://www.gadsdentimes.com/story/news/2022/08/08/gadsden-gscc-sports-park-phase-1-ribbon-cutting/10218631002/,7.058266762937053
min_k,nonmember,https://www.gadsdentimes.com/story/news/2022/05/04/aldot-director-said-759-connector-project-take-five-years/9643103002/,7.146301681345159
min_k,nonmember,https://www.gadsdentimes.com/story/news/2022/04/07/fake-officer-stops-vehicle/9494841002/,7.410962234843861
min_k,nonmember,https://www.gadsdentimes.com/story/news/politics/elections/2022/05/19/etowah-county-primary-commission-district-4-tim-ramsey-jeff-overstreet/9823125002/,7.256985958021057
min_k,nonmember,https://www.gadsdentimes.com/story/lifestyle/columns/2022/05/26/david-murdock-looks-memorial-day/9933759002/,7.2332234608715975
min_k,nonmember,https://www.gadsdentimes.com/story/news/2022/07/21/etowah-county-sports-complex-fields-should-ready-october/10085321002/,7.907056963885272
min_k,nonmember,https://www.gadsdentimes.com/story/news/2022/05/28/applications-cooling-assistance-program-open-next-month/9958861002/,6.980805993080139
min_k,nonmember,https://www.gadsdentimes.com/story/sports/high-school/soccer/2022/05/02/poll-gadsden-area-girls-high-school-athlete-week-voting/9589568002/,6.283149019265786
min_k,nonmember,https://www.gadsdentimes.com/story/news/2022/04/09/car-crash-dekalb-county-ider-alabama-two-killed-alea/9526905002/,6.661929460672232
min_k,nonmember,https://www.gadsdentimes.com/story/news/2022/07/12/casey-white-charged-murder-vicky-whites-death/10038394002/,6.014537941164045
min_k,nonmember,https://www.gadsdentimes.com/story/news/2022/04/19/etowah-absentee-voting-may-primary-how-apply-what-deadlines/7355874001/,5.63958645867301
min_k,nonmember,https://www.gadsdentimes.com/story/sports/college/2022/08/25/jacksonville-state-football-stephen-f-austin-spying-coach-rich-rodriguez/65419151007/,8.153698329002626
min_k,nonmember,https://www.gadsdentimes.com/story/news/2022/08/15/covid-etowah-county-al-cases-surge/65403383007/,3.5228939067089446
min_k,nonmember,https://www.gadsdentimes.com/story/sports/high-school/soccer/2022/04/08/ahsaa-boys-soccer-four-southside-players-fasting-during-ramadan/9506355002/,6.844495435779014
min_k,nonmember,https://www.gadsdentimes.com/story/lifestyle/columns/2022/07/22/david-murdock-choosing-words-look-sound-right/10120498002/,7.532508779592551
min_k,nonmember,https://www.gadsdentimes.com/story/news/2022/06/03/atv-crash-claims-life-sylacauga-teenager/7502496001/,5.281704275231612
min_k,nonmember,https://www.gadsdentimes.com/story/news/2022/07/15/sardis-city-fatal-hit-and-run-warrant-issued-man/10068055002/,6.528552761617696
min_k,nonmember,https://www.gadsdentimes.com/story/sports/high-school/softball/2022/05/17/ahsaa-sports-top-performers-gadsden-area-baseball-softball-championships/9763936002/,5.8307290967688505
min_k,nonmember,https://www.gadsdentimes.com/story/news/2022/08/22/gadsden-al-covid-cases-death-tracker/65413138007/,3.237003494909648
min_k,nonmember,https://www.gadsdentimes.com/story/news/2022/05/24/georgia-woman-succumbs-injuries-dekalb-county-motorcycle-crash/9915397002/,6.239218181179416
min_k,nonmember,https://www.gadsdentimes.com/story/news/2022/04/21/centre-man-charged-murder-another-sought-georgia-mans-death/7394106001/,5.918111953242072
min_k,nonmember,https://www.gadsdentimes.com/story/news/2022/09/13/from-land-or-riverbank-enjoy-a-free-showing-of-jaws-saturday-night/69486393007/,7.985574239566002
min_k,nonmember,https://www.gadsdentimes.com/story/news/2022/06/21/walnut-gallery-renovations-underway-should-completed-july/7634994001/,6.8646788048229626
min_k,nonmember,https://www.gadsdentimes.com/story/news/2022/07/04/calhoun-county-kidnap-victim-rescued-subject-sought/7806904001/,6.505610799367449
min_k,nonmember,https://www.gadsdentimes.com/story/news/2022/07/14/five-year-old-dies-after-being-hit-vehicle-gadsden/10057076002/,5.98071989218394
min_k,nonmember,https://www.gadsdentimes.com/story/sports/high-school/baseball/2022/04/26/poll-gadsden-area-boys-high-school-athlete-third-week-april/7383221001/,6.282062163030295
min_k,nonmember,https://www.gadsdentimes.com/story/news/2022/08/30/purple-onion-new-eatery-is-opening-slowly-working-to-get-fully-staffed/7879570001/,7.272320727832982
min_k,nonmember,https://www.gadsdentimes.com/story/news/2022/07/21/etowah-county-sell-warehouse-thomas-drive-buy-baker-tire-site/10097908002/,7.8730550679293545
min_k,nonmember,https://www.gadsdentimes.com/story/news/2022/08/04/covid-cases-increase-students-head-back-school/10231486002/,6.81924182927167
min_k,nonmember,https://www.gadsdentimes.com/story/sports/college/baseball/2022/08/15/alabama-state-associate-ad-fred-sington-q-a-hbcu/10271906002/,6.967927701188704
zlib,member,https://www.gadsdentimes.com/story/news/politics/elections/local/2022/09/16/profile-of-gadsden-mayoral-contender-craig-ford/69492534007/,0.0006151886887707846
zlib,member,https://www.gadsdentimes.com/story/opinion/columns/2022/07/23/john-floyd-gets-up-close-look-blue-angels/10107181002/,0.0012785659161732288
zlib,member,https://www.gadsdentimes.com/story/news/2022/06/14/grmc-unveils-new-childbirth-technology/7582948001/,0.0018865171921460362
zlib,member,https://www.gadsdentimes.com/story/news/2022/05/09/gscc-valley-street-campus-honors-dr-gertie-lowe/9630413002/,0.0014898145679496124
zlib,member,https://www.gadsdentimes.com/story/news/2022/09/17/alabama-211-closed-scenic-drive-i-59-monday-water-work/69498877007/,0.00735798214248906
zlib,member,https://www.gadsdentimes.com/story/news/2022/08/04/gadsden-city-school-board-names-assistant-superintendent/10226289002/,0.0024862785539648343
zlib,member,https://www.gadsdentimes.com/story/news/2022/08/17/democrats-host-discussion-debate-4th-district-issues-gadsden/10351651002/,0.006030815209067469
zlib,member,https://www.gadsdentimes.com/story/news/2022/06/02/marshall-county-probe-leads-cos-arrest-drug-contraband-charges/7489335001/,0.002543400736809531
zlib,member,https://www.gadsdentimes.com/story/news/2022/08/05/etowah-county-4-h-kicks-off-busy-year/10228629002/,0.0018632017444967417
zlib,member,https://www.gadsdentimes.com/story/sports/high-school/2022/09/10/gadsdens-top-high-school-football-and-volleyball-performances-week-3/65471881007/,0.001617790833523608
zlib,member,https://www.gadsdentimes.com/restricted/?return=https%3A%2F%2Fwww.gadsdentimes.com%2Fstory%2Fsports%2Fhigh-school%2Fsoftball%2F2022%2F05%2F09%2Fahsaa-softball-gadsden-area-players-watch-regionals%2F9675505002%2F,0.00042304941648189573
zlib,member,https://www.gadsdentimes.com/story/news/2022/06/06/etowah-commission-race-contest-state-democrats-may-decide/7513880001/,0.0009652619586597389
zlib,member,https://www.gadsdentimes.com/story/sports/high-school/baseball/2022/06/12/ahsaa-gadsden-area-players-named-2022-all-state-baseball-teams/7506130001/,0.00034208317703260285
zlib,member,https://www.gadsdentimes.com/story/news/2022/05/25/ballot-issue-impacts-primary-elections/9924046002/,0.001402197252130865
zlib,member,https://www.gadsdentimes.com/story/news/2022/04/26/eura-brown-celebrates-return-serendipity-day/7439684001/,0.0014382242999979144
zlib,member,https://www.gadsdentimes.com/story/news/2022/06/21/national-guard-gaa-city-gadsden-say-runway-lengthened/7681717001/,0.0021483105999616447
zlib,member,https://www.gadsdentimes.com/story/news/2022/04/18/talladega-man-killed-sunday-night-atv-crash/7354904001/,0.0037654028174319803
zlib,member,https://www.gadsdentimes.com/story/lifestyle/columns/2022/07/15/david-murdock-discusses-his-love-crosswords/10059842002/,0.0011792845760570786
zlib,member,https://www.gadsdentimes.com/story/news/2022/08/12/gadsden-alabama-firefighter-lawsuit-pay-violations-fire-department/10297492002/,0.0013870955728548322
zlib,member,https://www.gadsdentimes.com/story/news/2022/04/15/calhoun-county-school-bus-crash-probed-no-injures-reported/7325188001/,0.00515198949793975
zlib,member,https://www.gadsdentimes.com/story/news/2022/07/13/gadsden-doctor-murray-riggins-dies-67/10030691002/,0.0015263654117718814
zlib,member,https://www.gadsdentimes.com/story/sports/high-school/baseball/2022/05/02/ahsaa-baseball-pairings-schedules-gadsden-area-teams/9614482002/,0.0023522213824128317
zlib,member,https://www.gadsdentimes.com/story/news/2022/06/24/best-practices-home-canning/7701778001/,0.0022239346980169163
zlib,member,https://www.gadsdentimes.com/story/news/2022/08/18/rainsville-al-crash-truck-overturns-hazmat-spill-detours-dekalb-county/7834668001/,0.0027544085001338903
zlib,member,https://www.gadsdentimes.com/story/news/2022/05/09/craig-pruett-home-after-269-days-hospitalized-covid-19/9700479002/,0.0007827441949876988
zlib,member,https://www.gadsdentimes.com/restricted/?return=https%3A%2F%2Fwww.gadsdentimes.com%2Fstory%2Fsports%2Fhigh-school%2Fbaseball%2F2022%2F04%2F18%2Fahsaa-baseball-18-gadsden-area-players-watch-first-round-playoffs%2F7328897001%2F,0.0006455876791677979
zlib,member,https://www.gadsdentimes.com/story/sports/college/baseball/2022/04/01/college-baseball-eastern-kentucky-end-jacksonville-states-winning-streak/7245276001/,0.001842272786682807
zlib,member,https://www.gadsdentimes.com/story/news/2022/08/26/girl-injured-in-dog-attack-wednesday-in-north-gadsden/65458390007/,0.004848304066037521
zlib,member,https://www.gadsdentimes.com/restricted/?return=https%3A%2F%2Fwww.gadsdentimes.com%2Fstory%2Fnews%2F2022%2F06%2F23%2Fhow-folk-af-became-rock-solid-staple-community%2F7608734001%2F,0.0006617710710222637
zlib,member,https://www.gadsdentimes.com/story/opinion/columns/2022/04/24/us-needs-people-willing-explore-diverse-careers/7385669001/,0.0014685120465299834
zlib,member,https://www.gadsdentimes.com/story/sports/college/football/2022/04/09/jacksonville-state-football-first-spring-game-takes-place-under-rich-rodriguez/7244650001/,0.0012637385409677586
zlib,member,https://www.gadsdentimes.com/story/news/2022/05/02/steele-dragway-incident-kills-one-man-injures-another-person/9621596002/,0.004557867518310609
zlib,member,https://www.gadsdentimes.com/story/news/2022/05/11/house-district-28-candidate-mack-butler-finds-mapping-error/9716340002/,0.0012198976370600273
zlib,member,https://www.gadsdentimes.com/story/opinion/columns/2022/04/02/taxpayers-need-answers-airport/7210362001/,0.001307569093868018
zlib,member,https://www.gadsdentimes.com/story/lifestyle/columns/2022/06/16/fathers-day-gadsden-times-columnist-takes-look/7633446001/,0.0011544530820853506
zlib,member,https://www.gadsdentimes.com/story/news/2022/08/01/desoto-state-park-georgia-man-outdoor-enthusiast-drowns/10201587002/,0.00293424587473835
zlib,member,https://www.gadsdentimes.com/story/news/2022/06/13/lowe-brothers-serving-learning-together-navy-facility-florida/7557434001/,0.0019596999152438487
zlib,member,https://www.gadsdentimes.com/story/news/2022/04/08/galilees-robinson-mark-milestones/9477157002/,0.004104432020025201
zlib,member,https://www.gadsdentimes.com/story/sports/college/softball/2022/04/06/college-softball-alabama-jacksonville-state-softball-canceled/9483634002/,0.0024500031440777507
zlib,member,https://www.gadsdentimes.com/restricted/?return=https%3A%2F%2Fwww.gadsdentimes.com%2Fstory%2Fsports%2Fhigh-school%2Fbaseball%2F2022%2F04%2F09%2Fahsaa-sports-gadsden-area-high-school-top-performers-second-week-april%2F9513782002%2F,0.0006455876791677979
zlib,member,https://www.gadsdentimes.com/story/news/politics/elections/2022/05/24/alabama-primary-election-2022-results-house-district-28-mack-butler/9860478002/,0.004500271977695188
zlib,member,https://www.gadsdentimes.com/story/news/2022/06/24/over-2-000-volunteer-hours-logged-during-day-action/7711660001/,0.0021968895875262586
zlib,member,https://www.gadsdentimes.com/story/news/2022/05/29/southside-police-check-security-cameras-signs-stolen-truck/9963212002/,0.0028770461628644718
zlib,member,https://www.gadsdentimes.com/story/news/2022/04/20/gadsden-airport-authority-asks-city-400-000-pay-legal-fees/7377033001/,0.0013520887837709986
zlib,member,https://www.gadsdentimes.com/story/opinion/columns/2022/07/30/john-f-floyd-discusses-need-economic-development/10177673002/,0.0012218466960383836
zlib,member,https://www.gadsdentimes.com/story/news/2022/09/15/guntersville-man-charged-with-aggravated-assault-shooting-of-brother-alabama/69487861007/,0.003920868484044735
zlib,member,https://www.gadsdentimes.com/story/news/2022/04/17/search-continues-gadsden-person-believed-drowned-coosa-river/7347537001/,0.0027815257223316996
zlib,member,https://www.gadsdentimes.com/story/news/2022/06/29/gadsden-state-rn-program-first-its-kind-state-alabama/7728443001/,0.0013447880837584357
zlib,member,https://www.gadsdentimes.com/story/opinion/columns/2022/05/01/respecting-rights-others/9554136002/,0.001401127185192131
zlib,member,https://www.gadsdentimes.com/restricted/?return=https%3A%2F%2Fwww.gadsdentimes.com%2Fstory%2Fsports%2Fhigh-school%2Ftrack-field%2F2022%2F04%2F28%2Fgadsden-high-school-track-field-athletes-watch-ahsaa-state-championships%2F7383235001%2F,0.00042304941648189573
zlib,member,https://www.gadsdentimes.com/story/news/2022/05/08/gadsden-al-lorraine-moore-birthday/9644993002/,0.0013639310321208954
zlib,member,https://www.gadsdentimes.com/story/news/2022/06/16/juneteenth-origins-meanings-opinion-an-american-not-black-cultural-event/7646057001/,0.0007019237971411236
zlib,member,https://www.gadsdentimes.com/story/news/2022/05/24/gadsden-museum-art-exhibits-june-begin-june-3/9897180002/,0.0034559015366564232
zlib,member,https://www.gadsdentimes.com/story/news/2022/08/23/slow-turnout-gadsden-municipal-elections-big-decisions/7875446001/,0.002118645701200533
zlib,member,https://www.gadsdentimes.com/story/news/2022/09/15/cherokee-county-road-crash-al-charles-grady-sharp-dead/69497392007/,0.005085736074471785
zlib,member,https://www.gadsdentimes.com/story/news/2022/04/07/commissioners-approve-fee-increases-finalize-plans-mcat/9472528002/,0.0014012323130822833
zlib,member,https://www.gadsdentimes.com/story/news/politics/elections/local/2022/08/19/gadsden-district-6-city-council-2022-meet-candidates-q-a/10074880002/,0.0010091583486865393
zlib,member,https://www.gadsdentimes.com/story/sports/pro/2022/04/21/boxing-shaquille-cameron-first-gadsden-area-boxer-making-name/7328923001/,0.0011004836940471153
zlib,member,https://www.gadsdentimes.com/restricted/?return=https%3A%2F%2Fwww.gadsdentimes.com%2Fstory%2Fsports%2Fhigh-school%2Fbaseball%2F2022%2F04%2F18%2Fahsaa-sports-gadsden-area-high-school-top-performers-third-week-april%2F7328930001%2F,0.0006455876791677979
zlib,member,https://www.gadsdentimes.com/story/news/2022/07/10/roe-v-wade-ruling-alabama-department-human-resources-gadsden-agencies/7795195001/,0.0010176901520460152
zlib,member,https://www.gadsdentimes.com/story/news/2022/05/27/dealing-product-recalls/9943854002/,0.002351364329307102
zlib,member,https://www.gadsdentimes.com/story/news/politics/elections/local/2022/08/19/gadsden-municipal-election-2022-voting-mayor-city-council-school-board-candidates/10342692002/,0.0009064424656767575
zlib,member,https://www.gadsdentimes.com/story/news/2022/04/21/gadsden-drowning-victim-found-after-six-day-search-coosa/7402517001/,0.00226409821403614
zlib,member,https://www.gadsdentimes.com/story/news/2022/07/27/black-jacket-symphony-perform-rumors-sand-mountain-amphitheater/10159012002/,0.0011199809869690605
zlib,member,https://www.gadsdentimes.com/story/news/2022/06/11/16th-elder-abuse-summit-held-june-15/7583758001/,0.0021777004719382796
zlib,member,https://www.gadsdentimes.com/story/news/2022/05/19/missing-southside-man/9838333002/,0.005225689094437277
zlib,member,https://www.gadsdentimes.com/story/news/2022/04/06/girl-7-killed-atv-crash-near-boaz-adult-injured/9482349002/,0.0026575413124320093
zlib,member,https://www.gadsdentimes.com/story/sports/2022/06/20/sarah-patterson-alabama-gymnastics-title-ix-equality/9838856002/,0.0013812341945231659
zlib,member,https://www.gadsdentimes.com/story/news/2022/07/11/southside-high-school-site-active-shooter-training-week/10029307002/,0.00495130976335338
zlib,member,https://www.gadsdentimes.com/story/news/2022/08/12/jackson-state-university-theater-group-presents-reimagined-romeo-and-juliet/10311001002/,0.0014319171753040193
zlib,member,https://www.gadsdentimes.com/story/news/2022/09/16/tractor-trailer-crash-results-in-collinsville-man-death/69500125007/,0.005779856304561239
zlib,member,https://www.gadsdentimes.com/story/news/2022/05/13/gadsden-state-community-college-releases-2021-annual-report/9745289002/,0.0014906792503721576
zlib,member,https://www.gadsdentimes.com/story/news/2022/04/18/gscc-reinstates-baseball-and-softball/7362918001/,0.0014572226399291878
zlib,member,https://www.gadsdentimes.com/story/news/2022/07/30/car-crash-chandler-mountain-road-steele-man-dies/10191216002/,0.00449474848517691
zlib,member,https://www.gadsdentimes.com/story/news/2022/08/23/gadsden-mayor-election-2022-craig-ford-heather-new-runoff-race/7875463001/,0.0014234147050827671
zlib,member,https://www.gadsdentimes.com/story/news/2022/06/13/springville-man-sentenced-60-years-guilty-child-sex-abuse/7615293001/,0.002703579649307578
zlib,member,https://www.gadsdentimes.com/story/sports/high-school/baseball/2022/04/12/caleb-freeman-etowah-ace-after-tommy-john-surgery-non-throwing-arm/9513736002/,0.0013172242748464022
zlib,member,https://www.gadsdentimes.com/story/news/2022/04/14/trail-of-tears-oxford-welcomes-return-muscogee-creek-nation/9503798002/,0.0007928291269726932
zlib,member,https://www.gadsdentimes.com/story/news/2022/09/06/gadsden-proposed-budget-gives-raises-restores-funding-for-schools/65505991007/,0.0012767066272874738
zlib,member,https://www.gadsdentimes.com/story/news/2022/07/19/southside-library-sponsors-field-trip-movie-version-crawdads/10074748002/,0.0021316303604397096
zlib,member,https://www.gadsdentimes.com/story/news/2022/05/01/locals-asked-contributed-non-perishable-items-may-14-food-drive/9576174002/,0.0033295422188990864
zlib,member,https://www.gadsdentimes.com/story/news/2022/08/17/alabama-cancer-care-center-gadsden-sells-property-construction/10341239002/,0.0016987341305431235
zlib,member,https://www.gadsdentimes.com/story/news/2022/04/01/best-april-fools-pranks-history/7171249001/,0.0017653879857990125
zlib,member,https://www.gadsdentimes.com/story/news/2022/05/28/etowah-county-primary-vote-question-heres-what-happened/9960417002/,0.00167946745021149
zlib,member,https://www.gadsdentimes.com/story/news/2022/05/18/gadsden-state-community-college-scholarship-honors-riley-whitaker/9797537002/,0.0015835946795276432
zlib,member,https://www.gadsdentimes.com/story/sports/high-school/softball/2022/04/27/ahsaa-softball-schedules-gadsden-area-teams-area-tournaments/9563955002/,0.0008382584537660711
zlib,member,https://www.gadsdentimes.com/restricted/?return=https%3A%2F%2Fwww.gadsdentimes.com%2Fstory%2Fsports%2F2022%2F06%2F22%2Ftitle-ix-50-greatest-alabama-high-school-girls-athletes-50-years%2F7529948001%2F,0.0009465055677502668
zlib,member,https://www.gadsdentimes.com/story/news/2022/05/08/u-s-411-project-4-laning-expected-have-20-year-1-billion-impact/9673821002/,0.0017605704917638655
zlib,member,https://www.gadsdentimes.com/story/news/2022/05/18/commissioners-approve-mega-site-base-bid/9796801002/,0.002000924035006577
zlib,member,https://www.gadsdentimes.com/story/news/2022/08/18/need-job-city-of-gadsden-needs-dispatchers-police-fire-fighters/10343407002/,0.0021368194052052815
zlib,member,https://www.gadsdentimes.com/story/news/2022/08/04/attalla-superintendent-colegrove-dishes-upcoming-school-year/10060085002/,0.0009935069060490755
zlib,member,https://www.gadsdentimes.com/story/news/2022/04/07/competitors-vie-top-prizes-smoke-falls-2022/7250616001/,0.0026113762382832142
zlib,member,https://www.gadsdentimes.com/story/sports/high-school/baseball/2022/04/11/ahsaa-sports-vote-gadsden-area-male-athlete-week/9513665002/,0.001977451479500457
zlib,member,https://www.gadsdentimes.com/story/news/2022/07/12/gadsden-high-school-reunion-gold-tiger-2022/10012750002/,0.0022214712724076143
zlib,member,https://www.gadsdentimes.com/story/news/2022/05/04/gadsden-woman-accused-faciliating-escape/9634040002/,0.0029295202348724333
zlib,member,https://www.gadsdentimes.com/story/news/2022/07/05/kidnapping-anniston-alabama-calhoun-county-sheriff-suspect-tony-lamar-white/7810174001/,0.0011362276524827255
zlib,member,https://www.gadsdentimes.com/story/news/2022/07/25/teenager-missing-boaz-police-seek-help-finding-her/10144868002/,0.005096773279874495
zlib,member,https://www.gadsdentimes.com/story/news/2022/06/02/dam-removal-headlines-weekly-gadsden-city-council-meeting/7455819001/,0.0024471246413680365
zlib,member,https://www.gadsdentimes.com/story/news/2022/08/22/etowah-commission-savings-inmate-health-care-ecso-promotions-oked/7836994001/,0.0027938675249776263
zlib,member,https://www.gadsdentimes.com/story/news/2022/05/20/annual-mccords-community-celebration-weekend-cherokee-county/9831612002/,0.00196940695690573
zlib,member,https://www.gadsdentimes.com/story/news/2022/09/02/gadsden-premiere-cinemas-showtimes-national-cinema-day-3-tickets-2022/65465172007/,0.0013607469832984532
zlib,member,https://www.gadsdentimes.com/story/news/2022/07/08/59-bus-crash-attalla-injures-11-new-jersey-family-reunion-bound/10019071002/,0.0018358317905552742
zlib,member,https://www.gadsdentimes.com/story/news/2022/04/12/marshall-county-crash-results-one-fatality/7284539001/,0.004249243794282294
zlib,member,https://www.gadsdentimes.com/story/news/2022/09/14/gadsden-times-hard-work-pays-off-for-new-owners-of-old-building/68102302007/,0.0012104744845052471
zlib,member,https://www.gadsdentimes.com/story/news/2022/08/22/alea-attalla-search-yields-marijuana-money-and-guns-one-arrested/7864995001/,0.004247556216077018
zlib,member,https://www.gadsdentimes.com/story/sports/high-school/baseball/2022/05/17/ahsaa-baseball-state-tournament-2022-piedmont-trinity-presbyterian/9763876002/,0.0015109290833062894
zlib,member,https://www.gadsdentimes.com/story/news/2022/05/31/gadsden-state-reports-all-time-high-dual-enrollment-students/9940423002/,0.0014906892508815782
zlib,member,https://www.gadsdentimes.com/story/opinion/columns/2022/07/31/elaine-spearman-looks-end-rendering-plant-legal-fight/10155277002/,0.0015234952154956748
zlib,member,https://www.gadsdentimes.com/story/sports/high-school/2022/05/13/ahsaa-soccer-ty-ferguson-scores-late-goal-lift-bayside-academy-over-collinsville/9675606002/,0.0015766036585975352
zlib,member,https://www.gadsdentimes.com/story/opinion/columns/2022/05/08/gop-wealthy-aboard-fast-angry-train/9657456002/,0.0013394056965990429
zlib,member,https://www.gadsdentimes.com/story/sports/college/2022/09/17/jacksonville-state-football-score-tulsa-live-updates/68196470007/,0.004908318385015565
zlib,member,https://www.gadsdentimes.com/story/news/2022/07/18/georgia-man-dies-after-one-car-crash-cherokee-county/10088098002/,0.004671544603601171
zlib,member,https://www.gadsdentimes.com/story/news/2022/04/06/singing-honor-gospel-promoter-satterfield/7250572001/,0.0015961050027860657
zlib,member,https://www.gadsdentimes.com/story/opinion/columns/2022/04/17/gop-paints-ketanji-brown-jackson-unfair-light/7310600001/,0.0013068959135547746
zlib,member,https://www.gadsdentimes.com/story/news/2022/04/28/cold-case-cullman-man-charged-1988-murder-massachusetts-girl/9568372002/,0.0009587167906822266
zlib,member,https://www.gadsdentimes.com/story/sports/high-school/baseball/2022/05/02/poll-gadsden-area-boys-high-school-athlete-week-voting/9589581002/,0.001841567429201612
zlib,member,https://www.gadsdentimes.com/story/news/2022/04/28/gadsden-council-approves-400-000-gaa-rendering-plant-legal-fees/9544900002/,0.0013058802191711703
zlib,member,https://www.gadsdentimes.com/story/news/2022/04/03/gadsden-partners-rescue-group-add-space-stray-animals/7216611001/,0.0014992283796182735
zlib,member,https://www.gadsdentimes.com/story/sports/college/football/2022/07/27/jacksonville-state-rich-rodriguez-frustrated-after-first-fall-practice/10132996002/,0.0016085677357294838
zlib,member,https://www.gadsdentimes.com/story/sports/high-school/football/2022/08/26/alabama-high-school-football-scores-live-updates-gadsden-week-1/10297303002/,0.007840495369418839
zlib,member,https://www.gadsdentimes.com/story/sports/high-school/baseball/2022/05/16/poll-gadsden-area-boys-high-school-athlete-week-voting/9763857002/,0.0021419420907646098
zlib,member,https://www.gadsdentimes.com/story/opinion/columns/2022/06/04/turmoil-and-poor-leadership-united-states/7499983001/,0.001167668857761256
zlib,member,https://www.gadsdentimes.com/story/opinion/columns/2022/06/12/elaine-h-spearman-speech-and-consequences/7558111001/,0.0013724113862498633
zlib,member,https://www.gadsdentimes.com/restricted/?return=https%3A%2F%2Fwww.gadsdentimes.com%2Fstory%2Fnews%2F2022%2F05%2F27%2Fetowah-county-vote-can-primary-election-2022-plagued-ballot-questions-made-right%2F9943723002%2F,0.0006835451458833184
zlib,member,https://www.gadsdentimes.com/story/news/2022/08/23/gadsden-property-tax-millage-leave-school-system-1-million-short/7832852001/,0.0017802944583227046
zlib,member,https://www.gadsdentimes.com/story/news/2022/05/02/prison-escapee-kyle-captured/9615773002/,0.0035292264313580377
zlib,member,https://www.gadsdentimes.com/story/news/politics/elections/local/2022/08/15/gadsden-district-1-city-council-2022-meet-candidates-q-a/10090126002/,0.001742691302156267
zlib,member,https://www.gadsdentimes.com/story/news/2022/06/17/albertville-plant-dedicates-memorial-employees-slain-one-year-ago/7651946001/,0.0017352282182482152
zlib,member,https://www.gadsdentimes.com/story/news/2022/08/04/here-five-takeaways-etowah-county-commissions-meeting/10212867002/,0.0031219832086518333
zlib,member,https://www.gadsdentimes.com/story/news/2022/07/25/covid-19-alabama-2022-07-25-etowah-county/65381513007/,0.0003873543509192042
zlib,member,https://www.gadsdentimes.com/story/news/2022/07/28/glencoe-man-dies-motorcycle-crash-i-59/10172235002/,0.0049801333472681755
zlib,member,https://www.gadsdentimes.com/story/news/2022/08/17/talladega-national-forest-shooting-camp-kid-gun-camping-adam-simjee/10350046002/,0.0008737540125031445
zlib,member,https://www.gadsdentimes.com/story/news/2022/08/30/gadsden-interstate-759-new-eastern-connector-route-plan-unveiled/65419651007/,0.0015393575752170013
zlib,member,https://www.gadsdentimes.com/restricted/?return=https%3A%2F%2Fwww.gadsdentimes.com%2Fstory%2Fnews%2F2022%2F06%2F03%2Fproject-venue-offer-shared-coworking-space-boost-businesses%2F7483481001%2F,0.0007455462715938173
zlib,member,https://www.gadsdentimes.com/story/news/2022/05/09/casey-white-custody-vicky-white-hospitalized-after-chase-indiana/9709718002/,0.001918633640797336
zlib,member,https://www.gadsdentimes.com/story/opinion/columns/2022/06/18/airport-needs-grant-money-people-with-expertise/7635497001/,0.0011878590915533375
zlib,member,https://www.gadsdentimes.com/story/news/2022/05/27/gadsden-city-council-covers-numerous-topics-latest-meeting/9908958002/,0.002251014105887733
zlib,member,https://www.gadsdentimes.com/story/news/politics/elections/2022/05/24/alabama-primary-election-results-2022-etowah-sheriff-jonathon-horton/9860458002/,0.005429519022852166
zlib,member,https://www.gadsdentimes.com/story/news/2022/07/06/anniston-man-kidnapping-suspect-custody-probe-continues/7821254001/,0.0010986868770024563
zlib,member,https://www.gadsdentimes.com/story/lifestyle/columns/2022/09/08/david-murdock-on-the-lords-opportune-time/65471171007/,0.0012059947060397156
zlib,member,https://www.gadsdentimes.com/story/news/2022/08/23/i-759-gadsden-al-project-learn-more-speak-out-aldot-meeting/7866201001/,0.002788752900408654
zlib,member,https://www.gadsdentimes.com/story/news/2022/05/10/gadsden-state-community-college-valley-street-campus-summer-youth-camp/9716173002/,0.003185328441368993
zlib,member,https://www.gadsdentimes.com/story/news/2022/07/27/michael-mccartney-gadsden-al-dies-former-auburn-university-board-trustee/10167060002/,0.001104325181328082
zlib,member,https://www.gadsdentimes.com/story/opinion/columns/2022/06/25/john-floyd-proposed-runway-expansion-airport/7707243001/,0.0012932152450466324
zlib,member,https://www.gadsdentimes.com/story/opinion/columns/2022/04/09/john-floyd-recalls-playing-augusta-national/9513732002/,0.0013224607961814627
zlib,member,https://www.gadsdentimes.com/restricted/?return=https%3A%2F%2Fwww.gadsdentimes.com%2Fstory%2Fnews%2F2022%2F05%2F04%2Fetowah-jail-inmates-families-ask-how-inmates-get-access-drugs%2F9620457002%2F,0.00042304941648189573
zlib,member,https://www.gadsdentimes.com/story/lifestyle/columns/2022/09/15/david-murdock-welcomes-the-arrival-of-fall/69494058007/,0.001185166308948966
zlib,member,https://www.gadsdentimes.com/story/news/2022/09/17/did-post-of-personal-id-information-campaign-lead-fraud-attempt/69497451007/,0.0016264474431242034
zlib,member,https://www.gadsdentimes.com/restricted/?return=https%3A%2F%2Fwww.gadsdentimes.com%2Fstory%2Fnews%2F2022%2F04%2F03%2Fetowah-county-alabama-end-ice-detention-center-contract-no-layoffs-empty-jail-space%2F7219136001%2F,0.0006455876791677979
zlib,member,https://www.gadsdentimes.com/story/news/2022/04/17/alabama-remote-area-medical-clinic-first-gadsden-city-high-school/7330606001/,0.0009601112371182863
zlib,member,https://www.gadsdentimes.com/story/news/2022/04/01/gadsden-humane-society-pet-rescue-and-adoption-center-hosting-full-house-frenzy-weekend-sale-dogs/7244673001/,0.004127906606456003
zlib,member,https://www.gadsdentimes.com/story/news/2022/08/31/whole-backstage-black-tie-christmas-2022-how-to-get-involved/65464125007/,0.0029991646186673317
zlib,member,https://www.gadsdentimes.com/story/news/2022/05/02/cinco-de-mayo-much-more-than-holiday-excuse-people-party/9507121002/,0.0014990167697830758
zlib,member,https://www.gadsdentimes.com/story/news/2022/06/28/parade-highlights-rain-lgbtq-pride-event-gadsden/7755811001/,0.015154688703481582
zlib,member,https://www.gadsdentimes.com/story/news/2022/05/30/party-over-southside-police-find-guns-drugs-graduation-party/9992387002/,0.001798228154626336
zlib,member,https://www.gadsdentimes.com/story/news/2022/05/31/latest-batch-gadsden-state-students-study-work-apprentices/9934550002/,0.0014092637467730082
zlib,member,https://www.gadsdentimes.com/story/news/2022/08/26/united-way-of-etowah-county-calling-on-community-to-invest-influence/65419640007/,0.0016215059807244724
zlib,member,https://www.gadsdentimes.com/story/news/2022/07/06/ema-grant-garbage-pickup-among-gadsden-city-council-meeting-topics/7810777001/,0.0027618900185720804
zlib,member,https://www.gadsdentimes.com/story/news/2022/05/05/vicky-white-and-casey-white-history-examined-lauderdale-county-alabama-al-jailbreak-investigation/9658645002/,0.0018450209043309055
zlib,member,https://www.gadsdentimes.com/story/news/2022/04/22/harvesting-rainwater-barrels/7397054001/,0.002456768466045957
zlib,member,https://www.gadsdentimes.com/story/opinion/columns/2022/07/17/aug-23-critical-day-gadsdens-future/10044035002/,0.0012801891325546965
zlib,member,https://www.gadsdentimes.com/story/sports/high-school/soccer/2022/04/26/ahsaa-soccer-pairings-schedules-gadsden-area-teams/9539423002/,0.002862183241142398
zlib,member,https://www.gadsdentimes.com/story/news/2022/09/09/etowah-county-lawyer-face-charges-theft-tax-evasion-false-statements/68204779007/,0.0023980559658884526
zlib,member,https://www.gadsdentimes.com/story/news/2022/08/08/gadsden-al-covid-tracker/65394993007/,0.00041997926005317676
zlib,member,https://www.gadsdentimes.com/story/news/2022/06/15/municipalities-retaining-employees-jobs-staffing-stable/7608708001/,0.0010625508783922565
zlib,member,https://www.gadsdentimes.com/story/news/2022/04/23/police-fire-departments-respond-attalla-blaze-one-person-dies/7426862001/,0.003848289646322273
zlib,member,https://www.gadsdentimes.com/story/news/2022/04/28/hsprac-host-bark-park-saturday/9572832002/,0.004330968160442711
zlib,member,https://www.gadsdentimes.com/story/opinion/columns/2022/09/03/john-f-floyd-talks-about-lack-of-leadership-in-us/65470360007/,0.0013068143735179391
zlib,member,https://www.gadsdentimes.com/story/news/2022/08/01/dekalb-county-al-wreck-motorcycle-crash-jerome-m-banks-jr/10201625002/,0.003803951471953325
zlib,member,https://www.gadsdentimes.com/story/news/2022/04/11/blount-county-man-killed-crash-sunday-four-others-injured/7278312001/,0.002858234534227139
zlib,member,https://www.gadsdentimes.com/story/opinion/columns/2022/05/07/john-floyd-looks-putins-nuclear-threats/9674167002/,0.0012871889671170903
zlib,member,https://www.gadsdentimes.com/story/sports/high-school/baseball/2022/05/18/ahsaa-baseball-etowah-baseball-shows-resiliency-state-championship-series/9825429002/,0.0012492653044601217
zlib,member,https://www.gadsdentimes.com/story/sports/high-school/softball/2022/05/16/poll-gadsden-area-girls-high-school-athlete-week-voting/9763805002/,0.0015230193868642403
zlib,member,https://www.gadsdentimes.com/story/news/politics/elections/2022/05/19/etowah-county-board-education-place-5-doug-sherrod-lucas-hallmark/9821997002/,0.0009284923551341906
zlib,member,https://www.gadsdentimes.com/story/news/2022/06/23/etowah-county-outdoors-prosper-post-pandemic-world/7470098001/,0.001210620786990885
zlib,member,https://www.gadsdentimes.com/story/news/2022/06/16/ashley-m-jones-alabama-poet-laureate-poems-poetry-gadsden-gscc/7633983001/,0.001512384766134956
zlib,member,https://www.gadsdentimes.com/story/lifestyle/columns/2022/06/02/david-murdock-lifes-abiding-joys-sharing-comic-strip/7469427001/,0.0011767052721813203
zlib,member,https://www.gadsdentimes.com/story/sports/high-school/softball/2022/05/09/poll-gadsden-area-girls-high-school-athlete-week-voting/9675511002/,0.001498073084742264
zlib,member,https://www.gadsdentimes.com/story/news/2022/06/13/gadsden-attorney-myron-allenstein-honored-flags-half-mast/7616748001/,0.0037140635607131873
zlib,member,https://www.gadsdentimes.com/story/sports/high-school/football/2022/07/25/al-high-school-football-25-questions-gadsden-area-2022/10124367002/,0.001211391139646715
zlib,member,https://www.gadsdentimes.com/story/news/2022/05/31/etowah-county-election-results-2022-candidates-contest-primary/7452140001/,0.0010623438759703597
zlib,member,https://www.gadsdentimes.com/story/opinion/columns/2022/07/02/john-f-floyd-what-american-flag-means/7772172001/,0.001228358168089818
zlib,member,https://www.gadsdentimes.com/story/news/2022/04/05/etowah-county-animals-lana-bellew-seeks-spay-and-neuter-help/7178343001/,0.0012108414263233558
zlib,member,https://www.gadsdentimes.com/story/news/2022/06/28/i-20-st-clair-county-crash-leaves-georgia-man-dead/7754485001/,0.0034272747252765533
zlib,member,https://www.gadsdentimes.com/restricted/?return=https%3A%2F%2Fwww.gadsdentimes.com%2Fstory%2Fsports%2Fhigh-school%2Fsoccer%2F2022%2F06%2F20%2Fgadsden-times-all-area-girls-soccer-team-2022%2F7567089001%2F,0.0006277595537445845
zlib,member,https://www.gadsdentimes.com/story/news/2022/07/01/4th-of-july-fireworks-fun-but-safety-foremost-concert-holiday/7776524001/,0.0015610140178228082
zlib,member,https://www.gadsdentimes.com/story/news/2022/08/05/alabama-highway-77-blocked-between-southside-and-ohatchee/10245554002/,0.0035639374568355985
zlib,member,https://www.gadsdentimes.com/story/news/2022/06/13/rainbow-city-police-say-they-arent-involved-survey-letters/7608015001/,0.0029033192151904537
zlib,member,https://www.gadsdentimes.com/story/news/2022/08/01/albertville-pedestrian-struck-vehicle-killed-monday/10203715002/,0.00579857858560686
zlib,member,https://www.gadsdentimes.com/restricted/?return=https%3A%2F%2Fwww.gadsdentimes.com%2Fstory%2Fnews%2F2022%2F06%2F10%2Fgadsden-schools-al-superintendent-talks-intruder-incident-emphasize-locking-doors%2F7580552001%2F,0.0006617710710222637
zlib,member,https://www.gadsdentimes.com/story/news/2022/08/01/gadsden-covid-numbers-this-week/65387857007/,0.0004101298604449736
zlib,member,https://www.gadsdentimes.com/story/opinion/columns/2022/07/16/john-floyd-recalls-landing-on-takeoff-naval-carrier/10043940002/,0.00131024042494465
zlib,member,https://www.gadsdentimes.com/story/sports/high-school/baseball/2022/04/26/ahsaa-baseball-pairings-schedules-gadsden-area-teams/9539067002/,0.0017671622559344718
zlib,member,https://www.gadsdentimes.com/story/news/2022/05/11/u-s-11-antique-alley-sale-brings-sellers-buyers-north-south-route/9724947002/,0.0012196945257536898
zlib,member,https://www.gadsdentimes.com/story/sports/high-school/2022/05/14/ahsaa-baseball-softball-and-soccer-scores-gadsden-area-teams/9675706002/,0.0008932322925585259
zlib,member,https://www.gadsdentimes.com/story/news/2022/06/28/gscc-scholarship-named-past-cardinal-foundation-presidents/7726017001/,0.0017573370260951621
zlib,member,https://www.gadsdentimes.com/story/sports/college/2022/06/27/gadsden-state-athletics-director-blake-lewis-ready-lead-program/7655749001/,0.0010688028234484808
zlib,member,https://www.gadsdentimes.com/story/news/2022/04/22/hokes-bluff-crash-kills-truck-driver-closes-u-s-278-east-hours/7419260001/,0.0031052207592601805
zlib,member,https://www.gadsdentimes.com/story/news/2022/06/02/former-executive-gadsden-times-writes-novel-experiences/9926478002/,0.0019309414822815314
zlib,member,https://www.gadsdentimes.com/story/news/2022/04/11/pet-week-april-11/9512363002/,0.00448289748533658
zlib,member,https://www.gadsdentimes.com/story/news/2022/06/08/residents-express-concerns-over-countys-road-access-policy/9999773002/,0.0010338744659197626
zlib,member,https://www.gadsdentimes.com/story/news/2022/05/13/attalla-museum-display-rich-history-land-town-and-people/9708923002/,0.0012262042382732781
zlib,member,https://www.gadsdentimes.com/story/sports/high-school/football/2022/08/22/ahsaa-football-vote-athlete-week-gadsden-area/10297240002/,0.0020838838455863222
zlib,member,https://www.gadsdentimes.com/story/news/2022/05/30/interactive-gym-hit-gadsdens-adams-floyd-elementary-schools/9809986002/,0.0016738128365951688
zlib,member,https://www.gadsdentimes.com/story/opinion/columns/2022/09/10/taxpayers-on-the-hook-for-airports-losses/66997627007/,0.0013125648249764166
zlib,member,https://www.gadsdentimes.com/story/news/2022/07/15/tickets-sale-original-play-wounds-wont-heal-sunday/10062194002/,0.0033785107458866107
zlib,member,https://www.gadsdentimes.com/story/news/2022/07/11/gadsden-other-local-locations-taking-part-tax-free-holiday-july/7810973001/,0.0012139285839775254
zlib,member,https://www.gadsdentimes.com/story/sports/high-school/soccer/2022/04/08/jacksonville-state-bound-camryn-davis-and-alana-morton-leading-southside-girls-soccer/7244586001/,0.001284572557403286
zlib,member,https://www.gadsdentimes.com/story/news/2022/04/26/100th-birthday-celebration/7440552001/,0.005262165672928285
zlib,member,https://www.gadsdentimes.com/story/news/2022/05/16/gadsden-animal-control-advocates-want-tackle-over-population-issue/9760222002/,0.001061555460916935
zlib,member,https://www.gadsdentimes.com/story/news/2022/06/23/gadsden-man-faces-assault-robbery-and-drug-charges-following-attack/7710266001/,0.002476164910882142
zlib,member,https://www.gadsdentimes.com/story/news/2022/04/08/benefits-walking/9497202002/,0.002595928013032975
zlib,member,https://www.gadsdentimes.com/story/news/2022/05/04/theatre-gadsden-sound-music-show-ends-friday-saturday/9652223002/,0.0016924958080586278
zlib,member,https://www.gadsdentimes.com/story/news/2022/04/12/easter-meal-recipes-favorite-cooks-gadsden-alabama-southern-food/7274254001/,0.0006862834469807637
zlib,member,https://www.gadsdentimes.com/story/news/2022/06/13/gecema-stay-safe-heat-indices-soar/7612554001/,0.0015544732624573582
zlib,member,https://www.gadsdentimes.com/story/news/2022/05/12/honors-saturday-revolutionary-war-vet-buried-cherokee-county/9744058002/,0.003837384607222698
zlib,member,https://www.gadsdentimes.com/story/sports/high-school/softball/2022/05/20/ahsaa-state-softball-tournament-how-gadsden-area-teams-performed/9833854002/,0.0012046636696820077
zlib,member,https://www.gadsdentimes.com/story/news/2022/06/21/big-brothers-big-sisters-40-years-one-one-mentoring-youth/7647512001/,0.0010531608379430314
zlib,member,https://www.gadsdentimes.com/story/news/2022/04/25/pet-week-april-25/7410856001/,0.004764112819236218
zlib,member,https://www.gadsdentimes.com/story/news/2022/09/08/etowah-county-approves-body-cameras-tasers-purchase-sheriffs-office/65742766007/,0.0017547780682624435
zlib,member,https://www.gadsdentimes.com/story/news/2022/04/26/gadsden-firefighters-respond-heavy-fire-south-fourth-street-house/7451372001/,0.004142070511517141
zlib,member,https://www.gadsdentimes.com/story/news/2022/04/22/do-you-know-who-killed-jahiem-embry-reward-offers-talladega-case/7397383001/,0.002394948522302351
zlib,member,https://www.gadsdentimes.com/story/sports/high-school/baseball/2022/04/08/ahsaa-baseball-etowah-using-running-game-leap-toward-big-season/7244636001/,0.0014992616414158913
zlib,member,https://www.gadsdentimes.com/story/news/2022/08/11/phase-1-gadsden-sports-park-officially-open/10276545002/,0.0015119445933177266
zlib,member,https://www.gadsdentimes.com/story/news/2022/05/02/honoring-larry-keener/9616149002/,0.0058779747535073
zlib,member,https://www.gadsdentimes.com/story/news/2022/04/09/gadsden-murder-case-ends-life-sentence-2016-shooting-death/9518470002/,0.001191535006158178
zlib,member,https://www.gadsdentimes.com/story/news/2022/07/18/etowah-county-covid-tracker/65375524007/,0.0004161486507544683
zlib,member,https://www.gadsdentimes.com/restricted/?return=https%3A%2F%2Fwww.gadsdentimes.com%2Fstory%2Fnews%2F2022%2F05%2F25%2Fgadsden-pediatric-clinic-marks-50th-anniversary-practice%2F9900399002%2F,0.0006835451458833184
zlib,member,https://www.gadsdentimes.com/story/sports/college/football/2022/07/22/jacksonville-state-football-rich-rodriguez-making-early-impression-players/10132592002/,0.0014076436412829053
zlib,member,https://www.gadsdentimes.com/story/news/2022/06/09/gadsden-school-shooting-what-we-know/7570712001/,0.0031127217416721414
zlib,member,https://www.gadsdentimes.com/story/news/2022/05/30/gadsden-resident-dies-crash-monday-morning-us-highway-411/9997100002/,0.004812813215166301
zlib,member,https://www.gadsdentimes.com/story/sports/high-school/soccer/2022/04/28/ahsaa-girls-soccer-ziniah-hardy-leads-southside-defense/7406219001/,0.0013202208545772176
zlib,member,https://www.gadsdentimes.com/story/news/2022/07/14/gadsden-police-bomb-squad-george-wallace-drive-coosa-river-rescue/10063159002/,0.004503339278499412
zlib,member,https://www.gadsdentimes.com/story/news/2022/09/02/jacksonville-shooting-trenton-medders-murder-charges-justin-racca-ashley-duggan/65469767007/,0.0012934216945671014
zlib,member,https://www.gadsdentimes.com/story/news/2022/08/12/back-to-school-united-ways-kindergarten-first-time-students-success/10288486002/,0.0013199721112254277
zlib,member,https://www.gadsdentimes.com/story/news/politics/elections/2022/05/24/alabama-primary-election-results-house-district-29-jamie-grant-mark-gidley/9860508002/,0.004129813519676961
zlib,member,https://www.gadsdentimes.com/story/sports/college/football/2022/07/22/jacksonville-state-football-rich-rodriguez-talks-asun-conference-media-day/10063183002/,0.0014776507405245111
zlib,member,https://www.gadsdentimes.com/story/lifestyle/columns/2022/05/12/david-murdock-column-a-code-by-any-other-name-is-still-shorthand/9656712002/,0.0012357359163691314
zlib,member,https://www.gadsdentimes.com/story/sports/high-school/soccer/2022/04/30/ahsaa-boys-soccer-westbrook-christian-boys-soccer-earns-first-playoff-win/9574301002/,0.001341800279304653
zlib,member,https://www.gadsdentimes.com/story/news/2022/08/10/gadsden-etowah-film-office-hold-orientation-meeting-aug-17/10216297002/,0.0015124953310708675
zlib,member,https://www.gadsdentimes.com/story/sports/high-school/softball/2022/04/26/poll-gadsden-area-girls-high-school-athlete-third-week-april/7383215001/,0.0015326295887200356
zlib,member,https://www.gadsdentimes.com/story/news/2022/08/25/five-things-to-do-in-the-gadsden-area-this-weekend-next-weekend/65418637007/,0.002693803017249699
zlib,member,https://www.gadsdentimes.com/story/news/2022/05/02/former-shelter-dog-liam-adjusts-new-home/9568842002/,0.0014860053781651137
zlib,member,https://www.gadsdentimes.com/story/lifestyle/columns/2022/08/25/david-murdock-on-oh-that-reminds-me/10351612002/,0.001304492045484388
zlib,member,https://www.gadsdentimes.com/story/sports/high-school/golf/2022/04/22/ahsaa-alabama-high-school-golf-postseason-etowah-county/7328901001/,0.0020534364425912836
zlib,member,https://www.gadsdentimes.com/story/news/2022/04/01/extension-service-sets-4-h-pig-squeal-show-sale/7231080001/,0.002784261562830765
zlib,member,https://www.gadsdentimes.com/story/news/2022/07/22/jacksonville-state-trustees-address-housing-shortage/10099626002/,0.0010298816025449368
zlib,member,https://www.gadsdentimes.com/story/news/2022/04/08/national-walking-day-health-benefits-exercise-spring/9497202002/,0.002595928013032975
zlib,member,https://www.gadsdentimes.com/story/news/2022/04/07/southside-high-students-see-affects-drunk-driving-mock-dui-crash/9482373002/,0.0015547585212630694
zlib,member,https://www.gadsdentimes.com/restricted/?return=https%3A%2F%2Fwww.gadsdentimes.com%2Fstory%2Fnews%2F2022%2F04%2F27%2Fjenkins-buys-out-harp-fulfilling-duos-plans-harp-clover-nola%2F7363497001%2F,0.0005822635200887692
zlib,member,https://www.gadsdentimes.com/story/news/2022/07/21/southside-elementary-site-police-fire-training/10118127002/,0.004942546361030294
zlib,member,https://www.gadsdentimes.com/story/news/2022/06/28/jacksonville-state-university-lives-vikings-leads-scientists-iceland-month-long-study/7727004001/,0.0015247378115845068
zlib,member,https://www.gadsdentimes.com/story/sports/high-school/golf/2022/04/28/ahsaa-golf-waldo-shirts-give-westbrook-christian-boys-good-luck/9539034002/,0.0015295598921607964
zlib,member,https://www.gadsdentimes.com/restricted/?return=https%3A%2F%2Fwww.gadsdentimes.com%2Fstory%2Fsports%2Fhigh-school%2Fsoccer%2F2022%2F06%2F16%2Fmeet-2022-gadsden-times-all-area-boys-soccer-team%2F7567009001%2F,0.0006617710710222637
zlib,member,https://www.gadsdentimes.com/story/news/2022/09/17/five-things-know-about-gadsdens-mayor-council-form-of-government/65983062007/,0.002802552651574065
zlib,member,https://www.gadsdentimes.com/story/news/2022/09/01/gadsden-loses-friends-of-the-city-with-passing-of-attorney-volunteer/65466063007/,0.0025889791219200348
zlib,member,https://www.gadsdentimes.com/story/news/2022/06/11/rainbow-city-crime-spree-ends-one-dead-one-injured-house-burned/7591743001/,0.0020882033516855924
zlib,member,https://www.gadsdentimes.com/restricted/?return=https%3A%2F%2Fwww.gadsdentimes.com%2Fstory%2Fsports%2Fhigh-school%2Fbaseball%2F2022%2F05%2F26%2Fhigh-school-baseball-best-moments-bold-predictions-gadsden-area-high-school%2F9868063002%2F,0.0006835451458833184
zlib,member,https://www.gadsdentimes.com/story/news/2022/05/09/snead-state-announces-new-career-tech-center/9630425002/,0.00144594599080424
zlib,member,https://www.gadsdentimes.com/story/news/2022/04/21/commissioners-congratulate-robotic-teams-county/7368705001/,0.0013391309319010353
zlib,member,https://www.gadsdentimes.com/story/news/2022/07/22/walnut-park-iglesia-renovacion-carismatica-church-damaged-fire/10126104002/,0.0024871942372173446
zlib,member,https://www.gadsdentimes.com/story/news/2022/06/09/hokes-bluff-mayor-cautions-people-part-city-dont-drink-water/7565929001/,0.003887958626124836
zlib,member,https://www.gadsdentimes.com/story/news/2022/07/21/covid-leads-big-river-postponement-shows-rescheduled/10120025002/,0.0031614080954256224
zlib,member,https://www.gadsdentimes.com/story/news/2022/09/08/gda-covid-19-state-2022-09-05-al-ntgt/65473194007/,0.0003703183780756092
zlib,member,https://www.gadsdentimes.com/story/business/2022/05/02/2022-gadsden-readers-choice-awards-nominations/9614722002/,0.0010288722341168905
zlib,member,https://www.gadsdentimes.com/story/sports/college/football/2022/08/01/jacksonville-state-football-stevontae-tullis-one-defensive-leaders/10166074002/,0.0012989325979539724
zlib,member,https://www.gadsdentimes.com/story/news/politics/elections/2022/05/24/alabama-election-results-2022-etowah-board-education-5-doug-sherrod/9860520002/,0.0055223287876954245
zlib,member,https://www.gadsdentimes.com/story/news/2022/09/08/gadsden-area-homes-for-sale-price-august-listings-alabama/65474187007/,0.0003705932241933432
zlib,member,https://www.gadsdentimes.com/story/news/2022/07/19/hsprac-gadsden-participate-community-thrives-fundraising-event/10059686002/,0.00134499665678488
zlib,member,https://www.gadsdentimes.com/story/news/2022/06/02/vibe-returns-pitman-theatre/7459348001/,0.0021403376256633752
zlib,member,https://www.gadsdentimes.com/restricted/?return=https%3A%2F%2Fwww.gadsdentimes.com%2Fstory%2Fnews%2F2022%2F06%2F01%2Fmuscadine-bloodline-gadsden-concert-bash-on-the-bend%2F9897429002%2F,0.0006835451458833184
zlib,member,https://www.gadsdentimes.com/story/sports/high-school/softball/2022/04/18/ahsaa-sports-poll-gadsden-area-girls-high-school-athlete-week/7328895001/,0.0018397902446559285
zlib,member,https://www.gadsdentimes.com/story/opinion/columns/2022/05/22/candidates-loyalty-trump-frightening/9827109002/,0.001324608854719285
zlib,member,https://www.gadsdentimes.com/story/news/2022/08/19/extension-office-offers-fire-ant-workshop/10357179002/,0.002707431166367033
zlib,member,https://www.gadsdentimes.com/story/sports/high-school/2022/05/06/ahsaa-baseball-playoffs-etowah-reaches-alabama-high-school-semifinals/9589644002/,0.001609146779613208
zlib,member,https://www.gadsdentimes.com/restricted/?return=https%3A%2F%2Fwww.gadsdentimes.com%2Fstory%2Fsports%2Fhigh-school%2Fsoftball%2F2022%2F06%2F13%2Fall-etowah-county-high-school-softball-teams-2022-season%2F7530116001%2F,0.0006617710710222637
zlib,member,https://www.gadsdentimes.com/story/lifestyle/columns/2022/09/01/david-murdock-on-experiencing-lord-of-the-rings-film-trilogy/65466922007/,0.0011016033802370116
zlib,member,https://www.gadsdentimes.com/story/news/2022/09/14/gadsden-budget-approved-gives-better-raise-to-some-in-higher-ranks/69491553007/,0.001464937511902403
zlib,member,https://www.gadsdentimes.com/restricted/?return=https%3A%2F%2Fwww.gadsdentimes.com%2Fstory%2Fnews%2F2022%2F05%2F04%2Fetowah-county-inaugural-asd-conference-together-we-can-make-a-difference-parag-sanctuary%2F9554312002%2F,0.00042304941648189573
zlib,member,https://www.gadsdentimes.com/story/news/2022/04/15/master-gardener-plant-sale-tap/7317967001/,0.002677180792904027
zlib,member,https://www.gadsdentimes.com/picture-gallery/news/2022/08/04/worlds-longest-yard-sale-starts-thursday-august-4-2022/10240203002/,0.02650939465179602
zlib,member,https://www.gadsdentimes.com/story/news/2022/06/22/commissioners-approve-repaving-measures-appalachian-highway/7688098001/,0.002040210068390228
zlib,member,https://www.gadsdentimes.com/story/news/2022/08/09/variety-music-gadsden-symphony-orchestra-played-gchs/10228073002/,0.0028269323946696883
zlib,member,https://www.gadsdentimes.com/story/news/2022/05/06/habitat-dragon-boat-festival-returns-coosa-river-august/9620926002/,0.00189261252939404
zlib,member,https://www.gadsdentimes.com/story/sports/2022/05/15/ahsaa-state-baseball-champiosnhips-2022-high-school-schedule-alabama-jacksonville-state-oxford-title/9789599002/,0.0012443486002292118
zlib,member,https://www.gadsdentimes.com/story/opinion/columns/2022/08/27/opinion-voters-change-in-gadsden-alabama/7865584001/,0.0018068772544130572
zlib,member,https://www.gadsdentimes.com/story/news/politics/elections/local/2022/09/16/a-look-at-mayoral-contender-heather-new/69486948007/,0.000730742885183609
zlib,member,https://www.gadsdentimes.com/story/news/2022/04/27/cleveland-man-killed-two-vehicle-crash-near-guntersville/9549130002/,0.0032361180753685496
zlib,member,https://www.gadsdentimes.com/story/opinion/columns/2022/05/21/john-f-floyd-revisits-airport-controversies/9843422002/,0.0016386884051896443
zlib,member,https://www.gadsdentimes.com/story/news/2022/07/29/58-year-old-gallant-woman-died-thursday-single-vehicle-crash/10187305002/,0.005047298045086679
zlib,member,https://www.gadsdentimes.com/story/sports/college/2022/09/03/jacksonville-state-football-score-updates-davidson-wildcats/65464560007/,0.00405467232030622
zlib,member,https://www.gadsdentimes.com/story/news/2022/04/09/gadsden-teen-surprised-two-year-scholarship-gscc/9501080002/,0.0008816296102702542
zlib,member,https://www.gadsdentimes.com/story/news/2022/04/17/interstate-59-crash-closes-all-lanes-roadway-st-clair-county-alabama/7349856001/,0.007040314851987612
zlib,member,https://www.gadsdentimes.com/story/news/2022/06/01/piedmont-police-say-accused-mobile-home-crasher-injured-fight-after/7469533001/,0.003148825949774197
zlib,member,https://www.gadsdentimes.com/story/opinion/columns/2022/06/05/elaine-harris-spearman-election-challenges/7462167001/,0.0013985775736139522
zlib,member,https://www.gadsdentimes.com/restricted/?return=https%3A%2F%2Fwww.gadsdentimes.com%2Fstory%2Fnews%2F2022%2F04%2F13%2Fretirement-book-gadsden-citys-stewart-dishes-busy-time%2F9490846002%2F,0.0006455876791677979
zlib,member,https://www.gadsdentimes.com/story/news/2022/04/20/gadsden-other-area-responders-continue-search-drowning-victim/7380986001/,0.002277235615682355
zlib,member,https://www.gadsdentimes.com/story/news/2022/04/13/no-drivers-licenses-issued-next-week-alabama/7291230001/,0.006363808619513258
zlib,member,https://www.gadsdentimes.com/story/news/politics/2022/09/15/gadsden-mayoral-election-candidates-craig-ford-heather-brothers-new-debate/69496303007/,0.007695137378576471
zlib,member,https://www.gadsdentimes.com/story/news/2022/09/02/southside-vehicle-motorcycle-crash-results-in-fatality-of-man/65469092007/,0.0023789093227398208
zlib,member,https://www.gadsdentimes.com/story/news/2022/07/14/albertville-al-fire-todd-ridge-road-death-7-year-old/10063487002/,0.004226225930887064
zlib,member,https://www.gadsdentimes.com/story/news/2022/08/06/commercial-vehicle-crashes-goes-up-flames-59/10258790002/,0.003156469385124266
zlib,member,https://www.gadsdentimes.com/story/news/2022/06/27/gadsdenareahomesforsalepricemaylistingsalabama/65359298007/,0.000448842805346299
zlib,member,https://www.gadsdentimes.com/story/news/2022/08/23/election-results-gadsden-municipal-election-2022/7880181001/,0.0017882073011969521
zlib,member,https://www.gadsdentimes.com/story/news/2022/04/28/may-art-exhibits-gadsden-museum-art/7442689001/,0.004408069114393916
zlib,member,https://www.gadsdentimes.com/story/sports/2022/05/27/softball-team-usa-play-exhibition-games-choccolocco-park-july/9966361002/,0.002578581519053844
zlib,member,https://www.gadsdentimes.com/story/lifestyle/columns/2022/07/28/david-murdock-discusses-his-least-favorite-household-chore-laundry/10166803002/,0.0011815501907687883
zlib,member,https://www.gadsdentimes.com/story/lifestyle/columns/2022/04/24/david-murdock-looks-poetry-special-language/7383064001/,0.0011493014661545513
zlib,member,https://www.gadsdentimes.com/story/sports/high-school/baseball/2022/05/07/ahsaa-soccer-westbrook-christian-beats-guntersville-quarterfinal/9589680002/,0.0015046707068773542
zlib,member,https://www.gadsdentimes.com/story/news/2022/07/24/hometown-heroes-event-glencoe-recognizes-those-who-serve-protect/10108731002/,0.0035599873520009784
zlib,member,https://www.gadsdentimes.com/story/news/2022/04/06/sylvania-man-charged-fatal-hit-and-run-crash-near-geraldine/9491734002/,0.0027616243303438793
zlib,member,https://www.gadsdentimes.com/story/news/2022/05/04/mothers-day-weekend-sees-latest-local-first-friday-event/9576800002/,0.002773254706063295
zlib,member,https://www.gadsdentimes.com/story/news/2022/09/01/southside-officials-plan-extensively-for-road-projects-disruptions/65465847007/,0.0019569483005837025
zlib,member,https://www.gadsdentimes.com/story/news/2022/06/03/blind-boys-alabama-julius-love-grammys-blessings-bandmate-passing/9839407002/,0.0009710440205366385
zlib,member,https://www.gadsdentimes.com/story/news/2022/08/03/back-school-etowah-county-schools-make-preparations/10152566002/,0.0009316875208727996
zlib,member,https://www.gadsdentimes.com/story/news/2022/07/11/pedestrian-killed-albertville-highway-431/10027923002/,0.0033732988161594003
zlib,member,https://www.gadsdentimes.com/story/news/politics/elections/local/2022/08/17/gadsden-alabama-politics-city-council-district-2-2022-politicians/10219498002/,0.0005712759769347667
zlib,member,https://www.gadsdentimes.com/story/news/2022/06/30/gadsden-al-womens-reproductive-rights-march-scheduled-saturday/7777104001/,0.004051137477679243
zlib,member,https://www.gadsdentimes.com/story/news/2022/04/11/capital-improvements-underway-gscc/9495794002/,0.0012888368537611915
zlib,member,https://www.gadsdentimes.com/story/sports/college/football/2022/07/26/rich-rodriguez-nil-i-think-college-football-danger-right-now/10156971002/,0.0017644124851596006
zlib,member,https://www.gadsdentimes.com/story/opinion/columns/2022/06/26/toxicity-taking-its-toll-political-realm/7701683001/,0.0013424864175009762
zlib,member,https://www.gadsdentimes.com/story/news/2022/04/08/whats-going-gadsden-area-here-few-things/7168437001/,0.001938429026436808
zlib,member,https://www.gadsdentimes.com/story/news/2022/05/16/former-etowah-jailer-sentenced-calhoun-co-faces-contraband-charge/9731680002/,0.002082485661279101
zlib,member,https://www.gadsdentimes.com/story/news/2022/08/04/city-gadsden-oks-one-time-bonus-retirees-coming-october/10228288002/,0.0022710684896744514
zlib,member,https://www.gadsdentimes.com/story/news/2022/06/09/gadsden-eye-associates-jacksonville-al-open-second-location/7557084001/,0.0034324868510235995
zlib,member,https://www.gadsdentimes.com/story/news/2022/05/15/rainbow-city-new-host-etowah-historical-society/9746771002/,0.0011486753118890045
zlib,member,https://www.gadsdentimes.com/story/news/2022/08/26/decatur-police-motorist-intentionally-hit-killed-woman-he-didnt-know/65459169007/,0.0036543525093022987
zlib,member,https://www.gadsdentimes.com/story/news/2022/07/28/talladega-county-2013-cold-case-suspect-charged-after-arrested-for-2022-attack/10168127002/,0.0016081598891833455
zlib,member,https://www.gadsdentimes.com/story/sports/2022/06/21/reita-clanton-olympic-star-despite-not-having-equal-opportunites/9838895002/,0.0019804826293404196
zlib,member,https://www.gadsdentimes.com/story/news/2022/06/27/childersburg-teen-killed-talladega-county-crash-coleman-bridge/7751062001/,0.0038111055428245214
zlib,member,https://www.gadsdentimes.com/story/news/2022/05/06/escape-how-lauderdale-county-jailer-alabama-corrections-officer-vicky-white-inmate-casey-white/9675820002/,0.0009385175063945951
zlib,member,https://www.gadsdentimes.com/story/news/2022/08/05/rainsville-man-killed-single-vehicle-crash-grey-suv-leaves-scene/10254313002/,0.0027018965906912417
zlib,member,https://www.gadsdentimes.com/story/sports/high-school/baseball/2022/04/23/opening-round-playoff-scores-westbrook-etowah-hokes-bluff-sweep/7399256001/,0.0032964759102868824
zlib,member,https://www.gadsdentimes.com/story/news/2022/05/10/police-unravel-details-lauderdale-escape-jailer-vicky-white-death-casey-white/9718490002/,0.0013812357497432694
zlib,member,https://www.gadsdentimes.com/story/news/2022/05/18/etowah-county-gop-breakfast-saturday/9830326002/,0.010617809972586326
zlib,member,https://www.gadsdentimes.com/story/news/2022/04/28/gadsden-mans-death-jail-under-investigation/9568992002/,0.0024267882668212123
zlib,member,https://www.gadsdentimes.com/story/news/politics/elections/local/2022/08/31/provisional-ballots-for-gadsden-mayor-dont-change-election-outcome/65464689007/,0.00294957783384402
zlib,member,https://www.gadsdentimes.com/story/news/2022/07/20/gadsden-rendering-plant-lawsuit-plaintiffs-drop-remaining-claims/10111808002/,0.001337160167922814
zlib,member,https://www.gadsdentimes.com/story/opinion/columns/2022/09/11/elaine-harris-spearman-discusses-ministers-in-politics/66053387007/,0.001250625261930965
zlib,member,https://www.gadsdentimes.com/story/news/2022/06/06/poet-laureate-national-miss-juneteenth-visit-gadsden-public-library/7462402001/,0.0012920777638651831
zlib,member,https://www.gadsdentimes.com/restricted/?return=https%3A%2F%2Fwww.gadsdentimes.com%2Fstory%2Fnews%2F2022%2F04%2F06%2Fhostel-attalla-alabama-its-there-and-its-something-see%2F7144441001%2F,0.0006455876791677979
zlib,member,https://www.gadsdentimes.com/story/news/local/2022/05/02/lauderdale-county-alabama-escaped-inmate-casey-cole-white-corrections-officer-vicki-white/9615011002/,0.0010503617514754284
zlib,member,https://www.gadsdentimes.com/story/news/politics/elections/local/2022/08/04/gadsden-district-4-city-council-2022-meet-candidates-goals-objectives/10219876002/,0.0011650747101806965
zlib,member,https://www.gadsdentimes.com/story/news/2022/05/18/gadsden-city-council-business-includes-approving-juneteenth-holiday/9807927002/,0.0013368967613742806
zlib,member,https://www.gadsdentimes.com/story/news/2022/07/11/etowah-county-mother-son-charged-theft-hospice-patient/10033828002/,0.003284008289103471
zlib,member,https://www.gadsdentimes.com/story/sports/high-school/2022/09/17/gadsden-area-top-performers-for-week-4-of-high-school-football-ahsaa/68192917007/,0.0016741195367143231
zlib,member,https://www.gadsdentimes.com/story/sports/high-school/soccer/2022/05/09/ahsaa-soccer-pairings-schedules-final-four-huntsville/9675975002/,0.0014472022473792782
zlib,member,https://www.gadsdentimes.com/story/news/2022/08/03/diane-matthews-looks-back-50-years-attalla-city-schools/10183831002/,0.0011090549706342836
zlib,member,https://www.gadsdentimes.com/story/news/2022/09/12/gadsden-covid-numbers-death-this-week/69485890007/,0.00037172809918439615
zlib,member,https://www.gadsdentimes.com/story/sports/high-school/football/2022/08/19/alabama-high-school-football-gadsden-live-updates-scores-week-0/10297192002/,0.003392304684325727
zlib,member,https://www.gadsdentimes.com/story/news/2022/04/16/grmc-hires-new-family-medicine-doctor/7305152001/,0.0033962167201776975
zlib,member,https://www.gadsdentimes.com/story/lifestyle/columns/2022/07/07/david-murdock-reflects-effects-southern-heat/7820686001/,0.001110181570276156
zlib,member,https://www.gadsdentimes.com/story/sports/high-school/football/2022/04/14/dre-kirkpatrick-jr-emerging-fathers-shadow-football-prospect/9513716002/,0.001226998563793099
zlib,member,https://www.gadsdentimes.com/story/news/2022/06/27/marshall-county-man-faces-charges-after-wife-found-shot-face/7750296001/,0.003161357447026403
zlib,member,https://www.gadsdentimes.com/story/sports/high-school/baseball/2022/04/08/auburn-baseball-signee-alex-wade-making-impact-madison-academy/9520396002/,0.0019685547102608635
zlib,member,https://www.gadsdentimes.com/story/lifestyle/columns/2022/04/30/david-murdock-considers-petty-irritations/9558800002/,0.0012259476670078934
zlib,member,https://www.gadsdentimes.com/story/news/2022/09/15/etowah-sheriff-investigating-reported-threat-to-west-end-high-school/69495554007/,0.0030232619750762244
zlib,member,https://www.gadsdentimes.com/story/sports/high-school/football/2022/06/20/ahsaa-alabama-athletic-association-football-chris-stephenson-sardis-high-school-losing-season/7631188001/,0.0013661652830909876
zlib,member,https://www.gadsdentimes.com/story/news/2022/05/19/middle-schools-compete-returning-mock-trial-competition/9796754002/,0.001221994962254806
zlib,member,https://www.gadsdentimes.com/story/news/2022/08/29/gda-covid-19-state-2022-08-29-al-ntgt/65461094007/,0.0003809278992189894
zlib,member,https://www.gadsdentimes.com/story/sports/high-school/baseball/2022/05/15/ahsaa-softball-schedules-state-championship-tournament-oxford/9763969002/,0.001234078242000149
zlib,member,https://www.gadsdentimes.com/story/news/2022/04/29/take-back-day-etowah-county-what-you-should-know/9570548002/,0.0024468552369794434
zlib,member,https://www.gadsdentimes.com/story/news/2022/04/13/marshall-county-crash-monday-resulted-death-birmingham-man/7307320001/,0.0038144274050323857
zlib,member,https://www.gadsdentimes.com/story/news/2022/06/15/gadsden-municipal-elections-kick-off-first-day-qualifying/7619148001/,0.003234940493897299
zlib,member,https://www.gadsdentimes.com/story/news/2022/09/13/boaz-man-faces-attempted-murder-charge-in-connection-with-bat-attack/69492893007/,0.004666049281919103
zlib,member,https://www.gadsdentimes.com/restricted/?return=https%3A%2F%2Fwww.gadsdentimes.com%2Fstory%2Fnews%2Fcrime%2F2022%2F05%2F04%2Fvicky-white-alabama-corrections-officer-casey-white-inmate-escape-plans-undetected%2F9649215002%2F,0.00042304941648189573
zlib,member,https://www.gadsdentimes.com/story/sports/college/football/2022/07/26/jacksonville-state-football-early-bumps-road-offense/10132993002/,0.0013562062963134182
zlib,member,https://www.gadsdentimes.com/story/news/2022/08/18/gadsden-city-council-alabama-politics-noccalula-falls-development/10347477002/,0.0024166140779882245
zlib,member,https://www.gadsdentimes.com/story/news/politics/elections/local/2022/07/26/gadsden-mayor-race-2022-candidates-profiles-goals-objectives/10029226002/,0.0002252744401958071
zlib,member,https://www.gadsdentimes.com/restricted/?return=https%3A%2F%2Fwww.gadsdentimes.com%2Fstory%2Fsports%2Fhigh-school%2Fbaseball%2F2022%2F04%2F23%2Fahsaa-sports-gadsden-area-high-school-top-performers-last-week-april%2F7383280001%2F,0.0006455876791677979
zlib,member,https://www.gadsdentimes.com/story/news/2022/09/15/gop-secretary-of-state-candidate-to-speak-in-rainbow-city/69497599007/,0.009521445140224431
zlib,member,https://www.gadsdentimes.com/story/news/politics/elections/2022/05/20/house-district-28-candidates-gil-isbell-and-mack-butler-answer-questions/9823423002/,0.0011222603234680383
zlib,member,https://www.gadsdentimes.com/story/news/2022/05/20/what-you-need-know-ahead-primary-elections-tuesday/9836113002/,0.0008097244024988196
zlib,member,https://www.gadsdentimes.com/story/news/2022/05/10/community-spring-festival-tap-may-14/9645424002/,0.002968336537150741
zlib,member,https://www.gadsdentimes.com/story/news/2022/05/05/gadsden-city-council-committee-recommend-juneteenth-holiday/9630271002/,0.0011105306718989989
zlib,member,https://www.gadsdentimes.com/story/news/2022/04/22/earth-day-2022-five-ways-zero-waste/7380519001/,0.0017670506886000097
zlib,member,https://www.gadsdentimes.com/story/news/2022/05/30/louisiana-man-faces-charges-fatal-st-clair-county-crash/9993629002/,0.004141810740529941
zlib,member,https://www.gadsdentimes.com/story/news/2022/06/22/etowah-county-credit-union-host-fight-fraud-workshop/7632803001/,0.0008384893083427089
zlib,member,https://www.gadsdentimes.com/story/news/politics/elections/2022/05/24/alabama-primary-election-results-2022-etowah-county-commission-4/9860527002/,0.0045089319380220705
zlib,member,https://www.gadsdentimes.com/story/news/2022/09/08/etowah-native-picked-for-saints-cheerleading-squad/65474871007/,0.0016268494142151798
zlib,member,https://www.gadsdentimes.com/story/sports/high-school/baseball/2022/04/30/ahsaa-baseball-softball-and-soccer-scores-gadsden-area-teams/9558590002/,0.0013436045454568214
zlib,member,https://www.gadsdentimes.com/story/news/2022/07/03/gadsden-municipal-election-mayor-and-three-council-seats-change-coming/7776615001/,0.0008381292715220171
zlib,member,https://www.gadsdentimes.com/restricted/?return=https%3A%2F%2Fwww.gadsdentimes.com%2Fstory%2Fnews%2F2022%2F06%2F08%2Fhomes-selling-sold-completely-online-rainbow-city-alabama-virtual-market%2F7483207001%2F,0.0009190576554398943
zlib,member,https://www.gadsdentimes.com/story/news/2022/06/19/national-miss-juneteenth-reflects-year-titleholder/7608726001/,0.0009551389472823053
zlib,member,https://www.gadsdentimes.com/story/news/2022/04/10/etowah-countys-advocates-recognize-child-abuse-victims-they-serve/9495775002/,0.0014267138217741845
zlib,member,https://www.gadsdentimes.com/story/sports/college/2022/08/27/jacksonville-state-football-rich-rodriguez-take-on-stephen-f-austin-live-updates/7846698001/,0.0021484380091218477
zlib,member,https://www.gadsdentimes.com/story/news/2022/07/22/centre-man-dies-after-crashing-truck-cherokee-county/10130540002/,0.004953477525870077
zlib,member,https://www.gadsdentimes.com/story/news/2022/08/15/rainbow-city-police-get-raise-etowah-911-take-over-dispatching/10287514002/,0.002772279435575482
zlib,member,https://www.gadsdentimes.com/story/news/politics/elections/local/2022/08/18/gadsden-district-3-city-council-2022-meet-candidates-q-a/10271517002/,0.0013409267211586331
zlib,member,https://www.gadsdentimes.com/story/news/2022/07/28/tyn-tymes-gadsden-annual-indoor-beach-party-aug-6-2022/10152370002/,0.0016705876608540196
zlib,member,https://www.gadsdentimes.com/story/news/2022/06/03/guilty-plea-entered-2017-shooting-death-etowah-county-man/7496834001/,0.003955209690456615
zlib,member,https://www.gadsdentimes.com/story/news/2022/06/07/three-string-returns-gadsden-june-17-concert/9946972002/,0.0022965141717952334
zlib,member,https://www.gadsdentimes.com/story/lifestyle/columns/2022/05/19/david-murdock-looks-nature-and-art/9827595002/,0.0012456601651176617
zlib,member,https://www.gadsdentimes.com/story/sports/high-school/baseball/2022/05/17/ahsaa-baseball-trinity-presbyterian-defeats-piedmont-6-5-game-2-3-a-championship/9808672002/,0.0037264808978042466
zlib,member,https://www.gadsdentimes.com/story/news/2022/06/17/shooting-church-gathering-kills-two-injures-one-suspect-custody/7658385001/,0.0014140839738471308
zlib,member,https://www.gadsdentimes.com/story/sports/high-school/soccer/2022/06/02/alabama-high-school-soccer-best-moments-predictions-gadsden-area-2022/9926331002/,0.0013249343264835783
zlib,member,https://www.gadsdentimes.com/story/opinion/columns/2022/08/20/gaa-member-robertson-deserves-debt-gratitude/7837127001/,0.0014098373068799882
zlib,member,https://www.gadsdentimes.com/story/sports/high-school/baseball/2022/04/18/ahsaa-baseball-pairings-first-round-playoffs/7359226001/,0.0014819410713786162
zlib,member,https://www.gadsdentimes.com/story/news/2022/04/26/marshall-county-crash-closed-both-lanes-traffic-al-79/9544952002/,0.005715264676610932
zlib,member,https://www.gadsdentimes.com/story/lifestyle/columns/2022/05/05/david-murdock-looks-mothers-day/9646165002/,0.0011316780362097452
zlib,member,https://www.gadsdentimes.com/story/opinion/columns/2022/04/23/casting-blame-gaas-high-legal-fees/7411386001/,0.0014858291784449922
zlib,member,https://www.gadsdentimes.com/story/news/2022/08/06/ashvilles-looney-house-catches-fire-takes-heavy-damage/10259402002/,0.0038478562634253416
zlib,member,https://www.gadsdentimes.com/story/news/2022/05/27/dna-research-helps-solve-cold-cases-through-family-ties/9927018002/,0.0025761279201177074
zlib,member,https://www.gadsdentimes.com/story/news/2022/05/13/gadsden-senior-wellness-center-project-gets-covid-relief-fund-grant/9761622002/,0.0015286545768490344
zlib,member,https://www.gadsdentimes.com/story/sports/high-school/basketball/2022/04/05/ahsaa-sports-vote-gadsden-area-male-athlete-week/7244574001/,0.0022265452871067194
zlib,member,https://www.gadsdentimes.com/story/news/2022/05/04/etowah-county-commission-hears-families-men-who-died-jail/9634017002/,0.0008580615365366055
zlib,member,https://www.gadsdentimes.com/story/news/2022/05/17/corrections-officer-inmate-relationship-red-flags-vicky-white-casey/9785834002/,0.002799348499083448
zlib,member,https://www.gadsdentimes.com/story/news/2022/08/09/marshall-county-drug-unit-makes-arrest-drugs-linked-three-overdoses/10276661002/,0.003851814590880978
zlib,member,https://www.gadsdentimes.com/story/news/2022/08/03/etowah-county-schools-implements-new-mental-health-initiative/10183600002/,0.0012217155806667102
zlib,member,https://www.gadsdentimes.com/story/news/2022/07/26/etowah-county-property-values-up-according-state-valuations/10143271002/,0.001750024541191084
zlib,member,https://www.gadsdentimes.com/story/news/2022/06/15/why-we-celebrate-heres-some-history-juneteenth/9912202002/,0.0017164519515990172
zlib,member,https://www.gadsdentimes.com/story/news/2022/06/22/etowah-investigators-probe-assault-robbery-north-gadsden-wednesday/7700090001/,0.002690665685143992
zlib,member,https://www.gadsdentimes.com/story/news/2022/05/02/authorities-make-child-porn-arrests/9614224002/,0.0018911742291986432
zlib,member,https://www.gadsdentimes.com/story/sports/high-school/2022/09/16/alabama-high-school-football-scores-live-updates-gadsden-ahsaa-week-4/69497186007/,0.02030917392309732
zlib,member,https://www.gadsdentimes.com/story/news/2022/08/11/gadsden-area-weekend-events-august-12/10292599002/,0.002513452379205387
zlib,member,https://www.gadsdentimes.com/story/news/2022/08/10/gadsden-board-commends-walnut-park-staff-response-emergency/10241132002/,0.0025995345622013863
zlib,member,https://www.gadsdentimes.com/story/news/2022/05/06/attallas-150th-birthday-party-downtown-tap-may-21/9541040002/,0.001852385850631944
zlib,member,https://www.gadsdentimes.com/story/sports/college/football/2022/04/01/rich-rodriguez-players-looking-forward-jacksonville-state-spring-football/7168526001/,0.0013755356562182492
zlib,member,https://www.gadsdentimes.com/restricted/?return=https%3A%2F%2Fwww.gadsdentimes.com%2Fstory%2Fsports%2Fhigh-school%2F2022%2F05%2F16%2Fahsaa-alabama-high-school-baseball-state-championship-predictions%2F9676171002%2F,0.00042304941648189573
zlib,member,https://www.gadsdentimes.com/restricted/?return=https%3A%2F%2Fwww.gadsdentimes.com%2Fstory%2Fsports%2Fhigh-school%2Fsoftball%2F2022%2F05%2F12%2Fahsaa-softball-lydia-west-overcoming-hydrocephalus-leading-geradline%2F9702945002%2F,0.00042304941648189573
zlib,member,https://www.gadsdentimes.com/story/news/2022/04/25/discussions-continue-rendering-plant-lawsuit-no-resolution-reached/7357683001/,0.0018840872414931052
zlib,member,https://www.gadsdentimes.com/story/news/2022/07/12/gadsden-area-homes-for-sale-price-june-listings-alabama/65366996007/,0.000498456287794957
zlib,member,https://www.gadsdentimes.com/story/opinion/columns/2022/04/16/john-floyd-looks-area-sports-complexes/7331343001/,0.0011897472775824597
zlib,member,https://www.gadsdentimes.com/story/sports/college/football/2022/08/08/jacksonville-state-football-what-south-carolina-paying-2023-game/10266641002/,0.0027614306340600636
zlib,member,https://www.gadsdentimes.com/story/news/2022/05/17/jsu-host-musical-version-little-women-over-six-day-run/9798237002/,0.0019922583806752017
zlib,member,https://www.gadsdentimes.com/story/news/2022/05/11/vicky-white-casey-white-back-alabama-capture-recordings-released/9732565002/,0.0013292326174054608
zlib,member,https://www.gadsdentimes.com/story/news/2022/06/30/rewinding-gruesome-1911-murders-greasy-cove/7584540001/,0.0008835410244888652
zlib,member,https://www.gadsdentimes.com/story/sports/high-school/tennis/2022/04/14/sardis-caroline-johnson-wins-class-4-a-5-a-section-6-singles-title/7309339001/,0.0012448853057833308
zlib,member,https://www.gadsdentimes.com/story/sports/high-school/2022/08/27/gadsden-area-high-school-top-performers-for-last-full-week-of-august/65418929007/,0.0015755205662344829
zlib,member,https://www.gadsdentimes.com/story/sports/high-school/2022/09/02/alabama-high-school-football-scores-live-updates-gadsden-ahsaa-week-2/65469048007/,0.021630889935030453
zlib,member,https://www.gadsdentimes.com/story/news/2022/06/22/local-special-needs-children-take-baseball-field-miracle-league/7637544001/,0.0018905109664295854
zlib,member,https://www.gadsdentimes.com/story/news/2022/04/19/commissioners-cut-sheriffs-expense-allowance/7363238001/,0.00377355376409257
zlib,member,https://www.gadsdentimes.com/story/news/2022/06/25/races-shape-up-qualifying-continues-gadsden-municipal-elections/7720193001/,0.0035029772692230263
zlib,member,https://www.gadsdentimes.com/story/news/2022/07/26/august-exhibits-scheduled-gadsden-museum-art/10121965002/,0.003687183539066123
zlib,member,https://www.gadsdentimes.com/story/news/2022/05/27/six-shot-anniston-graduation-party-injuries-not-life-threatening/9967636002/,0.002373308293073885
zlib,member,https://www.gadsdentimes.com/story/news/2022/04/20/group-says-coosa-among-most-endangered-rivers/7361126001/,0.0012022741332174736
zlib,member,https://www.gadsdentimes.com/story/opinion/columns/2022/08/14/elaine-harris-spearman-cites-importance-candidates-plans/10280732002/,0.0014320770427532208
zlib,member,https://www.gadsdentimes.com/story/sports/high-school/football/2022/08/16/gadsden-area-high-school-football-season-preview-2022/10341820002/,0.0020746095565565914
zlib,member,https://www.gadsdentimes.com/story/news/2022/08/08/marshall-county-pawn-shop-raided-property-seized-six-people-charged/10269989002/,0.0018198753874246166
zlib,member,https://www.gadsdentimes.com/story/sports/high-school/baseball/2022/04/05/ahsaa-sports-gadsden-area-high-school-top-performers-first-week-april/7244642001/,0.0010085302924069351
zlib,member,https://www.gadsdentimes.com/story/news/2022/08/12/extension-program-seeks-promote-successful-birth-outcomes/10280716002/,0.0021139994343728125
zlib,member,https://www.gadsdentimes.com/story/sports/high-school/baseball/2022/05/17/ahsaa-baseball-etowah-defeats-mobile-christian-game-one-class-4-a-state/9763907002/,0.0024816450084955907
zlib,member,https://www.gadsdentimes.com/restricted/?return=https%3A%2F%2Fwww.gadsdentimes.com%2Fstory%2Fnews%2F2022%2F04%2F07%2Fcovid-fallout-could-affect-job-market-years-come-analysts-say%2F7248062001%2F,0.0006455876791677979
zlib,member,https://www.gadsdentimes.com/story/news/2022/06/17/hsprac-director-raises-questions-finances-his-firing/9795809002/,0.001298859884654896
zlib,member,https://www.gadsdentimes.com/restricted/?return=https%3A%2F%2Fwww.gadsdentimes.com%2Fstory%2Fsports%2Fhigh-school%2Fbaseball%2F2022%2F04%2F30%2Fahsaa-top-performers-gadsden-area-spring-sports%2F9589665002%2F,0.00042304941648189573
zlib,member,https://www.gadsdentimes.com/story/news/politics/elections/local/2022/08/01/district-5-school-board-2022-meet-candidates-q-a-gadsden/10074809002/,0.001551579117414878
zlib,member,https://www.gadsdentimes.com/story/news/2022/06/08/upper-level-disturbances-leads-flooding-county/7552328001/,0.003057319455890121
zlib,member,https://www.gadsdentimes.com/story/opinion/columns/2022/05/15/elaine-harris-spearman-commentary-truth-behind-political-labels/9663229002/,0.0014091100632754189
zlib,member,https://www.gadsdentimes.com/story/news/2022/07/12/three-fires-glencoe-gadsden-three-firefighters-get-minor-injuries/10039042002/,0.0019001829965604269
zlib,member,https://www.gadsdentimes.com/story/news/2022/04/03/vehicle-involved-fatal-crash-hit-teen-left-scene-sought/7264361001/,0.004519522206452181
zlib,member,https://www.gadsdentimes.com/story/sports/2022/06/22/vonetta-flowers-first-black-athlete-gold-medal-winter-olympics-title-ix/9838930002/,0.001924999136559947
zlib,member,https://www.gadsdentimes.com/story/sports/high-school/basketball/2022/04/05/ahsaa-girls-basketball-southside-coach-kim-nails-announces-retirement/9470525002/,0.002381400936098337
zlib,member,https://www.gadsdentimes.com/story/news/2022/06/14/flag-day-stars-and-stripes-have-represented-nations-growth/7470256001/,0.0014362094362602902
zlib,member,https://www.gadsdentimes.com/story/news/2022/05/31/city-gadsden-provide-free-meals-through-summer-food-service-program/9958706002/,0.0019247971822480383
zlib,member,https://www.gadsdentimes.com/story/news/education/2022/06/02/afterschool-program-studies-world-games/7457781001/,0.003338916703137928
zlib,member,https://www.gadsdentimes.com/story/news/2022/07/11/centre-crash-woman-killed-sunday-single-vehicle-troopers-say/10031246002/,0.00457815438411524
zlib,member,https://www.gadsdentimes.com/story/news/2022/06/07/flash-flooding-heavy-rains-gadsden-area-required-water-rescues/7548122001/,0.0020409069453571405
zlib,member,https://www.gadsdentimes.com/story/news/2022/04/02/hokes-bluff-structure-fire-friday-brings-out-multiple-fire-departments/7255609001/,0.005386359633365789
zlib,member,https://www.gadsdentimes.com/story/news/crime/2022/08/26/former-gadsden-bbva-branch-manager-gets-federal-sentence-dorinda-lumpkin/65457626007/,0.002943526682443019
zlib,member,https://www.gadsdentimes.com/restricted/?return=https%3A%2F%2Fwww.gadsdentimes.com%2Fstory%2Fnews%2F2022%2F05%2F27%2Fdna-search-angel-canadian-police-help-daughter-find-her-dad%2F7396513001%2F,0.0006835451458833184
zlib,member,https://www.gadsdentimes.com/story/news/2022/05/04/crenshaw-county-cold-case-who-killed-delange-harris-11-years-ago/9646052002/,0.002282294459018504
zlib,member,https://www.gadsdentimes.com/story/news/2022/06/13/2022-barbarian-challenge-june-18/7611291001/,0.0014165872226598625
zlib,member,https://www.gadsdentimes.com/story/opinion/columns/2022/04/10/elaine-h-spearman-considers-smith-rock-incident/9489277002/,0.0011223429698164747
zlib,member,https://www.gadsdentimes.com/story/news/2022/09/09/etowah-sheriffs-office-offers-247-place-to-dispose-of-medication/66836354007/,0.0018972884312087174
zlib,member,https://www.gadsdentimes.com/story/news/2022/06/25/kansas-city-barbeque-society-preps-world-invitational-gadsden/7717226001/,0.0014091250209044733
zlib,member,https://www.gadsdentimes.com/story/sports/high-school/soccer/2022/05/04/ahsaa-soccer-pairings-schedules-gadsden-area-teams-quarterfinals/9643303002/,0.002906222218550772
zlib,member,https://www.gadsdentimes.com/story/news/2022/04/04/one-dead-early-morning-house-fire-attalla/7269377001/,0.0031801839430687234
zlib,member,https://www.gadsdentimes.com/story/news/2022/04/30/hsprac-participate-empty-shelter-national-initiative/9583979002/,0.001396432997333193
zlib,member,https://www.gadsdentimes.com/story/lifestyle/columns/2022/06/30/david-murdock-july-4th-column/7767814001/,0.0011041146503113458
zlib,member,https://www.gadsdentimes.com/story/news/2022/06/30/alea-issues-boating-safety-tips-ahead-fourth-july-weekend/7758471001/,0.001421942901500527
zlib,member,https://www.gadsdentimes.com/story/news/politics/elections/2022/05/24/alabama-primary-election-results-etowah-county-commission-5-jeffery-washington/9860540002/,0.0067360446405999065
zlib,member,https://www.gadsdentimes.com/story/news/2022/09/13/trolley-dart-bus-riders-will-have-to-pay-again-in-october/68231021007/,0.004741703603357366
zlib,member,https://www.gadsdentimes.com/story/news/2022/07/26/talladega-police-look-suspects-shooting-attempted-robbery/10156623002/,0.0022916445202575053
zlib,member,https://www.gadsdentimes.com/restricted/?return=https%3A%2F%2Fwww.gadsdentimes.com%2Fstory%2Fnews%2F2022%2F05%2F27%2Fdna-search-angel-grandmother-reveals-family-secret-maine%2F7396499001%2F,0.0006835451458833184
zlib,member,https://www.gadsdentimes.com/story/news/2022/04/13/sports-authority-changes-ahead-current-board-expects-finish-fields/7280516001/,0.0014571430521334214
zlib,member,https://www.gadsdentimes.com/story/news/politics/2022/04/13/james-brooks-speak-local-gop-event/7311406001/,0.009374601062202274
zlib,member,https://www.gadsdentimes.com/story/news/2022/04/01/united-ways-annual-meeting-april-7/7231428001/,0.005798978999509374
zlib,member,https://www.gadsdentimes.com/story/lifestyle/columns/2022/08/11/david-murdock-column-mister-rogers-experience/10280750002/,0.0010762459540058682
zlib,member,https://www.gadsdentimes.com/story/opinion/columns/2022/04/03/constitutional-carry-bad-move/7210702001/,0.001144994025794776
zlib,member,https://www.gadsdentimes.com/story/sports/college/football/2022/08/26/jacksonville-state-football-fcs-kickoff-game-against-stephen-f-auston/10312528002/,0.0012110036311142414
zlib,member,https://www.gadsdentimes.com/story/opinion/columns/2022/08/28/elaine-harris-spearman-new-gadsden-leaders-must-bring-fresh-approach/10353569002/,0.0014383054747168199
zlib,member,https://www.gadsdentimes.com/restricted/?return=https%3A%2F%2Fwww.gadsdentimes.com%2Fstory%2Fnews%2F2022%2F04%2F17%2Fmelendez-focused-community-growth-times-square-locust-street%2F7282089001%2F,0.0006455876791677979
zlib,member,https://www.gadsdentimes.com/story/news/2022/08/23/gulf-coast-retail-gas-prices-continue-falling-alabama/65414964007/,0.001431803959034734
zlib,member,https://www.gadsdentimes.com/story/news/2022/05/19/skid-row-ready-rock-live-rock-concert-albertville/9744814002/,0.0011069640289564557
zlib,member,https://www.gadsdentimes.com/story/news/2022/07/22/calhoun-county-sheriff-dna-link-between-july-2012-july-2022-attacks/10124366002/,0.0012938310608284695
zlib,member,https://www.gadsdentimes.com/story/news/2022/06/06/construction-accident-whorton-bend-home-site-injures-worker/7537322001/,0.0049453663717168896
zlib,member,https://www.gadsdentimes.com/story/news/2022/08/02/gadsden-district-5-city-council-2022-candidates-objectives-goals/10185090002/,0.0017190092074486638
zlib,member,https://www.gadsdentimes.com/story/news/2022/06/19/collinsville-man-killed-motorcycle-crash-interstate-59/7676730001/,0.005981924274627231
zlib,member,https://www.gadsdentimes.com/story/sports/high-school/baseball/2022/05/06/ahsaa-baseball-softball-and-soccer-scores-gadsden-area-teams/9589683002/,0.0011011704722038295
zlib,member,https://www.gadsdentimes.com/story/news/2022/06/08/storm-bombards-east-etowah-5-5-inches-rain-causing-damage/7552145001/,0.0014350267729468721
zlib,member,https://www.gadsdentimes.com/story/news/2022/08/11/mitchell-returns-gadsden-state-community-college/10268616002/,0.0009879507697666723
zlib,member,https://www.gadsdentimes.com/story/news/2022/09/16/4-h-chick-chain-participants-look-to-auction/69494017007/,0.002197137897779417
zlib,member,https://www.gadsdentimes.com/story/sports/high-school/softball/2022/04/11/ahsaa-sports-vote-gadsden-area-female-athlete-week/9513649002/,0.0018725578346278592
zlib,member,https://www.gadsdentimes.com/story/sports/2022/06/24/marianne-merritt-auburn-basketball-great-title-ix/9839009002/,0.002027119266464986
zlib,member,https://www.gadsdentimes.com/story/sports/high-school/baseball/2022/04/23/ahsaa-baseball-gadsden-area-scores-first-round-1-a-6-a-playoffs/7382378001/,0.0015794888117585148
zlib,member,https://www.gadsdentimes.com/story/news/2022/06/27/hunter-bellew-sentenced-rainbow-city-murder-tony-mccartney/7744837001/,0.0023109938367212113
zlib,member,https://www.gadsdentimes.com/restricted/?return=https%3A%2F%2Fwww.gadsdentimes.com%2Fstory%2Fsports%2Fhigh-school%2Fsoccer%2F2022%2F04%2F27%2Fahsaa-girls-boys-soccer-playoffs-gadsden-area-players-to-watch%2F7383251001%2F,0.0005822635200887692
zlib,member,https://www.gadsdentimes.com/story/news/2022/07/12/man-dies-cherokee-county-crash-cement-mixer-alabama-highway-68/10034490002/,0.004648719949065081
zlib,member,https://www.gadsdentimes.com/story/opinion/columns/2022/09/17/john-f-floyd-looks-at-gadsdens-finances/69494145007/,0.001465633363937073
zlib,member,https://www.gadsdentimes.com/story/news/2022/04/06/etowah-area-schools-close-1-30-p-m-because-weather-threat/9486128002/,0.008166166718952915
zlib,member,https://www.gadsdentimes.com/story/news/2022/05/14/alabama-transgender-medication-law-blocked-judge/9775330002/,0.0007270734370084373
zlib,member,https://www.gadsdentimes.com/story/news/2022/06/07/gadsden-rendering-plant-lawsuit-dismissed-plaintiffs-achieved-goal/7543106001/,0.0009399258160344122
zlib,member,https://www.gadsdentimes.com/story/news/2022/07/22/gadsden-city-council-tackles-number-topics/10112692002/,0.0014394522134325842
zlib,member,https://www.gadsdentimes.com/story/news/2022/08/14/clay-county-sheriff-one-killed-suspect-shot-attempted-robbery/10324587002/,0.0035057381051269475
zlib,member,https://www.gadsdentimes.com/story/news/2022/05/20/missing-man-found/9854279002/,0.008138244162112212
zlib,member,https://www.gadsdentimes.com/story/news/2022/06/30/st-stephens-episcopal-church-shooting-local-congregations-consider-safety/7658036001/,0.001026546935585886
zlib,member,https://www.gadsdentimes.com/story/news/2022/05/17/mentone-host-big-art-pop-up-event-weekend/9798032002/,0.0028381501304275674
zlib,member,https://www.gadsdentimes.com/story/opinion/letters/2022/08/08/letter-editor/10265957002/,0.0018844653266170959
zlib,member,https://www.gadsdentimes.com/story/news/2022/05/13/tips-best-tomato-varieties/9663903002/,0.0025254976496257133
zlib,member,https://www.gadsdentimes.com/story/sports/high-school/football/2022/05/27/ahsaa-football-glencoe-coach-jamison-wadley-out-looking-new-coach/9967329002/,0.0025999001630943193
zlib,member,https://www.gadsdentimes.com/story/news/2022/09/15/west-end-high-school-alabama-walnut-grove-threat-hoax-al/69497824007/,0.0022486736717065485
zlib,member,https://www.gadsdentimes.com/story/news/2022/07/20/lorrie-morgan-2022-hokes-bluff-cityfest/10088641002/,0.0016080684987307906
zlib,member,https://www.gadsdentimes.com/story/sports/high-school/baseball/2022/05/09/poll-gadsden-area-boys-high-school-athlete-week-voting/9675522002/,0.0016629527917709805
zlib,member,https://www.gadsdentimes.com/story/news/2022/07/14/second-riverfest-river-rocks-held-gadsden-oct-1/10039056002/,0.0018252643398071538
zlib,member,https://www.gadsdentimes.com/story/opinion/columns/2022/08/21/elaine-harris-spearman-discusses-search-trumps-property/10353542002/,0.0016182197822818256
zlib,member,https://www.gadsdentimes.com/story/sports/college/football/2022/05/20/jacksonville-state-football-offensive-coordinator-calvin-magee-dies/9862276002/,0.00156434061138338
zlib,member,https://www.gadsdentimes.com/story/sports/high-school/basketball/2022/04/05/ahsaa-sports-vote-gadsden-area-female-athlete-week/7244564001/,0.002112049295451631
zlib,member,https://www.gadsdentimes.com/story/news/2022/05/06/extension-corner-backyard-poultry/9656872002/,0.0030232065266519756
zlib,member,https://www.gadsdentimes.com/story/lifestyle/columns/2022/04/17/david-murdock-looks-back-easters-past/7318677001/,0.0012064709746211542
zlib,member,https://www.gadsdentimes.com/story/news/2022/04/28/mothers-day-gift-ideas/7440243001/,0.002101218388479529
zlib,member,https://www.gadsdentimes.com/story/news/2022/07/01/omicron-subvariants-increasing-covid-19-cases-ris-in-alabama/7787527001/,0.001430149205360265
zlib,member,https://www.gadsdentimes.com/story/sports/high-school/2022/05/04/ahsaa-boys-soccer-fort-paynes-rafael-robles-scores-twice-lead-over-southside/9589601002/,0.0013723632183728185
zlib,member,https://www.gadsdentimes.com/story/news/2022/04/25/gadsden-man-dies-single-vehicle-crash/7447825001/,0.00300644368371689
zlib,member,https://www.gadsdentimes.com/story/sports/college/2022/08/28/rich-rodriguez-jacksonville-state-football-first-game-stephen-f-austin-fcs-kickoff/7846701001/,0.0013992524079781562
zlib,member,https://www.gadsdentimes.com/story/sports/college/football/2022/04/12/jacksonville-state-football-rich-rodriguez-talks-roster-numbers/7290936001/,0.0014281569695383503
zlib,member,https://www.gadsdentimes.com/story/news/2022/07/06/gadsden-voters-should-check-voting-record-note-changed-polling-places/7778924001/,0.0026320313986265024
zlib,member,https://www.gadsdentimes.com/story/news/2022/07/06/i-59-expect-shift-traffic-reece-city-north-project-begins/7823786001/,0.0030648733209088824
zlib,member,https://www.gadsdentimes.com/story/news/2022/08/27/gadsden-car-break-ins-phil-street-shootout-southside-police-investigate/65459911007/,0.0033514308009398204
zlib,member,https://www.gadsdentimes.com/story/news/2022/07/12/noccalula-road-crash-claims-life-motorcycle-driver/10041103002/,0.004192035684997887
zlib,member,https://www.gadsdentimes.com/story/sports/college/2022/09/09/3-things-to-know-jacksonville-state-football-faces-murray-state/65579393007/,0.0022278848930502417
zlib,member,https://www.gadsdentimes.com/story/news/2022/06/02/etowah-election-results-challenged-commission-house-candidates/7481804001/,0.0017648000921566106
zlib,member,https://www.gadsdentimes.com/story/news/2022/07/20/four-years-after-ef-3-tornado-hit-campus-jsu-reopens-merrill-hall/10099280002/,0.0020065851105502573
zlib,member,https://www.gadsdentimes.com/story/opinion/columns/2022/07/03/right-choose-front-and-center-us-discourse/7761764001/,0.0012677885711930696
zlib,member,https://www.gadsdentimes.com/restricted/?return=https%3A%2F%2Fwww.gadsdentimes.com%2Fstory%2Fsports%2Fhigh-school%2F2022%2F05%2F09%2Fahsaa-top-performers-gadsden-area-spring-sports%2F9675615002%2F,0.00042304941648189573
zlib,member,https://www.gadsdentimes.com/restricted/?return=https%3A%2F%2Fwww.gadsdentimes.com%2Fstory%2Fnews%2F2022%2F04%2F21%2Fsouthside-development-brings-restaurant-playground-boat-launch%2F7366665001%2F,0.0006455876791677979
zlib,member,https://www.gadsdentimes.com/story/news/2022/09/02/lawn-burweed-its-time-to-start-fighting/65466980007/,0.0020864861341219963
zlib,member,https://www.gadsdentimes.com/story/sports/high-school/football/2022/06/13/ahsaa-football-chris-stephenson-hired-football-coach-sardis/7617174001/,0.0033454629283210056
zlib,member,https://www.gadsdentimes.com/story/news/2022/05/20/etowah-countys-robotics-programs-who-they-what-they-do/9616054002/,0.0009028544379354619
zlib,member,https://www.gadsdentimes.com/story/sports/high-school/soccer/2022/05/02/ahsaa-soccer-pairings-schedules-gadsden-area-teams/9614127002/,0.0020671697358851473
zlib,member,https://www.gadsdentimes.com/story/news/2022/09/03/strike-up-the-bands-etowah-county-bandcheer-expo-is-tuesday/65470102007/,0.004251947700734564
zlib,member,https://www.gadsdentimes.com/story/news/2022/06/13/gadsden-council-consider-moving-funds-cover-higher-gas-oil-costs/7610275001/,0.0018752501450109043
zlib,member,https://www.gadsdentimes.com/story/news/2022/06/10/tillison-bend-campground-owner-road-controversy/7567475001/,0.0016403470848559188
zlib,member,https://www.gadsdentimes.com/story/opinion/columns/2022/04/30/john-floyd-offers-seniors-viewpoint/9575623002/,0.0014595696275117851
zlib,member,https://www.gadsdentimes.com/story/news/2022/06/23/john-jacobs-announces-run-mayor-gadsden/7703889001/,0.0021687495004532086
zlib,member,https://www.gadsdentimes.com/story/opinion/columns/2022/09/18/recent-announcements-bring-surge-of-hope-for-gadsden/69494022007/,0.00156177581508103
zlib,member,https://www.gadsdentimes.com/story/news/2022/05/06/theater-group-sets-summer-production/9645675002/,0.0018462388622791548
zlib,member,https://www.gadsdentimes.com/story/news/2022/06/13/pet-week-june-13/7557714001/,0.005538367160528017
zlib,member,https://www.gadsdentimes.com/story/news/2022/06/28/gadsden-alabama-municipal-election-candidates-mayor-city-council-board-education-races/7755884001/,0.002658982857055556
zlib,member,https://www.gadsdentimes.com/story/news/2022/04/28/officers-receive-commendation-attempted-river-rescue/9558750002/,0.0028257812425123647
zlib,member,https://www.gadsdentimes.com/story/news/2022/09/09/potential-sale-of-goodyear-property-could-bring-multiple-industries/67986294007/,0.001736437040543782
zlib,member,https://www.gadsdentimes.com/story/news/2022/04/13/united-way-honors-top-contributors-2022-annual-meeting/9472571002/,0.0012576105491305032
zlib,member,https://www.gadsdentimes.com/story/opinion/columns/2022/05/15/john-f-floyd-commentary-its-best-not-sleep-vladimire-putins-threats-in-ukraine/9663167002/,0.001454345377211681
zlib,member,https://www.gadsdentimes.com/story/news/2022/04/07/albertville-police-investigate-fatal-shooting-highpoint-road/9506483002/,0.0028402000335604866
zlib,member,https://www.gadsdentimes.com/story/news/2022/06/18/gadsden-municipal-races-draw-25-candidates-first-week/7658068001/,0.004928296776795357
zlib,member,https://www.gadsdentimes.com/restricted/?return=https%3A%2F%2Fwww.gadsdentimes.com%2Fstory%2Fnews%2F2022%2F05%2F27%2Fdna-search-angel-tracks-down-unknown-family-members%2F7396461001%2F,0.0006835451458833184
zlib,member,https://www.gadsdentimes.com/story/news/2022/07/29/alabama-extension-seeks-watershed-stewards/10173039002/,0.0019426633645363795
zlib,member,https://www.gadsdentimes.com/story/news/2022/05/27/look-into-history-military-appreciation-may/9906650002/,0.0015369308931194358
zlib,member,https://www.gadsdentimes.com/story/news/2022/09/06/grace-academy-to-provide-free-trades-training-to-local-residents/65466226007/,0.001199852425332253
zlib,member,https://www.gadsdentimes.com/story/news/2022/09/08/alabama-truck-stop-carjacking-suspect-shot-to-death-after-chase-shooting-at-police/66734284007/,0.0028025841326777467
zlib,member,https://www.gadsdentimes.com/story/news/2022/04/29/gadsdens-youth-government-day/9568890002/,0.0022321536091579022
zlib,member,https://www.gadsdentimes.com/story/news/2022/04/18/funeral-today-former-state-senator-gadsden-attorney-larry-keener/7332497001/,0.002512016269337798
zlib,member,https://www.gadsdentimes.com/story/news/2022/06/01/commissioners-hold-special-called-meeting/7453931001/,0.001797669679566805
zlib,member,https://www.gadsdentimes.com/story/news/2022/07/02/east-alabama-residents-march-womens-reproductive-rights/7776398001/,0.0013228143095142416
zlib,member,https://www.gadsdentimes.com/story/news/2022/05/02/etowah-schools-dare-program-offers-evolving-lessons-changing-times/9585439002/,0.0016727097518107355
zlib,member,https://www.gadsdentimes.com/story/news/2022/05/30/piedmont-woman-charged-after-truck-crashes-into-mobile-home/9992603002/,0.004051114350751585
zlib,member,https://www.gadsdentimes.com/story/news/2022/08/05/horton-tameron-honda-etowah-co-boe-provide-sro-glencoe-elementary/10180890002/,0.002173569576452911
zlib,member,https://www.gadsdentimes.com/restricted/?return=https%3A%2F%2Fwww.gadsdentimes.com%2Fstory%2Fnews%2F2022%2F05%2F02%2Falabama-jail-escape-lauderdale-county-vicky-white-etowah-mario-centobie%2F9617830002%2F,0.00042304941648189573
zlib,member,https://www.gadsdentimes.com/story/news/2022/08/31/attalla-double-murder-case-expected-go-trial-january-joseph-randel-brown/65461894007/,0.002441073958427638
zlib,member,https://www.gadsdentimes.com/restricted/?return=https%3A%2F%2Fwww.gadsdentimes.com%2Fstory%2Fsports%2Fhigh-school%2Fsoftball%2F2022%2F05%2F16%2Fahsaa-high-school-baseball-state-championship-predictions%2F9763768002%2F,0.00042304941648189573
zlib,member,https://www.gadsdentimes.com/story/sports/college/football/2022/06/13/jacksonville-state-football-rod-smith-hired-offensive-coordinator/7612679001/,0.002609971147179901
zlib,member,https://www.gadsdentimes.com/story/sports/high-school/2022/05/16/etowah-baseball-catcher-tandem-among-best-ahsaa/9675598002/,0.0015546091205753331
zlib,member,https://www.gadsdentimes.com/story/news/2022/08/07/gadsden-city-etowah-county-attalla-school-systems-principals-list/10170783002/,0.0030095578546990146
zlib,member,https://www.gadsdentimes.com/story/news/2022/05/27/dna-search-angel-finds-relatives-through-genetic-genealogy/7396520001/,0.0010596012471428794
zlib,member,https://www.gadsdentimes.com/story/sports/high-school/basketball/2022/05/14/jacksonville-state-alex-odam-announces-commitment-twitter/9775934002/,0.002859171383993979
zlib,member,https://www.gadsdentimes.com/story/news/2022/09/06/bryant-man-killed-in-early-morning-crash-in-dekalb-county/65473968007/,0.004640952309119238
zlib,member,https://www.gadsdentimes.com/story/opinion/columns/2022/07/10/elaine-h-spearman-reflects-first-black-woman-supreme-court/7820558001/,0.001379702951409707
zlib,member,https://www.gadsdentimes.com/story/sports/high-school/basketball/2022/04/13/ahsaa-basketball-8-gadsden-area-players-selected-north-all-star-team/7300629001/,0.0028158929420020132
zlib,member,https://www.gadsdentimes.com/story/sports/high-school/2022/05/11/ahsaa-baseball-etowah-sweeps-hamilton-reach-state-championship/9675591002/,0.0015683153806779065
zlib,member,https://www.gadsdentimes.com/story/news/2022/06/07/etowah-republican-primary-vote-contests-heard-later-month/7530704001/,0.0022992276442921
zlib,member,https://www.gadsdentimes.com/story/sports/high-school/track-field/2022/05/06/ahsaa-track-and-field-westbrook-christians-carl-henry-breaks-shot-put-record/9679938002/,0.0032959261597127146
zlib,member,https://www.gadsdentimes.com/story/news/2022/07/21/gadsden-area-excessive-heat-warning-heat-advisory/10116415002/,0.001568058856460807
zlib,member,https://www.gadsdentimes.com/story/news/2022/06/15/chamber-gadsden-etowah-county-3-star-accreditation/7627609001/,0.0023328826353659275
zlib,member,https://www.gadsdentimes.com/story/news/2022/08/22/jacksonville-shooting-man-faces-manslaughter-charge-justin-racca/7867769001/,0.0030653564715684505
zlib,member,https://www.gadsdentimes.com/story/sports/college/baseball/2022/05/17/gadsden-state-names-blake-lewis-baseball-coach-athletic-director/9809700002/,0.0025614118691244807
zlib,member,https://www.gadsdentimes.com/story/news/local/2022/04/03/examinations-faith-spring-brings-holy-days-several-religions/7121578001/,0.001878937795682773
zlib,member,https://www.gadsdentimes.com/story/news/2022/07/05/when-harry-met-archie-wade/7772755001/,0.0012074412269734215
zlib,member,https://www.gadsdentimes.com/story/news/2022/04/29/lauderdale-county-co-and-capital-murder-suspect-missing/9592553002/,0.0017247439902666976
zlib,member,https://www.gadsdentimes.com/story/news/2022/06/10/etowah-county-extension-seeks-public-input-feedback/7558917001/,0.003037350711369619
zlib,member,https://www.gadsdentimes.com/story/sports/high-school/baseball/2022/05/06/ahsaa-soccer-leah-lewis-leads-southside-over-springville-6-a-playoffs/9589654002/,0.0013846097106009448
zlib,member,https://www.gadsdentimes.com/story/news/2022/05/06/commissioners-approve-partnership-gadsden-sardis-city/9616035002/,0.0017774893071154814
zlib,member,https://www.gadsdentimes.com/story/news/2022/04/21/albertville-man-charged-sex-crimes-going-investigation/7394034001/,0.002619340577041244
zlib,member,https://www.gadsdentimes.com/story/business/2022/07/11/gadsden-al-readers-choice-awards-voting-2022/10030579002/,0.0008662506522395463
zlib,member,https://www.gadsdentimes.com/story/news/2022/04/04/pet-week-april-4/7247344001/,0.006202587622654225
zlib,member,https://www.gadsdentimes.com/story/news/2022/07/13/gda-covid-19-state-2022-07-11-al-ntgt/65370467007/,0.00035065186251366406
zlib,member,https://www.gadsdentimes.com/story/news/2022/04/28/southside-police-make-arrest-stolen-cell-phone-card-fraud-case/9575057002/,0.00375758435301925
zlib,member,https://www.gadsdentimes.com/story/news/2022/05/05/one-dead-albertville-officer-involved-shooting/9666761002/,0.004208906444945957
zlib,member,https://www.gadsdentimes.com/story/opinion/columns/2022/05/29/elaine-harris-spearman-looks-memorial-day/9934132002/,0.0013248677960546586
zlib,member,https://www.gadsdentimes.com/story/news/2022/06/24/etowah-county-alabama-reacts-roe-v-wade-overturned/7702779001/,0.0014688344915322498
zlib,member,https://www.gadsdentimes.com/story/news/2022/05/09/alabamas-first-ever-ram-clinic-reports-successful-weekend/9614115002/,0.0016097264500919376
zlib,member,https://www.gadsdentimes.com/story/news/2022/09/02/city-of-gadsden-now-hiring-boosts-pay-offers-bonus-dispatchers/65461800007/,0.002103689086292525
zlib,member,https://www.gadsdentimes.com/story/news/2022/07/28/here-five-things-gadsden-city-council-considered-week/10161572002/,0.0024558694749404605
zlib,member,https://www.gadsdentimes.com/story/news/2022/07/13/commissioners-renew-water-treatment-programs-county/10037504002/,0.0020083872328662635
zlib,member,https://www.gadsdentimes.com/story/sports/high-school/football/2022/06/02/ahsaa-football-glencoe-hires-scott-martin-football-coach/7494292001/,0.0026653854045706393
zlib,member,https://www.gadsdentimes.com/story/sports/college/football/2022/08/25/jacksonville-state-football-fcs-fbs-playoff-eligible-postseason-2022/10329566002/,0.001992677305191334
zlib,member,https://www.gadsdentimes.com/story/news/2022/07/11/missing-hanceville-man-found-motorcycle-crash-cullman-county/10028121002/,0.0031495637185489705
zlib,member,https://www.gadsdentimes.com/story/news/2022/07/26/interstate-59-motorcycle-crash-glencoe-woman-killed-man-injured/10158001002/,0.003507851090676595
zlib,member,https://www.gadsdentimes.com/story/news/2022/06/13/hoke-bluff-theft-suspects-escape-kayak-ends-when-craft-flips/7614245001/,0.001825588575679137
zlib,member,https://www.gadsdentimes.com/story/opinion/letters/2022/08/08/letters-editor-new-supporters/10269030002/,0.0025611471998703696
zlib,member,https://www.gadsdentimes.com/story/news/2022/04/01/cherokee-crash-fatal-georgia-woman-car-hit-downed-tree-left-road/7249475001/,0.004153559193997858
zlib,member,https://www.gadsdentimes.com/story/sports/high-school/baseball/2022/04/18/ahsaa-sports-poll-gadsden-area-boys-high-school-athlete-week/7328896001/,0.0018533236442203204
zlib,member,https://www.gadsdentimes.com/story/news/2022/07/23/jacksonville-state-recognizes-haywoods-fountain-dedication/10099641002/,0.0021931825010255966
zlib,member,https://www.gadsdentimes.com/story/news/2022/07/01/4th-of-july-meaning-traditions-history/7776347001/,0.0013749416589158554
zlib,member,https://www.gadsdentimes.com/story/news/2022/07/08/keeping-delicious-backyard-cooked-food-safe-eat/7823978001/,0.0017858171772154497
zlib,member,https://www.gadsdentimes.com/story/news/2022/05/27/some-etowah-candidate-consider-challenging-vote-if-partys-certify/9943630002/,0.0009335577504483432
zlib,member,https://www.gadsdentimes.com/restricted/?return=https%3A%2F%2Fwww.gadsdentimes.com%2Fstory%2Fnews%2F2022%2F04%2F18%2Fcommunity-support-speaks-volumes-glencoe-family%2F7303903001%2F,0.0006455876791677979
zlib,member,https://www.gadsdentimes.com/story/opinion/columns/2022/08/13/john-floyd-looks-manufacturing-center-eyo-election/10280739002/,0.001137684408615444
zlib,member,https://www.gadsdentimes.com/story/news/politics/elections/local/2022/08/16/gadsden-district-7-city-council-2022-candidate-profiles/10219530002/,0.0009902077832702769
zlib,member,https://www.gadsdentimes.com/story/sports/high-school/football/2022/06/09/glencoe-football-coach-scott-martin-rebuilding-program-alabama-high-school/7530095001/,0.0014028282986994446
zlib,member,https://www.gadsdentimes.com/story/news/2022/06/12/gadsden-city-elections-qualifying-begins-tuesday-ends-june-28/7558525001/,0.0018616160836384783
zlib,member,https://www.gadsdentimes.com/story/opinion/columns/2022/07/24/voters-need-concerned-voting-power/10107188002/,0.0012489762815091564
zlib,member,https://www.gadsdentimes.com/story/news/2022/04/06/have-you-seen-missing-girl-etowah-sheriffs-office-wants-know/9492940002/,0.006039717115529076
zlib,member,https://www.gadsdentimes.com/story/lifestyle/columns/2022/06/09/postcard-collection-david-murdock-discusses-hobbby/7557610001/,0.0011702166381065049
zlib,member,https://www.gadsdentimes.com/story/news/2022/06/03/controlling-pests-damage-summer-crops-farming/7475604001/,0.001685926054208547
zlib,member,https://www.gadsdentimes.com/story/news/2022/06/23/fourth-july-events-northeast-alabama/7699078001/,0.001102083768674123
zlib,member,https://www.gadsdentimes.com/restricted/?return=https%3A%2F%2Fwww.gadsdentimes.com%2Fstory%2Fnews%2F2022%2F06%2F22%2Fold-gadsden-etowah-county-restaurants-people-miss%2F7665552001%2F,0.0009465055677502668
zlib,member,https://www.gadsdentimes.com/story/sports/high-school/baseball/2022/05/09/ahsaa-baseball-pairings-schedules-gadsden-area-teams-semifinals/9675952002/,0.0025163634987374834
zlib,member,https://www.gadsdentimes.com/story/sports/high-school/softball/2022/06/05/gadsden-area-players-2022-ahsaa-all-state-softball-teams/7499713001/,0.0003537918861961556
zlib,member,https://www.gadsdentimes.com/story/news/2022/06/15/fathers-day-2022-five-facts-history-tradition-honoring-dad/9908482002/,0.003285417968856789
zlib,member,https://www.gadsdentimes.com/story/lifestyle/columns/2022/06/23/david-murdock-looks-high-price-of-well-everything/7701403001/,0.001087429266083949
zlib,member,https://www.gadsdentimes.com/restricted/?return=https%3A%2F%2Fwww.gadsdentimes.com%2Fstory%2Fnews%2F2022%2F04%2F15%2Fgadsden-commercial-projects-where-do-they-stand%2F7294040001%2F,0.0006455876791677979
zlib,member,https://www.gadsdentimes.com/story/news/2022/08/09/here-five-things-gadsden-city-council-considered-week/10268160002/,0.0014535922407972553
zlib,member,https://www.gadsdentimes.com/story/lifestyle/columns/2022/08/18/david-murdock-on-the-changing-meaning-of-words/10348047002/,0.0010296414175896813
zlib,member,https://www.gadsdentimes.com/story/news/2022/06/06/25-years-day-action-june/7468442001/,0.0017701168745678194
zlib,member,https://www.gadsdentimes.com/restricted/?return=https%3A%2F%2Fwww.gadsdentimes.com%2Fstory%2Fsports%2Fhigh-school%2Fsoftball%2F2022%2F05%2F25%2Fahsaa-softball-best-moments-bold-predictions-gadsden-area%2F9868059002%2F,0.0006835451458833184
zlib,member,https://www.gadsdentimes.com/restricted/?return=https%3A%2F%2Fwww.gadsdentimes.com%2Fstory%2Fsports%2Fhigh-school%2Fbaseball%2F2022%2F06%2F23%2Fetowah-county-high-school-baseball-all-teams-2022-season-alabama%2F7648985001%2F,0.0006617710710222637
zlib,member,https://www.gadsdentimes.com/story/sports/college/football/2022/04/09/jacksonville-state-football-quarterback-zion-webb-building-connection-pj-wells/9497481002/,0.0013082640526677488
zlib,member,https://www.gadsdentimes.com/story/news/crime/2022/08/28/betty-wilson-case-books-tv-true-crime-series-podcasts-murder/10312258002/,0.0019761130319923903
zlib,member,https://www.gadsdentimes.com/story/news/2022/05/31/gadsden-dentists-become-first-father-son-duo-awarded-uab-alumni-awards/9924835002/,0.002707205538341985
zlib,member,https://www.gadsdentimes.com/story/news/2022/07/18/rainbow-city-names-holderfield-interim-police-chief-commends-officers/10049476002/,0.0015007064357131638
zlib,member,https://www.gadsdentimes.com/restricted/?return=https%3A%2F%2Fwww.gadsdentimes.com%2Fstory%2Fnews%2F2022%2F05%2F17%2Fcorrections-officers-inmate-interaction-red-flags-casey-vicky-white%2F9779052002%2F,0.000698308300125364
zlib,member,https://www.gadsdentimes.com/story/news/2022/04/20/gadsden-council-oks-incentives-grocery-store-gadsden-mall/7373977001/,0.0017357888650739969
zlib,member,https://www.gadsdentimes.com/story/news/2022/04/22/guilty-capital-murder-verdict-delivered-2016-riddles-bend-case/7411256001/,0.0013036141443994562
zlib,member,https://www.gadsdentimes.com/story/news/2022/06/11/rainbow-city-man-dead-after-friday-night-rampage-identified/7592658001/,0.0017830043226398284
zlib,member,https://www.gadsdentimes.com/story/news/2022/09/17/alabama-governor-kay-ivey-bankston-motor-homes-opens-new-sales-service-facility-in-attalla/69498067007/,0.0026266953460347157
zlib,member,https://www.gadsdentimes.com/story/news/2022/07/15/extension-launches-farming-basics-podcast/10043876002/,0.00271695560139691
zlib,member,https://www.gadsdentimes.com/story/news/2022/06/09/etowah-county-commissioners-vote-no-help-board-registrars/7553009001/,0.0012052710687796794
zlib,member,https://www.gadsdentimes.com/story/sports/high-school/baseball/2022/04/19/piedmont-baseball-21-game-winning-streak-going-into-ahsaa-playoffs/9513771002/,0.0012323598950099704
zlib,member,https://www.gadsdentimes.com/story/sports/high-school/baseball/2022/05/16/ahsaa-baseball-piedmont-takes-game-1-class-3-a-state-championship-series/9763871002/,0.0014980633169428379
zlib,member,https://www.gadsdentimes.com/story/news/2022/06/01/press-issues-delay-wednesday-print-edition/7465381001/,0.011552318866121852
zlib,member,https://www.gadsdentimes.com/story/news/2022/05/04/commissioners-announce-rainbow-city-mega-site-partnership/9616040002/,0.0011833896577635472
zlib,member,https://www.gadsdentimes.com/story/news/2022/08/18/art-music-storytelling-event-mentone/10342954002/,0.002470150548523889
zlib,member,https://www.gadsdentimes.com/story/news/2022/08/16/gadsden-trolley-service-polls-election-day/10329051002/,0.003158102547697788
zlib,member,https://www.gadsdentimes.com/story/news/2022/04/08/aderholt-asking-questions-etowah-detainee-removal/9499634002/,0.001900817567007836
zlib,member,https://www.gadsdentimes.com/story/news/2022/05/30/southside-rainbow-city-firefighters-search-man-coosa-river/9996191002/,0.004887392668330467
zlib,member,https://www.gadsdentimes.com/story/sports/high-school/track-field/2022/05/03/ahsaa-track-and-field-etowah-county-state-qualifiers/9616706002/,0.0008229687617626961
zlib,member,https://www.gadsdentimes.com/story/news/2022/06/13/attalla-fire-allows-gadsden-fire-department-assistance/7596231001/,0.0028117961334760255
zlib,member,https://www.gadsdentimes.com/story/news/2022/07/14/alabama-power-customers-start-seeing-increased-bills-august/10048555002/,0.0017478768248910476
zlib,member,https://www.gadsdentimes.com/videos/news/2022/05/03/lauderdale-county-jailer-vicky-white-leaving-jail-casey-white-alabama-video/9636719002/,0.011029483934653063
zlib,member,https://www.gadsdentimes.com/story/news/2022/04/17/gadsden-leaders-hear-pitch-city-subsidized-spay-neuter-program/7304969001/,0.0014305351236958135
zlib,member,https://www.gadsdentimes.com/story/news/2022/07/01/second-etowah-county-tomato-taste-off-july-9/7776227001/,0.0022684906618643083
zlib,member,https://www.gadsdentimes.com/story/news/2022/04/01/frank-helderman-jr-obituary/7234326001/,0.0015374402539003074
zlib,member,https://www.gadsdentimes.com/story/news/2022/08/02/gadsden-airport-authority-must-answer-open-meetings-violation-claims/10200383002/,0.001409618444270782
zlib,member,https://www.gadsdentimes.com/story/news/2022/09/09/events-of-911-to-be-remembered-in-ceremony-sunday-gadsden/66947458007/,0.006127571571574918
zlib,member,https://www.gadsdentimes.com/story/news/2022/06/22/lgbtq-gadsden-youth-encouraged-participate-pride-celebration/7692854001/,0.0017995177213498826
zlib,member,https://www.gadsdentimes.com/story/news/2022/08/25/sand-mountain-park-albertville-alabama-largest-outdoor-ice-rink-coming/7869419001/,0.0021169697988039317
zlib,member,https://www.gadsdentimes.com/story/news/2022/06/09/police-incident-walnut-park-school/7567393001/,0.00336365901970092
zlib,member,https://www.gadsdentimes.com/story/opinion/columns/2022/05/28/john-f-floyd-looks-memorial-day/9961254002/,0.0011552229082955677
zlib,member,https://www.gadsdentimes.com/story/news/2022/06/02/gadsden-moves-forward-lease-ida-venue-expansion-project/7467697001/,0.0016511339827096204
zlib,member,https://www.gadsdentimes.com/story/news/2022/08/01/travel-chance-see-country-meet-people/10183825002/,0.0013145235923754193
zlib,member,https://www.gadsdentimes.com/story/news/2022/07/09/lions-club-city-election-forum-july-18/10017607002/,0.004565420482348703
zlib,member,https://www.gadsdentimes.com/story/sports/college/2022/09/10/jacksonville-state-football-vs-murray-state-score-live-updates/65471896007/,0.004490141337280329
zlib,member,https://www.gadsdentimes.com/story/news/2022/06/06/jsu-marching-southerners-prepare-d-day-2024/7533664001/,0.0027830542017919097
zlib,member,https://www.gadsdentimes.com/story/news/2022/04/21/gscc-theater-production-debuts/7395127001/,0.001475422914839479
zlib,member,https://www.gadsdentimes.com/story/news/2022/05/01/lauderdale-county-jail-inmate-escape-corrections-officer-case-reward-offered/9609347002/,0.0014898540999376871
zlib,member,https://www.gadsdentimes.com/story/news/2022/04/22/preparations-underway-alabamas-first-ram-clinic/7363290001/,0.002086447560907409
zlib,member,https://www.gadsdentimes.com/story/sports/high-school/softball/2022/05/23/ahsaa-vote-athlete-week-gadsden-area-may-16-22/9867986002/,0.0017216153902080676
zlib,member,https://www.gadsdentimes.com/story/news/2022/08/05/only-drill-attalla-police-training-friday-attalla-elementary/10245465002/,0.005471524097519243
zlib,member,https://www.gadsdentimes.com/story/lifestyle/columns/2022/08/04/david-murdock-contemplates-brand-loyalty/10228524002/,0.0011453711619393105
zlib,member,https://www.gadsdentimes.com/story/news/2022/08/31/labor-day-2022-gadsden-art-music-more-to-kick-off-weekend/65462257007/,0.002243579873899727
zlib,member,https://www.gadsdentimes.com/story/news/2022/07/11/etowah-county-man-killed-hit-and-run-sardis/10028925002/,0.003320989428517194
zlib,member,https://www.gadsdentimes.com/story/news/2022/08/02/prepare-high-temperatures-gadsdens-upcoming-first-friday/10207208002/,0.002297069725415899
zlib,member,https://www.gadsdentimes.com/story/sports/high-school/softball/2022/05/07/ahsaa-softball-schedules-and-pairings-central-regional-albertville/9676010002/,0.0011601248712963966
zlib,member,https://www.gadsdentimes.com/story/news/2022/08/16/atttalla-city-council-dangerous-animals-exotic-pets-cruelty-camp-sibert-neighborhood/10327306002/,0.0015789307954222947
zlib,member,https://www.gadsdentimes.com/story/sports/2022/04/21/ground-broken-westbrook-athletic-facility/7358645001/,0.001605029330764875
zlib,member,https://www.gadsdentimes.com/story/news/2022/06/29/sylacauga-man-dies-after-motorcycle-hits-deer-dekalb-county-crash/7771519001/,0.004965507276882339
zlib,member,https://www.gadsdentimes.com/story/news/2022/07/01/water-park-near-gadsden-al-offer-fun-family-albertville-cullman/7765206001/,0.0015712559607015807
zlib,member,https://www.gadsdentimes.com/story/sports/high-school/basketball/2022/05/27/john-broom-mississippi-state-clemson-basketball-recruiting-cade-phillips-tennessee/9949373002/,0.0017195510011971575
zlib,member,https://www.gadsdentimes.com/story/sports/high-school/baseball/2022/05/18/ahsaa-baseball-mobile-christian-defeats-etowah-win-class-4-a-state-championship/9763925002/,0.001630896771739726
zlib,member,https://www.gadsdentimes.com/story/news/2022/05/18/downtown-dance-conservatory-presents-sleeping-beauty-weekend/9811458002/,0.0038162378765091063
zlib,member,https://www.gadsdentimes.com/story/news/2022/06/01/boaz-police-vehicle-hit-during-traffic-stop-causes-minor-injuries/7470193001/,0.001694109143560671
zlib,member,https://www.gadsdentimes.com/story/news/2022/09/09/kings-olive-oil-gadsden-al-earns-alabama-retailer-of-year-award/67029250007/,0.001542094960139112
zlib,member,https://www.gadsdentimes.com/story/news/2022/05/03/new-posters-reward-u-s-marshals-lauderdale-escape-case/9623944002/,0.0013070316163738987
zlib,member,https://www.gadsdentimes.com/story/news/2022/04/12/free-gas-bowling-tap-weekend-via-smith-new-destiny/7293620001/,0.002674961434338165
zlib,member,https://www.gadsdentimes.com/story/news/politics/elections/local/2022/09/14/gadsden-mayoral-contenders-debate-thursday-ahead-runoff/69492115007/,0.0024285954115577054
zlib,member,https://www.gadsdentimes.com/story/news/2022/08/05/back-school-gadsden-city-system/10163084002/,0.001279416835103512
zlib,member,https://www.gadsdentimes.com/story/news/2022/07/29/gscc-advanced-manufacturing-center-gets-green-light/10174941002/,0.0009239713184583826
zlib,member,https://www.gadsdentimes.com/story/news/2022/04/13/smoke-falls-2022-results/7283228001/,0.0025282579579539166
zlib,member,https://www.gadsdentimes.com/story/news/2022/06/13/st-clair-crash-injured-state-trooper-other-driver-59/7616480001/,0.004287762918636087
zlib,member,https://www.gadsdentimes.com/story/sports/college/football/2022/08/25/jacksonville-state-football-how-watch-rich-rodriguezs-debut/10319162002/,0.0025680469619255497
zlib,member,https://www.gadsdentimes.com/story/news/politics/elections/local/2022/08/11/gadsden-district-3-board-education-2022-meet-candidates-q-a/10149122002/,0.002205484850936363
zlib,member,https://www.gadsdentimes.com/story/news/2022/05/02/warrant-issued-alabama-officer-vicky-white-orchestrated-escape-inmate-casey-white/9616341002/,0.0010898854355102505
zlib,member,https://www.gadsdentimes.com/story/news/2022/09/16/change-coming-in-sports-project-leadership-as-field-work-continues/69495285007/,0.0017605637385263125
zlib,member,https://www.gadsdentimes.com/story/news/2022/04/22/dgi-hosts-biennial-meeting/7363286001/,0.001110475125949621
zlib,member,https://www.gadsdentimes.com/story/news/2022/07/29/worlds-longest-yard-sale-2022-august-gadsden-etowah-county/10116714002/,0.0014825927327502026
zlib,member,https://www.gadsdentimes.com/story/sports/nfl/2022/06/06/chicago-bears-q-a-receiver-darnell-mooney-football-camp/9968417002/,0.0009188077376191479
zlib,member,https://www.gadsdentimes.com/story/sports/2022/04/02/gadsdens-mathis-earns-spot-softball-hof/7251894001/,0.0039063208803142195
zlib,member,https://www.gadsdentimes.com/story/news/2022/08/09/gsccs-advanced-manufacturing-center-and-its-impact-career-training/10213248002/,0.0009973872282133792
zlib,member,https://www.gadsdentimes.com/story/news/2022/08/19/rainsville-spill-cleanup-continues-truck-leaked-peracetic-acid-dekalb-county/7843229001/,0.0033774882411283544
zlib,member,https://www.gadsdentimes.com/story/news/2022/04/12/what-happens-when-animal-stays-shelter-long-time/9472550002/,0.0009914665502973228
zlib,member,https://www.gadsdentimes.com/story/news/2022/07/08/theatre-gadsdens-big-river-bring-laughs-and-lessons-ritz/10005817002/,0.001142251951315881
zlib,member,https://www.gadsdentimes.com/story/news/2022/04/01/etowah-fires-blazes-keener-area-attalla-scorch-some-386-acres/7229193001/,0.002314304329375286
zlib,member,https://www.gadsdentimes.com/story/news/2022/04/08/albertville-police-seek-motive-fatal-shooting-thursday-afternoon/9512132002/,0.0025629678199101938
zlib,member,https://www.gadsdentimes.com/story/news/2022/08/10/painting-gadsden-blue-child-abuse-awareness-month/10268114002/,0.001682045636034435
zlib,member,https://www.gadsdentimes.com/story/news/2022/07/14/gadsden-man-32-killed-motorcycle-crash-monday-noccalula-road/10061269002/,0.003560851705267113
zlib,member,https://www.gadsdentimes.com/story/sports/high-school/baseball/2022/04/30/ahsaa-baseball-trace-thomson-leads-etowah-past-westminster-christian/7383260001/,0.001365681171122627
zlib,member,https://www.gadsdentimes.com/story/news/2022/04/14/etowah-veterans-board-needed-manage-property-donated-wwii-vets/7296731001/,0.0030890050044648587
zlib,member,https://www.gadsdentimes.com/story/sports/high-school/football/2022/05/25/ahsaa-football-sardis-football-coach-gene-hill-steps-down/9924188002/,0.001821229983759146
zlib,member,https://www.gadsdentimes.com/story/news/politics/elections/2022/05/20/house-29-candidates-mark-gidley-and-jamie-grant-answer-questions/9861992002/,0.0010455842464579615
zlib,member,https://www.gadsdentimes.com/story/news/2022/07/09/reward-offered-july-5-slaying-gadsden/10013863002/,0.0019528076264599388
zlib,member,https://www.gadsdentimes.com/story/news/2022/07/04/pet-week-july-4/7789158001/,0.005756364865809484
zlib,member,https://www.gadsdentimes.com/story/opinion/columns/guest/2022/09/02/rendering-plant-fight-was-about-economics/65470516007/,0.001407908424190551
zlib,member,https://www.gadsdentimes.com/story/news/2022/07/19/etowah-investigators-charge-georgia-man-child-porn-other-charges/10097539002/,0.002950497728758734
zlib,member,https://www.gadsdentimes.com/story/news/2022/08/12/hsprac-partners-petco-new-adoption-initiative/10278299002/,0.0026288657291932633
zlib,member,https://www.gadsdentimes.com/story/opinion/columns/2022/09/04/elaine-harris-spearman-says-people-should-get-energized-to-vote/65464158007/,0.0016191328122952483
zlib,member,https://www.gadsdentimes.com/story/opinion/columns/2022/08/06/john-floyd-discusses-open-records-suit-against-airport-authority/10223765002/,0.0014118766497176229
zlib,member,https://www.gadsdentimes.com/story/news/2022/05/20/4-h-chick-chain-program/9837719002/,0.002523916279092231
zlib,member,https://www.gadsdentimes.com/story/news/2022/05/06/crash-etowah-county-closes-one-southbound-lane-59/9680283002/,0.006700492608526814
zlib,member,https://www.gadsdentimes.com/story/news/2022/07/22/alabama-weather-how-aware-and-prepared-heat/10107165002/,0.0015595051860124265
zlib,member,https://www.gadsdentimes.com/story/news/2022/09/12/motorcycle-crash-results-in-mans-death/69486366007/,0.005546298693234262
zlib,member,https://www.gadsdentimes.com/story/news/2022/08/20/alabama-troopers-wrecks-kill-steele-woman-hanceville-man/7854694001/,0.00302786586501596
zlib,member,https://www.gadsdentimes.com/story/news/2022/05/27/woman-learns-father-finds-sister-through-dna-search-angel/7396489001/,0.0015803440541482363
zlib,member,https://www.gadsdentimes.com/story/lifestyle/columns/2022/04/10/david-murdock-looks-memory-and-perception/9489149002/,0.0011230410124524603
zlib,member,https://www.gadsdentimes.com/story/news/2022/07/15/calhoun-county-crash-claims-life-florida-truck-driver/10066705002/,0.004718733889288965
zlib,member,https://www.gadsdentimes.com/story/news/2022/05/18/etowah-county-graduation-ceremonies-times-and-dates/9795232002/,0.0034329400682058244
zlib,member,https://www.gadsdentimes.com/story/lifestyle/columns/2022/04/03/david-murdocks-tales-front-porch/7217284001/,0.0013204521251891695
zlib,member,https://www.gadsdentimes.com/story/opinion/columns/2022/06/19/elaine-harris-spearman-fathers-day/7627727001/,0.0012800027403648833
zlib,member,https://www.gadsdentimes.com/story/opinion/columns/2022/07/09/john-floyd-looks-foia-info-rendering-plant/7823495001/,0.0013564732641377704
zlib,member,https://www.gadsdentimes.com/story/opinion/columns/2022/08/07/gadsden-needs-drum-major-and-backing-band/10219345002/,0.0011973493174331563
zlib,member,https://www.gadsdentimes.com/story/news/2022/04/26/guilty-verdict-delivered-quickly-after-witnesses-detail-2016-slaying/7418243001/,0.0008905409909507714
zlib,member,https://www.gadsdentimes.com/story/news/2022/08/28/learn-how-safely-cope-farm-equipment-roads/7837654001/,0.0023369824442012748
zlib,member,https://www.gadsdentimes.com/story/news/politics/elections/2022/05/19/etowah-county-sheriff-primary-candidates-jonathon-horton-leonard-kiser/9822249002/,0.0008219974697381471
zlib,member,https://www.gadsdentimes.com/story/sports/2022/06/23/roberta-alison-baumgardner-mens-tennis-title-ix-female-athletes/9838951002/,0.00219822505292891
zlib,member,https://www.gadsdentimes.com/story/news/2022/07/14/donaldson-prison-death-calvin-turner-gadsden-serving-sentence-1988-murder-case/10042345002/,0.0022599708304106665
zlib,member,https://www.gadsdentimes.com/story/news/2022/05/22/shooting-pell-city-results-four-dead/9884896002/,0.0031827476978958553
zlib,member,https://www.gadsdentimes.com/story/news/2022/08/08/gadsden-gscc-sports-park-phase-1-ribbon-cutting/10218631002/,0.0025027961032233607
zlib,member,https://www.gadsdentimes.com/story/news/2022/05/04/aldot-director-said-759-connector-project-take-five-years/9643103002/,0.002184116045464049
zlib,member,https://www.gadsdentimes.com/story/news/2022/04/07/fake-officer-stops-vehicle/9494841002/,0.0033295486315394348
zlib,member,https://www.gadsdentimes.com/story/news/politics/elections/2022/05/19/etowah-county-primary-commission-district-4-tim-ramsey-jeff-overstreet/9823125002/,0.0007535110854332509
zlib,member,https://www.gadsdentimes.com/story/lifestyle/columns/2022/05/26/david-murdock-looks-memorial-day/9933759002/,0.0012087634470077477
zlib,member,https://www.gadsdentimes.com/story/news/2022/07/21/etowah-county-sports-complex-fields-should-ready-october/10085321002/,0.001122667507752486
zlib,member,https://www.gadsdentimes.com/story/news/2022/05/28/applications-cooling-assistance-program-open-next-month/9958861002/,0.0017596881686199725
zlib,member,https://www.gadsdentimes.com/story/sports/high-school/soccer/2022/05/02/poll-gadsden-area-girls-high-school-athlete-week-voting/9589568002/,0.0014914103873590846
zlib,member,https://www.gadsdentimes.com/story/news/2022/04/09/car-crash-dekalb-county-ider-alabama-two-killed-alea/9526905002/,0.003991583010548354
zlib,member,https://www.gadsdentimes.com/story/news/2022/07/12/casey-white-charged-murder-vicky-whites-death/10038394002/,0.0013534027865972275
zlib,member,https://www.gadsdentimes.com/story/news/2022/04/19/etowah-absentee-voting-may-primary-how-apply-what-deadlines/7355874001/,0.0014672059057250202
zlib,member,https://www.gadsdentimes.com/story/sports/college/2022/08/25/jacksonville-state-football-stephen-f-austin-spying-coach-rich-rodriguez/65419151007/,0.003866587195025692
zlib,member,https://www.gadsdentimes.com/story/news/2022/08/15/covid-etowah-county-al-cases-surge/65403383007/,0.00043203054605259655
zlib,member,https://www.gadsdentimes.com/story/sports/high-school/soccer/2022/04/08/ahsaa-boys-soccer-four-southside-players-fasting-during-ramadan/9506355002/,0.0013634849118301312
zlib,member,https://www.gadsdentimes.com/story/lifestyle/columns/2022/07/22/david-murdock-choosing-words-look-sound-right/10120498002/,0.0011743753733565682
zlib,member,https://www.gadsdentimes.com/story/news/2022/06/03/atv-crash-claims-life-sylacauga-teenager/7502496001/,0.0033589983292745406
zlib,member,https://www.gadsdentimes.com/story/news/2022/07/15/sardis-city-fatal-hit-and-run-warrant-issued-man/10068055002/,0.003132375481417005
zlib,member,https://www.gadsdentimes.com/story/sports/high-school/softball/2022/05/17/ahsaa-sports-top-performers-gadsden-area-baseball-softball-championships/9763936002/,0.002445844851479871
zlib,member,https://www.gadsdentimes.com/story/news/2022/08/22/gadsden-al-covid-cases-death-tracker/65413138007/,0.0004196857365639967
zlib,member,https://www.gadsdentimes.com/story/news/2022/05/24/georgia-woman-succumbs-injuries-dekalb-county-motorcycle-crash/9915397002/,0.0044172160716583276
zlib,member,https://www.gadsdentimes.com/story/news/2022/04/21/centre-man-charged-murder-another-sought-georgia-mans-death/7394106001/,0.002928308603588646
zlib,member,https://www.gadsdentimes.com/story/news/2022/09/13/from-land-or-riverbank-enjoy-a-free-showing-of-jaws-saturday-night/69486393007/,0.0031095982205168477
zlib,member,https://www.gadsdentimes.com/story/news/2022/06/21/walnut-gallery-renovations-underway-should-completed-july/7634994001/,0.0016300356462721568
zlib,member,https://www.gadsdentimes.com/story/news/2022/07/04/calhoun-county-kidnap-victim-rescued-subject-sought/7806904001/,0.001733972406478131
zlib,member,https://www.gadsdentimes.com/story/news/2022/07/14/five-year-old-dies-after-being-hit-vehicle-gadsden/10057076002/,0.004784761616990924
zlib,member,https://www.gadsdentimes.com/story/sports/high-school/baseball/2022/04/26/poll-gadsden-area-boys-high-school-athlete-third-week-april/7383221001/,0.001663433281223141
zlib,member,https://www.gadsdentimes.com/story/news/2022/08/30/purple-onion-new-eatery-is-opening-slowly-working-to-get-fully-staffed/7879570001/,0.002002508634383998
zlib,member,https://www.gadsdentimes.com/story/news/2022/07/21/etowah-county-sell-warehouse-thomas-drive-buy-baker-tire-site/10097908002/,0.002926842822240203
zlib,member,https://www.gadsdentimes.com/story/news/2022/08/04/covid-cases-increase-students-head-back-school/10231486002/,0.0008970747330107291
zlib,member,https://www.gadsdentimes.com/story/sports/college/baseball/2022/08/15/alabama-state-associate-ad-fred-sington-q-a-hbcu/10271906002/,0.0010634870104966872
zlib,nonmember,https://www.gadsdentimes.com/story/news/politics/elections/local/2022/09/16/profile-of-gadsden-mayoral-contender-craig-ford/69492534007/,0.0006151886887707846
zlib,nonmember,https://www.gadsdentimes.com/story/opinion/columns/2022/07/23/john-floyd-gets-up-close-look-blue-angels/10107181002/,0.0012785659161732288
zlib,nonmember,https://www.gadsdentimes.com/story/news/2022/06/14/grmc-unveils-new-childbirth-technology/7582948001/,0.0018865171921460362
zlib,nonmember,https://www.gadsdentimes.com/story/news/2022/05/09/gscc-valley-street-campus-honors-dr-gertie-lowe/9630413002/,0.0014898145679496124
zlib,nonmember,https://www.gadsdentimes.com/story/news/2022/09/17/alabama-211-closed-scenic-drive-i-59-monday-water-work/69498877007/,0.00735798214248906
zlib,nonmember,https://www.gadsdentimes.com/story/news/2022/08/04/gadsden-city-school-board-names-assistant-superintendent/10226289002/,0.0024862785539648343
zlib,nonmember,https://www.gadsdentimes.com/story/news/2022/08/17/democrats-host-discussion-debate-4th-district-issues-gadsden/10351651002/,0.006030815209067469
zlib,nonmember,https://www.gadsdentimes.com/story/news/2022/06/02/marshall-county-probe-leads-cos-arrest-drug-contraband-charges/7489335001/,0.002543400736809531
zlib,nonmember,https://www.gadsdentimes.com/story/news/2022/08/05/etowah-county-4-h-kicks-off-busy-year/10228629002/,0.0018632017444967417
zlib,nonmember,https://www.gadsdentimes.com/story/sports/high-school/2022/09/10/gadsdens-top-high-school-football-and-volleyball-performances-week-3/65471881007/,0.001617790833523608
zlib,nonmember,https://www.gadsdentimes.com/restricted/?return=https%3A%2F%2Fwww.gadsdentimes.com%2Fstory%2Fsports%2Fhigh-school%2Fsoftball%2F2022%2F05%2F09%2Fahsaa-softball-gadsden-area-players-watch-regionals%2F9675505002%2F,0.00042304941648189573
zlib,nonmember,https://www.gadsdentimes.com/story/news/2022/06/06/etowah-commission-race-contest-state-democrats-may-decide/7513880001/,0.0009652619586597389
zlib,nonmember,https://www.gadsdentimes.com/story/sports/high-school/baseball/2022/06/12/ahsaa-gadsden-area-players-named-2022-all-state-baseball-teams/7506130001/,0.00034208317703260285
zlib,nonmember,https://www.gadsdentimes.com/story/news/2022/05/25/ballot-issue-impacts-primary-elections/9924046002/,0.001402197252130865
zlib,nonmember,https://www.gadsdentimes.com/story/news/2022/04/26/eura-brown-celebrates-return-serendipity-day/7439684001/,0.0014382242999979144
zlib,nonmember,https://www.gadsdentimes.com/story/news/2022/06/21/national-guard-gaa-city-gadsden-say-runway-lengthened/7681717001/,0.0021483105999616447
zlib,nonmember,https://www.gadsdentimes.com/story/news/2022/04/18/talladega-man-killed-sunday-night-atv-crash/7354904001/,0.0037654028174319803
zlib,nonmember,https://www.gadsdentimes.com/story/lifestyle/columns/2022/07/15/david-murdock-discusses-his-love-crosswords/10059842002/,0.0011792845760570786
zlib,nonmember,https://www.gadsdentimes.com/story/news/2022/08/12/gadsden-alabama-firefighter-lawsuit-pay-violations-fire-department/10297492002/,0.0013870955728548322
zlib,nonmember,https://www.gadsdentimes.com/story/news/2022/04/15/calhoun-county-school-bus-crash-probed-no-injures-reported/7325188001/,0.00515198949793975
zlib,nonmember,https://www.gadsdentimes.com/story/news/2022/07/13/gadsden-doctor-murray-riggins-dies-67/10030691002/,0.0015263654117718814
zlib,nonmember,https://www.gadsdentimes.com/story/sports/high-school/baseball/2022/05/02/ahsaa-baseball-pairings-schedules-gadsden-area-teams/9614482002/,0.0023522213824128317
zlib,nonmember,https://www.gadsdentimes.com/story/news/2022/06/24/best-practices-home-canning/7701778001/,0.0022239346980169163
zlib,nonmember,https://www.gadsdentimes.com/story/news/2022/08/18/rainsville-al-crash-truck-overturns-hazmat-spill-detours-dekalb-county/7834668001/,0.0027544085001338903
zlib,nonmember,https://www.gadsdentimes.com/story/news/2022/05/09/craig-pruett-home-after-269-days-hospitalized-covid-19/9700479002/,0.0007827441949876988
zlib,nonmember,https://www.gadsdentimes.com/restricted/?return=https%3A%2F%2Fwww.gadsdentimes.com%2Fstory%2Fsports%2Fhigh-school%2Fbaseball%2F2022%2F04%2F18%2Fahsaa-baseball-18-gadsden-area-players-watch-first-round-playoffs%2F7328897001%2F,0.0006455876791677979
zlib,nonmember,https://www.gadsdentimes.com/story/sports/college/baseball/2022/04/01/college-baseball-eastern-kentucky-end-jacksonville-states-winning-streak/7245276001/,0.001842272786682807
zlib,nonmember,https://www.gadsdentimes.com/story/news/2022/08/26/girl-injured-in-dog-attack-wednesday-in-north-gadsden/65458390007/,0.004848304066037521
zlib,nonmember,https://www.gadsdentimes.com/restricted/?return=https%3A%2F%2Fwww.gadsdentimes.com%2Fstory%2Fnews%2F2022%2F06%2F23%2Fhow-folk-af-became-rock-solid-staple-community%2F7608734001%2F,0.0006617710710222637
zlib,nonmember,https://www.gadsdentimes.com/story/opinion/columns/2022/04/24/us-needs-people-willing-explore-diverse-careers/7385669001/,0.0014685120465299834
zlib,nonmember,https://www.gadsdentimes.com/story/sports/college/football/2022/04/09/jacksonville-state-football-first-spring-game-takes-place-under-rich-rodriguez/7244650001/,0.0012637385409677586
zlib,nonmember,https://www.gadsdentimes.com/story/news/2022/05/02/steele-dragway-incident-kills-one-man-injures-another-person/9621596002/,0.004557867518310609
zlib,nonmember,https://www.gadsdentimes.com/story/news/2022/05/11/house-district-28-candidate-mack-butler-finds-mapping-error/9716340002/,0.0012198976370600273
zlib,nonmember,https://www.gadsdentimes.com/story/opinion/columns/2022/04/02/taxpayers-need-answers-airport/7210362001/,0.001307569093868018
zlib,nonmember,https://www.gadsdentimes.com/story/lifestyle/columns/2022/06/16/fathers-day-gadsden-times-columnist-takes-look/7633446001/,0.0011544530820853506
zlib,nonmember,https://www.gadsdentimes.com/story/news/2022/08/01/desoto-state-park-georgia-man-outdoor-enthusiast-drowns/10201587002/,0.00293424587473835
zlib,nonmember,https://www.gadsdentimes.com/story/news/2022/06/13/lowe-brothers-serving-learning-together-navy-facility-florida/7557434001/,0.0019596999152438487
zlib,nonmember,https://www.gadsdentimes.com/story/news/2022/04/08/galilees-robinson-mark-milestones/9477157002/,0.004104432020025201
zlib,nonmember,https://www.gadsdentimes.com/story/sports/college/softball/2022/04/06/college-softball-alabama-jacksonville-state-softball-canceled/9483634002/,0.0024500031440777507
zlib,nonmember,https://www.gadsdentimes.com/restricted/?return=https%3A%2F%2Fwww.gadsdentimes.com%2Fstory%2Fsports%2Fhigh-school%2Fbaseball%2F2022%2F04%2F09%2Fahsaa-sports-gadsden-area-high-school-top-performers-second-week-april%2F9513782002%2F,0.0006455876791677979
zlib,nonmember,https://www.gadsdentimes.com/story/news/politics/elections/2022/05/24/alabama-primary-election-2022-results-house-district-28-mack-butler/9860478002/,0.004500271977695188
zlib,nonmember,https://www.gadsdentimes.com/story/news/2022/06/24/over-2-000-volunteer-hours-logged-during-day-action/7711660001/,0.0021968895875262586
zlib,nonmember,https://www.gadsdentimes.com/story/news/2022/05/29/southside-police-check-security-cameras-signs-stolen-truck/9963212002/,0.0028770461628644718
zlib,nonmember,https://www.gadsdentimes.com/story/news/2022/04/20/gadsden-airport-authority-asks-city-400-000-pay-legal-fees/7377033001/,0.0013520887837709986
zlib,nonmember,https://www.gadsdentimes.com/story/opinion/columns/2022/07/30/john-f-floyd-discusses-need-economic-development/10177673002/,0.0012218466960383836
zlib,nonmember,https://www.gadsdentimes.com/story/news/2022/09/15/guntersville-man-charged-with-aggravated-assault-shooting-of-brother-alabama/69487861007/,0.003920868484044735
zlib,nonmember,https://www.gadsdentimes.com/story/news/2022/04/17/search-continues-gadsden-person-believed-drowned-coosa-river/7347537001/,0.0027815257223316996
zlib,nonmember,https://www.gadsdentimes.com/story/news/2022/06/29/gadsden-state-rn-program-first-its-kind-state-alabama/7728443001/,0.0013447880837584357
zlib,nonmember,https://www.gadsdentimes.com/story/opinion/columns/2022/05/01/respecting-rights-others/9554136002/,0.001401127185192131
zlib,nonmember,https://www.gadsdentimes.com/restricted/?return=https%3A%2F%2Fwww.gadsdentimes.com%2Fstory%2Fsports%2Fhigh-school%2Ftrack-field%2F2022%2F04%2F28%2Fgadsden-high-school-track-field-athletes-watch-ahsaa-state-championships%2F7383235001%2F,0.00042304941648189573
zlib,nonmember,https://www.gadsdentimes.com/story/news/2022/05/08/gadsden-al-lorraine-moore-birthday/9644993002/,0.0013639310321208954
zlib,nonmember,https://www.gadsdentimes.com/story/news/2022/06/16/juneteenth-origins-meanings-opinion-an-american-not-black-cultural-event/7646057001/,0.0007019237971411236
zlib,nonmember,https://www.gadsdentimes.com/story/news/2022/05/24/gadsden-museum-art-exhibits-june-begin-june-3/9897180002/,0.0034559015366564232
zlib,nonmember,https://www.gadsdentimes.com/story/news/2022/08/23/slow-turnout-gadsden-municipal-elections-big-decisions/7875446001/,0.002118645701200533
zlib,nonmember,https://www.gadsdentimes.com/story/news/2022/09/15/cherokee-county-road-crash-al-charles-grady-sharp-dead/69497392007/,0.005085736074471785
zlib,nonmember,https://www.gadsdentimes.com/story/news/2022/04/07/commissioners-approve-fee-increases-finalize-plans-mcat/9472528002/,0.0014012323130822833
zlib,nonmember,https://www.gadsdentimes.com/story/news/politics/elections/local/2022/08/19/gadsden-district-6-city-council-2022-meet-candidates-q-a/10074880002/,0.0010091583486865393
zlib,nonmember,https://www.gadsdentimes.com/story/sports/pro/2022/04/21/boxing-shaquille-cameron-first-gadsden-area-boxer-making-name/7328923001/,0.0011004836940471153
zlib,nonmember,https://www.gadsdentimes.com/restricted/?return=https%3A%2F%2Fwww.gadsdentimes.com%2Fstory%2Fsports%2Fhigh-school%2Fbaseball%2F2022%2F04%2F18%2Fahsaa-sports-gadsden-area-high-school-top-performers-third-week-april%2F7328930001%2F,0.0006455876791677979
zlib,nonmember,https://www.gadsdentimes.com/story/news/2022/07/10/roe-v-wade-ruling-alabama-department-human-resources-gadsden-agencies/7795195001/,0.0010176901520460152
zlib,nonmember,https://www.gadsdentimes.com/story/news/2022/05/27/dealing-product-recalls/9943854002/,0.002351364329307102
zlib,nonmember,https://www.gadsdentimes.com/story/news/politics/elections/local/2022/08/19/gadsden-municipal-election-2022-voting-mayor-city-council-school-board-candidates/10342692002/,0.0009064424656767575
zlib,nonmember,https://www.gadsdentimes.com/story/news/2022/04/21/gadsden-drowning-victim-found-after-six-day-search-coosa/7402517001/,0.00226409821403614
zlib,nonmember,https://www.gadsdentimes.com/story/news/2022/07/27/black-jacket-symphony-perform-rumors-sand-mountain-amphitheater/10159012002/,0.0011199809869690605
zlib,nonmember,https://www.gadsdentimes.com/story/news/2022/06/11/16th-elder-abuse-summit-held-june-15/7583758001/,0.0021777004719382796
zlib,nonmember,https://www.gadsdentimes.com/story/news/2022/05/19/missing-southside-man/9838333002/,0.005225689094437277
zlib,nonmember,https://www.gadsdentimes.com/story/news/2022/04/06/girl-7-killed-atv-crash-near-boaz-adult-injured/9482349002/,0.0026575413124320093
zlib,nonmember,https://www.gadsdentimes.com/story/sports/2022/06/20/sarah-patterson-alabama-gymnastics-title-ix-equality/9838856002/,0.0013812341945231659
zlib,nonmember,https://www.gadsdentimes.com/story/news/2022/07/11/southside-high-school-site-active-shooter-training-week/10029307002/,0.00495130976335338
zlib,nonmember,https://www.gadsdentimes.com/story/news/2022/08/12/jackson-state-university-theater-group-presents-reimagined-romeo-and-juliet/10311001002/,0.0014319171753040193
zlib,nonmember,https://www.gadsdentimes.com/story/news/2022/09/16/tractor-trailer-crash-results-in-collinsville-man-death/69500125007/,0.005779856304561239
zlib,nonmember,https://www.gadsdentimes.com/story/news/2022/05/13/gadsden-state-community-college-releases-2021-annual-report/9745289002/,0.0014906792503721576
zlib,nonmember,https://www.gadsdentimes.com/story/news/2022/04/18/gscc-reinstates-baseball-and-softball/7362918001/,0.0014572226399291878
zlib,nonmember,https://www.gadsdentimes.com/story/news/2022/07/30/car-crash-chandler-mountain-road-steele-man-dies/10191216002/,0.00449474848517691
zlib,nonmember,https://www.gadsdentimes.com/story/news/2022/08/23/gadsden-mayor-election-2022-craig-ford-heather-new-runoff-race/7875463001/,0.0014234147050827671
zlib,nonmember,https://www.gadsdentimes.com/story/news/2022/06/13/springville-man-sentenced-60-years-guilty-child-sex-abuse/7615293001/,0.002703579649307578
zlib,nonmember,https://www.gadsdentimes.com/story/sports/high-school/baseball/2022/04/12/caleb-freeman-etowah-ace-after-tommy-john-surgery-non-throwing-arm/9513736002/,0.0013172242748464022
zlib,nonmember,https://www.gadsdentimes.com/story/news/2022/04/14/trail-of-tears-oxford-welcomes-return-muscogee-creek-nation/9503798002/,0.0007928291269726932
zlib,nonmember,https://www.gadsdentimes.com/story/news/2022/09/06/gadsden-proposed-budget-gives-raises-restores-funding-for-schools/65505991007/,0.0012767066272874738
zlib,nonmember,https://www.gadsdentimes.com/story/news/2022/07/19/southside-library-sponsors-field-trip-movie-version-crawdads/10074748002/,0.0021316303604397096
zlib,nonmember,https://www.gadsdentimes.com/story/news/2022/05/01/locals-asked-contributed-non-perishable-items-may-14-food-drive/9576174002/,0.0033295422188990864
zlib,nonmember,https://www.gadsdentimes.com/story/news/2022/08/17/alabama-cancer-care-center-gadsden-sells-property-construction/10341239002/,0.0016987341305431235
zlib,nonmember,https://www.gadsdentimes.com/story/news/2022/04/01/best-april-fools-pranks-history/7171249001/,0.0017653879857990125
zlib,nonmember,https://www.gadsdentimes.com/story/news/2022/05/28/etowah-county-primary-vote-question-heres-what-happened/9960417002/,0.00167946745021149
zlib,nonmember,https://www.gadsdentimes.com/story/news/2022/05/18/gadsden-state-community-college-scholarship-honors-riley-whitaker/9797537002/,0.0015835946795276432
zlib,nonmember,https://www.gadsdentimes.com/story/sports/high-school/softball/2022/04/27/ahsaa-softball-schedules-gadsden-area-teams-area-tournaments/9563955002/,0.0008382584537660711
zlib,nonmember,https://www.gadsdentimes.com/restricted/?return=https%3A%2F%2Fwww.gadsdentimes.com%2Fstory%2Fsports%2F2022%2F06%2F22%2Ftitle-ix-50-greatest-alabama-high-school-girls-athletes-50-years%2F7529948001%2F,0.0009465055677502668
zlib,nonmember,https://www.gadsdentimes.com/story/news/2022/05/08/u-s-411-project-4-laning-expected-have-20-year-1-billion-impact/9673821002/,0.0017605704917638655
zlib,nonmember,https://www.gadsdentimes.com/story/news/2022/05/18/commissioners-approve-mega-site-base-bid/9796801002/,0.002000924035006577
zlib,nonmember,https://www.gadsdentimes.com/story/news/2022/08/18/need-job-city-of-gadsden-needs-dispatchers-police-fire-fighters/10343407002/,0.0021368194052052815
zlib,nonmember,https://www.gadsdentimes.com/story/news/2022/08/04/attalla-superintendent-colegrove-dishes-upcoming-school-year/10060085002/,0.0009935069060490755
zlib,nonmember,https://www.gadsdentimes.com/story/news/2022/04/07/competitors-vie-top-prizes-smoke-falls-2022/7250616001/,0.0026113762382832142
zlib,nonmember,https://www.gadsdentimes.com/story/sports/high-school/baseball/2022/04/11/ahsaa-sports-vote-gadsden-area-male-athlete-week/9513665002/,0.001977451479500457
zlib,nonmember,https://www.gadsdentimes.com/story/news/2022/07/12/gadsden-high-school-reunion-gold-tiger-2022/10012750002/,0.0022214712724076143
zlib,nonmember,https://www.gadsdentimes.com/story/news/2022/05/04/gadsden-woman-accused-faciliating-escape/9634040002/,0.0029295202348724333
zlib,nonmember,https://www.gadsdentimes.com/story/news/2022/07/05/kidnapping-anniston-alabama-calhoun-county-sheriff-suspect-tony-lamar-white/7810174001/,0.0011362276524827255
zlib,nonmember,https://www.gadsdentimes.com/story/news/2022/07/25/teenager-missing-boaz-police-seek-help-finding-her/10144868002/,0.005096773279874495
zlib,nonmember,https://www.gadsdentimes.com/story/news/2022/06/02/dam-removal-headlines-weekly-gadsden-city-council-meeting/7455819001/,0.0024471246413680365
zlib,nonmember,https://www.gadsdentimes.com/story/news/2022/08/22/etowah-commission-savings-inmate-health-care-ecso-promotions-oked/7836994001/,0.0027938675249776263
zlib,nonmember,https://www.gadsdentimes.com/story/news/2022/05/20/annual-mccords-community-celebration-weekend-cherokee-county/9831612002/,0.00196940695690573
zlib,nonmember,https://www.gadsdentimes.com/story/news/2022/09/02/gadsden-premiere-cinemas-showtimes-national-cinema-day-3-tickets-2022/65465172007/,0.0013607469832984532
zlib,nonmember,https://www.gadsdentimes.com/story/news/2022/07/08/59-bus-crash-attalla-injures-11-new-jersey-family-reunion-bound/10019071002/,0.0018358317905552742
zlib,nonmember,https://www.gadsdentimes.com/story/news/2022/04/12/marshall-county-crash-results-one-fatality/7284539001/,0.004249243794282294
zlib,nonmember,https://www.gadsdentimes.com/story/news/2022/09/14/gadsden-times-hard-work-pays-off-for-new-owners-of-old-building/68102302007/,0.0012104744845052471
zlib,nonmember,https://www.gadsdentimes.com/story/news/2022/08/22/alea-attalla-search-yields-marijuana-money-and-guns-one-arrested/7864995001/,0.004247556216077018
zlib,nonmember,https://www.gadsdentimes.com/story/sports/high-school/baseball/2022/05/17/ahsaa-baseball-state-tournament-2022-piedmont-trinity-presbyterian/9763876002/,0.0015109290833062894
zlib,nonmember,https://www.gadsdentimes.com/story/news/2022/05/31/gadsden-state-reports-all-time-high-dual-enrollment-students/9940423002/,0.0014906892508815782
zlib,nonmember,https://www.gadsdentimes.com/story/opinion/columns/2022/07/31/elaine-spearman-looks-end-rendering-plant-legal-fight/10155277002/,0.0015234952154956748
zlib,nonmember,https://www.gadsdentimes.com/story/sports/high-school/2022/05/13/ahsaa-soccer-ty-ferguson-scores-late-goal-lift-bayside-academy-over-collinsville/9675606002/,0.0015766036585975352
zlib,nonmember,https://www.gadsdentimes.com/story/opinion/columns/2022/05/08/gop-wealthy-aboard-fast-angry-train/9657456002/,0.0013394056965990429
zlib,nonmember,https://www.gadsdentimes.com/story/sports/college/2022/09/17/jacksonville-state-football-score-tulsa-live-updates/68196470007/,0.004908318385015565
zlib,nonmember,https://www.gadsdentimes.com/story/news/2022/07/18/georgia-man-dies-after-one-car-crash-cherokee-county/10088098002/,0.004671544603601171
zlib,nonmember,https://www.gadsdentimes.com/story/news/2022/04/06/singing-honor-gospel-promoter-satterfield/7250572001/,0.0015961050027860657
zlib,nonmember,https://www.gadsdentimes.com/story/opinion/columns/2022/04/17/gop-paints-ketanji-brown-jackson-unfair-light/7310600001/,0.0013068959135547746
zlib,nonmember,https://www.gadsdentimes.com/story/news/2022/04/28/cold-case-cullman-man-charged-1988-murder-massachusetts-girl/9568372002/,0.0009587167906822266
zlib,nonmember,https://www.gadsdentimes.com/story/sports/high-school/baseball/2022/05/02/poll-gadsden-area-boys-high-school-athlete-week-voting/9589581002/,0.001841567429201612
zlib,nonmember,https://www.gadsdentimes.com/story/news/2022/04/28/gadsden-council-approves-400-000-gaa-rendering-plant-legal-fees/9544900002/,0.0013058802191711703
zlib,nonmember,https://www.gadsdentimes.com/story/news/2022/04/03/gadsden-partners-rescue-group-add-space-stray-animals/7216611001/,0.0014992283796182735
zlib,nonmember,https://www.gadsdentimes.com/story/sports/college/football/2022/07/27/jacksonville-state-rich-rodriguez-frustrated-after-first-fall-practice/10132996002/,0.0016085677357294838
zlib,nonmember,https://www.gadsdentimes.com/story/sports/high-school/football/2022/08/26/alabama-high-school-football-scores-live-updates-gadsden-week-1/10297303002/,0.007840495369418839
zlib,nonmember,https://www.gadsdentimes.com/story/sports/high-school/baseball/2022/05/16/poll-gadsden-area-boys-high-school-athlete-week-voting/9763857002/,0.0021419420907646098
zlib,nonmember,https://www.gadsdentimes.com/story/opinion/columns/2022/06/04/turmoil-and-poor-leadership-united-states/7499983001/,0.001167668857761256
zlib,nonmember,https://www.gadsdentimes.com/story/opinion/columns/2022/06/12/elaine-h-spearman-speech-and-consequences/7558111001/,0.0013724113862498633
zlib,nonmember,https://www.gadsdentimes.com/restricted/?return=https%3A%2F%2Fwww.gadsdentimes.com%2Fstory%2Fnews%2F2022%2F05%2F27%2Fetowah-county-vote-can-primary-election-2022-plagued-ballot-questions-made-right%2F9943723002%2F,0.0006835451458833184
zlib,nonmember,https://www.gadsdentimes.com/story/news/2022/08/23/gadsden-property-tax-millage-leave-school-system-1-million-short/7832852001/,0.0017802944583227046
zlib,nonmember,https://www.gadsdentimes.com/story/news/2022/05/02/prison-escapee-kyle-captured/9615773002/,0.0035292264313580377
zlib,nonmember,https://www.gadsdentimes.com/story/news/politics/elections/local/2022/08/15/gadsden-district-1-city-council-2022-meet-candidates-q-a/10090126002/,0.001742691302156267
zlib,nonmember,https://www.gadsdentimes.com/story/news/2022/06/17/albertville-plant-dedicates-memorial-employees-slain-one-year-ago/7651946001/,0.0017352282182482152
zlib,nonmember,https://www.gadsdentimes.com/story/news/2022/08/04/here-five-takeaways-etowah-county-commissions-meeting/10212867002/,0.0031219832086518333
zlib,nonmember,https://www.gadsdentimes.com/story/news/2022/07/25/covid-19-alabama-2022-07-25-etowah-county/65381513007/,0.0003873543509192042
zlib,nonmember,https://www.gadsdentimes.com/story/news/2022/07/28/glencoe-man-dies-motorcycle-crash-i-59/10172235002/,0.0049801333472681755
zlib,nonmember,https://www.gadsdentimes.com/story/news/2022/08/17/talladega-national-forest-shooting-camp-kid-gun-camping-adam-simjee/10350046002/,0.0008737540125031445
zlib,nonmember,https://www.gadsdentimes.com/story/news/2022/08/30/gadsden-interstate-759-new-eastern-connector-route-plan-unveiled/65419651007/,0.0015393575752170013
zlib,nonmember,https://www.gadsdentimes.com/restricted/?return=https%3A%2F%2Fwww.gadsdentimes.com%2Fstory%2Fnews%2F2022%2F06%2F03%2Fproject-venue-offer-shared-coworking-space-boost-businesses%2F7483481001%2F,0.0007455462715938173
zlib,nonmember,https://www.gadsdentimes.com/story/news/2022/05/09/casey-white-custody-vicky-white-hospitalized-after-chase-indiana/9709718002/,0.001918633640797336
zlib,nonmember,https://www.gadsdentimes.com/story/opinion/columns/2022/06/18/airport-needs-grant-money-people-with-expertise/7635497001/,0.0011878590915533375
zlib,nonmember,https://www.gadsdentimes.com/story/news/2022/05/27/gadsden-city-council-covers-numerous-topics-latest-meeting/9908958002/,0.002251014105887733
zlib,nonmember,https://www.gadsdentimes.com/story/news/politics/elections/2022/05/24/alabama-primary-election-results-2022-etowah-sheriff-jonathon-horton/9860458002/,0.005429519022852166
zlib,nonmember,https://www.gadsdentimes.com/story/news/2022/07/06/anniston-man-kidnapping-suspect-custody-probe-continues/7821254001/,0.0010986868770024563
zlib,nonmember,https://www.gadsdentimes.com/story/lifestyle/columns/2022/09/08/david-murdock-on-the-lords-opportune-time/65471171007/,0.0012059947060397156
zlib,nonmember,https://www.gadsdentimes.com/story/news/2022/08/23/i-759-gadsden-al-project-learn-more-speak-out-aldot-meeting/7866201001/,0.002788752900408654
zlib,nonmember,https://www.gadsdentimes.com/story/news/2022/05/10/gadsden-state-community-college-valley-street-campus-summer-youth-camp/9716173002/,0.003185328441368993
zlib,nonmember,https://www.gadsdentimes.com/story/news/2022/07/27/michael-mccartney-gadsden-al-dies-former-auburn-university-board-trustee/10167060002/,0.001104325181328082
zlib,nonmember,https://www.gadsdentimes.com/story/opinion/columns/2022/06/25/john-floyd-proposed-runway-expansion-airport/7707243001/,0.0012932152450466324
zlib,nonmember,https://www.gadsdentimes.com/story/opinion/columns/2022/04/09/john-floyd-recalls-playing-augusta-national/9513732002/,0.0013224607961814627
zlib,nonmember,https://www.gadsdentimes.com/restricted/?return=https%3A%2F%2Fwww.gadsdentimes.com%2Fstory%2Fnews%2F2022%2F05%2F04%2Fetowah-jail-inmates-families-ask-how-inmates-get-access-drugs%2F9620457002%2F,0.00042304941648189573
zlib,nonmember,https://www.gadsdentimes.com/story/lifestyle/columns/2022/09/15/david-murdock-welcomes-the-arrival-of-fall/69494058007/,0.001185166308948966
zlib,nonmember,https://www.gadsdentimes.com/story/news/2022/09/17/did-post-of-personal-id-information-campaign-lead-fraud-attempt/69497451007/,0.0016264474431242034
zlib,nonmember,https://www.gadsdentimes.com/restricted/?return=https%3A%2F%2Fwww.gadsdentimes.com%2Fstory%2Fnews%2F2022%2F04%2F03%2Fetowah-county-alabama-end-ice-detention-center-contract-no-layoffs-empty-jail-space%2F7219136001%2F,0.0006455876791677979
zlib,nonmember,https://www.gadsdentimes.com/story/news/2022/04/17/alabama-remote-area-medical-clinic-first-gadsden-city-high-school/7330606001/,0.0009601112371182863
zlib,nonmember,https://www.gadsdentimes.com/story/news/2022/04/01/gadsden-humane-society-pet-rescue-and-adoption-center-hosting-full-house-frenzy-weekend-sale-dogs/7244673001/,0.004127906606456003
zlib,nonmember,https://www.gadsdentimes.com/story/news/2022/08/31/whole-backstage-black-tie-christmas-2022-how-to-get-involved/65464125007/,0.0029991646186673317
zlib,nonmember,https://www.gadsdentimes.com/story/news/2022/05/02/cinco-de-mayo-much-more-than-holiday-excuse-people-party/9507121002/,0.0014990167697830758
zlib,nonmember,https://www.gadsdentimes.com/story/news/2022/06/28/parade-highlights-rain-lgbtq-pride-event-gadsden/7755811001/,0.015154688703481582
zlib,nonmember,https://www.gadsdentimes.com/story/news/2022/05/30/party-over-southside-police-find-guns-drugs-graduation-party/9992387002/,0.001798228154626336
zlib,nonmember,https://www.gadsdentimes.com/story/news/2022/05/31/latest-batch-gadsden-state-students-study-work-apprentices/9934550002/,0.0014092637467730082
zlib,nonmember,https://www.gadsdentimes.com/story/news/2022/08/26/united-way-of-etowah-county-calling-on-community-to-invest-influence/65419640007/,0.0016215059807244724
zlib,nonmember,https://www.gadsdentimes.com/story/news/2022/07/06/ema-grant-garbage-pickup-among-gadsden-city-council-meeting-topics/7810777001/,0.0027618900185720804
zlib,nonmember,https://www.gadsdentimes.com/story/news/2022/05/05/vicky-white-and-casey-white-history-examined-lauderdale-county-alabama-al-jailbreak-investigation/9658645002/,0.0018450209043309055
zlib,nonmember,https://www.gadsdentimes.com/story/news/2022/04/22/harvesting-rainwater-barrels/7397054001/,0.002456768466045957
zlib,nonmember,https://www.gadsdentimes.com/story/opinion/columns/2022/07/17/aug-23-critical-day-gadsdens-future/10044035002/,0.0012801891325546965
zlib,nonmember,https://www.gadsdentimes.com/story/sports/high-school/soccer/2022/04/26/ahsaa-soccer-pairings-schedules-gadsden-area-teams/9539423002/,0.002862183241142398
zlib,nonmember,https://www.gadsdentimes.com/story/news/2022/09/09/etowah-county-lawyer-face-charges-theft-tax-evasion-false-statements/68204779007/,0.0023980559658884526
zlib,nonmember,https://www.gadsdentimes.com/story/news/2022/08/08/gadsden-al-covid-tracker/65394993007/,0.00041997926005317676
zlib,nonmember,https://www.gadsdentimes.com/story/news/2022/06/15/municipalities-retaining-employees-jobs-staffing-stable/7608708001/,0.0010625508783922565
zlib,nonmember,https://www.gadsdentimes.com/story/news/2022/04/23/police-fire-departments-respond-attalla-blaze-one-person-dies/7426862001/,0.003848289646322273
zlib,nonmember,https://www.gadsdentimes.com/story/news/2022/04/28/hsprac-host-bark-park-saturday/9572832002/,0.004330968160442711
zlib,nonmember,https://www.gadsdentimes.com/story/opinion/columns/2022/09/03/john-f-floyd-talks-about-lack-of-leadership-in-us/65470360007/,0.0013068143735179391
zlib,nonmember,https://www.gadsdentimes.com/story/news/2022/08/01/dekalb-county-al-wreck-motorcycle-crash-jerome-m-banks-jr/10201625002/,0.003803951471953325
zlib,nonmember,https://www.gadsdentimes.com/story/news/2022/04/11/blount-county-man-killed-crash-sunday-four-others-injured/7278312001/,0.002858234534227139
zlib,nonmember,https://www.gadsdentimes.com/story/opinion/columns/2022/05/07/john-floyd-looks-putins-nuclear-threats/9674167002/,0.0012871889671170903
zlib,nonmember,https://www.gadsdentimes.com/story/sports/high-school/baseball/2022/05/18/ahsaa-baseball-etowah-baseball-shows-resiliency-state-championship-series/9825429002/,0.0012492653044601217
zlib,nonmember,https://www.gadsdentimes.com/story/sports/high-school/softball/2022/05/16/poll-gadsden-area-girls-high-school-athlete-week-voting/9763805002/,0.0015230193868642403
zlib,nonmember,https://www.gadsdentimes.com/story/news/politics/elections/2022/05/19/etowah-county-board-education-place-5-doug-sherrod-lucas-hallmark/9821997002/,0.0009284923551341906
zlib,nonmember,https://www.gadsdentimes.com/story/news/2022/06/23/etowah-county-outdoors-prosper-post-pandemic-world/7470098001/,0.001210620786990885
zlib,nonmember,https://www.gadsdentimes.com/story/news/2022/06/16/ashley-m-jones-alabama-poet-laureate-poems-poetry-gadsden-gscc/7633983001/,0.001512384766134956
zlib,nonmember,https://www.gadsdentimes.com/story/lifestyle/columns/2022/06/02/david-murdock-lifes-abiding-joys-sharing-comic-strip/7469427001/,0.0011767052721813203
zlib,nonmember,https://www.gadsdentimes.com/story/sports/high-school/softball/2022/05/09/poll-gadsden-area-girls-high-school-athlete-week-voting/9675511002/,0.001498073084742264
zlib,nonmember,https://www.gadsdentimes.com/story/news/2022/06/13/gadsden-attorney-myron-allenstein-honored-flags-half-mast/7616748001/,0.0037140635607131873
zlib,nonmember,https://www.gadsdentimes.com/story/sports/high-school/football/2022/07/25/al-high-school-football-25-questions-gadsden-area-2022/10124367002/,0.001211391139646715
zlib,nonmember,https://www.gadsdentimes.com/story/news/2022/05/31/etowah-county-election-results-2022-candidates-contest-primary/7452140001/,0.0010623438759703597
zlib,nonmember,https://www.gadsdentimes.com/story/opinion/columns/2022/07/02/john-f-floyd-what-american-flag-means/7772172001/,0.001228358168089818
zlib,nonmember,https://www.gadsdentimes.com/story/news/2022/04/05/etowah-county-animals-lana-bellew-seeks-spay-and-neuter-help/7178343001/,0.0012108414263233558
zlib,nonmember,https://www.gadsdentimes.com/story/news/2022/06/28/i-20-st-clair-county-crash-leaves-georgia-man-dead/7754485001/,0.0034272747252765533
zlib,nonmember,https://www.gadsdentimes.com/restricted/?return=https%3A%2F%2Fwww.gadsdentimes.com%2Fstory%2Fsports%2Fhigh-school%2Fsoccer%2F2022%2F06%2F20%2Fgadsden-times-all-area-girls-soccer-team-2022%2F7567089001%2F,0.0006277595537445845
zlib,nonmember,https://www.gadsdentimes.com/story/news/2022/07/01/4th-of-july-fireworks-fun-but-safety-foremost-concert-holiday/7776524001/,0.0015610140178228082
zlib,nonmember,https://www.gadsdentimes.com/story/news/2022/08/05/alabama-highway-77-blocked-between-southside-and-ohatchee/10245554002/,0.0035639374568355985
zlib,nonmember,https://www.gadsdentimes.com/story/news/2022/06/13/rainbow-city-police-say-they-arent-involved-survey-letters/7608015001/,0.0029033192151904537
zlib,nonmember,https://www.gadsdentimes.com/story/news/2022/08/01/albertville-pedestrian-struck-vehicle-killed-monday/10203715002/,0.00579857858560686
zlib,nonmember,https://www.gadsdentimes.com/restricted/?return=https%3A%2F%2Fwww.gadsdentimes.com%2Fstory%2Fnews%2F2022%2F06%2F10%2Fgadsden-schools-al-superintendent-talks-intruder-incident-emphasize-locking-doors%2F7580552001%2F,0.0006617710710222637
zlib,nonmember,https://www.gadsdentimes.com/story/news/2022/08/01/gadsden-covid-numbers-this-week/65387857007/,0.0004101298604449736
zlib,nonmember,https://www.gadsdentimes.com/story/opinion/columns/2022/07/16/john-floyd-recalls-landing-on-takeoff-naval-carrier/10043940002/,0.00131024042494465
zlib,nonmember,https://www.gadsdentimes.com/story/sports/high-school/baseball/2022/04/26/ahsaa-baseball-pairings-schedules-gadsden-area-teams/9539067002/,0.0017671622559344718
zlib,nonmember,https://www.gadsdentimes.com/story/news/2022/05/11/u-s-11-antique-alley-sale-brings-sellers-buyers-north-south-route/9724947002/,0.0012196945257536898
zlib,nonmember,https://www.gadsdentimes.com/story/sports/high-school/2022/05/14/ahsaa-baseball-softball-and-soccer-scores-gadsden-area-teams/9675706002/,0.0008932322925585259
zlib,nonmember,https://www.gadsdentimes.com/story/news/2022/06/28/gscc-scholarship-named-past-cardinal-foundation-presidents/7726017001/,0.0017573370260951621
zlib,nonmember,https://www.gadsdentimes.com/story/sports/college/2022/06/27/gadsden-state-athletics-director-blake-lewis-ready-lead-program/7655749001/,0.0010688028234484808
zlib,nonmember,https://www.gadsdentimes.com/story/news/2022/04/22/hokes-bluff-crash-kills-truck-driver-closes-u-s-278-east-hours/7419260001/,0.0031052207592601805
zlib,nonmember,https://www.gadsdentimes.com/story/news/2022/06/02/former-executive-gadsden-times-writes-novel-experiences/9926478002/,0.0019309414822815314
zlib,nonmember,https://www.gadsdentimes.com/story/news/2022/04/11/pet-week-april-11/9512363002/,0.00448289748533658
zlib,nonmember,https://www.gadsdentimes.com/story/news/2022/06/08/residents-express-concerns-over-countys-road-access-policy/9999773002/,0.0010338744659197626
zlib,nonmember,https://www.gadsdentimes.com/story/news/2022/05/13/attalla-museum-display-rich-history-land-town-and-people/9708923002/,0.0012262042382732781
zlib,nonmember,https://www.gadsdentimes.com/story/sports/high-school/football/2022/08/22/ahsaa-football-vote-athlete-week-gadsden-area/10297240002/,0.0020838838455863222
zlib,nonmember,https://www.gadsdentimes.com/story/news/2022/05/30/interactive-gym-hit-gadsdens-adams-floyd-elementary-schools/9809986002/,0.0016738128365951688
zlib,nonmember,https://www.gadsdentimes.com/story/opinion/columns/2022/09/10/taxpayers-on-the-hook-for-airports-losses/66997627007/,0.0013125648249764166
zlib,nonmember,https://www.gadsdentimes.com/story/news/2022/07/15/tickets-sale-original-play-wounds-wont-heal-sunday/10062194002/,0.0033785107458866107
zlib,nonmember,https://www.gadsdentimes.com/story/news/2022/07/11/gadsden-other-local-locations-taking-part-tax-free-holiday-july/7810973001/,0.0012139285839775254
zlib,nonmember,https://www.gadsdentimes.com/story/sports/high-school/soccer/2022/04/08/jacksonville-state-bound-camryn-davis-and-alana-morton-leading-southside-girls-soccer/7244586001/,0.001284572557403286
zlib,nonmember,https://www.gadsdentimes.com/story/news/2022/04/26/100th-birthday-celebration/7440552001/,0.005262165672928285
zlib,nonmember,https://www.gadsdentimes.com/story/news/2022/05/16/gadsden-animal-control-advocates-want-tackle-over-population-issue/9760222002/,0.001061555460916935
zlib,nonmember,https://www.gadsdentimes.com/story/news/2022/06/23/gadsden-man-faces-assault-robbery-and-drug-charges-following-attack/7710266001/,0.002476164910882142
zlib,nonmember,https://www.gadsdentimes.com/story/news/2022/04/08/benefits-walking/9497202002/,0.002595928013032975
zlib,nonmember,https://www.gadsdentimes.com/story/news/2022/05/04/theatre-gadsden-sound-music-show-ends-friday-saturday/9652223002/,0.0016924958080586278
zlib,nonmember,https://www.gadsdentimes.com/story/news/2022/04/12/easter-meal-recipes-favorite-cooks-gadsden-alabama-southern-food/7274254001/,0.0006862834469807637
zlib,nonmember,https://www.gadsdentimes.com/story/news/2022/06/13/gecema-stay-safe-heat-indices-soar/7612554001/,0.0015544732624573582
zlib,nonmember,https://www.gadsdentimes.com/story/news/2022/05/12/honors-saturday-revolutionary-war-vet-buried-cherokee-county/9744058002/,0.003837384607222698
zlib,nonmember,https://www.gadsdentimes.com/story/sports/high-school/softball/2022/05/20/ahsaa-state-softball-tournament-how-gadsden-area-teams-performed/9833854002/,0.0012046636696820077
zlib,nonmember,https://www.gadsdentimes.com/story/news/2022/06/21/big-brothers-big-sisters-40-years-one-one-mentoring-youth/7647512001/,0.0010531608379430314
zlib,nonmember,https://www.gadsdentimes.com/story/news/2022/04/25/pet-week-april-25/7410856001/,0.004764112819236218
zlib,nonmember,https://www.gadsdentimes.com/story/news/2022/09/08/etowah-county-approves-body-cameras-tasers-purchase-sheriffs-office/65742766007/,0.0017547780682624435
zlib,nonmember,https://www.gadsdentimes.com/story/news/2022/04/26/gadsden-firefighters-respond-heavy-fire-south-fourth-street-house/7451372001/,0.004142070511517141
zlib,nonmember,https://www.gadsdentimes.com/story/news/2022/04/22/do-you-know-who-killed-jahiem-embry-reward-offers-talladega-case/7397383001/,0.002394948522302351
zlib,nonmember,https://www.gadsdentimes.com/story/sports/high-school/baseball/2022/04/08/ahsaa-baseball-etowah-using-running-game-leap-toward-big-season/7244636001/,0.0014992616414158913
zlib,nonmember,https://www.gadsdentimes.com/story/news/2022/08/11/phase-1-gadsden-sports-park-officially-open/10276545002/,0.0015119445933177266
zlib,nonmember,https://www.gadsdentimes.com/story/news/2022/05/02/honoring-larry-keener/9616149002/,0.0058779747535073
zlib,nonmember,https://www.gadsdentimes.com/story/news/2022/04/09/gadsden-murder-case-ends-life-sentence-2016-shooting-death/9518470002/,0.001191535006158178
zlib,nonmember,https://www.gadsdentimes.com/story/news/2022/07/18/etowah-county-covid-tracker/65375524007/,0.0004161486507544683
zlib,nonmember,https://www.gadsdentimes.com/restricted/?return=https%3A%2F%2Fwww.gadsdentimes.com%2Fstory%2Fnews%2F2022%2F05%2F25%2Fgadsden-pediatric-clinic-marks-50th-anniversary-practice%2F9900399002%2F,0.0006835451458833184
zlib,nonmember,https://www.gadsdentimes.com/story/sports/college/football/2022/07/22/jacksonville-state-football-rich-rodriguez-making-early-impression-players/10132592002/,0.0014076436412829053
zlib,nonmember,https://www.gadsdentimes.com/story/news/2022/06/09/gadsden-school-shooting-what-we-know/7570712001/,0.0031127217416721414
zlib,nonmember,https://www.gadsdentimes.com/story/news/2022/05/30/gadsden-resident-dies-crash-monday-morning-us-highway-411/9997100002/,0.004812813215166301
zlib,nonmember,https://www.gadsdentimes.com/story/sports/high-school/soccer/2022/04/28/ahsaa-girls-soccer-ziniah-hardy-leads-southside-defense/7406219001/,0.0013202208545772176
zlib,nonmember,https://www.gadsdentimes.com/story/news/2022/07/14/gadsden-police-bomb-squad-george-wallace-drive-coosa-river-rescue/10063159002/,0.004503339278499412
zlib,nonmember,https://www.gadsdentimes.com/story/news/2022/09/02/jacksonville-shooting-trenton-medders-murder-charges-justin-racca-ashley-duggan/65469767007/,0.0012934216945671014
zlib,nonmember,https://www.gadsdentimes.com/story/news/2022/08/12/back-to-school-united-ways-kindergarten-first-time-students-success/10288486002/,0.0013199721112254277
zlib,nonmember,https://www.gadsdentimes.com/story/news/politics/elections/2022/05/24/alabama-primary-election-results-house-district-29-jamie-grant-mark-gidley/9860508002/,0.004129813519676961
zlib,nonmember,https://www.gadsdentimes.com/story/sports/college/football/2022/07/22/jacksonville-state-football-rich-rodriguez-talks-asun-conference-media-day/10063183002/,0.0014776507405245111
zlib,nonmember,https://www.gadsdentimes.com/story/lifestyle/columns/2022/05/12/david-murdock-column-a-code-by-any-other-name-is-still-shorthand/9656712002/,0.0012357359163691314
zlib,nonmember,https://www.gadsdentimes.com/story/sports/high-school/soccer/2022/04/30/ahsaa-boys-soccer-westbrook-christian-boys-soccer-earns-first-playoff-win/9574301002/,0.001341800279304653
zlib,nonmember,https://www.gadsdentimes.com/story/news/2022/08/10/gadsden-etowah-film-office-hold-orientation-meeting-aug-17/10216297002/,0.0015124953310708675
zlib,nonmember,https://www.gadsdentimes.com/story/sports/high-school/softball/2022/04/26/poll-gadsden-area-girls-high-school-athlete-third-week-april/7383215001/,0.0015326295887200356
zlib,nonmember,https://www.gadsdentimes.com/story/news/2022/08/25/five-things-to-do-in-the-gadsden-area-this-weekend-next-weekend/65418637007/,0.002693803017249699
zlib,nonmember,https://www.gadsdentimes.com/story/news/2022/05/02/former-shelter-dog-liam-adjusts-new-home/9568842002/,0.0014860053781651137
zlib,nonmember,https://www.gadsdentimes.com/story/lifestyle/columns/2022/08/25/david-murdock-on-oh-that-reminds-me/10351612002/,0.001304492045484388
zlib,nonmember,https://www.gadsdentimes.com/story/sports/high-school/golf/2022/04/22/ahsaa-alabama-high-school-golf-postseason-etowah-county/7328901001/,0.0020534364425912836
zlib,nonmember,https://www.gadsdentimes.com/story/news/2022/04/01/extension-service-sets-4-h-pig-squeal-show-sale/7231080001/,0.002784261562830765
zlib,nonmember,https://www.gadsdentimes.com/story/news/2022/07/22/jacksonville-state-trustees-address-housing-shortage/10099626002/,0.0010298816025449368
zlib,nonmember,https://www.gadsdentimes.com/story/news/2022/04/08/national-walking-day-health-benefits-exercise-spring/9497202002/,0.002595928013032975
zlib,nonmember,https://www.gadsdentimes.com/story/news/2022/04/07/southside-high-students-see-affects-drunk-driving-mock-dui-crash/9482373002/,0.0015547585212630694
zlib,nonmember,https://www.gadsdentimes.com/restricted/?return=https%3A%2F%2Fwww.gadsdentimes.com%2Fstory%2Fnews%2F2022%2F04%2F27%2Fjenkins-buys-out-harp-fulfilling-duos-plans-harp-clover-nola%2F7363497001%2F,0.0005822635200887692
zlib,nonmember,https://www.gadsdentimes.com/story/news/2022/07/21/southside-elementary-site-police-fire-training/10118127002/,0.004942546361030294
zlib,nonmember,https://www.gadsdentimes.com/story/news/2022/06/28/jacksonville-state-university-lives-vikings-leads-scientists-iceland-month-long-study/7727004001/,0.0015247378115845068
zlib,nonmember,https://www.gadsdentimes.com/story/sports/high-school/golf/2022/04/28/ahsaa-golf-waldo-shirts-give-westbrook-christian-boys-good-luck/9539034002/,0.0015295598921607964
zlib,nonmember,https://www.gadsdentimes.com/restricted/?return=https%3A%2F%2Fwww.gadsdentimes.com%2Fstory%2Fsports%2Fhigh-school%2Fsoccer%2F2022%2F06%2F16%2Fmeet-2022-gadsden-times-all-area-boys-soccer-team%2F7567009001%2F,0.0006617710710222637
zlib,nonmember,https://www.gadsdentimes.com/story/news/2022/09/17/five-things-know-about-gadsdens-mayor-council-form-of-government/65983062007/,0.002802552651574065
zlib,nonmember,https://www.gadsdentimes.com/story/news/2022/09/01/gadsden-loses-friends-of-the-city-with-passing-of-attorney-volunteer/65466063007/,0.0025889791219200348
zlib,nonmember,https://www.gadsdentimes.com/story/news/2022/06/11/rainbow-city-crime-spree-ends-one-dead-one-injured-house-burned/7591743001/,0.0020882033516855924
zlib,nonmember,https://www.gadsdentimes.com/restricted/?return=https%3A%2F%2Fwww.gadsdentimes.com%2Fstory%2Fsports%2Fhigh-school%2Fbaseball%2F2022%2F05%2F26%2Fhigh-school-baseball-best-moments-bold-predictions-gadsden-area-high-school%2F9868063002%2F,0.0006835451458833184
zlib,nonmember,https://www.gadsdentimes.com/story/news/2022/05/09/snead-state-announces-new-career-tech-center/9630425002/,0.00144594599080424
zlib,nonmember,https://www.gadsdentimes.com/story/news/2022/04/21/commissioners-congratulate-robotic-teams-county/7368705001/,0.0013391309319010353
zlib,nonmember,https://www.gadsdentimes.com/story/news/2022/07/22/walnut-park-iglesia-renovacion-carismatica-church-damaged-fire/10126104002/,0.0024871942372173446
zlib,nonmember,https://www.gadsdentimes.com/story/news/2022/06/09/hokes-bluff-mayor-cautions-people-part-city-dont-drink-water/7565929001/,0.003887958626124836
zlib,nonmember,https://www.gadsdentimes.com/story/news/2022/07/21/covid-leads-big-river-postponement-shows-rescheduled/10120025002/,0.0031614080954256224
zlib,nonmember,https://www.gadsdentimes.com/story/news/2022/09/08/gda-covid-19-state-2022-09-05-al-ntgt/65473194007/,0.0003703183780756092
zlib,nonmember,https://www.gadsdentimes.com/story/business/2022/05/02/2022-gadsden-readers-choice-awards-nominations/9614722002/,0.0010288722341168905
zlib,nonmember,https://www.gadsdentimes.com/story/sports/college/football/2022/08/01/jacksonville-state-football-stevontae-tullis-one-defensive-leaders/10166074002/,0.0012989325979539724
zlib,nonmember,https://www.gadsdentimes.com/story/news/politics/elections/2022/05/24/alabama-election-results-2022-etowah-board-education-5-doug-sherrod/9860520002/,0.0055223287876954245
zlib,nonmember,https://www.gadsdentimes.com/story/news/2022/09/08/gadsden-area-homes-for-sale-price-august-listings-alabama/65474187007/,0.0003705932241933432
zlib,nonmember,https://www.gadsdentimes.com/story/news/2022/07/19/hsprac-gadsden-participate-community-thrives-fundraising-event/10059686002/,0.00134499665678488
zlib,nonmember,https://www.gadsdentimes.com/story/news/2022/06/02/vibe-returns-pitman-theatre/7459348001/,0.0021403376256633752
zlib,nonmember,https://www.gadsdentimes.com/restricted/?return=https%3A%2F%2Fwww.gadsdentimes.com%2Fstory%2Fnews%2F2022%2F06%2F01%2Fmuscadine-bloodline-gadsden-concert-bash-on-the-bend%2F9897429002%2F,0.0006835451458833184
zlib,nonmember,https://www.gadsdentimes.com/story/sports/high-school/softball/2022/04/18/ahsaa-sports-poll-gadsden-area-girls-high-school-athlete-week/7328895001/,0.0018397902446559285
zlib,nonmember,https://www.gadsdentimes.com/story/opinion/columns/2022/05/22/candidates-loyalty-trump-frightening/9827109002/,0.001324608854719285
zlib,nonmember,https://www.gadsdentimes.com/story/news/2022/08/19/extension-office-offers-fire-ant-workshop/10357179002/,0.002707431166367033
zlib,nonmember,https://www.gadsdentimes.com/story/sports/high-school/2022/05/06/ahsaa-baseball-playoffs-etowah-reaches-alabama-high-school-semifinals/9589644002/,0.001609146779613208
zlib,nonmember,https://www.gadsdentimes.com/restricted/?return=https%3A%2F%2Fwww.gadsdentimes.com%2Fstory%2Fsports%2Fhigh-school%2Fsoftball%2F2022%2F06%2F13%2Fall-etowah-county-high-school-softball-teams-2022-season%2F7530116001%2F,0.0006617710710222637
zlib,nonmember,https://www.gadsdentimes.com/story/lifestyle/columns/2022/09/01/david-murdock-on-experiencing-lord-of-the-rings-film-trilogy/65466922007/,0.0011016033802370116
zlib,nonmember,https://www.gadsdentimes.com/story/news/2022/09/14/gadsden-budget-approved-gives-better-raise-to-some-in-higher-ranks/69491553007/,0.001464937511902403
zlib,nonmember,https://www.gadsdentimes.com/restricted/?return=https%3A%2F%2Fwww.gadsdentimes.com%2Fstory%2Fnews%2F2022%2F05%2F04%2Fetowah-county-inaugural-asd-conference-together-we-can-make-a-difference-parag-sanctuary%2F9554312002%2F,0.00042304941648189573
zlib,nonmember,https://www.gadsdentimes.com/story/news/2022/04/15/master-gardener-plant-sale-tap/7317967001/,0.002677180792904027
zlib,nonmember,https://www.gadsdentimes.com/picture-gallery/news/2022/08/04/worlds-longest-yard-sale-starts-thursday-august-4-2022/10240203002/,0.02650939465179602
zlib,nonmember,https://www.gadsdentimes.com/story/news/2022/06/22/commissioners-approve-repaving-measures-appalachian-highway/7688098001/,0.002040210068390228
zlib,nonmember,https://www.gadsdentimes.com/story/news/2022/08/09/variety-music-gadsden-symphony-orchestra-played-gchs/10228073002/,0.0028269323946696883
zlib,nonmember,https://www.gadsdentimes.com/story/news/2022/05/06/habitat-dragon-boat-festival-returns-coosa-river-august/9620926002/,0.00189261252939404
zlib,nonmember,https://www.gadsdentimes.com/story/sports/2022/05/15/ahsaa-state-baseball-champiosnhips-2022-high-school-schedule-alabama-jacksonville-state-oxford-title/9789599002/,0.0012443486002292118
zlib,nonmember,https://www.gadsdentimes.com/story/opinion/columns/2022/08/27/opinion-voters-change-in-gadsden-alabama/7865584001/,0.0018068772544130572
zlib,nonmember,https://www.gadsdentimes.com/story/news/politics/elections/local/2022/09/16/a-look-at-mayoral-contender-heather-new/69486948007/,0.000730742885183609
zlib,nonmember,https://www.gadsdentimes.com/story/news/2022/04/27/cleveland-man-killed-two-vehicle-crash-near-guntersville/9549130002/,0.0032361180753685496
zlib,nonmember,https://www.gadsdentimes.com/story/opinion/columns/2022/05/21/john-f-floyd-revisits-airport-controversies/9843422002/,0.0016386884051896443
zlib,nonmember,https://www.gadsdentimes.com/story/news/2022/07/29/58-year-old-gallant-woman-died-thursday-single-vehicle-crash/10187305002/,0.005047298045086679
zlib,nonmember,https://www.gadsdentimes.com/story/sports/college/2022/09/03/jacksonville-state-football-score-updates-davidson-wildcats/65464560007/,0.00405467232030622
zlib,nonmember,https://www.gadsdentimes.com/story/news/2022/04/09/gadsden-teen-surprised-two-year-scholarship-gscc/9501080002/,0.0008816296102702542
zlib,nonmember,https://www.gadsdentimes.com/story/news/2022/04/17/interstate-59-crash-closes-all-lanes-roadway-st-clair-county-alabama/7349856001/,0.007040314851987612
zlib,nonmember,https://www.gadsdentimes.com/story/news/2022/06/01/piedmont-police-say-accused-mobile-home-crasher-injured-fight-after/7469533001/,0.003148825949774197
zlib,nonmember,https://www.gadsdentimes.com/story/opinion/columns/2022/06/05/elaine-harris-spearman-election-challenges/7462167001/,0.0013985775736139522
zlib,nonmember,https://www.gadsdentimes.com/restricted/?return=https%3A%2F%2Fwww.gadsdentimes.com%2Fstory%2Fnews%2F2022%2F04%2F13%2Fretirement-book-gadsden-citys-stewart-dishes-busy-time%2F9490846002%2F,0.0006455876791677979
zlib,nonmember,https://www.gadsdentimes.com/story/news/2022/04/20/gadsden-other-area-responders-continue-search-drowning-victim/7380986001/,0.002277235615682355
zlib,nonmember,https://www.gadsdentimes.com/story/news/2022/04/13/no-drivers-licenses-issued-next-week-alabama/7291230001/,0.006363808619513258
zlib,nonmember,https://www.gadsdentimes.com/story/news/politics/2022/09/15/gadsden-mayoral-election-candidates-craig-ford-heather-brothers-new-debate/69496303007/,0.007695137378576471
zlib,nonmember,https://www.gadsdentimes.com/story/news/2022/09/02/southside-vehicle-motorcycle-crash-results-in-fatality-of-man/65469092007/,0.0023789093227398208
zlib,nonmember,https://www.gadsdentimes.com/story/news/2022/07/14/albertville-al-fire-todd-ridge-road-death-7-year-old/10063487002/,0.004226225930887064
zlib,nonmember,https://www.gadsdentimes.com/story/news/2022/08/06/commercial-vehicle-crashes-goes-up-flames-59/10258790002/,0.003156469385124266
zlib,nonmember,https://www.gadsdentimes.com/story/news/2022/06/27/gadsdenareahomesforsalepricemaylistingsalabama/65359298007/,0.000448842805346299
zlib,nonmember,https://www.gadsdentimes.com/story/news/2022/08/23/election-results-gadsden-municipal-election-2022/7880181001/,0.0017882073011969521
zlib,nonmember,https://www.gadsdentimes.com/story/news/2022/04/28/may-art-exhibits-gadsden-museum-art/7442689001/,0.004408069114393916
zlib,nonmember,https://www.gadsdentimes.com/story/sports/2022/05/27/softball-team-usa-play-exhibition-games-choccolocco-park-july/9966361002/,0.002578581519053844
zlib,nonmember,https://www.gadsdentimes.com/story/lifestyle/columns/2022/07/28/david-murdock-discusses-his-least-favorite-household-chore-laundry/10166803002/,0.0011815501907687883
zlib,nonmember,https://www.gadsdentimes.com/story/lifestyle/columns/2022/04/24/david-murdock-looks-poetry-special-language/7383064001/,0.0011493014661545513
zlib,nonmember,https://www.gadsdentimes.com/story/sports/high-school/baseball/2022/05/07/ahsaa-soccer-westbrook-christian-beats-guntersville-quarterfinal/9589680002/,0.0015046707068773542
zlib,nonmember,https://www.gadsdentimes.com/story/news/2022/07/24/hometown-heroes-event-glencoe-recognizes-those-who-serve-protect/10108731002/,0.0035599873520009784
zlib,nonmember,https://www.gadsdentimes.com/story/news/2022/04/06/sylvania-man-charged-fatal-hit-and-run-crash-near-geraldine/9491734002/,0.0027616243303438793
zlib,nonmember,https://www.gadsdentimes.com/story/news/2022/05/04/mothers-day-weekend-sees-latest-local-first-friday-event/9576800002/,0.002773254706063295
zlib,nonmember,https://www.gadsdentimes.com/story/news/2022/09/01/southside-officials-plan-extensively-for-road-projects-disruptions/65465847007/,0.0019569483005837025
zlib,nonmember,https://www.gadsdentimes.com/story/news/2022/06/03/blind-boys-alabama-julius-love-grammys-blessings-bandmate-passing/9839407002/,0.0009710440205366385
zlib,nonmember,https://www.gadsdentimes.com/story/news/2022/08/03/back-school-etowah-county-schools-make-preparations/10152566002/,0.0009316875208727996
zlib,nonmember,https://www.gadsdentimes.com/story/news/2022/07/11/pedestrian-killed-albertville-highway-431/10027923002/,0.0033732988161594003
zlib,nonmember,https://www.gadsdentimes.com/story/news/politics/elections/local/2022/08/17/gadsden-alabama-politics-city-council-district-2-2022-politicians/10219498002/,0.0005712759769347667
zlib,nonmember,https://www.gadsdentimes.com/story/news/2022/06/30/gadsden-al-womens-reproductive-rights-march-scheduled-saturday/7777104001/,0.004051137477679243
zlib,nonmember,https://www.gadsdentimes.com/story/news/2022/04/11/capital-improvements-underway-gscc/9495794002/,0.0012888368537611915
zlib,nonmember,https://www.gadsdentimes.com/story/sports/college/football/2022/07/26/rich-rodriguez-nil-i-think-college-football-danger-right-now/10156971002/,0.0017644124851596006
zlib,nonmember,https://www.gadsdentimes.com/story/opinion/columns/2022/06/26/toxicity-taking-its-toll-political-realm/7701683001/,0.0013424864175009762
zlib,nonmember,https://www.gadsdentimes.com/story/news/2022/04/08/whats-going-gadsden-area-here-few-things/7168437001/,0.001938429026436808
zlib,nonmember,https://www.gadsdentimes.com/story/news/2022/05/16/former-etowah-jailer-sentenced-calhoun-co-faces-contraband-charge/9731680002/,0.002082485661279101
zlib,nonmember,https://www.gadsdentimes.com/story/news/2022/08/04/city-gadsden-oks-one-time-bonus-retirees-coming-october/10228288002/,0.0022710684896744514
zlib,nonmember,https://www.gadsdentimes.com/story/news/2022/06/09/gadsden-eye-associates-jacksonville-al-open-second-location/7557084001/,0.0034324868510235995
zlib,nonmember,https://www.gadsdentimes.com/story/news/2022/05/15/rainbow-city-new-host-etowah-historical-society/9746771002/,0.0011486753118890045
zlib,nonmember,https://www.gadsdentimes.com/story/news/2022/08/26/decatur-police-motorist-intentionally-hit-killed-woman-he-didnt-know/65459169007/,0.0036543525093022987
zlib,nonmember,https://www.gadsdentimes.com/story/news/2022/07/28/talladega-county-2013-cold-case-suspect-charged-after-arrested-for-2022-attack/10168127002/,0.0016081598891833455
zlib,nonmember,https://www.gadsdentimes.com/story/sports/2022/06/21/reita-clanton-olympic-star-despite-not-having-equal-opportunites/9838895002/,0.0019804826293404196
zlib,nonmember,https://www.gadsdentimes.com/story/news/2022/06/27/childersburg-teen-killed-talladega-county-crash-coleman-bridge/7751062001/,0.0038111055428245214
zlib,nonmember,https://www.gadsdentimes.com/story/news/2022/05/06/escape-how-lauderdale-county-jailer-alabama-corrections-officer-vicky-white-inmate-casey-white/9675820002/,0.0009385175063945951
zlib,nonmember,https://www.gadsdentimes.com/story/news/2022/08/05/rainsville-man-killed-single-vehicle-crash-grey-suv-leaves-scene/10254313002/,0.0027018965906912417
zlib,nonmember,https://www.gadsdentimes.com/story/sports/high-school/baseball/2022/04/23/opening-round-playoff-scores-westbrook-etowah-hokes-bluff-sweep/7399256001/,0.0032964759102868824
zlib,nonmember,https://www.gadsdentimes.com/story/news/2022/05/10/police-unravel-details-lauderdale-escape-jailer-vicky-white-death-casey-white/9718490002/,0.0013812357497432694
zlib,nonmember,https://www.gadsdentimes.com/story/news/2022/05/18/etowah-county-gop-breakfast-saturday/9830326002/,0.010617809972586326
zlib,nonmember,https://www.gadsdentimes.com/story/news/2022/04/28/gadsden-mans-death-jail-under-investigation/9568992002/,0.0024267882668212123
zlib,nonmember,https://www.gadsdentimes.com/story/news/politics/elections/local/2022/08/31/provisional-ballots-for-gadsden-mayor-dont-change-election-outcome/65464689007/,0.00294957783384402
zlib,nonmember,https://www.gadsdentimes.com/story/news/2022/07/20/gadsden-rendering-plant-lawsuit-plaintiffs-drop-remaining-claims/10111808002/,0.001337160167922814
zlib,nonmember,https://www.gadsdentimes.com/story/opinion/columns/2022/09/11/elaine-harris-spearman-discusses-ministers-in-politics/66053387007/,0.001250625261930965
zlib,nonmember,https://www.gadsdentimes.com/story/news/2022/06/06/poet-laureate-national-miss-juneteenth-visit-gadsden-public-library/7462402001/,0.0012920777638651831
zlib,nonmember,https://www.gadsdentimes.com/restricted/?return=https%3A%2F%2Fwww.gadsdentimes.com%2Fstory%2Fnews%2F2022%2F04%2F06%2Fhostel-attalla-alabama-its-there-and-its-something-see%2F7144441001%2F,0.0006455876791677979
zlib,nonmember,https://www.gadsdentimes.com/story/news/local/2022/05/02/lauderdale-county-alabama-escaped-inmate-casey-cole-white-corrections-officer-vicki-white/9615011002/,0.0010503617514754284
zlib,nonmember,https://www.gadsdentimes.com/story/news/politics/elections/local/2022/08/04/gadsden-district-4-city-council-2022-meet-candidates-goals-objectives/10219876002/,0.0011650747101806965
zlib,nonmember,https://www.gadsdentimes.com/story/news/2022/05/18/gadsden-city-council-business-includes-approving-juneteenth-holiday/9807927002/,0.0013368967613742806
zlib,nonmember,https://www.gadsdentimes.com/story/news/2022/07/11/etowah-county-mother-son-charged-theft-hospice-patient/10033828002/,0.003284008289103471
zlib,nonmember,https://www.gadsdentimes.com/story/sports/high-school/2022/09/17/gadsden-area-top-performers-for-week-4-of-high-school-football-ahsaa/68192917007/,0.0016741195367143231
zlib,nonmember,https://www.gadsdentimes.com/story/sports/high-school/soccer/2022/05/09/ahsaa-soccer-pairings-schedules-final-four-huntsville/9675975002/,0.0014472022473792782
zlib,nonmember,https://www.gadsdentimes.com/story/news/2022/08/03/diane-matthews-looks-back-50-years-attalla-city-schools/10183831002/,0.0011090549706342836
zlib,nonmember,https://www.gadsdentimes.com/story/news/2022/09/12/gadsden-covid-numbers-death-this-week/69485890007/,0.00037172809918439615
zlib,nonmember,https://www.gadsdentimes.com/story/sports/high-school/football/2022/08/19/alabama-high-school-football-gadsden-live-updates-scores-week-0/10297192002/,0.003392304684325727
zlib,nonmember,https://www.gadsdentimes.com/story/news/2022/04/16/grmc-hires-new-family-medicine-doctor/7305152001/,0.0033962167201776975
zlib,nonmember,https://www.gadsdentimes.com/story/lifestyle/columns/2022/07/07/david-murdock-reflects-effects-southern-heat/7820686001/,0.001110181570276156
zlib,nonmember,https://www.gadsdentimes.com/story/sports/high-school/football/2022/04/14/dre-kirkpatrick-jr-emerging-fathers-shadow-football-prospect/9513716002/,0.001226998563793099
zlib,nonmember,https://www.gadsdentimes.com/story/news/2022/06/27/marshall-county-man-faces-charges-after-wife-found-shot-face/7750296001/,0.003161357447026403
zlib,nonmember,https://www.gadsdentimes.com/story/sports/high-school/baseball/2022/04/08/auburn-baseball-signee-alex-wade-making-impact-madison-academy/9520396002/,0.0019685547102608635
zlib,nonmember,https://www.gadsdentimes.com/story/lifestyle/columns/2022/04/30/david-murdock-considers-petty-irritations/9558800002/,0.0012259476670078934
zlib,nonmember,https://www.gadsdentimes.com/story/news/2022/09/15/etowah-sheriff-investigating-reported-threat-to-west-end-high-school/69495554007/,0.0030232619750762244
zlib,nonmember,https://www.gadsdentimes.com/story/sports/high-school/football/2022/06/20/ahsaa-alabama-athletic-association-football-chris-stephenson-sardis-high-school-losing-season/7631188001/,0.0013661652830909876
zlib,nonmember,https://www.gadsdentimes.com/story/news/2022/05/19/middle-schools-compete-returning-mock-trial-competition/9796754002/,0.001221994962254806
zlib,nonmember,https://www.gadsdentimes.com/story/news/2022/08/29/gda-covid-19-state-2022-08-29-al-ntgt/65461094007/,0.0003809278992189894
zlib,nonmember,https://www.gadsdentimes.com/story/sports/high-school/baseball/2022/05/15/ahsaa-softball-schedules-state-championship-tournament-oxford/9763969002/,0.001234078242000149
zlib,nonmember,https://www.gadsdentimes.com/story/news/2022/04/29/take-back-day-etowah-county-what-you-should-know/9570548002/,0.0024468552369794434
zlib,nonmember,https://www.gadsdentimes.com/story/news/2022/04/13/marshall-county-crash-monday-resulted-death-birmingham-man/7307320001/,0.0038144274050323857
zlib,nonmember,https://www.gadsdentimes.com/story/news/2022/06/15/gadsden-municipal-elections-kick-off-first-day-qualifying/7619148001/,0.003234940493897299
zlib,nonmember,https://www.gadsdentimes.com/story/news/2022/09/13/boaz-man-faces-attempted-murder-charge-in-connection-with-bat-attack/69492893007/,0.004666049281919103
zlib,nonmember,https://www.gadsdentimes.com/restricted/?return=https%3A%2F%2Fwww.gadsdentimes.com%2Fstory%2Fnews%2Fcrime%2F2022%2F05%2F04%2Fvicky-white-alabama-corrections-officer-casey-white-inmate-escape-plans-undetected%2F9649215002%2F,0.00042304941648189573
zlib,nonmember,https://www.gadsdentimes.com/story/sports/college/football/2022/07/26/jacksonville-state-football-early-bumps-road-offense/10132993002/,0.0013562062963134182
zlib,nonmember,https://www.gadsdentimes.com/story/news/2022/08/18/gadsden-city-council-alabama-politics-noccalula-falls-development/10347477002/,0.0024166140779882245
zlib,nonmember,https://www.gadsdentimes.com/story/news/politics/elections/local/2022/07/26/gadsden-mayor-race-2022-candidates-profiles-goals-objectives/10029226002/,0.0002252744401958071
zlib,nonmember,https://www.gadsdentimes.com/restricted/?return=https%3A%2F%2Fwww.gadsdentimes.com%2Fstory%2Fsports%2Fhigh-school%2Fbaseball%2F2022%2F04%2F23%2Fahsaa-sports-gadsden-area-high-school-top-performers-last-week-april%2F7383280001%2F,0.0006455876791677979
zlib,nonmember,https://www.gadsdentimes.com/story/news/2022/09/15/gop-secretary-of-state-candidate-to-speak-in-rainbow-city/69497599007/,0.009521445140224431
zlib,nonmember,https://www.gadsdentimes.com/story/news/politics/elections/2022/05/20/house-district-28-candidates-gil-isbell-and-mack-butler-answer-questions/9823423002/,0.0011222603234680383
zlib,nonmember,https://www.gadsdentimes.com/story/news/2022/05/20/what-you-need-know-ahead-primary-elections-tuesday/9836113002/,0.0008097244024988196
zlib,nonmember,https://www.gadsdentimes.com/story/news/2022/05/10/community-spring-festival-tap-may-14/9645424002/,0.002968336537150741
zlib,nonmember,https://www.gadsdentimes.com/story/news/2022/05/05/gadsden-city-council-committee-recommend-juneteenth-holiday/9630271002/,0.0011105306718989989
zlib,nonmember,https://www.gadsdentimes.com/story/news/2022/04/22/earth-day-2022-five-ways-zero-waste/7380519001/,0.0017670506886000097
zlib,nonmember,https://www.gadsdentimes.com/story/news/2022/05/30/louisiana-man-faces-charges-fatal-st-clair-county-crash/9993629002/,0.004141810740529941
zlib,nonmember,https://www.gadsdentimes.com/story/news/2022/06/22/etowah-county-credit-union-host-fight-fraud-workshop/7632803001/,0.0008384893083427089
zlib,nonmember,https://www.gadsdentimes.com/story/news/politics/elections/2022/05/24/alabama-primary-election-results-2022-etowah-county-commission-4/9860527002/,0.0045089319380220705
zlib,nonmember,https://www.gadsdentimes.com/story/news/2022/09/08/etowah-native-picked-for-saints-cheerleading-squad/65474871007/,0.0016268494142151798
zlib,nonmember,https://www.gadsdentimes.com/story/sports/high-school/baseball/2022/04/30/ahsaa-baseball-softball-and-soccer-scores-gadsden-area-teams/9558590002/,0.0013436045454568214
zlib,nonmember,https://www.gadsdentimes.com/story/news/2022/07/03/gadsden-municipal-election-mayor-and-three-council-seats-change-coming/7776615001/,0.0008381292715220171
zlib,nonmember,https://www.gadsdentimes.com/restricted/?return=https%3A%2F%2Fwww.gadsdentimes.com%2Fstory%2Fnews%2F2022%2F06%2F08%2Fhomes-selling-sold-completely-online-rainbow-city-alabama-virtual-market%2F7483207001%2F,0.0009190576554398943
zlib,nonmember,https://www.gadsdentimes.com/story/news/2022/06/19/national-miss-juneteenth-reflects-year-titleholder/7608726001/,0.0009551389472823053
zlib,nonmember,https://www.gadsdentimes.com/story/news/2022/04/10/etowah-countys-advocates-recognize-child-abuse-victims-they-serve/9495775002/,0.0014267138217741845
zlib,nonmember,https://www.gadsdentimes.com/story/sports/college/2022/08/27/jacksonville-state-football-rich-rodriguez-take-on-stephen-f-austin-live-updates/7846698001/,0.0021484380091218477
zlib,nonmember,https://www.gadsdentimes.com/story/news/2022/07/22/centre-man-dies-after-crashing-truck-cherokee-county/10130540002/,0.004953477525870077
zlib,nonmember,https://www.gadsdentimes.com/story/news/2022/08/15/rainbow-city-police-get-raise-etowah-911-take-over-dispatching/10287514002/,0.002772279435575482
zlib,nonmember,https://www.gadsdentimes.com/story/news/politics/elections/local/2022/08/18/gadsden-district-3-city-council-2022-meet-candidates-q-a/10271517002/,0.0013409267211586331
zlib,nonmember,https://www.gadsdentimes.com/story/news/2022/07/28/tyn-tymes-gadsden-annual-indoor-beach-party-aug-6-2022/10152370002/,0.0016705876608540196
zlib,nonmember,https://www.gadsdentimes.com/story/news/2022/06/03/guilty-plea-entered-2017-shooting-death-etowah-county-man/7496834001/,0.003955209690456615
zlib,nonmember,https://www.gadsdentimes.com/story/news/2022/06/07/three-string-returns-gadsden-june-17-concert/9946972002/,0.0022965141717952334
zlib,nonmember,https://www.gadsdentimes.com/story/lifestyle/columns/2022/05/19/david-murdock-looks-nature-and-art/9827595002/,0.0012456601651176617
zlib,nonmember,https://www.gadsdentimes.com/story/sports/high-school/baseball/2022/05/17/ahsaa-baseball-trinity-presbyterian-defeats-piedmont-6-5-game-2-3-a-championship/9808672002/,0.0037264808978042466
zlib,nonmember,https://www.gadsdentimes.com/story/news/2022/06/17/shooting-church-gathering-kills-two-injures-one-suspect-custody/7658385001/,0.0014140839738471308
zlib,nonmember,https://www.gadsdentimes.com/story/sports/high-school/soccer/2022/06/02/alabama-high-school-soccer-best-moments-predictions-gadsden-area-2022/9926331002/,0.0013249343264835783
zlib,nonmember,https://www.gadsdentimes.com/story/opinion/columns/2022/08/20/gaa-member-robertson-deserves-debt-gratitude/7837127001/,0.0014098373068799882
zlib,nonmember,https://www.gadsdentimes.com/story/sports/high-school/baseball/2022/04/18/ahsaa-baseball-pairings-first-round-playoffs/7359226001/,0.0014819410713786162
zlib,nonmember,https://www.gadsdentimes.com/story/news/2022/04/26/marshall-county-crash-closed-both-lanes-traffic-al-79/9544952002/,0.005715264676610932
zlib,nonmember,https://www.gadsdentimes.com/story/lifestyle/columns/2022/05/05/david-murdock-looks-mothers-day/9646165002/,0.0011316780362097452
zlib,nonmember,https://www.gadsdentimes.com/story/opinion/columns/2022/04/23/casting-blame-gaas-high-legal-fees/7411386001/,0.0014858291784449922
zlib,nonmember,https://www.gadsdentimes.com/story/news/2022/08/06/ashvilles-looney-house-catches-fire-takes-heavy-damage/10259402002/,0.0038478562634253416
zlib,nonmember,https://www.gadsdentimes.com/story/news/2022/05/27/dna-research-helps-solve-cold-cases-through-family-ties/9927018002/,0.0025761279201177074
zlib,nonmember,https://www.gadsdentimes.com/story/news/2022/05/13/gadsden-senior-wellness-center-project-gets-covid-relief-fund-grant/9761622002/,0.0015286545768490344
zlib,nonmember,https://www.gadsdentimes.com/story/sports/high-school/basketball/2022/04/05/ahsaa-sports-vote-gadsden-area-male-athlete-week/7244574001/,0.0022265452871067194
zlib,nonmember,https://www.gadsdentimes.com/story/news/2022/05/04/etowah-county-commission-hears-families-men-who-died-jail/9634017002/,0.0008580615365366055
zlib,nonmember,https://www.gadsdentimes.com/story/news/2022/05/17/corrections-officer-inmate-relationship-red-flags-vicky-white-casey/9785834002/,0.002799348499083448
zlib,nonmember,https://www.gadsdentimes.com/story/news/2022/08/09/marshall-county-drug-unit-makes-arrest-drugs-linked-three-overdoses/10276661002/,0.003851814590880978
zlib,nonmember,https://www.gadsdentimes.com/story/news/2022/08/03/etowah-county-schools-implements-new-mental-health-initiative/10183600002/,0.0012217155806667102
zlib,nonmember,https://www.gadsdentimes.com/story/news/2022/07/26/etowah-county-property-values-up-according-state-valuations/10143271002/,0.001750024541191084
zlib,nonmember,https://www.gadsdentimes.com/story/news/2022/06/15/why-we-celebrate-heres-some-history-juneteenth/9912202002/,0.0017164519515990172
zlib,nonmember,https://www.gadsdentimes.com/story/news/2022/06/22/etowah-investigators-probe-assault-robbery-north-gadsden-wednesday/7700090001/,0.002690665685143992
zlib,nonmember,https://www.gadsdentimes.com/story/news/2022/05/02/authorities-make-child-porn-arrests/9614224002/,0.0018911742291986432
zlib,nonmember,https://www.gadsdentimes.com/story/sports/high-school/2022/09/16/alabama-high-school-football-scores-live-updates-gadsden-ahsaa-week-4/69497186007/,0.02030917392309732
zlib,nonmember,https://www.gadsdentimes.com/story/news/2022/08/11/gadsden-area-weekend-events-august-12/10292599002/,0.002513452379205387
zlib,nonmember,https://www.gadsdentimes.com/story/news/2022/08/10/gadsden-board-commends-walnut-park-staff-response-emergency/10241132002/,0.0025995345622013863
zlib,nonmember,https://www.gadsdentimes.com/story/news/2022/05/06/attallas-150th-birthday-party-downtown-tap-may-21/9541040002/,0.001852385850631944
zlib,nonmember,https://www.gadsdentimes.com/story/sports/college/football/2022/04/01/rich-rodriguez-players-looking-forward-jacksonville-state-spring-football/7168526001/,0.0013755356562182492
zlib,nonmember,https://www.gadsdentimes.com/restricted/?return=https%3A%2F%2Fwww.gadsdentimes.com%2Fstory%2Fsports%2Fhigh-school%2F2022%2F05%2F16%2Fahsaa-alabama-high-school-baseball-state-championship-predictions%2F9676171002%2F,0.00042304941648189573
zlib,nonmember,https://www.gadsdentimes.com/restricted/?return=https%3A%2F%2Fwww.gadsdentimes.com%2Fstory%2Fsports%2Fhigh-school%2Fsoftball%2F2022%2F05%2F12%2Fahsaa-softball-lydia-west-overcoming-hydrocephalus-leading-geradline%2F9702945002%2F,0.00042304941648189573
zlib,nonmember,https://www.gadsdentimes.com/story/news/2022/04/25/discussions-continue-rendering-plant-lawsuit-no-resolution-reached/7357683001/,0.0018840872414931052
zlib,nonmember,https://www.gadsdentimes.com/story/news/2022/07/12/gadsden-area-homes-for-sale-price-june-listings-alabama/65366996007/,0.000498456287794957
zlib,nonmember,https://www.gadsdentimes.com/story/opinion/columns/2022/04/16/john-floyd-looks-area-sports-complexes/7331343001/,0.0011897472775824597
zlib,nonmember,https://www.gadsdentimes.com/story/sports/college/football/2022/08/08/jacksonville-state-football-what-south-carolina-paying-2023-game/10266641002/,0.0027614306340600636
zlib,nonmember,https://www.gadsdentimes.com/story/news/2022/05/17/jsu-host-musical-version-little-women-over-six-day-run/9798237002/,0.0019922583806752017
zlib,nonmember,https://www.gadsdentimes.com/story/news/2022/05/11/vicky-white-casey-white-back-alabama-capture-recordings-released/9732565002/,0.0013292326174054608
zlib,nonmember,https://www.gadsdentimes.com/story/news/2022/06/30/rewinding-gruesome-1911-murders-greasy-cove/7584540001/,0.0008835410244888652
zlib,nonmember,https://www.gadsdentimes.com/story/sports/high-school/tennis/2022/04/14/sardis-caroline-johnson-wins-class-4-a-5-a-section-6-singles-title/7309339001/,0.0012448853057833308
zlib,nonmember,https://www.gadsdentimes.com/story/sports/high-school/2022/08/27/gadsden-area-high-school-top-performers-for-last-full-week-of-august/65418929007/,0.0015755205662344829
zlib,nonmember,https://www.gadsdentimes.com/story/sports/high-school/2022/09/02/alabama-high-school-football-scores-live-updates-gadsden-ahsaa-week-2/65469048007/,0.021630889935030453
zlib,nonmember,https://www.gadsdentimes.com/story/news/2022/06/22/local-special-needs-children-take-baseball-field-miracle-league/7637544001/,0.0018905109664295854
zlib,nonmember,https://www.gadsdentimes.com/story/news/2022/04/19/commissioners-cut-sheriffs-expense-allowance/7363238001/,0.00377355376409257
zlib,nonmember,https://www.gadsdentimes.com/story/news/2022/06/25/races-shape-up-qualifying-continues-gadsden-municipal-elections/7720193001/,0.0035029772692230263
zlib,nonmember,https://www.gadsdentimes.com/story/news/2022/07/26/august-exhibits-scheduled-gadsden-museum-art/10121965002/,0.003687183539066123
zlib,nonmember,https://www.gadsdentimes.com/story/news/2022/05/27/six-shot-anniston-graduation-party-injuries-not-life-threatening/9967636002/,0.002373308293073885
zlib,nonmember,https://www.gadsdentimes.com/story/news/2022/04/20/group-says-coosa-among-most-endangered-rivers/7361126001/,0.0012022741332174736
zlib,nonmember,https://www.gadsdentimes.com/story/opinion/columns/2022/08/14/elaine-harris-spearman-cites-importance-candidates-plans/10280732002/,0.0014320770427532208
zlib,nonmember,https://www.gadsdentimes.com/story/sports/high-school/football/2022/08/16/gadsden-area-high-school-football-season-preview-2022/10341820002/,0.0020746095565565914
zlib,nonmember,https://www.gadsdentimes.com/story/news/2022/08/08/marshall-county-pawn-shop-raided-property-seized-six-people-charged/10269989002/,0.0018198753874246166
zlib,nonmember,https://www.gadsdentimes.com/story/sports/high-school/baseball/2022/04/05/ahsaa-sports-gadsden-area-high-school-top-performers-first-week-april/7244642001/,0.0010085302924069351
zlib,nonmember,https://www.gadsdentimes.com/story/news/2022/08/12/extension-program-seeks-promote-successful-birth-outcomes/10280716002/,0.0021139994343728125
zlib,nonmember,https://www.gadsdentimes.com/story/sports/high-school/baseball/2022/05/17/ahsaa-baseball-etowah-defeats-mobile-christian-game-one-class-4-a-state/9763907002/,0.0024816450084955907
zlib,nonmember,https://www.gadsdentimes.com/restricted/?return=https%3A%2F%2Fwww.gadsdentimes.com%2Fstory%2Fnews%2F2022%2F04%2F07%2Fcovid-fallout-could-affect-job-market-years-come-analysts-say%2F7248062001%2F,0.0006455876791677979
zlib,nonmember,https://www.gadsdentimes.com/story/news/2022/06/17/hsprac-director-raises-questions-finances-his-firing/9795809002/,0.001298859884654896
zlib,nonmember,https://www.gadsdentimes.com/restricted/?return=https%3A%2F%2Fwww.gadsdentimes.com%2Fstory%2Fsports%2Fhigh-school%2Fbaseball%2F2022%2F04%2F30%2Fahsaa-top-performers-gadsden-area-spring-sports%2F9589665002%2F,0.00042304941648189573
zlib,nonmember,https://www.gadsdentimes.com/story/news/politics/elections/local/2022/08/01/district-5-school-board-2022-meet-candidates-q-a-gadsden/10074809002/,0.001551579117414878
zlib,nonmember,https://www.gadsdentimes.com/story/news/2022/06/08/upper-level-disturbances-leads-flooding-county/7552328001/,0.003057319455890121
zlib,nonmember,https://www.gadsdentimes.com/story/opinion/columns/2022/05/15/elaine-harris-spearman-commentary-truth-behind-political-labels/9663229002/,0.0014091100632754189
zlib,nonmember,https://www.gadsdentimes.com/story/news/2022/07/12/three-fires-glencoe-gadsden-three-firefighters-get-minor-injuries/10039042002/,0.0019001829965604269
zlib,nonmember,https://www.gadsdentimes.com/story/news/2022/04/03/vehicle-involved-fatal-crash-hit-teen-left-scene-sought/7264361001/,0.004519522206452181
zlib,nonmember,https://www.gadsdentimes.com/story/sports/2022/06/22/vonetta-flowers-first-black-athlete-gold-medal-winter-olympics-title-ix/9838930002/,0.001924999136559947
zlib,nonmember,https://www.gadsdentimes.com/story/sports/high-school/basketball/2022/04/05/ahsaa-girls-basketball-southside-coach-kim-nails-announces-retirement/9470525002/,0.002381400936098337
zlib,nonmember,https://www.gadsdentimes.com/story/news/2022/06/14/flag-day-stars-and-stripes-have-represented-nations-growth/7470256001/,0.0014362094362602902
zlib,nonmember,https://www.gadsdentimes.com/story/news/2022/05/31/city-gadsden-provide-free-meals-through-summer-food-service-program/9958706002/,0.0019247971822480383
zlib,nonmember,https://www.gadsdentimes.com/story/news/education/2022/06/02/afterschool-program-studies-world-games/7457781001/,0.003338916703137928
zlib,nonmember,https://www.gadsdentimes.com/story/news/2022/07/11/centre-crash-woman-killed-sunday-single-vehicle-troopers-say/10031246002/,0.00457815438411524
zlib,nonmember,https://www.gadsdentimes.com/story/news/2022/06/07/flash-flooding-heavy-rains-gadsden-area-required-water-rescues/7548122001/,0.0020409069453571405
zlib,nonmember,https://www.gadsdentimes.com/story/news/2022/04/02/hokes-bluff-structure-fire-friday-brings-out-multiple-fire-departments/7255609001/,0.005386359633365789
zlib,nonmember,https://www.gadsdentimes.com/story/news/crime/2022/08/26/former-gadsden-bbva-branch-manager-gets-federal-sentence-dorinda-lumpkin/65457626007/,0.002943526682443019
zlib,nonmember,https://www.gadsdentimes.com/restricted/?return=https%3A%2F%2Fwww.gadsdentimes.com%2Fstory%2Fnews%2F2022%2F05%2F27%2Fdna-search-angel-canadian-police-help-daughter-find-her-dad%2F7396513001%2F,0.0006835451458833184
zlib,nonmember,https://www.gadsdentimes.com/story/news/2022/05/04/crenshaw-county-cold-case-who-killed-delange-harris-11-years-ago/9646052002/,0.002282294459018504
zlib,nonmember,https://www.gadsdentimes.com/story/news/2022/06/13/2022-barbarian-challenge-june-18/7611291001/,0.0014165872226598625
zlib,nonmember,https://www.gadsdentimes.com/story/opinion/columns/2022/04/10/elaine-h-spearman-considers-smith-rock-incident/9489277002/,0.0011223429698164747
zlib,nonmember,https://www.gadsdentimes.com/story/news/2022/09/09/etowah-sheriffs-office-offers-247-place-to-dispose-of-medication/66836354007/,0.0018972884312087174
zlib,nonmember,https://www.gadsdentimes.com/story/news/2022/06/25/kansas-city-barbeque-society-preps-world-invitational-gadsden/7717226001/,0.0014091250209044733
zlib,nonmember,https://www.gadsdentimes.com/story/sports/high-school/soccer/2022/05/04/ahsaa-soccer-pairings-schedules-gadsden-area-teams-quarterfinals/9643303002/,0.002906222218550772
zlib,nonmember,https://www.gadsdentimes.com/story/news/2022/04/04/one-dead-early-morning-house-fire-attalla/7269377001/,0.0031801839430687234
zlib,nonmember,https://www.gadsdentimes.com/story/news/2022/04/30/hsprac-participate-empty-shelter-national-initiative/9583979002/,0.001396432997333193
zlib,nonmember,https://www.gadsdentimes.com/story/lifestyle/columns/2022/06/30/david-murdock-july-4th-column/7767814001/,0.0011041146503113458
zlib,nonmember,https://www.gadsdentimes.com/story/news/2022/06/30/alea-issues-boating-safety-tips-ahead-fourth-july-weekend/7758471001/,0.001421942901500527
zlib,nonmember,https://www.gadsdentimes.com/story/news/politics/elections/2022/05/24/alabama-primary-election-results-etowah-county-commission-5-jeffery-washington/9860540002/,0.0067360446405999065
zlib,nonmember,https://www.gadsdentimes.com/story/news/2022/09/13/trolley-dart-bus-riders-will-have-to-pay-again-in-october/68231021007/,0.004741703603357366
zlib,nonmember,https://www.gadsdentimes.com/story/news/2022/07/26/talladega-police-look-suspects-shooting-attempted-robbery/10156623002/,0.0022916445202575053
zlib,nonmember,https://www.gadsdentimes.com/restricted/?return=https%3A%2F%2Fwww.gadsdentimes.com%2Fstory%2Fnews%2F2022%2F05%2F27%2Fdna-search-angel-grandmother-reveals-family-secret-maine%2F7396499001%2F,0.0006835451458833184
zlib,nonmember,https://www.gadsdentimes.com/story/news/2022/04/13/sports-authority-changes-ahead-current-board-expects-finish-fields/7280516001/,0.0014571430521334214
zlib,nonmember,https://www.gadsdentimes.com/story/news/politics/2022/04/13/james-brooks-speak-local-gop-event/7311406001/,0.009374601062202274
zlib,nonmember,https://www.gadsdentimes.com/story/news/2022/04/01/united-ways-annual-meeting-april-7/7231428001/,0.005798978999509374
zlib,nonmember,https://www.gadsdentimes.com/story/lifestyle/columns/2022/08/11/david-murdock-column-mister-rogers-experience/10280750002/,0.0010762459540058682
zlib,nonmember,https://www.gadsdentimes.com/story/opinion/columns/2022/04/03/constitutional-carry-bad-move/7210702001/,0.001144994025794776
zlib,nonmember,https://www.gadsdentimes.com/story/sports/college/football/2022/08/26/jacksonville-state-football-fcs-kickoff-game-against-stephen-f-auston/10312528002/,0.0012110036311142414
zlib,nonmember,https://www.gadsdentimes.com/story/opinion/columns/2022/08/28/elaine-harris-spearman-new-gadsden-leaders-must-bring-fresh-approach/10353569002/,0.0014383054747168199
zlib,nonmember,https://www.gadsdentimes.com/restricted/?return=https%3A%2F%2Fwww.gadsdentimes.com%2Fstory%2Fnews%2F2022%2F04%2F17%2Fmelendez-focused-community-growth-times-square-locust-street%2F7282089001%2F,0.0006455876791677979
zlib,nonmember,https://www.gadsdentimes.com/story/news/2022/08/23/gulf-coast-retail-gas-prices-continue-falling-alabama/65414964007/,0.001431803959034734
zlib,nonmember,https://www.gadsdentimes.com/story/news/2022/05/19/skid-row-ready-rock-live-rock-concert-albertville/9744814002/,0.0011069640289564557
zlib,nonmember,https://www.gadsdentimes.com/story/news/2022/07/22/calhoun-county-sheriff-dna-link-between-july-2012-july-2022-attacks/10124366002/,0.0012938310608284695
zlib,nonmember,https://www.gadsdentimes.com/story/news/2022/06/06/construction-accident-whorton-bend-home-site-injures-worker/7537322001/,0.0049453663717168896
zlib,nonmember,https://www.gadsdentimes.com/story/news/2022/08/02/gadsden-district-5-city-council-2022-candidates-objectives-goals/10185090002/,0.0017190092074486638
zlib,nonmember,https://www.gadsdentimes.com/story/news/2022/06/19/collinsville-man-killed-motorcycle-crash-interstate-59/7676730001/,0.005981924274627231
zlib,nonmember,https://www.gadsdentimes.com/story/sports/high-school/baseball/2022/05/06/ahsaa-baseball-softball-and-soccer-scores-gadsden-area-teams/9589683002/,0.0011011704722038295
zlib,nonmember,https://www.gadsdentimes.com/story/news/2022/06/08/storm-bombards-east-etowah-5-5-inches-rain-causing-damage/7552145001/,0.0014350267729468721
zlib,nonmember,https://www.gadsdentimes.com/story/news/2022/08/11/mitchell-returns-gadsden-state-community-college/10268616002/,0.0009879507697666723
zlib,nonmember,https://www.gadsdentimes.com/story/news/2022/09/16/4-h-chick-chain-participants-look-to-auction/69494017007/,0.002197137897779417
zlib,nonmember,https://www.gadsdentimes.com/story/sports/high-school/softball/2022/04/11/ahsaa-sports-vote-gadsden-area-female-athlete-week/9513649002/,0.0018725578346278592
zlib,nonmember,https://www.gadsdentimes.com/story/sports/2022/06/24/marianne-merritt-auburn-basketball-great-title-ix/9839009002/,0.002027119266464986
zlib,nonmember,https://www.gadsdentimes.com/story/sports/high-school/baseball/2022/04/23/ahsaa-baseball-gadsden-area-scores-first-round-1-a-6-a-playoffs/7382378001/,0.0015794888117585148
zlib,nonmember,https://www.gadsdentimes.com/story/news/2022/06/27/hunter-bellew-sentenced-rainbow-city-murder-tony-mccartney/7744837001/,0.0023109938367212113
zlib,nonmember,https://www.gadsdentimes.com/restricted/?return=https%3A%2F%2Fwww.gadsdentimes.com%2Fstory%2Fsports%2Fhigh-school%2Fsoccer%2F2022%2F04%2F27%2Fahsaa-girls-boys-soccer-playoffs-gadsden-area-players-to-watch%2F7383251001%2F,0.0005822635200887692
zlib,nonmember,https://www.gadsdentimes.com/story/news/2022/07/12/man-dies-cherokee-county-crash-cement-mixer-alabama-highway-68/10034490002/,0.004648719949065081
zlib,nonmember,https://www.gadsdentimes.com/story/opinion/columns/2022/09/17/john-f-floyd-looks-at-gadsdens-finances/69494145007/,0.001465633363937073
zlib,nonmember,https://www.gadsdentimes.com/story/news/2022/04/06/etowah-area-schools-close-1-30-p-m-because-weather-threat/9486128002/,0.008166166718952915
zlib,nonmember,https://www.gadsdentimes.com/story/news/2022/05/14/alabama-transgender-medication-law-blocked-judge/9775330002/,0.0007270734370084373
zlib,nonmember,https://www.gadsdentimes.com/story/news/2022/06/07/gadsden-rendering-plant-lawsuit-dismissed-plaintiffs-achieved-goal/7543106001/,0.0009399258160344122
zlib,nonmember,https://www.gadsdentimes.com/story/news/2022/07/22/gadsden-city-council-tackles-number-topics/10112692002/,0.0014394522134325842
zlib,nonmember,https://www.gadsdentimes.com/story/news/2022/08/14/clay-county-sheriff-one-killed-suspect-shot-attempted-robbery/10324587002/,0.0035057381051269475
zlib,nonmember,https://www.gadsdentimes.com/story/news/2022/05/20/missing-man-found/9854279002/,0.008138244162112212
zlib,nonmember,https://www.gadsdentimes.com/story/news/2022/06/30/st-stephens-episcopal-church-shooting-local-congregations-consider-safety/7658036001/,0.001026546935585886
zlib,nonmember,https://www.gadsdentimes.com/story/news/2022/05/17/mentone-host-big-art-pop-up-event-weekend/9798032002/,0.0028381501304275674
zlib,nonmember,https://www.gadsdentimes.com/story/opinion/letters/2022/08/08/letter-editor/10265957002/,0.0018844653266170959
zlib,nonmember,https://www.gadsdentimes.com/story/news/2022/05/13/tips-best-tomato-varieties/9663903002/,0.0025254976496257133
zlib,nonmember,https://www.gadsdentimes.com/story/sports/high-school/football/2022/05/27/ahsaa-football-glencoe-coach-jamison-wadley-out-looking-new-coach/9967329002/,0.0025999001630943193
zlib,nonmember,https://www.gadsdentimes.com/story/news/2022/09/15/west-end-high-school-alabama-walnut-grove-threat-hoax-al/69497824007/,0.0022486736717065485
zlib,nonmember,https://www.gadsdentimes.com/story/news/2022/07/20/lorrie-morgan-2022-hokes-bluff-cityfest/10088641002/,0.0016080684987307906
zlib,nonmember,https://www.gadsdentimes.com/story/sports/high-school/baseball/2022/05/09/poll-gadsden-area-boys-high-school-athlete-week-voting/9675522002/,0.0016629527917709805
zlib,nonmember,https://www.gadsdentimes.com/story/news/2022/07/14/second-riverfest-river-rocks-held-gadsden-oct-1/10039056002/,0.0018252643398071538
zlib,nonmember,https://www.gadsdentimes.com/story/opinion/columns/2022/08/21/elaine-harris-spearman-discusses-search-trumps-property/10353542002/,0.0016182197822818256
zlib,nonmember,https://www.gadsdentimes.com/story/sports/college/football/2022/05/20/jacksonville-state-football-offensive-coordinator-calvin-magee-dies/9862276002/,0.00156434061138338
zlib,nonmember,https://www.gadsdentimes.com/story/sports/high-school/basketball/2022/04/05/ahsaa-sports-vote-gadsden-area-female-athlete-week/7244564001/,0.002112049295451631
zlib,nonmember,https://www.gadsdentimes.com/story/news/2022/05/06/extension-corner-backyard-poultry/9656872002/,0.0030232065266519756
zlib,nonmember,https://www.gadsdentimes.com/story/lifestyle/columns/2022/04/17/david-murdock-looks-back-easters-past/7318677001/,0.0012064709746211542
zlib,nonmember,https://www.gadsdentimes.com/story/news/2022/04/28/mothers-day-gift-ideas/7440243001/,0.002101218388479529
zlib,nonmember,https://www.gadsdentimes.com/story/news/2022/07/01/omicron-subvariants-increasing-covid-19-cases-ris-in-alabama/7787527001/,0.001430149205360265
zlib,nonmember,https://www.gadsdentimes.com/story/sports/high-school/2022/05/04/ahsaa-boys-soccer-fort-paynes-rafael-robles-scores-twice-lead-over-southside/9589601002/,0.0013723632183728185
zlib,nonmember,https://www.gadsdentimes.com/story/news/2022/04/25/gadsden-man-dies-single-vehicle-crash/7447825001/,0.00300644368371689
zlib,nonmember,https://www.gadsdentimes.com/story/sports/college/2022/08/28/rich-rodriguez-jacksonville-state-football-first-game-stephen-f-austin-fcs-kickoff/7846701001/,0.0013992524079781562
zlib,nonmember,https://www.gadsdentimes.com/story/sports/college/football/2022/04/12/jacksonville-state-football-rich-rodriguez-talks-roster-numbers/7290936001/,0.0014281569695383503
zlib,nonmember,https://www.gadsdentimes.com/story/news/2022/07/06/gadsden-voters-should-check-voting-record-note-changed-polling-places/7778924001/,0.0026320313986265024
zlib,nonmember,https://www.gadsdentimes.com/story/news/2022/07/06/i-59-expect-shift-traffic-reece-city-north-project-begins/7823786001/,0.0030648733209088824
zlib,nonmember,https://www.gadsdentimes.com/story/news/2022/08/27/gadsden-car-break-ins-phil-street-shootout-southside-police-investigate/65459911007/,0.0033514308009398204
zlib,nonmember,https://www.gadsdentimes.com/story/news/2022/07/12/noccalula-road-crash-claims-life-motorcycle-driver/10041103002/,0.004192035684997887
zlib,nonmember,https://www.gadsdentimes.com/story/sports/college/2022/09/09/3-things-to-know-jacksonville-state-football-faces-murray-state/65579393007/,0.0022278848930502417
zlib,nonmember,https://www.gadsdentimes.com/story/news/2022/06/02/etowah-election-results-challenged-commission-house-candidates/7481804001/,0.0017648000921566106
zlib,nonmember,https://www.gadsdentimes.com/story/news/2022/07/20/four-years-after-ef-3-tornado-hit-campus-jsu-reopens-merrill-hall/10099280002/,0.0020065851105502573
zlib,nonmember,https://www.gadsdentimes.com/story/opinion/columns/2022/07/03/right-choose-front-and-center-us-discourse/7761764001/,0.0012677885711930696
zlib,nonmember,https://www.gadsdentimes.com/restricted/?return=https%3A%2F%2Fwww.gadsdentimes.com%2Fstory%2Fsports%2Fhigh-school%2F2022%2F05%2F09%2Fahsaa-top-performers-gadsden-area-spring-sports%2F9675615002%2F,0.00042304941648189573
zlib,nonmember,https://www.gadsdentimes.com/restricted/?return=https%3A%2F%2Fwww.gadsdentimes.com%2Fstory%2Fnews%2F2022%2F04%2F21%2Fsouthside-development-brings-restaurant-playground-boat-launch%2F7366665001%2F,0.0006455876791677979
zlib,nonmember,https://www.gadsdentimes.com/story/news/2022/09/02/lawn-burweed-its-time-to-start-fighting/65466980007/,0.0020864861341219963
zlib,nonmember,https://www.gadsdentimes.com/story/sports/high-school/football/2022/06/13/ahsaa-football-chris-stephenson-hired-football-coach-sardis/7617174001/,0.0033454629283210056
zlib,nonmember,https://www.gadsdentimes.com/story/news/2022/05/20/etowah-countys-robotics-programs-who-they-what-they-do/9616054002/,0.0009028544379354619
zlib,nonmember,https://www.gadsdentimes.com/story/sports/high-school/soccer/2022/05/02/ahsaa-soccer-pairings-schedules-gadsden-area-teams/9614127002/,0.0020671697358851473
zlib,nonmember,https://www.gadsdentimes.com/story/news/2022/09/03/strike-up-the-bands-etowah-county-bandcheer-expo-is-tuesday/65470102007/,0.004251947700734564
zlib,nonmember,https://www.gadsdentimes.com/story/news/2022/06/13/gadsden-council-consider-moving-funds-cover-higher-gas-oil-costs/7610275001/,0.0018752501450109043
zlib,nonmember,https://www.gadsdentimes.com/story/news/2022/06/10/tillison-bend-campground-owner-road-controversy/7567475001/,0.0016403470848559188
zlib,nonmember,https://www.gadsdentimes.com/story/opinion/columns/2022/04/30/john-floyd-offers-seniors-viewpoint/9575623002/,0.0014595696275117851
zlib,nonmember,https://www.gadsdentimes.com/story/news/2022/06/23/john-jacobs-announces-run-mayor-gadsden/7703889001/,0.0021687495004532086
zlib,nonmember,https://www.gadsdentimes.com/story/opinion/columns/2022/09/18/recent-announcements-bring-surge-of-hope-for-gadsden/69494022007/,0.00156177581508103
zlib,nonmember,https://www.gadsdentimes.com/story/news/2022/05/06/theater-group-sets-summer-production/9645675002/,0.0018462388622791548
zlib,nonmember,https://www.gadsdentimes.com/story/news/2022/06/13/pet-week-june-13/7557714001/,0.005538367160528017
zlib,nonmember,https://www.gadsdentimes.com/story/news/2022/06/28/gadsden-alabama-municipal-election-candidates-mayor-city-council-board-education-races/7755884001/,0.002658982857055556
zlib,nonmember,https://www.gadsdentimes.com/story/news/2022/04/28/officers-receive-commendation-attempted-river-rescue/9558750002/,0.0028257812425123647
zlib,nonmember,https://www.gadsdentimes.com/story/news/2022/09/09/potential-sale-of-goodyear-property-could-bring-multiple-industries/67986294007/,0.001736437040543782
zlib,nonmember,https://www.gadsdentimes.com/story/news/2022/04/13/united-way-honors-top-contributors-2022-annual-meeting/9472571002/,0.0012576105491305032
zlib,nonmember,https://www.gadsdentimes.com/story/opinion/columns/2022/05/15/john-f-floyd-commentary-its-best-not-sleep-vladimire-putins-threats-in-ukraine/9663167002/,0.001454345377211681
zlib,nonmember,https://www.gadsdentimes.com/story/news/2022/04/07/albertville-police-investigate-fatal-shooting-highpoint-road/9506483002/,0.0028402000335604866
zlib,nonmember,https://www.gadsdentimes.com/story/news/2022/06/18/gadsden-municipal-races-draw-25-candidates-first-week/7658068001/,0.004928296776795357
zlib,nonmember,https://www.gadsdentimes.com/restricted/?return=https%3A%2F%2Fwww.gadsdentimes.com%2Fstory%2Fnews%2F2022%2F05%2F27%2Fdna-search-angel-tracks-down-unknown-family-members%2F7396461001%2F,0.0006835451458833184
zlib,nonmember,https://www.gadsdentimes.com/story/news/2022/07/29/alabama-extension-seeks-watershed-stewards/10173039002/,0.0019426633645363795
zlib,nonmember,https://www.gadsdentimes.com/story/news/2022/05/27/look-into-history-military-appreciation-may/9906650002/,0.0015369308931194358
zlib,nonmember,https://www.gadsdentimes.com/story/news/2022/09/06/grace-academy-to-provide-free-trades-training-to-local-residents/65466226007/,0.001199852425332253
zlib,nonmember,https://www.gadsdentimes.com/story/news/2022/09/08/alabama-truck-stop-carjacking-suspect-shot-to-death-after-chase-shooting-at-police/66734284007/,0.0028025841326777467
zlib,nonmember,https://www.gadsdentimes.com/story/news/2022/04/29/gadsdens-youth-government-day/9568890002/,0.0022321536091579022
zlib,nonmember,https://www.gadsdentimes.com/story/news/2022/04/18/funeral-today-former-state-senator-gadsden-attorney-larry-keener/7332497001/,0.002512016269337798
zlib,nonmember,https://www.gadsdentimes.com/story/news/2022/06/01/commissioners-hold-special-called-meeting/7453931001/,0.001797669679566805
zlib,nonmember,https://www.gadsdentimes.com/story/news/2022/07/02/east-alabama-residents-march-womens-reproductive-rights/7776398001/,0.0013228143095142416
zlib,nonmember,https://www.gadsdentimes.com/story/news/2022/05/02/etowah-schools-dare-program-offers-evolving-lessons-changing-times/9585439002/,0.0016727097518107355
zlib,nonmember,https://www.gadsdentimes.com/story/news/2022/05/30/piedmont-woman-charged-after-truck-crashes-into-mobile-home/9992603002/,0.004051114350751585
zlib,nonmember,https://www.gadsdentimes.com/story/news/2022/08/05/horton-tameron-honda-etowah-co-boe-provide-sro-glencoe-elementary/10180890002/,0.002173569576452911
zlib,nonmember,https://www.gadsdentimes.com/restricted/?return=https%3A%2F%2Fwww.gadsdentimes.com%2Fstory%2Fnews%2F2022%2F05%2F02%2Falabama-jail-escape-lauderdale-county-vicky-white-etowah-mario-centobie%2F9617830002%2F,0.00042304941648189573
zlib,nonmember,https://www.gadsdentimes.com/story/news/2022/08/31/attalla-double-murder-case-expected-go-trial-january-joseph-randel-brown/65461894007/,0.002441073958427638
zlib,nonmember,https://www.gadsdentimes.com/restricted/?return=https%3A%2F%2Fwww.gadsdentimes.com%2Fstory%2Fsports%2Fhigh-school%2Fsoftball%2F2022%2F05%2F16%2Fahsaa-high-school-baseball-state-championship-predictions%2F9763768002%2F,0.00042304941648189573
zlib,nonmember,https://www.gadsdentimes.com/story/sports/college/football/2022/06/13/jacksonville-state-football-rod-smith-hired-offensive-coordinator/7612679001/,0.002609971147179901
zlib,nonmember,https://www.gadsdentimes.com/story/sports/high-school/2022/05/16/etowah-baseball-catcher-tandem-among-best-ahsaa/9675598002/,0.0015546091205753331
zlib,nonmember,https://www.gadsdentimes.com/story/news/2022/08/07/gadsden-city-etowah-county-attalla-school-systems-principals-list/10170783002/,0.0030095578546990146
zlib,nonmember,https://www.gadsdentimes.com/story/news/2022/05/27/dna-search-angel-finds-relatives-through-genetic-genealogy/7396520001/,0.0010596012471428794
zlib,nonmember,https://www.gadsdentimes.com/story/sports/high-school/basketball/2022/05/14/jacksonville-state-alex-odam-announces-commitment-twitter/9775934002/,0.002859171383993979
zlib,nonmember,https://www.gadsdentimes.com/story/news/2022/09/06/bryant-man-killed-in-early-morning-crash-in-dekalb-county/65473968007/,0.004640952309119238
zlib,nonmember,https://www.gadsdentimes.com/story/opinion/columns/2022/07/10/elaine-h-spearman-reflects-first-black-woman-supreme-court/7820558001/,0.001379702951409707
zlib,nonmember,https://www.gadsdentimes.com/story/sports/high-school/basketball/2022/04/13/ahsaa-basketball-8-gadsden-area-players-selected-north-all-star-team/7300629001/,0.0028158929420020132
zlib,nonmember,https://www.gadsdentimes.com/story/sports/high-school/2022/05/11/ahsaa-baseball-etowah-sweeps-hamilton-reach-state-championship/9675591002/,0.0015683153806779065
zlib,nonmember,https://www.gadsdentimes.com/story/news/2022/06/07/etowah-republican-primary-vote-contests-heard-later-month/7530704001/,0.0022992276442921
zlib,nonmember,https://www.gadsdentimes.com/story/sports/high-school/track-field/2022/05/06/ahsaa-track-and-field-westbrook-christians-carl-henry-breaks-shot-put-record/9679938002/,0.0032959261597127146
zlib,nonmember,https://www.gadsdentimes.com/story/news/2022/07/21/gadsden-area-excessive-heat-warning-heat-advisory/10116415002/,0.001568058856460807
zlib,nonmember,https://www.gadsdentimes.com/story/news/2022/06/15/chamber-gadsden-etowah-county-3-star-accreditation/7627609001/,0.0023328826353659275
zlib,nonmember,https://www.gadsdentimes.com/story/news/2022/08/22/jacksonville-shooting-man-faces-manslaughter-charge-justin-racca/7867769001/,0.0030653564715684505
zlib,nonmember,https://www.gadsdentimes.com/story/sports/college/baseball/2022/05/17/gadsden-state-names-blake-lewis-baseball-coach-athletic-director/9809700002/,0.0025614118691244807
zlib,nonmember,https://www.gadsdentimes.com/story/news/local/2022/04/03/examinations-faith-spring-brings-holy-days-several-religions/7121578001/,0.001878937795682773
zlib,nonmember,https://www.gadsdentimes.com/story/news/2022/07/05/when-harry-met-archie-wade/7772755001/,0.0012074412269734215
zlib,nonmember,https://www.gadsdentimes.com/story/news/2022/04/29/lauderdale-county-co-and-capital-murder-suspect-missing/9592553002/,0.0017247439902666976
zlib,nonmember,https://www.gadsdentimes.com/story/news/2022/06/10/etowah-county-extension-seeks-public-input-feedback/7558917001/,0.003037350711369619
zlib,nonmember,https://www.gadsdentimes.com/story/sports/high-school/baseball/2022/05/06/ahsaa-soccer-leah-lewis-leads-southside-over-springville-6-a-playoffs/9589654002/,0.0013846097106009448
zlib,nonmember,https://www.gadsdentimes.com/story/news/2022/05/06/commissioners-approve-partnership-gadsden-sardis-city/9616035002/,0.0017774893071154814
zlib,nonmember,https://www.gadsdentimes.com/story/news/2022/04/21/albertville-man-charged-sex-crimes-going-investigation/7394034001/,0.002619340577041244
zlib,nonmember,https://www.gadsdentimes.com/story/business/2022/07/11/gadsden-al-readers-choice-awards-voting-2022/10030579002/,0.0008662506522395463
zlib,nonmember,https://www.gadsdentimes.com/story/news/2022/04/04/pet-week-april-4/7247344001/,0.006202587622654225
zlib,nonmember,https://www.gadsdentimes.com/story/news/2022/07/13/gda-covid-19-state-2022-07-11-al-ntgt/65370467007/,0.00035065186251366406
zlib,nonmember,https://www.gadsdentimes.com/story/news/2022/04/28/southside-police-make-arrest-stolen-cell-phone-card-fraud-case/9575057002/,0.00375758435301925
zlib,nonmember,https://www.gadsdentimes.com/story/news/2022/05/05/one-dead-albertville-officer-involved-shooting/9666761002/,0.004208906444945957
zlib,nonmember,https://www.gadsdentimes.com/story/opinion/columns/2022/05/29/elaine-harris-spearman-looks-memorial-day/9934132002/,0.0013248677960546586
zlib,nonmember,https://www.gadsdentimes.com/story/news/2022/06/24/etowah-county-alabama-reacts-roe-v-wade-overturned/7702779001/,0.0014688344915322498
zlib,nonmember,https://www.gadsdentimes.com/story/news/2022/05/09/alabamas-first-ever-ram-clinic-reports-successful-weekend/9614115002/,0.0016097264500919376
zlib,nonmember,https://www.gadsdentimes.com/story/news/2022/09/02/city-of-gadsden-now-hiring-boosts-pay-offers-bonus-dispatchers/65461800007/,0.002103689086292525
zlib,nonmember,https://www.gadsdentimes.com/story/news/2022/07/28/here-five-things-gadsden-city-council-considered-week/10161572002/,0.0024558694749404605
zlib,nonmember,https://www.gadsdentimes.com/story/news/2022/07/13/commissioners-renew-water-treatment-programs-county/10037504002/,0.0020083872328662635
zlib,nonmember,https://www.gadsdentimes.com/story/sports/high-school/football/2022/06/02/ahsaa-football-glencoe-hires-scott-martin-football-coach/7494292001/,0.0026653854045706393
zlib,nonmember,https://www.gadsdentimes.com/story/sports/college/football/2022/08/25/jacksonville-state-football-fcs-fbs-playoff-eligible-postseason-2022/10329566002/,0.001992677305191334
zlib,nonmember,https://www.gadsdentimes.com/story/news/2022/07/11/missing-hanceville-man-found-motorcycle-crash-cullman-county/10028121002/,0.0031495637185489705
zlib,nonmember,https://www.gadsdentimes.com/story/news/2022/07/26/interstate-59-motorcycle-crash-glencoe-woman-killed-man-injured/10158001002/,0.003507851090676595
zlib,nonmember,https://www.gadsdentimes.com/story/news/2022/06/13/hoke-bluff-theft-suspects-escape-kayak-ends-when-craft-flips/7614245001/,0.001825588575679137
zlib,nonmember,https://www.gadsdentimes.com/story/opinion/letters/2022/08/08/letters-editor-new-supporters/10269030002/,0.0025611471998703696
zlib,nonmember,https://www.gadsdentimes.com/story/news/2022/04/01/cherokee-crash-fatal-georgia-woman-car-hit-downed-tree-left-road/7249475001/,0.004153559193997858
zlib,nonmember,https://www.gadsdentimes.com/story/sports/high-school/baseball/2022/04/18/ahsaa-sports-poll-gadsden-area-boys-high-school-athlete-week/7328896001/,0.0018533236442203204
zlib,nonmember,https://www.gadsdentimes.com/story/news/2022/07/23/jacksonville-state-recognizes-haywoods-fountain-dedication/10099641002/,0.0021931825010255966
zlib,nonmember,https://www.gadsdentimes.com/story/news/2022/07/01/4th-of-july-meaning-traditions-history/7776347001/,0.0013749416589158554
zlib,nonmember,https://www.gadsdentimes.com/story/news/2022/07/08/keeping-delicious-backyard-cooked-food-safe-eat/7823978001/,0.0017858171772154497
zlib,nonmember,https://www.gadsdentimes.com/story/news/2022/05/27/some-etowah-candidate-consider-challenging-vote-if-partys-certify/9943630002/,0.0009335577504483432
zlib,nonmember,https://www.gadsdentimes.com/restricted/?return=https%3A%2F%2Fwww.gadsdentimes.com%2Fstory%2Fnews%2F2022%2F04%2F18%2Fcommunity-support-speaks-volumes-glencoe-family%2F7303903001%2F,0.0006455876791677979
zlib,nonmember,https://www.gadsdentimes.com/story/opinion/columns/2022/08/13/john-floyd-looks-manufacturing-center-eyo-election/10280739002/,0.001137684408615444
zlib,nonmember,https://www.gadsdentimes.com/story/news/politics/elections/local/2022/08/16/gadsden-district-7-city-council-2022-candidate-profiles/10219530002/,0.0009902077832702769
zlib,nonmember,https://www.gadsdentimes.com/story/sports/high-school/football/2022/06/09/glencoe-football-coach-scott-martin-rebuilding-program-alabama-high-school/7530095001/,0.0014028282986994446
zlib,nonmember,https://www.gadsdentimes.com/story/news/2022/06/12/gadsden-city-elections-qualifying-begins-tuesday-ends-june-28/7558525001/,0.0018616160836384783
zlib,nonmember,https://www.gadsdentimes.com/story/opinion/columns/2022/07/24/voters-need-concerned-voting-power/10107188002/,0.0012489762815091564
zlib,nonmember,https://www.gadsdentimes.com/story/news/2022/04/06/have-you-seen-missing-girl-etowah-sheriffs-office-wants-know/9492940002/,0.006039717115529076
zlib,nonmember,https://www.gadsdentimes.com/story/lifestyle/columns/2022/06/09/postcard-collection-david-murdock-discusses-hobbby/7557610001/,0.0011702166381065049
zlib,nonmember,https://www.gadsdentimes.com/story/news/2022/06/03/controlling-pests-damage-summer-crops-farming/7475604001/,0.001685926054208547
zlib,nonmember,https://www.gadsdentimes.com/story/news/2022/06/23/fourth-july-events-northeast-alabama/7699078001/,0.001102083768674123
zlib,nonmember,https://www.gadsdentimes.com/restricted/?return=https%3A%2F%2Fwww.gadsdentimes.com%2Fstory%2Fnews%2F2022%2F06%2F22%2Fold-gadsden-etowah-county-restaurants-people-miss%2F7665552001%2F,0.0009465055677502668
zlib,nonmember,https://www.gadsdentimes.com/story/sports/high-school/baseball/2022/05/09/ahsaa-baseball-pairings-schedules-gadsden-area-teams-semifinals/9675952002/,0.0025163634987374834
zlib,nonmember,https://www.gadsdentimes.com/story/sports/high-school/softball/2022/06/05/gadsden-area-players-2022-ahsaa-all-state-softball-teams/7499713001/,0.0003537918861961556
zlib,nonmember,https://www.gadsdentimes.com/story/news/2022/06/15/fathers-day-2022-five-facts-history-tradition-honoring-dad/9908482002/,0.003285417968856789
zlib,nonmember,https://www.gadsdentimes.com/story/lifestyle/columns/2022/06/23/david-murdock-looks-high-price-of-well-everything/7701403001/,0.001087429266083949
zlib,nonmember,https://www.gadsdentimes.com/restricted/?return=https%3A%2F%2Fwww.gadsdentimes.com%2Fstory%2Fnews%2F2022%2F04%2F15%2Fgadsden-commercial-projects-where-do-they-stand%2F7294040001%2F,0.0006455876791677979
zlib,nonmember,https://www.gadsdentimes.com/story/news/2022/08/09/here-five-things-gadsden-city-council-considered-week/10268160002/,0.0014535922407972553
zlib,nonmember,https://www.gadsdentimes.com/story/lifestyle/columns/2022/08/18/david-murdock-on-the-changing-meaning-of-words/10348047002/,0.0010296414175896813
zlib,nonmember,https://www.gadsdentimes.com/story/news/2022/06/06/25-years-day-action-june/7468442001/,0.0017701168745678194
zlib,nonmember,https://www.gadsdentimes.com/restricted/?return=https%3A%2F%2Fwww.gadsdentimes.com%2Fstory%2Fsports%2Fhigh-school%2Fsoftball%2F2022%2F05%2F25%2Fahsaa-softball-best-moments-bold-predictions-gadsden-area%2F9868059002%2F,0.0006835451458833184
zlib,nonmember,https://www.gadsdentimes.com/restricted/?return=https%3A%2F%2Fwww.gadsdentimes.com%2Fstory%2Fsports%2Fhigh-school%2Fbaseball%2F2022%2F06%2F23%2Fetowah-county-high-school-baseball-all-teams-2022-season-alabama%2F7648985001%2F,0.0006617710710222637
zlib,nonmember,https://www.gadsdentimes.com/story/sports/college/football/2022/04/09/jacksonville-state-football-quarterback-zion-webb-building-connection-pj-wells/9497481002/,0.0013082640526677488
zlib,nonmember,https://www.gadsdentimes.com/story/news/crime/2022/08/28/betty-wilson-case-books-tv-true-crime-series-podcasts-murder/10312258002/,0.0019761130319923903
zlib,nonmember,https://www.gadsdentimes.com/story/news/2022/05/31/gadsden-dentists-become-first-father-son-duo-awarded-uab-alumni-awards/9924835002/,0.002707205538341985
zlib,nonmember,https://www.gadsdentimes.com/story/news/2022/07/18/rainbow-city-names-holderfield-interim-police-chief-commends-officers/10049476002/,0.0015007064357131638
zlib,nonmember,https://www.gadsdentimes.com/restricted/?return=https%3A%2F%2Fwww.gadsdentimes.com%2Fstory%2Fnews%2F2022%2F05%2F17%2Fcorrections-officers-inmate-interaction-red-flags-casey-vicky-white%2F9779052002%2F,0.000698308300125364
zlib,nonmember,https://www.gadsdentimes.com/story/news/2022/04/20/gadsden-council-oks-incentives-grocery-store-gadsden-mall/7373977001/,0.0017357888650739969
zlib,nonmember,https://www.gadsdentimes.com/story/news/2022/04/22/guilty-capital-murder-verdict-delivered-2016-riddles-bend-case/7411256001/,0.0013036141443994562
zlib,nonmember,https://www.gadsdentimes.com/story/news/2022/06/11/rainbow-city-man-dead-after-friday-night-rampage-identified/7592658001/,0.0017830043226398284
zlib,nonmember,https://www.gadsdentimes.com/story/news/2022/09/17/alabama-governor-kay-ivey-bankston-motor-homes-opens-new-sales-service-facility-in-attalla/69498067007/,0.0026266953460347157
zlib,nonmember,https://www.gadsdentimes.com/story/news/2022/07/15/extension-launches-farming-basics-podcast/10043876002/,0.00271695560139691
zlib,nonmember,https://www.gadsdentimes.com/story/news/2022/06/09/etowah-county-commissioners-vote-no-help-board-registrars/7553009001/,0.0012052710687796794
zlib,nonmember,https://www.gadsdentimes.com/story/sports/high-school/baseball/2022/04/19/piedmont-baseball-21-game-winning-streak-going-into-ahsaa-playoffs/9513771002/,0.0012323598950099704
zlib,nonmember,https://www.gadsdentimes.com/story/sports/high-school/baseball/2022/05/16/ahsaa-baseball-piedmont-takes-game-1-class-3-a-state-championship-series/9763871002/,0.0014980633169428379
zlib,nonmember,https://www.gadsdentimes.com/story/news/2022/06/01/press-issues-delay-wednesday-print-edition/7465381001/,0.011552318866121852
zlib,nonmember,https://www.gadsdentimes.com/story/news/2022/05/04/commissioners-announce-rainbow-city-mega-site-partnership/9616040002/,0.0011833896577635472
zlib,nonmember,https://www.gadsdentimes.com/story/news/2022/08/18/art-music-storytelling-event-mentone/10342954002/,0.002470150548523889
zlib,nonmember,https://www.gadsdentimes.com/story/news/2022/08/16/gadsden-trolley-service-polls-election-day/10329051002/,0.003158102547697788
zlib,nonmember,https://www.gadsdentimes.com/story/news/2022/04/08/aderholt-asking-questions-etowah-detainee-removal/9499634002/,0.001900817567007836
zlib,nonmember,https://www.gadsdentimes.com/story/news/2022/05/30/southside-rainbow-city-firefighters-search-man-coosa-river/9996191002/,0.004887392668330467
zlib,nonmember,https://www.gadsdentimes.com/story/sports/high-school/track-field/2022/05/03/ahsaa-track-and-field-etowah-county-state-qualifiers/9616706002/,0.0008229687617626961
zlib,nonmember,https://www.gadsdentimes.com/story/news/2022/06/13/attalla-fire-allows-gadsden-fire-department-assistance/7596231001/,0.0028117961334760255
zlib,nonmember,https://www.gadsdentimes.com/story/news/2022/07/14/alabama-power-customers-start-seeing-increased-bills-august/10048555002/,0.0017478768248910476
zlib,nonmember,https://www.gadsdentimes.com/videos/news/2022/05/03/lauderdale-county-jailer-vicky-white-leaving-jail-casey-white-alabama-video/9636719002/,0.011029483934653063
zlib,nonmember,https://www.gadsdentimes.com/story/news/2022/04/17/gadsden-leaders-hear-pitch-city-subsidized-spay-neuter-program/7304969001/,0.0014305351236958135
zlib,nonmember,https://www.gadsdentimes.com/story/news/2022/07/01/second-etowah-county-tomato-taste-off-july-9/7776227001/,0.0022684906618643083
zlib,nonmember,https://www.gadsdentimes.com/story/news/2022/04/01/frank-helderman-jr-obituary/7234326001/,0.0015374402539003074
zlib,nonmember,https://www.gadsdentimes.com/story/news/2022/08/02/gadsden-airport-authority-must-answer-open-meetings-violation-claims/10200383002/,0.001409618444270782
zlib,nonmember,https://www.gadsdentimes.com/story/news/2022/09/09/events-of-911-to-be-remembered-in-ceremony-sunday-gadsden/66947458007/,0.006127571571574918
zlib,nonmember,https://www.gadsdentimes.com/story/news/2022/06/22/lgbtq-gadsden-youth-encouraged-participate-pride-celebration/7692854001/,0.0017995177213498826
zlib,nonmember,https://www.gadsdentimes.com/story/news/2022/08/25/sand-mountain-park-albertville-alabama-largest-outdoor-ice-rink-coming/7869419001/,0.0021169697988039317
zlib,nonmember,https://www.gadsdentimes.com/story/news/2022/06/09/police-incident-walnut-park-school/7567393001/,0.00336365901970092
zlib,nonmember,https://www.gadsdentimes.com/story/opinion/columns/2022/05/28/john-f-floyd-looks-memorial-day/9961254002/,0.0011552229082955677
zlib,nonmember,https://www.gadsdentimes.com/story/news/2022/06/02/gadsden-moves-forward-lease-ida-venue-expansion-project/7467697001/,0.0016511339827096204
zlib,nonmember,https://www.gadsdentimes.com/story/news/2022/08/01/travel-chance-see-country-meet-people/10183825002/,0.0013145235923754193
zlib,nonmember,https://www.gadsdentimes.com/story/news/2022/07/09/lions-club-city-election-forum-july-18/10017607002/,0.004565420482348703
zlib,nonmember,https://www.gadsdentimes.com/story/sports/college/2022/09/10/jacksonville-state-football-vs-murray-state-score-live-updates/65471896007/,0.004490141337280329
zlib,nonmember,https://www.gadsdentimes.com/story/news/2022/06/06/jsu-marching-southerners-prepare-d-day-2024/7533664001/,0.0027830542017919097
zlib,nonmember,https://www.gadsdentimes.com/story/news/2022/04/21/gscc-theater-production-debuts/7395127001/,0.001475422914839479
zlib,nonmember,https://www.gadsdentimes.com/story/news/2022/05/01/lauderdale-county-jail-inmate-escape-corrections-officer-case-reward-offered/9609347002/,0.0014898540999376871
zlib,nonmember,https://www.gadsdentimes.com/story/news/2022/04/22/preparations-underway-alabamas-first-ram-clinic/7363290001/,0.002086447560907409
zlib,nonmember,https://www.gadsdentimes.com/story/sports/high-school/softball/2022/05/23/ahsaa-vote-athlete-week-gadsden-area-may-16-22/9867986002/,0.0017216153902080676
zlib,nonmember,https://www.gadsdentimes.com/story/news/2022/08/05/only-drill-attalla-police-training-friday-attalla-elementary/10245465002/,0.005471524097519243
zlib,nonmember,https://www.gadsdentimes.com/story/lifestyle/columns/2022/08/04/david-murdock-contemplates-brand-loyalty/10228524002/,0.0011453711619393105
zlib,nonmember,https://www.gadsdentimes.com/story/news/2022/08/31/labor-day-2022-gadsden-art-music-more-to-kick-off-weekend/65462257007/,0.002243579873899727
zlib,nonmember,https://www.gadsdentimes.com/story/news/2022/07/11/etowah-county-man-killed-hit-and-run-sardis/10028925002/,0.003320989428517194
zlib,nonmember,https://www.gadsdentimes.com/story/news/2022/08/02/prepare-high-temperatures-gadsdens-upcoming-first-friday/10207208002/,0.002297069725415899
zlib,nonmember,https://www.gadsdentimes.com/story/sports/high-school/softball/2022/05/07/ahsaa-softball-schedules-and-pairings-central-regional-albertville/9676010002/,0.0011601248712963966
zlib,nonmember,https://www.gadsdentimes.com/story/news/2022/08/16/atttalla-city-council-dangerous-animals-exotic-pets-cruelty-camp-sibert-neighborhood/10327306002/,0.0015789307954222947
zlib,nonmember,https://www.gadsdentimes.com/story/sports/2022/04/21/ground-broken-westbrook-athletic-facility/7358645001/,0.001605029330764875
zlib,nonmember,https://www.gadsdentimes.com/story/news/2022/06/29/sylacauga-man-dies-after-motorcycle-hits-deer-dekalb-county-crash/7771519001/,0.004965507276882339
zlib,nonmember,https://www.gadsdentimes.com/story/news/2022/07/01/water-park-near-gadsden-al-offer-fun-family-albertville-cullman/7765206001/,0.0015712559607015807
zlib,nonmember,https://www.gadsdentimes.com/story/sports/high-school/basketball/2022/05/27/john-broom-mississippi-state-clemson-basketball-recruiting-cade-phillips-tennessee/9949373002/,0.0017195510011971575
zlib,nonmember,https://www.gadsdentimes.com/story/sports/high-school/baseball/2022/05/18/ahsaa-baseball-mobile-christian-defeats-etowah-win-class-4-a-state-championship/9763925002/,0.001630896771739726
zlib,nonmember,https://www.gadsdentimes.com/story/news/2022/05/18/downtown-dance-conservatory-presents-sleeping-beauty-weekend/9811458002/,0.0038162378765091063
zlib,nonmember,https://www.gadsdentimes.com/story/news/2022/06/01/boaz-police-vehicle-hit-during-traffic-stop-causes-minor-injuries/7470193001/,0.001694109143560671
zlib,nonmember,https://www.gadsdentimes.com/story/news/2022/09/09/kings-olive-oil-gadsden-al-earns-alabama-retailer-of-year-award/67029250007/,0.001542094960139112
zlib,nonmember,https://www.gadsdentimes.com/story/news/2022/05/03/new-posters-reward-u-s-marshals-lauderdale-escape-case/9623944002/,0.0013070316163738987
zlib,nonmember,https://www.gadsdentimes.com/story/news/2022/04/12/free-gas-bowling-tap-weekend-via-smith-new-destiny/7293620001/,0.002674961434338165
zlib,nonmember,https://www.gadsdentimes.com/story/news/politics/elections/local/2022/09/14/gadsden-mayoral-contenders-debate-thursday-ahead-runoff/69492115007/,0.0024285954115577054
zlib,nonmember,https://www.gadsdentimes.com/story/news/2022/08/05/back-school-gadsden-city-system/10163084002/,0.001279416835103512
zlib,nonmember,https://www.gadsdentimes.com/story/news/2022/07/29/gscc-advanced-manufacturing-center-gets-green-light/10174941002/,0.0009239713184583826
zlib,nonmember,https://www.gadsdentimes.com/story/news/2022/04/13/smoke-falls-2022-results/7283228001/,0.0025282579579539166
zlib,nonmember,https://www.gadsdentimes.com/story/news/2022/06/13/st-clair-crash-injured-state-trooper-other-driver-59/7616480001/,0.004287762918636087
zlib,nonmember,https://www.gadsdentimes.com/story/sports/college/football/2022/08/25/jacksonville-state-football-how-watch-rich-rodriguezs-debut/10319162002/,0.0025680469619255497
zlib,nonmember,https://www.gadsdentimes.com/story/news/politics/elections/local/2022/08/11/gadsden-district-3-board-education-2022-meet-candidates-q-a/10149122002/,0.002205484850936363
zlib,nonmember,https://www.gadsdentimes.com/story/news/2022/05/02/warrant-issued-alabama-officer-vicky-white-orchestrated-escape-inmate-casey-white/9616341002/,0.0010898854355102505
zlib,nonmember,https://www.gadsdentimes.com/story/news/2022/09/16/change-coming-in-sports-project-leadership-as-field-work-continues/69495285007/,0.0017605637385263125
zlib,nonmember,https://www.gadsdentimes.com/story/news/2022/04/22/dgi-hosts-biennial-meeting/7363286001/,0.001110475125949621
zlib,nonmember,https://www.gadsdentimes.com/story/news/2022/07/29/worlds-longest-yard-sale-2022-august-gadsden-etowah-county/10116714002/,0.0014825927327502026
zlib,nonmember,https://www.gadsdentimes.com/story/sports/nfl/2022/06/06/chicago-bears-q-a-receiver-darnell-mooney-football-camp/9968417002/,0.0009188077376191479
zlib,nonmember,https://www.gadsdentimes.com/story/sports/2022/04/02/gadsdens-mathis-earns-spot-softball-hof/7251894001/,0.0039063208803142195
zlib,nonmember,https://www.gadsdentimes.com/story/news/2022/08/09/gsccs-advanced-manufacturing-center-and-its-impact-career-training/10213248002/,0.0009973872282133792
zlib,nonmember,https://www.gadsdentimes.com/story/news/2022/08/19/rainsville-spill-cleanup-continues-truck-leaked-peracetic-acid-dekalb-county/7843229001/,0.0033774882411283544
zlib,nonmember,https://www.gadsdentimes.com/story/news/2022/04/12/what-happens-when-animal-stays-shelter-long-time/9472550002/,0.0009914665502973228
zlib,nonmember,https://www.gadsdentimes.com/story/news/2022/07/08/theatre-gadsdens-big-river-bring-laughs-and-lessons-ritz/10005817002/,0.001142251951315881
zlib,nonmember,https://www.gadsdentimes.com/story/news/2022/04/01/etowah-fires-blazes-keener-area-attalla-scorch-some-386-acres/7229193001/,0.002314304329375286
zlib,nonmember,https://www.gadsdentimes.com/story/news/2022/04/08/albertville-police-seek-motive-fatal-shooting-thursday-afternoon/9512132002/,0.0025629678199101938
zlib,nonmember,https://www.gadsdentimes.com/story/news/2022/08/10/painting-gadsden-blue-child-abuse-awareness-month/10268114002/,0.001682045636034435
zlib,nonmember,https://www.gadsdentimes.com/story/news/2022/07/14/gadsden-man-32-killed-motorcycle-crash-monday-noccalula-road/10061269002/,0.003560851705267113
zlib,nonmember,https://www.gadsdentimes.com/story/sports/high-school/baseball/2022/04/30/ahsaa-baseball-trace-thomson-leads-etowah-past-westminster-christian/7383260001/,0.001365681171122627
zlib,nonmember,https://www.gadsdentimes.com/story/news/2022/04/14/etowah-veterans-board-needed-manage-property-donated-wwii-vets/7296731001/,0.0030890050044648587
zlib,nonmember,https://www.gadsdentimes.com/story/sports/high-school/football/2022/05/25/ahsaa-football-sardis-football-coach-gene-hill-steps-down/9924188002/,0.001821229983759146
zlib,nonmember,https://www.gadsdentimes.com/story/news/politics/elections/2022/05/20/house-29-candidates-mark-gidley-and-jamie-grant-answer-questions/9861992002/,0.0010455842464579615
zlib,nonmember,https://www.gadsdentimes.com/story/news/2022/07/09/reward-offered-july-5-slaying-gadsden/10013863002/,0.0019528076264599388
zlib,nonmember,https://www.gadsdentimes.com/story/news/2022/07/04/pet-week-july-4/7789158001/,0.005756364865809484
zlib,nonmember,https://www.gadsdentimes.com/story/opinion/columns/guest/2022/09/02/rendering-plant-fight-was-about-economics/65470516007/,0.001407908424190551
zlib,nonmember,https://www.gadsdentimes.com/story/news/2022/07/19/etowah-investigators-charge-georgia-man-child-porn-other-charges/10097539002/,0.002950497728758734
zlib,nonmember,https://www.gadsdentimes.com/story/news/2022/08/12/hsprac-partners-petco-new-adoption-initiative/10278299002/,0.0026288657291932633
zlib,nonmember,https://www.gadsdentimes.com/story/opinion/columns/2022/09/04/elaine-harris-spearman-says-people-should-get-energized-to-vote/65464158007/,0.0016191328122952483
zlib,nonmember,https://www.gadsdentimes.com/story/opinion/columns/2022/08/06/john-floyd-discusses-open-records-suit-against-airport-authority/10223765002/,0.0014118766497176229
zlib,nonmember,https://www.gadsdentimes.com/story/news/2022/05/20/4-h-chick-chain-program/9837719002/,0.002523916279092231
zlib,nonmember,https://www.gadsdentimes.com/story/news/2022/05/06/crash-etowah-county-closes-one-southbound-lane-59/9680283002/,0.006700492608526814
zlib,nonmember,https://www.gadsdentimes.com/story/news/2022/07/22/alabama-weather-how-aware-and-prepared-heat/10107165002/,0.0015595051860124265
zlib,nonmember,https://www.gadsdentimes.com/story/news/2022/09/12/motorcycle-crash-results-in-mans-death/69486366007/,0.005546298693234262
zlib,nonmember,https://www.gadsdentimes.com/story/news/2022/08/20/alabama-troopers-wrecks-kill-steele-woman-hanceville-man/7854694001/,0.00302786586501596
zlib,nonmember,https://www.gadsdentimes.com/story/news/2022/05/27/woman-learns-father-finds-sister-through-dna-search-angel/7396489001/,0.0015803440541482363
zlib,nonmember,https://www.gadsdentimes.com/story/lifestyle/columns/2022/04/10/david-murdock-looks-memory-and-perception/9489149002/,0.0011230410124524603
zlib,nonmember,https://www.gadsdentimes.com/story/news/2022/07/15/calhoun-county-crash-claims-life-florida-truck-driver/10066705002/,0.004718733889288965
zlib,nonmember,https://www.gadsdentimes.com/story/news/2022/05/18/etowah-county-graduation-ceremonies-times-and-dates/9795232002/,0.0034329400682058244
zlib,nonmember,https://www.gadsdentimes.com/story/lifestyle/columns/2022/04/03/david-murdocks-tales-front-porch/7217284001/,0.0013204521251891695
zlib,nonmember,https://www.gadsdentimes.com/story/opinion/columns/2022/06/19/elaine-harris-spearman-fathers-day/7627727001/,0.0012800027403648833
zlib,nonmember,https://www.gadsdentimes.com/story/opinion/columns/2022/07/09/john-floyd-looks-foia-info-rendering-plant/7823495001/,0.0013564732641377704
zlib,nonmember,https://www.gadsdentimes.com/story/opinion/columns/2022/08/07/gadsden-needs-drum-major-and-backing-band/10219345002/,0.0011973493174331563
zlib,nonmember,https://www.gadsdentimes.com/story/news/2022/04/26/guilty-verdict-delivered-quickly-after-witnesses-detail-2016-slaying/7418243001/,0.0008905409909507714
zlib,nonmember,https://www.gadsdentimes.com/story/news/2022/08/28/learn-how-safely-cope-farm-equipment-roads/7837654001/,0.0023369824442012748
zlib,nonmember,https://www.gadsdentimes.com/story/news/politics/elections/2022/05/19/etowah-county-sheriff-primary-candidates-jonathon-horton-leonard-kiser/9822249002/,0.0008219974697381471
zlib,nonmember,https://www.gadsdentimes.com/story/sports/2022/06/23/roberta-alison-baumgardner-mens-tennis-title-ix-female-athletes/9838951002/,0.00219822505292891
zlib,nonmember,https://www.gadsdentimes.com/story/news/2022/07/14/donaldson-prison-death-calvin-turner-gadsden-serving-sentence-1988-murder-case/10042345002/,0.0022599708304106665
zlib,nonmember,https://www.gadsdentimes.com/story/news/2022/05/22/shooting-pell-city-results-four-dead/9884896002/,0.0031827476978958553
zlib,nonmember,https://www.gadsdentimes.com/story/news/2022/08/08/gadsden-gscc-sports-park-phase-1-ribbon-cutting/10218631002/,0.0025027961032233607
zlib,nonmember,https://www.gadsdentimes.com/story/news/2022/05/04/aldot-director-said-759-connector-project-take-five-years/9643103002/,0.002184116045464049
zlib,nonmember,https://www.gadsdentimes.com/story/news/2022/04/07/fake-officer-stops-vehicle/9494841002/,0.0033295486315394348
zlib,nonmember,https://www.gadsdentimes.com/story/news/politics/elections/2022/05/19/etowah-county-primary-commission-district-4-tim-ramsey-jeff-overstreet/9823125002/,0.0007535110854332509
zlib,nonmember,https://www.gadsdentimes.com/story/lifestyle/columns/2022/05/26/david-murdock-looks-memorial-day/9933759002/,0.0012087634470077477
zlib,nonmember,https://www.gadsdentimes.com/story/news/2022/07/21/etowah-county-sports-complex-fields-should-ready-october/10085321002/,0.001122667507752486
zlib,nonmember,https://www.gadsdentimes.com/story/news/2022/05/28/applications-cooling-assistance-program-open-next-month/9958861002/,0.0017596881686199725
zlib,nonmember,https://www.gadsdentimes.com/story/sports/high-school/soccer/2022/05/02/poll-gadsden-area-girls-high-school-athlete-week-voting/9589568002/,0.0014914103873590846
zlib,nonmember,https://www.gadsdentimes.com/story/news/2022/04/09/car-crash-dekalb-county-ider-alabama-two-killed-alea/9526905002/,0.003991583010548354
zlib,nonmember,https://www.gadsdentimes.com/story/news/2022/07/12/casey-white-charged-murder-vicky-whites-death/10038394002/,0.0013534027865972275
zlib,nonmember,https://www.gadsdentimes.com/story/news/2022/04/19/etowah-absentee-voting-may-primary-how-apply-what-deadlines/7355874001/,0.0014672059057250202
zlib,nonmember,https://www.gadsdentimes.com/story/sports/college/2022/08/25/jacksonville-state-football-stephen-f-austin-spying-coach-rich-rodriguez/65419151007/,0.003866587195025692
zlib,nonmember,https://www.gadsdentimes.com/story/news/2022/08/15/covid-etowah-county-al-cases-surge/65403383007/,0.00043203054605259655
zlib,nonmember,https://www.gadsdentimes.com/story/sports/high-school/soccer/2022/04/08/ahsaa-boys-soccer-four-southside-players-fasting-during-ramadan/9506355002/,0.0013634849118301312
zlib,nonmember,https://www.gadsdentimes.com/story/lifestyle/columns/2022/07/22/david-murdock-choosing-words-look-sound-right/10120498002/,0.0011743753733565682
zlib,nonmember,https://www.gadsdentimes.com/story/news/2022/06/03/atv-crash-claims-life-sylacauga-teenager/7502496001/,0.0033589983292745406
zlib,nonmember,https://www.gadsdentimes.com/story/news/2022/07/15/sardis-city-fatal-hit-and-run-warrant-issued-man/10068055002/,0.003132375481417005
zlib,nonmember,https://www.gadsdentimes.com/story/sports/high-school/softball/2022/05/17/ahsaa-sports-top-performers-gadsden-area-baseball-softball-championships/9763936002/,0.002445844851479871
zlib,nonmember,https://www.gadsdentimes.com/story/news/2022/08/22/gadsden-al-covid-cases-death-tracker/65413138007/,0.0004196857365639967
zlib,nonmember,https://www.gadsdentimes.com/story/news/2022/05/24/georgia-woman-succumbs-injuries-dekalb-county-motorcycle-crash/9915397002/,0.0044172160716583276
zlib,nonmember,https://www.gadsdentimes.com/story/news/2022/04/21/centre-man-charged-murder-another-sought-georgia-mans-death/7394106001/,0.002928308603588646
zlib,nonmember,https://www.gadsdentimes.com/story/news/2022/09/13/from-land-or-riverbank-enjoy-a-free-showing-of-jaws-saturday-night/69486393007/,0.0031095982205168477
zlib,nonmember,https://www.gadsdentimes.com/story/news/2022/06/21/walnut-gallery-renovations-underway-should-completed-july/7634994001/,0.0016300356462721568
zlib,nonmember,https://www.gadsdentimes.com/story/news/2022/07/04/calhoun-county-kidnap-victim-rescued-subject-sought/7806904001/,0.001733972406478131
zlib,nonmember,https://www.gadsdentimes.com/story/news/2022/07/14/five-year-old-dies-after-being-hit-vehicle-gadsden/10057076002/,0.004784761616990924
zlib,nonmember,https://www.gadsdentimes.com/story/sports/high-school/baseball/2022/04/26/poll-gadsden-area-boys-high-school-athlete-third-week-april/7383221001/,0.001663433281223141
zlib,nonmember,https://www.gadsdentimes.com/story/news/2022/08/30/purple-onion-new-eatery-is-opening-slowly-working-to-get-fully-staffed/7879570001/,0.002002508634383998
zlib,nonmember,https://www.gadsdentimes.com/story/news/2022/07/21/etowah-county-sell-warehouse-thomas-drive-buy-baker-tire-site/10097908002/,0.002926842822240203
zlib,nonmember,https://www.gadsdentimes.com/story/news/2022/08/04/covid-cases-increase-students-head-back-school/10231486002/,0.0008970747330107291
zlib,nonmember,https://www.gadsdentimes.com/story/sports/college/baseball/2022/08/15/alabama-state-associate-ad-fred-sington-q-a-hbcu/10271906002/,0.0010634870104966872
