method,membership,doc_id,score
ref-stablelm-base-alpha-3b-v2,member,https://www.valleynewslive.com/prnewswire/2022/09/15/guild-guardians-teams-up-with-biggest-names-esports-bring-web3-gaming-millions/,-2.0485266875958907
ref-stablelm-base-alpha-3b-v2,member,https://www.kalb.com/prnewswire/2022/08/15/daewoong-pharmaceutical-announces-us-fda-clearance-ind-application-dwp213388-first-in-class-irreversible-oral-dual-acting-inhibitor-autoimmune-diseases/,-1.6049726493262875
ref-stablelm-base-alpha-3b-v2,member,https://www.kxii.com/prnewswire/2022/08/11/florida-southern-college-doctor-nursing-practice-students-present-capstone-projects/,-1.7187759860822394
ref-stablelm-base-alpha-3b-v2,member,https://www.weau.com/prnewswire/2022/06/08/new-office-model-ushering-reduced-carbon-improved-circularity/,-1.740853864593869
ref-stablelm-base-alpha-3b-v2,member,https://wcfcourier.com/news/local/education/uni-interpreters-theatre-opening-fall-season-with-roses-are-red/article_8d54ba24-9622-5889-b40a-02bad07a8ee5.html,0.3660668703297869
ref-stablelm-base-alpha-3b-v2,member,https://kion546.com/cnn-other/2022/06/08/atlanta-passenger-cleared-security-with-bag-that-may-have-held-a-gun-official-says-2/,-0.12743298191554686
ref-stablelm-base-alpha-3b-v2,member,https://www.mynews13.com/fl/orlando/ap-online/2022/08/24/utah-sues-biden-over-move-to-restore-2-national-monuments,-2.1599979201740003
ref-stablelm-base-alpha-3b-v2,member,https://www.wric.com/news/u-s-world/why-bidens-bet-on-a-rapid-economic-rebound-may-have-backfired/,-2.368066537582826
ref-stablelm-base-alpha-3b-v2,member,https://www.seattlepi.com/business/article/Business-Highlights-Wall-Street-rally-17264378.php,-1.9712196478998947
ref-stablelm-base-alpha-3b-v2,member,https://www.apr.org/2008-07-13/small-town-murder-in-sarah-graves-eastport,0.5244546427130117
ref-stablelm-base-alpha-3b-v2,member,https://www.kold.com/prnewswire/2022/06/10/sony-electronics-introduces-two-new-car-av-receivers/,-1.9491814772018239
ref-stablelm-base-alpha-3b-v2,member,https://www.arkansasonline.com/news/2022/jun/02/this-weeks-professional-golf-tournaments/,0.4421944079741884
ref-stablelm-base-alpha-3b-v2,member,https://www.beaumontenterprise.com/news/article/Magnified-sunlight-Texas-wildfire-Possum-Kingdom-17338230.php,0.07141248240336173
ref-stablelm-base-alpha-3b-v2,member,https://www.dakotanewsnow.com/prnewswire/2022/06/09/honor-discusses-future-mobile-imaging-counterpoint-research-webinar/,-2.1401878136439514
ref-stablelm-base-alpha-3b-v2,member,https://www.12news.com/article/news/crime/derek-chauvin-transferred-from-state-to-federal-prison-facility/89-7a3459e4-0f90-4176-b395-861d8a2ab8fb,-0.07887177528241351
ref-stablelm-base-alpha-3b-v2,member,https://www.kold.com/prnewswire/2022/08/04/tampa-general-hospitals-vice-president-innovation-chosen-among-top-leaders-keeping-american-health-care-cutting-edge/,-1.9772375613629403
ref-stablelm-base-alpha-3b-v2,member,https://www.kalb.com/2022/05/31/us-consumer-confidence-slips-may-amid-stubborn-inflation/,-1.7876011986803755
ref-stablelm-base-alpha-3b-v2,member,https://www.seattletimes.com/sports/seahawks/wanted-wentz-expected-to-stabilize-commanders-qb-situation/?utm_source=RSS&utm_medium=Referral&utm_campaign=RSS_all,-2.143561960182066
ref-stablelm-base-alpha-3b-v2,member,https://www.shreveporttimes.com/story/news/local/2022/06/10/meet-barksdales-new-b-52-squadron-commander-first-woman-air-force/7482387001/,0.3632699140230584
ref-stablelm-base-alpha-3b-v2,member,https://www.kbzk.com/news/national/olympian-survives-michigan-plane-crash-with-husband-niece-and-puppy,-0.7640515628819751
ref-stablelm-base-alpha-3b-v2,member,https://www.seattlepi.com/news/article/Slain-man-wounded-officer-identified-in-Vegas-17436782.php,-2.0290503110676807
ref-stablelm-base-alpha-3b-v2,member,https://www.wistv.com/prnewswire/2022/06/28/inventhelp-presents-adjustable-comfort-pillow-sdb-1633/,-1.4804506033208036
ref-stablelm-base-alpha-3b-v2,member,https://www.wibw.com/prnewswire/2022/07/18/prime-therapeutics-intervention-pilot-opioid-users-improves-outcomes/,-2.012616988555654
ref-stablelm-base-alpha-3b-v2,member,https://www.eonline.com/ca/news/1331877/pauline-chalamet-s-morning-routine-includes-not-looking-at-her-phone-until-noon,0.23677354216016333
ref-stablelm-base-alpha-3b-v2,member,https://www.wkyt.com/prnewswire/2022/05/17/kellogg-company-announces-scholarship-program-develop-local-talent/,-1.5924098455034077
ref-stablelm-base-alpha-3b-v2,member,https://journalstar.com/entertainment/music/the-third-times-a-charm----michael-feinstein-finally-playing-lied-after-two/article_99b97c5b-224c-5210-a881-3e731b45ea50.html,0.2374272442883587
ref-stablelm-base-alpha-3b-v2,member,https://www.kait8.com/prnewswire/2022/09/09/readworks-rolls-out-back-to-school-features-making-it-easier-teachers-integrate-online-reading-tools-into-every-classroom/,-2.443087488355439
ref-stablelm-base-alpha-3b-v2,member,https://www.wbrc.com/prnewswire/2022/07/11/national-survey-finds-most-engaged-couples-are-interested-eloping-this-year/,-1.9447516849107944
ref-stablelm-base-alpha-3b-v2,member,https://www.springfieldnewssun.com/nation-world/stafford-rams-hold-off-falcons-for-31-27-victory/6SRZUXOFDNE5DK2XX6KSQBK7HI/,-0.4398942369012362
ref-stablelm-base-alpha-3b-v2,member,https://www.nbcnewyork.com/news/national-international/jury-awards-21m-to-family-of-pregnant-teen-shot-by-police/3750131/,-1.9702134672691722
ref-stablelm-base-alpha-3b-v2,member,https://www.fox35orlando.com/news/8-injured-after-flight-hits-severe-turbulence-over-florida-officials-say,-1.0670798250086695
ref-stablelm-base-alpha-3b-v2,member,https://cw33.com/news/u-s-news/ap-us-headlines/we-build-the-wall-trial-ends-in-mistrial-jury-deadlocked/,-2.3257821784098884
ref-stablelm-base-alpha-3b-v2,member,https://www.ktre.com/prnewswire/2022/06/16/june-is-national-safety-month-sabre-launches-three-new-personal-safety-defense-products-summer-activities/,-2.1365692391380717
ref-stablelm-base-alpha-3b-v2,member,https://www.beaumontenterprise.com/news/article/Oregon-botched-drug-treatment-plan-tied-to-17215993.php,-2.295528848087397
ref-stablelm-base-alpha-3b-v2,member,https://www.wbay.com/prnewswire/2022/06/02/ambri-announces-its-innovation-hub-expanding-manufacturing-capacity-with-new-facility-massachusetts-major-milestone-its-commercialization/,-2.0527216715550956
ref-stablelm-base-alpha-3b-v2,member,https://www.kait8.com/prnewswire/2022/06/29/epson-signs-advanced-motion-amp-controls-distributor-ontario-region/,-1.7965558517588336
ref-stablelm-base-alpha-3b-v2,member,https://www.kxxv.com/news/national/std-sti-cases-rise-yearly-so-why-isnt-the-u-s-making-any-progress,-1.4378443982020932
ref-stablelm-base-alpha-3b-v2,member,https://www.kbtx.com/2022/07/07/ohio-water-tower-gets-sweet-new-design/,-1.9226771571837853
ref-stablelm-base-alpha-3b-v2,member,https://www.kxii.com/prnewswire/2022/07/01/alithya-closes-acquisition-datum/,-1.9717608183590403
ref-stablelm-base-alpha-3b-v2,member,https://www.tdtnews.com/news/central_texas_news/article_f8035d68-1508-11ed-ac8c-23e71de96907.html,-0.0783263704016206
ref-stablelm-base-alpha-3b-v2,member,https://www.wsaz.com/prnewswire/2022/08/01/omni-fiber-announces-first-wave-ohio-markets-be-served-with-new-100-fiber-network/,-1.492908359958315
ref-stablelm-base-alpha-3b-v2,member,https://www.ourmidland.com/news/article/Germany-Pressure-grows-on-Scholz-over-tax-scam-17366272.php,-2.0265535194951196
ref-stablelm-base-alpha-3b-v2,member,https://www.wlfi.com/news/new-vendors-new-event-director-for-2022-taste-of-tippecanoe/article_3097713a-eb58-11ec-a009-6f48b13f2a29.html,0.29963115084042835
ref-stablelm-base-alpha-3b-v2,member,https://www.wsaz.com/prnewswire/2022/07/21/miro-named-2022-gartner-peer-insights-customers-choice-meeting-solutions/,-1.7944358757383616
ref-stablelm-base-alpha-3b-v2,member,https://www.wsls.com/news/2022/08/28/francis-praises-humility-of-13th-century-pope-who-resigned/,-2.183487720561265
ref-stablelm-base-alpha-3b-v2,member,https://www.abc15.com/news/national/scotland-becomes-first-country-to-make-period-products-free-of-charge,-1.4521459961424488
ref-stablelm-base-alpha-3b-v2,member,https://www.foxnews.com/entertainment/pete-seeger-folk-singer-activist-gets-stamp,-1.4273377822544058
ref-stablelm-base-alpha-3b-v2,member,https://www.kalb.com/2022/07/20/parents-charged-after-3-kids-found-living-without-food-running-water/,-1.9169996721100024
ref-stablelm-base-alpha-3b-v2,member,https://www.wnem.com/2022/06/22/gop-lawmakers-poised-end-special-session-abortion-ban/,-1.6588850805567057
ref-stablelm-base-alpha-3b-v2,member,https://www.wane.com/news/building-in-nigerias-commercial-hub-collapses-5-dead/,-1.8981305357996183
ref-stablelm-base-alpha-3b-v2,member,https://phl17.com/news/international/ap-international/armed-man-demanding-savings-holds-beirut-bank-staff-hostage/,-2.0733424582754196
ref-stablelm-base-alpha-3b-v2,member,https://www.arkansasonline.com/news/2022/may/30/rockabilly-pioneer-and-arkansas-native-ronnie/,0.6430547823577997
ref-stablelm-base-alpha-3b-v2,member,https://www.foxnews.com/politics/senate-ratifies-sweden-finland-bid-to-join-nato-amid-russias-war-ukraine,-0.05728736667321854
ref-stablelm-base-alpha-3b-v2,member,https://www.capitalgazette.com/maryland/cc-covid-update-20220818-tk5zgztfxfg6xa5gwbs7rrht2a-story.html,-0.07205551731622606
ref-stablelm-base-alpha-3b-v2,member,https://www.kfyrtv.com/prnewswire/2022/07/07/scenthound-announces-key-hires-executive-team-support-infrastructure-continued-growth/,-1.948480876879435
ref-stablelm-base-alpha-3b-v2,member,https://www.mysuncoast.com/prnewswire/2022/08/03/carolinas-agcs-betsy-bailey-honored-government-relations-lobbying-efforts/,-1.810321040229288
ref-stablelm-base-alpha-3b-v2,member,https://www.lcsun-news.com/story/news/education/nmsu/2022/07/30/hunt-scholarship-boosts-successful-outcomes-for-more-dacc-students/65386527007/,0.39916884536028885
ref-stablelm-base-alpha-3b-v2,member,https://www.mrt.com/weather/article/TX-WFO-MIDLAND-ODESSA-Warnings-Watches-and-17423075.php,-1.279166381588393
ref-stablelm-base-alpha-3b-v2,member,https://www.sfchronicle.com/news/article/Bad-Kitty-German-town-grounds-cats-to-save-rare-17180769.php,-2.212817710951835
ref-stablelm-base-alpha-3b-v2,member,https://www.wfaa.com/article/news/crime/gonzalo-lopez-search-update-five-dead-leon-county-home/285-48082e85-a854-4750-bd72-1eba99c7d64d,-1.119771980368372
ref-stablelm-base-alpha-3b-v2,member,https://www.wptv.com/news/national/biden-tests-negative-for-covid-19-ahead-of-planned-kentucky-visit-second-negative-test-pending,-1.1204531554291735
ref-stablelm-base-alpha-3b-v2,member,https://www.kark.com/mlb/padres-chase-sweep-in-low-scoring-series-vs-d-backs/,-0.29590204619737315
ref-stablelm-base-alpha-3b-v2,member,https://www.wbrc.com/prnewswire/2022/06/20/pitchbook-collision-unveil-fifth-venture-investor-survey-2022-conference/,-1.4802203960016223
ref-stablelm-base-alpha-3b-v2,member,https://cw33.com/reviews/br/home-br/cleaning-tools-supplies-br/best-feather-duster/,-1.628233793704006
ref-stablelm-base-alpha-3b-v2,member,https://www.kcbx.org/npr-top-news/npr-top-news/2022-08-24/trump-has-raised-millions-he-may-run-in-2024-so-where-will-all-that-money-go,-2.0379762025672554
ref-stablelm-base-alpha-3b-v2,member,https://blackchronicle.com/matt-ryan-could-become-first-qb-in-nfl-history-to-lose-to-all-32-teams-and-heres-how-it-could-happen-in-2022/,-0.4035919115982045
ref-stablelm-base-alpha-3b-v2,member,https://www.twincities.com/2022/08/15/thao-kueng-say-they-rejected-plea-deal-in-george-floyd-killing/,-1.4092420335533753
ref-stablelm-base-alpha-3b-v2,member,https://www.wearegreenbay.com/international/ap-international/china-calls-covid-lab-leak-theory-a-lie-after-who-report/,-2.1401707047118865
ref-stablelm-base-alpha-3b-v2,member,https://www.kbtx.com/prnewswire/2022/07/13/scripps-report-second-quarter-2022-operating-results-aug-5/,-1.5463382099333447
ref-stablelm-base-alpha-3b-v2,member,https://www.wibw.com/2022/07/07/gas-prices-double-edged-sword-hurts-drivers-helps-climate/,-2.1984358236355526
ref-stablelm-base-alpha-3b-v2,member,https://www.wearegreenbay.com/news/national/relatives-worry-mourn-in-wake-of-elementary-school-shooting/,-2.3255584993734257
ref-stablelm-base-alpha-3b-v2,member,https://www.sfgate.com/weather/article/WA-Spokane-WA-Zone-Forecast-17124064.php,-0.5192088546843072
ref-stablelm-base-alpha-3b-v2,member,https://www.wfmz.com/news/pr_newswire/pr_newswire_new_jersey/abused-inmates-of-new-jerseys-womens-prison-allege-new-jersey-department-of-corrections-failed-to/article_423d7cbf-bced-5a1e-a11f-fe1d5be8099f.html,-1.0145870732323272
ref-stablelm-base-alpha-3b-v2,member,https://www.valleynewslive.com/prnewswire/2022/07/18/blitz-motors-announcing-strategic-deal-sell-400-smart-e-mopeds-its-franchisee-south-africa/,-0.8553780152743273
ref-stablelm-base-alpha-3b-v2,member,https://www.wowktv.com/sports/verstappen-edges-alonso-to-win-pole-for-canadian-grand-prix/,-2.054408674522012
ref-stablelm-base-alpha-3b-v2,member,https://www.twincities.com/2022/07/30/baltimore-born-boxer-hasim-rahman-jr-s-fight-with-jake-paul-off-because-of-weight-issue/,-0.5730898000884164
ref-stablelm-base-alpha-3b-v2,member,https://www.latimes.com/california/story/2022-08-03/fatal-shooting-near-valley-indoor-swap-meet-in-panorama-city,0.11299982284762389
ref-stablelm-base-alpha-3b-v2,member,https://www.wbtv.com/prnewswire/2022/07/13/manning-amp-napier-inc-report-second-quarter-results-announces-june-30-2022-assets-under-management/,-1.3526625575971565
ref-stablelm-base-alpha-3b-v2,member,https://www.kxii.com/prnewswire/2022/09/14/i-80-gold-recipient-four-nevada-mining-association-safety-awards/,-1.4376231386027387
ref-stablelm-base-alpha-3b-v2,member,https://www.wbrc.com/prnewswire/2022/06/23/fda-denies-authorization-market-juul-products/,-1.8216852208274614
ref-stablelm-base-alpha-3b-v2,member,https://www.wrtv.com/news/national/publix-supermarkets-not-offering-covid-vaccine-to-young-kids,-1.794479381669874
ref-stablelm-base-alpha-3b-v2,member,https://www.mysuncoast.com/2022/08/14/police-man-killed-himself-after-ramming-us-capitol-barrier/,-1.7822873806966502
ref-stablelm-base-alpha-3b-v2,member,https://wgntv.com/news/highland-park-parade-shooting/highland-park-shooting-suspect-to-appear-in-bond-court-wednesday/,-1.7892097963074325
ref-stablelm-base-alpha-3b-v2,member,https://www.wymt.com/prnewswire/2022/08/11/mdu-resources-declares-quarterly-dividend-common-stock/,-1.2649920580193608
ref-stablelm-base-alpha-3b-v2,member,https://www.bostonglobe.com/2022/08/07/sports/joohyung-kim-20-shoots-61-claim-wyndham-championship/,-1.4604409234358462
ref-stablelm-base-alpha-3b-v2,member,https://www.krqe.com/news/washington-dc/house-leaders-optimistic-for-senate-bipartisan-gun-reform-bill/,-1.8023014535776478
ref-stablelm-base-alpha-3b-v2,member,https://www.sfchronicle.com/news/article/Police-ID-woman-two-daughters-slain-in-western-17213053.php,-1.8523545146026603
ref-stablelm-base-alpha-3b-v2,member,https://www.localsyr.com/sports/sports-news/bruins-back-home-beat-hurricanes-5-2-to-force-7th-game/,-1.6842554283151565
ref-stablelm-base-alpha-3b-v2,member,https://www.binghamtonhomepage.com/news/international/ap-explainer-what-to-know-ahead-of-swedens-election-sunday/,-2.0766771077869994
ref-stablelm-base-alpha-3b-v2,member,https://www.kait8.com/prnewswire/2022/09/07/kodiak-sciences-present-2022-morgan-stanley-healthcare-conference/,-1.468311079737111
ref-stablelm-base-alpha-3b-v2,member,https://www.wfmz.com/news/pr_newswire/pr_newswire_business/big3-partners-with-vyre-network-to-stream-select-2022-games-live/article_3387ec0d-5a6e-575c-aec9-9e3eb8c44e18.html,-2.2106478436885237
ref-stablelm-base-alpha-3b-v2,member,https://www.cleveland19.com/prnewswire/2022/06/28/robocorp-releases-survey-results-identifying-benefits-challenges-rpa/,-1.2294595344748775
ref-stablelm-base-alpha-3b-v2,member,https://www.foxnews.com/world/uk-reliant-china-medical-supplies-report,0.2315117375832978
ref-stablelm-base-alpha-3b-v2,member,https://phl17.com/reviews/br/lawn-garden-br/lawn-care-br/lawn-alternatives-to-help-your-yard-thrive-this-summer-no-matter-the-climate/,-1.7537718244440947
ref-stablelm-base-alpha-3b-v2,member,https://www.seattletimes.com/nation-world/world/explainer-why-rwanda-and-congo-are-sliding-toward-war-again/?utm_source=RSS&utm_medium=Referral&utm_campaign=RSS_world,-2.0044865770575147
ref-stablelm-base-alpha-3b-v2,member,https://www.fox16.com/reviews/br/bed-bath-br/toilets-toilet-seats-br/best-bidet-attachments/,-1.7332344020708326
ref-stablelm-base-alpha-3b-v2,member,https://www.wkyt.com/prnewswire/2022/09/01/freeport-village-station-celebrates-grand-opening-newly-expanded-lindt-chocolate-amp-new-lindt-chocolate-bar/,-1.605624617831608
ref-stablelm-base-alpha-3b-v2,member,https://www.cleveland19.com/prnewswire/2022/07/01/cpgtoolbox-psignite-merge-bring-clients-completely-reimagined-fully-integrated-rgm-suite/,-2.285945742151417
ref-stablelm-base-alpha-3b-v2,member,https://www.1011now.com/2022/06/22/armed-wig-wearing-couple-accused-robbing-circle-k-stations-arizona/,-1.672585966564072
ref-stablelm-base-alpha-3b-v2,member,https://www.wkyt.com/prnewswire/2022/07/14/china-liberal-education-holdings-limited-completes-acquisition-oriental-wisdom-cultural-development-co-ltd/,-1.7748558339580396
ref-stablelm-base-alpha-3b-v2,member,https://www.sfgate.com/news/article/Pope-Francis-meets-transgender-guests-of-Rome-17366363.php,-2.155815514513149
ref-stablelm-base-alpha-3b-v2,member,https://www.beaumontenterprise.com/news/article/Italy-opens-humanitarian-corridor-for-300-Afghan-17326954.php,-2.056549858820399
ref-stablelm-base-alpha-3b-v2,member,https://www.cleveland19.com/prnewswire/2022/08/04/bright-scholar-announces-unaudited-financial-results-third-fiscal-quarter-fiscal-2022/,-1.0879006911585927
ref-stablelm-base-alpha-3b-v2,member,https://www.abcactionnews.com/news/national/uvalde-little-league-plays-on-after-mass-school-shooting,-1.5296322184948594
ref-stablelm-base-alpha-3b-v2,member,https://www.fox13news.com/news/us-companies-hurdles-covering-abortion-travel-costs-roe-v-wade-overturned,-1.9352729595484597
ref-stablelm-base-alpha-3b-v2,member,https://wgntv.com/news/nexstar-media-wire/deputy-police-chief-showed-up-at-florida-prostitution-sting-with-180-pack-of-white-claw-sheriff-says/,-1.8213794355677746
ref-stablelm-base-alpha-3b-v2,member,https://phl17.com/business/ap-business/greedflation-is-price-gouging-helping-fuel-high-inflation/,-2.201036821368728
ref-stablelm-base-alpha-3b-v2,member,https://www.krqe.com/sports/mlb-baseball/orioles-look-to-replicate-success-against-rangers/,-0.7636005744341278
ref-stablelm-base-alpha-3b-v2,member,https://www.foxnews.com/us/former-massachusetts-corrections-officer-arrested-1988-slaying-11-year-old-girl,-0.16867836562615435
ref-stablelm-base-alpha-3b-v2,member,https://www.kwch.com/2022/09/11/george-w-bush-part-mlbs-911-anniversary-tribute/,-1.9821683533326622
ref-stablelm-base-alpha-3b-v2,member,https://www.1011now.com/prnewswire/2022/07/18/what-ophthalmologists-want-you-know-about-kids-concussion/,-1.3766403681249428
ref-stablelm-base-alpha-3b-v2,member,https://www.wmur.com/article/more-than-100-classified-trump-docs-recovered-during-mar-a-lago-search-earlier-this-year/40969914,-2.011739749208896
ref-stablelm-base-alpha-3b-v2,member,https://www.wcjb.com/prnewswire/2022/08/29/viva-biotech-announced-2022-interim-results/,-2.0404284974620954
ref-stablelm-base-alpha-3b-v2,member,https://www.valleynewslive.com/prnewswire/2022/08/08/angry-orchard-hard-cider-kicks-off-fall-season-with-new-hardcore-8-abv-imperial-cider/,-1.59115724150853
ref-stablelm-base-alpha-3b-v2,member,https://www.thv11.com/article/news/local/father-daughter-doctors-perform-heart-surgery-together/63-be1dc9e2-af7f-4610-8543-00eb0b268357,0.23583911215366005
ref-stablelm-base-alpha-3b-v2,member,https://www.wbtv.com/prnewswire/2022/06/27/companies-that-prioritize-suppliers-procurement-can-weather-todays-crises-win-tomorrows-postpandemic-opportunities-says-new-book-bcg/,-1.7801058319846432
ref-stablelm-base-alpha-3b-v2,member,https://www.sfchronicle.com/sports/article/Popp-powers-Germany-past-France-into-Euro-2022-17333897.php,-1.9240245830067995
ref-stablelm-base-alpha-3b-v2,member,https://www.wcjb.com/prnewswire/2022/09/01/balance-money-launches-its-new-digital-banking-service-built-help-users-organize-their-money-provide-peace-mind/,-1.8233721100042461
ref-stablelm-base-alpha-3b-v2,member,https://www.sfgate.com/sports/article/Flying-museum-to-honor-Maradona-ahead-of-World-Cup-17201391.php,-1.8912462978612523
ref-stablelm-base-alpha-3b-v2,member,https://www.krqe.com/sports/mlb-baseball/guardians-look-to-maintain-momentum-vs-red-sox/,0.005201978448446276
ref-stablelm-base-alpha-3b-v2,member,https://www.wafb.com/prnewswire/2022/06/15/partners-capital-appoints-new-public-equities-sustainable-investing-heads/,-1.3993039428944953
ref-stablelm-base-alpha-3b-v2,member,https://www.wcjb.com/prnewswire/2022/07/14/us-private-investor-buys-enerdel-inc/,-1.8394060633250429
ref-stablelm-base-alpha-3b-v2,member,https://www.wafb.com/prnewswire/2022/07/18/orvana-reports-49-quarterly-production-increase-promising-drill-intercepts-ortosa-west-orovalle-spain/,-1.8986703404464886
ref-stablelm-base-alpha-3b-v2,member,https://www.kmvt.com/2022/08/17/man-accused-security-breach-causing-airport-chaos-couldnt-wait-flight-police-say/,-1.8798347480919029
ref-stablelm-base-alpha-3b-v2,member,https://www.wkyt.com/prnewswire/2022/08/10/heather-schimmel-joins-tandym-group-chief-operations-officer/,-1.7525276485609917
ref-stablelm-base-alpha-3b-v2,member,https://www.sfchronicle.com/weather/article/CA-Sacramento-CA-Zone-Forecast-17324257.php,-0.570901126870693
ref-stablelm-base-alpha-3b-v2,member,https://www.kait8.com/prnewswire/2022/06/15/procare-solutions-marcopolo-learning-partner-deliver-award-winning-digital-learning-videos-educational-resources-child-care-centers/,-1.8523733551187311
ref-stablelm-base-alpha-3b-v2,member,https://kion546.com/news/2022/08/31/california-lawmakers-rejecting-new-firearms-tax-for-2nd-year/,-1.8173236783755318
ref-stablelm-base-alpha-3b-v2,member,https://www.mrt.com/entertainment/article/Lukas-Dhont-s-tender-boyhood-drama-Close-stirs-17203422.php,-1.7061755029374601
ref-stablelm-base-alpha-3b-v2,member,https://www.wivb.com/news/business/crypto-meltdown-prompts-yellen-to-call-for-new-regulation/,-2.3385691599384346
ref-stablelm-base-alpha-3b-v2,member,https://www.wcjb.com/2022/05/09/hip-be-smart-jeopardy-savors-run-super-champions/,-2.219956313544233
ref-stablelm-base-alpha-3b-v2,member,https://www.wvpublic.org/2022-08-08/lord-of-the-flies-with-teen-girls-yellowjackets-actor-leans-into-the-role,-2.0235224090234762
ref-stablelm-base-alpha-3b-v2,member,https://www.ktre.com/prnewswire/2022/07/12/passport-announces-david-field-head-strategic-accounts/,-2.0368431102359654
ref-stablelm-base-alpha-3b-v2,member,https://www.wane.com/news/shooting-at-dutch-home-for-the-disabled-kills-2-wounds-2/,-1.896299926925184
ref-stablelm-base-alpha-3b-v2,member,https://www.beaumontenterprise.com/living/article/Stylish-green-available-Antique-furniture-is-17211921.php,-2.5112466094979577
ref-stablelm-base-alpha-3b-v2,member,https://www.wlbt.com/prnewswire/2022/08/25/frigo-cheese-heads-launches-new-we-are-all-cheese-heads-campaign-celebrate-fuel-tweens-individuality/,-1.827686830561024
ref-stablelm-base-alpha-3b-v2,member,https://www.theadvocate.com/baton_rouge/news/article_61af2528-d54c-11ec-8040-7b2d7b1072a6.html,0.4515888357193587
ref-stablelm-base-alpha-3b-v2,member,https://www.wdtn.com/news/politics/ap-politics/manchin-declines-to-say-if-he-wants-dems-to-retain-control/,-2.0948441958946566
ref-stablelm-base-alpha-3b-v2,member,https://www.kxnet.com/sports/ap-soccer-resuming-in-britain-after-pause-due-to-queens-death/,-1.6710998435094973
ref-stablelm-base-alpha-3b-v2,member,https://www.mrt.com/news/local/article/Gas-price-increase-in-Midland-was-second-largest-17133692.php,0.2970794578187157
ref-stablelm-base-alpha-3b-v2,member,https://www.kswo.com/prnewswire/2022/07/20/cgtn-beyond-tianshan-mountains-xinjiang-is-land-wonders/,-2.1456049422759698
ref-stablelm-base-alpha-3b-v2,member,https://www.nwitimes.com/news/jerry-davich-is-your-child-worth-310-605-as-a-father-of-four-i-could/article_8aebebbb-75a4-5958-947d-a11bd26a10d0.html,0.530076534169321
ref-stablelm-base-alpha-3b-v2,member,https://www.ktvb.com/article/entertainment/entertainment-tonight/megan-fox-stands-out-in-eye-catching-neon-green-outfit-at-machine-gun-kellys-concert/603-5f6b62bc-7e82-4556-beef-1235990f45ea,-0.3553572003825516
ref-stablelm-base-alpha-3b-v2,member,https://www.kbtx.com/2022/08/12/trump-calls-immediate-release-mar-a-lago-warrant/,-2.1192528867791753
ref-stablelm-base-alpha-3b-v2,member,https://www.wsgw.com/1-dead-after-coast-guard-ship-collides-with-fishing-boat-near-puerto-rico/,-0.2844377793000057
ref-stablelm-base-alpha-3b-v2,member,https://www.mysuncoast.com/prnewswire/2022/06/01/cmp-pharma-inc-announces-that-norliqva-first-only-fda-approved-liquid-solution-amlodipine-is-now-available/,-1.3902305380687796
ref-stablelm-base-alpha-3b-v2,member,https://www.sfchronicle.com/sports/article/Phils-star-Harper-back-Friday-2-months-after-17398507.php,-1.7994786371247948
ref-stablelm-base-alpha-3b-v2,member,https://www.kxnet.com/entertainment-news/ap-entertainment/russian-journalist-sells-nobel-prize-for-ukrainian-children/,-2.045773443645388
ref-stablelm-base-alpha-3b-v2,member,https://www.beaumontenterprise.com/news/article/Gulf-Coast-vacation-best-beaches-se-Texas-17154743.php,0.47719961593821525
ref-stablelm-base-alpha-3b-v2,member,https://www.kswo.com/prnewswire/2022/08/02/skeletal-remains-found-mass-revolutionary-war-battlefield-grave/,-2.066926655315649
ref-stablelm-base-alpha-3b-v2,member,https://www.texomashomepage.com/reviews/br/home-br/decor-br/best-black-and-white-throw-blanket/,-1.6494927067882361
ref-stablelm-base-alpha-3b-v2,member,https://www.yourbasin.com/sports/manfred-says-rays-as-need-new-ballpark-deals-soon/,-2.1838560884706126
ref-stablelm-base-alpha-3b-v2,member,https://www.wistv.com/prnewswire/2022/08/29/ideaya-announces-achievement-first-milestone-ongoing-collaboration-with-gsk-potential-first-in-class-pol-theta-helicase-inhibitor-development-candidate/,-1.3605164895204531
ref-stablelm-base-alpha-3b-v2,member,https://www.kalb.com/prnewswire/2022/06/30/criminal-justice-reforms-passed-with-unanimous-bipartisan-support-go-into-effect-florida/,-1.9973944835481308
ref-stablelm-base-alpha-3b-v2,member,https://www.ksby.com/news/local-news/central-coast-businesses-struggle-to-bring-on-new-staff-despite-nationwide-job-growth,0.30799611224529233
ref-stablelm-base-alpha-3b-v2,member,https://www.yourcentralvalley.com/sports/will-smith-max-muncy-drive-dodgers-past-padres-again-8-3/,-1.686354684196968
ref-stablelm-base-alpha-3b-v2,member,https://www.wbrc.com/2022/06/29/former-alabama-us-attorney-reacts-president-bidens-new-gun-reform-laws/,0.02868230690113016
ref-stablelm-base-alpha-3b-v2,member,https://www.idahopress.com/townnews/fleet/body-of-missing-man-found-at-lucky-peak/article_72d75c68-24ba-11ed-9a44-3f3b16505eda.html,-0.10015720234902958
ref-stablelm-base-alpha-3b-v2,member,https://www.foxnews.com/media/cattle-mutilations-stump-law-enforcement-ranchers-the-greatest-unsolved-serial-crime-spree-in-history,0.6179161272880731
ref-stablelm-base-alpha-3b-v2,member,https://www.kalb.com/prnewswire/2022/06/29/collplant-advances-its-3d-bioprinted-regenerative-breast-implants-into-porcine-study/,-1.131486882028875
ref-stablelm-base-alpha-3b-v2,member,https://www.kark.com/news/arkansas-soccer-earns-no-8-ranking-usc-preseason-poll/,0.15010866990048122
ref-stablelm-base-alpha-3b-v2,member,https://www.kalb.com/prnewswire/2022/06/02/direxion-changes-index-financial-transportation-leveraged-etfs/,-1.5739283787763994
ref-stablelm-base-alpha-3b-v2,member,https://www.kron4.com/news/world/ap-international/congo-to-reassess-un-force-after-36-killed-in-protests/,-1.7871829169444948
ref-stablelm-base-alpha-3b-v2,member,https://www.binghamtonhomepage.com/sports/ap-sargent-pepi-ferreira-on-us-roster-for-world-cup-warmups/,-1.774988780316592
ref-stablelm-base-alpha-3b-v2,member,https://www.kold.com/prnewswire/2022/06/29/walker-amp-dunlop-completes-sale-richwood-texas-apartments/,-1.7830915404489445
ref-stablelm-base-alpha-3b-v2,member,https://www.king5.com/article/news/local/port-orchard-man-ar-15-gun-texas-shooting/281-9c53ab55-62f2-4790-844e-e703ecbe030c,0.3159157440694593
ref-stablelm-base-alpha-3b-v2,member,https://www.annistonstar.com/sports/high_school/prep-baseball-roundup-haney-slugs-two-homer-in-donoho-victory/article_f3ee33b2-b6f6-11ec-b442-b3796fb84f77.html,0.19910242950145607
ref-stablelm-base-alpha-3b-v2,member,https://www.wtae.com/article/us-retail-sales-were-flat-in-july/40918234,-1.9958254947675467
ref-stablelm-base-alpha-3b-v2,member,https://www.kxii.com/prnewswire/2022/08/11/opportunity-zone-redevelopment-areas-continue-track-nationwide-home-price-increases-second-quarter/,-1.9359287349930805
ref-stablelm-base-alpha-3b-v2,member,https://www.binghamtonhomepage.com/news/politics/us-aims-to-leverage-russia-ukraine-bloc-against-china/,-1.7883776051906746
ref-stablelm-base-alpha-3b-v2,member,https://www.1011now.com/2022/04/12/murder-charge-over-self-induced-abortion-dismissed-texas/,-1.9803390768065414
ref-stablelm-base-alpha-3b-v2,member,https://phl17.com/national-news/noah-baumbachs-white-noise-to-open-new-york-film-festival/,-1.553905173419923
ref-stablelm-base-alpha-3b-v2,member,https://www.al.com/motorsports/2022/08/bubba-wallace-signs-contract-extension-with-23xi-racing-weve-come-a-long-way-together.html,-1.0890306054057413
ref-stablelm-base-alpha-3b-v2,member,https://www.pahomepage.com/sports/ap-online-bets-surge-as-nfl-kicks-off-indicating-a-busy-year/,-2.0347295664888585
ref-stablelm-base-alpha-3b-v2,member,https://wausaupilotandreview.com/2022/06/17/governor-evers-announces-new-rustic-road-guide-featuring-123-routes/,0.28683724014153134
ref-stablelm-base-alpha-3b-v2,member,https://www.wflx.com/2022/05/10/st-lucie-school-board-decide-millage-tax-november-ballot/,0.1968336729939848
ref-stablelm-base-alpha-3b-v2,member,https://www.wistv.com/2022/05/18/its-twins-again-couple-welcomes-3rd-set-twins-2-years/,-0.9278935796084176
ref-stablelm-base-alpha-3b-v2,member,https://www.wfmz.com/news/pr_newswire/pr_newswire_technology/the-worldwide-optical-communication-and-networking-equipment-industry-is-expected-to-reach-36-6-billion/article_43baa884-342d-5c68-99ac-327634efa662.html,0.13244287161355017
ref-stablelm-base-alpha-3b-v2,member,https://www.kswo.com/prnewswire/2022/08/04/winston-salem-weaver-fire-air-quality-worse-than-reported-by-agencies/,-2.181345373799506
ref-stablelm-base-alpha-3b-v2,member,https://www.eonline.com/ca/news/1336564/todd-chrisley-shares-update-on-family-life-after-verdict,0.06673618244203183
ref-stablelm-base-alpha-3b-v2,member,https://www.ijpr.org/npr-news/2022-05-20/judge-rules-that-pandemic-border-restrictions-must-continue-a-win-for-gop-led-states,-1.7769328022207358
ref-stablelm-base-alpha-3b-v2,member,https://www.kold.com/prnewswire/2022/04/12/adge-pharmaceuticals-advances-its-rare-disease-programs-attends-ascend-2022-rett-syndrome-national-summit/,-1.710624029467012
ref-stablelm-base-alpha-3b-v2,member,https://www.weau.com/prnewswire/2022/05/31/mitchell-resnick-lead-walker-amp-dunlops-newly-formed-investment-management-amp-proprietary-capital-group/,-1.847736163976209
ref-stablelm-base-alpha-3b-v2,member,https://www.mynews13.com/fl/orlando/ap-online/2022/08/11/ukraine-wants-donors-to-give-more-money-to-stop-russia,-1.8367320308907076
ref-stablelm-base-alpha-3b-v2,member,https://www.wearegreenbay.com/technology/ap-technology/ap-internet-service-providers-drop-challenge-of-privacy-law/,-1.9962790718797305
ref-stablelm-base-alpha-3b-v2,member,https://www.washingtonpost.com/sports/mlb/mccarthy-helps-diamondbacks-beat-sliding-white-sox-10-5/2022/08/27/066576d6-267d-11ed-a72f-1e7149072fbc_story.html,-0.45016285058202765
ref-stablelm-base-alpha-3b-v2,member,https://cbs4indy.com/news/national-world/good-samaritan-praised-for-actions-in-indiana-mall-shooting/,-1.772199013835449
ref-stablelm-base-alpha-3b-v2,member,https://www.wbay.com/prnewswire/2022/06/10/ronn-torossian-joins-judging-committee-2022-international-business-awards/,-1.4591075396864641
ref-stablelm-base-alpha-3b-v2,member,https://www.springfieldnewssun.com/news/fountain-on-main-owner-at-a-loss-after-leases-cancellation/7C2BW4IROVDGJCP4SKX357JSSQ/,0.14036467488863336
ref-stablelm-base-alpha-3b-v2,member,https://www.santafenewmexican.com/news/local_news/lujan-grisham-attacks-ronchetti-on-police-sound-bite-in-new-ad/article_621763be-129f-11ed-8d52-ab32a53a50e1.html,0.18417743562904776
ref-stablelm-base-alpha-3b-v2,member,https://www.ourmidland.com/news/article/Colorado-Democrats-call-for-new-national-monument-17400304.php,-2.059083974439594
ref-stablelm-base-alpha-3b-v2,member,https://www.kmvt.com/prnewswire/2022/07/28/alithya-signs-up-c108-million-digital-transformation-contracts-with-quebec-government-agency/,-1.5028267347581634
ref-stablelm-base-alpha-3b-v2,member,https://www.wdiy.org/2011-06-21/sachal-vasandani-a-nice-indian-kid-learns-to-sing-jazz,0.3139513044744384
ref-stablelm-base-alpha-3b-v2,member,https://www.mrt.com/news/article/Man-charged-with-attempted-murder-in-shooting-of-17370187.php,-2.0039354163734298
ref-stablelm-base-alpha-3b-v2,member,https://www.kfyrtv.com/prnewswire/2022/07/13/360factors-expands-executive-team-with-key-new-hire/,-1.9142580610888476
ref-stablelm-base-alpha-3b-v2,member,https://www.sfgate.com/news/article/UN-chief-Military-activity-at-Ukraine-nuke-plant-17367035.php,-1.8825477798034416
ref-stablelm-base-alpha-3b-v2,member,https://www.cnet.com/tech/services-and-software/why-spider-man-no-way-home-isnt-streaming-but-doctor-strange-is/,0.44001252208154273
ref-stablelm-base-alpha-3b-v2,member,https://www.fox35orlando.com/news/msp-airport-mock-airplane-cabin-travel-anxiety,0.29765837578588883
ref-stablelm-base-alpha-3b-v2,member,https://www.kait8.com/2022/06/08/migration-gets-top-billing-biden-hosts-hemisphere-leaders/,-2.251585696982463
ref-stablelm-base-alpha-3b-v2,member,https://www.kmvt.com/prnewswire/2022/06/30/change-number-shares-votes-boliden/,-1.3600456889750068
ref-stablelm-base-alpha-3b-v2,member,https://www.seattlepi.com/news/article/Escaped-North-Dakota-inmate-arrested-in-South-17290244.php,-1.67134390061684
ref-stablelm-base-alpha-3b-v2,member,https://www.cenlanow.com/national/truck-carrying-highly-flammable-material-catches-fire-on-ohio-turnpike-video-shows/,-1.817758149921132
ref-stablelm-base-alpha-3b-v2,member,https://www.wibw.com/prnewswire/2022/08/01/centerspace-reports-second-quarter-2022-financial-results/,-1.271729554380646
ref-stablelm-base-alpha-3b-v2,member,https://www.conchovalleyhomepage.com/news/texas/woman-in-need-of-kidney-death-row-inmate-could-save-my-life/,-2.1751198606713973
ref-stablelm-base-alpha-3b-v2,member,https://www.wibw.com/2022/08/18/cute-miniature-horse-born-without-use-rear-legs-takes-off-running-new-wheelchair/,-1.9540961515000115
ref-stablelm-base-alpha-3b-v2,member,https://www.wistv.com/2022/06/07/infants-among-22-worshippers-killed-nigeria-church-attack/,-2.0159428845769796
ref-stablelm-base-alpha-3b-v2,member,https://www.kcbx.org/2022-06-04/marvels-first-muslim-superhero-to-headline-a-comic-makes-her-mcu-debut,-1.9320379955911218
ref-stablelm-base-alpha-3b-v2,member,https://www.al.com/opinion/2022/07/guest-opinion-finally-despite-the-complaining-space-command-heads-to-alabama.html,0.40875501840319917
ref-stablelm-base-alpha-3b-v2,member,https://www.wfmz.com/news/pr_newswire/pr_newswire_stocks/ashford-trust-sets-second-quarter-earnings-release-and-conference-call-dates/article_75264033-d163-54e6-b8c6-7e63ffddb1c1.html,-0.6881797997372864
ref-stablelm-base-alpha-3b-v2,member,https://www.wtvr.com/news/national/uk-parliament-summons-elon-musk-to-discuss-twitter-purchase,-1.893134481266923
ref-stablelm-base-alpha-3b-v2,member,https://www.wflx.com/prnewswire/2022/07/25/pacaso-announces-government-advisory-board/,-1.4584373023182027
ref-stablelm-base-alpha-3b-v2,member,https://www.kgun9.com/news/national/child-dies-from-suspected-case-of-brain-eating-amoeba,-0.14260962698741642
ref-stablelm-base-alpha-3b-v2,member,https://www.cnet.com/tech/mobile/apple-watch-pro-rumored-to-feature-bigger-display-body-temperature-sensor/,-0.07433301645601698
ref-stablelm-base-alpha-3b-v2,member,https://www.kmvt.com/prnewswire/2022/05/24/computex-2022-returns-in-person-with-virtual-physical-exhibition/,-2.089517251997099
ref-stablelm-base-alpha-3b-v2,member,https://www.wric.com/news/u-s-world/jon-stewart-to-receive-mark-twain-prize-for-american-humor/,-1.9315388583846294
ref-stablelm-base-alpha-3b-v2,member,https://www.wfla.com/news/politics/ap-politics/senate-tees-up-vote-on-bill-to-aid-vets-exposed-to-burn-pits/,-2.0967592819729424
ref-stablelm-base-alpha-3b-v2,member,https://www.wistv.com/prnewswire/2022/08/23/hatback-bar-amp-grille-steelheads-alley-celebrate-grand-opening/,-2.0776088892241824
ref-stablelm-base-alpha-3b-v2,member,https://www.mlive.com/tigers/2022/08/our-favorite-photos-from-the-detroit-tigers-matchup-with-the-tampa-bay-rays.html,-0.11843862363598046
ref-stablelm-base-alpha-3b-v2,member,https://www.washingtonpost.com/politics/2022/05/31/mccarthy-letter-jan-6/,0.34897693931084683
ref-stablelm-base-alpha-3b-v2,member,https://www.ksby.com/news/local-news/a-look-back-at-queen-elizabeths-trip-to-santa-barbara,0.18299922038468042
ref-stablelm-base-alpha-3b-v2,member,https://www.wfla.com/news/national/investigative-journalist-found-stabbed-to-death-outside-his-home/,0.014370951821276012
ref-stablelm-base-alpha-3b-v2,member,https://www.wtvr.com/news/local-news/hanover-cafeteria-manager-inducted-into-school-lunch-hall-of-fame,0.36068198001167184
ref-stablelm-base-alpha-3b-v2,member,https://www.kfyrtv.com/prnewswire/2022/06/29/vymo-publishes-kaleidoscope-book-digital-workforce-transformation-insurance-companies/,-1.82014156837421
ref-stablelm-base-alpha-3b-v2,member,https://www.foxnews.com/media/biden-covid-diagnosis-msnbc-cnn-abc-float-new-mask-restrictions-tout-boosters,0.04003490454717662
ref-stablelm-base-alpha-3b-v2,member,https://www.sfgate.com/news/article/EU-Schengen-travel-restrictions-badly-checked-17238279.php,-1.8679073387758773
ref-stablelm-base-alpha-3b-v2,member,https://www.myarklamiss.com/reviews/br/sports-fitness-br/football-br/best-under-armour-football-gloves/,-1.5987103124225435
ref-stablelm-base-alpha-3b-v2,member,https://www.abc10.com/article/news/nation-world/allyson-felix-comes-out-of-retirement-for-final-race/507-6c6ec10c-b1d4-4f8e-b016-c24c4f3f2fda,-2.159958379130823
ref-stablelm-base-alpha-3b-v2,member,https://www.phillytrib.com/news/across_america/embattled-rep-john-thompson-defends-conduct-in-traffic-stop/article_dc268e79-6cb2-5a99-aa94-2a32b9c475ac.html,-1.8032235845976237
ref-stablelm-base-alpha-3b-v2,member,https://www.kwch.com/2022/07/02/family-loses-home-fire-amid-tornado-rebuild-dont-know-if-we-can-do-it-again/,-1.8179074334534084
ref-stablelm-base-alpha-3b-v2,member,https://www.valleynewslive.com/prnewswire/2022/08/11/pacific-production-services-reels-growth-investment-arena-investors-lp/,-2.105647066765264
ref-stablelm-base-alpha-3b-v2,member,https://www.wistv.com/prnewswire/2022/05/11/mdu-resources-declares-quarterly-dividend-common-stock/,-1.2060886498534358
ref-stablelm-base-alpha-3b-v2,member,https://www.wrtv.com/news/national/u-s-adds-372-000-jobs-in-june-as-job-market-remains-strong,-1.8084451291308288
ref-stablelm-base-alpha-3b-v2,member,https://www.conchovalleyhomepage.com/sports/ap-sports/santanas-homer-rallies-mariners-for-4-3-win-over-yankees/,-1.8922456433631447
ref-stablelm-base-alpha-3b-v2,member,https://www.foxnews.com/media/denver-district-attorney-liberal-prosecutors-rising-crime,0.13902900053877598
ref-stablelm-base-alpha-3b-v2,member,https://www.springfieldnewssun.com/nation-world/blaney-truex-eyeing-playoff-spot-on-sunday-at-richmond/T6KAR62ZFBAJZLR42RZSG4LMOY/,-1.9396243774430497
ref-stablelm-base-alpha-3b-v2,member,https://www.wric.com/entertainment-news/jury-finds-man-guilty-of-murder-of-rapper-nipsey-hussle/,-2.0191401778894837
ref-stablelm-base-alpha-3b-v2,member,https://www.kfyrtv.com/prnewswire/2022/07/07/schwazze-debuts-star-buds-brand-evolution-with-remodel-star-buds-aurora-colorado/,-1.7840118734658073
ref-stablelm-base-alpha-3b-v2,member,https://bismarcktribune.com/weather/jun-11-2022-evening-weather-update-for-bismarck/article_d1f9f0ad-4445-56c3-9882-af8b98204e4f.html,-1.6318385172256287
ref-stablelm-base-alpha-3b-v2,member,https://www.cnet.com/culture/entertainment/wwe-founder-ceo-vince-mcmahon-retires-what-you-need-to-know/,0.33376861829379134
ref-stablelm-base-alpha-3b-v2,member,https://www.kbzk.com/news/fire-watch/moose-fire-determined-to-be-human-caused,-0.5754393662861244
ref-stablelm-base-alpha-3b-v2,member,https://www.kron4.com/news/world/ap-international/iran-media-revolutionary-guard-accuses-diplomats-of-spying/,-2.3254133429665984
ref-stablelm-base-alpha-3b-v2,member,https://www.sfchronicle.com/news/article/Cars-hit-pack-of-wild-boars-in-Greece-2-killed-17298826.php,-1.6671483128008673
ref-stablelm-base-alpha-3b-v2,member,https://www.valleynewslive.com/prnewswire/2022/04/14/biohaven-real-world-study-highlights-increased-healthcare-utilization-among-americans-with-episodic-migraine-having-higher-levels-migraine-related-disability/,-1.4016534554914133
ref-stablelm-base-alpha-3b-v2,member,https://www.ourmidland.com/sports/article/Houston-Team-Stax-17259917.php,1.1950230977777374
ref-stablelm-base-alpha-3b-v2,member,https://www.kxlf.com/news/national/seattle-teachers-still-on-strike-as-classes-canceled-monday,-2.0571620901533993
ref-stablelm-base-alpha-3b-v2,member,https://www.kait8.com/2022/06/22/bono-mayor-honored-with-leadership-award/,0.25239668230276413
ref-stablelm-base-alpha-3b-v2,member,https://www.apr.org/business-education/2006-08-24/deep-fried-fuel-a-biodiesel-kitchen-vision,0.6003346451067006
ref-stablelm-base-alpha-3b-v2,member,https://www.1011now.com/prnewswire/2022/07/14/zymo-researchs-dnarna-shield-inactivates-monkeypox-collection-transportation-samples/,-1.95852877905542
ref-stablelm-base-alpha-3b-v2,member,https://www.kait8.com/prnewswire/2022/09/16/this-week-transportation-news-10-stories-you-need-see/,-2.203767089519085
ref-stablelm-base-alpha-3b-v2,member,https://www.11alive.com/article/life/food/chickfila-top-customer-service-ranking-8th-year/101-a365663e-1a6d-4891-ad08-0b01a5a8f02a,-0.35116574463666517
ref-stablelm-base-alpha-3b-v2,member,https://wtmj.com/sports/2022/07/14/ntsb-dad-not-boy-was-driving-truck-that-hit-golfers-van-5/,-1.7956317455575728
ref-stablelm-base-alpha-3b-v2,member,https://www.newswest9.com/article/news/verify/money-verify/no-government-program-free-solar-panels/536-b8a67f1d-8ea3-43dd-8b3e-46c26aa8f6e1,-1.6776241924883106
ref-stablelm-base-alpha-3b-v2,member,https://www.fox35orlando.com/news/rising-sea-levels-to-flood-nearly-650000-oceanfront-properties-across-us-by-2050-study-finds,0.14704626053966363
ref-stablelm-base-alpha-3b-v2,member,https://www.wric.com/washington-dc/bittersweet-biden-signs-bill-for-veterans-exposed-to-toxic-burn-pits/,-2.2529171294522
ref-stablelm-base-alpha-3b-v2,member,https://wtmj.com/entertainment/2022/06/24/stars-turn-out-for-diors-19000-blooms-at-paris-show-3/,-2.847977531473566
ref-stablelm-base-alpha-3b-v2,member,https://www.seattletimes.com/nation-world/nation/6-french-tourists-on-plane-that-crashed-into-lake-killing-2/?utm_source=RSS&utm_medium=Referral&utm_campaign=RSS_all,-1.794464100249197
ref-stablelm-base-alpha-3b-v2,member,https://www.kait8.com/prnewswire/2022/07/05/mako-mining-provides-update-one-year-anniversary-since-declaring-commercial-production/,-1.9591828021320405
ref-stablelm-base-alpha-3b-v2,member,https://www.wibw.com/prnewswire/2022/08/01/non-tapered-catheter-success-critical-limb-ischemia-pedal-artery-access/,-2.2469222147552026
ref-stablelm-base-alpha-3b-v2,member,https://www.binghamtonhomepage.com/news/local-news/organization-teams-with-local-barber-shops-to-provide-free-back-to-school-haircuts/,0.2413958378331449
ref-stablelm-base-alpha-3b-v2,member,https://cbs4indy.com/news/chris-cuomos-new-podcast-among-apples-top-shows/,-2.0021279567633226
ref-stablelm-base-alpha-3b-v2,member,https://www.bostonherald.com/2022/07/15/orioles-mock-draft-roundup-for-unpredictable-club-theres-a-clear-top-choice-for-no-1-overall-pick/,0.05851131277506694
ref-stablelm-base-alpha-3b-v2,member,https://www.wfmz.com/news/pr_newswire/pr_newswire_entertainment/rbmedia-signs-audiobook-deal-with-award-winning-author-and-tiktok-star-alex-aster/article_e3fe6a4c-6e6e-52ad-a6e6-3a3c341a5fe3.html,0.4522570273169304
ref-stablelm-base-alpha-3b-v2,member,https://www.kwch.com/2022/07/08/thousands-expected-participate-womens-march-abortion-access/,-1.5662121796701094
ref-stablelm-base-alpha-3b-v2,member,https://www.wfla.com/news/pinellas-county/move-over-or-pay-up-officers-enforce-the-move-over-law-in-pinellas-county/,0.31712337398173496
ref-stablelm-base-alpha-3b-v2,member,https://www.wsaz.com/prnewswire/2022/08/01/inventhelp-develops-lawnmower-debris-collector-poo-426/,-1.6254378449850855
ref-stablelm-base-alpha-3b-v2,member,https://www.conchovalleyhomepage.com/health-2/ap-health/flash-floods-strand-1k-people-in-death-valley-national-park/,-2.0464633190450847
ref-stablelm-base-alpha-3b-v2,member,https://www.wistv.com/prnewswire/2022/08/01/hcsc-expand-medicare-offerings-11m-more-seniors-150-new-counties/,-1.7828800772997655
ref-stablelm-base-alpha-3b-v2,member,https://www.abc15.com/news/national/amazon-rite-aid-cap-purchase-of-emergency-contraceptives,-2.014750932449394
ref-stablelm-base-alpha-3b-v2,member,https://www.mysuncoast.com/prnewswire/2022/08/18/china-automotive-systems-announces-annual-meeting-august-26-2022/,-0.9598123030256606
ref-stablelm-base-alpha-3b-v2,member,https://www.localsyr.com/sports/sports-news/degrominant-degrom-dominates-again-as-mets-edge-phils-1-0/,-1.5098072234170496
ref-stablelm-base-alpha-3b-v2,member,https://www.wlbt.com/prnewswire/2022/08/15/singlepoint-clarifies-earlier-release-concerning-frontline-power-solutions-multi-state-licensed-energy-services-company/,-1.8169683355994126
ref-stablelm-base-alpha-3b-v2,member,https://www.al.com/palabra/2022/05/can-border-patrols-pattern-of-mistreating-migrants-without-recourse-be-reversed.html,0.216833692669002
ref-stablelm-base-alpha-3b-v2,member,https://www.pahomepage.com/news/business/ap-business/japans-honda-sees-declining-profits-on-semiconductor-crunch/,-2.0127509877242273
ref-stablelm-base-alpha-3b-v2,member,https://www.valleynewslive.com/prnewswire/2022/07/21/bingx-introduces-futures-grid-trading-energise-traders-crypto-winter/,-2.454392178143145
ref-stablelm-base-alpha-3b-v2,member,https://www.kmvt.com/prnewswire/2022/08/10/theres-better-way-detect-high-risk-medications-older-adults-with-cancer-according-new-study-jnccn/,-1.8328803151928053
ref-stablelm-base-alpha-3b-v2,member,https://www.wbrc.com/prnewswire/2022/08/04/dover-increases-dividend/,-1.371561915892235
ref-stablelm-base-alpha-3b-v2,member,https://www.mrt.com/news/article/Falling-object-from-airplane-nearly-hits-Maine-17374995.php,-2.4795820958099117
ref-stablelm-base-alpha-3b-v2,member,https://www.wric.com/news/northern-virginia/police-in-search-of-two-suspects-after-woodbridge-dealership-break-in/,0.20318531994940825
ref-stablelm-base-alpha-3b-v2,member,https://fox59.com/news/indynews/nasa-hopes-to-attract-aliens-with-messages-including-naked-images-of-humans/,0.33527606009426725
ref-stablelm-base-alpha-3b-v2,member,https://www.djournal.com/obituaries/djournal/oswalt-donald-ray/article_7f48976f-702a-5d10-a12b-794f801d4690.html,-0.7138871155772248
ref-stablelm-base-alpha-3b-v2,member,https://warm1069.com/post-malone-claims-man-suing-him-over-circles-deleted-critical-evidence-doctored-texts/,0.041836360143046925
ref-stablelm-base-alpha-3b-v2,member,https://www.cnet.com/health/medical/monkeypox-rash-may-not-be-so-obvious-according-to-the-cdc/,0.24901722112809277
ref-stablelm-base-alpha-3b-v2,member,https://www.kunm.org/npr-news/npr-news/2022-07-17/nearly-400-officers-were-in-uvalde-before-the-gunman-was-killed-a-new-report-finds,-2.208169630046591
ref-stablelm-base-alpha-3b-v2,member,https://www.kait8.com/prnewswire/2022/07/15/xinhua-silk-road-shanghai-remains-3rd-place-isc20-ranking-2022-xinhua-baltic-report/,-2.1785791654163384
ref-stablelm-base-alpha-3b-v2,member,https://www.wweek.com/culture/2022/07/13/theres-a-casual-magic-to-portland-parks-recreation-outdoor-screenings/,0.48692393087170993
ref-stablelm-base-alpha-3b-v2,member,https://www.wkyt.com/prnewswire/2022/08/26/her-majesty-queen-rania-jordan-announced-co-chair-kering-foundations-first-ever-caring-women-dinner/,-1.9242487156306733
ref-stablelm-base-alpha-3b-v2,member,https://www.kswo.com/prnewswire/2022/05/20/escoffier-designated-great-place-work-certified-company-third-consecutive-year/,-1.7932879971060955
ref-stablelm-base-alpha-3b-v2,member,https://www.sfgate.com/business/article/Gates-Foundation-women-s-tennis-partnering-on-17292248.php,-2.2502753835384706
ref-stablelm-base-alpha-3b-v2,member,https://www.kens5.com/article/news/local/tiktok-injured-richmond-indiana-officer-seara-burton-fiancee-sierra-neal-wedding/531-3d683eec-b521-4bc3-aa17-0fa80f6fe0ca,-0.35017826242673666
ref-stablelm-base-alpha-3b-v2,member,https://www.wdtn.com/news/ap-top-headlines/ap-judge-jury-can-see-swastikas-school-shooter-drew-in-class/,-2.3368270179537545
ref-stablelm-base-alpha-3b-v2,member,https://www.lehighvalleylive.com/advice/2022/05/dear-abby-friendship-evaporates-amidst-shoplifting-and-shortchanging.html,-1.6292910569596633
ref-stablelm-base-alpha-3b-v2,member,https://www.mcall.com/news/nation-world/ct-aud-nw-george-floyd-cop-20220518-qtvmntxbnfdttevzcw72m7ucwq-story.html,-1.5003448270447193
ref-stablelm-base-alpha-3b-v2,member,https://www.wagmtv.com/prnewswire/2022/06/07/audi-teams-up-with-three-michelin-star-restaurant-noma-global-nonprofit-mad-spark-conversations-around-sustainability/,-1.9090719872457924
ref-stablelm-base-alpha-3b-v2,member,https://www.wbay.com/prnewswire/2022/06/27/neptune-report-fourth-quarter-fiscal-2022-financial-results-june-29-2022/,-1.0362431911862935
ref-stablelm-base-alpha-3b-v2,member,https://www.kait8.com/prnewswire/2022/09/13/embedded-finance-transaction-value-more-than-double-7-trillion-us-by-2026-financial-institutions-must-move-quickly-keep-up-bain-amp-company-bain-capital-report/,-2.081031108933836
ref-stablelm-base-alpha-3b-v2,member,https://www.cenlanow.com/entertainment-news/ap-tom-ford-closes-fashion-week-with-big-hair-miles-of-sparkle/,-2.8698290645344255
ref-stablelm-base-alpha-3b-v2,member,https://www.wbtv.com/2022/06/02/records-show-coordinated-arizona-ballot-collection-scheme/,-2.2442527233083953
ref-stablelm-base-alpha-3b-v2,member,https://www.seattletimes.com/business/ukrainians-flee-grim-life-in-russian-occupied-kherson/?utm_source=RSS&utm_medium=Referral&utm_campaign=RSS_all,-2.2334642439116217
ref-stablelm-base-alpha-3b-v2,member,https://www.sfgate.com/sports/article/World-Golf-Ranking-17195702.php,0.9578576663663187
ref-stablelm-base-alpha-3b-v2,member,https://www.wruf.com/headlines/2022/05/11/miami-heat-remain-perfect-at-home-take-3-2-series-lead-over-76ers/,0.06750941059301874
ref-stablelm-base-alpha-3b-v2,member,https://www.kvue.com/article/entertainment/entertainment-tonight/shawn-mendes-postpones-shows-to-take-care-of-his-mental-health-ive-hit-a-breaking-point/603-c0597d92-d2de-4c98-88a6-b99ad07958cc,-1.4549645325575185
ref-stablelm-base-alpha-3b-v2,member,https://www.wane.com/news/business/ap-business/spacex-reported-to-fire-employees-critical-of-ceo-elon-musk/,-2.2557669416604975
ref-stablelm-base-alpha-3b-v2,member,https://www.wptv.com/news/national/virginia-governor-seeks-new-transgender-student-policies,-2.1209317985617164
ref-stablelm-base-alpha-3b-v2,member,https://www.sfchronicle.com/sports/article/Howard-blanks-Morehouse-College-31-0-in-New-York-17449234.php,-1.6003161283723473
ref-stablelm-base-alpha-3b-v2,member,https://www.gjsentinel.com/gjrealestateweekly/ask-dave/article_0e3d466a-f886-11ec-a3a7-e3aef030b190.html,0.5947337577683949
ref-stablelm-base-alpha-3b-v2,member,https://www.ourmidland.com/news/article/Ukraine-graft-concerns-resurface-as-Russia-war-17316307.php,-2.0899212720440095
ref-stablelm-base-alpha-3b-v2,member,https://www.timesleader.com/wire/nation-world/1562982/harris-emerges-as-top-abortion-voice-warns-of-more-fallout,-2.2413171037887714
ref-stablelm-base-alpha-3b-v2,member,https://www.nprillinois.org/2022-07-31/this-fish-evolved-to-walk-on-land-then-said-nope-and-went-back-to-the-water,-1.7919926863137743
ref-stablelm-base-alpha-3b-v2,member,https://who13.com/sports/ap-sports/ap-texas-techs-ramirez-carted-off-at-no-16-nc-state/,-1.8105141867047372
ref-stablelm-base-alpha-3b-v2,member,https://www.valleynewslive.com/prnewswire/2022/06/02/hagens-berman-national-trial-attorneys-encourages-ionq-inc-ionq-investors-with-significant-losses-contact-firms-attorneys-securities-fraud-case-filed/,-1.258067906150646
ref-stablelm-base-alpha-3b-v2,member,https://kion546.com/politics/cnn-us-politics/2022/07/26/first-on-cnn-jill-bidens-press-secretary-leaving-white-house/,-0.2082748958455971
ref-stablelm-base-alpha-3b-v2,member,https://www.wsaz.com/prnewswire/2022/08/04/amgen-reports-second-quarter-2022-financial-results/,-1.2961196659045342
ref-stablelm-base-alpha-3b-v2,member,https://www.mrt.com/weather/article/TX-WFO-LUBBOCK-Warnings-Watches-and-Advisories-17216879.php,-1.4742811593012812
ref-stablelm-base-alpha-3b-v2,member,https://www.seattlepi.com/news/article/Algeria-s-top-diplomat-backs-Syria-s-return-to-17326912.php,-1.4472522656723767
ref-stablelm-base-alpha-3b-v2,member,https://www.mlive.com/public-interest/2022/08/ev-sales-are-hitting-record-highs-will-the-chips-act-continue-momentum.html,0.08792112133709296
ref-stablelm-base-alpha-3b-v2,member,https://www.wfla.com/news/international/ap-international/latvia-to-topple-soviet-era-monument-a-week-after-estonia/,-1.851109057711049
ref-stablelm-base-alpha-3b-v2,member,https://ktbb.com/post/?p=1154173,0.18660179887141526
ref-stablelm-base-alpha-3b-v2,member,https://www.localsyr.com/news/national/tourism-helicopter-in-hawaii-crashes-into-lava-field/,-1.8819381785123275
ref-stablelm-base-alpha-3b-v2,member,https://cbs4indy.com/news/ice-cream-connected-with-deadly-multistate-listeria-outbreak-recalled-after-contamination-found-in-processing-facility/,-0.13619263450690355
ref-stablelm-base-alpha-3b-v2,member,https://www.weau.com/prnewswire/2022/08/16/your-natural-dog-offers-free-holistic-pet-wellness-event-online/,-2.2226137192133915
ref-stablelm-base-alpha-3b-v2,member,https://globegazette.com/cleo/article_c4ee7aae-c34e-5e56-91c3-52403a486afe.html,0.7760860836239623
ref-stablelm-base-alpha-3b-v2,member,https://www.wfmz.com/news/pr_newswire/pr_newswire_entertainment/composers-for-encanto-the-white-lotus-and-more-take-home-ascap-composers-choice-award-honors/article_4690a26b-72d1-54d0-80e0-be4b2e614fad.html,-1.3365133403765472
ref-stablelm-base-alpha-3b-v2,member,https://www.1011now.com/prnewswire/2022/05/20/escoffier-designated-great-place-work-certified-company-third-consecutive-year/,-1.7932879971060955
ref-stablelm-base-alpha-3b-v2,member,https://localnews8.com/entertainment/cnn-entertainment/2022/07/31/maneskin-on-feeling-free-finding-fame-and-embarking-on-their-first-world-tour/,0.05785890371089586
ref-stablelm-base-alpha-3b-v2,member,https://www.ktre.com/prnewswire/2022/08/29/capital-squares-first-opportunity-zone-fund-development-secures-long-term-financing-issues-special-distribution-investors/,-1.663759017001147
ref-stablelm-base-alpha-3b-v2,member,https://www.santafenewmexican.com/news/local_news/gas-prices-in-santa-fe-across-u-s-hit-record-high/article_0b756868-d1fd-11ec-bba0-9fa999ad7916.html,0.18146432475020458
ref-stablelm-base-alpha-3b-v2,member,https://www.ktre.com/prnewswire/2022/05/31/omv-medical-inc-is-now-provizor-federal-inc/,-2.0947633192879143
ref-stablelm-base-alpha-3b-v2,member,https://www.mrt.com/business/article/American-Airlines-gives-rosier-outlook-for-summer-17217646.php,-1.9666459363827606
ref-stablelm-base-alpha-3b-v2,member,https://www.wbtv.com/prnewswire/2022/09/15/novelis-celebrates-opening-35-million-customer-solution-center-automotive-market-michigan/,-1.760438300164959
ref-stablelm-base-alpha-3b-v2,member,https://www.mainepublic.org/npr-news/npr-news/2022-08-19/the-new-u-s-monkeypox-vaccine-strategy-offers-more-doses-and-uncertainty,-2.143795264312572
ref-stablelm-base-alpha-3b-v2,member,https://www.wivb.com/sports/ap-sports/ap-source-jokic-nuggets-agree-on-record-264m-extension/,-1.5893931621282726
ref-stablelm-base-alpha-3b-v2,member,https://www.kswo.com/prnewswire/2022/05/18/vestin-realty-mortgage-i-inc-suncrest-holdings-llc-announce-definitive-merger-agreement/,-1.0718494941617118
ref-stablelm-base-alpha-3b-v2,member,https://www.wsls.com/news/world/2022/08/28/medic-who-cared-for-mariupol-wounded-heads-for-ukraine-front/,-1.9884436767079061
ref-stablelm-base-alpha-3b-v2,member,https://www.wymt.com/prnewswire/2022/08/30/allegro-senior-living-introduces-allegro-fort-lauderdale-providing-new-premier-lifestyle-driven-community-florida-seniors-prime-waterfront-location/,-1.4740010214644996
ref-stablelm-base-alpha-3b-v2,member,https://www.valleynewslive.com/2022/07/16/armed-robber-shot-killed-by-customer-convenience-store-police-say/,-1.5088825880816252
ref-stablelm-base-alpha-3b-v2,member,https://www.yourbasin.com/news/national-news/at-least-47-top-companies-at-risk-of-having-russia-seize-key-assets-report/,-2.3807253283448158
ref-stablelm-base-alpha-3b-v2,member,https://www.fox16.com/mlb/wheelers-arm-hoskins-bat-power-phillies-past-braves-7-3/,-1.6433101229638771
ref-stablelm-base-alpha-3b-v2,member,https://www.mrt.com/sports/article/Picault-and-the-Houston-Dynamo-visit-Los-Angeles-17448142.php,-0.6837343459365752
ref-stablelm-base-alpha-3b-v2,member,https://www.wistv.com/prnewswire/2022/06/01/gotion-high-tech-launchs-semi-solid-state-battery-amp-mobile-charging-pile-its-11th-technology-conference/,-2.1861379677110135
ref-stablelm-base-alpha-3b-v2,member,https://www.kbtx.com/2022/05/10/no-charges-mike-tyson-punching-airplane-passenger/,-1.7930044162249708
ref-stablelm-base-alpha-3b-v2,member,https://www.wflx.com/prnewswire/2022/07/25/almirall-achieves-core-net-sales-growth-51-4366-mm-euros-h1/,-1.4024177891617424
ref-stablelm-base-alpha-3b-v2,member,https://www.weau.com/prnewswire/2022/08/02/cat-financial-announces-second-quarter-2022-results/,-1.3027692122164989
ref-stablelm-base-alpha-3b-v2,member,https://www.wflx.com/prnewswire/2022/05/25/mon-power-potomac-edison-now-subscribing-solar-energy-customers-west-virginia/,-1.7369482847602278
ref-stablelm-base-alpha-3b-v2,member,https://www.seattletimes.com/seattle-news/health/wyoming-abortion-ban-takes-effect-amid-legal-effort-to-block/?utm_source=RSS&utm_medium=Referral&utm_campaign=RSS_seattle-news,-1.987358446505883
ref-stablelm-base-alpha-3b-v2,member,https://www.kait8.com/prnewswire/2022/08/02/sandboxaq-announces-partnership-with-evolutionq-part-its-new-strategic-investment-program/,-1.6340300287462899
ref-stablelm-base-alpha-3b-v2,member,https://www.wivb.com/news/us-allies-must-move-at-the-speed-of-war-to-help-ukraine/,-2.131619242620798
ref-stablelm-base-alpha-3b-v2,member,https://www.washingtonpost.com/wellness/2022/05/31/feminine-wash-honey-pot-history/,0.3977877652243835
ref-stablelm-base-alpha-3b-v2,member,https://www.wsaz.com/prnewswire/2022/07/20/bedgears-new-innovations-focus-adjustable-bases-m3-performance-mattress-retail-theater-las-vegas-market-summer-2022/,-2.195872815561034
ref-stablelm-base-alpha-3b-v2,member,https://www.kxnet.com/news/top-stories/ap-top-headlines/federal-study-new-climate-law-to-slice-carbon-pollution-40/,-2.0159177625597247
ref-stablelm-base-alpha-3b-v2,member,https://www.kfyrtv.com/prnewswire/2022/08/26/largest-compensatory-verdict-wa-won-by-fong-law-advocate-capital-client/,-2.186752717894949
ref-stablelm-base-alpha-3b-v2,member,https://cbs4indy.com/business/ap-business/peloton-to-stop-making-its-own-bikes-treadmills/,-2.274950626704309
ref-stablelm-base-alpha-3b-v2,member,https://www.wvasfm.org/sports/sports/2022-05-21/saturday-sports-equal-pay-in-u-s-soccer-nba-and-nhl-playoffs-continue,-2.080060036225764
ref-stablelm-base-alpha-3b-v2,member,https://www.wibw.com/prnewswire/2022/06/27/new-oracle-cloud-cx-utilities-solution-helps-agents-resolve-issues-faster-better-support-customers/,-2.1408464052403504
ref-stablelm-base-alpha-3b-v2,member,https://www.kalb.com/prnewswire/2022/07/20/passport-showcase-mobility-management-platform-ipmi/,-2.0215498116627795
ref-stablelm-base-alpha-3b-v2,member,https://www.dakotanewsnow.com/prnewswire/2022/09/10/new-late-breaking-results-phase-3-trials-skyrizi-risankizumab-evaluating-long-term-effect-skin-joint-symptoms-patients-with-psoriatic-arthritis-week-100/,-1.1703508600396357
ref-stablelm-base-alpha-3b-v2,member,https://fox59.com/news/national-world/international-terminal-at-san-francisco-airport-evacuated-after-discovery-of-possibly-incendiary-package/,-1.6067972930210814
ref-stablelm-base-alpha-3b-v2,member,https://pix11.com/reviews/br/kitchen-br/cookware-cooking-tools-br/air-fryer-vs-instant-pot/,-1.4505116514791778
ref-stablelm-base-alpha-3b-v2,member,https://www.santafenewmexican.com/news/local_news/gonzales-community-school-teacher-surprised-with-25k-award/article_30146998-c0ce-11ec-818c-7398c12ffe8c.html,0.4207498230027684
ref-stablelm-base-alpha-3b-v2,member,https://www.seattletimes.com/nation-world/nation/new-york-lawmakers-to-vote-on-new-gun-rules-following-ruling/?utm_source=RSS&utm_medium=Referral&utm_campaign=RSS_all,-1.9573186979027026
ref-stablelm-base-alpha-3b-v2,member,https://www.wjhl.com/sports/us-world-sports/blatter-platini-face-20-month-suspended-jail-sentences/,-2.155400604071964
ref-stablelm-base-alpha-3b-v2,member,https://www.abcactionnews.com/news/national/griners-russian-trial-considers-medicinal-use-of-cannabis,-2.0621751798033143
ref-stablelm-base-alpha-3b-v2,member,https://www.wflx.com/prnewswire/2022/07/26/farm-aid-festival-set-north-carolina-sept-24/,-1.6556297409563425
ref-stablelm-base-alpha-3b-v2,member,https://www.sfchronicle.com/business/article/Bitcoin-tumbles-a-stablecoin-plunges-in-wild-17171418.php,-1.849311531710584
ref-stablelm-base-alpha-3b-v2,member,https://wtmj.com/ap-news/2022/07/12/twitter-sues-to-force-musk-to-complete-his-44b-acquisition-12/,-2.3194082959061677
ref-stablelm-base-alpha-3b-v2,member,https://www.kalb.com/prnewswire/2022/09/02/lego-themes-collide-lego-brawls-smashes-onto-consoles/,-1.5902217910573435
ref-stablelm-base-alpha-3b-v2,member,https://www.pahomepage.com/news/alleged-sex-trafficker-may-have-hundreds-of-victims-fbi-says/,-1.7962643396003761
ref-stablelm-base-alpha-3b-v2,member,https://www.seattletimes.com/nation-world/world/poland-investigates-ecological-catastrophe-of-fish-die-off/?utm_source=RSS&utm_medium=Referral&utm_campaign=RSS_world,-2.083052020455253
ref-stablelm-base-alpha-3b-v2,member,https://www.capitalgazette.com/maryland/bs-md-ci-cr-luther-trent-sentencing-20220914-r4pqrjxvivhf7bfqoojsrmj6ae-story.html,0.25113403453885397
ref-stablelm-base-alpha-3b-v2,member,https://www.wymt.com/prnewswire/2022/08/29/capstone-expands-brokerage-teams-southeast-opens-new-raleigh-office/,-1.710553258530835
ref-stablelm-base-alpha-3b-v2,member,https://www.springfieldnewssun.com/obituaries/angel-megan/SKVET6JVVBFTJOVMVCIISVVUVM/,0.3601804496365646
ref-stablelm-base-alpha-3b-v2,member,https://www.wkyt.com/prnewswire/2022/08/16/kootenay-silver-intercepts-113-meters-449-gpt-silver-03-lead-066-zinc-15-meters-averaging-1395-gpt-silver-094-lead-53-zinc-columba-high-grade-silver-project-mexico/,-1.633924972237614
ref-stablelm-base-alpha-3b-v2,member,https://www.kmvt.com/prnewswire/2022/08/05/project-solar-raises-23-million-series-expand-its-low-cost-digital-solar-offering/,-1.8679091554883263
ref-stablelm-base-alpha-3b-v2,member,https://www.kgun9.com/operation-safe-roads/almost-67-mil-to-fix-pima-co-roads,0.11513369429522236
ref-stablelm-base-alpha-3b-v2,member,https://www.ksby.com/news/national/firefighters-conduct-swift-water-rescues-near-las-vegas,-1.420121515618674
ref-stablelm-base-alpha-3b-v2,member,https://www.wibw.com/prnewswire/2022/07/27/vanda-pharmaceuticals-announce-second-quarter-2022-financial-results-august-3-2022/,-0.9702606239336105
ref-stablelm-base-alpha-3b-v2,member,https://www.nj.com/yankees/2022/08/yankees-fans-cheer-vin-scully-after-moment-of-silence-aaron-boone-reflects-on-broadcasting-giant.html,0.21972882926554105
ref-stablelm-base-alpha-3b-v2,member,https://www.kmvt.com/prnewswire/2022/07/25/churnzero-achieves-record-hiring-first-two-quarters-2022-more-than-doubles-staff-last-12-months/,-1.5520667318447356
ref-stablelm-base-alpha-3b-v2,member,https://wtmj.com/ap-news/2022/05/10/asian-stocks-follow-wall-st-down-on-rate-hike-economy-fears-3/,-1.5250365325675268
ref-stablelm-base-alpha-3b-v2,member,https://www.foxnews.com/sports/commanders-owner-dan-snyder-has-begun-testifying-in-front-of-congressional-committee,-1.5634772982450436
ref-stablelm-base-alpha-3b-v2,member,https://www.wcjb.com/prnewswire/2022/06/17/java-monster-brightens-up-your-morning-with-new-cold-brew-launch/,-1.6437499147376737
ref-stablelm-base-alpha-3b-v2,member,https://www.wtvr.com/brand-spotlight/best-bitcoin-casinos,0.4007931449788462
ref-stablelm-base-alpha-3b-v2,member,https://www.seattlepi.com/news/article/Why-Roe-v-Wade-s-demise-unlike-gay-rights-or-17272362.php,-2.187516911634774
ref-stablelm-base-alpha-3b-v2,member,https://www.kbtx.com/prnewswire/2022/06/15/china-amp-india-drive-global-mineral-wool-insulation-gains-through-2025/,-1.5484186262630568
ref-stablelm-base-alpha-3b-v2,member,https://www.kark.com/news/state-news/man-found-dead-in-texarkana-home-with-child-inside/,-0.05144718700556905
ref-stablelm-base-alpha-3b-v2,member,https://www.gjsentinel.com/news/western_colorado/conservation-groups-offer-alternate-plan-for-colorado-wolf-reintroduction/article_b262190a-06aa-11ed-a3ab-eb95c79b842a.html,0.41870718327345724
ref-stablelm-base-alpha-3b-v2,member,https://www.wibw.com/prnewswire/2022/08/16/statement-signing-inflation-reduction-act/,-1.9165885196687449
ref-stablelm-base-alpha-3b-v2,member,https://www.twincities.com/2022/09/06/boy-1-dies-after-deputies-respond-to-report-of-possible-overdose-in-little-canada/,0.03404497986545163
ref-stablelm-base-alpha-3b-v2,member,https://www.cenlanow.com/crime/14-firearms-2k-rounds-of-ammunition-drugs-seized-during-traffic-stop-in-lafayette/,0.04877599568673574
ref-stablelm-base-alpha-3b-v2,member,https://www.mrt.com/sports/article/San-Francisco-Team-Stax-17433563.php,1.5343580294365822
ref-stablelm-base-alpha-3b-v2,member,https://www.kens5.com/article/entertainment/backstreet-boys-christmas-album-october-14-boy-band/531-f2d78d53-3401-43d8-a73a-9b2593349cac,-0.8238633697008679
ref-stablelm-base-alpha-3b-v2,member,https://www.wibw.com/prnewswire/2022/07/25/bmore-submits-fda-investigational-new-drug-application-psilocybin-alcohol-use-disorder-program/,-1.378693644960464
ref-stablelm-base-alpha-3b-v2,member,https://www.wcbi.com/hot-and-dry-this-weekend-cooler-next-week/,0.2501000034822831
ref-stablelm-base-alpha-3b-v2,member,https://whyy.org/articles/wilmington-jumpstart-grads-affordable-housing-delaware/,0.23612184222849564
ref-stablelm-base-alpha-3b-v2,member,https://www.ourmidland.com/news/article/Germany-flying-6-fighters-13k-miles-in-24-hours-17376072.php,-2.1370530686763805
ref-stablelm-base-alpha-3b-v2,member,https://pix11.com/reviews/br/travel-br/luggage-br/best-victorinox-luggage/,-1.560901727769884
ref-stablelm-base-alpha-3b-v2,member,https://www.wkyt.com/prnewswire/2022/09/01/hisense-fifa-launch-environmental-programme-south-african-children/,-2.141022146099033
ref-stablelm-base-alpha-3b-v2,member,https://www.wagmtv.com/2022/06/09/watching-your-wallet-how-put-breaks-rising-car-insurance-costs/,-2.003248124389603
ref-stablelm-base-alpha-3b-v2,member,https://www.wafb.com/prnewswire/2022/08/11/radcom-reports-second-quarter-2022-results/,-1.3599770447658974
ref-stablelm-base-alpha-3b-v2,member,https://1019therock.com/firefighters-extinguish-blaze-at-building-being-renovated-in-caribou/,0.35420646337717043
ref-stablelm-base-alpha-3b-v2,member,https://www.localsyr.com/health/victims-of-uk-tainted-blood-scandal-to-get-government-payout/,-2.0201848067060917
ref-stablelm-base-alpha-3b-v2,member,https://www.seattlepi.com/business/article/EXPLAINER-More-pressure-on-the-Fed-from-April-17155006.php,-1.9385351569067264
ref-stablelm-base-alpha-3b-v2,member,https://www.mrt.com/sports/article/Milwaukee-Team-Stax-17270469.php,1.1081746375274455
ref-stablelm-base-alpha-3b-v2,member,https://www.ktre.com/prnewswire/2022/06/07/yili-reaches-strategic-cooperation-with-argentina-national-football-team/,-1.6753323336278059
ref-stablelm-base-alpha-3b-v2,member,https://www.wbay.com/prnewswire/2022/07/07/pdftron-extends-eu-presence-with-acquisition-pdflib/,-2.145484709467294
ref-stablelm-base-alpha-3b-v2,member,https://pressofatlanticcity.com/sports/baseball/professional/daily-mike-trout-report-scores-twice-but-angels-lose-slugfest/article_282a3b34-f181-11ec-9b1f-6f0eecb2bf7f.html,-0.08354846609229805
ref-stablelm-base-alpha-3b-v2,member,https://www.kait8.com/prnewswire/2022/05/16/hawaii-state-federal-credit-union-names-lumin-digital-enhanced-digital-banking-services-partner/,-1.8484419605399973
ref-stablelm-base-alpha-3b-v2,member,https://www.expressnews.com/news/article/Alert-Inflation-in-19-European-countries-using-17409333.php,1.0949534064878619
ref-stablelm-base-alpha-3b-v2,member,https://www.ktvb.com/article/news/nation-world/white-house-biden-tests-positive-for-covid-19/507-20243fa3-4c9b-41e3-b105-b1dcd10e9e55,-1.7275251857104303
ref-stablelm-base-alpha-3b-v2,member,https://www.dakotanewsnow.com/prnewswire/2022/09/09/byron-allens-hbcu-gothe-grio-attracts-major-fortune-500-sponsors-historically-black-colleges-universities-sports-network/,-1.8197608687924545
ref-stablelm-base-alpha-3b-v2,member,https://www.djournal.com/new-albany/new-century-club/article_6e60fa6f-6ec5-5929-84fa-0d1bb316dd66.html,0.6236356511790992
ref-stablelm-base-alpha-3b-v2,member,https://www.wivb.com/news/world/norway-mourns-victims-of-oslo-shooting-with-memorial-service/,-1.9955954927667148
ref-stablelm-base-alpha-3b-v2,member,https://www.kmvt.com/2022/05/06/mother-turns-social-media-baby-formula-shortage-grows/,-1.9909044295343734
ref-stablelm-base-alpha-3b-v2,member,https://www.wflx.com/prnewswire/2022/08/11/ivwatch-extends-its-global-reach-signing-three-new-distribution-partners/,-2.000651891193943
ref-stablelm-base-alpha-3b-v2,member,https://www.kbtx.com/prnewswire/2022/06/23/basis-group-accelerates-expansion-following-record-performance-year-across-all-divisions/,-2.08251668761572
ref-stablelm-base-alpha-3b-v2,member,https://www.cnet.com/health/fda-recalls-cheeses-check-your-fridge-for-these-brands/,-0.5159219325350393
ref-stablelm-base-alpha-3b-v2,member,https://www.kfyrtv.com/prnewswire/2022/08/09/ruthmann-reachmaster-expands-north-american-presence/,-2.2758731507521994
ref-stablelm-base-alpha-3b-v2,member,https://www.5newsonline.com/article/sports/ncaa/week-3-preview-bama-baylor-out-to-avoid-more-sun-belt-upsets-alabama-football-byu-football-oklahoma-football-texas-football-baylor-football-georgia/535-8a0e0b3f-dacd-446a-a9bb-0437839339b6,-2.2048741622387773
ref-stablelm-base-alpha-3b-v2,member,https://www.cleveland19.com/2022/06/29/cleveland-browns-qb-deshaun-watsons-future-with-nfl-be-decided/,-0.13834323285803718
ref-stablelm-base-alpha-3b-v2,member,https://www.orlandosentinel.com/health/os-ne-health-olympics-special-disabilities-orlando-20220609-c5s25xyu35h7rbysaqs3dcnh5m-story.html,0.270967773919109
ref-stablelm-base-alpha-3b-v2,member,https://www.wric.com/sports/sports-headlines/us-beats-morocco-3-0-in-world-cup-warmup-on-night-of-debuts/,-2.005773800053102
ref-stablelm-base-alpha-3b-v2,member,https://www.kait8.com/prnewswire/2022/06/22/government-kingdom-cambodia-announces-ford-opens-new-assembly-plant-cambodia/,-1.2938222109101933
ref-stablelm-base-alpha-3b-v2,member,https://www.myarklamiss.com/louisiana-news/family-begs-for-suspect-to-come-forward-after-army-veteran-father-killed-in-louisiana-hit-and-run/,0.1730293928390405
ref-stablelm-base-alpha-3b-v2,member,https://www.santafenewmexican.com/opinion/commentary/we-dont-need-the-second-amendment/article_e32d2f76-eb33-11ec-a248-3b54736f4466.html,0.4823771377474042
ref-stablelm-base-alpha-3b-v2,member,https://www.dakotanewsnow.com/prnewswire/2022/08/15/livly-hits-record-breaking-sales-july-2022/,-1.8041291865721605
ref-stablelm-base-alpha-3b-v2,member,https://www.wnem.com/2022/08/25/patient-dies-paramedic-critically-hurt-after-ambulance-fire-possible-explosion-outside-hawaii-hospital/,-1.7290154963969304
ref-stablelm-base-alpha-3b-v2,member,https://who13.com/news/national-news/bob-costas-criticizes-unvaccinated-mlb-players-youre-hurting-your-own-team/,-1.9184529253497913
ref-stablelm-base-alpha-3b-v2,member,https://www.beaumontenterprise.com/sports/article/After-lengthy-skid-Angels-will-try-to-defy-17237404.php,-1.772694493346701
ref-stablelm-base-alpha-3b-v2,member,https://www.wistv.com/prnewswire/2022/06/23/conns-homeplus-announces-new-store-santa-fe/,-1.6443455107767921
ref-stablelm-base-alpha-3b-v2,member,https://www.kold.com/prnewswire/2022/07/27/lincoln-avenue-capital-acquires-affordable-housing-property-columbia-south-carolina-plans-sustainable-upgrades/,-1.3414706757882677
ref-stablelm-base-alpha-3b-v2,member,https://www.kwch.com/prnewswire/2022/08/11/emocha-health-featured-three-2022-gartner-hype-cycles/,-1.759300845789249
ref-stablelm-base-alpha-3b-v2,member,https://fox59.com/reviews/best-gilmore-girls-gift/,-1.844391141783311
ref-stablelm-base-alpha-3b-v2,member,https://www.orlandoweekly.com/arts/ahead-of-citrus-brawl-in-kissimmee-impact-wrestling-debuts-new-pride-themed-shirt-and-partnership-with-cfsl-31579089,0.1704106969702739
ref-stablelm-base-alpha-3b-v2,member,https://www.foxnews.com/sports/rich-strike-jockey-sonny-leon-suspended,0.0806742305469883
ref-stablelm-base-alpha-3b-v2,member,https://www.krqe.com/news/world/over-50-feared-dead-in-nigeria-church-attack-officials-say/,-1.9547923577457733
ref-stablelm-base-alpha-3b-v2,member,https://www.kswo.com/prnewswire/2022/06/09/xenotransplantation-innovation-heart-failure-late-breaking-clinical-trials-announced-topics-daily-plenary-sessions-hfsa-annual-scientific-meeting-2022/,-1.7001028689039002
ref-stablelm-base-alpha-3b-v2,member,https://www.mysuncoast.com/prnewswire/2022/08/02/suncoke-energy-inc-increases-quarterly-cash-dividend-008-per-share/,-1.5241112147693103
ref-stablelm-base-alpha-3b-v2,member,https://www.dakotanewsnow.com/prnewswire/2022/08/31/spatial-biology-cro-flagship-biosciences-acquires-pharma-services-business-interpace-biosciences/,-2.03883849473552
ref-stablelm-base-alpha-3b-v2,member,https://www.seattlepi.com/business/article/CF-Q2-Earnings-Snapshot-17343836.php,-0.5777220947649906
ref-stablelm-base-alpha-3b-v2,member,https://www.mrt.com/news/article/New-York-court-rejects-congressional-maps-drawn-17131030.php,-1.9530771037544907
ref-stablelm-base-alpha-3b-v2,member,https://www.kxii.com/prnewswire/2022/09/14/procurement-expert-presents-supplier-diversty-transformation-nglcc-conference/,-1.9070164975431378
ref-stablelm-base-alpha-3b-v2,member,https://www.kttc.com/2022/07/25/rochester-residents-get-creative-with-chalk/,0.24420258354285407
ref-stablelm-base-alpha-3b-v2,member,https://www.kbzk.com/news/national/bill-intended-to-lure-manufacturers-from-china-could-impact-small-businesses,-0.9923236779899234
ref-stablelm-base-alpha-3b-v2,member,https://www.localsyr.com/reviews/br-reviews/baby-kids-br/health-safety-br/best-uv-sterilizer-for-babies/,-1.6477930943820553
ref-stablelm-base-alpha-3b-v2,member,https://www.swoknews.com/news/law-looking-for-lawton-man-for-child-rape-allegation/article_ecdc69b0-59e6-5805-a025-7c3919febc47.html,0.0975776529157053
ref-stablelm-base-alpha-3b-v2,member,https://www.wric.com/news/u-s-world/venezuelans-big-presence-in-caravan-after-visa-requirement/,-2.3492093155920757
ref-stablelm-base-alpha-3b-v2,member,https://www.1011now.com/prnewswire/2022/08/04/next-pathway-partner-with-microsoft-migrate-customers-microsoft-azure/,-1.4871486506430887
ref-stablelm-base-alpha-3b-v2,member,https://www.al.com/life/2022/06/walmart-announces-the-arrival-of-walmart-weekend.html,0.08956140279081981
ref-stablelm-base-alpha-3b-v2,member,https://wcfcourier.com/news/national/obituaries/live-updates-biden-arrives-in-london-for-queens-funeral/article_edabea70-c52d-51a6-b1f2-27a17559dbd9.html,-1.8487997633485933
ref-stablelm-base-alpha-3b-v2,member,https://www.washingtonpost.com/politics/rishi-sunak-heir-apparent-who-ran-afoul-of-boris-johnson/2022/07/20/65e18756-083e-11ed-80b6-43f2bfcc6662_story.html,-2.011127116837782
ref-stablelm-base-alpha-3b-v2,member,https://www.ksn.com/news/why-are-flags-flying-at-half-staff-friday/,-1.5101266058944591
ref-stablelm-base-alpha-3b-v2,member,https://www.texomashomepage.com/news/biden-to-sign-policing-order-on-anniversary-of-floyds-death/,-2.1190731292687315
ref-stablelm-base-alpha-3b-v2,member,https://www.ourmidland.com/weather/article/NY-Storm-Prediction-Ctr-Norman-OK-Warnings-17213594.php,-1.5809558024359391
ref-stablelm-base-alpha-3b-v2,member,https://www.wafb.com/prnewswire/2022/07/01/trulieve-opening-morgantown-wv-medical-dispensary/,-1.5449158815373674
ref-stablelm-base-alpha-3b-v2,member,https://www.wjhl.com/business/ap-business/asian-shares-mixed-after-china-cuts-key-rate-japan-gdp-up/,-1.6597936464011418
ref-stablelm-base-alpha-3b-v2,member,https://www.wane.com/news/business/ap-business/ap-best-buy-q2-results-fall-amid-softening-demand-for-gadgets/,-1.9819932057865521
ref-stablelm-base-alpha-3b-v2,member,https://www.kxlf.com/news/national/mall-of-america-on-lockdown-after-incident-videos-shared-on-social-media-show-people-fleeing,-1.6425601259510854
ref-stablelm-base-alpha-3b-v2,member,https://www.ksn.com/automotive/2023-jeep-grand-cherokee-2022-tesla-model-s-top-this-weeks-new-car-reviews/,-2.119599654065643
ref-stablelm-base-alpha-3b-v2,member,https://www.kait8.com/prnewswire/2022/07/07/automated-trading-strategies-ats-introduces-api-version-its-successful-trading-bots/,-2.6064383433830667
ref-stablelm-base-alpha-3b-v2,member,https://www.knau.org/npr-news/2022-06-10/geico-may-have-to-pay-5-2-million-to-a-woman-who-got-an-std-in-an-insured-car,-1.8754976105978567
ref-stablelm-base-alpha-3b-v2,member,https://www.kswo.com/prnewswire/2022/08/02/horizon-technology-finance-announces-monthly-distributions-october-november-december-2022-totaling-030-per-share/,-1.3347209432902503
ref-stablelm-base-alpha-3b-v2,member,https://www.valleynewslive.com/prnewswire/2022/08/30/curimeta-launches-collaboration-with-bjc-healthcare-washington-university-st-louis-empower-researchers-with-advanced-real-world-health-data/,-1.8404349063244214
ref-stablelm-base-alpha-3b-v2,member,https://www.cenlanow.com/national/woman-dead-after-residents-served-dishwashing-liquid-at-california-senior-living-facility/,-1.9663406773095353
ref-stablelm-base-alpha-3b-v2,member,https://www.lehighvalleylive.com/news/2022/08/3-amazon-workers-died-on-the-job-in-nj-over-past-month-osha-says.html,-0.012399139443376894
ref-stablelm-base-alpha-3b-v2,member,https://www.wibw.com/prnewswire/2022/06/09/pace-international-hosts-thought-leaders-discuss-industry-innovations-research-postharvest-academy-customer-event/,-2.226186017520904
ref-stablelm-base-alpha-3b-v2,member,https://www.conchovalleyhomepage.com/news/national-news/succession-ted-lasso-top-emmy-awards-1st-time-winners-shine/,-2.269896855445078
ref-stablelm-base-alpha-3b-v2,member,https://www.seattletimes.com/nation-world/in-japan-abe-suspects-grudge-against-unification-church-is-a-familiar-one/?utm_source=RSS&utm_medium=Referral&utm_campaign=RSS_all,0.7380091660315826
ref-stablelm-base-alpha-3b-v2,member,https://www.wvpublic.org/2022-07-25/for-swedish-musician-jens-lekman-recrafting-old-albums-was-a-lesson-in-self-love,-1.62239907682636
ref-stablelm-base-alpha-3b-v2,member,https://www.arkansasonline.com/news/2022/jul/16/hutchinson-yields-helm-of-governors-association/,-1.1062304032430124
ref-stablelm-base-alpha-3b-v2,member,https://www.wane.com/news/national-world/ap-international/ap-another-us-congressional-delegation-in-taiwan-amid-tensions/,-1.9168406636684292
ref-stablelm-base-alpha-3b-v2,member,https://www.koin.com/border-report-tour/birding-enthusiasts-on-alert-as-cdc-confirms-1st-u-s-case-of-human-bird-flu/,-2.21681563782973
ref-stablelm-base-alpha-3b-v2,member,https://www.nwitimes.com/news/local/obituaries/lola-christine-rains/article_7c4b5a49-d179-5c1d-bc9b-fc3404146fad.html,0.35746047721885477
ref-stablelm-base-alpha-3b-v2,member,https://www.springfieldnewssun.com/nation-world/mo-donegal-finishes-1st-at-belmont-another-pletcher-win/4GCAOX6WZNFLLOMUITNMA6RMNI/,-1.993660186829715
ref-stablelm-base-alpha-3b-v2,member,https://pantagraph.com/news/local/crime-and-courts/normal-man-charged-with-selling-meth/article_3d02ff90-35de-11ed-9dce-8feba39ea2cc.html,0.31902129484784325
ref-stablelm-base-alpha-3b-v2,member,https://www.dallasobserver.com/music/jack-harlow-has-his-own-kfc-meal-and-it-sucks-14365047,0.5153364555505449
ref-stablelm-base-alpha-3b-v2,member,https://www.orlandoweekly.com/news/ucf-will-join-big-12-in-july-2023-31805454,0.19380510628173564
ref-stablelm-base-alpha-3b-v2,member,https://www.myarklamiss.com/news/national-news/82-year-old-colorado-mans-dance-moves-go-viral-it-really-inspires-people-his-son-says/,-1.4452192983001222
ref-stablelm-base-alpha-3b-v2,member,https://www.wistv.com/prnewswire/2022/07/19/california-schools-partner-with-subjects-virtual-education-platform-provide-students-teachers-with-curriculum-solutions-imperial-county/,-2.009915407962958
ref-stablelm-base-alpha-3b-v2,member,https://www.kxxv.com/news/in-depth/guns-in-america-the-lockdown-generation-fears-being-shot-wants-to-be-heard-by-lawmakers,0.2721282491395991
ref-stablelm-base-alpha-3b-v2,member,https://www.wlbt.com/prnewswire/2022/08/03/media-advisory-hut-8-release-q2-2022-results-august-11/,-1.8323308797170037
ref-stablelm-base-alpha-3b-v2,member,https://www.texomashomepage.com/border-report/no-compromise-border-patrol-insists-on-new-border-walls-at-friendship-park/,-1.1544832418867594
ref-stablelm-base-alpha-3b-v2,member,https://www.kold.com/prnewswire/2022/07/28/alexco-obtains-interim-order-provides-transaction-update/,-1.1752429751044255
ref-stablelm-base-alpha-3b-v2,member,https://kion546.com/news/ap-california/2022/06/13/2-women-killed-in-suspected-street-takeover-crash-near-la/,-1.498736065048242
ref-stablelm-base-alpha-3b-v2,member,https://www.wrtv.com/baby-giraffes-life-saved-custom-leg-braces,-1.7661861400840264
ref-stablelm-base-alpha-3b-v2,member,https://www.apr.org/politics-government/politics-government/2022-08-03/why-conservative-kansas-handed-victory-to-abortion-rights,-1.229978729280167
ref-stablelm-base-alpha-3b-v2,member,https://www.wtsp.com/article/news/crime/pursuit-crash-closes-i-69-in-fishers/531-299a768f-0866-4c61-91b2-695d106894b4,-0.068925914266875
ref-stablelm-base-alpha-3b-v2,member,https://www.binghamtonhomepage.com/reviews/br/kitchen-br/food-br/best-atkins-bar/,-1.4717611317720607
ref-stablelm-base-alpha-3b-v2,member,https://www.kswo.com/prnewswire/2022/05/04/ssek-law-firm-represents-texas-retirees-6-figure-gwg-l-bond-claim-against-centaurus-financial/,-0.4064298154351098
ref-stablelm-base-alpha-3b-v2,member,https://cw33.com/lifestyle/food-and-drink/dunkin-pumpkin-spice-goldfish-yes-theyre-real-but-for-a-limited-time-only/,-0.25503122595933747
ref-stablelm-base-alpha-3b-v2,member,https://www.mrt.com/business/article/Black-Knight-Q1-Earnings-Snapshot-17149915.php,-0.5354393327990099
ref-stablelm-base-alpha-3b-v2,member,https://www.abc12.com/news/national/biden-administration-announces-plan-to-develop-floating-offshore-wind-turbines-for-west-coast/article_3a44a11a-363d-5ef8-9efe-f18a61ed4223.html,-0.07337497941608762
ref-stablelm-base-alpha-3b-v2,member,https://www.arkansasonline.com/news/2022/jul/22/news-in-brief/,0.20254306926928267
ref-stablelm-base-alpha-3b-v2,member,https://www.kimt.com/news/iowa/worth-co-supervisors-approve-declaration-of-ems-an-essential-service-heads-to-november-ballot/article_48a9000c-db15-11ec-ac84-c30c5bffa70c.html,0.24892667284243863
ref-stablelm-base-alpha-3b-v2,member,https://www.ktre.com/prnewswire/2022/08/18/prospect-ridge-resources-announces-start-drilling-knauss-creek-property/,-1.335835716644463
ref-stablelm-base-alpha-3b-v2,member,https://www.kmvt.com/prnewswire/2022/06/20/farrowtechs-wireless-sensors-powered-by-inplays-nanobeacon-bluetooth-beacon-technology/,-1.8778249214714917
ref-stablelm-base-alpha-3b-v2,member,https://www.wibw.com/prnewswire/2022/08/31/semler-scientific-present-upcoming-investor-conferences/,-1.5588942530931578
ref-stablelm-base-alpha-3b-v2,member,https://www.heraldtimesonline.com/story/news/local/2022/05/16/chamber-economic-initiatives-tied-income-tax-increase-needed-soon/9746730002/,0.4118943787663665
ref-stablelm-base-alpha-3b-v2,member,https://richmond.com/opinion/editorial/editorial-in-dealing-with-the-commanders-patience-must-win-out-for-virginia/article_54d3d9d3-6de1-59ca-8155-0cc9cbbe7e5b.html,0.22832078266445732
ref-stablelm-base-alpha-3b-v2,member,https://www.ksby.com/news/california-news/reports-california-homicides-violent-crime-rose-in-2021,-1.8748669050600648
ref-stablelm-base-alpha-3b-v2,member,https://www.koin.com/news/majority-worried-about-student-loan-forgiveness-impact-on-inflation-poll/,-1.9358622221439608
ref-stablelm-base-alpha-3b-v2,member,https://www.myarklamiss.com/sports/ap-sports/michael-andretti-calls-mid-ohio-team-actions-unacceptable/,-1.834901825931877
ref-stablelm-base-alpha-3b-v2,member,https://www.wistv.com/prnewswire/2022/06/28/modera-wealth-management-welcomes-laurie-vitali-chief-people-officerchief-human-resources-officer/,-1.2352365085870813
ref-stablelm-base-alpha-3b-v2,member,https://www.wane.com/news/national-world/ap-international/explainer-why-germany-is-pushing-for-a-climate-club/,-2.1264745323124563
ref-stablelm-base-alpha-3b-v2,member,https://www.ksn.com/news/health/ap-health/nurse-gets-year-in-prison-for-replacing-fentanyl-with-saline/,-2.220365683919319
ref-stablelm-base-alpha-3b-v2,member,https://www.kxxv.com/news/national/groundwater-sources-face-threats-of-pollution-droughts-and-increasing-demand,-0.17165927965438588
ref-stablelm-base-alpha-3b-v2,member,https://www.wlrn.org/news/2022-06-30/overdose-deaths-behind-bars-rise-as-drug-crisis-swells,0.14470212132683224
ref-stablelm-base-alpha-3b-v2,member,https://www.wbaltv.com/article/pitching-in-to-combat-severe-weather/39784894,-0.7959095457813542
ref-stablelm-base-alpha-3b-v2,member,https://www.wistv.com/prnewswire/2022/05/10/cleanspark-reports-second-quarter-fy2022-financial-results/,-1.284669231291214
ref-stablelm-base-alpha-3b-v2,member,https://www.cleveland19.com/prnewswire/2022/07/29/unlimeat-begins-plant-based-jerky-sales-amazon/,-1.9455047702286246
ref-stablelm-base-alpha-3b-v2,member,https://www.seattletimes.com/nation-world/south-korean-leader-seoul-wont-seek-own-nuclear-deterrent/?utm_source=RSS&utm_medium=Referral&utm_campaign=RSS_nation-world,-2.160289887492126
ref-stablelm-base-alpha-3b-v2,member,https://www.sfchronicle.com/sports/article/Alert-Major-League-Baseball-to-pay-185-million-17308692.php,1.278368590175309
ref-stablelm-base-alpha-3b-v2,member,https://www.ktre.com/prnewswire/2022/08/14/innovative-eyewear-inc-announces-pricing-735-million-initial-public-offering/,-0.9927680556854875
ref-stablelm-base-alpha-3b-v2,member,https://fox59.com/news/national-world/ap-international/canada-to-release-equipment-for-russia-germany-gas-pipeline/,-2.2645384843740297
ref-stablelm-base-alpha-3b-v2,member,https://www.kimt.com/news/parents-waited-late-into-the-night-for-dead-children-to-be-identified-after-texas-elementary/article_bff28f54-01d5-53a6-94b4-b9665a1ae140.html,-1.9558866411295919
ref-stablelm-base-alpha-3b-v2,member,https://www.orlandosentinel.com/sports/ny-ben-simmons-playoff-return-rumors-20220414-m5l6zkrc2bfunje34py555fjzq-story.html,-0.0842615284815158
ref-stablelm-base-alpha-3b-v2,member,https://www.yourbasin.com/reviews/br/lawn-garden-br/tools-br-lawn-garden-br/arts-crafts-br/if-your-kid-loves-crayola-globbles-check-out-these-15-fidget-toys/,-1.6665657551920545
ref-stablelm-base-alpha-3b-v2,member,https://www.wbay.com/prnewswire/2022/07/14/lummus-introduces-industrys-first-net-zero-ethane-cracker/,-1.9959277579422459
ref-stablelm-base-alpha-3b-v2,member,https://www.kait8.com/prnewswire/2022/07/07/meridian-bioscience-announces-preliminary-results-fiscal-2022-third-quarter/,-1.6456652438282415
ref-stablelm-base-alpha-3b-v2,member,https://www.wflx.com/prnewswire/2022/04/27/joyce-chow-former-texas-teachers-director-joins-gi-partners-real-estate/,-0.9081119866847877
ref-stablelm-base-alpha-3b-v2,member,https://www.kmvt.com/prnewswire/2022/09/07/national-latino-professional-development-program-launches-through-latino-leadership-institutes-ignite-program/,-1.916018695090667
ref-stablelm-base-alpha-3b-v2,member,https://www.wkyt.com/prnewswire/2022/06/08/linear-systems-showcase-ultra-high-performance-discrete-semiconductors-sensors-converge-exhibition-san-jose-ca/,-1.7941903949478826
ref-stablelm-base-alpha-3b-v2,member,https://www.kalb.com/prnewswire/2022/07/25/beckman-coulter-partners-with-mass-general-barda-identify-severe-pediatric-infections-emergency-departments/,-1.3388557050571146
ref-stablelm-base-alpha-3b-v2,member,https://www.fox43.com/article/news/railroads-ready-to-strike-how-it-might-affect-the-economy-wnep-newswatch16-jack-culkin-scranton/523-166f5725-b378-406c-a767-f52094c7280e,0.2194619148832473
ref-stablelm-base-alpha-3b-v2,member,https://www.thv11.com/article/news/nation-world/woman-dies-flood-zion-national-park/507-b427b912-b372-4a7b-8bfa-79042e2af965,-2.0833620118829663
ref-stablelm-base-alpha-3b-v2,member,https://www.sfgate.com/news/article/Nurse-uses-skills-to-focus-on-wellness-in-new-17122515.php,-1.4029794595254574
ref-stablelm-base-alpha-3b-v2,member,https://www.cenlanow.com/sports/pac-12-scraps-divisions-moments-after-ncaa-paves-way/,-2.279783883833468
ref-stablelm-base-alpha-3b-v2,member,https://www.mrt.com/news/article/Eastern-Shore-birthplace-to-commemorate-the-Rev-17219527.php,-2.1314991712526985
ref-stablelm-base-alpha-3b-v2,member,https://pix11.com/sports/ap-sports/donaldson-carpenter-lead-yanks-over-red-sox-12-5/,-1.7265124163288064
ref-stablelm-base-alpha-3b-v2,member,https://www.wymt.com/prnewswire/2022/06/22/contrast-security-named-enterprise-security-tech-cyber-top-20-list/,-1.1429480585332712
ref-stablelm-base-alpha-3b-v2,member,https://www.wkyt.com/prnewswire/2022/07/12/burst-oral-care-launches-professional-grade-whitening-trays-dental-office-results-at-home/,-1.8951544843241435
ref-stablelm-base-alpha-3b-v2,member,https://www.expressnews.com/sports/article/Lightning-kills-runner-on-Greek-mountain-race-17387958.php,-1.9653287607319898
ref-stablelm-base-alpha-3b-v2,member,https://www.baltimoresun.com/maryland/baltimore-county/bs-md-co-towson-residence-hall-rename-20220619-27v2pfpxknenferl45p3npahiy-story.html,0.25623475799674766
ref-stablelm-base-alpha-3b-v2,member,https://kion546.com/news/national-world/cnn-national/2022/06/10/mississippi-police-officer-killed-while-responding-to-disturbance-call-that-left-one-woman-dead/,-0.5644475951377084
ref-stablelm-base-alpha-3b-v2,member,https://www.12news.com/article/news/nation-world/wall-street/507-dbb3076c-f6c3-435e-b2d8-55e82ef5a4cd,-1.879150682317113
ref-stablelm-base-alpha-3b-v2,member,https://www.kold.com/prnewswire/2022/08/09/jack-henry-amp-associates-acquire-payrailz/,-1.602373593376593
ref-stablelm-base-alpha-3b-v2,member,https://www.wrtv.com/news/national/abortion-trigger-laws-slated-to-take-effect-in-several-states-this-week,-1.709869775005548
ref-stablelm-base-alpha-3b-v2,member,https://www.ksn.com/news/national-world/ap-international/greece-stranded-on-tiny-island-migrant-mother-gives-birth/,-1.8303140148431316
ref-stablelm-base-alpha-3b-v2,member,https://www.jsonline.com/story/communities/lake-country/2022/09/09/rockwell-park-fundraising-begins-again-in-oconomowoc/8021595001/,0.2750737005210362
ref-stablelm-base-alpha-3b-v2,member,https://www.seattletimes.com/sports/chimaev-badly-misses-weight-for-ufc-279-main-event-vs-diaz/?utm_source=RSS&utm_medium=Referral&utm_campaign=RSS_all,-0.5881438972636162
ref-stablelm-base-alpha-3b-v2,member,https://www.sfgate.com/sports/article/Dodgers-open-with-record-310M-tax-payroll-would-17218718.php,-2.0952302805049174
ref-stablelm-base-alpha-3b-v2,member,https://www.seattletimes.com/nation-world/nation/report-on-unlv-student-boxing-death-draws-anger-not-action/?utm_source=RSS&utm_medium=Referral&utm_campaign=RSS_all,-1.730461022310774
ref-stablelm-base-alpha-3b-v2,member,https://fox59.com/news/how-rural-indiana-communities-are-working-to-address-mental-health-needs/,0.29364331779358155
ref-stablelm-base-alpha-3b-v2,member,https://kobi5.com/news/many-pacific-northwest-hospitals-at-capacity-as-they-struggle-with-staffing-192020/,0.05015411021648308
ref-stablelm-base-alpha-3b-v2,member,https://wtlcfm.com/3249026/p-valley-episode-3-recap/,0.11626354511140446
ref-stablelm-base-alpha-3b-v2,member,https://www.kold.com/prnewswire/2022/06/07/murlarkeys-alchemy-continues-first-straight-bourbon-release-takes-double-gold-nyisc-while-salsa-borracha-whiskey-takes-gold-adi/,-1.7406629906733961
ref-stablelm-base-alpha-3b-v2,member,https://www.wafb.com/2022/09/11/mothers-boyfriend-arrested-killing-8-year-old-california-girl/,-1.6919452132487613
ref-stablelm-base-alpha-3b-v2,member,https://www.kwch.com/prnewswire/2022/08/05/latest-data-lecanemab-presented-alzheimers-association-international-conference-aaic-bioarctic/,-1.6349905650303886
ref-stablelm-base-alpha-3b-v2,member,https://www.wkyt.com/prnewswire/2022/07/29/twenty-three-georgia-urology-physicians-receive-top-doctors-honors-atlanta-magazine/,-1.2438470751982045
ref-stablelm-base-alpha-3b-v2,member,https://www.pahomepage.com/entertainment-news/ap-prince-charles-edits-british-black-newspaper-the-voice/,-1.8917407886267363
ref-stablelm-base-alpha-3b-v2,member,https://www.wagmtv.com/prnewswire/2022/08/04/timkensteel-announces-second-quarter-2022-results/,-1.4201882812319777
ref-stablelm-base-alpha-3b-v2,member,https://www.mrt.com/things_to_do/article/Going-to-the-AIRSHO-Here-s-what-you-need-to-17413181.php,0.5727506007412915
ref-stablelm-base-alpha-3b-v2,member,https://www.myarklamiss.com/news/lifestyles/healthminute/in-rural-west-more-worries-about-access-to-abortion-clinics/,-2.2111512805460594
ref-stablelm-base-alpha-3b-v2,member,https://www.wkyt.com/2022/07/25/beshear-weighing-executive-action-medical-cannabis/,0.14216754261638354
ref-stablelm-base-alpha-3b-v2,member,https://www.ourmidland.com/weather/article/TX-WFO-EL-PASO-Warnings-Watches-and-Advisories-17367873.php,-1.50501278708586
ref-stablelm-base-alpha-3b-v2,member,https://www.wric.com/news/u-s-world/if-roe-falls-some-das-wont-enforce-anti-abortion-laws/,-2.292603799052958
ref-stablelm-base-alpha-3b-v2,member,https://www.1011now.com/prnewswire/2022/08/02/ls-networks-taps-former-meta-fiber-investments-executive-ceo/,-1.720322926773211
ref-stablelm-base-alpha-3b-v2,member,https://www.wflx.com/2022/04/08/cheers-jackson-biden-declares-moment-real-change/,-1.982016785094307
ref-stablelm-base-alpha-3b-v2,member,https://www.wcjb.com/prnewswire/2022/06/11/abbvie-investigation-initiated-by-former-louisiana-attorney-general-kahn-swick-amp-foti-llc-investigates-officers-directors-abbvie-inc-abbv/,-1.184178554884834
ref-stablelm-base-alpha-3b-v2,member,https://www.lehighvalleylive.com/coronavirus/2021/05/nj-gov-phil-murphy-to-make-major-covid-reopening-announcement-how-to-watch-live-today.html,0.3727158684777687
ref-stablelm-base-alpha-3b-v2,member,https://www.localsyr.com/entertainment-news/chrissy-metz-of-this-is-us-writes-book-for-children/,-1.9980209926987982
ref-stablelm-base-alpha-3b-v2,member,https://phl17.com/news/ap-top-headlines/serena-loses-1st-match-since-saying-shes-prepared-to-retire/,-2.0166295776020027
ref-stablelm-base-alpha-3b-v2,member,https://www.mrt.com/news/article/Judge-to-hear-requests-to-reset-trial-for-2-in-17254042.php,-1.7303364317721577
ref-stablelm-base-alpha-3b-v2,member,https://www.foxnews.com/entertainment/how-many-kids-brian-austin-green-inside-90210-actors-relationships-family-life,0.30886482945438365
ref-stablelm-base-alpha-3b-v2,member,https://pix11.com/sports/ap-sports/wainwright-reunited-with-molina-hurls-cards-past-cubs-6-0/,-1.5665113041420144
ref-stablelm-base-alpha-3b-v2,member,https://www.ourmidland.com/news/article/Mississippi-teen-recounts-rescuing-4-people-from-17293792.php,-1.9748635091055702
ref-stablelm-base-alpha-3b-v2,member,https://www.kalb.com/prnewswire/2022/08/31/careers-suncoast-what-its-like-work-where-you-want-live/,-1.8632670179467774
ref-stablelm-base-alpha-3b-v2,member,https://www.abc10.com/article/news/nation-world/cnn-cancels-reliable-sources-brian-stelter-leaving/507-58b03395-be32-4bb5-b517-701c736b5002,-1.8064655804283583
ref-stablelm-base-alpha-3b-v2,member,https://www.myarklamiss.com/news/national-news/us-basketball-star-griner-appears-in-russian-court/,-1.945409946720925
ref-stablelm-base-alpha-3b-v2,member,https://www.wsaz.com/prnewswire/2022/09/01/americas-conservative-insurance-group-created-fight-wokeness/,-2.1330615233203485
ref-stablelm-base-alpha-3b-v2,member,https://nj1015.com/hessian-mass-grave-unearthed-at-revolutionary-war-battle-site/,-2.017120665641372
ref-stablelm-base-alpha-3b-v2,member,https://www.wbtv.com/prnewswire/2022/08/11/srh-total-return-fund-inc-declares-quarterly-distribution/,-1.624272963899078
ref-stablelm-base-alpha-3b-v2,member,https://www.wkyt.com/prnewswire/2022/07/19/aep-declares-quarterly-dividend-common-stock/,-1.3385526763105984
ref-stablelm-base-alpha-3b-v2,member,https://theworldlink.com/news/local/obituaries/thomas-tom-mills/article_f6e901a0-2249-11ed-bf7c-b7da3902915f.html,0.5046858838979134
ref-stablelm-base-alpha-3b-v2,member,https://www.wagmtv.com/prnewswire/2022/08/09/medair-labs-ceo-discuss-startups-innovative-technology-usptos-invention-con/,-1.8084377459025927
ref-stablelm-base-alpha-3b-v2,member,https://www.wane.com/news/isu-reacts-to-crash-that-killed-3-and-injured-2-students/,-0.43967233958703233
ref-stablelm-base-alpha-3b-v2,member,https://www.seattlepi.com/business/article/Bank-regulators-overhaul-low-income-17151319.php,-1.9882084372344861
ref-stablelm-base-alpha-3b-v2,member,https://www.latimes.com/california/story/2022-06-22/mistrial-in-suge-knight-wrongful-death-suit,0.28431450006818926
ref-stablelm-base-alpha-3b-v2,member,https://www.seattletimes.com/business/bank-of-jamaica-to-launch-nationwide-digital-currency/?utm_source=RSS&utm_medium=Referral&utm_campaign=RSS_business,-1.7517483597555519
ref-stablelm-base-alpha-3b-v2,member,https://www.fox35orlando.com/news/oreology-scientists-study-why-oreo-creme-cant-split-evenly-on-both-cookies,-0.026168114453438474
ref-stablelm-base-alpha-3b-v2,member,https://www.wcjb.com/prnewswire/2022/08/08/national-cbd-day-ignites-huge-event-industry-leader-fab-cbd/,-1.7581610317995704
ref-stablelm-base-alpha-3b-v2,member,https://www.wsls.com/sports/2022/07/13/nba-stiffens-take-foul-penalty-will-keep-play-in-tournament/,-2.097599305137669
ref-stablelm-base-alpha-3b-v2,member,https://www.arkansasonline.com/news/2022/sep/04/little-rock-steel-maker-getting-notice-for-its/,0.4271634752132907
ref-stablelm-base-alpha-3b-v2,member,https://www.kswo.com/prnewswire/2022/06/06/bedsure-releases-new-cooling-blanket-that-is-twice-effective/,-1.9559586192324063
ref-stablelm-base-alpha-3b-v2,member,https://www.mysuncoast.com/2022/05/02/call-988-new-suicide-hotline-number-launch-july/,-1.8145559701449656
ref-stablelm-base-alpha-3b-v2,member,https://kobi5.com/news/the-effects-that-the-oak-knoll-fire-had-on-ashland-12-years-later-194261/,0.1594028881189482
ref-stablelm-base-alpha-3b-v2,member,https://www.kalb.com/prnewswire/2022/07/11/taiga-begins-deliveries-its-orca-electric-personal-watercraft/,-1.6814982320338119
ref-stablelm-base-alpha-3b-v2,member,https://www.wistv.com/prnewswire/2022/04/13/sands-campaign-rolls-out-faith-leaders-coalition/,-1.8246310044458358
ref-stablelm-base-alpha-3b-v2,member,https://www.ktre.com/2022/08/16/nitrile-glove-manufacturer-coming-lufkin/,0.08970264466331956
ref-stablelm-base-alpha-3b-v2,member,https://www.koin.com/reviews/br/sports-fitness-br/gymnastics-br/best-gymnastics-mat/,-1.6777219132803864
ref-stablelm-base-alpha-3b-v2,member,https://www.wearegreenbay.com/news/local-news/dog-attacks-another-dog-while-out-for-a-walk-in-manitowoc/,0.27680237130373
ref-stablelm-base-alpha-3b-v2,member,https://www.kbtx.com/prnewswire/2022/04/27/emerge-americas-ironhack-present-200000-tech-scholarships/,-1.9173768414912393
ref-stablelm-base-alpha-3b-v2,member,https://www.localsyr.com/news/international/burkina-faso-fashion-designers-more-to-nation-than-conflict/,-2.414091950724699
ref-stablelm-base-alpha-3b-v2,member,https://www.expressnews.com/weather/article/CT-WFO-BOSTON-Warnings-Watches-and-Advisories-17419250.php,-1.6665528479311402
ref-stablelm-base-alpha-3b-v2,member,https://www.ourmidland.com/weather/article/TX-Corpus-Christi-TX-Zone-Forecast-17251687.php,-0.21908298320644132
ref-stablelm-base-alpha-3b-v2,member,https://www.1011now.com/prnewswire/2022/08/04/bmall-only-nft-marketplace-giving-back-fees-communities/,-1.8543785738566956
ref-stablelm-base-alpha-3b-v2,member,https://www.clickorlando.com/news/local/2022/08/18/1-injured-in-shooting-at-dona-vista-gaming-establishment-deputies-say/,-0.06991738690774985
ref-stablelm-base-alpha-3b-v2,member,https://www.washingtonpost.com/sports/mlb/mariners-use-2-homers-kirbys-pitching-to-stop-braves-3-1/2022/09/11/0a568fc0-3189-11ed-bcc6-0874b26ae296_story.html,-0.7526289247341302
ref-stablelm-base-alpha-3b-v2,member,https://www.theadvocate.com/acadiana/news/courts/article_3ad717f6-1a86-11ed-83f7-4b87ecb0012c.html,0.14794692437717893
ref-stablelm-base-alpha-3b-v2,member,https://cw33.com/news/nexstar-media-wire/noaa-predicts-3-to-5-major-hurricanes-in-coming-months/,-1.7331253822986428
ref-stablelm-base-alpha-3b-v2,member,https://www.mysuncoast.com/prnewswire/2022/05/19/baltimore-banner-wypr-announce-partnership-strengthen-local-news-maryland/,-2.0310311662830522
ref-stablelm-base-alpha-3b-v2,member,https://www.kalb.com/prnewswire/2022/08/09/clint-crews-joins-fortis-head-colorado-commercial-specialty-lending/,-1.5214711796741294
ref-stablelm-base-alpha-3b-v2,member,https://www.kfyrtv.com/prnewswire/2022/08/26/starbucks-thailand-launches-its-foodshare-program-collaboration-with-scholars-sustenance-thailand/,-2.08230767718957
ref-stablelm-base-alpha-3b-v2,member,https://www.seattletimes.com/nation-world/nation/reduced-u-s-testing-is-blurring-view-of-the-pandemic/?utm_source=RSS&utm_medium=Referral&utm_campaign=RSS_all,0.10315357931761282
ref-stablelm-base-alpha-3b-v2,member,https://www.seattletimes.com/business/alaska-used-car-prices-run-amok-in-a-ridiculous-market/?utm_source=RSS&utm_medium=Referral&utm_campaign=RSS_all,0.37954228156487924
ref-stablelm-base-alpha-3b-v2,member,https://www.mrt.com/news/article/Arizona-House-speaker-who-rejected-Trump-pleas-17344555.php,-2.2806563956665347
ref-stablelm-base-alpha-3b-v2,member,https://www.dw.com/en/uvalde-shooting-texas-official-labels-police-response-abject-failure/a-62213136,-0.7552586583749226
ref-stablelm-base-alpha-3b-v2,member,https://www.wlbt.com/prnewswire/2022/07/27/nomad-foods-report-second-quarter-2022-results-wednesday-august-10-2022/,-1.2950757018419459
ref-stablelm-base-alpha-3b-v2,member,https://www.wbtv.com/prnewswire/2022/07/11/alaska-airlines-surprises-employees-with-90000-miles-travel-globe/,-1.9268520202559358
ref-stablelm-base-alpha-3b-v2,member,https://www.wbtv.com/prnewswire/2022/08/01/chemomab-therapeutics-report-second-quarter-2022-financial-results-provide-business-update/,-1.2704764497662455
ref-stablelm-base-alpha-3b-v2,member,https://www.yourbasin.com/news/financial-aid-for-odessa-nursing-students/,0.05166720674888703
ref-stablelm-base-alpha-3b-v2,member,https://www.wdtn.com/reviews/br/music-br/string-instruments-br/best-acoustic-guitar-strap/,-1.4980278641418294
ref-stablelm-base-alpha-3b-v2,member,https://www.abqjournal.com/2514353/with-us-dollar-nearly-equal-to-euro-impact-is-being-felt.html,-2.019856845953745
ref-stablelm-base-alpha-3b-v2,member,https://www.wdiy.org/npr-news/2022-07-01/shredded-trees-dead-dolphins-and-wildfires-how-russias-invasion-is-hurting-nature,-2.1976248455074527
ref-stablelm-base-alpha-3b-v2,member,https://www.wkyt.com/2022/06/28/california-woman-opens-home-people-seeking-abortion-pregnancy-care/,-1.879191701824663
ref-stablelm-base-alpha-3b-v2,member,https://www.wafb.com/2022/08/18/media-ask-judge-release-trump-search-warrant-affidavit/,-1.9068598133201329
ref-stablelm-base-alpha-3b-v2,member,https://www.wweek.com/promotions/2022/06/23/so-much-coast-so-little-summer/,0.7329805746785403
ref-stablelm-base-alpha-3b-v2,member,https://www.kwch.com/prnewswire/2022/08/04/bristow-group-reports-first-quarter-fiscal-year-2023-results/,-1.4895541219088904
ref-stablelm-base-alpha-3b-v2,member,https://www.dakotanewsnow.com/2022/08/04/autopsies-3-family-members-killed-iowa-state-park-campground-were-shot-stabbed-strangled/,-1.6184662608454767
ref-stablelm-base-alpha-3b-v2,member,https://www.weau.com/2022/08/29/some-businesses-experience-growth-during-pandemic/,0.054498402316388805
ref-stablelm-base-alpha-3b-v2,member,https://www.wsaz.com/prnewswire/2022/07/26/monitoredu-announces-new-blended-event-remote-testing-model/,-2.0539868441324143
ref-stablelm-base-alpha-3b-v2,member,https://azdailysun.com/lifestyles/columnists/dear-abby-husband-keeps-explicit-media-from-previous-relationships/article_343c5fe8-c5a2-11ec-bcaf-bfa7ecae374f.html,-1.408017446465566
ref-stablelm-base-alpha-3b-v2,member,https://www.mynews13.com/fl/orlando/ap-online/2022/08/17/chinese-factories-close-as-drought-hurts-hydropower,-2.112407018717402
ref-stablelm-base-alpha-3b-v2,member,https://www.ksn.com/news/washington-dc/pelosi-visits-taiwan-defying-warnings-from-china/,-1.8169453288511668
ref-stablelm-base-alpha-3b-v2,member,https://www.kmvt.com/prnewswire/2022/07/21/duke-energy-ramps-up-environmental-efforts-joins-forces-protect-vulnerable-wildlife-florida/,-1.6987307598020989
ref-stablelm-base-alpha-3b-v2,member,https://www.eonline.com/ca/news/1344911/christina-haack-and-husband-josh-hall-celebrate-hawaiian-wedding-relive-their-love-story,-0.4566640371607855
ref-stablelm-base-alpha-3b-v2,member,https://www.kmvt.com/prnewswire/2022/05/11/kanpai-pandas-bringing-luxury-experiences-nft-space/,-0.7941292843348651
ref-stablelm-base-alpha-3b-v2,member,https://www.cleveland19.com/prnewswire/2022/09/01/third-consecutive-year-my-take-named-top-innovative-supplier-market-research/,-1.6722113196914417
ref-stablelm-base-alpha-3b-v2,member,https://www.wibw.com/prnewswire/2022/07/19/hci-equity-partners-announces-sale-southernag-carriers/,-1.2578792714053018
ref-stablelm-base-alpha-3b-v2,member,http://www.birminghamtimes.com/2022/07/black-and-latina-women-hold-the-most-student-debt/,0.19626961198935788
ref-stablelm-base-alpha-3b-v2,member,https://www.wfla.com/reviews/br/toys-games-br/action-figures-playsets-br/best-playmobil-scooby-doo-toy/,-1.369805514529657
ref-stablelm-base-alpha-3b-v2,member,https://www.nbcnewyork.com/news/national-international/107-cases-of-brain-tumors-led-to-investigation-at-nj-high-school-mayor-announces-results/3710930/,0.15851964813181318
ref-stablelm-base-alpha-3b-v2,member,https://www.kold.com/prnewswire/2022/06/27/neurosense-therapeutics-reports-positive-results-stage-iii-als-biomarker-study/,-1.6310914401138326
ref-stablelm-base-alpha-3b-v2,member,https://www.ktre.com/prnewswire/2022/08/23/lirium-power-digital-asset-access-mexican-fintech-expands-footprint-across-latin-america/,-1.8455502943220505
ref-stablelm-base-alpha-3b-v2,member,https://www.weau.com/2022/06/04/firm-proposes-taser-armed-drones-stop-school-shootings/,-2.296149092203443
ref-stablelm-base-alpha-3b-v2,member,https://www.abcactionnews.com/news/national/free-mom-hugs-help-guide-parents-through-lgbtq-world,-0.6679845733081979
ref-stablelm-base-alpha-3b-v2,member,https://www.wbtv.com/prnewswire/2022/07/13/onebill-receives-2022-unified-communications-product-year-award-fifth-consecutive-year/,-1.758506075777552
ref-stablelm-base-alpha-3b-v2,member,https://pix11.com/ap-political/supreme-court-rules-for-inmates-seeking-reduced-prison-terms/,-1.8310039897288044
ref-stablelm-base-alpha-3b-v2,member,https://www.apr.org/2008-08-31/unraveling-a-fathers-secrets-and-sorrows,0.45122979031314703
ref-stablelm-base-alpha-3b-v2,member,https://www.nbcnewyork.com/news/national-international/childs-body-11th-victim-found-after-tour-boat-sank-in-japans-far-north/3660751/,-2.2350313413228795
ref-stablelm-base-alpha-3b-v2,member,https://phl17.com/business/ap-business/goodbye-nyc-estimates-show-big-city-losses-sunbelt-gains/,-2.014213051756125
ref-stablelm-base-alpha-3b-v2,member,https://www.wane.com/news/local-news/pfw-offers-programs-for-young-pianists-to-enhance-skills/,0.41867507311444996
ref-stablelm-base-alpha-3b-v2,member,https://www.nprillinois.org/2022-07-18/heat-torches-southern-europe-killing-hundreds,-2.225367951301354
ref-stablelm-base-alpha-3b-v2,member,https://www.eonline.com/news/1342098/the-real-reason-why-brooklyn-beckham-and-nicola-peltz-combined-their-last-names?cmpid=rss-000000-rssfeed-365-topstories&utm_source=eonline&utm_medium=rssfeeds&utm_campaign=rss_topstories,0.17996046057834914
ref-stablelm-base-alpha-3b-v2,member,https://www.wflx.com/prnewswire/2022/06/23/wynn-resorts-macau-sa-macau-sar-government-enter-into-concession-extension-agreement/,-1.7322773066736237
ref-stablelm-base-alpha-3b-v2,member,https://www.nj.com/yankees/2022/06/angels-phil-nevin-among-4-ex-yankees-on-the-short-list-to-replace-joe-maddon.html,0.09125041866316108
ref-stablelm-base-alpha-3b-v2,member,https://www.wbay.com/prnewswire/2022/07/07/content-partners-llc-hires-rob-amir-senior-executive-vice-president/,-2.0165757204699064
ref-stablelm-base-alpha-3b-v2,member,https://www.sfchronicle.com/news/article/Immersed-in-crisis-Peru-neglects-Amazon-s-17215939.php,-2.130084461980986
ref-stablelm-base-alpha-3b-v2,member,https://abc7ny.com/nyc-crime-nypd-officer-attacked-bronx/12159247/,0.02302906768691515
ref-stablelm-base-alpha-3b-v2,member,https://www.ourmidland.com/weather/article/NY-WFO-ALBANY-Warnings-Watches-and-Advisories-17300867.php,-1.4624806697299495
ref-stablelm-base-alpha-3b-v2,member,https://www.wbrc.com/prnewswire/2022/08/11/coates-group-named-mcdonalds-global-provider-digital-menu-board-content-management-system/,-1.9069620331772188
ref-stablelm-base-alpha-3b-v2,member,https://www.binghamtonhomepage.com/hill-politics/white-house-blasts-graham-abortion-bill-as-wildly-out-of-step-2/,-1.7955993994550723
ref-stablelm-base-alpha-3b-v2,member,https://www.wdtn.com/reviews/br/toys-games-br/theme-toys-br/most-popular-sesame-street-toys-you-can-buy-online-now/,-1.7706660796287979
ref-stablelm-base-alpha-3b-v2,member,https://www.wcjb.com/prnewswire/2022/07/28/heineken-usa-partners-with-silverbullet-accelerate-its-data-strategy-deliver-meaningful-consumer-experiences-scale/,-2.19597754929742
ref-stablelm-base-alpha-3b-v2,member,https://www.dakotanewsnow.com/prnewswire/2022/08/24/peak-rock-capital-continues-team-expansion-promotes-new-managing-director-principals-vice-presidents/,-1.8238355967063702
ref-stablelm-base-alpha-3b-v2,member,https://www.bostonherald.com/2022/07/03/the-revolution-extend-unbeaten-streak-with-2-2-draw-with-cincinnati/,0.06372740347443218
ref-stablelm-base-alpha-3b-v2,member,https://www.apr.org/arts-life/2011-06-23/an-ocean-of-loss-through-a-poets-prism,0.6747255847913296
ref-stablelm-base-alpha-3b-v2,member,https://www.bostonglobe.com/2022/08/02/metro/wayland-moves-ahead-with-climate-action-plan/,0.27178382292810044
ref-stablelm-base-alpha-3b-v2,member,https://www.foxnews.com/world/3-year-old-mexican-girl-reportedly-wakes-up-her-own-funeral-dies-hours-later,0.11624121007022747
ref-stablelm-base-alpha-3b-v2,member,https://www.kswo.com/prnewswire/2022/08/08/oxi-fresh-continues-growing-strong-following-national-expansion/,-1.597969803139448
ref-stablelm-base-alpha-3b-v2,member,https://www.bostonglobe.com/2022/07/27/lifestyle/moms-script-is-now-being-flipped/,-0.43448091967998304
ref-stablelm-base-alpha-3b-v2,member,https://www.koin.com/news/ap-top-headlines/russias-fsb-blames-ukrainian-intelligence-for-car-bombing/,-1.939964966644869
ref-stablelm-base-alpha-3b-v2,member,https://www.kold.com/prnewswire/2022/05/23/chinas-chongqing-shares-growth-dividends-after-year-into-comprehensive-pilot-program-sevice-sector-opening/,-2.368667167490948
ref-stablelm-base-alpha-3b-v2,member,https://www.sfgate.com/news/article/Italy-s-Draghi-warns-5-Stars-against-political-17299765.php,-2.2977074593606517
ref-stablelm-base-alpha-3b-v2,member,https://fox59.com/sports/ap-sports/mets-get-naquin-reliever-from-reds-for-2-minor-leaguers/,-1.761653524255349
ref-stablelm-base-alpha-3b-v2,member,https://www.sfgate.com/shopping/article/Palm-Springs-boutique-hotels-17359201.php,0.6998379420905985
ref-stablelm-base-alpha-3b-v2,member,https://www.texomashomepage.com/sports/kolozsvary-scores-on-game-ending-balk-as-reds-beat-rays-2-1/,-1.4915573309416894
ref-stablelm-base-alpha-3b-v2,member,https://www.koin.com/sports/ap-sports/ashleigh-buhai-wins-womens-british-open-after-playoff/,-1.6850780215140846
ref-stablelm-base-alpha-3b-v2,member,https://www.wafb.com/prnewswire/2022/06/23/bic-recognized-its-path-towards-more-sustainable-future/,-2.2843307324056346
ref-stablelm-base-alpha-3b-v2,member,https://www.myarklamiss.com/reviews/br/office-br/office-supplies-br/best-electric-stapler/,-1.7385323471603473
ref-stablelm-base-alpha-3b-v2,member,https://www.wibw.com/prnewswire/2022/09/15/sirtex-medical-secures-positive-approval-sir-spheres-y-90-resin-microspheres-hcc-treatment-brazil/,-1.7265749384183187
ref-stablelm-base-alpha-3b-v2,member,https://www.kswo.com/prnewswire/2022/08/09/dhi-group-inc-present-upcoming-investor-conferences/,-1.6598524586113514
ref-stablelm-base-alpha-3b-v2,member,https://www.ourmidland.com/weather/article/NY-Albany-NY-Zone-Forecast-17280861.php,-0.2551284692366194
ref-stablelm-base-alpha-3b-v2,member,https://www.wibw.com/prnewswire/2022/07/12/soil-health-institute-announces-five-strategic-goals/,-1.7041435339886886
ref-stablelm-base-alpha-3b-v2,member,https://www.wcjb.com/prnewswire/2022/07/27/daz-3d-drop-nft-collection-promoting-hope-positivity-difficult-times/,-1.7933635081176669
ref-stablelm-base-alpha-3b-v2,member,https://www.wagmtv.com/prnewswire/2022/08/25/origin-agritech-offers-preliminary-assessment-this-years-corn-harvest/,-1.6468238120988552
ref-stablelm-base-alpha-3b-v2,member,https://www.kwch.com/prnewswire/2022/06/28/service-express-completes-integration-blue-chip-icc-group/,-2.0331589834144568
ref-stablelm-base-alpha-3b-v2,member,https://www.wflx.com/prnewswire/2022/05/20/resolute-announces-ratification-collective-agreement-seven-canadian-pulp-paper-mills/,-1.724122944727904
ref-stablelm-base-alpha-3b-v2,member,https://www.dakotanewsnow.com/prnewswire/2022/07/12/activatework-expands-it-career-training-employment-opportunities-through-partnership-with-comptia-apprenticeships-tech/,-1.7676500638241945
ref-stablelm-base-alpha-3b-v2,member,https://www.1011now.com/prnewswire/2022/08/09/mpe-partners-mshs-announce-acquisition-pacific-power-group/,-1.5149193226070021
ref-stablelm-base-alpha-3b-v2,member,https://www.kait8.com/prnewswire/2022/05/15/vida-introduces-new-ai-enabled-biomarker-services/,-2.311451336683581
ref-stablelm-base-alpha-3b-v2,member,https://www.wafb.com/prnewswire/2022/06/17/ball-corporation-recommends-rejection-amended-below-market-mini-tender-offer-by-trc-capital-corporation/,-1.7917883251432298
ref-stablelm-base-alpha-3b-v2,member,https://www.wthr.com/article/news/local/indiana-task-force-1-returns-after-kentucky-deployment-flash-flood-relief/531-0b96385b-cdd6-4027-aff1-8e57d952179e,0.22745785559275822
ref-stablelm-base-alpha-3b-v2,member,https://www.kwch.com/prnewswire/2022/09/14/rev-capital-announces-new-appointment-commercial-finance-division/,-1.564981933962799
ref-stablelm-base-alpha-3b-v2,member,https://www.cenlanow.com/international/ap-international/brazil-police-remains-found-those-of-british-journalist/,-2.238985454090468
ref-stablelm-base-alpha-3b-v2,member,https://www.wflx.com/prnewswire/2022/05/16/faron-announces-us-food-drug-administration-finnish-medicines-agency-approval-initiate-phase-iii-bexmarilimab-combination-study-hematologic-malignancies/,-1.6022899435947389
ref-stablelm-base-alpha-3b-v2,member,https://dentonrc.com/rsssports/unt-community-shocked-by-the-death-of-former-mean-green-running-back-michael-hickmon/article_c4eb68cb-ea13-5825-8f63-136ca718955a.html,0.2285592161731933
ref-stablelm-base-alpha-3b-v2,member,https://www.abc12.com/news/local/bay-veterans-foundation-hosts-escaped-vietnam-prisoner-of-war/article_23ea0d38-2efd-11ed-98d6-db8eeb54f59e.html,0.579919955137798
ref-stablelm-base-alpha-3b-v2,member,https://www.wistv.com/prnewswire/2022/05/28/vaporesso-exciting-new-product-tech-amp-street-artist-collaboration-vaper-expo-uk-birmingham-nec-27th-29th-may-2022/,-2.362594307083189
ref-stablelm-base-alpha-3b-v2,member,https://www.1011now.com/2022/08/10/unl-researchers-work-make-berry-more-mainstream/,0.2626161897434769
ref-stablelm-base-alpha-3b-v2,member,https://www.azcentral.com/story/news/local/scottsdale-education/2022/06/22/arizona-attorney-general-sues-scottsdale-school-district-and-board-member-jann-michael-greenburg/7692208001/,0.4128580205465404
ref-stablelm-base-alpha-3b-v2,member,https://www.kswo.com/prnewswire/2022/06/02/brooks-group-plans-change-how-salespeople-learn/,-2.137735632800282
ref-stablelm-base-alpha-3b-v2,member,https://www.mrt.com/news/article/Alert-Jury-orders-Infowars-Alex-Jones-to-pay-17352499.php,0.5565525658602071
ref-stablelm-base-alpha-3b-v2,member,https://www.wafb.com/prnewswire/2022/08/02/owl-rock-announces-investment-amergin-asset-management/,-1.5863084122144018
ref-stablelm-base-alpha-3b-v2,member,https://www.wane.com/news/experts-say-us-suspension-of-covid-aid-will-prolong-pandemic/,-2.195423332087893
ref-stablelm-base-alpha-3b-v2,member,https://www.expressnews.com/news/article/Alert-US-envoy-John-Kerry-tells-AP-that-domestic-17280004.php,1.281846722143153
ref-stablelm-base-alpha-3b-v2,member,https://www.kalb.com/prnewswire/2022/09/09/remembering-911-with-blood-drive-save-lives/,-1.7748785083460776
ref-stablelm-base-alpha-3b-v2,member,https://www.wcjb.com/prnewswire/2022/08/09/new-book-bcg-helps-family-businesses-work-through-inevitable-conflict/,-1.5893890437934426
ref-stablelm-base-alpha-3b-v2,member,https://www.sfchronicle.com/business/article/Bangladesh-cuts-school-office-hours-to-save-17391560.php,-2.060410120364086
ref-stablelm-base-alpha-3b-v2,member,https://www.wistv.com/prnewswire/2022/04/25/annals-family-medicine-researchers-develop-online-guide-help-family-medicine-doctors-discuss-vaccine-hesitancy-with-patients/,-1.975865185996813
ref-stablelm-base-alpha-3b-v2,member,https://www.wsls.com/news/world/2022/07/20/forgotten-us-victims-of-mexican-drug-lord-want-justice/,-2.144491320791145
ref-stablelm-base-alpha-3b-v2,member,https://www.myarklamiss.com/hill-politics/every-living-us-president-pays-tribute-to-elizabeth/,-1.758301702850003
ref-stablelm-base-alpha-3b-v2,member,https://www.wcjb.com/prnewswire/2022/07/07/haemalogix-strengthens-board-with-appointment-dr-geoff-nichol/,-1.904963402811811
ref-stablelm-base-alpha-3b-v2,member,https://www.seattlepi.com/sports/article/Tua-Jones-together-again-as-Pats-visit-Miami-in-17425681.php,-1.8637064134664778
ref-stablelm-base-alpha-3b-v2,member,https://www.nj.com/business/2022/07/wawa-opens-another-nj-store-amid-continued-expansion.html,0.034898628417351585
ref-stablelm-base-alpha-3b-v2,member,https://wcfcourier.com/news/national/stocks-fall-broadly-in-afternoon-trading-on-wall-street/article_74b8ea65-0a97-5794-a9c2-9040392bdc94.html,-1.884202436717908
ref-stablelm-base-alpha-3b-v2,member,https://www.wfaa.com/article/entertainment/entertainment-tonight/matt-james-reveals-if-hes-thinking-about-proposing-to-rachael-kirkconnell-exclusive/603-450065d2-e65b-4276-b15f-de9052fcc0c4,0.2571403465534088
ref-stablelm-base-alpha-3b-v2,member,https://pix11.com/news/national-news/ap-national/report-police-knew-of-injured-at-texas-school-while-waiting/,-2.0630693182938398
ref-stablelm-base-alpha-3b-v2,member,https://www.kait8.com/prnewswire/2022/09/08/42gears-announces-zero-day-support-ios-16-ipados-16-ahead-new-version-release/,-1.5236715538286787
ref-stablelm-base-alpha-3b-v2,member,https://www.pahomepage.com/news/national/rescued-oklahoma-tigers-get-care-in-california-and-new-home/,-2.0491970887005744
ref-stablelm-base-alpha-3b-v2,member,https://www.wunc.org/education/2022-05-23/qa-whats-proposal-change-how-north-carolina-teachers-paid-licensed,0.43702446428321595
ref-stablelm-base-alpha-3b-v2,member,https://www.knau.org/npr-news/2022-07-17/russia-strikes-south-ukraine-city-presses-attacks-in-east,-2.029376066619793
ref-stablelm-base-alpha-3b-v2,member,https://www.kxii.com/2022/08/03/new-crypto-oversight-legislation-arrives-industry-shakes/,-1.8384868129870777
ref-stablelm-base-alpha-3b-v2,member,https://www.kens5.com/article/news/nation-world/infant-swing-rocker-recalled/507-87b2bd6b-94d1-4b0e-9de6-58b2a7fb15f2,-1.3494686672715983
ref-stablelm-base-alpha-3b-v2,member,https://www.beaumontenterprise.com/news/article/Serena-Williams-implies-she-ll-play-at-Wimbledon-17240213.php,-2.0713055467841643
ref-stablelm-base-alpha-3b-v2,member,https://www.kxii.com/prnewswire/2022/08/09/medical-cannabis-leader-khiron-opens-brazils-first-zerenia-clinic/,-1.8163064100499517
ref-stablelm-base-alpha-3b-v2,member,https://www.fox16.com/news/national/madison-estate-rehires-staff-let-go-during-recent-turmoil/,-2.32989117674885
ref-stablelm-base-alpha-3b-v2,member,https://www.beaumontenterprise.com/weather/article/TX-WFO-MIDLAND-ODESSA-Warnings-Watches-and-17213725.php,-1.3535427828351279
ref-stablelm-base-alpha-3b-v2,member,https://fox59.com/indy-now/house-painting-exterior-heritage-custom/,0.7298733438017226
ref-stablelm-base-alpha-3b-v2,member,https://www.12news.com/article/news/local/arizona/extreme-heat-dangerous-for-valley-delivery-drivers/75-c187fe96-da3c-4b71-a519-39b256030876,0.05082614153736653
ref-stablelm-base-alpha-3b-v2,member,https://www.wflx.com/prnewswire/2022/06/27/invitation-immunovias-presentation-panfam-1-results/,-1.8001242160003061
ref-stablelm-base-alpha-3b-v2,member,https://www.myarklamiss.com/sports/ap-sports/harrington-holds-on-to-edge-stricker-and-win-us-senior-open/,-1.9134395259057366
ref-stablelm-base-alpha-3b-v2,member,https://www.wagmtv.com/prnewswire/2022/06/20/indianapolis-electrical-experts-provide-safety-tips-vacationers/,-1.2225488951609298
ref-stablelm-base-alpha-3b-v2,member,https://www.valleynewslive.com/prnewswire/2022/07/14/atura-power-awards-owners-engineering-representative-team-cem-sacr-davey-innovative-20mw-green-hydrogen-facility-ontario-canada/,-1.7919142957912118
ref-stablelm-base-alpha-3b-v2,member,https://www.expressnews.com/sports/article/Chicago-White-Sox-Oakland-Runs-17434606.php,-0.2980429960093952
ref-stablelm-base-alpha-3b-v2,member,https://www.binghamtonhomepage.com/sports/ap-epicenter-wins-travers-stakes-decisively-at-saratoga/,-1.8004604068015628
ref-stablelm-base-alpha-3b-v2,member,https://www.wric.com/business/us-world-business/delta-to-begin-paying-flight-attendants-during-boarding/,-2.003041254467787
ref-stablelm-base-alpha-3b-v2,member,https://www.nj.com/jets/2022/08/jets-training-camp-observations-falcons-joint-practice-day-1-punches-thrown-early-elijah-moore-breaks-out.html,0.14652529576072082
ref-stablelm-base-alpha-3b-v2,member,https://www.sfgate.com/sports/article/White-Sox-put-Eloy-Jimenez-on-10-day-IL-likely-17123160.php,-1.6703636973235394
ref-stablelm-base-alpha-3b-v2,member,https://www.localsyr.com/news/international/australia-china-continue-pacific-rivalry-with-island-visits/,-2.1434812993500354
ref-stablelm-base-alpha-3b-v2,member,https://cbs4indy.com/news/national-world/cdc-official-several-hundred-polio-cases-likely-circulating-in-new-york/,-1.809312878632933
ref-stablelm-base-alpha-3b-v2,member,https://www.wfla.com/sports/ap-sports/leading-off-soto-arrives-in-sd-castillo-debuts-for-ms/,-1.7385238935069474
ref-stablelm-base-alpha-3b-v2,member,https://www.kfyrtv.com/prnewswire/2022/07/15/ericsson-receives-regulatory-approval-complete-acquisition-vonage/,-1.4300941504332136
ref-stablelm-base-alpha-3b-v2,member,https://www.wane.com/news/nba-wnba-owner-suspended-1-year-fined-10m-in-misconduct-probe/,-1.9204098811913202
ref-stablelm-base-alpha-3b-v2,member,https://www.twincities.com/2022/04/24/hawks-john-collins-heat-dont-have-a-polite-way-of-playing-basketball/,-0.29337506677570513
ref-stablelm-base-alpha-3b-v2,member,https://www.kenoshanews.com/news/local/lifeguard-shortage-forces-anderson-washington-pools-to-open-and-close-on-alternating-days/article_c87c2942-ec65-11ec-9747-bfe84fae551b.html,0.34462975430137677
ref-stablelm-base-alpha-3b-v2,member,https://www.wbtv.com/prnewswire/2022/08/29/teamsters-school-alumni-university-minnesotas-abusive-labor-practices/,-2.025001282916869
ref-stablelm-base-alpha-3b-v2,member,https://www.wfmz.com/news/pr_newswire/pr_newswire_health/lupus-research-alliance-awards-2022-lupus-insight-prize-to-immunologist-dr-akiko-iwasaki/article_c64a34cb-178b-5b63-b72c-8fa94545280a.html,-1.6650127991646757
ref-stablelm-base-alpha-3b-v2,member,https://www.mrt.com/sports/article/Gore-hired-to-be-player-advisor-to-PGA-Tour-17385834.php,-2.083386625096062
ref-stablelm-base-alpha-3b-v2,member,https://www.ktre.com/prnewswire/2022/07/19/tennessee-titans-nissan-stadium-zippin-launch-five-checkout-free-stores-time-pre-season/,-1.5131456284193967
ref-stablelm-base-alpha-3b-v2,member,https://www.wymt.com/prnewswire/2022/08/11/choice-hotels-international-completes-acquisition-radisson-hotels-americas/,-1.094947795583983
ref-stablelm-base-alpha-3b-v2,member,https://www.clickorlando.com/news/politics/2022/07/16/ocasio-cortez-navigates-the-expectations-that-come-with-fame/,-2.020996692699561
ref-stablelm-base-alpha-3b-v2,member,https://www.kttc.com/2022/06/13/many-baby-formula-plants-werent-inspected-because-covid/,-2.1225663524402303
ref-stablelm-base-alpha-3b-v2,member,https://www.kmvt.com/prnewswire/2022/05/23/corry-pennsylvania-becomes-first-certified-blue-zones-community-northeast/,-2.146450745384531
ref-stablelm-base-alpha-3b-v2,member,https://www.wlbt.com/prnewswire/2022/09/01/w-foundations-1st-conference-global-climate-action-fund-gcaf-net-zero-concludes-successfully/,-1.9994251075975638
ref-stablelm-base-alpha-3b-v2,member,https://kion546.com/news/ap-california/2022/07/10/orioles-beat-skidding-angels-9-5-for-8th-straight-win-2/,-1.578234860328815
ref-stablelm-base-alpha-3b-v2,member,https://www.kmvt.com/prnewswire/2022/07/13/algonquin-power-amp-utilities-corp-announces-dates-second-quarter-2022-financial-results-conference-call/,-1.264493195627615
ref-stablelm-base-alpha-3b-v2,member,https://www.eonline.com/ca/news/1338581/lili-reinhart-s-look-both-ways-explores-two-very-different-paths-in-life?cmpid=rss-000000-rssfeed-365-topstories&utm_source=eonline&utm_medium=rssfeeds&utm_campaign=rss_topstories,0.26128649379629154
ref-stablelm-base-alpha-3b-v2,member,https://www.wptv.com/news/education/school-district-of-palm-beach-county-faces-scrutiny-in-grand-jury-report-on-school-safety,0.3471535148907625
ref-stablelm-base-alpha-3b-v2,member,https://www.ktre.com/prnewswire/2022/06/28/key-step-centerpoint-energys-long-term-electric-generation-transition-plan-receives-approval/,-1.7198471099801245
ref-stablelm-base-alpha-3b-v2,member,https://www.wtsp.com/article/news/local/florida-acha-medicaid-transgender-gender-affirming-care/67-83c8bbf6-3b8c-4a12-942b-63243e7f1719,0.06730347637539635
ref-stablelm-base-alpha-3b-v2,member,https://pix11.com/entertainment/ap-entertainment/spain-prosecutors-to-seek-8-year-prison-term-for-shakira/,-1.735541703407166
ref-stablelm-base-alpha-3b-v2,member,https://www.wnep.com/article/news/local/montour-county/roadways-busy-4th-of-july/523-6863e42d-b31d-4d12-98c6-5700c9081122,0.26082593678780475
ref-stablelm-base-alpha-3b-v2,member,https://www.mainepublic.org/npr-news/npr-news/2022-05-17/the-great-replacement-conspiracy-theory-isnt-fringe-anymore-its-mainstream,-2.2927500309221323
ref-stablelm-base-alpha-3b-v2,member,https://www.kfyrtv.com/prnewswire/2022/08/18/sirnaomics-doses-first-patient-phase-iii-clinical-study-rnai-therapeutic-stp705-treatment-facial-squamous-cell-skin-cancer-situ/,-0.5523606161114349
ref-stablelm-base-alpha-3b-v2,member,https://www.kens5.com/article/news/local/j-j-watt-rattlesnake-in-the-bathroom/75-1548c2bb-a2a4-4515-adfc-8c5b8b94b1a8,-0.33978961337830116
ref-stablelm-base-alpha-3b-v2,member,https://www.valleynewslive.com/2022/06/16/senate-set-enhance-benefits-vets-exposed-burn-pits/,-2.0917283969477407
ref-stablelm-base-alpha-3b-v2,member,https://www.wtva.com/weather/forecast/drier-weather-will-be-the-rule-for-our-friday/article_db127b2e-e2c9-11ec-827c-43d0025f1253.html,-0.4422717612554574
ref-stablelm-base-alpha-3b-v2,member,https://www.expressnews.com/weather/article/WA-Spokane-WA-Zone-Forecast-17267725.php,-0.48360597282779055
ref-stablelm-base-alpha-3b-v2,member,https://www.11alive.com/article/news/local/monday-night-brewing-charlotte-atlanta-beer/275-8451352d-3ae7-48bc-91ae-152ccc5e018c,-0.3004955197889103
ref-stablelm-base-alpha-3b-v2,member,https://www.cleveland19.com/2022/06/18/7-arrested-house-office-building-linked-colbert-show/,-1.8904564309233078
ref-stablelm-base-alpha-3b-v2,member,https://www.weau.com/prnewswire/2022/07/20/sapiens-announce-second-quarter-2022-financial-results-august-3rd-2022/,-1.424699083222363
ref-stablelm-base-alpha-3b-v2,member,https://www.wptv.com/news/national/most-say-nation-on-wrong-track-including-dems-ap-norc-poll,-1.880472582233338
ref-stablelm-base-alpha-3b-v2,member,https://www.kfyrtv.com/prnewswire/2022/08/08/leading-organizations-prefer-spinnaker-support-their-most-important-security-needs/,-1.9325884961434472
ref-stablelm-base-alpha-3b-v2,member,https://www.washingtonpost.com/national/yellowstone-bison-gores-colorado-man-causes-arm-injury/2022/06/29/f9c17d50-f7c2-11ec-81db-ac07a394a86b_story.html,-1.4342137079449957
ref-stablelm-base-alpha-3b-v2,member,https://www.kold.com/prnewswire/2022/07/18/818-tequila-announces-global-expansion-with-chinabev-llc-partnership/,-1.625978165510502
ref-stablelm-base-alpha-3b-v2,member,https://www.kens5.com/article/news/local/man-pinned-inside-his-jeep-after-rollover-crash-near-downtown-san-antonio-texas-accident/273-59c45fdc-5a51-41ca-9e77-7f601524bd81,-1.0834860259194845
ref-stablelm-base-alpha-3b-v2,member,https://www.sfchronicle.com/sports/49ers/article/49ers-trey-lance-jimmy-garoppolo-17365836.php,0.2495497245074203
ref-stablelm-base-alpha-3b-v2,member,https://www.wflx.com/prnewswire/2022/07/21/flagstar-bancorp-announces-quarterly-dividend-006-per-share/,-1.0620894306868327
ref-stablelm-base-alpha-3b-v2,member,https://www.binghamtonhomepage.com/news/national/workers-grapple-with-new-stresses-as-they-return-to-office/,-2.0670844451122545
ref-stablelm-base-alpha-3b-v2,member,https://www.myarklamiss.com/sports/ap-sports/castellanos-hr-after-overturned-call-phils-beat-braves-3-1/,-1.74211895015556
ref-stablelm-base-alpha-3b-v2,member,https://www.mysuncoast.com/prnewswire/2022/05/17/leopard-imaging-showcase-2d3d-solutions-based-nvidia-jetson-agx-orin-embedded-vision-summit/,-2.072872460680166
ref-stablelm-base-alpha-3b-v2,member,https://www.localsyr.com/news/international/cars-hit-tires-dumped-on-dutch-highway-amid-farmer-protests/,-2.3384162604848084
ref-stablelm-base-alpha-3b-v2,member,https://www.bostonglobe.com/2022/07/14/metro/these-four-charts-show-just-how-dry-mass-is-this-summer-so-far/,0.2972837337462395
ref-stablelm-base-alpha-3b-v2,member,https://www.wbrc.com/prnewswire/2022/08/31/mg-properties-expands-arizona-portfolio-with-107-million-multifamily-deal/,-1.8350331805828775
ref-stablelm-base-alpha-3b-v2,member,https://www.wdiy.org/npr-news/npr-news/2022-08-22/why-teachers-from-one-of-ohios-largest-school-districts-are-on-strike,-1.8155521017130136
ref-stablelm-base-alpha-3b-v2,member,https://wtmj.com/sports/2022/07/20/for-ukrainian-high-jumper-world-silver-feels-like-gold-2/,-2.1545104003312807
ref-stablelm-base-alpha-3b-v2,member,https://www.localsyr.com/news/national/himars-and-howitzers-west-helps-ukraine-with-key-weaponry/,-1.9676871127145796
ref-stablelm-base-alpha-3b-v2,member,https://www.myarklamiss.com/sports/ap-sports/edman-walkoff-homer-lifts-cards-over-reds-goldy-streak-ends/,-1.7288423697660975
ref-stablelm-base-alpha-3b-v2,member,https://wcfcourier.com/lifestyles/health-med-fit/florida-man-pleads-guilty-to-2-6m-covid-19-relief-fraud/article_19785714-1bfe-5578-b499-7a7cb917d666.html,-1.6185272281404812
ref-stablelm-base-alpha-3b-v2,member,https://www.weau.com/2022/07/11/girl-8-hit-by-flying-cell-phone-while-riding-roller-coaster/,-1.725505569259488
ref-stablelm-base-alpha-3b-v2,member,https://www.krqe.com/news/national/lawmakers-propose-bill-to-give-public-workers-second-chance-at-student-loan-relief/,-1.9140786037899475
ref-stablelm-base-alpha-3b-v2,member,https://www.wibw.com/prnewswire/2022/06/23/inns-monterey-announces-new-adventure-package-this-summer/,-1.9672583259380971
ref-stablelm-base-alpha-3b-v2,member,https://www.washingtonpost.com/business/ntsb-investigators-look-into-fatal-missouri-amtrak-accident/2022/06/28/b0b84f42-f6f2-11ec-81db-ac07a394a86b_story.html,-1.99127800459704
ref-stablelm-base-alpha-3b-v2,member,https://www.wflx.com/prnewswire/2022/09/08/tekniplex-rebrands-streamlining-corporate-identity/,-1.7884413032999815
ref-stablelm-base-alpha-3b-v2,member,https://www.wlbt.com/prnewswire/2022/08/30/drop-refines-75-mechanical-keyboard-category-with-new-sense75/,-1.8813639192965232
ref-stablelm-base-alpha-3b-v2,member,https://www.mrt.com/sports/article/Celtics-Smart-optimistic-he-ll-be-available-for-17151304.php,-1.78512759147393
ref-stablelm-base-alpha-3b-v2,member,https://www.kmvt.com/prnewswire/2022/08/30/target-als-alzheimers-drug-discovery-foundation-announce-award-recipients-biomarker-research/,-1.8164943814402252
ref-stablelm-base-alpha-3b-v2,member,https://www.wmar2news.com/news/national/russia-ukraine-conflict/leader-in-russian-backed-chechnya-warns-poland-could-be-next-ukraine,-2.010367884644854
ref-stablelm-base-alpha-3b-v2,member,https://www.wflx.com/prnewswire/2022/07/06/atlis-motor-vehicles-adds-caryn-nightengale-its-board-directors/,-1.8073714677115638
ref-stablelm-base-alpha-3b-v2,member,https://www.al.com/opinion/2022/08/top-10-alabama-vs-auburn-iron-bowl-caption-contest-winners.html,0.5184001359696322
ref-stablelm-base-alpha-3b-v2,member,https://www.wlbt.com/prnewswire/2022/06/16/fastbridge-fiber-bring-its-newly-constructed-ultra-fast-fiber-internet-pennsylvania-residents-businesses/,-1.4695154990048795
ref-stablelm-base-alpha-3b-v2,member,https://www.seattlepi.com/living/article/Pickled-jalapenos-and-vinegary-brine-boost-17296685.php,-1.5374301565409925
ref-stablelm-base-alpha-3b-v2,member,https://fox59.com/news/man-injured-in-lafayette-shooting-arrested-on-murder-charges/,0.3441329591950384
ref-stablelm-base-alpha-3b-v2,member,https://www.kswo.com/prnewswire/2022/08/23/intelichart-exhibit-2022-community-health-institute-chi-amp-expo/,-2.0127537722927347
ref-stablelm-base-alpha-3b-v2,member,https://www.seattlepi.com/sports/article/Ecclestone-arrested-in-Brazil-for-carrying-pistol-17200426.php,-1.6391956803283925
ref-stablelm-base-alpha-3b-v2,member,https://www.fox16.com/nfl/first-place-seahawks-relish-unexpected-1-0-start-to-season/,-1.7268257753112544
ref-stablelm-base-alpha-3b-v2,member,https://pix11.com/ap-international/amnesty-taliban-crackdown-on-rights-is-suffocating-women/,-1.9936619422037016
ref-stablelm-base-alpha-3b-v2,member,https://www.kswo.com/prnewswire/2022/07/14/aha-inaugurates-nonstop-flights-reno-tahoe-santa-rosa-with-free-tickets-first-100-passengers/,-1.7719001530459961
ref-stablelm-base-alpha-3b-v2,member,https://www.mrt.com/weather/article/CA-Reno-NV-Zone-Forecast-17248187.php,-0.7165309893013414
ref-stablelm-base-alpha-3b-v2,member,https://www.weau.com/prnewswire/2022/09/10/bahamas-ministry-tourism-investments-amp-aviation-brings-bahamas-fort-lauderdale-fla-first-series-tourism-focused-events/,-2.1365271823213385
ref-stablelm-base-alpha-3b-v2,member,https://phl17.com/health/ap-health/ap-louisiana-woman-denied-abortion-wants-vague-ban-clarified/,-2.056206781611279
ref-stablelm-base-alpha-3b-v2,member,https://www.wbaa.org/2022-09-04/chileans-have-rejected-a-new-progressive-constitution,-2.1421368889818693
ref-stablelm-base-alpha-3b-v2,member,https://www.eonline.com/ca/news/1339852/former-nba-player-adreian-payne-s-cause-of-death-revealed,-0.029540102250576572
ref-stablelm-base-alpha-3b-v2,member,https://www.wfmz.com/news/pr_newswire/pr_newswire_business/greenberg-traurigs-todd-basile-presents-on-attracting-investors-by-protecting-innovations-in-medical-robotics/article_d4d3f30f-8ad6-586c-9c90-a2d9e26e8aa0.html,-0.2052476496116422
ref-stablelm-base-alpha-3b-v2,member,https://www.kxnet.com/news/politics/ap-politics/us-disrupts-north-korean-hackers-that-targeted-hospitals/,-2.0132912226295585
ref-stablelm-base-alpha-3b-v2,member,https://www.cbs42.com/news/national/crump-to-represent-randy-cox-black-man-hurt-in-police-van/,-1.9646582324732296
ref-stablelm-base-alpha-3b-v2,member,https://www.wfmz.com/news/pr_newswire/pr_newswire_stocks/georgia-dermatology-center-merges-with-olansky-dermatology-aesthetics/article_781b75d3-fc1f-54ca-9897-cc6c95be912c.html,0.3735832066869742
ref-stablelm-base-alpha-3b-v2,member,https://www.mainepublic.org/npr-news/npr-news/2022-08-03/abortion-rights-shockwave-rocks-the-midterms-and-3-other-takeaways-from-primaries,-2.051824816128167
ref-stablelm-base-alpha-3b-v2,member,https://www.kmvt.com/prnewswire/2022/06/09/geneva-financial-announces-new-california-mortgage-branch-headed-by-branch-manager-brenda-hale/,-1.9212969313737687
ref-stablelm-base-alpha-3b-v2,member,https://www.ktre.com/2022/07/25/police-2-killed-5-injured-shooting-los-angeles-park/,-1.6048460342401945
ref-stablelm-base-alpha-3b-v2,member,https://www.mrt.com/sports/article/Orlando-City-visits-Austin-after-shutout-win-17188764.php,-0.8570361070557848
ref-stablelm-base-alpha-3b-v2,member,https://www.kron4.com/news/national/magic-mushrooms-could-help-heavy-drinkers-quit-study-suggests/,-1.9501726584584833
ref-stablelm-base-alpha-3b-v2,member,https://www.latimes.com/california/story/2022-06-05/80th-anniversary-battle-midway,0.48536970845266225
ref-stablelm-base-alpha-3b-v2,member,https://wgntv.com/news/international/ap-international/explainer-methanol-in-south-africa-teen-deaths-often-fatal/,-2.1202271045039893
ref-stablelm-base-alpha-3b-v2,member,https://www.kark.com/news/local-news/september-suicide-prevention-walk-scheduled-for-pine-bluff/,0.3260512416079693
ref-stablelm-base-alpha-3b-v2,member,https://www.wkyt.com/prnewswire/2022/05/31/elite-agents-around-world-gather-coldwell-banker-exclusive-three-day-global-luxury-summit/,-0.3867024252132223
ref-stablelm-base-alpha-3b-v2,member,https://www.wcjb.com/prnewswire/2022/05/31/comerica-banks-shred-day-returns-southeast-michigan-june-11/,-1.2543015119469616
ref-stablelm-base-alpha-3b-v2,member,https://www.wfmz.com/news/pr_newswire/pr_newswire_technology/acer-refreshes-travelmate-p4-travelmate-spin-p4-and-travelmate-p2-series-business-laptops/article_fd364b2e-0a61-543c-822a-22a661fb3c09.html,-1.3695951720673691
ref-stablelm-base-alpha-3b-v2,member,https://www.wmar2news.com/news/national/communities-neighborhoods-increasingly-using-private-security-to-deter-crime,-0.7348645751996694
ref-stablelm-base-alpha-3b-v2,member,https://www.wflx.com/prnewswire/2022/05/12/exro-technologies-announces-first-quarter-2022-financial-results/,-1.4931228647695571
ref-stablelm-base-alpha-3b-v2,member,https://www.wane.com/news/national-world/mercedes-recalls-1m-vehicles-due-to-brake-issue/,-1.7641510229112831
ref-stablelm-base-alpha-3b-v2,member,https://www.wjhl.com/news/local/bristol-va-business-leaders-support-public-camping-ban/,0.1642330161672665
ref-stablelm-base-alpha-3b-v2,member,https://www.ktre.com/2022/07/12/patient-charged-after-nurse-paramedic-stabbed-missouri-hospital/,-1.4810456688722724
ref-stablelm-base-alpha-3b-v2,member,https://www.ourmidland.com/entertainment/article/Rachel-Zegler-to-star-in-Hunger-Games-prequel-17209389.php,-1.9293963708045632
ref-stablelm-base-alpha-3b-v2,member,https://richmond.com/news/local/education/why-these-chesterfield-students-are-heading-back-to-class-now/article_656cb855-5459-5835-a8ad-db4d9ffa2e04.html,0.34094287639157583
ref-stablelm-base-alpha-3b-v2,member,https://www.sfchronicle.com/sports/article/Watson-helps-Washington-State-beat-No-19-17432999.php,-0.8767801763900263
ref-stablelm-base-alpha-3b-v2,member,https://www.ourmidland.com/news/article/New-blow-Algeria-ends-2-decade-friendship-treaty-17228132.php,-1.990622944576629
ref-stablelm-base-alpha-3b-v2,member,https://www.kfyrtv.com/prnewswire/2022/09/01/nasa-noaa-invite-media-polar-orbiting-weather-satellite-launch/,-1.4107950894715122
ref-stablelm-base-alpha-3b-v2,member,https://www.kswo.com/prnewswire/2022/07/18/virgo-pr-expands-israel-pr-division/,-2.149049069188994
ref-stablelm-base-alpha-3b-v2,member,https://www.news-journalonline.com/story/sports/high-school/baseball/2022/06/02/kyle-marsh-signs-new-flagler-palm-coast-head-baseball-coach/7472545001/,0.2903482025067028
ref-stablelm-base-alpha-3b-v2,member,https://www.mrt.com/news/article/Leahy-discharged-from-rehab-center-following-hip-17338601.php,-1.5826444082681883
ref-stablelm-base-alpha-3b-v2,member,https://www.kivitv.com/news/national/microtransit-can-help-fill-transportation-gaps-in-cities-across-the-us,-2.2223527198879736
ref-stablelm-base-alpha-3b-v2,member,https://www.wbay.com/prnewswire/2022/06/01/pmb-announces-eit-health-supported-flashknife-consortium-towards-clinical-application-flash-radiation-therapy/,-1.7207176330941278
ref-stablelm-base-alpha-3b-v2,member,https://www.valleynewslive.com/prnewswire/2022/08/09/pangaea-logistics-solutions-ltd-reports-record-financial-results-quarter-ended-june-30-2022/,-1.5337717477781647
ref-stablelm-base-alpha-3b-v2,member,https://www.1011now.com/prnewswire/2022/08/04/ati-announces-second-quarter-2022-results/,-1.6371375039153868
ref-stablelm-base-alpha-3b-v2,member,https://www.wdtn.com/sports/ap-sports/fury-to-walk-away-from-boxing-after-short-lived-comeback/,-1.709134052124329
ref-stablelm-base-alpha-3b-v2,member,https://www.1011now.com/prnewswire/2022/07/20/willingboro-municipal-utilities-authoritys-infrastructure-esip-earns-top-project-year-energy-environment-leader/,-2.364293659973115
ref-stablelm-base-alpha-3b-v2,member,https://www.kenoshanews.com/darcy/article_0430726e-c0e4-5887-9410-08569517556d.html,-0.5945154987874242
ref-stablelm-base-alpha-3b-v2,member,https://www.inquirer.com/health/opioid-addiction/philadelphia-addiction-deaths-tyreek-lewis-20220903.html,0.44860854278428564
ref-stablelm-base-alpha-3b-v2,member,https://www.wlbt.com/2022/06/15/fauci-tests-positive-covid-19/,-1.1059145617706905
ref-stablelm-base-alpha-3b-v2,member,https://www.eonline.com/news/1340566/fboy-island-boss-breaks-down-that-shocking-season-2-finale-twist,0.29191365239715106
ref-stablelm-base-alpha-3b-v2,member,https://www.kwch.com/prnewswire/2022/08/26/zim-updates-withholding-tax-procedures-september-2022-cash-dividend/,-1.4998514207951255
ref-stablelm-base-alpha-3b-v2,member,https://www.wcjb.com/prnewswire/2022/09/15/ifbta-brings-food-beverage-professionals-together-with-new-programs/,-1.9723084103507496
ref-stablelm-base-alpha-3b-v2,member,https://www.twincities.com/2022/08/05/explainer-how-do-we-know-when-a-recession-has-begun-2/,-1.9579920421577621
ref-stablelm-base-alpha-3b-v2,member,https://www.wafb.com/prnewswire/2022/09/05/prospection-partners-with-leading-japanese-healthcare-data-provider-medical-data-vision-improve-treatment-access-patients/,-1.4750402201336088
ref-stablelm-base-alpha-3b-v2,member,https://www.fox29.com/news/video-attempted-child-kidnapping-hamilton-ohio-deric-mcpherson,-0.5196896340695609
ref-stablelm-base-alpha-3b-v2,member,https://www.kfyrtv.com/prnewswire/2022/06/21/email-threats-spike-101-remains-top-attack-vector/,-1.9872725728854963
ref-stablelm-base-alpha-3b-v2,member,https://www.trentonian.com/2022/07/06/pirates-spoil-taillons-return-beat-mlb-best-yankees/,-1.8109389602571024
ref-stablelm-base-alpha-3b-v2,member,https://www.tacomadailyindex.com/blog/no-21-4-00506-41-notice-to-creditors/2456238/,-0.6058163944219097
ref-stablelm-base-alpha-3b-v2,member,https://www.mrt.com/news/article/Beshear-denounces-near-total-abortion-ban-as-17277773.php,-1.897914602611753
ref-stablelm-base-alpha-3b-v2,member,https://www.dakotanewsnow.com/prnewswire/2022/05/18/dryden-street-school-westbury-new-york-wins-2022-colgate-bright-smiles-kids-awards-grand-prize/,-1.9867949038655055
ref-stablelm-base-alpha-3b-v2,member,https://www.iowapublicradio.org/news-from-npr/news-from-npr/2022-08-12/deshaun-watson-will-be-suspended-for-11-games-after-allegations-of-sexual-misconduct,-1.850156003122285
ref-stablelm-base-alpha-3b-v2,member,https://www.weau.com/prnewswire/2022/07/20/sony-semiconductor-solutions-release-industrys-first1-cmos-image-sensor-security-cameras-that-simultaneously-delivers-full-pixel-output-captured-images-high-speed-output-regions-interest/,-2.0881100194326354
ref-stablelm-base-alpha-3b-v2,member,https://www.abcactionnews.com/news/national/jackson-mississippis-water-crisis-coming-to-an-end-nearly-a-week-later,-1.660350860679067
ref-stablelm-base-alpha-3b-v2,member,https://www.wflx.com/prnewswire/2022/05/24/knauf-insulation-earns-first-asthma-amp-allergy-friendly-certification-fiberglass-acoustic-panel/,-1.2939205015626118
ref-stablelm-base-alpha-3b-v2,member,https://www.kait8.com/2022/07/12/dry-weather-leads-farmer-struggles/,0.04764555274171833
ref-stablelm-base-alpha-3b-v2,member,https://www.wymt.com/prnewswire/2022/09/07/health-net-providing-special-assistance-members-affected-by-wildfires/,-1.8502907085302622
ref-stablelm-base-alpha-3b-v2,member,https://www.fox29.com/news/video-mugger-beats-victim-with-pistol-in-queens-nypd,0.04622224127982255
ref-stablelm-base-alpha-3b-v2,member,https://www.wbrc.com/2022/07/18/florida-high-school-shooters-penalty-trial-set-begin/,-2.050650408154721
ref-stablelm-base-alpha-3b-v2,member,https://www.1011now.com/prnewswire/2022/07/01/meta-announce-second-quarter-2022-results/,-1.4280942773640752
ref-stablelm-base-alpha-3b-v2,member,https://www.wweek.com/outdoors/2022/08/23/viento-state-park-is-closed-for-upgrades-that-will-help-complete-the-historic-columbia-river-highway-state-trail/,0.5538064926296644
ref-stablelm-base-alpha-3b-v2,member,https://www.valleynewslive.com/2022/04/20/father-facing-cruelty-charges-after-leaving-child-car-6-hours-police-say/,-1.6131141702010452
ref-stablelm-base-alpha-3b-v2,member,https://www.kttc.com/2022/07/18/elgin-man-shows-off-his-jersey-vinyl-collection/,0.20198362360244415
ref-stablelm-base-alpha-3b-v2,member,https://www.weau.com/prnewswire/2022/06/13/oracle-announces-fiscal-2022-fourth-quarter-fiscal-full-year-financial-results/,-1.5633056968192427
ref-stablelm-base-alpha-3b-v2,member,https://www.krqe.com/reviews/br/home-br/decor-br/best-coir-doormat/,-1.8958453062863987
ref-stablelm-base-alpha-3b-v2,member,https://www.kbtx.com/prnewswire/2022/07/21/lordstown-motors-announces-timing-second-quarter-2022-financial-results-webcast/,-1.789160077184834
ref-stablelm-base-alpha-3b-v2,member,https://www.wbay.com/prnewswire/2022/06/10/hmh-digital-first-connected-solution-writable-with-hmh-into-literature-wins-siia-codie-awards/,-1.9468748687503465
ref-stablelm-base-alpha-3b-v2,member,https://www.wkyt.com/prnewswire/2022/08/02/california-schools-have-started-submitting-finalized-purchase-orders-airbox-certified-hepa-air-purification-units-provided-by-box-pure-air-part-california-department-education-arp-eans-ii-grant/,-1.9040884061395842
ref-stablelm-base-alpha-3b-v2,member,https://www.krqe.com/sports/mlb-baseball/blue-jays-ride-manoahs-arm-more-than-their-bats-beat-bosox/,-1.3456992204999978
ref-stablelm-base-alpha-3b-v2,member,https://www.sfgate.com/sports/article/Kim-s-double-clears-bases-Padres-finish-sweep-of-17134528.php,-1.3610770367217175
ref-stablelm-base-alpha-3b-v2,member,https://kion546.com/sports/ap-national-sports/2022/08/24/49ers-hoping-qb-trey-lance-helps-them-take-next-step-2/,-0.9028265823741586
ref-stablelm-base-alpha-3b-v2,member,https://www.wnem.com/2022/06/09/potential-intruder-confronted-outside-elementary-school-alabama-superintendent-says/,-1.5153896093503896
ref-stablelm-base-alpha-3b-v2,member,https://www.wmar2news.com/eye-cream-dark-circles-less-than-20-amazon,0.08717223838107313
ref-stablelm-base-alpha-3b-v2,member,https://www.wflx.com/prnewswire/2022/08/04/desert-mountain-energy-has-significant-shows-helium-gunnar-dome-wildcat-well/,-1.9341995959886633
ref-stablelm-base-alpha-3b-v2,member,https://www.wsaz.com/prnewswire/2022/06/14/lexus-x-100-thieves-customized-vehicle-features-first-design-generated-by-championship-gameplay/,-1.6699727470099743
ref-stablelm-base-alpha-3b-v2,member,https://www.kswo.com/prnewswire/2022/06/30/bulletin-annual-general-meeting-hansa-biopharma-ab-publ/,-1.368444782750477
ref-stablelm-base-alpha-3b-v2,member,https://www.kmvt.com/prnewswire/2022/06/22/three-quarters-employees-say-racial-equity-policies-are-not-genuine/,-1.5485202900566695
ref-stablelm-base-alpha-3b-v2,member,https://www.kxnet.com/news/business-beat/ap-business/uk-inflation-rate-hits-new-40-year-high-of-9-1/,-1.9365128382863466
ref-stablelm-base-alpha-3b-v2,member,https://www.kwch.com/prnewswire/2022/09/12/beliveai-drive-your-store-with-ai/,-2.2971738728485174
ref-stablelm-base-alpha-3b-v2,member,https://www.wfmz.com/news/pr_newswire/pr_newswire_stocks/sports-and-entertainment-leader-rita-mort-joins-phit-america-board/article_4e00cd89-62f7-570e-9741-597239200680.html,-1.5479168441063766
ref-stablelm-base-alpha-3b-v2,member,https://www.kait8.com/prnewswire/2022/06/13/russell-reynolds-associates-appoints-gretchen-anderson-lead-its-global-culture-offering-clients-worldwide/,-1.9692067740688137
ref-stablelm-base-alpha-3b-v2,member,https://www.foxnews.com/politics/pennsylvania-manufacturing-workers-blast-bidens-student-loan-handout,0.0840041268082432
ref-stablelm-base-alpha-3b-v2,member,https://kion546.com/politics/cnn-us-politics/2022/08/04/biden-administration-plans-to-declare-the-monkeypox-outbreak-a-public-health-emergency-2/,-1.4240696070116963
ref-stablelm-base-alpha-3b-v2,member,https://phl17.com/reviews/br/health-wellness-br/incontinence-br/bedpan-vs-fracture-pan/,-1.4175796860126433
ref-stablelm-base-alpha-3b-v2,member,https://pix11.com/reviews/br/home-br/decor-br/best-black-and-white-throw-blanket/,-1.6494927067882361
ref-stablelm-base-alpha-3b-v2,member,https://www.albanyherald.com/news/more-than-40-of-earths-land-surface-must-be-conserved-to-stop-the-biodiversity-crisis/article_3a846035-fce1-5c2e-8f7e-e66d5548692b.html,-0.19397589672011817
ref-stablelm-base-alpha-3b-v2,member,https://www.seattlepi.com/news/article/Free-Staters-roil-New-Hampshire-politics-in-ski-17403213.php,-2.063057882619771
ref-stablelm-base-alpha-3b-v2,member,https://www.wearegreenbay.com/entertainment/ap-entertainment/carrie-underwood-amps-up-her-wattage-with-new-album-tour/,-2.277197103334317
ref-stablelm-base-alpha-3b-v2,member,https://www.cleveland19.com/prnewswire/2022/06/15/shiftmeds-nurses-choice-awards-celebrate-exceptional-healthcare-facilities/,-1.8211054707601508
ref-stablelm-base-alpha-3b-v2,member,https://www.fox43.com/article/news/nation-world/leon-vitali-stanley-kubrick-right-hand-man-dies/507-b9fc40ce-4487-45ce-b010-584d08bf3119,-2.0302292828959363
ref-stablelm-base-alpha-3b-v2,member,https://www.knau.org/npr-news/npr-news/2022-07-23/rights-groups-are-urging-sri-lanka-not-to-use-force-against-protesters,-1.8289481605728646
ref-stablelm-base-alpha-3b-v2,member,https://www.1011now.com/prnewswire/2022/06/27/varian-receives-investigational-device-exemption-ide-flash-technology-clinical-trial-fast-02/,-1.8444155150984596
ref-stablelm-base-alpha-3b-v2,member,https://cbs4indy.com/reviews/br/sports-fitness-br/football-br/best-flag-football-set-2/,-1.8636810242545727
ref-stablelm-base-alpha-3b-v2,member,https://hot1009.com/3420097/cardi-b-and-her-family-celebrate-son-waves-birthday-in-matching-custom-denim-outfits/,-0.35823301855358247
ref-stablelm-base-alpha-3b-v2,member,https://www.jacksonsun.com/story/news/2022/05/16/jackson-rotary-clubs-donate-socks-shoes-east-southside-denmark-elementary/9789900002/,0.26899777429024274
ref-stablelm-base-alpha-3b-v2,member,https://www.ourmidland.com/sports/article/Reynolds-homer-lifts-Pirates-to-6-4-win-over-17245092.php,-1.4014565516220474
ref-stablelm-base-alpha-3b-v2,member,https://www.wunc.org/2022-08-08/covid-sewage-surveillance-labs-join-the-hunt-for-monkeypox,-2.141756101511692
ref-stablelm-base-alpha-3b-v2,member,https://www.sfchronicle.com/news/article/Woman-sues-over-residency-requirement-for-17398741.php,-1.8642483966389027
ref-stablelm-base-alpha-3b-v2,member,https://www.wbtv.com/prnewswire/2022/08/02/jtech-introduces-virtual-service-kiosk/,-1.9262140584306588
ref-stablelm-base-alpha-3b-v2,member,https://www.seattletimes.com/nation-world/war-guilt-and-last-kisses-a-deceptive-uneasy-calm-for-kyiv/?utm_source=RSS&utm_medium=Referral&utm_campaign=RSS_world,-2.6983745567876425
ref-stablelm-base-alpha-3b-v2,member,https://www.valleynewslive.com/prnewswire/2022/05/23/woolpert-selected-by-pacific-community-spc-topo-bathy-lidar-aerial-imagery-vanuatu/,-1.8838858666548202
ref-stablelm-base-alpha-3b-v2,member,https://www.cleveland19.com/prnewswire/2022/08/23/calamu-protect-now-available-aws-marketplace/,-1.9817883751400802
ref-stablelm-base-alpha-3b-v2,member,https://www.arkansasonline.com/news/2022/jul/31/drone-explosion-hits-russias-black-sea-fleet-headquarters/,-2.0616440258627042
ref-stablelm-base-alpha-3b-v2,member,https://www.wtvr.com/eat-it-virginia/buffalo-wild-wings-richmond-august-15-2022,-0.1694797355363613
ref-stablelm-base-alpha-3b-v2,member,https://www.wafb.com/prnewswire/2022/09/01/betr-launches-worlds-first-micro-betting-app/,-1.6995586780056307
ref-stablelm-base-alpha-3b-v2,member,https://www.texomashomepage.com/news/international/ap-australia-says-its-navy-can-resume-visits-to-solomon-islands/,-1.8903259490908644
ref-stablelm-base-alpha-3b-v2,member,https://www.wbtv.com/prnewswire/2022/09/14/nikon-announces-investment-hybrid-manufacturing-technologies-global-inc/,-2.375923706315288
ref-stablelm-base-alpha-3b-v2,member,https://www.fox16.com/reviews/best-futon-bed/,-1.5949543863674223
ref-stablelm-base-alpha-3b-v2,member,https://cw33.com/sports/ap-sports/ap-trouts-hr-streak-ends-at-7-games-guardians-win-5th-in-row/,-1.7547196168638926
ref-stablelm-base-alpha-3b-v2,member,https://www.fox29.com/news/arizona-man-arrested-accused-of-praising-uvalde-texas-school-shooting-pd,-0.42733555191210093
ref-stablelm-base-alpha-3b-v2,member,https://www.eonline.com/ca/news/1337606/bachelorettes-gabby-windey-and-rachel-recchia-react-to-season-19-s-contestant-arrivals?cmpid=rss-000000-rssfeed-365-topstories&utm_source=eonline&utm_medium=rssfeeds&utm_campaign=rss_topstories,0.4207655943151316
ref-stablelm-base-alpha-3b-v2,member,https://www.sfgate.com/news/article/SpaceX-T-Mobile-attempt-to-reach-remote-areas-17399839.php,-2.1572006512284934
ref-stablelm-base-alpha-3b-v2,member,https://www.kalb.com/prnewswire/2022/06/29/congressional-medal-honor-society-announces-passing-medal-honor-recipient-hershel-woody-williams/,-1.2548868199349257
ref-stablelm-base-alpha-3b-v2,member,https://www.cleveland19.com/prnewswire/2022/06/14/aip-becomes-owner-aluminium-duffel/,-1.8000285675348076
ref-stablelm-base-alpha-3b-v2,member,https://www.wcjb.com/prnewswire/2022/06/21/exodus-cry-urges-congress-protect-children-online-porn-amp-sexual-exploitation-through-policy/,-2.0963709713923766
ref-stablelm-base-alpha-3b-v2,member,https://www.baltimoresun.com/sports/high-school/ac-cs-ally-keith-spalding-field-hockey-q-and-a-20220808-6ppmxpr7engr7epbtoh4rbfvmm-story.html,0.24876988505287922
ref-stablelm-base-alpha-3b-v2,member,https://www.wsaz.com/prnewswire/2022/07/25/zulily-unveils-its-third-annual-top-toy-list-2022/,-1.6063492667130264
ref-stablelm-base-alpha-3b-v2,member,https://www.mysuncoast.com/prnewswire/2022/07/12/table-trac-is-expanding-with-stillwater-gaming-by-installing-casinotrac-management-system-lucky-strike-casino/,-1.7089092074777745
ref-stablelm-base-alpha-3b-v2,member,https://www.kalb.com/prnewswire/2022/05/14/tech-brings-leaders-together-build-opportunities-womens-stem-success/,-2.004369484297862
ref-stablelm-base-alpha-3b-v2,member,https://www.weau.com/prnewswire/2022/09/15/j-ints-bio-poster-presentation-further-preclinical-data-its-novel-oral-4th-generation-egfr-tki-jin-a02-2022-european-society-medical-oncology-congress-paris-france-esmo-2022/,-1.8521534969992297
ref-stablelm-base-alpha-3b-v2,member,https://www.washingtonpost.com/business/2022/07/13/dollar-euro-parity/,0.16601516919963677
ref-stablelm-base-alpha-3b-v2,member,https://www.wvasfm.org/business/2022-07-01/india-begins-to-ban-single-use-plastics-including-cups-and-straws,-2.201866955550471
ref-stablelm-base-alpha-3b-v2,member,https://www.wbay.com/prnewswire/2022/09/12/cnx-resources-corporation-announces-tender-offer-its-7250-senior-notes-due-2027/,-0.7885238630293362
ref-stablelm-base-alpha-3b-v2,member,https://www.wfmz.com/news/pr_newswire/pr_newswire_technology/ebet-inc-to-participate-in-a-fireside-chat-at-the-17th-annual-needham-technology-media/article_2d506aad-9883-51e6-9a29-af40f2c3af6d.html,-1.20473801304496
ref-stablelm-base-alpha-3b-v2,member,https://www.mrt.com/news/article/Shanghai-s-landmark-park-revived-as-COVID-17214483.php,-2.3943546502697997
ref-stablelm-base-alpha-3b-v2,member,https://www.kbtx.com/prnewswire/2022/05/03/top-business-leadership-podcast-c-suite-intelligence-renewed-second-season/,-0.5433415677532769
ref-stablelm-base-alpha-3b-v2,member,https://www.myarklamiss.com/reviews/br/camping-outdoors-br/gear-br/best-merrell-hiking-boots/,-1.7280221951722703
ref-stablelm-base-alpha-3b-v2,member,https://www.kark.com/sports/ap-sports/ap-horschel-homa-among-6-players-added-to-presidents-cup-team/,-1.994634646480418
ref-stablelm-base-alpha-3b-v2,member,https://www.mrt.com/weather/article/WA-WFO-SPOKANE-Warnings-Watches-and-Advisories-17289621.php,-1.520639164905434
ref-stablelm-base-alpha-3b-v2,member,https://www.sfgate.com/sports/article/Pittsburgh-Chicago-Cubs-Runs-17122124.php,-0.5990976103607488
ref-stablelm-base-alpha-3b-v2,member,https://www.kens5.com/article/entertainment/san-antonio-concert-tech-port-center-modest-mouse-beach-house-music/273-a0e0d4a2-0501-47fe-8641-4416a59f40e7,-0.5754394657998154
ref-stablelm-base-alpha-3b-v2,member,https://kion546.com/news/2022/09/01/1-year-old-dies-after-accidentally-shooting-himself-in-st-louis-city-police-say/,-0.6574447732605344
ref-stablelm-base-alpha-3b-v2,member,https://www.wptv.com/news/world/cannes-film-festival-opens-with-video-address-from-volodymyr-zelenskyy,-1.9645879042305991
ref-stablelm-base-alpha-3b-v2,member,https://www.texomashomepage.com/news/political-news/biden-g-7-leaders-huddle-on-energy-inflation-ukraine-war/,-2.123183477528911
ref-stablelm-base-alpha-3b-v2,member,https://www.seattlepi.com/sports/article/AP-source-Commanders-buy-Va-land-for-possible-17192979.php,-1.6818299827832894
ref-stablelm-base-alpha-3b-v2,member,https://www.newscentermaine.com/article/news/nation-world/twitter-sues-to-force-elon-musk-to-complete-acquisition/507-fc2c393b-afda-4d53-916c-ad405daceb00,-2.4199987619712195
ref-stablelm-base-alpha-3b-v2,member,https://www.azfamily.com/2022/08/28/videos-reveal-animals-kept-awful-conditions-popular-sanctuary-activists-say/,-0.8307468717831643
ref-stablelm-base-alpha-3b-v2,member,https://www.eonline.com/news/1335960/nordstrom-4th-of-july-2022-deals-score-up-to-81-off-tory-burch-le-creuset-free-people-more,0.3622928477994798
ref-stablelm-base-alpha-3b-v2,member,https://www.wafb.com/prnewswire/2022/07/27/wix-announce-second-quarter-2022-results-august-10-2022/,-1.4255635570936378
ref-stablelm-base-alpha-3b-v2,member,https://www.1011now.com/prnewswire/2022/07/29/delic-completes-offering-debentures/,-1.2355872431361294
ref-stablelm-base-alpha-3b-v2,member,https://www.conchovalleyhomepage.com/news/national-news/anne-heche-dead-at-53-actress-removed-from-life-support-after-organs-harvested/,-1.881560500073843
ref-stablelm-base-alpha-3b-v2,member,https://www.wivb.com/reviews/br/sports-fitness-br/baseball-softball-br/best-easton-baseball-bat/,-1.6015055042777524
ref-stablelm-base-alpha-3b-v2,member,https://www.yourbasin.com/news/national-news/will-this-be-the-summer-of-student-debt-cancellation/,-2.089232132257967
ref-stablelm-base-alpha-3b-v2,member,https://www.cenlanow.com/national/dispatcher-accused-of-hanging-up-on-buffalo-supermarket-shooting-call-is-fired/,-1.8685930445513717
ref-stablelm-base-alpha-3b-v2,member,https://www.wfla.com/reviews/br/home-br/party-supplies-br/steve-martin-may-soon-retire-heres-what-you-need-to-throw-a-watch-party-and-celebrate-his-legacy/,-2.0560555917632275
ref-stablelm-base-alpha-3b-v2,member,https://www.wistv.com/2022/08/12/firefighters-rescue-lost-ram-re-home-it-their-station/,-2.06298666262742
ref-stablelm-base-alpha-3b-v2,member,https://www.wfmz.com/news/pr_newswire/pr_newswire_technology/cgtn-why-chinas-development-philosophy-can-help-promote-global-prosperity/article_2a607901-b7e4-5466-aa21-b89c8efd60b0.html,-2.1529435646431843
ref-stablelm-base-alpha-3b-v2,member,https://cbs4indy.com/sports/ap-sports/ap-blues-sign-jordan-kyrou-to-8-year-65-million-extension/,-1.6802130072061794
ref-stablelm-base-alpha-3b-v2,member,https://www.1011now.com/prnewswire/2022/08/30/shutterstock-rebrands-newsroom-splash-news/,-1.6332857483465724
ref-stablelm-base-alpha-3b-v2,member,https://www.gainesville.com/story/lifestyle/2022/08/17/12-members-dayspring-baptist-church-were-elevated-ministry-sunday/10328962002/,0.45127810657389755
ref-stablelm-base-alpha-3b-v2,member,https://www.wflx.com/prnewswire/2022/07/07/invesco-real-estate-income-trust-inc-acquires-two-self-storage-portfolios/,-1.6685237169619156
ref-stablelm-base-alpha-3b-v2,member,https://www.weau.com/prnewswire/2022/08/26/momentum-grows-around-vision-2045-campaign-cleaner-business/,-2.2410537989439607
ref-stablelm-base-alpha-3b-v2,member,https://www.sfchronicle.com/news/article/Alaska-Senate-minority-leader-doesn-t-plan-to-run-17215946.php,-2.05813294860939
ref-stablelm-base-alpha-3b-v2,member,https://www.wistv.com/prnewswire/2022/07/21/covid-19-cases-deaths-rise-mississippis-nursing-homes/,-1.5287036329109958
ref-stablelm-base-alpha-3b-v2,member,https://www.wlbt.com/prnewswire/2022/09/06/protalix-biotherapeutics-present-hc-wainwright-24th-annual-global-investment-conference/,-1.5276106195277241
ref-stablelm-base-alpha-3b-v2,member,https://www.ksn.com/news/fire-ravages-downtown-las-vegas-destroying-buildings/,-1.8423037591639737
ref-stablelm-base-alpha-3b-v2,member,https://www.wbtv.com/prnewswire/2022/07/25/kalahari-resorts-conventions-celebrates-fifth-annual-national-waterpark-day/,-1.1240635855733332
ref-stablelm-base-alpha-3b-v2,member,https://www.mysuncoast.com/prnewswire/2022/07/26/head-back-school-with-eyebuydirects-cool-classroom-styles/,-1.4761516287365786
ref-stablelm-base-alpha-3b-v2,member,https://cbs4indy.com/news/national-world/young-boy-3-men-who-tried-to-save-him-die-in-river/,-2.089366235714442
ref-stablelm-base-alpha-3b-v2,member,https://newstalk1290.com/johnny-depps-popularity-decreased-during-trial/,0.1675894224994443
ref-stablelm-base-alpha-3b-v2,member,https://www.seattlepi.com/sports/article/Steve-Stricker-out-of-Senior-PGA-with-positive-17196023.php,-1.8269495335269696
ref-stablelm-base-alpha-3b-v2,member,https://www.kfyrtv.com/prnewswire/2022/06/22/bitcoin-americas-all-female-team-makes-an-impact-btc-2022/,-2.1084925137343675
ref-stablelm-base-alpha-3b-v2,member,https://www.yourbasin.com/political/ap-declassified-report-shows-us-predictions-of-is-group-threat/,-2.0585212280403224
ref-stablelm-base-alpha-3b-v2,member,https://www.wane.com/news/business/ap-business/nevada-court-fights-raise-caution-flags-on-green-energy-push/,-2.0461491021819813
ref-stablelm-base-alpha-3b-v2,member,https://www.fayobserver.com/story/sports/college/football/2022/09/11/fayetteville-state-football-vs-wingate-methodist-football-vs-guilford/8039449001/,0.3609090081016477
ref-stablelm-base-alpha-3b-v2,member,https://www.wkyt.com/prnewswire/2022/09/06/tetra-collaborates-with-cellvera-develop-potential-oral-combination-treatment-covid-19-patients/,-1.4564530800578968
ref-stablelm-base-alpha-3b-v2,member,https://www.mlive.com/news/flint/2022/07/burton-woman-killed-in-shooting-at-mobile-home-park.html,0.07725810098054398
ref-stablelm-base-alpha-3b-v2,member,https://www.valleynewslive.com/prnewswire/2022/08/18/deloreans-gullwing-doors-return-after-40-years/,-1.8164227340658765
ref-stablelm-base-alpha-3b-v2,member,https://www.kold.com/prnewswire/2022/05/20/nsb-first-asian-american-music-group-debuts-single-you-are-my-star/,-2.1751679525666296
ref-stablelm-base-alpha-3b-v2,member,https://www.kxii.com/prnewswire/2022/06/24/bradley-adds-real-estate-partner-lauren-smyth-dallas-office/,-1.3510355586804663
ref-stablelm-base-alpha-3b-v2,member,https://fox59.com/news/ap-top-headlines/ap-woman-arrested-after-accusing-taliban-official-of-rape/,-1.9917319515996743
ref-stablelm-base-alpha-3b-v2,member,https://www.phillymag.com/be-well-philly/2022/04/06/foot-pain-shoe-tips/,0.4879921451798839
ref-stablelm-base-alpha-3b-v2,member,https://www.wlbt.com/prnewswire/2022/09/06/ovintiv-names-ralph-izzo-its-board-directors/,-1.396316386747004
ref-stablelm-base-alpha-3b-v2,member,https://www.kalb.com/prnewswire/2022/06/29/kewaunee-scientific-reports-results-fiscal-year-fourth-quarter/,-1.319016742784673
ref-stablelm-base-alpha-3b-v2,member,https://www.kfyrtv.com/prnewswire/2022/08/03/del-monte-foods-inc-acquires-kitchen-basics-build-national-retail-presence-broth-stocks/,-1.6340643793884908
ref-stablelm-base-alpha-3b-v2,member,https://www.ourmidland.com/weather/article/CA-WFO-MEDFORD-Warnings-Watches-and-Advisories-17238204.php,-1.743762557990571
ref-stablelm-base-alpha-3b-v2,member,https://www.jsonline.com/story/news/education/2022/08/30/student-loan-forgiveness-plan-may-mean-higher-tax-bill-wisconsin/7904355001/,0.22666066901653448
ref-stablelm-base-alpha-3b-v2,member,https://www.wflx.com/prnewswire/2022/05/26/sepios-hac-1-solution-verified-citrix-ready/,-1.5585807131220437
ref-stablelm-base-alpha-3b-v2,member,https://www.kbzk.com/news/montana-news/overnight-shooting-reported-in-great-falls,-0.4389357719521878
ref-stablelm-base-alpha-3b-v2,member,https://www.wymt.com/prnewswire/2022/07/18/evolves-in-depth-vacation-rental-industry-trends-summer-2022-report-examines-current-state-industry/,-1.8987264172074638
ref-stablelm-base-alpha-3b-v2,member,https://www.kait8.com/prnewswire/2022/06/21/therorna-completes-series-financing-accelerate-pipeline-development-clinical-transformation-circrna-based-platform/,-2.209973840817213
ref-stablelm-base-alpha-3b-v2,member,https://www.tauntongazette.com/story/sports/high-school/2022/05/01/weekend-high-school-scores-b-r-girls-lax-rallies-past-bishop-stang/9611890002/,0.2362544735624188
ref-stablelm-base-alpha-3b-v2,member,https://www.fayobserver.com/story/news/education/2022/05/21/fayetteville-technical-community-college-holds-graduation-may-13/9853045002/,0.2409278967352706
ref-stablelm-base-alpha-3b-v2,member,https://www.currentargus.com/story/entertainment/books/2022/05/29/photo-essay-book-look-into-human-condition-around-world/9870860002/,0.3506692010312302
ref-stablelm-base-alpha-3b-v2,member,https://www.mysuncoast.com/prnewswire/2022/06/28/synopsys-arm-strengthen-partnership-advance-next-gen-mobile-socs-arms-total-compute-solutions/,-1.7862168005949486
ref-stablelm-base-alpha-3b-v2,member,https://www.nprillinois.org/2022-08-14/trumps-name-is-not-on-the-ballot-tuesday-but-his-thumb-rests-heavily-on-the-scale,-2.2955846252489613
ref-stablelm-base-alpha-3b-v2,member,https://www.wearegreenbay.com/top-stories/ap-judge-delays-gov-kemps-testimony-in-georgia-election-probe/,-1.7612798276499348
ref-stablelm-base-alpha-3b-v2,member,https://www.abc10.com/article/news/local/elk-grove/sky-river-casino-elk-grove/103-0d21fb1a-83d3-4fe3-9913-c875b7d51917,0.15577227749294442
ref-stablelm-base-alpha-3b-v2,member,https://www.11alive.com/article/news/nation-world/brittney-griner-trial/507-4b23405a-dd92-4fcc-93e4-7a9e9460beb0,-2.0410970465593565
ref-stablelm-base-alpha-3b-v2,member,https://www.valleynewslive.com/prnewswire/2022/07/21/robb-reports-event-dream-machines-land-amp-air-makes-its-annual-return-las-vegas-celebrating-newest-machines-unique-adventures-luxury-experiences-avid-adventurer-partnership-with-resorts-world-las-vegas/,-1.990818450376096
ref-stablelm-base-alpha-3b-v2,member,https://wcfcourier.com/news/national/wall-street-falls-as-jobs-data-suggests-fed-hikes-not-over/article_b2030e18-559e-52b2-81cc-75fa7415bc06.html,-1.9626443620611957
ref-stablelm-base-alpha-3b-v2,member,https://www.mrt.com/weather/article/NY-WFO-BUFFALO-Warnings-Watches-and-Advisories-17387194.php,-1.470545206333209
ref-stablelm-base-alpha-3b-v2,member,https://www.kmvt.com/prnewswire/2022/07/21/diamond-j-properties-announces-grand-opening-land-sale-event-lakefront-community-stillwater-shores-july-30th-2022/,-1.9133377065467607
ref-stablelm-base-alpha-3b-v2,member,https://www.wlbt.com/prnewswire/2022/08/22/mainstream-renewable-power-ocean-winds-win-18-gw-scotwind-site/,-1.908690870151738
ref-stablelm-base-alpha-3b-v2,member,https://www.wbrc.com/prnewswire/2022/07/26/health-catalyst-akron-childrens-hospital-team-up-advance-population-health-efforts/,-1.5842589925035038
ref-stablelm-base-alpha-3b-v2,member,https://www.washingtonpost.com/obituaries/2022/06/08/labor-activist-charles-kernaghan-dead/,0.5936412680930818
ref-stablelm-base-alpha-3b-v2,member,https://www.wfla.com/glance-at-the-galaxy/no-viral-video-does-not-show-moon-blocking-sun-over-north-pole/,-1.9549029743096586
ref-stablelm-base-alpha-3b-v2,member,https://wausaupilotandreview.com/2022/05/14/u-s-house-panel-weighs-labor-law-amendment-to-protect-workers-from-wage-theft/,0.06765462022767532
ref-stablelm-base-alpha-3b-v2,member,https://www.valleynewslive.com/prnewswire/2022/06/30/google-cloud-announces-new-partnership-with-global-fashion-retailer/,-1.5854283156431221
ref-stablelm-base-alpha-3b-v2,member,https://www.dakotanewsnow.com/prnewswire/2022/06/21/davids-bridal-launches-semi-annual-sale-a-bration-with-unprecedented-deals-limited-time/,-1.8601334753121717
ref-stablelm-base-alpha-3b-v2,member,https://www.wfmz.com/news/pr_newswire/pr_newswire_stocks/ivf-flordas-marcelo-j-barrionuevo-m-d-invited-as-keynote-speaker-at-the-south-florida/article_aadeb719-351e-5503-808b-f95816ca4a88.html,0.4560358652926293
ref-stablelm-base-alpha-3b-v2,member,https://www.kark.com/news/national-news/brain-eating-amoeba-causes-rare-infection-in-missouri-patient-first-in-35-years/,-1.3396686344855195
ref-stablelm-base-alpha-3b-v2,member,https://lptv.org/shop-owner-turned-mayor-of-emily-gets-sidewalks-fixed-along-highway-6/,0.34179156227830454
ref-stablelm-base-alpha-3b-v2,member,https://www.newschannel6now.com/2022/08/26/scammers-take-money-grieving-mother-burying-son-im-sitting-here-crying/,-1.7656425250270322
ref-stablelm-base-alpha-3b-v2,member,https://www.valleynewslive.com/prnewswire/2022/05/30/qyou-media-reports-year-over-year-revenue-increase-208k-q1-2021-52-million-q1-2022-representing-highest-q1-revenue-mark-company-history/,-1.550062220740704
ref-stablelm-base-alpha-3b-v2,member,https://www.texomashomepage.com/news/business/ap-russian-top-oil-executive-dies-reports-suggest-suicide/,-1.754732601304325
ref-stablelm-base-alpha-3b-v2,member,https://www.postregister.com/postregister/high-school-golf-boys-all-area-player-of-the-year-is-ashton-mcarthur-madison/article_a3e93c2a-2326-5556-8e10-27d0df4014c3.html,0.46532908838636944
ref-stablelm-base-alpha-3b-v2,member,https://www.wsaz.com/prnewswire/2022/07/26/aacc-announces-2022-corporate-supporter-award-recipients-thanks-organizations-their-invaluable-support/,-1.4857955134329588
ref-stablelm-base-alpha-3b-v2,member,https://www.kbtx.com/prnewswire/2022/09/07/woodinville-moscatel-finished-straight-bourbon-whiskey-national-release/,-2.0425943814429264
ref-stablelm-base-alpha-3b-v2,member,https://www.wflx.com/2022/08/16/new-scottish-law-makes-menstrual-products-free-all/,-1.6817655738208774
ref-stablelm-base-alpha-3b-v2,member,https://www.kron4.com/sports/ap-sports/boylen-set-to-lead-usa-basketball-into-world-cup-qualifiers/,-2.187992559814153
ref-stablelm-base-alpha-3b-v2,member,https://www.wowktv.com/news/u-s-world/native-childrens-remains-to-be-moved-from-army-cemetery/,-2.0353250433398
ref-stablelm-base-alpha-3b-v2,member,https://www.sfgate.com/news/article/First-formula-flights-from-Europe-to-arrive-this-17188524.php,-2.235410139654057
ref-stablelm-base-alpha-3b-v2,member,https://www.kold.com/prnewswire/2022/09/17/late-breaking-data-show-breadth-abbotts-minimally-invasive-structural-heart-technologies/,-1.7219328928148399
ref-stablelm-base-alpha-3b-v2,member,https://www.wflx.com/prnewswire/2022/06/15/announcing-exciting-staff-developments-our-best-life-companies/,-1.476441343297841
ref-stablelm-base-alpha-3b-v2,member,https://www.wivb.com/news/defenders-inside-ukrainian-steel-mill-refuse-to-surrender/,-2.040681649546115
ref-stablelm-base-alpha-3b-v2,member,https://www.krgv.com/news/steve-bannon-surrenders-in-ny-court-in-wall-donor-case,-1.9646155921790305
ref-stablelm-base-alpha-3b-v2,member,https://www.wruf.com/headlines/2022/09/06/nl-wild-card-update/,0.3727774212358135
ref-stablelm-base-alpha-3b-v2,member,https://www.koat.com/article/ben-and-jerrys-sues-parent-company-to-block-sale-of-israeli-business/40527099,-1.5961192701390887
ref-stablelm-base-alpha-3b-v2,member,https://www.kait8.com/prnewswire/2022/09/13/koninklijke-kpn-nv-announces-any-all-debt-tender-offer/,-1.3125576571409159
ref-stablelm-base-alpha-3b-v2,member,https://www.krqe.com/news/national/man-fatally-shoots-himself-after-crashing-into-capitol-barricade-authorities-say/,-1.6512812439368962
ref-stablelm-base-alpha-3b-v2,member,https://www.sfgate.com/weather/article/CA-WFO-MEDFORD-Warnings-Watches-and-Advisories-17381182.php,-1.8363688017522242
ref-stablelm-base-alpha-3b-v2,member,https://www.myarklamiss.com/news/business/ap-business/von-der-leyen-eu-wants-north-macedonia/,-2.1881049481354524
ref-stablelm-base-alpha-3b-v2,member,https://www.mysuncoast.com/prnewswire/2022/06/16/ambees-pollen-dataset-tracks-pollen-avoid-seasonal-allergies-like-never-before/,-2.0671342087295637
ref-stablelm-base-alpha-3b-v2,member,https://www.sfchronicle.com/news/article/Limits-on-early-abortion-drive-more-women-to-get-17214098.php,-1.959991760933277
ref-stablelm-base-alpha-3b-v2,member,https://www.theadvocate.com/baton_rouge/entertainment_life/article_caf8de38-f96f-11ec-b4a4-67cf6adebc20.html,0.2653790873418571
ref-stablelm-base-alpha-3b-v2,member,https://www.wibw.com/2022/06/30/supreme-court-rejects-covid-19-shot-mandate-case-new-york/,-1.564210923951292
ref-stablelm-base-alpha-3b-v2,member,https://www.cleveland19.com/2022/07/14/cleveland-clinic-offers-clinics-dedicated-contraceptive-options/,0.06732630869878276
ref-stablelm-base-alpha-3b-v2,member,https://wtmj.com/national/2022/05/24/ukraines-president-accuses-russia-of-waging-total-war/,-1.8222819764752303
ref-stablelm-base-alpha-3b-v2,member,https://www.heraldtimesonline.com/story/sports/high-school/softball/2022/05/11/bloomington-south-softball-wins-first-ever-conference-indiana-title/9644347002/,0.35657285439686026
ref-stablelm-base-alpha-3b-v2,member,https://www.washingtonpost.com/transportation/2022/07/29/dc-right-red-idaho-stop/,0.4670147804178959
ref-stablelm-base-alpha-3b-v2,member,https://kion546.com/news/national-world/cnn-europe-mideast-africa/2022/09/08/as-ukraine-pushes-southern-offensive-it-also-hits-russia-in-the-northeast-2/,-0.5347865599795354
ref-stablelm-base-alpha-3b-v2,member,https://www.kbia.org/2022-06-22/inside-the-marathon-zoom-call-where-amazon-seeks-to-overturn-historic-union-victory,-1.9910298662341612
ref-stablelm-base-alpha-3b-v2,member,https://www.weau.com/prnewswire/2022/08/18/case-report-long-term-complete-response-hepatocellular-carcinoma-carsgens-gpc3-car-t-cells-ct011-published-frontiers-immunology/,-0.07176884389738958
ref-stablelm-base-alpha-3b-v2,member,https://www.seattlepi.com/news/article/Tropical-Storm-Fiona-bringing-heavy-rains-to-17446015.php,-1.7719095750515859
ref-stablelm-base-alpha-3b-v2,member,https://www.texomashomepage.com/news/crime/crime-crime/scotland-park-murder-suspect-calls-police-on-himself-affidavit-reveals/,0.1252910130508338
ref-stablelm-base-alpha-3b-v2,member,https://www.cbs42.com/news/politics/ap-politics/biden-to-call-for-3-month-suspension-of-gas-and-diesel-taxes/,-2.1145086714105177
ref-stablelm-base-alpha-3b-v2,member,https://wtmj.com/sports/2022/08/01/ap-source-brewers-close-to-sending-all-star-hader-to-padres-3/,-1.2899266917263106
ref-stablelm-base-alpha-3b-v2,member,https://www.kxii.com/prnewswire/2022/07/07/gfl-environmental-inc-announces-quarterly-dividend/,-1.1746895320544537
ref-stablelm-base-alpha-3b-v2,member,https://www.wkyt.com/prnewswire/2022/06/14/matchbook-advances-trusted-data-business-intelligence-with-snowflake-partnership/,-2.050200538093635
ref-stablelm-base-alpha-3b-v2,member,https://www.kfyrtv.com/prnewswire/2022/05/31/melio-launches-international-payments-over-70-countries/,-0.96620490115087
ref-stablelm-base-alpha-3b-v2,member,https://www.wgal.com/article/person-struck-by-vehicle-lancaster-county/40211986,-0.047592865882581936
ref-stablelm-base-alpha-3b-v2,member,https://www.wagmtv.com/prnewswire/2022/06/15/direxion-appoints-laura-morrison-chief-revenue-officer/,-1.5097933337095197
ref-stablelm-base-alpha-3b-v2,member,https://www.djournal.com/benton-tippah-track-stars-bring-home-13-medals-from-state-meets/article_b8aac067-5afd-5656-b408-2fde60a15c1b.html,0.34776826265159055
ref-stablelm-base-alpha-3b-v2,member,https://www.kxnet.com/news/inflation-expenses-rise-sharply-as-priorities-for-americans-poll-finds/,-2.098400804638082
ref-stablelm-base-alpha-3b-v2,member,https://www.seattlepi.com/weather/article/TX-WFO-SAN-ANGELO-Warnings-Watches-and-17180196.php,-1.2414068004665504
ref-stablelm-base-alpha-3b-v2,member,https://www.wbrc.com/prnewswire/2022/06/30/genyouth-appoints-ann-marie-krautheim-ma-rd-ld-chief-executive-officer/,-1.8795371862176298
ref-stablelm-base-alpha-3b-v2,member,https://www.pahomepage.com/news/business/ap-business/ap-eu-recommends-suspending-billions-in-funding-to-hungary/,-2.195203366628477
ref-stablelm-base-alpha-3b-v2,member,https://www.ktre.com/prnewswire/2022/05/31/nickel-creek-platinum-announces-results-2022-annual-general-special-meeting/,-1.6575455996001878
ref-stablelm-base-alpha-3b-v2,member,https://www.wlbt.com/prnewswire/2022/08/01/polarityte-report-q2-2022-financial-results-august-11-2022/,-1.263504421328129
ref-stablelm-base-alpha-3b-v2,member,https://www.mrt.com/weather/article/CA-WFO-PHOENIX-Warnings-Watches-and-Advisories-17259474.php,-1.5553300280121178
ref-stablelm-base-alpha-3b-v2,member,https://www.wymt.com/2022/05/15/bowling-green-birth-professional-creates-way-moms-get-formula-they-need-amid-nationwide-shortage/,0.19350497854548454
ref-stablelm-base-alpha-3b-v2,member,https://www.yourcentralvalley.com/news/fire-hydrant-theft-caught-on-video/,-2.0531613343082866
ref-stablelm-base-alpha-3b-v2,member,https://www.kvue.com/article/news/crime/police-raid-elected-official-home-in-las-vegas-review-journal-reporter-death/507-3832f159-f8c5-4f3b-9d01-d0a4c15959ed,-2.126267053789424
ref-stablelm-base-alpha-3b-v2,member,https://www.wkyt.com/prnewswire/2022/08/02/real-good-foods-announces-launch-high-protein-low-carb-grain-free-nutritious-chicken-nuggets-amp-strips/,-1.9147851949254755
ref-stablelm-base-alpha-3b-v2,member,https://www.gjsentinel.com/opinion/letters/emailed-letters-aug-11-2022/article_7a57d9bc-18f9-11ed-b22d-b3ed1572fbeb.html,0.31975984415370906
ref-stablelm-base-alpha-3b-v2,member,https://www.kmvt.com/prnewswire/2022/07/06/by-training-underrepresented-groups-inventors-patent-academy-aims-foster-more-diverse-inventor-pipeline/,-1.93252147095586
ref-stablelm-base-alpha-3b-v2,member,https://www.wfla.com/reviews/bose-vs-samsung-earbuds/,-1.6715192819897466
ref-stablelm-base-alpha-3b-v2,member,https://www.sfgate.com/sports/article/Silver-confident-that-the-NBA-s-take-foul-policy-17218843.php,-2.2616542388660474
ref-stablelm-base-alpha-3b-v2,member,https://www.wcbi.com/hot-start-to-the-week-higher-rain-chances-arrive-mid-week/,0.2325246898363127
ref-stablelm-base-alpha-3b-v2,member,https://www.ktre.com/prnewswire/2022/06/01/ecopetrol-publishes-measures-guarantee-adequate-representation-its-shareholders-extraordinary-general-shareholders-meeting-be-held-june-17-2022/,-1.9171084543629033
ref-stablelm-base-alpha-3b-v2,member,https://www.foxnews.com/media/the-view-hosts-praise-bidens-anti-maga-republican-language-how-is-that-divisive,0.08570453325086591
ref-stablelm-base-alpha-3b-v2,member,https://www.valleynewslive.com/prnewswire/2022/06/16/fathers-day-alibi-just-time-forgetful-americans/,-0.8163099030671828
ref-stablelm-base-alpha-3b-v2,member,https://www.sfgate.com/news/article/Democrat-Haugen-drops-from-ND-House-race-after-17421844.php,-1.7148297704468183
ref-stablelm-base-alpha-3b-v2,member,https://www.wnem.com/2022/04/22/oldest-texas-death-row-inmate-executed-officers-death/,-2.0217335844814235
ref-stablelm-base-alpha-3b-v2,member,https://www.kalb.com/prnewswire/2022/08/05/transmedics-announces-upsize-pricing-public-offering-common-stock/,-0.7862716989868412
ref-stablelm-base-alpha-3b-v2,member,https://www.wymt.com/prnewswire/2022/07/20/marquette-national-corporation-declares-dividend-028-per-share/,-1.3693977566330173
ref-stablelm-base-alpha-3b-v2,member,https://www.wvtm13.com/article/rare-portrait-francis-bacon-million-at-auction/40304078,-0.5498000301394568
ref-stablelm-base-alpha-3b-v2,member,https://www.washingtonpost.com/sports/2022/06/09/north-carolina-track-duane-ross/,0.3876955319035442
ref-stablelm-base-alpha-3b-v2,member,https://www.mrt.com/sports/article/Rutgers-hires-Nikki-McCray-Penson-as-assistant-17271627.php,-1.4428846285311048
ref-stablelm-base-alpha-3b-v2,member,https://www.eonline.com/ca/news/1331737/congresswoman-alexandria-ocasio-cortez-is-engaged-to-riley-roberts,0.10445447592645829
ref-stablelm-base-alpha-3b-v2,member,https://www.wearegreenbay.com/news/local-news/winnebago-county-district-attorney-issues-statement-regarding-boat-crash-being-forwarded-to-doj/,-0.03670305659454254
ref-stablelm-base-alpha-3b-v2,member,https://wgntv.com/news/nexstar-media-wire/nfl-star-sporting-goods-company-help-12-year-old-struggling-to-find-extra-large-helmet/,-2.016793246051705
ref-stablelm-base-alpha-3b-v2,member,https://www.wflx.com/prnewswire/2022/07/12/edgecortix-collaborates-with-renesas-deliver-enhanced-feature-rich-compiler-renesas-drp-ai-ai-accelerator/,-2.2330007005213557
ref-stablelm-base-alpha-3b-v2,member,https://www.seattletimes.com/sports/seahawks/virginia-general-assembly-tabling-commanders-stadium-bill/?utm_source=RSS&utm_medium=Referral&utm_campaign=RSS_all,-2.1524641339223938
ref-stablelm-base-alpha-3b-v2,member,https://www.kswo.com/prnewswire/2022/06/09/sentinel-u-introduces-align-community-health-course-digital-teaching-resources/,-2.1468403186650717
ref-stablelm-base-alpha-3b-v2,member,https://www.cbs42.com/weather/hot-fewer-storms-today-and-friday/,-0.06031215496030784
ref-stablelm-base-alpha-3b-v2,member,https://www.texomashomepage.com/news/business/several-factors-are-converging-to-push-gas-prices-higher/,-1.989477064839545
ref-stablelm-base-alpha-3b-v2,member,https://www.seattlepi.com/weather/article/CT-WFO-NEW-YORK-CITY-Warnings-Watches-and-17320074.php,-1.2563594505436917
ref-stablelm-base-alpha-3b-v2,member,https://www.seattletimes.com/sports/raikkonen-to-drive-cup-race-at-watkins-glen-for-trackhouse/?utm_source=RSS&utm_medium=Referral&utm_campaign=RSS_all,-1.529351622320597
ref-stablelm-base-alpha-3b-v2,member,https://www.wfla.com/news/national/holiday-travel-chaos-airlines-brace-for-huge-weekend-crowds/,-2.1717300691855677
ref-stablelm-base-alpha-3b-v2,member,https://www.mlive.com/news/jackson/2022/08/incumbent-commissioners-win-in-jackson-county-primary.html,0.17931420192005332
ref-stablelm-base-alpha-3b-v2,member,https://fox59.com/reviews/br/electronics-br/laptop-computers-br/hp-chromebook-vs-samsung-chromebook/,-1.556256475490786
ref-stablelm-base-alpha-3b-v2,member,https://www.kark.com/news/education/some-pcssd-students-forced-to-move-campuses-district-says-some-classes-are-too-full/,0.2524151039549367
ref-stablelm-base-alpha-3b-v2,member,https://www.kxnet.com/news/bank-of-england-under-pressure-to-aggressively-raise-rates/,-1.8785924139103911
ref-stablelm-base-alpha-3b-v2,member,https://www.valleynewslive.com/prnewswire/2022/07/25/creatd-delivers-regulation-sho-notification-its-information-agent-df-king/,-1.2406490336613762
ref-stablelm-base-alpha-3b-v2,member,https://www.ktre.com/prnewswire/2022/06/28/more-than-half-americans-planning-least-one-micro-cation-this-summer/,-1.8908353898001535
ref-stablelm-base-alpha-3b-v2,member,https://www.kait8.com/prnewswire/2022/07/05/marriott-vacations-worldwide-certified-most-loved-workplace-named-top-company-travel-amp-hospitality-by-linkedin/,-0.7941386878211081
ref-stablelm-base-alpha-3b-v2,member,https://www.springfieldnewssun.com/nation-world/contreras-brothers-enjoying-being-on-same-all-star-squad/7V5CN34DLZGBPKY47WIAYQ3WOQ/,-1.9710274128079242
ref-stablelm-base-alpha-3b-v2,member,https://www.wbay.com/prnewswire/2022/06/16/operation-hope-executive-mary-ehrsam-receives-highest-award-gettysburg-college/,-1.6575970110697473
ref-stablelm-base-alpha-3b-v2,member,https://www.cbs42.com/news/international/police-shootout-at-rio-de-janeiro-favela-kills-more-than-20/,-2.2449063080200684
ref-stablelm-base-alpha-3b-v2,member,https://www.myarklamiss.com/reviews/br/toys-games-br/pretend-play-br/best-toy-alligator/,-1.6136342441978282
ref-stablelm-base-alpha-3b-v2,member,https://www.fox16.com/klrt-good-day/department-of-human-services-reminds-parents-of-hot-car-dangers/,0.27430587030377085
ref-stablelm-base-alpha-3b-v2,member,https://www.tacomadailyindex.com/blog/no-22-4-01716-6-notice-to-creditors/2459879/,-0.6702092314866654
ref-stablelm-base-alpha-3b-v2,member,https://www.wane.com/news/business/ap-business/leonardo-del-vecchio-founded-luxottica-eyewear-empire-dies/,-2.2453878392592928
ref-stablelm-base-alpha-3b-v2,member,https://www.kfyrtv.com/prnewswire/2022/06/08/kyowa-kirin-host-expert-roundtable-addressing-racial-health-inequities-cancer-care/,-1.6599846893707926
ref-stablelm-base-alpha-3b-v2,member,https://www.wagmtv.com/2022/04/20/weather-web-2/,0.1130948250477819
ref-stablelm-base-alpha-3b-v2,member,https://www.kens5.com/article/news/verify/medicine/pennyroyal-tea-abortion-dangerous-causes-death/536-8c957fd9-446a-47e8-8138-981f24f4a985,-0.8091052999673998
ref-stablelm-base-alpha-3b-v2,member,https://www.kxnet.com/news/business-beat/ap-business/musk-subpoenas-former-twitter-ceo-and-friend-jack-dorsey/,-2.1108601809789818
ref-stablelm-base-alpha-3b-v2,member,https://pix11.com/ap-international/climate-migration-growing-but-not-fully-recognized-by-world/,-2.155233140448981
ref-stablelm-base-alpha-3b-v2,member,https://www.wsls.com/weather/2022/07/07/heat-scattered-storms-continue-through-end-of-the-week/,0.11702348010755736
ref-stablelm-base-alpha-3b-v2,member,https://www.yourbasin.com/news/national-news/police-shooting-at-uvalde-park-people-injured/,-1.7720492306935995
ref-stablelm-base-alpha-3b-v2,member,https://www.nbcnewyork.com/news/national-international/las-vegas-resort-surprises-5400-workers-with-5k-bonuses/3684901/,-2.396517809270082
ref-stablelm-base-alpha-3b-v2,member,https://www.wkyt.com/2022/06/08/trump-set-undergo-questioning-july-ny-civil-probe/,-1.6360508448472368
ref-stablelm-base-alpha-3b-v2,member,https://www.dw.com/en/in-latin-america-synthetic-drugs-becoming-more-popular-than-cocaine-and-marijuana/a-62633710,0.34377669647263187
ref-stablelm-base-alpha-3b-v2,member,https://www.wflx.com/prnewswire/2022/04/27/cousins-maine-lobster-celebrates-ten-year-milestone-amp-strong-q1-with-new-deals-across-us/,-0.7972845157334307
ref-stablelm-base-alpha-3b-v2,member,https://www.wkyt.com/prnewswire/2022/07/07/geneva-financial-announces-new-illinois-mortgage-branch-headed-by-branch-manager-jonathan-gonzalez/,-2.080141409857015
ref-stablelm-base-alpha-3b-v2,member,https://www.seattletimes.com/opinion/letters-to-the-editor/voting-reform-illusion-of-choice/?utm_source=RSS&utm_medium=Referral&utm_campaign=RSS_all,0.4064407640506924
ref-stablelm-base-alpha-3b-v2,member,https://www.wfmz.com/news/pr_newswire/pr_newswire_business/travelx-and-kiu-system-solutions-partner-to-enable-73-airlines-to-distribute-inventory-via-blockchain/article_c8cc45e1-519d-58df-b34d-a253b28ca08b.html,-0.7372963564240116
ref-stablelm-base-alpha-3b-v2,member,https://www.bostonherald.com/2022/08/25/ask-ira-could-montrezl-harrell-have-provided-heat-answers/,-0.17828011531996668
ref-stablelm-base-alpha-3b-v2,member,https://www.wfla.com/top-stories/ap-top-headlines/alabama-cites-abortion-ruling-in-transgender-medication-case/,-1.9399651101727615
ref-stablelm-base-alpha-3b-v2,member,https://www.kmvt.com/prnewswire/2022/09/06/optimove-raises-commitment-security-privacy-completes-soc-2-type-ii-compliance/,-1.879920646870956
ref-stablelm-base-alpha-3b-v2,member,https://www.kgun9.com/virginia-zoo-auctioning-chance-name-baby-siamang,-1.6524480777968147
ref-stablelm-base-alpha-3b-v2,member,https://www.weau.com/prnewswire/2022/06/20/texas-woman-awarded-250000-revenge-porn-lawsuit-against-ex-boyfriend/,-1.6852766539506066
ref-stablelm-base-alpha-3b-v2,member,https://www.nj.com/hudson/2022/08/18-story-project-inches-closer-to-approval-but-theres-no-end-in-sight-to-bayonne-development-pause.html,0.23690438092393462
ref-stablelm-base-alpha-3b-v2,member,https://www.wkyt.com/2022/08/02/chilling-video-released-by-national-guard-shows-rescues-eastern-ky/,-0.44722564960659517
ref-stablelm-base-alpha-3b-v2,member,https://magicvalley.com/news/local/shoshone-arts-in-the-park/article_585a41b6-fd6e-11ec-9790-377be49ddc99.html,0.4081352689000657
ref-stablelm-base-alpha-3b-v2,member,https://www.kmvt.com/prnewswire/2022/08/09/california-community-foundation-announces-55-million-gift-philanthropist-mackenzie-scott-support-housing-amp-immigration-grantmaking-efforts-los-angeles/,-2.0097435172572737
ref-stablelm-base-alpha-3b-v2,member,https://www.wistv.com/prnewswire/2022/07/14/nikola-stockholders-vote-now-less-than-1-outstanding-shares-needed-approve-proposal-2/,-1.436717986766688
ref-stablelm-base-alpha-3b-v2,member,https://www.kpcnews.com/newssun/article_7b1acc8f-3992-593a-bd6b-4eab69d41c12.html,0.2622554429744808
ref-stablelm-base-alpha-3b-v2,member,https://www.dakotanewsnow.com/prnewswire/2022/08/09/axon-reports-record-revenue-up-31-286-million-raises-full-year-outlook/,-1.9740385566429175
ref-stablelm-base-alpha-3b-v2,member,https://www.wfmz.com/news/pr_newswire/pr_newswire_stocks/palo-alto-networks-to-present-at-upcoming-investor-events/article_c898f2b1-5229-568e-b0bd-0d2ca03c73b8.html,-1.071800284963947
ref-stablelm-base-alpha-3b-v2,member,https://www.krqe.com/sports/mlb-baseball/riley-homers-wright-throws-6-scoreless-in-atlantas-6-0-win/,-1.6889534829000326
ref-stablelm-base-alpha-3b-v2,member,https://www.sfgate.com/weather/article/CA-WFO-LOS-ANGELES-Warnings-Watches-and-17158360.php,-1.2598943587628784
ref-stablelm-base-alpha-3b-v2,member,https://www.cenlanow.com/sports/reunited-with-tom-brady-logan-ryan-has-clear-goal-in-tampa/,-1.915820941791749
ref-stablelm-base-alpha-3b-v2,member,https://www.mysuncoast.com/prnewswire/2022/05/02/linkbancorp-inc-announces-first-quarter-2022-financial-results/,-1.4816924044722706
ref-stablelm-base-alpha-3b-v2,member,https://www.knau.org/npr-news/2022-08-19/seattle-just-had-one-of-its-hottest-nights-on-record,-1.6068105361104688
ref-stablelm-base-alpha-3b-v2,member,https://q961.com/tractor-trailer-driver-arrested-for-oui-on-i-95-sydney-maine/,0.45419073852890435
ref-stablelm-base-alpha-3b-v2,member,https://www.kark.com/reviews/br/toys-games-br/theme-toys-br/best-aladdin-toy/,-1.6999539678109126
ref-stablelm-base-alpha-3b-v2,member,https://www.abc12.com/news/business/apple-unveils-new-iphones-apple-watches-and-airpods/article_730f4930-a850-530e-83d2-0e6858cdc16f.html,-2.0058236592032084
ref-stablelm-base-alpha-3b-v2,member,https://www.ktre.com/prnewswire/2022/06/07/crystal-clinic-orthopaedic-center-tees-up-partnership-with-pga-tour-champions-bridgestone-senior-players-championship/,-1.623336710067186
ref-stablelm-base-alpha-3b-v2,member,https://www.kbtx.com/prnewswire/2022/08/16/deloittes-cio-program-names-john-marcante-us-cio-in-residence/,-1.3911448702540405
ref-stablelm-base-alpha-3b-v2,member,https://www.wfla.com/news/international/ap-international/ap-new-wildfires-hit-southwestern-france-amid-record-heat/,-2.3376635313002505
ref-stablelm-base-alpha-3b-v2,member,https://www.mrt.com/sports/article/Rodr-guez-homers-on-Montas-1st-pitch-M-s-beat-17282673.php,-1.6188039907652318
ref-stablelm-base-alpha-3b-v2,member,https://www.kold.com/prnewswire/2022/05/11/news-conference-tomorrow-thursday-saltz-mogeluzzi-amp-bendesky-pc-announce-major-developments-following-tiktok-blackout-challenge-death-10-year-old-pennsylvania-girl/,-1.1001508550747359
ref-stablelm-base-alpha-3b-v2,member,https://www.dakotanewsnow.com/prnewswire/2022/08/16/warren-sharp-joins-sportsgrid-lead-pro-football-analyst/,-2.360546642142211
ref-stablelm-base-alpha-3b-v2,member,https://www.expressnews.com/news/article/Publix-supermarkets-not-offering-COVID-vaccine-to-17261085.php,-2.0732220449796563
ref-stablelm-base-alpha-3b-v2,member,https://www.detroitnews.com/story/news/nation/2022/07/18/uvalde-texas-school-shooter-nickname/50503049/,-2.397274622700105
ref-stablelm-base-alpha-3b-v2,member,https://www.kold.com/prnewswire/2022/08/01/snickers-seasoning-blend-launches-nationwide/,-1.579649572870024
ref-stablelm-base-alpha-3b-v2,member,https://www.wdtn.com/news/bossware-your-employer-may-be-tracking-you-during-remote-work/,-1.9022386403859894
ref-stablelm-base-alpha-3b-v2,member,https://www.kfyrtv.com/prnewswire/2022/08/08/florida-international-university-leads-alliance-build-hospitality-pipeline-underrepresented-minority-students-diverse-leadership-hospitality/,-1.811997931552572
ref-stablelm-base-alpha-3b-v2,member,https://www.wistv.com/prnewswire/2022/07/06/iconic-multifunctional-stylish/,-1.9012826448958473
ref-stablelm-base-alpha-3b-v2,member,https://www.seattlepi.com/news/article/5-ways-to-reduce-school-shootings-17214592.php,-2.1981329591584617
ref-stablelm-base-alpha-3b-v2,member,https://www.sfgate.com/sports/article/Cincinnati-Arizona-Runs-17242482.php,-1.0852289207428336
ref-stablelm-base-alpha-3b-v2,member,https://www.wivb.com/sports/ap-sports/lances-deep-td-pass-leads-49ers-to-28-21-win-vs-packers/,-1.7262122503876258
ref-stablelm-base-alpha-3b-v2,member,https://www.wistv.com/prnewswire/2022/09/13/joysuds-partners-with-see-turtles-pledge-help-save-endangered-sea-turtles/,-1.7264561228124085
ref-stablelm-base-alpha-3b-v2,member,https://www.wbtv.com/prnewswire/2022/09/12/us-news-announces-2022-2023-best-colleges-rankings/,-0.8426265201858881
ref-stablelm-base-alpha-3b-v2,member,https://www.wbrc.com/prnewswire/2022/08/10/andersen-capital-selects-proteus-structure-amp-operate-new-hedge-fund/,-1.9212883892480526
ref-stablelm-base-alpha-3b-v2,member,https://www.kalb.com/prnewswire/2022/07/19/sobi-publishes-q2-2022-report/,-1.2691402970330234
ref-stablelm-base-alpha-3b-v2,member,https://www.wbay.com/prnewswire/2022/07/21/synchrony-announces-quarterly-common-stock-dividend-023-per-share/,-1.2970486105173946
ref-stablelm-base-alpha-3b-v2,member,https://www.kxii.com/prnewswire/2022/07/20/massage-envy-teams-up-with-american-red-cross-donation-drive/,-1.7160748172571807
ref-stablelm-base-alpha-3b-v2,member,https://www.fox35orlando.com/news/johnny-depp-popularity-dips-amber-heard-trial-baby-boomers-poll,-0.6788576636412189
ref-stablelm-base-alpha-3b-v2,member,https://www.kxnet.com/sports/sydney-mclaughlin-obliterates-world-record-in-400-hurdles/,-2.2356890918842205
ref-stablelm-base-alpha-3b-v2,member,https://www.wibw.com/prnewswire/2022/06/08/arelk-publishes-its-14th-sustainability-report/,-1.7674588007779204
ref-stablelm-base-alpha-3b-v2,member,https://www.wcjb.com/prnewswire/2022/05/26/moleculin-commences-dosing-healthy-volunteers-phase-1a-clinical-trial-wp1122-treatment-covid-19/,-1.2996860022339183
ref-stablelm-base-alpha-3b-v2,member,https://www.wagmtv.com/prnewswire/2022/06/24/subaru-america-announces-pricing-2023-impreza-models/,-1.4035171915142086
ref-stablelm-base-alpha-3b-v2,member,https://www.wfmz.com/news/pr_newswire/pr_newswire_business/preipo-signs-agreement-to-acquire-tabs-diligence-as-a-service-suite-adds-founders-to-c/article_1ca63513-8046-5f9e-95aa-92e548eb5482.html,0.03026002803806893
ref-stablelm-base-alpha-3b-v2,member,https://www.mrt.com/business/article/APA-Q2-Earnings-Snapshot-17349718.php,-0.47815803336992785
ref-stablelm-base-alpha-3b-v2,member,https://kion546.com/entertainment/cnn-style/2022/07/21/australias-largest-music-festival-sinks-into-the-mud-forcing-first-day-cancellation/,-0.10223778393605576
ref-stablelm-base-alpha-3b-v2,member,https://www.ourmidland.com/entertainment/article/Spielberg-among-big-donors-to-Wisconsin-17314558.php,-1.4049675652262676
ref-stablelm-base-alpha-3b-v2,member,https://www.wibw.com/2022/06/08/this-was-intentional-mechanic-warns-engine-light-tape-scam-used-cars/,-1.7809409710221842
ref-stablelm-base-alpha-3b-v2,member,https://www.kgw.com/article/sports/golf/lpga-portland-classic-day-1-recap/283-1b33708f-0111-43f4-8ea7-812f836553d5,-1.9294854893877664
ref-stablelm-base-alpha-3b-v2,member,https://www.kmvt.com/prnewswire/2022/05/31/jd-martin-selected-rep-southwire-co-wy/,-1.9540998600017163
ref-stablelm-base-alpha-3b-v2,member,https://www.wsls.com/news/world/2022/06/28/navalny-appeal-rejected-another-kremlin-critic-jailed/,-2.07321708811922
ref-stablelm-base-alpha-3b-v2,member,https://www.washingtonpost.com/sports/nfl/mayfield-throws-2-td-passes-as-panthers-defeat-bills-21-0/2022/08/26/a8dd2490-25b0-11ed-a72f-1e7149072fbc_story.html,-1.5521929202730582
ref-stablelm-base-alpha-3b-v2,member,https://www.koin.com/news/international/icc-seeks-arrest-of-3-suspects-linked-to-russo-georgian-war/,-2.004165245948264
ref-stablelm-base-alpha-3b-v2,member,https://www.cbs42.com/news/weird/final-ex-ebay-employee-in-cyberstalking-case-pleads-guilty/,-2.1221875893950872
ref-stablelm-base-alpha-3b-v2,member,https://www.wunc.org/2022-09-03/whatever-happened-to-the-african-born-pizza-chef-who-won-over-biased-italians,-2.4582104991035987
ref-stablelm-base-alpha-3b-v2,member,https://www.binghamtonhomepage.com/news/business/more-americans-apply-for-jobless-aid-for-5th-straight-week/,-1.862516636376906
ref-stablelm-base-alpha-3b-v2,member,https://www.kold.com/prnewswire/2022/05/24/cinch-home-services-announces-partnership-with-homesmart-international/,-1.5984689620609096
ref-stablelm-base-alpha-3b-v2,member,https://www.1011now.com/prnewswire/2022/09/15/workwave-announces-modernization-servman-by-workwave/,-1.9353088338997821
ref-stablelm-base-alpha-3b-v2,member,https://www.sfchronicle.com/sports/article/Lloyd-has-26-sends-Storm-over-Aces-in-WNBA-semis-17403797.php,-1.5259306428426265
ref-stablelm-base-alpha-3b-v2,member,https://www.wnep.com/article/news/local/schuylkill-county/pottsville-cleaning-up-for-recovery-month/523-ba6b6a1a-4a8e-4d78-856b-ffd9b73d093f,0.1877254192961888
ref-stablelm-base-alpha-3b-v2,member,https://www.kxlf.com/news/national/aftershock-in-afghanistan-as-earthquake-death-toll-rises-to-1-150,-2.1771351698413652
ref-stablelm-base-alpha-3b-v2,member,https://www.wkyt.com/prnewswire/2022/05/26/5wpr-tapped-support-miami-fashion-week-return/,-1.6609853459268535
ref-stablelm-base-alpha-3b-v2,member,https://www.kivitv.com/cordless-heating-pad-massage-sale-amazon,-1.845000729782879
ref-stablelm-base-alpha-3b-v2,member,https://www.ktre.com/prnewswire/2022/06/14/john-hancock-retirements-latest-state-participant-report-finds-more-than-half-plan-participants-are-retirement-ready-with-least-70-income-replacement/,-1.9454940638007245
ref-stablelm-base-alpha-3b-v2,member,https://www.abcactionnews.com/news/national/triangle-of-sadness-actor-model-charlbi-dean-dies-at-32,-1.7781521142873449
ref-stablelm-base-alpha-3b-v2,member,https://www.kait8.com/prnewswire/2022/07/11/books-a-million-kicks-off-its-limited-time-member-exclusive-sales-event/,-1.490727155590907
ref-stablelm-base-alpha-3b-v2,member,https://www.expressnews.com/news/article/AP-source-Top-aide-to-Pence-testifies-before-1-6-17328222.php,-1.6693405109974926
ref-stablelm-base-alpha-3b-v2,member,https://www.kxnet.com/sports/pressure-is-on-panthers-rangers-flames-down-2-1-in-series/,-1.859717679578352
ref-stablelm-base-alpha-3b-v2,member,https://www.seattletimes.com/sports/realmuto-phils-rally-past-alcantara-marlins-7th-w-in-row/?utm_source=RSS&utm_medium=Referral&utm_campaign=RSS_all,-1.650424932096782
ref-stablelm-base-alpha-3b-v2,member,https://www.foxnews.com/sports/bears-hoping-new-stadium-chicago-mayor-releases-plans-soldier-field-renovations,-1.4790711978864362
ref-stablelm-base-alpha-3b-v2,member,https://www.kalb.com/2022/06/27/14-million-breaker-boxes-recalled-burn-fire-hazards/,-1.9580919243560047
ref-stablelm-base-alpha-3b-v2,member,https://www.valleynewslive.com/prnewswire/2022/07/12/blackbaud-announces-date-second-quarter-2022-financial-results/,-1.1619909888019266
ref-stablelm-base-alpha-3b-v2,member,https://www.ksn.com/news/national-world/bond-denied-for-highland-park-shooting-suspect/,-2.059378638800549
ref-stablelm-base-alpha-3b-v2,member,https://www.springfieldnewssun.com/nation-world/sex-pistols-aim-to-give-queens-jubilee-a-touch-of-punk/HZ6HTZBQ7NE7XAZCA6KUCE6ZTE/,-0.6269859007716272
ref-stablelm-base-alpha-3b-v2,member,https://www.wgal.com/article/coca-cola-is-putting-jack-coke-in-a-can/40273657,-2.143304098091853
ref-stablelm-base-alpha-3b-v2,member,https://www.twincities.com/2022/06/27/florida-georgia-line-added-to-minnesota-state-fair-grandstand-schedule/,0.3148928854018993
ref-stablelm-base-alpha-3b-v2,member,https://www.wagmtv.com/prnewswire/2022/05/23/cambridge-bancorp-northmark-bank-sign-definitive-agreement/,-1.2390177256162418
ref-stablelm-base-alpha-3b-v2,member,https://www.wnem.com/2022/04/28/turkey-terrorizing-people-dc-trail/,-2.1012617316472797
ref-stablelm-base-alpha-3b-v2,member,https://www.wbay.com/prnewswire/2022/07/21/danaher-reports-second-quarter-2022-results/,-1.530124157175807
ref-stablelm-base-alpha-3b-v2,member,https://www.kait8.com/prnewswire/2022/06/16/home-sales-california-dip-below-pre-pandemic-levels-effects-rising-interest-rates-begin-show-even-prices-set-another-record-car-reports/,-1.5780768325901515
ref-stablelm-base-alpha-3b-v2,member,https://www.kxlf.com/news/national/who-opts-not-to-declare-monkeypox-a-global-health-emergency,-1.6998890358765113
ref-stablelm-base-alpha-3b-v2,member,https://www.wbay.com/2022/08/20/pence-says-he-didnt-leave-office-with-classified-material/,-1.879384243488303
ref-stablelm-base-alpha-3b-v2,member,https://www.krqe.com/news/top-stories/ap-top-headlines/lawsuit-texans-turned-a-blind-eye-to-qb-watsons-actions/,-1.8198463442137836
ref-stablelm-base-alpha-3b-v2,member,https://www.wfmz.com/news/pr_newswire/pr_newswire_technology/goertek-released-a-second-generation-ar-reference-design-based-on-snapdragon-xr2/article_04f6ab83-78ea-560e-8c0a-102af7940510.html,-1.9405724292318824
ref-stablelm-base-alpha-3b-v2,member,https://www.nbcphiladelphia.com/news/national-international/800k-pills-containing-fentanyl-seized-by-mexican-army-on-way-to-border/3333372/,-1.7544485153770375
ref-stablelm-base-alpha-3b-v2,member,https://www.wagmtv.com/prnewswire/2022/08/31/payments-giant-joins-crypto-compliance-initiative-amid-bankruptcies/,-1.5156150005284128
ref-stablelm-base-alpha-3b-v2,member,https://www.wowktv.com/top-stories/ap-top-headlines/verdict-looms-in-trial-over-2015-paris-extremist-attacks/,-2.347992914860011
ref-stablelm-base-alpha-3b-v2,member,https://www.wflx.com/prnewswire/2022/05/24/phyto-organix-announces-225-million-state-of-the-art-net-zero-plant-protein-processing-facility-strathmore-ab/,-1.8676385234020556
ref-stablelm-base-alpha-3b-v2,member,https://www.binghamtonhomepage.com/news/cheese-filled-pierogis-recalled-due-to-undeclared-milk/,-0.0688863369856132
ref-stablelm-base-alpha-3b-v2,member,https://www.cenlanow.com/national/rushdies-attacker-indicted-expected-to-appear-in-court/,-1.9508715446592908
ref-stablelm-base-alpha-3b-v2,member,https://www.kold.com/prnewswire/2022/06/29/northwest-extremity-specialists-unity-msk-partner-with-tigard-orthopedic-fracture-clinic/,-1.5525006799358507
ref-stablelm-base-alpha-3b-v2,member,https://www.seattletimes.com/pacific-nw-magazine/theres-a-lot-of-movement-music-and-connection-in-the-martial-art-capoeira-plus-the-occasional-backflip/?utm_source=RSS&utm_medium=Referral&utm_campaign=RSS_all,0.7644459471040435
ref-stablelm-base-alpha-3b-v2,member,https://www.seattlepi.com/weather/article/CA-WFO-RENO-Warnings-Watches-and-Advisories-17199067.php,-2.0401945023074166
ref-stablelm-base-alpha-3b-v2,member,https://www.kwch.com/prnewswire/2022/08/23/national-lubricant-container-recycling-coalition-announces-atlanta-lubricant-container-recycling-pilot/,-2.472963482415233
ref-stablelm-base-alpha-3b-v2,member,https://abc7ny.com/annmarie-drago-evelyn-rodriguez-conviction-overturned-brentwood/12049635/,0.2724147088166968
ref-stablelm-base-alpha-3b-v2,member,https://www.binghamtonhomepage.com/sports/bradley-off-to-fast-start-in-bid-to-make-fedex-cup-finale/,-2.126477198231263
ref-stablelm-base-alpha-3b-v2,member,https://www.kbtx.com/prnewswire/2022/08/02/mplx-lp-reports-second-quarter-2022-financial-results/,-1.4072675033388484
ref-stablelm-base-alpha-3b-v2,member,https://www.myarklamiss.com/reviews/br/electronics-br/computer-monitors-br/best-samsung-monitor/,-1.709989680022352
ref-stablelm-base-alpha-3b-v2,member,https://www.wbay.com/prnewswire/2022/07/07/burgerfi-gopuff-expand-pilot-deliver-fresh-made-burgers-fries-customers-nationwide/,-2.0139837986772804
ref-stablelm-base-alpha-3b-v2,member,https://www.wafb.com/prnewswire/2022/09/06/dan-os-seasoning-launches-new-everything-bagel-seasoning-blend/,-1.5356891119667766
ref-stablelm-base-alpha-3b-v2,member,https://www.newswest9.com/article/news/local/midland-county-sheriffs-office-donates-some-law-enforcement-tokens-for-a-special-cause/513-d48787ef-3898-409e-82fa-b6be6d713def,0.4818108640091485
ref-stablelm-base-alpha-3b-v2,member,https://www.kxii.com/2022/06/11/us-chinas-military-activity-around-taiwan-threatens-region/,-1.8329384361028622
ref-stablelm-base-alpha-3b-v2,member,https://www.wagmtv.com/prnewswire/2022/09/16/huntsman-updates-third-quarter-2022-outlook/,-1.5989932863454177
ref-stablelm-base-alpha-3b-v2,member,https://www.mysuncoast.com/prnewswire/2022/08/09/planet-fitness-promotes-jamie-medeiros-chief-brand-officer/,-1.454169134888992
ref-stablelm-base-alpha-3b-v2,member,https://www.abcactionnews.com/news/national/queen-elizabeth-ii-britains-longest-serving-monarch-dead-at-96,-1.3821608009019564
ref-stablelm-base-alpha-3b-v2,member,https://www.pahomepage.com/entertainment-news/monkeypox-cancels-free-concert-held-at-southern-decadence/,-1.9845392284466343
ref-stablelm-base-alpha-3b-v2,member,https://www.dakotanewsnow.com/prnewswire/2022/06/14/american-national-climate-policy-inaction-leads-emboldened-emerging-voices-communities-policy-successes/,-2.2306710454692493
ref-stablelm-base-alpha-3b-v2,member,https://www.arkansasonline.com/news/2022/sep/18/the-permanent-pandemic-economy/,0.268737030554723
ref-stablelm-base-alpha-3b-v2,member,https://www.wane.com/sports/ap-sports/ap-dixon-still-in-indycar-title-fight-despite-indy-500-gaffe/,-2.219273660394752
ref-stablelm-base-alpha-3b-v2,member,https://www.wric.com/news/politics/capitol-connection/gov-youngkin-signs-700-bills-into-virginia-law/,0.09724179326926308
ref-stablelm-base-alpha-3b-v2,member,https://www.mrt.com/news/article/After-10-years-Delaware-church-still-feeds-the-17432241.php,-1.3127641752347523
ref-stablelm-base-alpha-3b-v2,member,https://www.kalb.com/prnewswire/2022/07/15/bmw-group-joins-linux-foundations-yocto-project/,-2.0068661416364355
ref-stablelm-base-alpha-3b-v2,member,https://www.cleveland19.com/prnewswire/2022/06/28/perdue-farms-delivers-25000-foodbank-southeastern-va-eastern-shore-backpack-program-10000-pounds-nutritious-protein/,-1.7365888383997181
ref-stablelm-base-alpha-3b-v2,member,https://richmond.com/bazooka/article_1ac2b46c-fd42-550f-b2b7-bd7742f3ef0c.html,-0.061874076333571004
ref-stablelm-base-alpha-3b-v2,member,https://www.wric.com/reviews/br/toys-games-br/best-minecraft-gifts-for-kids/,-1.8646765689445484
ref-stablelm-base-alpha-3b-v2,member,https://www.seattlepi.com/weather/article/NY-WFO-ALBANY-Warnings-Watches-and-Advisories-17359813.php,-1.4374986678410127
ref-stablelm-base-alpha-3b-v2,member,https://www.ksn.com/reviews/br/sports-fitness-br/baseball-softball-br/what-is-the-best-wooden-baseball-bat/,-1.9850977107115575
ref-stablelm-base-alpha-3b-v2,member,https://www.kmvt.com/prnewswire/2022/08/09/national-western-life-focuses-growth-by-announcing-reinsurance-transaction/,-1.6757179530504633
ref-stablelm-base-alpha-3b-v2,member,https://www.kait8.com/prnewswire/2022/08/29/annovis-bio-appoints-henry-hagopian-iii-chief-financial-officer/,-1.3474037695097087
ref-stablelm-base-alpha-3b-v2,member,https://www.wflx.com/2022/09/16/doctor-accused-injecting-drugs-into-iv-bags-causing-death/,-1.9717157533210186
ref-stablelm-base-alpha-3b-v2,member,https://www.wkyt.com/prnewswire/2022/08/25/david-cash-brings-high-end-large-scale-artworks-curation-decentralands-metaverse-art-week/,-2.39112486780121
ref-stablelm-base-alpha-3b-v2,member,https://www.binghamtonhomepage.com/sports/mike-trout-leaves-angels-game-with-upper-back-spasms/,-1.5202958069356975
ref-stablelm-base-alpha-3b-v2,member,https://magicvalley.com/news/opinion/columns/jacob-sullum-trumps-defense-suggests-his-treatment-of-classified-material-was-remarkably-cavalier/article_b4624720-1f19-11ed-a18b-83cdf4c1e5f8.html,-0.06725939558268212
ref-stablelm-base-alpha-3b-v2,member,https://phl17.com/nmw/dangerous-counterfeit-drugs-are-putting-millions-of-us-consumers-at-risk-according-to-a-new-study/,-2.252986390332902
ref-stablelm-base-alpha-3b-v2,member,https://www.wric.com/news/u-s-world/el-jefe-the-jaguar-famed-in-us-photographed-in-mexico/,-2.366920731715934
ref-stablelm-base-alpha-3b-v2,member,https://www.nprillinois.org/2022-07-02/fourth-of-july-fireworks-canceled-and-delayed-due-to-worker-shortage,-2.120355924650128
ref-stablelm-base-alpha-3b-v2,member,https://www.sfchronicle.com/entertainment/article/Chanel-gets-gently-geometric-in-far-flung-Paris-17285559.php,-2.8824455321667344
ref-stablelm-base-alpha-3b-v2,member,https://www.krgv.com/gallery-videos/911-calls-during-school-shooting-in-uvalde-remain-unanswered,-0.8860908939210388
ref-stablelm-base-alpha-3b-v2,member,https://who13.com/news/national-news/ap-us-news/odessa-texas-remains-without-water-as-temperatures-soar/,-2.225008768122173
ref-stablelm-base-alpha-3b-v2,member,https://www.wafb.com/prnewswire/2022/08/17/wallix-announces-expansion-plan-north-america/,-1.7461554399759773
ref-stablelm-base-alpha-3b-v2,member,https://www.ktre.com/2022/07/22/man-loses-large-part-arm-after-alligator-bite-florida-lake-officials-say/,-1.7063375120904072
ref-stablelm-base-alpha-3b-v2,member,https://www.wistv.com/2022/09/18/biden-host-2021-world-series-champion-atlanta-braves/,-1.9922006834084822
ref-stablelm-base-alpha-3b-v2,member,https://www.kxii.com/prnewswire/2022/09/07/dr-antonio-fojo-joins-imaging-endpoints-scientific-advisory-board/,-0.44397737277179083
ref-stablelm-base-alpha-3b-v2,member,https://www.wibw.com/prnewswire/2022/07/20/cit-serves-lead-arranger-88-million-financing-texas-battery-energy-storage-system/,-1.8957196226078497
ref-stablelm-base-alpha-3b-v2,member,https://www.12news.com/article/news/nation-world/highland-park-july-4-parade-shooting/507-db5f2f84-d1c6-4442-b329-906696ab533b,-1.9208544937288412
ref-stablelm-base-alpha-3b-v2,member,https://www.kold.com/prnewswire/2022/08/10/texas-lawyer-honors-bals-chief-technology-officer-chanille-juneau-with-legal-innovator-award/,-1.9204279802432003
ref-stablelm-base-alpha-3b-v2,member,https://www.kxlf.com/sports/big-sky-conference/montana-state-bobcats/montana-state-wide-receivers-step-up-amidst-injuries-at-running-back,-0.027509117548506712
ref-stablelm-base-alpha-3b-v2,member,https://www.cleveland19.com/prnewswire/2022/08/25/greenpower-delivers-three-beast-electric-school-buses-west-virginia-appoints-dealer-state/,-1.634369839970641
ref-stablelm-base-alpha-3b-v2,member,https://www.kswo.com/prnewswire/2022/06/02/record-scholarship-amount-record-number-students/,-1.8407176115407504
ref-stablelm-base-alpha-3b-v2,member,https://who13.com/sports/ap-sports/elliott-wins-pole-as-he-tries-to-defend-road-america-title/,-1.752433884606601
ref-stablelm-base-alpha-3b-v2,member,https://www.kwch.com/prnewswire/2022/07/19/wnc-appoints-jacqueline-wiegleb-assistant-vice-president-originations/,-1.7855339944288406
ref-stablelm-base-alpha-3b-v2,member,https://www.dakotanewsnow.com/prnewswire/2022/08/17/udacity-expands-executive-leadership-team-with-key-promotions/,-1.6434333094315017
ref-stablelm-base-alpha-3b-v2,member,https://www.foxnews.com/media/journalists-biden-ultra-maga,0.1816030156679651
ref-stablelm-base-alpha-3b-v2,member,https://wtmj.com/national/2022/04/20/live-updates-russia-tests-new-nuclear-capable-missile-2/,-1.7502102426745278
ref-stablelm-base-alpha-3b-v2,member,https://www.willistonherald.com/opinion/columnists/korematsu-a-heart-breaking-landmark-decision/article_0730bc66-0f39-11ed-a584-1ba45e8c9866.html,0.5766630194081612
ref-stablelm-base-alpha-3b-v2,member,https://www.wearegreenbay.com/reviews/br/appliances-br/dishwashers-br/best-frigidaire-dishwasher/,-1.389564410414111
ref-stablelm-base-alpha-3b-v2,member,https://www.inquirer.com/business/bruce-toll-bros-ukraine-investment-apartments-homes-cars-anthracite-coal-20220427.html,0.44028769304095805
ref-stablelm-base-alpha-3b-v2,member,https://www.wbay.com/prnewswire/2022/08/26/top-5-most-popular-eyewear-frames-2022/,-1.996055986235502
ref-stablelm-base-alpha-3b-v2,member,https://www.kmvt.com/2022/07/29/failure-veterans-health-care-bill-senate-angers-supporters/,-1.9859047586146024
ref-stablelm-base-alpha-3b-v2,member,https://www.cleveland19.com/prnewswire/2022/07/28/eiger-biopharmaceuticals-host-conference-call-second-quarter-2022-financial-results-business-update-thursday-august-4/,-1.2955146987590127
ref-stablelm-base-alpha-3b-v2,member,https://www.ktre.com/prnewswire/2022/06/21/genesis-san-diego-lands-first-life-science-tenant/,-1.5347336262455777
ref-stablelm-base-alpha-3b-v2,member,https://www.wivb.com/news/world/ap-explainer-what-help-are-north-korean-weapons-to-russia/,-2.302159601300465
ref-stablelm-base-alpha-3b-v2,member,https://www.sfgate.com/food/article/San-Francisco-Chinatown-restaurant-burglarized-17354973.php,0.2515253438648961
ref-stablelm-base-alpha-3b-v2,member,https://www.kalb.com/prnewswire/2022/06/06/petuum-inception-institute-ai-partner-advanced-ai/,-1.3979392479796722
ref-stablelm-base-alpha-3b-v2,member,https://cw33.com/business/ap-business/we-dont-have-food-african-leaders-meet-as-crises-grow/,-2.204260424626172
ref-stablelm-base-alpha-3b-v2,member,https://www.kait8.com/prnewswire/2022/08/18/pushpress-secures-11-million-series-funding-led-by-altos-ventures/,1.2592871763939995
ref-stablelm-base-alpha-3b-v2,member,https://www.dakotanewsnow.com/prnewswire/2022/08/31/national-report-reveals-need-data-driven-instructional-coaching-programs-support-teachers-improve-student-outcomes/,-1.890876459281903
ref-stablelm-base-alpha-3b-v2,member,https://cbs4indy.com/sports/ap-sports/castillo-early-power-send-mariners-past-cole-yankees-7-3/,-1.6602790157642748
ref-stablelm-base-alpha-3b-v2,member,https://www.weau.com/2022/09/06/knoxville-company-recalls-beef-jerky-products-due-possible-listeria-concerns/,-0.8544296661142419
ref-stablelm-base-alpha-3b-v2,member,https://www.delawareonline.com/story/sports/pro/2022/06/02/what-sixers-do-with-first-round-pick-depends-on-daryl-morey-off-season-plan-76ers-nba-draft/65358322007/,0.23963492261305142
ref-stablelm-base-alpha-3b-v2,member,https://www.sfchronicle.com/sports/article/NASCAR-faces-more-questions-about-new-car-after-17450119.php,-2.3117899150771626
ref-stablelm-base-alpha-3b-v2,member,https://www.seattlepi.com/business/article/Survey-finds-young-people-follow-news-but-17409082.php,-2.093365376023234
ref-stablelm-base-alpha-3b-v2,member,https://www.yourbasin.com/reviews/br/home-br/lighting-br/best-bankers-lamp/,-1.6345396292307475
ref-stablelm-base-alpha-3b-v2,member,https://www.knau.org/npr-news/npr-news/2022-08-06/president-biden-has-tested-negative-for-covid-again-but-will-remain-in-isolation,-1.6658479842363008
ref-stablelm-base-alpha-3b-v2,member,https://www.11alive.com/article/news/local/faith-leaders-georgia-heart-beat-law-roe-v-wade-overturned/85-b4151215-b232-43da-b496-47980185d599,0.33756912862029553
ref-stablelm-base-alpha-3b-v2,member,https://www.expressnews.com/sports/article/Bethancourt-stars-at-plate-on-mound-as-Rays-beat-17393937.php,-1.3803383017780884
ref-stablelm-base-alpha-3b-v2,member,https://www.sfgate.com/business/article/Agco-Q1-Earnings-Snapshot-17143881.php,-0.24947410975851542
ref-stablelm-base-alpha-3b-v2,member,https://www.kwch.com/prnewswire/2022/09/09/tva-prices-500-million-new-30-year-bonds/,-1.531216322673818
ref-stablelm-base-alpha-3b-v2,member,https://www.myarklamiss.com/hill-politics/king-charles-iii-to-give-televised-address-tomorrow/,-1.8077768994015513
ref-stablelm-base-alpha-3b-v2,member,https://www.dakotanewsnow.com/2022/08/14/reports-anne-heche-be-taken-off-life-support/,-1.9300821979753653
ref-stablelm-base-alpha-3b-v2,member,https://www.theledger.com/story/lifestyle/2022/07/26/weeks-workout/10142707002/,0.6336645197341073
ref-stablelm-base-alpha-3b-v2,member,https://www.kark.com/entertainment-news/label-says-bts-plan-for-solo-projects-plan-is-not-a-hiatus/,-2.2344452100933765
ref-stablelm-base-alpha-3b-v2,member,https://www.kswo.com/2022/06/28/biden-suspends-rules-limiting-immigrant-arrest-deportation/,-1.9722007331456464
ref-stablelm-base-alpha-3b-v2,member,https://www.wkyt.com/prnewswire/2022/07/21/pampf-industries-report-results-three-month-period-ended-june-30-2022/,-1.4082155191503487
ref-stablelm-base-alpha-3b-v2,member,https://www.foxnews.com/sports/angels-fire-manager-joe-maddon-during-losing-streak,-0.011936397055787529
ref-stablelm-base-alpha-3b-v2,member,https://www.wkyt.com/prnewswire/2022/05/27/three-ways-you-can-make-difference-world-hunger-day/,-1.3884236889376025
ref-stablelm-base-alpha-3b-v2,member,https://www.kunm.org/npr-news/npr-news/2022-06-20/japan-court-says-ban-on-same-sex-marriage-is-constitutional,-1.9632679271254119
ref-stablelm-base-alpha-3b-v2,member,https://www.wistv.com/prnewswire/2022/04/12/candid-altius-partner-bring-clear-aligner-convenience-texas/,-1.8947566306508907
ref-stablelm-base-alpha-3b-v2,member,https://www.fox5ny.com/news/monkeypox-virus-who-rename-stigma,-1.0665562284050765
ref-stablelm-base-alpha-3b-v2,member,https://www.valleynewslive.com/prnewswire/2022/06/22/stoneback-endorsed-by-tribune-well-community-leaders-16th-district/,-1.3032088035368594
ref-stablelm-base-alpha-3b-v2,member,https://www.kait8.com/prnewswire/2022/05/17/huya-inc-reports-first-quarter-2022-unaudited-financial-results/,-0.9936272337841016
ref-stablelm-base-alpha-3b-v2,member,https://fox59.com/news/ap-top-headlines/italy-all-11-hikers-killed-in-glacier-avalanche-identified/,-2.1528607217585565
ref-stablelm-base-alpha-3b-v2,member,https://www.tdtnews.com/obituaries/article_d2894ff0-023b-11ed-8b08-a71b0fb5b66e.html,0.07021501666541452
ref-stablelm-base-alpha-3b-v2,member,https://www.ksn.com/sports/pitch-clocks-and-bigger-bases-mlb-announces-major-rule-changes-for-2023-season/,-1.9798967241377925
ref-stablelm-base-alpha-3b-v2,member,https://www.fox16.com/news/national-news/biden-to-delaware-graduates-no-time-to-sit-on-the-sidelines/,-2.1304275470230043
ref-stablelm-base-alpha-3b-v2,member,https://www.wfmz.com/news/pr_newswire/pr_newswire_technology/cyber-guards-partners-with-ericom-software-to-add-zero-trust-security-solutions-to-its-managed/article_3a242215-5277-5458-808b-c05e1c7c4d4d.html,0.35768421575960874
ref-stablelm-base-alpha-3b-v2,member,https://www.wlfi.com/community/local-dietician-gives-back-to-school-nutrition-advice/article_466b9c52-19b1-11ed-8bda-57869759eaad.html,0.20065770518252934
ref-stablelm-base-alpha-3b-v2,member,https://www.krqe.com/news/top-stories/ap-explainer-states-scramble-as-us-abortion-landscape-shifts/,-2.0449892689226243
ref-stablelm-base-alpha-3b-v2,member,https://www.cleveland19.com/2022/08/01/man-charged-with-driving-161-mph-interstate-police-say/,-1.4964259797055455
ref-stablelm-base-alpha-3b-v2,member,https://www.salina.com/story/sports/pro/2022/05/08/salina-liberty-pick-up-huge-win-over-billings-stay-playoff-hunt/9614886002/,0.30629725184725776
ref-stablelm-base-alpha-3b-v2,member,https://www.wflx.com/prnewswire/2022/08/25/wrth-industry-north-america-delivers-strong-sales-results-through-divisional-structure/,-2.254034820257553
ref-stablelm-base-alpha-3b-v2,member,https://www.wbrc.com/prnewswire/2022/08/08/hoffman-amp-associates-announces-first-general-partner-fund/,-1.4179714952645657
ref-stablelm-base-alpha-3b-v2,member,https://www.kxnet.com/news/international/ap-international/greece-large-forest-blaze-forces-evacuations-west-of-athens/,-1.9597600572118494
ref-stablelm-base-alpha-3b-v2,member,https://www.wlfi.com/news/bill-banning-almost-all-abortions-moves-to-full-indiana-senate/article_911d65ac-0d34-11ed-b91e-bb34a1ac8484.html,0.19943226117388857
ref-stablelm-base-alpha-3b-v2,member,https://www.kswo.com/prnewswire/2022/06/23/o3-mining-announces-results-annual-special-shareholders-meeting/,-1.0720389433413113
ref-stablelm-base-alpha-3b-v2,member,https://www.theadvocate.com/acadiana/sports/article_f16e1fae-2248-11ed-8561-c759e41edb6c.html,0.9365121186357985
ref-stablelm-base-alpha-3b-v2,member,https://www.newschannel6now.com/2022/09/06/suspect-wanted-after-newspaper-reporter-found-stabbed-death-outside-home-police-say/,-1.4307370230683596
ref-stablelm-base-alpha-3b-v2,member,https://q961.com/tick-population-explodes-this-year-heres-how-mainers-should-protect-themselves/,0.5602250092729064
ref-stablelm-base-alpha-3b-v2,member,https://www.wric.com/sports/sports-headlines/mickelson-others-sue-pga-tour-over-liv-golf-suspensions/,-1.8888449825669134
ref-stablelm-base-alpha-3b-v2,member,https://www.kalb.com/prnewswire/2022/05/27/boqii-announce-fourth-quarter-full-fiscal-year-2022-unaudited-financial-results-june-6-2022/,-1.2065337210046228
ref-stablelm-base-alpha-3b-v2,member,https://www.azcentral.com/in-depth/news/politics/elections/2022/08/23/alaska-voting-rights-history/10238579002/,0.4412122517426891
ref-stablelm-base-alpha-3b-v2,member,https://www.cnet.com/science/space/nasa-eyes-date-for-next-artemis-i-rocket-launch-but-hurdles-remain/,0.02555292692079858
ref-stablelm-base-alpha-3b-v2,member,https://www.kxii.com/prnewswire/2022/06/15/ccig-continues-growth-us-with-southwest-expansion/,-1.8616831960573716
ref-stablelm-base-alpha-3b-v2,member,https://www.cleveland19.com/prnewswire/2022/08/02/inventhelp-inventor-develops-cool-fan-avt-113/,-1.9729481642974682
ref-stablelm-base-alpha-3b-v2,member,https://www.wfaa.com/article/sports/soccer/fc-dallas-maarten-paes-permanent-transfer/287-4dd17a1e-67a5-4f65-a82c-15e444550f64,0.096397047205802
ref-stablelm-base-alpha-3b-v2,member,https://www.eonline.com/ca/news/1341481/normani-says-she-has-real-life-s-t-going-on-in-her-personal-life,0.3480096068495877
ref-stablelm-base-alpha-3b-v2,member,https://cw33.com/news/politics/ap-politics/democrats-delay-primary-order-decision-until-after-2022-vote/,-2.3072321847909865
ref-stablelm-base-alpha-3b-v2,member,https://greensboro.com/news/local/education/watch-now-guilford-county-schools-readying-to-place-weapons-scanners-in-regular-high-schools/article_b860260e-092e-11ed-94a5-3fbb8f667eab.html,0.34548696038682314
ref-stablelm-base-alpha-3b-v2,member,https://www.kttc.com/2022/06/30/wisconsin-court-bats-down-challenge-kohler-golf-course/,-1.4840490999145548
ref-stablelm-base-alpha-3b-v2,member,https://www.news-journalonline.com/story/news/crime/2022/06/17/4th-person-arrested-shootings-killed-2-fpc-students-flagler-palm-coast-bunnell/7656810001/,0.31105690700114286
ref-stablelm-base-alpha-3b-v2,member,https://tucson.com/news/local/subscriber/tucson-mexican-restaurant-will-become-home-to-a-smoothie-shop/article_42f07bbe-f0c2-11ec-9c49-efeaf6384a5d.html,0.5453466044918924
ref-stablelm-base-alpha-3b-v2,member,https://www.sfchronicle.com/news/article/German-climate-activists-aim-to-stir-friction-17306724.php,-2.105385187695338
ref-stablelm-base-alpha-3b-v2,member,https://www.weau.com/prnewswire/2022/07/28/landsouth-breaks-ground-waterleaf-salt-creek/,-1.8690025983784988
ref-stablelm-base-alpha-3b-v2,member,https://warm1069.com/at-madame-tussauds-new-york-attend-the-met-gala-with-katy-perry-lady-gaga-justin-bieber-and-more/,0.8088396478856024
ref-stablelm-base-alpha-3b-v2,member,https://www.ourmidland.com/news/article/After-year-of-violence-US-schools-try-to-tame-17259855.php,-2.3033604953424462
ref-stablelm-base-alpha-3b-v2,member,https://www.wistv.com/prnewswire/2022/06/28/injuries-popular-july-fourth-activities-are-rise-heres-how-stay-safe/,-1.3991239709584562
ref-stablelm-base-alpha-3b-v2,member,https://www.yourcentralvalley.com/sports/ohtani-a-2-way-all-star-again-6-yankees-5-braves-astros/,-1.7159523626160216
ref-stablelm-base-alpha-3b-v2,member,https://www.weau.com/2022/08/26/sparta-high-school-student-killed-crash-thursday-night/,-0.013415766448584332
ref-stablelm-base-alpha-3b-v2,member,https://www.beaumontenterprise.com/news/article/Oklahoma-County-jail-inmate-dies-after-fight-with-17300497.php,-1.2714215228852628
ref-stablelm-base-alpha-3b-v2,member,https://www.twincities.com/2022/08/03/rain-delay-doesnt-faze-lance-lynn-as-the-chicago-white-sox-win-back-to-back-home-series-for-the-1st-time-since-april/,-0.055167281401720336
ref-stablelm-base-alpha-3b-v2,member,https://www.wagmtv.com/2022/08/24/suit-brinks-driver-was-asleep-during-pricey-jewelry-heist/,-1.9995267076737946
ref-stablelm-base-alpha-3b-v2,member,https://www.cbs42.com/reviews/br/home-br/vacuums-br/best-bagless-vacuum/,-1.5117271593169566
ref-stablelm-base-alpha-3b-v2,member,https://www.ktre.com/prnewswire/2022/07/07/mckinsey-amp-company-commits-nearly-doubling-tech-workforce-atlanta-by-2025/,-1.9465640246367557
ref-stablelm-base-alpha-3b-v2,member,https://www.kmvt.com/prnewswire/2022/05/10/amy-bradley-joins-ameriserv-financial-inc-board-directors/,-0.6691245516596886
ref-stablelm-base-alpha-3b-v2,member,https://www.wlbt.com/prnewswire/2022/07/26/donna-riley-bebb-joins-thoma-bravo-head-esg/,-1.1387380441528787
ref-stablelm-base-alpha-3b-v2,member,https://www.ktre.com/prnewswire/2022/07/11/sky-zone-bring-active-play-chandler-az/,-1.9287068714442996
ref-stablelm-base-alpha-3b-v2,member,https://cbs4indy.com/news/national-world/illinois-democrat-sean-casten-announces-17-year-old-daughters-death/,-1.921035302903602
ref-stablelm-base-alpha-3b-v2,member,https://www.kfyrtv.com/prnewswire/2022/05/31/cisco-announces-june-2022-events-with-financial-community/,-0.7335902193572003
ref-stablelm-base-alpha-3b-v2,member,https://www.ktre.com/prnewswire/2022/06/15/flacktek-speedmixer-named-most-innovative-cannabis-technology-platform-2021-by-global-health-pharma/,-1.8737981205804917
ref-stablelm-base-alpha-3b-v2,member,https://www.lehighvalleylive.com/news/2022/05/little-rock-nine-awards-honor-minority-easton-area-school-district-students.html,0.4262641865432637
ref-stablelm-base-alpha-3b-v2,member,https://www.1011now.com/prnewswire/2022/08/31/sectra-extends-medical-diagnostics-business-include-genomics-it/,-1.971768751316814
ref-stablelm-base-alpha-3b-v2,member,https://www.seattletimes.com/seattle-news/homeless/illegally-placed-concrete-blocks-have-taken-over-public-parking-in-seattle-why-are-they-there/?utm_source=RSS&utm_medium=Referral&utm_campaign=RSS_all,0.3681662310497109
ref-stablelm-base-alpha-3b-v2,member,https://www.binghamtonhomepage.com/entertainment-news/man-sentenced-to-10-years-in-rapper-mac-millers-drug-death/,-1.5673951640323986
ref-stablelm-base-alpha-3b-v2,member,https://www.springfieldnewssun.com/obituaries/whiteaker-beecher/RJ66CHTCZREWFEMJOTS7JGZDKU/,0.11101801206029238
ref-stablelm-base-alpha-3b-v2,member,https://www.wibw.com/prnewswire/2022/07/23/natures-sunshine-products-inc-issues-allergy-alert-undeclared-milk-aivia-whey-protein-power-herbs-meal-replacement-shakes/,-1.7873187041168734
ref-stablelm-base-alpha-3b-v2,member,https://www.fox10phoenix.com/news/january-6-hearing-did-trump-commit-a-crime,-2.1450220655574577
ref-stablelm-base-alpha-3b-v2,member,https://www.cleveland19.com/prnewswire/2022/06/23/women-business-collaborative-receives-first-place-award-gula-tech-foundation-cybersecurity-grant-competition/,-1.8462176532472911
ref-stablelm-base-alpha-3b-v2,member,https://www.kbtx.com/prnewswire/2022/06/28/supreme-court-makes-right-decision-dobbs-says-association-american-physicians-surgeons-aaps/,-1.4633574552552366
ref-stablelm-base-alpha-3b-v2,member,https://cbs4indy.com/news/ap-top-headlines/anti-mandate-protesters-converge-on-new-zealand-parliament/,-2.1216769320926803
ref-stablelm-base-alpha-3b-v2,member,https://www.wbay.com/prnewswire/2022/07/07/holland-america-line-introduces-new-chef-ethan-stowell-dishes-dining-room-menu-showcasing-commitment-wild-sustainable-alaska-seafood/,-2.046774800834975
ref-stablelm-base-alpha-3b-v2,member,https://www.kold.com/prnewswire/2022/06/06/leading-build-for-rent-company-triples-its-portfolio-one-year/,-1.1238170674108132
ref-stablelm-base-alpha-3b-v2,member,https://www.wkyt.com/prnewswire/2022/05/25/modine-reports-fourth-quarter-fiscal-2022-results/,-1.3969842444213467
ref-stablelm-base-alpha-3b-v2,member,https://www.wesh.com/article/lakeland-suv-crash-deadly/40827712,0.1471971685321849
ref-stablelm-base-alpha-3b-v2,member,https://www.wnem.com/2022/07/12/woman-paralyzed-icu-after-chiropractic-visit/,-1.9636006286321483
ref-stablelm-base-alpha-3b-v2,member,https://www.dakotanewsnow.com/prnewswire/2022/06/30/democrats-illinois-house-announce-leadership-change/,-1.9401129261073624
ref-stablelm-base-alpha-3b-v2,member,https://www.wowktv.com/news/nexstar-media-wire/tattoo-inks-may-have-cancer-causing-chemicals-study-shows/,-2.1464796327440383
ref-stablelm-base-alpha-3b-v2,member,https://www.cenlanow.com/entertainment-news/ap-sweetie-pie-star-found-guilty-in-nephews-shooting-death/,-1.9250661217959486
ref-stablelm-base-alpha-3b-v2,member,https://www.dakotanewsnow.com/prnewswire/2022/08/18/introducing-upshop-total-store-operations-platform/,0.36446054749635204
ref-stablelm-base-alpha-3b-v2,member,https://www.cenlanow.com/national/vfw-launches-campaign-to-showcase-veterans-stillserving/,0.20428334213500365
ref-stablelm-base-alpha-3b-v2,member,https://www.wmur.com/article/volodymyr-zhukovskyy-trial-71922/40651477,0.162632432979138
ref-stablelm-base-alpha-3b-v2,member,https://www.sfgate.com/sports/article/Ex-NFL-WR-Golden-Tate-signs-with-summer-baseball-17241908.php,-1.3117736343356077
ref-stablelm-base-alpha-3b-v2,member,https://localnews8.com/entertainment/cnn-entertainment/2022/04/30/country-music-legend-naomi-judd-one-half-of-the-judds-has-died/,-1.1341188334363588
ref-stablelm-base-alpha-3b-v2,member,https://wgntv.com/reviews/br/baby-kids-br/nursery-br/the-best-baby-crib/,-1.4636393461118455
ref-stablelm-base-alpha-3b-v2,member,https://www.ourmidland.com/sports/article/2022-Dallas-Cowboys-Roster-17440959.php,0.12475551834428744
ref-stablelm-base-alpha-3b-v2,member,https://trib.com/news/local/casper/duck-dynasty-star-will-speak-at-wednesdays-boys-and-girls-club-breakfast/article_8fcb7478-32d2-11ed-93ce-cb986daaf403.html,0.4004554488066352
ref-stablelm-base-alpha-3b-v2,member,https://www.ourmidland.com/news/article/Washington-school-shooter-sentenced-to-40-years-17385558.php,-1.8083101309126
ref-stablelm-base-alpha-3b-v2,member,https://www.kark.com/news/national-news/suspect-in-buffalo-supermarket-shooting-charged-with-federal-hate-crimes/,-1.897249552460025
ref-stablelm-base-alpha-3b-v2,member,https://www.wkyt.com/prnewswire/2022/09/01/norwex-envirocloth-cleaning-paste-named-winner-good-housekeepings-2022-best-cleaning-amp-organizing-awards/,-1.7941978698199783
ref-stablelm-base-alpha-3b-v2,member,https://www.abcactionnews.com/news/national/who-monkeypox-likely-spread-by-sex-at-raves-in-europe,-1.5513914711480687
ref-stablelm-base-alpha-3b-v2,member,https://www.localsyr.com/news/international/germany-again-rejects-russian-explanation-for-gas-supply-cut/,-2.210859413135067
ref-stablelm-base-alpha-3b-v2,member,https://www.wane.com/reviews/13-most-popular-sheet-masks-on-sephora/,-1.5745221316190612
ref-stablelm-base-alpha-3b-v2,member,https://www.kfyrtv.com/2022/08/04/williston-basin-school-district-looking-into-alternate-lunch-policy/,0.0494547895110129
ref-stablelm-base-alpha-3b-v2,member,https://www.cnet.com/culture/entertainment/house-of-the-dragon-vs-lord-of-the-rings-vs-she-hulk-vs-star-wars/,0.6191780642272473
ref-stablelm-base-alpha-3b-v2,member,https://www.wfmz.com/news/pr_newswire/pr_newswire_stocks/mcloud-announces-first-quarter-2022-financial-results/article_f04f2be9-2345-5fdf-95d5-7bd392b50047.html,-0.8703654198414161
ref-stablelm-base-alpha-3b-v2,member,https://www.wistv.com/prnewswire/2022/06/07/starling-debuts-atlantas-latest-lifestyle-hotel-joining-curio-collection-by-hilton/,-1.7893213166297497
ref-stablelm-base-alpha-3b-v2,member,https://www.theledger.com/story/sports/outdoors/fishing/2022/07/28/tides-and-solunars-know-when-hit-outdoors/10157711002/,0.1422271831694183
ref-stablelm-base-alpha-3b-v2,member,https://www.mrt.com/weather/article/TX-WFO-MIDLAND-ODESSA-Warnings-Watches-and-17213046.php,-1.5987402244048994
ref-stablelm-base-alpha-3b-v2,member,https://www.wptv.com/garth-brooks-helps-open-police-station-nashville,-1.1386285247252235
ref-stablelm-base-alpha-3b-v2,member,https://www.kold.com/prnewswire/2022/09/01/happydic-is-reinventing-usa-streetwear-new-generation-sustainable-ethical-shoppers/,-1.7092115175541478
ref-stablelm-base-alpha-3b-v2,member,https://www.thetimes-tribune.com/news/crime-emergencies/power-restored-to-most-north-scranton-customers/article_54a2e288-ac1f-5b11-9a5f-7c5c3e8b85da.html,-0.6940694125616762
ref-stablelm-base-alpha-3b-v2,member,https://www.krqe.com/news/national/youve-seen-the-webb-telescopes-stunning-images-but-have-you-heard-them/,-2.3893523344069862
ref-stablelm-base-alpha-3b-v2,member,https://www.kalb.com/2022/09/16/bed-bath-beyond-releases-store-closure-list/,-1.297254711279686
ref-stablelm-base-alpha-3b-v2,member,https://www.kait8.com/prnewswire/2022/06/08/mercury-insurance-offers-new-coverages-discounts-illinois/,-1.7766569332545483
ref-stablelm-base-alpha-3b-v2,member,https://www.sfgate.com/business/article/Cedar-Q2-Earnings-Snapshot-17352743.php,-0.42695664277096235
ref-stablelm-base-alpha-3b-v2,member,https://who13.com/news/national-news/ap-us-news/ap-alex-jones-faces-second-trial-over-sandy-hook-hoax-claims/,-1.921417616467794
ref-stablelm-base-alpha-3b-v2,member,https://www.sfgate.com/news/article/Microplastics-increasingly-found-in-Colorado-s-17356410.php,-0.2172073782229491
ref-stablelm-base-alpha-3b-v2,member,https://www.wdtn.com/entertainment-news/ap-entertainment/uk-royals-spending-up-17-mostly-for-palace-overhaul-costs/,-2.2227750526142587
ref-stablelm-base-alpha-3b-v2,member,https://www.kswo.com/prnewswire/2022/06/29/bahamasair-relaunches-nonstop-service-orlando-grand-bahama-island/,-1.1304001839502347
ref-stablelm-base-alpha-3b-v2,member,https://www.weau.com/prnewswire/2022/08/04/unity-software-inc-company-news-berger-montague-investigates-securities-fraud-allegations-against-unity-software-inc-nyse-u-lead-plaintiff-deadline-is-september-6-2022/,-1.5131931556527882
ref-stablelm-base-alpha-3b-v2,member,https://www.yourbasin.com/news/national-news/naacp-abortion-ruling-will-disproportionately-impact-black-women/,-1.9293363676891384
ref-stablelm-base-alpha-3b-v2,member,https://www.wbay.com/2022/08/07/consumer-first-alert-fbi-sees-increase-sextortion-targeting-teen-boys/,0.2442207241219836
ref-stablelm-base-alpha-3b-v2,member,https://www.cleveland19.com/prnewswire/2022/06/01/mendix-expands-relationship-with-capgemini-digitize-streamline-insurance-industry/,-2.053800832108111
ref-stablelm-base-alpha-3b-v2,member,https://www.1011now.com/prnewswire/2022/07/25/rush-recommerce-announces-129-million-series-funding-round/,-1.5856480381207871
ref-stablelm-base-alpha-3b-v2,member,https://www.seattletimes.com/nation-world/world/1st-ukraine-grain-ship-for-horn-of-africa-reaches-djibouti/?utm_source=RSS&utm_medium=Referral&utm_campaign=RSS_nation-world,-1.8726955516272057
ref-stablelm-base-alpha-3b-v2,member,https://www.jsonline.com/story/sports/college/uw/2022/09/13/wisconsins-clay-cundiff-must-overcome-fumble-vs-washington-state/10360506002/,0.137505745833141
ref-stablelm-base-alpha-3b-v2,member,https://www.kxnet.com/news/politics/ap-politics/report-federal-debt-lower-in-2022-still-poised-to-climb/,-2.246294159912368
ref-stablelm-base-alpha-3b-v2,member,https://www.cleveland19.com/prnewswire/2022/07/08/childrens-cancer-research-fund-seeking-60000-cyclists-help-kick-cancers-butt-during-great-cycle-challenge-usa-this-september/,-1.7143639313924208
ref-stablelm-base-alpha-3b-v2,member,https://www.ourmidland.com/sports/article/Judge-hits-55th-homer-Yanks-mark-for-17425592.php,-1.6767748453676965
ref-stablelm-base-alpha-3b-v2,member,https://www.wjhl.com/reviews/the-best-metal-wind-spinners/,-1.9848530877115442
ref-stablelm-base-alpha-3b-v2,member,https://www.wibw.com/prnewswire/2022/07/06/dequency-launches-music-rights-portal-create-first-open-two-sided-sync-licensing-marketplace/,-2.2585549022012175
ref-stablelm-base-alpha-3b-v2,member,https://www.sfgate.com/news/article/US-home-sales-fell-again-in-July-as-housing-17381728.php,-0.5627940264927449
ref-stablelm-base-alpha-3b-v2,member,https://www.wcjb.com/prnewswire/2022/06/19/max-stock-limited-announces-stock-buyback-plan/,-1.8462578660062352
ref-stablelm-base-alpha-3b-v2,member,https://www.kwch.com/prnewswire/2022/06/16/finally-theres-vitalite-plant-based-cheese/,-1.697458353788163
ref-stablelm-base-alpha-3b-v2,member,https://www.mrt.com/weather/article/TX-WFO-LUBBOCK-Warnings-Watches-and-Advisories-17410730.php,-1.5156323309545843
ref-stablelm-base-alpha-3b-v2,member,https://www.beaumontenterprise.com/weather/article/CA-Sacramento-CA-Zone-Forecast-17227041.php,-0.4855830012449599
ref-stablelm-base-alpha-3b-v2,member,https://www.pahomepage.com/washington/washington-dc/sen-markey-emphasizes-maintaining-peaceful-relations-after-trip-to-asia/,-1.5221426161605556
ref-stablelm-base-alpha-3b-v2,member,https://www.ktre.com/prnewswire/2022/09/01/edible-makes-back-school-sweet-experience-with-customizable-care-packages/,-2.0182765664675033
ref-stablelm-base-alpha-3b-v2,member,https://www.knkx.org/2022-07-19/steve-dettelbach-steps-in-at-a-critical-time-to-lead-the-atf,-2.022149021685013
ref-stablelm-base-alpha-3b-v2,member,https://www.wkyt.com/prnewswire/2022/06/17/claflin-university-receives-500000-bank-america-support-center-social-justice/,-1.1746543291576486
ref-stablelm-base-alpha-3b-v2,member,https://www.kxii.com/prnewswire/2022/07/20/belatina-tv-host-celebrity-dentist-former-real-housewives-miami-star-karent-sierra-shares-her-3-step-routine-healthy-summer-smile/,-1.8768000034313492
ref-stablelm-base-alpha-3b-v2,member,https://www.wbay.com/prnewswire/2022/06/15/priceline-makes-travel-easy-affordable-with-summer-sale-expanded-loyalty-program/,-1.6317628489715021
ref-stablelm-base-alpha-3b-v2,member,https://wtmj.com/national/2022/04/24/2-suspects-sought-as-100-die-in-nigeria-oil-refinery-blast-2/,-1.9441420970345935
ref-stablelm-base-alpha-3b-v2,member,https://www.kwch.com/prnewswire/2022/07/26/fairtility-launches-ai-academy-demystify-use-artificial-intelligence-fertility-care/,-1.435305665641155
ref-stablelm-base-alpha-3b-v2,member,https://www.dakotanewsnow.com/prnewswire/2022/08/18/canadian-solar-reports-second-quarter-2022-results/,-0.28969063372848924
ref-stablelm-base-alpha-3b-v2,member,https://www.wkyt.com/prnewswire/2022/08/03/pepsico-pepsico-foundation-partner-with-world-central-kitchen-save-children-provide-relief-families-impacted-by-kentucky-flooding/,-1.6881006718533098
ref-stablelm-base-alpha-3b-v2,member,https://www.kcra.com/article/dying-to-ask-podcast-dorm-designers-phone-dumps-and-all-things-college-101/40860366,0.5732864432384921
ref-stablelm-base-alpha-3b-v2,member,https://kion546.com/news/2022/09/08/families-of-2-innocent-victims-killed-amid-lapd-pursuit-to-sue-department-and-city/,0.0031570483096805546
ref-stablelm-base-alpha-3b-v2,member,https://www.kxii.com/prnewswire/2022/09/13/ozy-genius-awards-announces-search-class-2023-with-special-focus-students-hbcus/,-1.9952183618831763
ref-stablelm-base-alpha-3b-v2,member,https://www.myarklamiss.com/news/international/explosions-gunfire-at-a-military-base-near-malis-capital/,-1.8965140056996537
ref-stablelm-base-alpha-3b-v2,member,https://www.bostonglobe.com/2022/06/16/metro/diossa-calls-pryor-step-down-commerce-secretary/,0.272361819540071
ref-stablelm-base-alpha-3b-v2,member,https://www.cleveland19.com/prnewswire/2022/08/30/digital-brand-architects-announces-acquisition-digital-golf-collective/,-1.7824682795923228
ref-stablelm-base-alpha-3b-v2,member,https://www.wafb.com/prnewswire/2022/08/25/genesis-ranks-highest-overall-tech-innovation-jd-power-2022-us-tech-experience-index-study/,-1.8336344902804393
ref-stablelm-base-alpha-3b-v2,member,https://www.texomashomepage.com/news/national/ap-2-plead-guilty-in-scheme-to-sell-bidens-daughters-diary/,-2.1219723594009454
ref-stablelm-base-alpha-3b-v2,member,https://www.seattlepi.com/news/article/For-Republican-governors-all-economic-success-is-17386573.php,-2.295055465772108
ref-stablelm-base-alpha-3b-v2,member,https://phl17.com/news/international/ap-international/family-of-comatose-boy-seek-to-have-him-moved-to-hospice/,-1.8391490068535303
ref-stablelm-base-alpha-3b-v2,member,https://www.wnem.com/2022/08/30/man-charged-with-arson-after-mt-morris-house-fire/,0.0439856966110459
ref-stablelm-base-alpha-3b-v2,member,https://www.wafb.com/2022/07/25/lavrov-says-russian-goal-oust-ukraines-president/,-1.9050756529713015
ref-stablelm-base-alpha-3b-v2,member,https://www.wkyt.com/prnewswire/2022/09/01/legendary-irish-poet-patrick-kavanaghs-work-brought-life-new-record-by-readings-hozier-liam-neeson-imelda-may-bono-more/,-1.4518717611044352
ref-stablelm-base-alpha-3b-v2,member,https://www.texomashomepage.com/news/health/top-french-official-accused-of-rape-during-gynecology-exams/,-1.9655950743983495
ref-stablelm-base-alpha-3b-v2,member,https://www.fox16.com/news/education/arkansas-summer-learning-programs-rake-up-1-8-million-in-esser-iii-grants/,0.36693940851223106
ref-stablelm-base-alpha-3b-v2,member,https://www.wthr.com/article/news/crime/man-indicted-in-rape-of-9-year-old-columbus-girl-who-traveled-to-indiana-for-abortion-gerson-fuentes-caitlin-bernard-todd-rokita-ohio-columbus/531-be793ac2-3fbd-438b-84de-5f8125b2ba68,-0.3191584146491806
ref-stablelm-base-alpha-3b-v2,member,https://www.kron4.com/news/bay-area/sf-cheese-fest-returns-post-covid-but-not-in-sf/,0.46114789817164237
ref-stablelm-base-alpha-3b-v2,member,https://www.mysuncoast.com/2022/06/23/fda-orders-all-juul-electronic-cigarettes-removed-us-market/,-1.9145833840543738
ref-stablelm-base-alpha-3b-v2,member,https://phl17.com/nmw/taco-bell-unveils-big-cheez-it-tostada-and-crunchwrap-supreme/,-1.6159263359917853
ref-stablelm-base-alpha-3b-v2,member,https://www.kxxv.com/news/national/two-americas/government-data-shows-most-big-cities-remain-racially-segregated,-1.7721771904882355
ref-stablelm-base-alpha-3b-v2,member,https://www.orlandosentinel.com/news/florida/os-ne-gofundme-florida-teen-who-lost-shark-20220720-fltdiisqtjbe5nx3xph5zicnrq-story.html,0.005942622520621388
ref-stablelm-base-alpha-3b-v2,member,https://www.normantranscript.com/news/open-meeting-act-violation-commissioner-bows-of-meeting-monday/article_98054868-c049-11ec-9572-4b12d4df2f15.html,0.25550228534367125
ref-stablelm-base-alpha-3b-v2,member,https://www.ktre.com/2022/06/26/officer-suspended-off-duty-actions-abortion-protest/,-1.7095984787725476
ref-stablelm-base-alpha-3b-v2,member,https://www.kfyrtv.com/prnewswire/2022/08/26/tuya-smart-launches-its-latest-matter-solutions-support-global-customers/,-2.5808626530446617
ref-stablelm-base-alpha-3b-v2,member,https://www.idahopress.com/community/life/movie-guy-minions-rise-up-for-laughs/article_7cc3916b-6818-5a40-be9f-99286c99a6d4.html,0.23705263915109764
ref-stablelm-base-alpha-3b-v2,member,https://www.kxii.com/prnewswire/2022/08/25/wats3d-ai-platform-included-american-gastroenterological-association-aga-clinical-practice-update-new-technology-innovation-surveillance-screening-barretts-esophagus/,-2.1221531896042642
ref-stablelm-base-alpha-3b-v2,member,https://www.seattletimes.com/pacific-nw-magazine/july-10-readers-lens/?utm_source=RSS&utm_medium=Referral&utm_campaign=RSS_all,0.48029755520367656
ref-stablelm-base-alpha-3b-v2,member,https://www.cleveland19.com/prnewswire/2022/08/11/byron-allens-allen-media-group-elevates-chris-malone-chief-financial-officer/,-1.9449460048375389
ref-stablelm-base-alpha-3b-v2,member,https://who13.com/news/national-news/what-is-bereal-new-anti-influencer-social-media-app-gains-popularity/,-2.353492133818912
ref-stablelm-base-alpha-3b-v2,member,https://www.wkyt.com/prnewswire/2022/08/19/childrens-eye-surgeons-team-up-with-safe-eyes-america-oppose-lowering-eye-surgery-licensing-requirements/,-1.9949944441399368
ref-stablelm-base-alpha-3b-v2,member,https://www.abcactionnews.com/news/national/coronavirus/fda-authorizes-at-home-nonprescription-test-that-detects-covid-19-rsv-and-flu,-1.4989520803247502
ref-stablelm-base-alpha-3b-v2,member,https://www.kold.com/2022/05/06/local-restaurants-face-tequila-shortage-amid-supply-chain-crisis/,0.14365790633501385
ref-stablelm-base-alpha-3b-v2,member,https://www.kff.org/racial-equity-and-health-policy/issue-brief/2022-changes-to-the-public-charge-inadmissibility-rule-and-the-implications-for-health-care/,0.6936684843363274
ref-stablelm-base-alpha-3b-v2,member,https://www.wfaa.com/article/news/verify/national-verify/two-weeks-notice-not-legally-required-quitting-job/536-1c4fd0f1-e284-4e75-bffc-7f24ccb70cac,-1.6353997482981049
ref-stablelm-base-alpha-3b-v2,member,https://www.eonline.com/news/1339365/tristan-thompson-twins-with-5-year-old-son-prince-in-car-selfie?cmpid=rss-000000-rssfeed-365-topstories&utm_source=eonline&utm_medium=rssfeeds&utm_campaign=rss_topstories,-0.12091518218885233
ref-stablelm-base-alpha-3b-v2,member,https://www.wibw.com/prnewswire/2022/06/13/bechtel-support-construction-new-airport-indias-capital-city/,-2.011567252970987
ref-stablelm-base-alpha-3b-v2,member,https://www.wlbt.com/2022/05/22/biden-says-monkeypox-cases-something-be-concerned-about/,-1.7257006635912069
ref-stablelm-base-alpha-3b-v2,member,https://www.sfchronicle.com/bayarea/article/mask-mandate-alameda-17216427.php,0.20643014441060004
ref-stablelm-base-alpha-3b-v2,member,https://www.texomashomepage.com/news/national-news/the-original-dunkin-donut-used-to-have-a-handle-for-dunking/,-2.092337037582876
ref-stablelm-base-alpha-3b-v2,member,https://www.koin.com/news/large-portion-of-multnomah-county-budget-going-towards-homeless-services/,0.1518749382803133
ref-stablelm-base-alpha-3b-v2,member,https://www.mysuncoast.com/prnewswire/2022/06/06/unisys-announces-winners-13th-annual-unisys-innovation-program-uip-contest/,-1.6975136261364236
ref-stablelm-base-alpha-3b-v2,member,https://www.mysuncoast.com/prnewswire/2022/06/15/associated-banc-corp-announces-executive-leadership-appointments/,-1.0371818065003202
ref-stablelm-base-alpha-3b-v2,member,https://www.kwch.com/prnewswire/2022/08/09/vial-announces-emr-interface-with-modmed-power-clinical-trial-patient-recruitment/,-2.18565275172053
ref-stablelm-base-alpha-3b-v2,member,https://www.santafenewmexican.com/news/local_news/arson-suspect-faces-new-fake-name-charge/article_586fc490-0e90-11ed-b6b3-275554c05b74.html,0.3264768813761485
ref-stablelm-base-alpha-3b-v2,member,https://www.wsaz.com/2022/07/13/doctors-transplant-pig-hearts-into-2-brain-dead-patients/,-2.259111026094956
ref-stablelm-base-alpha-3b-v2,member,https://www.unionleader.com/news/health/saint-gobain-agrees-to-permanent-alternative-drinking-water-solutions-for-1-000-properties/article_8f8bd17b-9186-5916-a25a-fcc02c2f7125.html,0.17711081636848247
ref-stablelm-base-alpha-3b-v2,member,https://www.wfla.com/sports/ap-sports/gareth-bale-says-hes-at-lafc-to-win-trophies-not-to-retire/,-2.181985212196441
ref-stablelm-base-alpha-3b-v2,member,https://www.seattlepi.com/sports/article/Jets-QB-Wilson-injures-knee-in-preseason-game-17370838.php,-1.6021533899170732
ref-stablelm-base-alpha-3b-v2,member,https://www.kimt.com/news/major-drug-bust-leads-to-five-arrests-in-southern-minnesota/article_0947d0fe-c671-11ec-9f1f-a347dcc10a26.html,0.12181582340445463
ref-stablelm-base-alpha-3b-v2,member,https://www.newschannel6now.com/2022/08/26/pa-man-who-attacked-police-jan-6-gets-46-month-sentence/,-1.670761317752312
ref-stablelm-base-alpha-3b-v2,member,https://www.wivb.com/news/national/kids-mullet-championship-2022-young-finalists-keep-business-up-front-party-in-the-back/,-2.1880695216620634
ref-stablelm-base-alpha-3b-v2,member,https://www.wflx.com/2022/05/12/mega-millions-mistake-ny-lottery-temporarily-pauses-payments-after-human-error/,-1.9751144364456739
ref-stablelm-base-alpha-3b-v2,member,https://www.kark.com/news/state-news/documents-reveal-background-of-deputies-officer-involved-in-violent-mulberry-arrest/,0.12785266482582758
ref-stablelm-base-alpha-3b-v2,member,https://www.kwch.com/prnewswire/2022/09/14/robert-half-names-george-denlinger-operational-president-us-technology-marketing-legal-talent-solutions/,-1.6415508837179833
ref-stablelm-base-alpha-3b-v2,member,https://www.kmvt.com/prnewswire/2022/07/01/acclaimed-artist-derrick-adams-launches-derrick-adams-editions-funtime-unicorn/,-1.7697122251850268
ref-stablelm-base-alpha-3b-v2,member,https://www.1011now.com/prnewswire/2022/06/16/first-ever-servicetitan-hvac-national-championship-shine-light-hvac-trade-professionals-apprentices-across-country/,-1.4609161827414894
ref-stablelm-base-alpha-3b-v2,member,https://www.ourmidland.com/sports/article/Kansas-City-Team-Stax-17298737.php,0.883589859035149
ref-stablelm-base-alpha-3b-v2,member,https://www.seattletimes.com/business/shelling-kills-1-in-ukraine-russia-wants-nuke-plant-pledges/?utm_source=RSS&utm_medium=Referral&utm_campaign=RSS_all,-1.674104422450555
ref-stablelm-base-alpha-3b-v2,member,https://www.koin.com/news/international/uk-conservatives-picking-final-2-in-race-to-replace-johnson/,-2.0971723312952637
ref-stablelm-base-alpha-3b-v2,member,https://fox59.com/news/national-world/ap-international/war-damaged-russian-tanks-to-go-on-display-in-polish-square/,-1.8022843732325975
ref-stablelm-base-alpha-3b-v2,member,https://www.wane.com/top-stories/ap-top-headlines/amazon-prime-day-comes-amid-slowdown-in-online-sales-growth/,-2.251621138043376
ref-stablelm-base-alpha-3b-v2,member,https://www.kunm.org/npr-news/2022-08-02/pregnant-georgia-says-that-fetus-counts-as-a-dependent-on-your-taxes,-1.9867566336084481
ref-stablelm-base-alpha-3b-v2,member,https://www.kron4.com/reviews/br/camping-outdoors-br/sleeping-br/10-best-camping-cots/,-1.708932022753981
ref-stablelm-base-alpha-3b-v2,member,https://www.tacomadailyindex.com/blog/no-22-2-07666-1-summons-by-publication/2459413/,0.6803955452125006
ref-stablelm-base-alpha-3b-v2,member,https://www.ksn.com/sports/ap-sports/chez-reavie-has-late-eagle-leads-barracuda-championship/,-2.017566837310888
ref-stablelm-base-alpha-3b-v2,member,https://www.valleynewslive.com/prnewswire/2022/06/01/9th-annual-national-strip-tillage-conference-returns-iowa/,-2.463756892154758
ref-stablelm-base-alpha-3b-v2,member,https://phl17.com/news/international/ap-international/ap-g-7-pledges-to-move-forward-with-russia-oil-price-cap-system/,-2.0942391587170914
ref-stablelm-base-alpha-3b-v2,member,https://www.wlbt.com/prnewswire/2022/06/09/susana-suarez-gonzalez-joins-amcor-chief-human-resources-officer/,-1.6280387402260525
ref-stablelm-base-alpha-3b-v2,member,https://www.yourcentralvalley.com/hill-politics/white-house-preparing-contingencies-in-event-of-rail-worker-strike/,-2.113803212498746
ref-stablelm-base-alpha-3b-v2,member,https://www.wbay.com/prnewswire/2022/08/23/milliman-analysis-public-pensions-recover-majority-junes-market-losses-reach-773-funded-july-31/,-1.5608611509157233
ref-stablelm-base-alpha-3b-v2,member,https://www.arkansasonline.com/news/2022/jul/03/pb-official-returns-to-crime-scene/,0.2609323887396986
ref-stablelm-base-alpha-3b-v2,member,https://www.clickorlando.com/business/2022/08/12/publisher-of-usa-today-other-papers-axes-staff-to-cut-costs/,-1.8813515277081456
ref-stablelm-base-alpha-3b-v2,member,https://www.wbrc.com/prnewswire/2022/06/16/exclusive-new-brain-program-developed-by-brc-recovery-doctors-phd-focuses-life-story-human-experience-an-individual/,-2.4098254566226114
ref-stablelm-base-alpha-3b-v2,member,https://www.sfgate.com/sports/article/Avalanche-Lightning-show-importance-of-making-17269260.php,-2.1050470076818746
ref-stablelm-base-alpha-3b-v2,member,https://www.mysuncoast.com/prnewswire/2022/05/19/businessesforsalecom-buyer-survey-us-business-buyers-are-securing-their-futures/,-1.8476409644361147
ref-stablelm-base-alpha-3b-v2,member,https://www.washingtonpost.com/kidspost/2022/06/08/roman-mcconn-rescues-shelter-dogs/,0.5723899343039913
ref-stablelm-base-alpha-3b-v2,member,https://www.localsyr.com/sports/sports-news/wallace-says-his-frustrations-result-from-his-passion-to-win/,-1.875103005041129
ref-stablelm-base-alpha-3b-v2,member,https://www.kwch.com/prnewswire/2022/07/26/eri-group-link-product-development-announce-merger/,-1.3990353469964156
ref-stablelm-base-alpha-3b-v2,member,https://www.twincities.com/2022/07/27/robert-quinn-says-hes-on-board-with-the-chicago-bears-despite-speculation-i-never-expected-to-go-anywhere/,0.06739065288411306
ref-stablelm-base-alpha-3b-v2,member,https://www.wymt.com/2022/04/28/shotgun-armed-estranged-husband-breaks-into-wifes-home-while-shes-inside-with-two-men-deputies-say/,0.1573890788517145
ref-stablelm-base-alpha-3b-v2,member,https://www.dakotanewsnow.com/prnewswire/2022/08/09/circuit-clinical-trial-site-staff-fully-certified-best-in-class-medidata-dct-rave-edc-technology/,-2.2181627586415393
ref-stablelm-base-alpha-3b-v2,member,https://www.cleveland19.com/prnewswire/2022/06/02/palace-project-launches-new-platform-app-enable-equitable-econtent-access/,-1.945587863171759
ref-stablelm-base-alpha-3b-v2,member,https://kion546.com/stacker-entertainment/2022/07/06/iconic-movies-shot-in-15-major-u-s-cities/,0.4057001987418525
ref-stablelm-base-alpha-3b-v2,member,https://www.mrt.com/news/article/Joshua-Tree-reopens-roads-that-were-hit-by-flash-17364193.php,-1.262800887938944
ref-stablelm-base-alpha-3b-v2,member,https://www.kfyrtv.com/2022/09/14/bingo-lite-brite-nerf-among-toy-hall-fame-finalists/,-1.9668965426335074
ref-stablelm-base-alpha-3b-v2,member,https://www.cleveland19.com/prnewswire/2022/06/01/bronstein-gewirtz-amp-grossman-llc-notifies-allianz-global-investors-us-llc-allianzgi-shareholders-class-action-encourages-investors-contact-firm/,-1.000113868134484
ref-stablelm-base-alpha-3b-v2,member,https://www.sfchronicle.com/weather/article/CA-WFO-LAS-VEGAS-Warnings-Watches-and-Advisories-17371310.php,-1.3937219638270024
ref-stablelm-base-alpha-3b-v2,member,https://www.twincities.com/2022/08/05/chicago-cubs-catcher-willson-contreras-plays-the-hero-in-his-homecoming-and-is-ready-to-talk-with-jed-hoyer-at-anytime/,-0.048908914470686016
ref-stablelm-base-alpha-3b-v2,member,https://www.valleynewslive.com/prnewswire/2022/07/13/valens-company-reports-second-quarter-fiscal-2022-financial-results/,-1.7387052002398782
ref-stablelm-base-alpha-3b-v2,member,https://www.wkyt.com/prnewswire/2022/09/13/oracle-opens-first-cloud-region-spain/,-1.839892746602552
ref-stablelm-base-alpha-3b-v2,member,https://www.ijpr.org/npr-news/2022-06-04/a-small-plane-flew-near-bidens-beach-house-in-delaware,-1.7524859114532048
ref-stablelm-base-alpha-3b-v2,member,https://www.wistv.com/2022/07/22/vince-mcmahon-retires-wwe/,-1.7150535998618885
ref-stablelm-base-alpha-3b-v2,member,https://www.wbrc.com/prnewswire/2022/07/14/masterclass-announces-kris-jenner-teach-power-personal-branding/,-1.897808977233699
ref-stablelm-base-alpha-3b-v2,member,https://www.wibw.com/2022/07/07/former-theranos-exec-ramesh-balwani-convicted-fraud/,-1.988241012375786
ref-stablelm-base-alpha-3b-v2,member,https://www.tuscaloosanews.com/story/sports/college/football/2022/08/07/alabama-football-pete-golding-dui-arrest-rebuilding-trust/10187468002/,0.4533659026949759
ref-stablelm-base-alpha-3b-v2,member,https://www.albanyherald.com/entertainment/lea-michele-will-replace-beanie-feldstein-in-funny-girl/article_365bd3fb-9067-59f5-93aa-b0bbe6b3871f.html,-0.45315571349134687
ref-stablelm-base-alpha-3b-v2,member,https://www.wflx.com/prnewswire/2022/08/16/exro-technologies-signs-multiyear-agreement-with-sea-electric-supply-coil-drive-systems-next-generation-commercial-electric-vehicles/,-1.5663141384491437
ref-stablelm-base-alpha-3b-v2,member,https://www.mrt.com/weather/article/CA-WFO-PHOENIX-Warnings-Watches-and-Advisories-17259481.php,-1.6258851539331234
ref-stablelm-base-alpha-3b-v2,member,https://www.kbtx.com/prnewswire/2022/05/02/flyersrights-responds-faas-argument-that-it-does-not-need-follow-congressional-mandate-establish-seat-size-standards/,-1.6807941619492333
ref-stablelm-base-alpha-3b-v2,member,https://www.yourcentralvalley.com/news/u-s-world/jurors-see-gruesome-video-of-florida-school-shooting/,-1.997736703810507
ref-stablelm-base-alpha-3b-v2,member,https://www.wflx.com/2022/07/08/join-wptv-first-alert-weather-spotters-team/,0.5490222953593924
ref-stablelm-base-alpha-3b-v2,member,https://www.expressnews.com/sports/article/Patriots-facing-2-opponents-this-week-heat-and-17420359.php,-2.0779684218876353
ref-stablelm-base-alpha-3b-v2,member,https://www.kswo.com/prnewswire/2022/08/30/hsbc-holdings-plc-amends-consideration-exchange-offers-concurrent-cash-tender-offers-subordinated-notes-extends-expiration-deadline/,-1.049127963939583
ref-stablelm-base-alpha-3b-v2,member,https://www.wearegreenbay.com/international/ap-international/somalia-names-former-al-shabab-deputy-a-government-minister/,-1.9018497168366069
ref-stablelm-base-alpha-3b-v2,member,https://azdailysun.com/loretta-lynn/article_9d38ae56-fe1e-5743-8a69-ea3b38c5339c.html,1.095574855627877
ref-stablelm-base-alpha-3b-v2,member,https://www.dailyuw.com/sports/what-goals-do-uw-s-coaches-have-for-the-season-opener/article_45af108e-2aee-11ed-8434-9b0b0bdaf0e5.html,0.13762623552015807
ref-stablelm-base-alpha-3b-v2,member,https://www.mrt.com/news/article/Zimbabweans-hit-by-soaring-inflation-Will-gold-17383784.php,-2.2813731157824053
ref-stablelm-base-alpha-3b-v2,member,https://www.fox5ny.com/news/watch-winnie-the-pooh-blood-and-honey-horror-film-trailer,-0.10233889151411901
ref-stablelm-base-alpha-3b-v2,member,https://www.inquirer.com/sixers/philadelphia-76ers-danny-green-acl-injury-contract-20220518.html,-0.0020494398222572485
ref-stablelm-base-alpha-3b-v2,member,https://www.twincities.com/2022/09/08/high-school-football-fridays-week-2-predictions-2/,0.16098747336426888
ref-stablelm-base-alpha-3b-v2,member,https://www.nj.com/yankees/2022/07/yankees-guardians-lineups-sunday-no-aaron-judge-jordan-montgomery-on-mound-7322.html,-0.14063665358534982
ref-stablelm-base-alpha-3b-v2,member,https://www.wsaz.com/prnewswire/2022/08/15/zynex-announces-first-enrollments-apheresis-donation-clinical-trial-with-second-generation-fluid-monitoring-system/,-1.3701336506662962
ref-stablelm-base-alpha-3b-v2,member,https://www.wnem.com/2022/05/03/more-than-200-sailors-moved-off-navy-aircraft-carrier-after-multiple-suicides/,-1.747617771419871
ref-stablelm-base-alpha-3b-v2,member,https://www.thetimes-tribune.com/zz-dnp/paul-calderone/article_15a8ab2a-292d-5944-81d5-a8827b33882a.html,-0.1953825225756738
ref-stablelm-base-alpha-3b-v2,member,https://www.kswo.com/prnewswire/2022/06/04/us-conference-mayors-announces-winners-police-racial-justice-grants/,-1.9810000504030976
ref-stablelm-base-alpha-3b-v2,member,https://www.wivb.com/news/biden-says-olympians-brought-a-bit-of-unity-to-weary-nation/,-2.2212519246030507
ref-stablelm-base-alpha-3b-v2,member,https://www.kait8.com/prnewswire/2022/09/01/decentralised-security-provider-silence-laboratories-raises-17-million-seed-funding/,-2.7617624392164775
ref-stablelm-base-alpha-3b-v2,member,https://www.kxii.com/prnewswire/2022/08/01/harris-associates-lp-announces-oakmark-portfolio-manager-changes/,-1.5690479893796778
ref-stablelm-base-alpha-3b-v2,member,https://www.cbs42.com/news/national/jan-6-panel-changed-script-for-star-witness-at-a-steep-cost/,-2.2272132145298507
ref-stablelm-base-alpha-3b-v2,member,https://www.wlbt.com/prnewswire/2022/06/22/college-costs-inflation-both-skyrocket-fafsa-is-more-confusing-than-ever/,-1.374344506647828
ref-stablelm-base-alpha-3b-v2,member,https://www.wbtv.com/prnewswire/2022/09/13/lumen-announces-ceo-transition/,-1.62193650782009
ref-stablelm-base-alpha-3b-v2,member,https://www.weau.com/2022/07/28/obama-white-house-portrait-be-unveiled-sept-7-event/,-1.9646022394594038
ref-stablelm-base-alpha-3b-v2,member,https://cbs4indy.com/news/national-world/ap-international/hong-kong-book-fair-kicks-off-with-fewer-political-books/,-2.2791013685216353
ref-stablelm-base-alpha-3b-v2,member,https://www.seattletimes.com/sports/no-1-woman-swiatek-no-2-nadal-set-for-u-s-open-4th-round/?utm_source=RSS&utm_medium=Referral&utm_campaign=RSS_all,-0.5700677990280946
ref-stablelm-base-alpha-3b-v2,member,https://www.expressnews.com/sports/article/Arizona-Kansas-City-Runs-17394102.php,-0.8730740584530234
ref-stablelm-base-alpha-3b-v2,member,https://www.kait8.com/prnewswire/2022/09/15/holiday-elves-are-here-help-with-hectic-holidays/,-1.96061366786335
ref-stablelm-base-alpha-3b-v2,member,https://www.wistv.com/prnewswire/2022/05/17/neosec-achieves-soc-2-type-ii-compliance-leveraging-its-own-security-platform-application-api-level-controls/,-2.1861702900051996
ref-stablelm-base-alpha-3b-v2,member,https://www.mrt.com/news/article/Instagram-hides-some-posts-that-mention-abortion-17271917.php,-2.424385584504002
ref-stablelm-base-alpha-3b-v2,member,https://kion546.com/cnn-other/2022/07/02/your-july-fourth-celebrations-will-be-more-expensive-this-year/,-1.64208167733518
ref-stablelm-base-alpha-3b-v2,member,https://www.wearegreenbay.com/international/ap-international/ap-israeli-tycoon-appeals-corruption-conviction-in-swiss-court/,-2.153012340187195
ref-stablelm-base-alpha-3b-v2,member,https://www.wcjb.com/prnewswire/2022/08/18/angeles-investors-recognize-top-funders-amp-venture-capital-firms-investing-hispanic-latinx-startups-with-2022-angeles-estrellas-award/,0.7161313890642198
ref-stablelm-base-alpha-3b-v2,member,https://www.wcjb.com/2022/05/12/stolen-dog-reunited-with-her-original-family-5-years-later/,-1.3966875340676244
ref-stablelm-base-alpha-3b-v2,member,https://www.sfchronicle.com/news/article/Total-bloodbath-Witnesses-describe-Ethiopia-17265128.php,-2.276752237967307
ref-stablelm-base-alpha-3b-v2,member,https://www.weau.com/prnewswire/2022/08/03/inception-fertility-partners-with-carters-launch-campaign-help-aspiring-parents-make-dreams-come-true/,-1.6052688664608026
ref-stablelm-base-alpha-3b-v2,member,https://www.wdtn.com/news/u-s-world/ap-international/mediterranean-ships-find-5-dead-rescue-over-1100-migrants/,-2.027601983638286
ref-stablelm-base-alpha-3b-v2,member,https://www.dakotanewsnow.com/prnewswire/2022/06/23/famed-cricket-star-chris-gayle-partners-with-group-33-launch-chris-gayle-universe-show/,-2.330313592424483
ref-stablelm-base-alpha-3b-v2,member,https://www.sfchronicle.com/news/article/911-dispatcher-who-took-Buffalo-shooting-call-put-17182900.php,-2.1578359546492543
ref-stablelm-base-alpha-3b-v2,member,https://www.washingtonpost.com/world/2022/09/08/chinas-chengdu-city-21-million-extends-its-coronavirus-lockdown/,0.12689984866891457
ref-stablelm-base-alpha-3b-v2,member,https://www.koin.com/news/jury-reaches-verdict-in-johnny-depp-amber-heard-libel-trial/,-1.6895048237156793
ref-stablelm-base-alpha-3b-v2,member,https://www.indystar.com/story/news/crime/2022/07/03/indianapolis-police-respond-shooting-death-bretton-wood-drive/7799010001/,-0.030203650264485793
ref-stablelm-base-alpha-3b-v2,member,https://www.wfmz.com/news/pr_newswire/pr_newswire_sports/ksa-fitness-equipment-market-is-expected-to-expand-at-a-cagr-of-18-7-on/article_29495b4b-e32f-57f7-9a75-b9071cf93294.html,0.2726981317538706
ref-stablelm-base-alpha-3b-v2,member,https://www.mrt.com/news/article/Alert-Joe-Yetter-wins-Democratic-nomination-for-17180576.php,1.501045549108182
ref-stablelm-base-alpha-3b-v2,member,https://www.seattlepi.com/weather/article/TX-Houston-Galveston-TX-Zone-Forecast-17363598.php,-0.28231123344239084
ref-stablelm-base-alpha-3b-v2,member,https://www.unionleader.com/opinion/op-eds/rep-jason-osborne-build-on-gop-victories-in-2023/article_f87892ff-7cb5-5bba-9ea4-6fea908bcf66.html,0.37985848856811
ref-stablelm-base-alpha-3b-v2,member,https://www.santafenewmexican.com/news/local_news/higher-than-normal-temps-hit-new-mexico-but-relief-may-ahead/article_02cd0e22-0787-11ed-b9bd-b3c034d990f0.html,0.3310364363559246
ref-stablelm-base-alpha-3b-v2,member,https://www.conchovalleyhomepage.com/news/business/mackenzie-scott-gives-39-million-to-junior-achievement-usa/,-2.020410127618252
ref-stablelm-base-alpha-3b-v2,member,https://www.kfyrtv.com/prnewswire/2022/06/02/liquified-creative-celebrates-15th-anniversary-by-announcing-new-public-relations-division/,-2.162496315818204
ref-stablelm-base-alpha-3b-v2,member,https://www.kmvt.com/prnewswire/2022/08/10/endo-unsecured-noteholders-group-reiterates-that-bankruptcy-is-unwarranted-light-recent-results/,-1.3393261196729633
ref-stablelm-base-alpha-3b-v2,member,https://www.unionleader.com/news/courts/indictment-trucker-who-killed-trooper-had-marijuana-in-his-system/article_aab2ce2e-5b52-5f42-a253-7bb9c21322b2.html,0.3948614432010906
ref-stablelm-base-alpha-3b-v2,member,https://cbs4indy.com/sports/ap-sports/cameron-smith-out-of-bmw-championship-with-sore-hip/,-2.1011723031433096
ref-stablelm-base-alpha-3b-v2,member,https://azdailysun.com/opinion/letters/letter-to-the-editor-putzova-situation-puts-some-on-city-council-in-voters-hot-seat/article_179ddcca-c694-11ec-8ac4-334620464b01.html,0.33535035436752736
ref-stablelm-base-alpha-3b-v2,member,https://www.kfyrtv.com/prnewswire/2022/06/29/roan-holdings-group-co-announces-signing-strategic-letter-intent-new-energy-storage-industrial-park/,-1.3047905921255427
ref-stablelm-base-alpha-3b-v2,member,https://wtmj.com/national/2022/06/05/japanese-man-83-ready-for-more-after-crossing-pacific-solo/,-2.0997430642214514
ref-stablelm-base-alpha-3b-v2,member,https://www.kwch.com/prnewswire/2022/06/29/aarp-invests-34-million-through-260-community-improvement-projects/,-1.203371148662504
ref-stablelm-base-alpha-3b-v2,member,https://www.wivb.com/news/national/army-paratrooper-shot-to-death-at-his-north-carolina-apartment/,-1.4605282298712094
ref-stablelm-base-alpha-3b-v2,member,https://nbc-2.com/news/health/2022/06/29/us-to-offer-monkeypox-vaccines-in-states-with-high-case-rates/,-1.5416776099242058
ref-stablelm-base-alpha-3b-v2,member,https://www.mrt.com/news/article/Teen-appeared-to-fall-out-of-Florida-ride-halfway-17145085.php,-1.9966960348277343
ref-stablelm-base-alpha-3b-v2,member,https://www.thetimes-tribune.com/news/crime-emergencies/psp-man-fled-troopers-serving-arrest-warrant-illegally-possessed-pistol/article_2fbf4d01-671a-503a-a0d2-e58ea6a28e24.html,-0.7240929568451477
ref-stablelm-base-alpha-3b-v2,member,https://www.wnem.com/2022/06/03/man-accused-stashing-cocaine-wheelchair-airport/,-1.7010605414824151
ref-stablelm-base-alpha-3b-v2,member,https://www.kbtx.com/prnewswire/2022/08/24/steakholder-foods-reports-financial-results-q2-2022-provides-business-update/,-1.4524053130035919
ref-stablelm-base-alpha-3b-v2,member,https://www.apr.org/science-health/2022-06-25/monkeypox-outbreak-in-u-s-is-bigger-than-the-cdc-reports-testing-is-abysmal,-2.0893083005954862
ref-stablelm-base-alpha-3b-v2,member,https://www.wdiy.org/npr-news/2022-06-29/woody-williams-the-last-surviving-wwii-medal-of-honor-recipient-dies-at-98,-2.0331931427015606
ref-stablelm-base-alpha-3b-v2,member,https://www.fox43.com/article/news/nation-world/justice-dept-provides-judge-with-redacted-version-of-trump-affidavit/507-641c168d-0b91-4488-81c8-9e6766db7467,-1.9761748749007126
ref-stablelm-base-alpha-3b-v2,member,https://www.kmvt.com/prnewswire/2022/06/09/tribute-home-care-accelerates-growth-with-expansion-into-northern-virginia/,-1.6635865622988533
ref-stablelm-base-alpha-3b-v2,member,https://www.twincities.com/2022/08/09/democrat-barnes-set-to-challenge-gop-wisconsin-sen-johnson/,-1.854321596179224
ref-stablelm-base-alpha-3b-v2,member,https://www.kxii.com/prnewswire/2022/09/13/black-web-fest-awards-over-20000-black-creators/,-1.9178617143701562
ref-stablelm-base-alpha-3b-v2,member,https://www.kold.com/prnewswire/2022/06/01/zapier-announces-winners-2022-marketing-ops-awards/,-1.9298857890928178
ref-stablelm-base-alpha-3b-v2,member,https://www.expressnews.com/sports/article/Tigers-GM-Al-Avila-fired-after-7-years-no-17365232.php,-1.8693906620350402
ref-stablelm-base-alpha-3b-v2,member,https://www.al.com/life/2022/05/video-shows-james-franco-visited-amber-heard-night-before-alleged-johnny-depp-abuse.html,-0.5083495737391173
ref-stablelm-base-alpha-3b-v2,member,https://blackchronicle.com/76ers-top-needs-in-2022-nba-offseason-bleacher-report/,0.9671815323556063
ref-stablelm-base-alpha-3b-v2,member,https://www.wmar2news.com/news/national/police-3-people-including-alleged-shooter-found-dead-inside-oregon-supermarket,-1.5476938905394644
ref-stablelm-base-alpha-3b-v2,member,https://www.kxnet.com/reviews/br/electronics-br/camera-photo-br/best-nikon-digital-camera/,-1.6400828325551213
ref-stablelm-base-alpha-3b-v2,member,https://www.1011now.com/prnewswire/2022/05/20/us-news-amp-world-report-names-watercrest-columbia-2022-23-best-assisted-living-community/,-1.9802268972832604
ref-stablelm-base-alpha-3b-v2,member,https://www.mysuncoast.com/prnewswire/2022/07/28/newly-developed-1-motor-hybrid-transmission-used-toyotas-new-crown/,-2.4019377781694584
ref-stablelm-base-alpha-3b-v2,member,https://www.weau.com/prnewswire/2022/05/30/tyan-highlights-optimized-hpc-platforms-accelerate-compute-intensive-applications-isc-2022/,-1.8764677215369114
ref-stablelm-base-alpha-3b-v2,member,https://www.koin.com/news/international/spain-probes-blessing-of-soldiers-at-dictators-monument/,-2.173205191051168
ref-stablelm-base-alpha-3b-v2,member,https://www.twincities.com/2022/09/04/sigelman-mehlman-airline-meltdowns-are-the-canary-in-the-coal-mine/,0.2055621665236278
ref-stablelm-base-alpha-3b-v2,member,https://www.wflx.com/prnewswire/2022/07/06/raelian-embassy-extraterrestrials-project-presented-50-cities-around-world/,-1.7960186829051197
ref-stablelm-base-alpha-3b-v2,member,https://www.wjhl.com/news/politics/go-broke-dates-pushed-back-for-social-security-medicare/,-2.092038492932184
ref-stablelm-base-alpha-3b-v2,member,https://www.abc10.com/article/news/nation-world/los-angeles-dodgers-honoring-vin-scully-in-pre-game-ceremony/507-a1129161-fa59-483b-823c-45b1f7bdddea,-1.8140565686263141
ref-stablelm-base-alpha-3b-v2,member,https://www.citizensvoice.com/news/crime-emergencies/1-dead-following-suspicious-plains-twp-blaze/article_db7ae093-a99f-5b78-ba50-46be69e6e22d.html,-0.033873352601974105
ref-stablelm-base-alpha-3b-v2,member,https://www.kxnet.com/sports/video-shows-piquet-adding-homophobic-slur-against-hamilton/,-2.1203818220994206
ref-stablelm-base-alpha-3b-v2,member,https://www.wearegreenbay.com/reviews/br/sports-fitness-br/boxing-br/best-boxing-equipment-for-beginners/,-1.650916982034018
ref-stablelm-base-alpha-3b-v2,member,https://www.wflx.com/prnewswire/2022/05/25/borrego-announces-spin-off-sale-development-business-ecp/,-1.753231733751533
ref-stablelm-base-alpha-3b-v2,member,https://www.weau.com/prnewswire/2022/09/07/leader-digital-engineering-services-encora-appoints-melissa-ribeiro-chief-people-officer/,-1.290884648854773
ref-stablelm-base-alpha-3b-v2,member,https://tucson.com/sports/arizonawildcats/football/3-star-db-sean-brown-is-latest-ua-commit-as-wildcats-look-to-rebuild-secondary/article_f134058a-f0d9-11ec-ae7f-87f0618d696e.html,0.12014967164726365
ref-stablelm-base-alpha-3b-v2,member,https://www.mrt.com/news/article/UN-chief-Governments-inaction-on-climate-is-17239902.php,-1.866958966222615
ref-stablelm-base-alpha-3b-v2,member,https://www.expressnews.com/news/article/Florida-to-schools-Don-t-follow-federal-LGBTQ-17338702.php,-1.8984719616003314
ref-stablelm-base-alpha-3b-v2,member,https://richmond.com/news/local/inaugural-run-richmond-16-19-a-cultural-running-experience-started-by-amistad-actor-to-be/article_e5c6342b-e2e8-5419-9168-a9cd5147177c.html,0.5120447522454401
ref-stablelm-base-alpha-3b-v2,member,https://www.wagmtv.com/prnewswire/2022/06/28/jazz-pharmaceuticals-announces-top-line-results-phase-3-trial-evaluating-nabiximols-oromucosal-spray-adult-participants-with-multiple-sclerosis-spasticity/,-1.3200774325953772
ref-stablelm-base-alpha-3b-v2,member,https://www.mysuncoast.com/2022/06/20/dad-shot-mouth-protecting-daughter-robber/,-1.9317693743876125
ref-stablelm-base-alpha-3b-v2,member,https://newstalk1290.com/elvis-movie-cast/,0.058457182613242065
ref-stablelm-base-alpha-3b-v2,member,https://www.valleynewslive.com/prnewswire/2022/05/18/eci-group-acquires-verso-luxury-apartments-davenport-fl/,-1.865837910685618
ref-stablelm-base-alpha-3b-v2,member,https://www.mysuncoast.com/prnewswire/2022/05/25/igt-elevates-entertainment-harrington-raceway-casino-via-multi-product-systems-agreement/,-1.6332485202273244
ref-stablelm-base-alpha-3b-v2,member,https://www.ourmidland.com/news/article/Swedish-leader-tackles-crime-energy-fears-on-17418800.php,-2.294273218053126
ref-stablelm-base-alpha-3b-v2,member,https://www.mysuncoast.com/2022/09/10/i-was-crying-womans-quick-stop-store-turns-into-777777-lottery-jackpot/,-1.552014311632155
ref-stablelm-base-alpha-3b-v2,member,https://www.weau.com/prnewswire/2022/08/30/zacatecas-reports-completed-phase-one-diamond-drilling-el-cristo-with-multiple-silver-base-metal-rich-epithermal-vein-systems-over-15-kilometre-strike-length/,-1.9071242446285122
ref-stablelm-base-alpha-3b-v2,member,https://www.nwitimes.com/news/local/crime-and-courts/new-supreme-court-justice-from-northwest-indiana-participates-in-first-oral-arguments/article_addfbaab-38f8-56e4-a891-a459fe933c9d.html,0.6629814470458804
ref-stablelm-base-alpha-3b-v2,member,https://www.ourmidland.com/sports/article/Kansas-City-Team-Stax-17421374.php,0.7451550991121674
ref-stablelm-base-alpha-3b-v2,member,https://wtmj.com/national/2022/09/14/nba-considered-suspending-sarver-for-more-than-1-year/,-2.0288094693182304
ref-stablelm-base-alpha-3b-v2,member,https://www.wishtv.com/news/inside-indiana-business/hoosier-breweries-win-medals-at-world-beer-cup/,0.8790407312511377
ref-stablelm-base-alpha-3b-v2,member,https://www.wymt.com/prnewswire/2022/06/22/blackberry-software-is-now-embedded-over-215-million-vehicles/,-0.7863348212478618
ref-stablelm-base-alpha-3b-v2,member,https://www.expressnews.com/news/article/UK-watchdog-probes-police-stop-of-sprinter-dos-17376288.php,-1.9169878695833247
ref-stablelm-base-alpha-3b-v2,member,https://pix11.com/news/ap-general/sopranos-actor-tony-sirico-paulie-walnuts-dies-at-79/,-1.8456527295323517
ref-stablelm-base-alpha-3b-v2,member,https://www.kbtx.com/2022/07/08/vandals-destroy-76-year-old-womans-wheelchair-ramp/,-1.6914680445157169
ref-stablelm-base-alpha-3b-v2,member,https://www.wbrc.com/prnewswire/2022/08/26/bluerock-residential-growth-reit-blackstone-real-estate-announce-anticipated-closing-date-acquisition-spin-off/,-1.2341855011025444
ref-stablelm-base-alpha-3b-v2,member,https://www.wtae.com/article/matt-fitzpatrick-hangs-on-wins-us-open-by-1/40343460,-1.9026910451482961
ref-stablelm-base-alpha-3b-v2,member,https://www.fox16.com/sports/local-sports/historic-day-garners-national-honor-for-razorback-britton-wilson/,0.28888991971872
ref-stablelm-base-alpha-3b-v2,member,https://cbs4indy.com/automotive/2023-honda-hrv-not-just-the-millennials-love-it/,-2.038640550706332
ref-stablelm-base-alpha-3b-v2,member,https://www.localsyr.com/reviews/br-reviews/travel-br/small-travel-bags-br/best-jansport-backpack/,-1.381041781834491
ref-stablelm-base-alpha-3b-v2,member,https://www.1011now.com/2022/07/05/omaha-officer-disciplined-after-use-force-controversy/,0.3086858168698503
ref-stablelm-base-alpha-3b-v2,member,https://www.wdiy.org/npr-news/npr-news/2022-08-13/drug-gangs-unleash-violence-in-northern-mexican-cities,-1.950360163744928
ref-stablelm-base-alpha-3b-v2,member,https://www.wibw.com/prnewswire/2022/09/01/schools-survival-mode-find-staffing-relief-through-automation/,-2.2410549588294693
ref-stablelm-base-alpha-3b-v2,member,https://www.wane.com/news/tentative-railway-labor-deal-reached-to-avert-strike-biden-says/,-2.329933239902241
ref-stablelm-base-alpha-3b-v2,member,https://www.valleynewslive.com/prnewswire/2022/04/27/senstar-technologies-announces-filing-2021-annual-report/,-1.6131763564238903
ref-stablelm-base-alpha-3b-v2,member,https://who13.com/sports/ap-sports/phillies-harper-homers-in-1st-at-bat-in-triple-a-rehab-game/,-2.3491451392974523
ref-stablelm-base-alpha-3b-v2,member,https://www.wmar2news.com/news/national/inflationary-psychology-could-be-pushing-the-prices-of-goods-up-faster,-2.1270614041817786
ref-stablelm-base-alpha-3b-v2,member,https://www.wafb.com/2022/06/25/debate-over-abortion-moves-court-states-voters/,-1.6713111155994798
ref-stablelm-base-alpha-3b-v2,member,https://www.kold.com/prnewswire/2022/06/08/iab-tech-lab-expands-open-measurement-sdk-connected-tv/,-2.018107445782997
ref-stablelm-base-alpha-3b-v2,member,https://www.cleveland19.com/prnewswire/2022/07/13/finding-life-with-meaning-washington-state-man-credits-goodwill-career-services-program/,-1.9561657894340756
ref-stablelm-base-alpha-3b-v2,member,https://www.tacomadailyindex.com/blog/best-cbd-oil-updated/2458431/,0.5122446007523611
ref-stablelm-base-alpha-3b-v2,member,https://localnews8.com/weather/alerts-weather/2022/05/19/wind-advisory-issued-may-19-at-228pm-mdt-until-may-19-at-900pm-mdt-by-nws-pocatello-id-3/,-1.1805900755927836
ref-stablelm-base-alpha-3b-v2,member,https://www.washingtonpost.com/politics/2022/05/31/one-gun-step-democrats-can-take-their-own/,0.2646595957256048
ref-stablelm-base-alpha-3b-v2,member,https://6abc.com/abington-high-school-vandalism-baseball-field-montgomery-county-pennsylvania/12179097/,0.3325268535602919
ref-stablelm-base-alpha-3b-v2,member,https://www.kbtx.com/prnewswire/2022/08/02/marshberry-platform-first-choice-agents-alliance-combine-create-insurance-industrys-most-robust-aggregator/,-2.0569397710651347
ref-stablelm-base-alpha-3b-v2,member,https://www.cleveland19.com/prnewswire/2022/07/14/why-are-there-so-many-free-silent-disco-parties-2022/,-1.9300409717186078
ref-stablelm-base-alpha-3b-v2,member,https://www.wbrc.com/prnewswire/2022/07/07/trinet-adds-former-pepsico-chairman-ceo-indra-nooyi-global-superstar-entertainer-lilly-singh-editor-author-tina-brown-former-nasa-astronaut-mike-massimino-roster-distinguished-speakers-trinet-peopleforce-2022/,-1.7408602364490935
ref-stablelm-base-alpha-3b-v2,member,https://www.kbtx.com/prnewswire/2022/06/01/scad-commencement-2022/,-1.813948395728119
ref-stablelm-base-alpha-3b-v2,member,https://www.mysuncoast.com/prnewswire/2022/09/08/lifearc-portfolio-company-ducentis-biotherapeutics-acquired-by-arcutis-biotherapeutics-up-400-million/,-1.4482201642755155
ref-stablelm-base-alpha-3b-v2,member,https://www.wric.com/news/u-s-world/he-said-she-said-accounts-from-depp-and-heard-rarely-match/,-1.991633735265937
ref-stablelm-base-alpha-3b-v2,member,https://www.wfla.com/nextstar-news-wire/florida-deputy-resigns-after-pointing-gun-at-pregnant-black-woman/,-2.0297932391768256
ref-stablelm-base-alpha-3b-v2,member,https://www.seattlepi.com/news/article/School-shooter-s-brain-exams-to-be-subject-of-17372577.php,-2.3714607365595675
ref-stablelm-base-alpha-3b-v2,member,https://q961.com/investigators-work-to-identify-human-remains-found-in-saint-john/,0.13870360801266512
ref-stablelm-base-alpha-3b-v2,member,https://www.wfaa.com/article/news/local/fort-worth-texas-students-offer-help-in-wildfires/287-764bc7d7-4825-4c92-971e-c528f07c9fa5,0.404883576066132
ref-stablelm-base-alpha-3b-v2,member,https://www.wistv.com/prnewswire/2022/09/14/nippon-express-obtains-gdp-certification-compliance-with-who-standards-east-japan-pharmaceutical-center/,-1.9195435088229036
ref-stablelm-base-alpha-3b-v2,member,https://who13.com/news/politics/ap-politics/oregons-prison-chief-in-lead-for-top-federal-prisons-job/,-1.7882031233813969
ref-stablelm-base-alpha-3b-v2,member,https://www.ktre.com/prnewswire/2022/06/08/wells-fargo-awards-850k-american-indian-graduate-center/,-1.7979018441453645
ref-stablelm-base-alpha-3b-v2,member,https://www.wbrc.com/prnewswire/2022/07/07/one-summit-north-america-hosted-by-lf-networking-invites-industry-experts-across-access-edge-cloud-core-collaborate-in-person-november-15-16-2022/,-1.9175067185477002
ref-stablelm-base-alpha-3b-v2,member,https://www.wivb.com/automotive/internet-brands/will-the-2024-ford-mustang-be-the-last-and-only-v-8-muscle-car-around/,-2.381434486431756
ref-stablelm-base-alpha-3b-v2,member,https://www.dakotanewsnow.com/prnewswire/2022/07/27/mhc-included-leader-quadrant-2022-ccm-cxm-aspire-leaderboard/,-2.1060307039754367
ref-stablelm-base-alpha-3b-v2,member,https://www.kbzk.com/money/consumer/dont-waste-your-money/facebook-messenger-scam-snags-10-million-victims-more-conned-every-day,-1.5060993422840667
ref-stablelm-base-alpha-3b-v2,member,https://www.wcjb.com/prnewswire/2022/09/16/inventhelp-inventor-develops-convenient-way-wash-hands-on-the-go-all-2823/,-1.213314512661352
ref-stablelm-base-alpha-3b-v2,member,https://www.valleynewslive.com/2022/05/17/2-children-admitted-tennessee-hospital-due-nationwide-formula-shortage/,-1.974081158905869
ref-stablelm-base-alpha-3b-v2,member,https://www.wagmtv.com/prnewswire/2022/09/15/finance-500-inc-appoints-jeffrey-rigsby-chairman-ceo/,-1.8136104403394566
ref-stablelm-base-alpha-3b-v2,member,https://azdailysun.com/opinion/letters/letter-to-the-editor-daggett-supporter-says-criticism-of-politician-misplaced/article_de6a8b6c-f3f5-11ec-bff6-17672c20a06e.html,0.4022520143112711
ref-stablelm-base-alpha-3b-v2,member,https://www.kmvt.com/prnewswire/2022/05/31/inventhelp-inventor-develops-device-prevent-snakes-entering-toilets-all-2802/,-1.281687782454144
ref-stablelm-base-alpha-3b-v2,member,https://www.wbrc.com/prnewswire/2022/06/15/north-jersey-federal-credit-union-chooses-lumin-digital-partner-enhanced-digital-banking-services/,-1.7724540130903654
ref-stablelm-base-alpha-3b-v2,member,https://www.kait8.com/prnewswire/2022/07/11/pomerantz-llp-announces-settlement-class-action-involving-purchasers-2u-inc-common-stock/,-1.111984012267571
ref-stablelm-base-alpha-3b-v2,member,https://www.wjhl.com/hispanic-heritage-month/miranda-helps-launch-latinx-lgbtq-support-program/,-2.1693506967094898
ref-stablelm-base-alpha-3b-v2,member,https://www.wbrc.com/prnewswire/2022/08/09/smartfluence-fastest-growing-saas-influencer-marketing-platform-closes-215-million-seed-round-led-by-paca-ventures/,-1.9084933625161544
ref-stablelm-base-alpha-3b-v2,member,https://www.mysuncoast.com/2022/07/11/girl-8-targeted-by-child-predator-roblox-mom-says/,-1.8028928553470174
ref-stablelm-base-alpha-3b-v2,member,https://www.kait8.com/prnewswire/2022/07/20/ucla-anderson-executive-education-joins-nacd-education-network/,-1.937393553511693
ref-stablelm-base-alpha-3b-v2,member,https://www.wbtv.com/2022/09/10/owen-was-best-hands-newborn-baby-receives-worlds-first-partial-heart-transplant/,-0.9555094125636057
ref-stablelm-base-alpha-3b-v2,member,https://www.detroitnews.com/story/news/nation/2022/07/19/highway-safety-agency-running-ads-effort-curb-speeding/10099955002/,-1.464678060703945
ref-stablelm-base-alpha-3b-v2,member,https://wtmj.com/national/2022/07/02/strong-earthquake-kills-5-in-southern-iran-2/,-1.5916854851416893
ref-stablelm-base-alpha-3b-v2,member,https://www.beaumontenterprise.com/news/article/Ferrari-earnings-up-22-on-surging-deliveries-to-17344985.php,-1.7515880705246867
ref-stablelm-base-alpha-3b-v2,member,https://www.apr.org/politics-government/2011-10-06/a-budget-target-disaster-money-is-secure-for-now,0.44549967061663587
ref-stablelm-base-alpha-3b-v2,member,https://www.dakotanewsnow.com/prnewswire/2022/06/16/canon-usa-inc-supports-new-york-marine-rescue-center-cold-stunned-turtle-program-student-book-launch/,-1.6376425102417356
ref-stablelm-base-alpha-3b-v2,member,https://www.wbay.com/2022/08/21/patchy-fog-tonight-quiet-warm-start-work-week/,-0.1696291492757882
ref-stablelm-base-alpha-3b-v2,member,https://www.localsyr.com/news/local-news/first-rome-pop-up-project-on-june-18/,0.05966761833915779
ref-stablelm-base-alpha-3b-v2,member,https://www.eonline.com/ca/news/1332281/target-summer-savings-sale-swim-sandals-summer-styles-more-start-at-just-5,0.31626492539264417
ref-stablelm-base-alpha-3b-v2,member,https://www.cleveland19.com/2022/09/16/organization-hosts-press-conference-expose-alleged-corruption-east-cleveland/,0.15615115405026314
ref-stablelm-base-alpha-3b-v2,member,https://www.valleynewslive.com/prnewswire/2022/08/04/intel-471-introduces-471-cyber-threat-report/,-2.044918934145175
ref-stablelm-base-alpha-3b-v2,member,https://www.kmvt.com/prnewswire/2022/08/04/cryoport-reports-results-second-quarter-2022/,-1.3655371428437455
ref-stablelm-base-alpha-3b-v2,member,https://www.wistv.com/prnewswire/2022/08/05/california-fire-foundation-disaster-relief-cash-cards-provide-more-than-87000-support-survivors-oak-fire/,-1.9207588909902196
ref-stablelm-base-alpha-3b-v2,member,https://www.foxnews.com/lifestyle/mothers-day-protests-pro-abortion-activists-brokenness,0.4722634356716666
ref-stablelm-base-alpha-3b-v2,member,https://www.dailyuw.com/news/sexual-abuse-in-privately-operated-ice-detention-centers-digital-prisons-and-mass-surveillance/article_b966a0ea-00b0-11ed-82e4-9bdcac195f18.html,0.45217240235335376
ref-stablelm-base-alpha-3b-v2,member,https://www.abqjournal.com/2516827/monroe-gallery-exhibit-strives-to-draw-parallels-between-past-and-curre.html,0.3881289632705265
ref-stablelm-base-alpha-3b-v2,member,https://www.kron4.com/top-stories/ap-top-headlines/german-climate-activists-aim-to-stir-friction-with-blockades/,-2.082432788764126
ref-stablelm-base-alpha-3b-v2,member,https://www.expressnews.com/weather/article/CT-WFO-NEW-YORK-CITY-Warnings-Watches-and-17400961.php,-1.5212945496320336
ref-stablelm-base-alpha-3b-v2,member,https://www.kfyrtv.com/prnewswire/2022/06/27/trimech-solid-solutions-unite/,-1.9533406569169651
ref-stablelm-base-alpha-3b-v2,member,https://www.ktre.com/prnewswire/2022/06/09/cambria-hotels-drives-coast-to-coast-expansion-with-10-new-franchise-agreements-four-groundbreakings/,-1.6440626224011858
ref-stablelm-base-alpha-3b-v2,member,https://www.fox13news.com/news/national-whale-shark-day-celebrates-largest-fish-in-the-world,0.5195195325519797
ref-stablelm-base-alpha-3b-v2,member,https://www.springfieldnewssun.com/news/clark-county-common-pleas-court-cases/TZXNNN6WO5FVHEM45IHGJM5YX4/,0.29477565917839854
ref-stablelm-base-alpha-3b-v2,member,https://kion546.com/news/ap-california/2022/06/11/wilson-scores-season-high-35-as-aces-beat-sparks-89-72-3/,-1.1966477262660775
ref-stablelm-base-alpha-3b-v2,member,https://www.ourmidland.com/news/article/Northern-Kentucky-free-pharmacy-moving-expanding-17282280.php,-1.614569163751484
ref-stablelm-base-alpha-3b-v2,member,https://www.kxii.com/prnewswire/2022/06/28/green-streets-datalink-provides-easy-access-wealth-proprietary-commercial-real-estate-data/,-1.5073751006924403
ref-stablelm-base-alpha-3b-v2,member,https://www.nbcphiladelphia.com/news/sports/nba-twitter-reacts-to-stunning-report-of-kevin-durants-trade-request/3287364/,-0.17347770755452174
ref-stablelm-base-alpha-3b-v2,member,https://www.dailycamera.com/2022/06/01/coroners-office-identifies-man-who-died-in-police-pursuit-as-53-year-old-loveland-man/,0.04371787532872973
ref-stablelm-base-alpha-3b-v2,member,https://www.wflx.com/prnewswire/2022/05/18/sequoia-living-introduces-legacy-talks-environmental-education-stewardship/,-2.1153978447032045
ref-stablelm-base-alpha-3b-v2,member,https://www.koin.com/news/national/school-shooters-jury-selection-enters-final-stretch/,-2.3572063494703
ref-stablelm-base-alpha-3b-v2,member,https://www.ourmidland.com/news/article/Daughter-of-Putin-s-brain-ideologist-killed-in-17387655.php,-1.8952523424696273
ref-stablelm-base-alpha-3b-v2,member,https://www.wfmz.com/news/pr_newswire/pr_newswire_technology/veon-investment-to-accelerate-the-digitalisation-of-uzbekistan/article_24978d1f-3fe9-548d-805d-460fb56b5311.html,-1.0315521957191436
ref-stablelm-base-alpha-3b-v2,member,https://www.fox35orlando.com/news/onlyfans-model-and-accused-boyfriend-killer-courtney-clenney-denied-bond-in-miami-court,-0.33443548123117717
ref-stablelm-base-alpha-3b-v2,member,https://www.wkyt.com/prnewswire/2022/08/24/supercom-awarded-33-million-national-electronic-monitoring-contract-eu-member-country/,-1.91643838781596
ref-stablelm-base-alpha-3b-v2,member,https://www.ourmidland.com/news/article/Stuart-Woods-author-of-Stone-Barrington-novels-17332971.php,-1.5409524623427586
ref-stablelm-base-alpha-3b-v2,member,https://www.1011now.com/2022/05/10/surveillance-video-shows-day-care-employee-binding-childs-hands-with-tape/,-1.6085425230463481
ref-stablelm-base-alpha-3b-v2,member,https://www.wjhl.com/sports/us-world-sports/padres-profar-collapses-after-collision-taken-off-on-cart/,-1.6436896941652857
ref-stablelm-base-alpha-3b-v2,member,https://www.wbrc.com/prnewswire/2022/08/24/kingship-mars-partner-limited-edition-mampms-featuring-worlds-first-nft-supergroup/,-2.0800542833540137
ref-stablelm-base-alpha-3b-v2,member,https://www.mrt.com/sports/article/Toronto-Team-Stax-17394117.php,1.6252057383520002
ref-stablelm-base-alpha-3b-v2,member,https://www.wbay.com/2022/09/06/uvalde-school-year-starts-amid-fear-unfinished-security/,-2.1551446744786693
ref-stablelm-base-alpha-3b-v2,member,https://www.wric.com/news/why-youngkin-changed-covid-policy-for-daycares-schools-camps/,-0.17133674426894618
ref-stablelm-base-alpha-3b-v2,member,https://www.sfchronicle.com/sf/article/Another-lawsuit-for-SFUSD-Vote-to-close-schools-17382340.php,0.41680197164279686
ref-stablelm-base-alpha-3b-v2,member,https://www.texomashomepage.com/entertainment-news/mexican-icon-frida-kahlo-to-be-subject-of-new-stage-musical/,-2.2111339129513414
ref-stablelm-base-alpha-3b-v2,member,https://www.weau.com/2022/05/22/who-chief-covid-pandemic-is-most-certainly-not-over/,-1.8358228327979587
ref-stablelm-base-alpha-3b-v2,member,https://www.seattletimes.com/business/dems-want-to-tax-high-earners-to-protect-medicare-solvency/?utm_source=RSS&utm_medium=Referral&utm_campaign=RSS_seattle-news,-2.2074844118247587
ref-stablelm-base-alpha-3b-v2,member,https://www.knau.org/npr-news/npr-news/2022-07-21/biden-tests-positive-for-covid-and-shows-mild-symptoms-white-house-says,-2.0638190216871606
ref-stablelm-base-alpha-3b-v2,member,https://www.cleveland19.com/prnewswire/2022/08/01/aflac-incorporated-announces-second-quarter-results-reports-second-quarter-net-earnings-14-billion-declares-third-quarter-cash-dividend/,-1.4664692995966377
ref-stablelm-base-alpha-3b-v2,member,https://www.kait8.com/2022/06/13/suspect-arrested-osceola-mans-murder/,-0.05360379300258389
ref-stablelm-base-alpha-3b-v2,member,https://www.wsaz.com/prnewswire/2022/07/28/whirlpool-corp-named-forbes-list-americas-best-employers-women-2022/,-1.8169747868355006
ref-stablelm-base-alpha-3b-v2,member,https://www.kswo.com/prnewswire/2022/05/26/corepath-laboratories-announces-partnership-with-cizzle-biotechnology-develop-simple-blood-test-early-lung-cancer-detection/,-1.255888317111327
ref-stablelm-base-alpha-3b-v2,member,https://www.kalb.com/prnewswire/2022/09/13/cleantech-company-hitachi-zosen-inova-selects-ifs-cloud-support-global-transformation-project/,-1.9120383522641096
ref-stablelm-base-alpha-3b-v2,member,https://www.kbtx.com/prnewswire/2022/05/03/national-pta-honors-student-artists-across-country-their-talents-creativity/,-1.7812884915250526
ref-stablelm-base-alpha-3b-v2,member,https://www.kold.com/2022/06/17/biden-signs-bill-protect-supreme-court-justices-into-law/,-1.83026373667677
ref-stablelm-base-alpha-3b-v2,member,https://www.mysuncoast.com/prnewswire/2022/06/06/abortions-may-become-riskier-according-journal-american-physicians-surgeons/,-1.0491905783605384
ref-stablelm-base-alpha-3b-v2,member,https://richmond.com/entertainment/dining/blue-cow-ice-cream-opens-new-richmond-shop-with-free-scoops-on-friday/article_65487d2d-1c7f-5576-bdda-c5b813b8b311.html,0.4170020265216259
ref-stablelm-base-alpha-3b-v2,member,https://www.dakotanewsnow.com/2022/06/18/buttigieg-us-may-act-against-airlines-consumers-behalf/,-2.1867641581176325
ref-stablelm-base-alpha-3b-v2,member,https://tucson.com/sports/sundays-tv-radio-sports-best-bets/article_ef5c29c2-ff0c-11ec-bbcf-d3b7dec79f61.html,-0.13737830351977642
ref-stablelm-base-alpha-3b-v2,member,https://www.binghamtonhomepage.com/reviews/br/toys-games-br/hobby-collectibles-br/best-dnd-dice-set/,-1.781536089105114
ref-stablelm-base-alpha-3b-v2,member,https://www.wistv.com/prnewswire/2022/09/08/intermap-announces-new-subscription-solar-projects/,-1.8059568172529377
ref-stablelm-base-alpha-3b-v2,member,https://www.sfchronicle.com/business/article/Macy-s-Dollar-Tree-rise-Nutanix-Medtronic-fall-17201578.php,-1.0902005234749526
ref-stablelm-base-alpha-3b-v2,member,https://wtmj.com/national/2022/04/26/explainer-how-is-trans-dniester-related-to-war-in-ukraine/,-1.850722150353105
ref-stablelm-base-alpha-3b-v2,member,https://1019therock.com/join-mars-hill-blaine-wear-blue-wednesday-to-honor-libby-grass/,0.35421971673951225
ref-stablelm-base-alpha-3b-v2,member,https://www.wkyt.com/prnewswire/2022/07/27/qualys-lead-four-sessions-black-hat-2022-def-con-30/,-2.079814650109557
ref-stablelm-base-alpha-3b-v2,member,https://www.springfieldnewssun.com/nation-world/explainer-whats-known-about-biden-catching-covid-19/DVWUIY4MQNDR3PXWDYWEPFPYOA/,-1.762866912341998
ref-stablelm-base-alpha-3b-v2,member,https://www.valleynewslive.com/prnewswire/2022/05/26/ame-church-files-lawsuit-against-former-department-retirement-services-executive-director-dr-harris-others-conspiracy-defraud-embezzle-clergy-retirement-funds/,-1.44300980614626
ref-stablelm-base-alpha-3b-v2,member,https://www.nepm.org/national-world-news/2006-04-25/gas-prices-play-big-on-the-campaign-trail,0.1644861408897369
ref-stablelm-base-alpha-3b-v2,member,https://www.wagmtv.com/prnewswire/2022/07/01/fannie-mae-announces-results-tender-offer-any-all-certain-cas-debt-notes/,-1.3225739104574061
ref-stablelm-base-alpha-3b-v2,member,https://www.sfchronicle.com/weather/article/TX-Brownsville-TX-Zone-Forecast-17237491.php,-0.29188811921032315
ref-stablelm-base-alpha-3b-v2,member,https://www.detroitnews.com/story/business/2022/08/10/us-inflation-slips-40-year-peak-remains-high-consumer-prices/10284866002/,-1.956095098816511
ref-stablelm-base-alpha-3b-v2,member,https://www.kxii.com/prnewswire/2022/08/17/commercial-class-action-litigation-partner-mohamed-awan-joins-crowell-amp-moring/,-1.6729037296705136
ref-stablelm-base-alpha-3b-v2,member,https://localnews8.com/politics/cnn-us-politics/2022/05/15/maryland-sen-van-hollen-hospitalized-after-stroke-but-says-no-long-term-damage/,-0.7525852131755589
ref-stablelm-base-alpha-3b-v2,member,https://www.cbs42.com/sports/correa-cleared-of-covid-19-rejoins-twins-to-face-yankees/,-1.9482513480091463
ref-stablelm-base-alpha-3b-v2,member,https://www.ourmidland.com/news/article/This-lawyer-musician-relearned-how-to-sing-note-17307680.php,-1.4318386873838156
ref-stablelm-base-alpha-3b-v2,member,https://www.weau.com/prnewswire/2022/09/08/svb-financial-group-cfo-participate-fireside-chat-hosted-by-barclays/,-1.1391177573619735
ref-stablelm-base-alpha-3b-v2,member,https://wcfcourier.com/news/national/after-abortion-ruling-wva-could-become-1st-to-pass-new-bill/article_3a70c857-a558-5dad-9697-65ee49e17fe8.html,-2.1986585400210608
ref-stablelm-base-alpha-3b-v2,member,https://www.wunc.org/2022-07-02/these-candidates-lost-badly-but-now-are-claiming-fraud,-2.3177894557356633
ref-stablelm-base-alpha-3b-v2,member,https://www.kbzk.com/news/national/biden-urges-syrian-government-to-aid-in-return-of-missing-us-journalist-austin-tice,-1.554885749578634
ref-stablelm-base-alpha-3b-v2,member,https://www.wbtv.com/prnewswire/2022/07/25/black-knight-report-second-quarter-2022-financial-results-august-4-2022/,-1.1840225505869764
ref-stablelm-base-alpha-3b-v2,member,https://www.ourmidland.com/news/article/Mideast-s-Jordan-River-Rich-in-holiness-poor-in-17381104.php,-2.3640570614264074
ref-stablelm-base-alpha-3b-v2,member,https://www.wivb.com/border-report-tour/more-beach-closures-okd-for-spacex-tests-in-south-texas/,-2.230763051468869
ref-stablelm-base-alpha-3b-v2,member,https://www.seattletimes.com/business/state-farm-subsidiary-to-pay-100m-for-false-katrina-claims/?utm_source=RSS&utm_medium=Referral&utm_campaign=RSS_all,-1.9800536041659031
ref-stablelm-base-alpha-3b-v2,member,https://www.seattlepi.com/weather/article/WA-Seattle-WA-Zone-Forecast-17200080.php,-0.2804794003041438
ref-stablelm-base-alpha-3b-v2,member,https://www.wcjb.com/prnewswire/2022/09/12/wom-sa-announces-extension-early-participation-deadline-tender-offer-consent-solicitation-kenbourne-invest-sas-oustanding-us510000000-6-78-senior-notes-due-2024-us435000000-47-senior-notes-due-2028/,-1.1601984176321305
ref-stablelm-base-alpha-3b-v2,member,https://www.kbtx.com/prnewswire/2022/08/09/thorne-healthtech-reports-second-quarter-2022-results/,-1.2532346412491047
ref-stablelm-base-alpha-3b-v2,member,https://www.kalb.com/prnewswire/2022/08/04/point32health-foundation-commits-1-million-organizations-working-social-racial-justice/,-1.9239087357896254
ref-stablelm-base-alpha-3b-v2,member,https://www.cleveland19.com/prnewswire/2022/05/27/gibson-wins-historic-definitive-ruling-its-iconic-guitar-shapes-trademarks/,-2.5022358137748313
ref-stablelm-base-alpha-3b-v2,member,https://www.wafb.com/prnewswire/2022/08/16/gopro-subscription-service-surpasses-two-million-subscribers/,-1.6366356918058491
ref-stablelm-base-alpha-3b-v2,member,https://www.ourmidland.com/sports/article/Cole-Irvin-strikes-out-8-over-7-innings-A-s-beat-17324099.php,-1.8066881941473785
ref-stablelm-base-alpha-3b-v2,member,https://www.kbzk.com/what-is-castile-soap-heres-why-people-still-love-this-centuries-old-formula,-1.7497029502055195
ref-stablelm-base-alpha-3b-v2,member,https://www.localsyr.com/news/international/alleged-member-of-is-beatles-charged-in-uk-with-terrorism/,-1.679364171092409
ref-stablelm-base-alpha-3b-v2,member,https://www.dakotanewsnow.com/prnewswire/2022/06/08/delta-dental-arkansas-foundation-opens-2023-community-grant-cycle/,-0.9961199138383231
ref-stablelm-base-alpha-3b-v2,member,https://www.abcactionnews.com/money/consumer/dont-waste-your-money/mans-stolen-license-plate-racks-up-over-1-000-in-violations,-1.4032855017468737
ref-stablelm-base-alpha-3b-v2,member,https://kion546.com/news/2022/06/14/2-semis-collide-on-wisconsin-highway-fatalities-reported/,-0.7997578424021394
ref-stablelm-base-alpha-3b-v2,member,https://www.kait8.com/prnewswire/2022/06/27/uphealth-annual-meeting-delayed-allow-delaware-court-chancery-hear-full-case-brought-by-creditor-dissident-director/,-1.43245448503481
ref-stablelm-base-alpha-3b-v2,member,https://www.yourcentralvalley.com/news/business/ap-pipeline-operator-agrees-to-guilty-plea-in-california-spill/,-1.9486171769290166
ref-stablelm-base-alpha-3b-v2,member,https://www.kivitv.com/auto-emptying-smart-robot-vacuum-mop-dreame,0.9074561442787552
ref-stablelm-base-alpha-3b-v2,member,https://www.sfgate.com/sports/article/US-officials-Griner-now-considered-wrongfully-17144047.php,-1.6909859312817441
ref-stablelm-base-alpha-3b-v2,member,https://www.wbrc.com/prnewswire/2022/07/07/canntrust-extends-time-call-annual-general-meeting/,-1.481043338828167
ref-stablelm-base-alpha-3b-v2,member,https://abc7ny.com/nyc-covid-mask-mandate-new-york-statistics/11984439/,-0.3328322210929353
ref-stablelm-base-alpha-3b-v2,member,https://www.wbrc.com/prnewswire/2022/09/02/free-speech-social-media-platform-parler-returns-google-play-store/,-1.9808995344441644
ref-stablelm-base-alpha-3b-v2,member,https://www.wlbt.com/prnewswire/2022/08/04/bmo-expands-presence-japan-with-securities-license/,-1.9216364724245476
ref-stablelm-base-alpha-3b-v2,member,https://www.wlbt.com/2022/07/14/dentist-confesses-killing-wife-during-argument-with-girlfriend-federal-prosecutor-says/,-2.1270984271195794
ref-stablelm-base-alpha-3b-v2,member,https://www.wafb.com/prnewswire/2022/09/16/fastbase-inc-otc-fbse-has-released-following-shareholder-update/,-2.553998703580099
ref-stablelm-base-alpha-3b-v2,member,https://www.sfgate.com/news/article/Teen-charged-in-fatal-shooting-near-Chicago-17175437.php,-1.8321155948720245
ref-stablelm-base-alpha-3b-v2,member,https://www.washingtonpost.com/business/ge-ceo-culp-to-lead-companys-aviation-unit/2022/06/27/a2975628-f62b-11ec-81db-ac07a394a86b_story.html,-1.945333639397886
ref-stablelm-base-alpha-3b-v2,member,https://www.weau.com/prnewswire/2022/08/17/aeropay-flyhi-announce-strategic-partnership-bringing-cashless-cannabis-delivery-payments-colorado/,-1.9871173901737467
ref-stablelm-base-alpha-3b-v2,member,https://www.wane.com/news/masks-no-longer-required-at-fort-wayne-international-airport/,-0.15099566517375584
ref-stablelm-base-alpha-3b-v2,member,https://www.fox35orlando.com/news/military-recruitment-lags-despite-reduced-targets-record-incentives-to-boost-interest,0.15095346649625485
ref-stablelm-base-alpha-3b-v2,member,https://www.kalb.com/prnewswire/2022/08/25/search-fall-getaways-is-up-40-americans-welcome-sweater-weather-its-savings-expedia-reports/,-1.8162233909715415
ref-stablelm-base-alpha-3b-v2,member,https://www.cleveland19.com/prnewswire/2022/06/29/agree-realty-releases-2021-environmental-social-amp-governance-report/,-0.9329228478431533
ref-stablelm-base-alpha-3b-v2,member,https://www.chicoer.com/2022/08/24/chico-state-enrollment-has-declined/,-0.00653752752829595
ref-stablelm-base-alpha-3b-v2,member,https://www.wbay.com/prnewswire/2022/06/15/braxia-scientific-expands-clinic-footprint-canada-providing-greater-access-network-specialists-delivering-ketamine-psilocybin-treatments-depression-related-mental-health-disorders/,-1.7410159720926743
ref-stablelm-base-alpha-3b-v2,member,https://www.mlive.com/news/2022/05/michigans-bacon-festival-coming-to-lansing-this-summer.html,0.32872188471207187
ref-stablelm-base-alpha-3b-v2,member,https://www.wric.com/sports/sports-headlines/ap-gooch-has-1-shot-lead-over-niemann-in-liv-golf-boston-event/,-2.0158527314039487
ref-stablelm-base-alpha-3b-v2,member,https://www.wisn.com/article/r-kelly-acquitted-rigging-trial-why/41236851,-2.1637343769396544
ref-stablelm-base-alpha-3b-v2,member,https://www.12news.com/article/news/local/valley/whats-next-for-brittney-griner-in-russia-court/75-8658ed1c-0bc2-428f-981b-6f304337642b,0.18679461862217828
ref-stablelm-base-alpha-3b-v2,member,https://www.kwch.com/prnewswire/2022/07/20/tumi-featured-sony-pictures-upcoming-summer-film-bullet-train/,-2.0262676660393835
ref-stablelm-base-alpha-3b-v2,member,https://www.ktvb.com/article/news/nation-world/mega-millions-jackpot-third-largest-prize-ever-660-million/507-cb8a11eb-6498-4207-8c45-779c62dc9a9f,-1.5971321410750754
ref-stablelm-base-alpha-3b-v2,member,https://www.wcjb.com/prnewswire/2022/07/06/fotografiska-appoints-sophie-wright-its-new-executive-director-new-york/,-2.0655242590041976
ref-stablelm-base-alpha-3b-v2,member,https://www.ktre.com/prnewswire/2022/06/30/big-win-patients-aetna-drops-prior-authorization-most-cataract-surgeries/,-1.9053106227255006
ref-stablelm-base-alpha-3b-v2,member,https://www.wagmtv.com/prnewswire/2022/08/09/novaliq-submits-new-drug-application-seeking-approval-first-of-a-kind-dry-eye-disease-treatment-cyclasol/,-2.0365427223135018
ref-stablelm-base-alpha-3b-v2,member,https://www.pahomepage.com/news/national/ap-this-old-house-restoration-honors-black-atlanta-postmaster/,-2.5710558924566986
ref-stablelm-base-alpha-3b-v2,member,https://www.wfmz.com/news/pr_newswire/pr_newswire_business/corenoc-inc-announces-strategic-consulting-agreement-to-bring-broadband-connection-to-southeast-alaska-native-communities/article_a22bba3e-34f1-55ef-8768-4a49aa50494a.html,-1.93517525161227
ref-stablelm-base-alpha-3b-v2,member,https://q961.com/armed-robbery-at-saint-john-new-brunswick-restaurant/,0.2877258686294597
ref-stablelm-base-alpha-3b-v2,member,https://www.foxnews.com/sports/grizzlies-taylor-jenkins-multiyear-deal,-1.0024864962452094
ref-stablelm-base-alpha-3b-v2,member,https://www.wkyt.com/prnewswire/2022/07/13/former-shindigz-ceo-international-chairman-ypo-joins-ceo-coaching-international/,-2.0123339059462415
ref-stablelm-base-alpha-3b-v2,member,https://www.dakotanewsnow.com/prnewswire/2022/06/02/cold-stone-creamery-announces-return-fundraiser-benefiting-best-buddies-international/,-1.6861128567245227
ref-stablelm-base-alpha-3b-v2,member,https://www.kpcnews.com/newssun/article_654d3f23-007c-538f-8d51-750339547db5.html,0.3866808090451248
ref-stablelm-base-alpha-3b-v2,member,https://www.apr.org/science-health/2008-02-04/lawyer-chronicles-struggle-with-bipolar-disorder,0.47387120242456837
ref-stablelm-base-alpha-3b-v2,member,https://www.kwch.com/prnewswire/2022/07/12/diamond-braces-selects-eob-era-automation-software-by-zentist/,-1.8495003790292663
ref-stablelm-base-alpha-3b-v2,member,https://www.cantonrep.com/story/lifestyle/2022/05/08/straight-talk-secret-shopper-job-sounds-cool-but-its-scam/9646573002/,0.5788029561767973
ref-stablelm-base-alpha-3b-v2,member,https://www.wivb.com/news/u-s-headlines/indiana-republicans-struggle-to-find-abortion-ban-agreement/,-1.9256355744551716
ref-stablelm-base-alpha-3b-v2,member,https://www.kmvt.com/2022/04/26/delta-begin-paying-flight-attendants-during-boarding/,-2.0062268887785857
ref-stablelm-base-alpha-3b-v2,member,https://www.kalb.com/prnewswire/2022/06/21/prosource-acquires-vandyke-inc-bolsters-technology-imaging-solutions-footprint-midwest/,-1.2191868832806207
ref-stablelm-base-alpha-3b-v2,member,https://www.kold.com/2022/08/03/millions-inaccurate-equifax-credit-scores-sent-lenders/,-1.7785864952436492
ref-stablelm-base-alpha-3b-v2,member,https://www.1011now.com/prnewswire/2022/08/17/forbes-recognizes-aarete-one-worlds-best-management-consulting-firms-2022/,-1.7860406538308342
ref-stablelm-base-alpha-3b-v2,member,https://www.myarklamiss.com/reviews/best-cbd-balm/,-1.8391410561643844
ref-stablelm-base-alpha-3b-v2,member,https://cw33.com/business/ap-business/firm-behind-popular-us-dollar-stablecoin-to-launch-euro-coin/,-1.9912312122437377
ref-stablelm-base-alpha-3b-v2,member,https://nbc-2.com/news/local/2022/05/19/elementary-school-staff-sleeps-on-schools-roof-after-students-win-reading-bet/,0.43740759871554147
ref-stablelm-base-alpha-3b-v2,member,https://www.wbrc.com/prnewswire/2022/07/27/arizona-state-university-sponsors-registered-apprenticeship-program-tech-project-coordinators/,-1.875816696245384
ref-stablelm-base-alpha-3b-v2,member,https://www.beaumontenterprise.com/weather/article/TX-WFO-NORMAN-Warnings-Watches-and-Advisories-17214067.php,-1.6808336917477718
ref-stablelm-base-alpha-3b-v2,member,https://kion546.com/news/national-world/cnn-national/2022/09/17/us-postal-service-appoints-manhattans-first-latina-postmaster/,-0.04105793392088475
ref-stablelm-base-alpha-3b-v2,member,https://www.wane.com/border-report-tour/credentials-for-cosmetic-surgery-centers-in-tijuana-to-be-scrutinized/,-0.8462211543595786
ref-stablelm-base-alpha-3b-v2,member,https://wtmj.com/national/2022/04/17/ukrainian-defenders-in-mariupol-defy-surrender-or-die-demand-3/,-1.9036305594549856
ref-stablelm-base-alpha-3b-v2,member,https://kion546.com/news/2022/08/02/lamb-set-to-be-no-1-as-injuries-mount-for-cowboys-receivers/,-2.0204897749499287
ref-stablelm-base-alpha-3b-v2,member,https://www.cnet.com/health/uppababy-stroller-recalled-after-childs-fingertip-amputated-by-brake-disc/,-0.1315477447297524
ref-stablelm-base-alpha-3b-v2,member,https://journalstar.com/sports/huskers/football/as-ncaa-works-to-eliminate-collectives-involvement-in-recruiting-nu-believes-it-has-nothing-to/article_f954ad9a-de17-5266-85b9-fd30cf8583be.html,0.19899873343472363
ref-stablelm-base-alpha-3b-v2,member,https://www.wane.com/news/people-greet-opening-day-of-new-jerseys-recreational-marijuana-sales/,-2.2535949629981764
ref-stablelm-base-alpha-3b-v2,member,https://www.cenlanow.com/national/montana-schools-chief-cited-in-case-of-illegal-bus-passing/,-1.9508170435305279
ref-stablelm-base-alpha-3b-v2,member,https://fox59.com/weather/tracking-rain-and-storms-severe-threat-southeast/,0.2219495042994133
ref-stablelm-base-alpha-3b-v2,member,https://www.wtvr.com/news/national/former-nfl-player-kevin-ware-indicted-for-2021-murder-of-girlfriend,-1.4319304392382082
ref-stablelm-base-alpha-3b-v2,member,https://www.wbtv.com/prnewswire/2022/08/23/healthcare-initiative-support-rural-residents-washington/,-2.1620551420419196
ref-stablelm-base-alpha-3b-v2,member,https://www.nbcnewyork.com/news/national-international/fries-to-fuel-how-dfw-airport-powers-jets-from-cooking-oil/3681455/,0.10868009387084321
ref-stablelm-base-alpha-3b-v2,member,https://www.wearegreenbay.com/reviews/br/toys-games-br/video-games-br/best-resident-evil-games/,-1.5976396654861578
ref-stablelm-base-alpha-3b-v2,member,https://www.fox35orlando.com/news/drug-could-help-thousands-with-advanced-breast-cancer-researchers-say,-1.7405195541030876
ref-stablelm-base-alpha-3b-v2,member,https://www.kpcnews.com/sports/latest/article_871fa651-ad76-5030-8f77-e73297dc6965.html,0.2847877298827415
ref-stablelm-base-alpha-3b-v2,member,https://cw33.com/health/ap-health/german-panel-recommends-vaccines-after-exposure-to-monkeypox/,-2.0007650732815567
ref-stablelm-base-alpha-3b-v2,member,https://www.albanyherald.com/news/a-florida-teen-was-accepted-into-all-eight-ivy-league-schools----and/article_432bea78-081f-5987-9042-7048ee35150b.html,-1.976384262363754
ref-stablelm-base-alpha-3b-v2,member,https://www.wsaz.com/prnewswire/2022/07/15/diamondrock-hospitality-announces-updated-schedule-second-quarter-2022-earnings-release-conference-call/,-1.488332416211511
ref-stablelm-base-alpha-3b-v2,member,https://www.kait8.com/prnewswire/2022/07/18/new-capital-partners-hires-will-saxton-principal/,-1.5009859533184022
ref-stablelm-base-alpha-3b-v2,member,https://www.kalb.com/prnewswire/2022/05/17/hadley-offers-invaluable-help-visually-impaired-travelers-make-most-vacation/,-2.091602524830416
ref-stablelm-base-alpha-3b-v2,member,https://www.sfchronicle.com/crime/article/S-F-police-announce-arrests-following-brutal-17375048.php,0.26764959268699595
ref-stablelm-base-alpha-3b-v2,member,https://localnews8.com/sports/ap-national-sports/2022/05/03/us-officials-griner-now-considered-wrongfully-detained/,-1.6194195997543703
ref-stablelm-base-alpha-3b-v2,member,https://www.tuscaloosanews.com/story/sports/college/2022/09/13/alabama-football-win-over-texas-averaged-10-million-viewers/69492621007/,0.267318499414805
ref-stablelm-base-alpha-3b-v2,member,https://www.knau.org/npr-news/npr-news/2022-07-23/fast-moving-wildfire-near-yosemite-remains-uncontained,-1.7592686768982129
ref-stablelm-base-alpha-3b-v2,member,https://www.kfyrtv.com/prnewswire/2022/06/16/sesame-software-announces-high-volume-data-connector-marketo-integrate-replicate-data-any-data-warehouse/,-1.997578840035032
ref-stablelm-base-alpha-3b-v2,member,https://www.sfgate.com/sports/article/Shoemaker-sparks-comeback-Sam-Houston-tops-17449444.php,-1.2942390520408034
ref-stablelm-base-alpha-3b-v2,member,https://www.eonline.com/news/1337885/olympic-swimmer-michael-klim-shares-his-cidp-diagnosis-and-drastically-deteriorating-health,0.3606536912262266
ref-stablelm-base-alpha-3b-v2,member,https://cw33.com/lifestyle/its-national-no-dirty-dishes-day-here-are-10-food-items-people-order-to-avoid-doing-dishes/,0.36595868393146747
ref-stablelm-base-alpha-3b-v2,member,https://www.fox16.com/sports/yordan-alvarez-gets-4-strikes-in-ab-during-astros-win/,-1.5693507424122113
ref-stablelm-base-alpha-3b-v2,member,https://www.dakotanewsnow.com/prnewswire/2022/07/13/advarra-launches-cloud-based-secure-document-exchange-accelerate-study-startup/,-2.0574919326465295
ref-stablelm-base-alpha-3b-v2,member,https://www.bangordailynews.com/2022/09/04/opinion/opinion-contributor/restaurant-workers-deserve-the-right-to-join-unions/,0.27593079598343806
ref-stablelm-base-alpha-3b-v2,member,https://who13.com/news/ap-top-headlines/kadris-ot-goal-lifts-avalanche-over-lightning-3-2-in-game-4/,-1.6846359998333533
ref-stablelm-base-alpha-3b-v2,member,https://www.apr.org/arts-life/2010-07-23/gilded-romances-of-dashing-dandies-brooding-beaus,0.9781902953418382
ref-stablelm-base-alpha-3b-v2,member,https://www.sfgate.com/news/article/Helen-Mirren-Harrison-Ford-to-star-in-17179578.php,-1.9536125898843337
ref-stablelm-base-alpha-3b-v2,member,https://www.nbcdfw.com/news/sports/big-12-championship-staying-in-arlington-through-2025/3040264/,-1.8506462690156908
ref-stablelm-base-alpha-3b-v2,member,https://www.sfchronicle.com/news/article/Idaho-Supreme-Court-sets-hearing-in-abortion-case-17215681.php,-1.7790057923514238
ref-stablelm-base-alpha-3b-v2,member,https://www.kenoshanews.com/news/local/crime-and-courts/man-charged-after-allegedly-stabbing-husband-in-kenosha-home/article_0688a4ca-199a-11ed-8307-abf45b2f7bb1.html,-0.13156733369071438
ref-stablelm-base-alpha-3b-v2,member,https://www.sfchronicle.com/news/article/Carbon-removal-technologies-to-get-3-5B-federal-17185349.php,-2.082903511333779
ref-stablelm-base-alpha-3b-v2,member,https://www.bostonglobe.com/2022/06/17/business/larry-summers-sees-risk-us-unemployment-needing-climb-toward-6-percent/,-0.053649798059417275
ref-stablelm-base-alpha-3b-v2,member,https://www.arkansasonline.com/news/2022/jun/02/gwen-rockwood-whats-in-your-head-spring-cleaning/,0.801056257842748
ref-stablelm-base-alpha-3b-v2,member,https://www.wibw.com/prnewswire/2022/08/23/tres-generaciones-tequila-teams-up-with-global-rampb-sensation-givon-launch-its-new-creative-platform-get-up-tres-celebration-imperfect-journey/,-1.8067495165376393
ref-stablelm-base-alpha-3b-v2,member,https://www.wagmtv.com/prnewswire/2022/07/15/notification-major-holdings-kindred-group-plc/,-1.6272838736429884
ref-stablelm-base-alpha-3b-v2,member,https://www.thv11.com/article/news/verify/gas-prices-verify/these-us-states-passed-gas-tax-holidays-2022/536-a10e6c15-9dba-4691-8129-e65d7b046447,-1.1274332023506708
ref-stablelm-base-alpha-3b-v2,member,https://who13.com/news/ap-top-headlines/biden-to-meet-saudi-king-prince-mbs-after-human-rights-rift/,-2.137472300028138
ref-stablelm-base-alpha-3b-v2,member,https://www.fox43.com/article/news/nation-world/could-flag-football-be-an-olympic-sport-nfl-wants-it-2028/507-ec8f9f3f-9def-4614-a893-dc7743ecf9e6,-2.072859374138587
ref-stablelm-base-alpha-3b-v2,member,https://1019therock.com/rcmp-seize-explosive-device-drugs-in-south-tetagouche-n-b/,0.28886984056748943
ref-stablelm-base-alpha-3b-v2,member,https://www.kxnet.com/news/local-news/wellness-month-focuses-on-self-care-managing-stress/,0.039334484430827654
ref-stablelm-base-alpha-3b-v2,member,https://www.wkyt.com/prnewswire/2022/09/02/floods-pakistan-examined-national-press-club-newsmaker-friday-september-9/,-1.9755343296490662
ref-stablelm-base-alpha-3b-v2,member,https://www.seattlepi.com/weather/article/TX-WFO-EL-PASO-Warnings-Watches-and-Advisories-17405882.php,-0.9375396305132734
ref-stablelm-base-alpha-3b-v2,member,https://www.kxii.com/2022/07/31/new-york-city-declares-monkeypox-public-health-emergency/,-1.7705607176411529
ref-stablelm-base-alpha-3b-v2,member,https://www.kmvt.com/prnewswire/2022/05/25/rael-raises-35m-series-b-funding-largest-investment-feminine-care-category-date/,-1.868355315588041
ref-stablelm-base-alpha-3b-v2,member,https://www.eonline.com/news/1333091/facebook-coo-sheryl-sandberg-leaving-meta-after-14-years,-0.5133644830034907
ref-stablelm-base-alpha-3b-v2,member,https://www.wcjb.com/prnewswire/2022/05/25/deepredsky-nft-marketplace-powered-by-parler-is-now-accepting-multiple-crypto-currencies-building-upon-credit-card-payments-adding-more-convenient-options-soon/,-2.312179158070005
ref-stablelm-base-alpha-3b-v2,member,https://www.wfla.com/community/health/ap-health/indiana-abortion-debate-draws-protest-crowds-vice-president/,-1.7707762315413818
ref-stablelm-base-alpha-3b-v2,member,https://www.washingtonpost.com/business/explainer-esg-investing-and-the-debate-surrounding-it/2022/05/19/b85961e4-d7a0-11ec-be17-286164974c54_story.html,-2.1409978976300543
ref-stablelm-base-alpha-3b-v2,member,https://www.wearegreenbay.com/news/national/nfl-appealing-deshaun-watsons-suspension/,-1.8220656512818596
ref-stablelm-base-alpha-3b-v2,member,https://www.wcjb.com/prnewswire/2022/07/28/acdlabs-tetrascience-partner-help-customers-increase-scientific-data-effectiveness/,-2.1260151494536834
ref-stablelm-base-alpha-3b-v2,member,https://www.dakotanewsnow.com/2022/06/01/dog-tests-positive-meth-after-walk/,-1.8598063994804026
ref-stablelm-base-alpha-3b-v2,member,https://ktbb.com/post/?p=1162471,-0.1257194588040469
ref-stablelm-base-alpha-3b-v2,member,https://www.kron4.com/news/gop-nominee-for-illinois-governor-apologizes-after-calling-for-people-to-move-on-after-shooting/,-1.899622036647959
ref-stablelm-base-alpha-3b-v2,member,https://pix11.com/news/national-news/ap-national/ap-georgia-man-guilty-of-manslaughter-in-shooting-of-teen-girl/,-1.8545209233682811
ref-stablelm-base-alpha-3b-v2,member,https://www.kmvt.com/prnewswire/2022/08/04/trevi-therapeutics-report-q2-2022-financial-results-provide-corporate-update-august-11-2022/,-1.3005316934600635
ref-stablelm-base-alpha-3b-v2,member,https://www.wfmz.com/news/pr_newswire/pr_newswire_entertainment/vp-hosts-nasa-for-family-stem-event-disney-pixars-lightyear-viewing/article_ac2d5eba-3f99-569a-b0c4-6f902a74f1aa.html,-1.4331671627098606
ref-stablelm-base-alpha-3b-v2,member,https://www.kxnet.com/news/health/ap-health/ap-egypt-latest-in-mideast-to-detect-1st-case-of-monkeypox/,-1.88060023045432
ref-stablelm-base-alpha-3b-v2,member,https://www.mlive.com/spartans/2022/05/michigan-back-in-the-playoff-mix-michigan-state-building-a-long-term-contender-big-ten-playoff-preview.html,-0.47889636989773376
ref-stablelm-base-alpha-3b-v2,member,https://globegazette.com/sports/high-school/football/boys/aplington-parkersburg-comes-from-behind-to-stop-osage-34-17/article_f2aa6a39-5129-5a78-b404-9afd458c6ec7.html,-1.1598243638492667
ref-stablelm-base-alpha-3b-v2,member,https://www.sfgate.com/news/article/Convicted-rapist-pleads-not-guilty-to-rapes-in-17214944.php,-2.150504687523157
ref-stablelm-base-alpha-3b-v2,member,https://www.kbtx.com/prnewswire/2022/06/15/an-effort-democratize-plant-based-wellness-equilibria-lowers-prices-offers-free-one-on-one-consults-all/,-2.1506027042004607
ref-stablelm-base-alpha-3b-v2,member,https://www.weau.com/prnewswire/2022/09/14/good-dogg-beverage-sponsors-first-pack-philanthropic-pga-tour-players-kelly-kraft-sam-ryder-their-instructor-adam-schriber/,-1.9227972761599728
ref-stablelm-base-alpha-3b-v2,member,https://www.wivb.com/news/national/more-recalls-of-products-containing-jif-peanut-butter-due-to-salmonella/,-1.495562653996476
ref-stablelm-base-alpha-3b-v2,member,https://www.kbtx.com/2022/08/28/unarmed-man-dies-struggle-with-police-video-shows-lack-de-escalation/,-1.9952914976049632
ref-stablelm-base-alpha-3b-v2,member,https://www.mlive.com/news/muskegon/2022/07/baker-college-campus-in-muskegon-officially-sold-to-county.html,0.29259630021409055
ref-stablelm-base-alpha-3b-v2,member,https://www.sfgate.com/sports/article/Thunder-GM-Presti-hopes-Holmgren-is-latest-star-17265922.php,-1.8523453299801915
ref-stablelm-base-alpha-3b-v2,member,https://www.wbay.com/prnewswire/2022/08/04/space-gallery-st-barth-opens-home-collection-personal-works-by-multidisciplinary-artist-hannah-polskin/,-2.2818754897062923
ref-stablelm-base-alpha-3b-v2,member,https://www.nj.com/hudson/2022/07/jersey-city-busts-illegal-cannabis-dispensary-and-seizes-marijuana-from-smoke-shop.html,0.3138924655733608
ref-stablelm-base-alpha-3b-v2,member,https://www.kswo.com/2022/05/25/teachers-tennessee-hold-down-intruder-until-police-arrive/,-2.0328867527195795
ref-stablelm-base-alpha-3b-v2,member,https://www.wflx.com/prnewswire/2022/06/28/memorial-hermann-helix-partner-population-genomics-initiative-aimed-driving-precision-health-care-texans/,-1.8690076393058135
ref-stablelm-base-alpha-3b-v2,member,https://www.kswo.com/prnewswire/2022/05/24/vision-impact-institute-joins-partners-bring-good-vision-vulnerable-populations-panama/,-2.170700685379748
ref-stablelm-base-alpha-3b-v2,member,https://www.wistv.com/prnewswire/2022/07/18/pretium-adds-ramki-ramaswamy-chief-digital-technology-officer/,-1.728114646146022
ref-stablelm-base-alpha-3b-v2,member,https://www.wtvr.com/news/national/desperation-becomes-sorrow-after-elementary-school-shooting,-2.1809086426425
ref-stablelm-base-alpha-3b-v2,member,https://www.wcjb.com/prnewswire/2022/07/21/ilumivu-announces-completion-venture-funding-pisgah-fund/,-2.1065113117652867
ref-stablelm-base-alpha-3b-v2,member,https://www.washingtonpost.com/sports/colleges/reed-propels-western-kentucky-to-49-17-rout-of-hawaii/2022/09/04/6d7fb54e-2c26-11ed-a90a-fce4015dfc8f_story.html,-1.4519631544730751
ref-stablelm-base-alpha-3b-v2,member,https://www.myarklamiss.com/local-news/italy-relocates-migrants-after-lampedusa-center-overwhelmed/,-2.1576238426272525
ref-stablelm-base-alpha-3b-v2,member,https://1019therock.com/have-you-seen-this-stolen-side-by-side-from-cocagne-new-brunswick/,0.4183661871102804
ref-stablelm-base-alpha-3b-v2,member,https://www.abcactionnews.com/news/national/boy-fights-muscular-dystrophy-and-ghosts-with-customized-ghostbusters-wheelchair,-1.138505358188394
ref-stablelm-base-alpha-3b-v2,member,https://k2radio.com/what-is-the-most-popular-cheap-beer-in-wyoming/,0.4335484247134014
ref-stablelm-base-alpha-3b-v2,member,https://bismarcktribune.com/olive/article_4b49ef52-323f-52b1-8a10-419712a9c8f1.html,1.306872737318336
ref-stablelm-base-alpha-3b-v2,member,https://cbs4indy.com/reviews/br/fashion-accessories-br/watches-br/movado-smartwatch-vs-michael-kors-smartwatch/,-1.7747714830576569
ref-stablelm-base-alpha-3b-v2,member,https://cw33.com/lifestyle/food-and-drink/loosen-your-belts-north-texas-where-to-get-the-best-junk-fast-food-in-dallas-according-to-yelp/,0.3522850600910128
ref-stablelm-base-alpha-3b-v2,member,https://www.wfla.com/news/washington-dc/gillibrand-introduces-bill-to-prevent-future-baby-formula-shortages/,-2.183234931263743
ref-stablelm-base-alpha-3b-v2,member,https://www.kswo.com/prnewswire/2022/06/30/inventhelp-inventors-develop-hair-care-applicator-massager-brk-4118/,-1.444882225135026
ref-stablelm-base-alpha-3b-v2,member,https://www.foxnews.com/us/pilot-dies-small-plane-crashes-washington-state-forest,0.3141632377035819
ref-stablelm-base-alpha-3b-v2,member,https://www.ksn.com/news/national-world/ap-international/ap-palestinian-man-shot-dead-after-wounding-israeli-soldier/,-1.8683191575818712
ref-stablelm-base-alpha-3b-v2,member,https://www.wowktv.com/news/u-s-world/bartering-increases-in-argentina-as-inflation-keeps-soaring/,-2.2122454472833613
ref-stablelm-base-alpha-3b-v2,member,https://greensboro.com/news/local/summer-arrives-for-guilford-countys-public-pools/article_17e13fba-e5a7-11ec-a50c-ab9010cf04b6.html,0.41137745465775666
ref-stablelm-base-alpha-3b-v2,member,https://www.localsyr.com/news/international/italian-govt-staves-off-immediate-prospect-of-early-election/,-2.4393662417922677
ref-stablelm-base-alpha-3b-v2,member,https://www.wkyt.com/prnewswire/2022/06/13/former-redfin-head-marketing-joins-new-western-chief-marketing-officer/,-2.0087883073189814
ref-stablelm-base-alpha-3b-v2,member,https://www.expressnews.com/sports/article/Kyle-Larson-lucks-out-wins-Xfinity-race-at-17387160.php,-1.8248633538478831
ref-stablelm-base-alpha-3b-v2,member,https://fox59.com/news/indycrime/police-searching-for-suspects-who-beat-68-year-old-man-in-speedway-store-parking-lot/,0.22296871377203398
ref-stablelm-base-alpha-3b-v2,member,https://www.wsaz.com/prnewswire/2022/09/13/opera-crypto-browser-integrates-metamask-other-wallets-unveils-industry-first-web3-wallet-selector-ahead-merge/,-1.7199593548177288
ref-stablelm-base-alpha-3b-v2,member,https://www.weau.com/prnewswire/2022/08/16/edison-interactive-ranks-no-1105-inc-5000/,-1.6085912465749825
ref-stablelm-base-alpha-3b-v2,member,https://www.wymt.com/prnewswire/2022/08/10/nrx-pharmaceuticals-report-second-quarter-2022-results-august-15-2022/,-1.311274867653285
ref-stablelm-base-alpha-3b-v2,member,https://www.binghamtonhomepage.com/news/business/starbucks-must-reinstate-fired-workers-federal-judge-rules/,-1.8965218860156972
ref-stablelm-base-alpha-3b-v2,member,https://www.wivb.com/news/business/european-central-bank-to-gather-after-borrowing-costs-rise/,-2.136618501806784
ref-stablelm-base-alpha-3b-v2,member,https://www.newscentermaine.com/article/news/local/after-abortion-ruling-critics-renew-blasts-at-sen-collins-maine-national-politics-supreme-court/97-70c32003-f782-42c7-9365-69fb1d59bd56,-2.1346317260436605
ref-stablelm-base-alpha-3b-v2,member,https://www.wkyt.com/prnewswire/2022/08/24/godfrey-hotel-hollywood-welcomes-konstantine-kabilafkas-new-general-manager/,-2.0668437851443024
ref-stablelm-base-alpha-3b-v2,member,https://www.seattletimes.com/business/queens-death-renews-interest-in-uk-memorabilia-in-hong-kong/?utm_source=RSS&utm_medium=Referral&utm_campaign=RSS_nation-world,-2.130993972080588
ref-stablelm-base-alpha-3b-v2,member,https://www.wmar2news.com/news/national/sen-tammy-baldwin-of-wisconsin-confronts-marco-rubio-on-calling-same-sex-marriage-vote-stupid-waste-of-time,-1.744961962482863
ref-stablelm-base-alpha-3b-v2,member,https://www.kxii.com/prnewswire/2022/09/14/leap-partners-hires-home-service-expert-lead-technician-training-program/,-1.5665367942387385
ref-stablelm-base-alpha-3b-v2,member,https://www.beinsports.com/au/serie-a/video/vlahovic-stunner-seals-juventus-win/1941917,0.11583658416240206
ref-stablelm-base-alpha-3b-v2,member,https://www.koin.com/news/politics/a-look-at-trevor-reed-the-texan-released-in-prisoner-swap/,-2.1986349516166968
ref-stablelm-base-alpha-3b-v2,member,https://tucson.com/business/jt-dale-talk-jobs-turning-a-new-college-degree-into-a-career/article_d56b2e44-e749-11ec-af8e-37bd74e8626d.html,0.314968747605612
ref-stablelm-base-alpha-3b-v2,member,https://www.wfmz.com/news/pr_newswire/pr_newswire_business/hmp-global-launches-great-debates-updates-program-focusing-on-diabetic-foot-syndrome/article_310fde8d-ecf5-525c-a71d-7f0f9872ed0c.html,-0.08729165300372754
ref-stablelm-base-alpha-3b-v2,member,https://www.wishtv.com/news/crime-watch-8/18-year-old-arrested-in-fatal-shooting-of-whiteland-high-school-student-in-greenwood/,0.22542117932730843
ref-stablelm-base-alpha-3b-v2,member,https://www.kmvt.com/prnewswire/2022/05/04/hycroft-provides-first-quarter-2022-operating-financial-results/,-1.5148023750651272
ref-stablelm-base-alpha-3b-v2,member,https://www.kold.com/2022/09/16/former-all-star-catcher-john-stearns-dies-71/,-1.777605708215412
ref-stablelm-base-alpha-3b-v2,member,https://www.sfgate.com/entertainment/article/Jan-6-hearing-dominates-top-TV-networks-17321572.php,-2.2655765553032126
ref-stablelm-base-alpha-3b-v2,member,https://www.pahomepage.com/news/politics/congresswoman-billionaire-to-faceoff-in-la-mayors-race/,-2.087163561585132
ref-stablelm-base-alpha-3b-v2,member,https://www.wagmtv.com/prnewswire/2022/06/17/zeroeyes-promotes-jt-wilkins-senior-vice-president-government-solutions-dustin-kisling-senior-vice-president-strategy/,-1.7892610493258754
ref-stablelm-base-alpha-3b-v2,member,https://www.kgw.com/article/news/nation-world/cougar-california-classroom/507-8651beb7-9d69-4f20-b79f-2af7544b8713,-2.234809296722562
ref-stablelm-base-alpha-3b-v2,member,https://www.ourmidland.com/news/article/Adopting-an-Envigo-beagle-She-s-just-the-17433784.php,-0.14532324885298986
ref-stablelm-base-alpha-3b-v2,member,https://www.ksn.com/news/national-world/battle-lines-emerge-over-out-of-state-abortion/,-2.0658393542906546
ref-stablelm-base-alpha-3b-v2,member,https://www.sfchronicle.com/weather/article/TX-Austin-San-Antonio-TX-Zone-Forecast-17245308.php,-0.22194421804352626
ref-stablelm-base-alpha-3b-v2,member,https://www.wsaz.com/prnewswire/2022/07/28/fairmont-hotels-amp-resorts-announces-signing-fairmont-breakers-long-beach/,-1.8603578721391483
ref-stablelm-base-alpha-3b-v2,member,https://www.wearegreenbay.com/international/ap-international/thousands-rescued-at-flood-hit-hindu-pilgrimage-in-kashmir/,-2.101964029148526
ref-stablelm-base-alpha-3b-v2,member,https://www.kbtx.com/prnewswire/2022/07/29/afton-apple-orchard-installs-two-solar-arrays-with-all-energy-solar/,-1.8140046684297613
ref-stablelm-base-alpha-3b-v2,member,https://www.fox16.com/weather/weather-forecasts/arkansas-storm-team-forecast-scattered-storm-chances-continue-this-weekend/,-0.7535097133509621
ref-stablelm-base-alpha-3b-v2,member,https://www.kfyrtv.com/prnewswire/2022/08/24/viavi-selected-test-equipment-supplier-kyrio-o-ran-test-amp-integration-lab/,-1.8055001030493503
ref-stablelm-base-alpha-3b-v2,member,https://www.kfyrtv.com/prnewswire/2022/06/27/clearwave-fiber-begins-buildout-fiber-internet-lansing-ks/,-2.0560114555877407
ref-stablelm-base-alpha-3b-v2,member,https://www.dakotanewsnow.com/2022/06/03/graphic-man-army-fatigues-accused-raping-teen-after-offering-vape-pens-affidavit-reads/,-1.7800875319624812
ref-stablelm-base-alpha-3b-v2,member,https://www.wbrc.com/prnewswire/2022/08/16/wolf-home-products-unveils-first-shower-line/,-2.1228235133399322
ref-stablelm-base-alpha-3b-v2,member,https://www.abqjournal.com/2502132/ucla-to-pay-record-of-nearly-700m-in-doctor-abuse-lawsuits.html,-2.0037520276512906
ref-stablelm-base-alpha-3b-v2,member,https://www.valleynewslive.com/prnewswire/2022/06/23/goldmining-inc-discovers-extension-its-la-garrucha-target-la-mina-project-colombia-drill-results-include-34554-metres-074-gt-aueq/,-1.718425483176299
ref-stablelm-base-alpha-3b-v2,member,https://www.expressnews.com/weather/article/WA-WFO-SPOKANE-Warnings-Watches-and-Advisories-17370825.php,-1.6282770603336039
ref-stablelm-base-alpha-3b-v2,member,https://www.washingtonpost.com/sports/nfl/hurts-eagles-beat-lions-38-35/2022/09/11/10ff5954-3212-11ed-a0d6-415299bfebd5_story.html,-0.972676096521153
ref-stablelm-base-alpha-3b-v2,member,https://www.koat.com/article/jill-biden-tests-negative-covid-19/40949598,-1.305404125726701
ref-stablelm-base-alpha-3b-v2,member,https://www.apr.org/politics-government/politics-government/2022-06-15/biden-is-under-pressure-on-gas-prices-so-hes-putting-pressure-on-oil-companies,-2.060098755034523
ref-stablelm-base-alpha-3b-v2,member,https://www.myarklamiss.com/entertainment-news/tarantino-receives-honorary-degree-from-israeli-university/,-1.6494289350550544
ref-stablelm-base-alpha-3b-v2,member,https://www.wfla.com/automotive/here-is-the-first-electric-cadillac-the-lyriq/,-1.7547781832050822
ref-stablelm-base-alpha-3b-v2,member,https://www.wlbt.com/prnewswire/2022/06/21/tyson-group-named-selling-power-magazines-top-sales-training-companies-2022-list/,-2.1024135934886248
ref-stablelm-base-alpha-3b-v2,member,https://www.wdtn.com/news/local-news/first-monkeypox-case-confirmed-in-miami-valley/,-0.2063984719247003
ref-stablelm-base-alpha-3b-v2,member,https://www.ourmidland.com/news/article/What-s-Happening-Nov-24-2021-17322077.php,0.8520652555548711
ref-stablelm-base-alpha-3b-v2,member,https://www.kold.com/prnewswire/2022/08/10/virgin-mobile-terminates-tra-connection-with-acquisition-by-sprint-nextel-corporation/,-1.7742750058712646
ref-stablelm-base-alpha-3b-v2,member,https://www.kold.com/prnewswire/2022/06/14/firstenergy-announces-pricing-terms-accepted-tender-amounts-cash-tender-offer/,-1.3656471581178753
ref-stablelm-base-alpha-3b-v2,member,https://www.wbrc.com/prnewswire/2022/07/26/my-plates-officially-launches-three-new-classic-silver-license-plate-designs/,-1.5650827279388242
ref-stablelm-base-alpha-3b-v2,member,https://www.kalb.com/prnewswire/2022/06/23/quantix-promotes-alex-buck-group-president-export-distribution-centers-enhanced-services-3pl/,-2.015513434215601
ref-stablelm-base-alpha-3b-v2,member,https://www.eonline.com/news/1343873/taylor-swift-just-made-an-enchanting-appearance-at-the-2022-mtv-vmas?cmpid=rss-000000-rssfeed-365-topstories&utm_source=eonline&utm_medium=rssfeeds&utm_campaign=rss_topstories,0.11588922658393397
ref-stablelm-base-alpha-3b-v2,member,https://www.latimes.com/california/story/2022-08-14/san-bernardino-mountains-hit-with-flash-floods-as-summer-downpours-continue,0.06096552003298816
ref-stablelm-base-alpha-3b-v2,member,https://www.wbtv.com/prnewswire/2022/07/12/dodgesrt-drivers-ready-conquer-thunder-mountain-dodge-power-brokers-mile-high-nationals/,-1.9335241991239631
ref-stablelm-base-alpha-3b-v2,member,https://www.wthr.com/article/news/verify/education-verify/biden-student-loan-debt-forgiveness-plan-who-qualifies-how-to-apply/536-759ec5e6-9968-45f7-8518-909b76cd4d35,-1.5000862020301
ref-stablelm-base-alpha-3b-v2,member,https://www.wafb.com/prnewswire/2022/08/25/nextworld-fastclose-announce-partnership-provide-real-time-financial-reporting/,-2.2450082180593167
ref-stablelm-base-alpha-3b-v2,member,https://www.wistv.com/prnewswire/2022/09/06/turpaz-reports-record-results-q22022-sales-grow-by-50-303-million-net-profit-increased-by-327-42-million/,-1.2645558437927937
ref-stablelm-base-alpha-3b-v2,member,https://www.wtae.com/article/rabies-vaccines-wildlife-raccoons/41003927,-2.202861429390005
ref-stablelm-base-alpha-3b-v2,member,https://www.wbrc.com/prnewswire/2022/07/20/freshrealm-closes-200-million-investment/,-2.375317987491961
ref-stablelm-base-alpha-3b-v2,member,https://warm1069.com/elton-john-shouts-out-britney-spears-thoughtful-gift-after-hold-me-closer-release/,0.12590121792636788
ref-stablelm-base-alpha-3b-v2,member,https://www.gjsentinel.com/news/western_colorado/council-delays-richmark-vote-to-sept-7/article_9d0eb492-1432-11ed-a8d8-f3a146fcc4ac.html,0.10481556131477188
ref-stablelm-base-alpha-3b-v2,member,https://www.koin.com/news/ap-top-headlines/trump-hogan-fight-emerges-in-marylands-gop-governors-race/,-1.8578558542394958
ref-stablelm-base-alpha-3b-v2,member,https://www.wivb.com/hill-politics/mccarthy-says-he-knows-who-recorded-him-criticizing-trump/,-2.045456330437668
ref-stablelm-base-alpha-3b-v2,member,https://www.mysuncoast.com/prnewswire/2022/08/08/root-brands-collaboration-with-international-science-nutrition-society/,-2.2035351982289075
ref-stablelm-base-alpha-3b-v2,member,https://www.fox16.com/reviews/br/office-br/furniture-br/best-small-computer-desk/,-1.460366204995699
ref-stablelm-base-alpha-3b-v2,member,https://www.newscentermaine.com/article/life/animals/coyote-vs-cat-fight/285-819c4b4a-6909-42ef-9340-245e3f1bd1ec,0.0482175256470021
ref-stablelm-base-alpha-3b-v2,member,https://www.valleynewslive.com/prnewswire/2022/05/30/cgi-completes-acquisition-french-based-harwell-management-offer-broader-range-financial-consulting-services/,-1.5434638115426735
ref-stablelm-base-alpha-3b-v2,member,https://www.koin.com/reviews/br/home-br/laundering-fabric-care-br/best-reusable-lint-roller/,-1.919159567883304
ref-stablelm-base-alpha-3b-v2,member,https://who13.com/news/ap-top-headlines/4-days-in-january-trump-push-for-capitol-coda-to-2020-vote/,-2.039390436505269
ref-stablelm-base-alpha-3b-v2,member,https://www.wymt.com/prnewswire/2022/09/12/paving-way-skilled-mediation-2022-aamlbvr-divorce-conference/,-1.9718460834654428
ref-stablelm-base-alpha-3b-v2,member,https://www.wtae.com/article/chronicle-ice-cream-social-the-different-takes-on-ice-cream/40625630,0.39196582654090184
ref-stablelm-base-alpha-3b-v2,member,https://www.cenlanow.com/crime/how-a-gun-used-to-shoot-an-officer-went-from-teen-to-teen/,-1.908024623402659
ref-stablelm-base-alpha-3b-v2,member,https://www.expressnews.com/news/article/Biden-seeking-37B-for-fighting-crime-hiring-17318987.php,-2.0319767971734675
ref-stablelm-base-alpha-3b-v2,member,https://www.citizensvoice.com/zz-dnp/jean-louise-davies/article_7d189818-3a1c-5613-b9ab-cfaa898d7de7.html,0.20396052207170512
ref-stablelm-base-alpha-3b-v2,member,https://www.wafb.com/2022/08/02/et-pedals-it-way-imax-theaters-films-40th-anniversary/,-1.2581243300549687
ref-stablelm-base-alpha-3b-v2,member,https://wtmj.com/national/2022/08/14/will-zalatoris-gets-1st-pga-tour-win-in-playoff-at-memphis/,-2.0038461842248267
ref-stablelm-base-alpha-3b-v2,member,https://www.kold.com/prnewswire/2022/07/19/green-development-building-energy-efficient-ict-infrastructure/,-1.970699266767208
ref-stablelm-base-alpha-3b-v2,member,https://www.kswo.com/prnewswire/2022/06/06/valencia-technologies-announces-first-commercial-implantation-ecoin-leadless-tibial-neurostimulator-treatment-urge-urinary-incontinence/,-1.1353542811145827
ref-stablelm-base-alpha-3b-v2,member,https://www.1011now.com/prnewswire/2022/09/05/shemaroo-partners-with-seracle-web-30-expansions/,-2.0460690020867234
ref-stablelm-base-alpha-3b-v2,member,https://www.ksn.com/news/weird-news/ap-strange-news/officials-cows-block-floridas-turnpike-after-truck-fire/,-1.7380446031811299
ref-stablelm-base-alpha-3b-v2,member,https://www.ktre.com/prnewswire/2022/07/07/newest-member-mac-baldrige-society-center-organ-recovery-amp-education-core/,-1.7301230140283184
ref-stablelm-base-alpha-3b-v2,member,https://www.wvasfm.org/arts/arts/2022-07-07/yu-gi-oh-creator-kazuki-takahashi-found-dead,-2.0600523642452955
ref-stablelm-base-alpha-3b-v2,member,https://www.wbay.com/prnewswire/2022/07/25/welltower-announces-date-second-quarter-2022-earnings-release-conference-call-webcast/,-1.044829868504714
ref-stablelm-base-alpha-3b-v2,member,https://www.seattletimes.com/nation-world/cambodian-japanese-among-winners-of-magsaysay-awards/?utm_source=RSS&utm_medium=Referral&utm_campaign=RSS_nation-world,-2.3119494120459887
ref-stablelm-base-alpha-3b-v2,member,https://www.wdtn.com/news/politics/ap-politics/cheney-and-murkowski-trump-critics-facing-divergent-futures/,-2.1731297059884787
ref-stablelm-base-alpha-3b-v2,member,https://www.ktre.com/prnewswire/2022/07/07/pastors-church-leaders-across-america-attend-bible-seminar/,-2.222212261660474
ref-stablelm-base-alpha-3b-v2,member,https://www.ourmidland.com/weather/article/TX-WFO-CORPUS-CHRISTI-Warnings-Watches-and-17419061.php,-1.205011174576247
ref-stablelm-base-alpha-3b-v2,member,https://www.wdtn.com/reviews/br/patio-br/pools-hot-tubs-br/the-best-hard-sided-pools/,-1.5468811157822357
ref-stablelm-base-alpha-3b-v2,member,https://www.nbcphiladelphia.com/news/business/money-report/climbing-interest-rates-means-good-news-for-annuity-buyers/3244889/,0.4339472848412753
ref-stablelm-base-alpha-3b-v2,member,https://www.wbtv.com/prnewswire/2022/09/05/simcere-pharmaceutical-announces-financial-results-2022-h1-27-year-over-year-revenue-growth-with-innovative-drugs-accounting-654-total-revenue/,-2.365045819228572
ref-stablelm-base-alpha-3b-v2,member,https://www.unionleader.com/news/safety/justice-dept-offers-new-resource-for-police-agencies-seeking-change/article_de2a7741-4d41-5465-a66d-5cfcc9699220.html,0.4015640898524553
ref-stablelm-base-alpha-3b-v2,member,https://www.nprillinois.org/2022-06-17/flight-cancelled-pete-buttigieg-is-telling-airlines-to-step-up-their-game,-1.84074282437074
ref-stablelm-base-alpha-3b-v2,member,https://www.kswo.com/prnewswire/2022/06/10/insurtech-easysend-strengthens-japan-by-establishing-japanese-entity-order-accelerate-digitization-within-japanese-financial-industry/,-2.23704287805745
ref-stablelm-base-alpha-3b-v2,member,https://www.wsaz.com/prnewswire/2022/07/01/clara-sola-costa-rican-film-about-debut-us-cinemas/,-1.6794247844811485
ref-stablelm-base-alpha-3b-v2,member,https://www.kxlf.com/news/national/matthew-mcconaughey-calls-for-gun-responsibility-following-uvadle-school-shooting,-1.1297285471428415
ref-stablelm-base-alpha-3b-v2,member,https://www.nwitimes.com/2-bedroom-home-in-cedar-lake---339-990/article_83016756-a12e-55b5-83aa-9cd0de365f6c.html,0.5695389980229191
ref-stablelm-base-alpha-3b-v2,member,https://wtmj.com/national/2022/07/20/uvalde-schools-look-to-fire-chief-arredondo-after-shooting-4/,-1.8002192949037024
ref-stablelm-base-alpha-3b-v2,member,https://www.nbcdfw.com/news/local/he-was-my-hero-my-protector-family-of-arlington-man-lit-on-fire-killed-shares-story/3040646/,0.12140533415779542
ref-stablelm-base-alpha-3b-v2,member,https://www.valleynewslive.com/prnewswire/2022/07/12/envision-digital-acquires-global-asset-performance-management-leader-qos-energy/,-2.00218610821814
ref-stablelm-base-alpha-3b-v2,member,https://www.kpcnews.com/thestar/article_1885e472-ee25-5ddc-82af-1aa70528f306.html,0.2865091158331783
ref-stablelm-base-alpha-3b-v2,member,https://www.1011now.com/prnewswire/2022/06/27/fresh-start-surgical-gifts-partners-with-sanford-health-expand-services-further-their-mission-transforming-lives-children/,-1.9655996821095845
ref-stablelm-base-alpha-3b-v2,member,https://www.wbtv.com/2022/07/26/some-texas-lawmakers-claim-immigration-amounts-an-invasion/,-2.0795078132254003
ref-stablelm-base-alpha-3b-v2,member,https://www.wrtv.com/news/man-with-indiana-ties-helping-ukrainian-refugees-at-polish-hostel,0.2565341405931618
ref-stablelm-base-alpha-3b-v2,member,https://www.wbrc.com/prnewswire/2022/06/29/pixability-joins-global-alliance-responsible-media-garm-providing-contextual-brand-safety-suitability-expertise-industry-standardization-efforts/,-1.9406748115921733
ref-stablelm-base-alpha-3b-v2,member,https://cw33.com/news/nexstar-media-wire/florida-couple-accused-of-burning-raccoon-alive/,-1.985568210534692
ref-stablelm-base-alpha-3b-v2,member,https://www.ktvb.com/article/entertainment/entertainment-tonight/offset-shares-sweet-photos-of-him-holding-his-and-cardi-bs-son-wave/603-947f1823-e9e8-4bb4-a062-55dfd8f4ef2e,-0.1453546782789168
ref-stablelm-base-alpha-3b-v2,member,https://www.koat.com/article/brittney-griner-paul-whelan-proposed-us-russia-prisoner-swap/40742295,-0.8668990759889544
ref-stablelm-base-alpha-3b-v2,member,https://www.kmvt.com/prnewswire/2022/06/06/ovo-energy-partners-with-noetic-cyber-deliver-critical-insights-into-cybersecurity-posture-readiness-across-organization/,-2.174478566076794
ref-stablelm-base-alpha-3b-v2,member,https://www.wvasfm.org/arts/arts/2022-05-19/johnny-depps-former-business-manager-and-others-chart-the-actors-rise-and-fall,-1.9556259175234012
ref-stablelm-base-alpha-3b-v2,member,https://www.kxii.com/prnewswire/2022/07/29/kbo-bike-launches-ranger-ebike-perfect-hauling-cargo/,-1.999683152672965
ref-stablelm-base-alpha-3b-v2,member,https://kion546.com/news/ap-california/2022/06/17/padres-ace-musgrove-placed-on-covid-19-list-2/,-0.7889587728860981
ref-stablelm-base-alpha-3b-v2,member,https://www.foxnews.com/politics/senate-republicans-demand-answers-mayorkas-disinformation-board-misleading-testimony,0.059319307365001794
ref-stablelm-base-alpha-3b-v2,member,https://www.localsyr.com/news/local-news/oswego-harborfest-is-back-heres-what-to-expect-and-frequently-asked-questions/,0.43871040830794494
ref-stablelm-base-alpha-3b-v2,member,https://www.wdiy.org/npr-news/npr-news/2022-08-17/after-decades-author-jamil-jan-kochai-reunites-with-the-teacher-who-changed-his-life,-1.9127502161456371
ref-stablelm-base-alpha-3b-v2,member,https://www.al.com/alabama/2022/05/live-updates-alabama-faces-elimination-against-florida-in-sec-baseball-tournament.html,-0.11791831246538997
ref-stablelm-base-alpha-3b-v2,member,https://www.kunm.org/npr-news/npr-news/2022-07-12/emmy-nominations-the-contenders-for-tvs-biggest-honors,-0.6763527870852868
ref-stablelm-base-alpha-3b-v2,member,https://www.wcjb.com/2022/08/05/brick-city-center-arts-will-have-opening-reception-art-aging-exhibit-secrets-life/,0.038283743766479805
ref-stablelm-base-alpha-3b-v2,member,https://www.kttc.com/2022/04/14/police-identify-remains-missing-8-year-old-boy-nationwide-arrest-warrant-includes-father/,-1.764273633719211
ref-stablelm-base-alpha-3b-v2,member,https://journalstar.com/news/local/i-am-terrified-alten-study-finds-pesticides-in-mead-womans-home/article_3168cdde-f785-5246-83d3-ee66a91e08c5.html,0.41605264550096255
ref-stablelm-base-alpha-3b-v2,member,https://www.wnem.com/2022/09/13/burger-king-has-400m-plan-make-you-fall-love-with-whopper-again/,-1.9757119376817924
ref-stablelm-base-alpha-3b-v2,member,https://www.sfchronicle.com/sports/article/Serena-Venus-Williams-get-US-Open-doubles-17402285.php,-1.4935355033485076
ref-stablelm-base-alpha-3b-v2,member,https://www.wcjb.com/prnewswire/2022/07/20/etsy-names-kruti-patel-goyal-chief-executive-officer-depop-promotes-nick-daniel-chief-product-officer-etsy/,-1.7323277622780617
ref-stablelm-base-alpha-3b-v2,member,https://www.kalb.com/prnewswire/2022/06/10/cti-biopharma-presents-pivotal-data-pacritinib-program-european-hematology-association-eha-2022-congress/,-1.2912811658335026
ref-stablelm-base-alpha-3b-v2,member,https://www.wbtv.com/prnewswire/2022/08/03/tenurex-appoints-former-gartner-vp-board-advisor/,-1.8112658103971935
ref-stablelm-base-alpha-3b-v2,member,https://www.wagmtv.com/prnewswire/2022/09/02/byron-allens-hbcu-go-announces-the-hbcu-go-sports-kickoff-show/,-1.721588985715362
ref-stablelm-base-alpha-3b-v2,member,https://www.wibw.com/prnewswire/2022/06/30/bank-london-appoints-tam-holmes-co-president-amp-group-chief-product-officer/,-1.9820944632511304
ref-stablelm-base-alpha-3b-v2,member,https://www.wistv.com/prnewswire/2022/06/14/high-tide-reports-second-quarter-2022-financial-results-featuring-98-increase-revenue-ninth-straight-quarter-positive-adjusted-ebitda/,-1.42460175163298
ref-stablelm-base-alpha-3b-v2,member,https://www.mrt.com/sports/article/Texas-Houston-Runs-17423693.php,-0.5609033105122548
ref-stablelm-base-alpha-3b-v2,member,https://www.wagmtv.com/prnewswire/2022/06/23/family-bonds-foundation-offers-raffle-exciting-travel-prizes-with-every-10-donation/,-2.0177035093989946
ref-stablelm-base-alpha-3b-v2,member,https://www.wistv.com/prnewswire/2022/05/16/hyundai-hope-gary-rome-hyundai-donate-25000-combat-hunger-dealerships-25th-anniversary-celebration/,-1.7226952351385423
ref-stablelm-base-alpha-3b-v2,member,https://www.mysuncoast.com/prnewswire/2022/08/30/aker-solutions-schlumberger-subsea-7-create-joint-venture/,-1.733397232184171
ref-stablelm-base-alpha-3b-v2,member,https://www.wsaz.com/prnewswire/2022/08/23/plume-leading-gender-affirming-virtual-care-provider-announces-24m-series-b-funding-expand-coverage-nationwide/,-1.475561479613638
ref-stablelm-base-alpha-3b-v2,member,https://www.columbiagorgenews.com/hoodriver/live-day-2-osaa-hs-state-championships/article_b8af6cda-d92e-11ec-b077-6f4a385f476b.html,0.3284043001814605
ref-stablelm-base-alpha-3b-v2,member,https://www.wymt.com/2022/05/05/heard-depp-team-enablers-shielded-his-drug-alcohol-use/,-1.717897817302589
ref-stablelm-base-alpha-3b-v2,member,https://www.wowktv.com/news/nexstar-media-wire/disney-adds-3-r-rated-movies-to-platform/,-2.0784228662136894
ref-stablelm-base-alpha-3b-v2,member,https://www.kens5.com/article/money/consumer/holiday-shopping-amazon-surcharge/285-c9489d36-3cde-4e66-9620-b4f1bd7c8883,0.3496593648669801
ref-stablelm-base-alpha-3b-v2,member,https://www.kold.com/prnewswire/2022/08/30/progress-solar-solutions-announces-new-mobile-solar-ev-electric-vehicle-charging-model/,-1.932069021774073
ref-stablelm-base-alpha-3b-v2,member,https://www.wistv.com/prnewswire/2022/04/06/vital-pet-life-announces-membership-sustainable-packaging-coalition-part-their-continued-commitment-being-circular-business/,-1.4639215181922378
ref-stablelm-base-alpha-3b-v2,member,https://www.wishtv.com/news/coronavirus/indiana-reports-11063-new-covid-19-cases-15-deaths-in-previous-week/,-0.15945152852732902
ref-stablelm-base-alpha-3b-v2,member,https://www.mrt.com/news/article/Biden-headed-to-Milwaukee-Pittsburgh-on-Labor-Day-17404970.php,-1.7207228641590646
ref-stablelm-base-alpha-3b-v2,member,https://www.eonline.com/news/1338633/inside-khloe-kardashian-s-dating-life-amid-tristan-thompson-baby-news,-0.2585209243340727
ref-stablelm-base-alpha-3b-v2,member,https://www.1011now.com/prnewswire/2022/08/17/cleco-power-desri-announce-240-mwac-solar-power-agreement/,-1.5775685489042395
ref-stablelm-base-alpha-3b-v2,member,https://www.thestranger.com/slog-pm/2022/08/23/78197288/slog-pm-get-ready-for-more-heat-ave-starbucks-workers-strike-why-dinosaurs-are-better-than-humans,0.48358981848517546
ref-stablelm-base-alpha-3b-v2,member,https://pressofatlanticcity.com/lower-cape-may-reg-20-pennsville-10-final/article_46fb6be6-3079-11ed-bbd8-df5d2795d4dd.html,-0.5752337956105071
ref-stablelm-base-alpha-3b-v2,member,https://www.cenlanow.com/national/petito-lawsuit-reveals-wish-list-of-witnesses-sought-to-testify-including-laundries/,-1.6649951717305647
ref-stablelm-base-alpha-3b-v2,member,https://www.cbs42.com/news/national/help-nasa-hunt-for-storms-on-jupiter/,-2.181204274257278
ref-stablelm-base-alpha-3b-v2,member,https://www.wjhl.com/news/national/twitter-users-report-outage-across-the-country/,-1.7186236194682933
ref-stablelm-base-alpha-3b-v2,member,https://www.kxii.com/prnewswire/2022/09/12/xello-announces-new-higher-education-council-deepen-students-post-secondary-planning-experience/,-1.9900088290069584
ref-stablelm-base-alpha-3b-v2,member,https://www.wjhl.com/news/national/cooler-new-mexico-weather-aids-big-wildfire-fight-for-now/,-2.26509156456401
ref-stablelm-base-alpha-3b-v2,member,https://www.valleynewslive.com/2022/06/10/we-asked-governor-walz-questions-about-some-big-issues-here-are-his-answers/,0.05979419238250605
ref-stablelm-base-alpha-3b-v2,member,https://www.myarklamiss.com/entertainment-news/ap-artist-ai-weiwei-warns-against-hubris-in-troublesome-times/,-2.5929703758393545
ref-stablelm-base-alpha-3b-v2,member,https://www.baltimoresun.com/maryland/carroll/education/cc-school-board-race-scanlan-20220714-zz543kl7zrg6rmaulbccsvd4li-story.html,0.2307278078254984
ref-stablelm-base-alpha-3b-v2,member,https://www.eonline.com/news/1342154/keke-palmer-s-candid-message-about-adult-acne-is-refreshingly-relatable,0.19190890512293457
ref-stablelm-base-alpha-3b-v2,member,https://www.foxnews.com/us/california-bill-voters-constitution-abortion,-0.15535210793793763
ref-stablelm-base-alpha-3b-v2,member,https://www.dakotanewsnow.com/prnewswire/2022/07/25/venterra-realty-acquires-keystone-apartment-community-killeen/,-1.6293542955341414
ref-stablelm-base-alpha-3b-v2,member,https://www.abc12.com/news/politics/meijer-says-returning-to-biden-trump-in-2024-would-be-pretty-sad-commentary-on-country/article_98ebf95b-8410-53cb-a69c-75178e3b63d7.html,-0.26236917277713867
ref-stablelm-base-alpha-3b-v2,member,https://www.wbay.com/prnewswire/2022/07/27/rollins-inc-board-directors-approves-2023-ceo-succession-plan/,-1.4923072473141117
ref-stablelm-base-alpha-3b-v2,member,https://www.kbtx.com/prnewswire/2022/06/22/case-tidewater-equipment-company-roll-into-southern-alabama-with-new-construction-equipment-sales-parts-service-operation-enterprise-alabama/,-1.9428736697658477
ref-stablelm-base-alpha-3b-v2,member,https://www.wane.com/news/last-women-and-children-evacuated-from-ukrainian-steel-mill/,-1.9452832129526243
ref-stablelm-base-alpha-3b-v2,member,https://www.kalb.com/prnewswire/2022/05/16/metroplushealth-experts-elected-officials-asian-american-groups-stress-importance-mental-health-care-aapi-communities/,-1.7395374571590734
ref-stablelm-base-alpha-3b-v2,member,https://www.wrtv.com/news/politics/judge-involved-in-2019-white-castle-shooting-drops-out-of-reelection-race-crawford-co-gop,0.19243189383882697
ref-stablelm-base-alpha-3b-v2,member,https://www.kbtx.com/prnewswire/2022/07/27/ai-driven-internal-talent-marketplaces-are-key-talent-growth-retention-reports-hr-research-firm-mclean-amp-company/,-1.5909754877964077
ref-stablelm-base-alpha-3b-v2,member,https://www.wsaz.com/prnewswire/2022/08/26/yves-saint-laurent-beaut-announces-lil-nas-x-its-new-us-brand-ambassador/,-2.173628222392931
ref-stablelm-base-alpha-3b-v2,member,https://www.wric.com/news/u-s-world/urban-combat-and-beyond-ukrainian-recruits-get-uk-training/,-2.1350082093969944
ref-stablelm-base-alpha-3b-v2,member,https://wcfcourier.com/news/national/ap-news-in-brief-at-6-04-a-m-edt/article_d1f93f35-b7ab-5207-86e6-c66a23a2e087.html,-2.150546395430378
ref-stablelm-base-alpha-3b-v2,member,https://www.kold.com/2022/04/09/vehicle-collides-with-food-truck-austin-texas-11-hurt/,-1.8544468732205686
ref-stablelm-base-alpha-3b-v2,member,https://www.nbcnewyork.com/news/national-international/parents-of-shelton-teen-killed-at-house-party-to-hold-news-conference/3718996/,0.18237514852746783
ref-stablelm-base-alpha-3b-v2,member,https://www.wbtv.com/prnewswire/2022/08/23/upcoming-us-flagship-msc-seascape-completes-successful-sea-trials/,-2.069802036463605
ref-stablelm-base-alpha-3b-v2,member,https://www.sfgate.com/weather/article/CA-San-Diego-CA-Zone-Forecast-17202738.php,-0.3626071519081731
ref-stablelm-base-alpha-3b-v2,member,https://www.beaumontenterprise.com/sports/article/Pinstripes-in-Paris-Yanks-want-to-play-2025-17247087.php,-1.9187916644475544
ref-stablelm-base-alpha-3b-v2,member,https://www.wbtv.com/prnewswire/2022/06/29/inventhelp-inventor-develops-improved-construction-storagetransport-container-plb-158/,-0.8055001472028613
ref-stablelm-base-alpha-3b-v2,member,https://www.wflx.com/prnewswire/2022/04/27/karyopharm-announces-selinexor-data-be-presented-2022-american-society-clinical-oncology-annual-meeting/,-1.1611090829626134
ref-stablelm-base-alpha-3b-v2,member,https://www.wowktv.com/news/u-s-world/nra-opens-gun-convention-in-texas-after-school-massacre/,-2.136537712293928
ref-stablelm-base-alpha-3b-v2,member,https://www.mysuncoast.com/prnewswire/2022/05/24/boston-globe-media-announces-new-chief-people-officer-rodrigo-tajonar/,-1.6950175219766492
ref-stablelm-base-alpha-3b-v2,member,https://www.thetimes-tribune.com/news/crime-emergencies/postal-service-investigates-mailbox-break-ins-in-scranton-area/article_30b128e7-ae26-55da-866f-cc3a104da361.html,-0.7117140832887807
ref-stablelm-base-alpha-3b-v2,member,https://www.localsyr.com/news/national/he-shot-my-arm-off-store-owner-blasts-would-be-robber-with-shotgun-police-say/,-1.826041032636362
ref-stablelm-base-alpha-3b-v2,member,https://www.knau.org/npr-news/2022-06-28/troy-kotsur-billie-eilish-and-ariana-debose-are-invited-to-join-oscars-academy,-1.634514099584021
ref-stablelm-base-alpha-3b-v2,member,https://www.wfla.com/nextstar-news-wire/jason-momoa-surprises-passengers-aboard-flight-to-hawaii/,-2.257353499113511
ref-stablelm-base-alpha-3b-v2,member,https://www.beaumontenterprise.com/news/article/Out-of-wartime-hiding-Ukraine-s-first-lady-makes-17312695.php,-2.1138142813522527
ref-stablelm-base-alpha-3b-v2,member,https://www.kwch.com/2022/09/17/one-injured-kingman-apartment-fire/,0.044960672488107534
ref-stablelm-base-alpha-3b-v2,member,https://www.wagmtv.com/2022/09/16/biden-s-african-leader-discuss-ukraine-trade-climate/,-1.766223790503654
ref-stablelm-base-alpha-3b-v2,member,https://www.sfchronicle.com/weather/article/CA-WFO-LOS-ANGELES-Warnings-Watches-and-17434451.php,-1.2292718130646243
ref-stablelm-base-alpha-3b-v2,member,https://www.expressnews.com/news/local/article/Gavin-Newsom-Texas-billboards-abortion-17444283.php,0.08270215149512428
ref-stablelm-base-alpha-3b-v2,member,https://www.sfchronicle.com/news/article/China-accuses-US-of-trying-to-hijack-support-in-17235912.php,-1.8486784393859421
ref-stablelm-base-alpha-3b-v2,member,https://www.dakotanewsnow.com/prnewswire/2022/07/12/lawsuit-stop-retaliation-by-medical-specialty-boards-filed-by-association-american-physicians-surgeons-educational-foundation-aaps/,-2.0054113523809347
ref-stablelm-base-alpha-3b-v2,member,https://journalstar.com/sports/high-school/football/prep-football-preview-the-defending-champions-who-to-watch-and-key-games-in-class-d/article_6f10d0bd-9620-5d55-a9ae-e2ffa5b5a4fe.html,0.2905769620132177
ref-stablelm-base-alpha-3b-v2,member,https://www.wric.com/news/u-s-world/analysis-israeli-pms-gaza-gamble-seems-to-have-paid-off/,-2.3655109496724336
ref-stablelm-base-alpha-3b-v2,member,https://www.kttc.com/2022/08/24/familiar-face-returns-lead-kasson-mantorville-volleyball-team/,0.29077795920349914
ref-stablelm-base-alpha-3b-v2,member,https://www.wkyt.com/prnewswire/2022/05/24/2022-moms-choice-gold-award-winner-creta-class-named-best-family-friendly-media-products-services/,-1.8446630889552877
ref-stablelm-base-alpha-3b-v2,member,https://www.kalb.com/prnewswire/2022/08/05/little-caesars-love-kitchen-serves-free-pizza-special-olympics-unified-cup-detroit-2022-athletes/,-1.8274456869655258
ref-stablelm-base-alpha-3b-v2,member,https://www.cenlanow.com/crime/wrong-way-driver-causes-fatal-crash-in-washington-parish-five-others-injured/,-0.2981739466057036
ref-stablelm-base-alpha-3b-v2,member,https://www.springfieldnewssun.com/obituaries/knop-ramona/HJHRX4TWEZGTDOLXCQ3UV6WTRY/,-0.024649256891471794
ref-stablelm-base-alpha-3b-v2,member,https://www.wibw.com/prnewswire/2022/09/12/practising-law-institute-pli-legal-marketing-association-lma-partner-provide-educational-resources-legal-marketers/,-1.8221551677687695
ref-stablelm-base-alpha-3b-v2,member,https://www.seattletimes.com/sports/mlb/trout-ohtani-betts-turner-to-start-all-star-game-in-la/?utm_source=RSS&utm_medium=Referral&utm_campaign=RSS_all,-1.6351987822767169
ref-stablelm-base-alpha-3b-v2,member,https://www.wafb.com/prnewswire/2022/08/22/quility-insurance-announces-partnership-with-nfl-alumni-association/,-1.839462868925821
ref-stablelm-base-alpha-3b-v2,member,https://www.kmvt.com/2022/05/06/us-added-428000-jobs-april-despite-surging-inflation/,-1.9068925548331874
ref-stablelm-base-alpha-3b-v2,member,https://pantagraph.com/news/state-and-regional/2022-illinois-state-fair-butter-cow-unveiled/article_b67bceae-18f8-11ed-9ccd-1b60f178ee4d.html,0.3030471066561389
ref-stablelm-base-alpha-3b-v2,member,https://www.bostonglobe.com/2022/07/08/metro/federal-court-rules-fisheries-officials-didnt-do-enough-protect-right-whales-lobster-gear/,0.442907430435052
ref-stablelm-base-alpha-3b-v2,member,https://www.wcjb.com/prnewswire/2022/06/06/novartis-tafinlar-dabrafenib-mekinist-trametinib-demonstrates-unprecedented-efficacy-pediatric-patients-with-braf-v600-low-grade-gliomas-phase-iiiii-study/,-1.2931056999971506
ref-stablelm-base-alpha-3b-v2,member,https://www.myarklamiss.com/news/woman-accused-of-pretending-to-be-nurse-trying-to-steal-newborn/,-1.63915527230119
ref-stablelm-base-alpha-3b-v2,member,https://www.wbrc.com/2022/07/12/dettelbach-becomes-head-atf-1st-confirmed-chief-years/,-1.7504613840802952
ref-stablelm-base-alpha-3b-v2,member,https://www.wnep.com/article/news/verify/scotus-verify/law-enforcement-required-miranda-rights/536-f3cd575f-fdd8-4dc7-a19b-bad6c695c454,-1.367235002115876
ref-stablelm-base-alpha-3b-v2,member,https://www.wistv.com/prnewswire/2022/07/06/ecobat-announces-sale-stolberg/,-1.6661241219527083
ref-stablelm-base-alpha-3b-v2,member,https://www.mrt.com/news/article/Fire-threatening-over-7-000-structures-in-17408172.php,-1.87632257382886
ref-stablelm-base-alpha-3b-v2,member,https://www.kalb.com/prnewswire/2022/07/07/tqsky-launches-t1-smart-glasses-portable-entertainment-experience-like-never-before/,-2.108262999985946
ref-stablelm-base-alpha-3b-v2,member,https://www.kmvt.com/2022/08/25/woman-helps-save-sergeants-life-with-epipen-after-he-was-stung-by-bees-police-say/,-1.8078410418183979
ref-stablelm-base-alpha-3b-v2,member,https://www.kbia.org/2022-05-26/2-major-league-teams-use-their-social-media-to-raise-awareness-about-gun-violence,-1.5792835320556415
ref-stablelm-base-alpha-3b-v2,member,https://www.ktre.com/prnewswire/2022/08/18/seniors-housing-market-is-back-stronger-than-ever/,-1.7086470308828532
ref-stablelm-base-alpha-3b-v2,member,https://www.wymt.com/prnewswire/2022/06/27/air-products-showcase-industrial-gas-solutions-specialty-amp-agro-chemicals-america/,-1.7716065743784366
ref-stablelm-base-alpha-3b-v2,member,https://www.cbs42.com/news/alabama-midwives-speak-out-against-proposed-regulations-for-birth-centers/,0.19479517328777707
ref-stablelm-base-alpha-3b-v2,member,https://www.wistv.com/prnewswire/2022/06/15/enzu-announces-new-global-edge-solution/,-2.007519247298878
ref-stablelm-base-alpha-3b-v2,member,https://www.myarklamiss.com/sports/ap-sports/rays-drew-rasmussen-perfect-through-6-against-orioles/,-1.7028614085181213
ref-stablelm-base-alpha-3b-v2,member,https://kion546.com/cnn-regional/2022/07/13/many-sf-residents-turned-down-for-monkeypox-vaccine-2-days-in-row-amid-high-demand-limited-supply/,0.005288163037250548
ref-stablelm-base-alpha-3b-v2,member,https://www.expressnews.com/sports/article/Brady-s-temper-flares-as-Bucs-snap-skid-vs-17450359.php,-1.6088475841364007
ref-stablelm-base-alpha-3b-v2,member,https://www.kold.com/prnewswire/2022/06/28/inroads-college-links-program-impacts-over-700-students-with-digital-transformation-skills-designed-college-workplace-readiness/,-1.8418354564943087
ref-stablelm-base-alpha-3b-v2,member,https://www.sfchronicle.com/news/article/Regents-expand-alcohol-sales-at-South-Dakota-17263116.php,-1.4675039171049542
ref-stablelm-base-alpha-3b-v2,member,https://www.nbcphiladelphia.com/news/sports/when-was-mlbs-last-perfect-game-a-look-at-the-history-of-perfectos/3261318/,-0.10239813318667834
ref-stablelm-base-alpha-3b-v2,member,https://www.kold.com/prnewswire/2022/09/06/inventhelp-inventor-develops-improved-traffic-safety-cone-lgt-207/,-1.3583089088225653
ref-stablelm-base-alpha-3b-v2,member,https://www.fox35orlando.com/sports/orlando-city-hosts-the-houston-dynamo-in-non-conference-action,0.195453303651566
ref-stablelm-base-alpha-3b-v2,member,https://www.seattletimes.com/business/explainer-effects-of-eu-russia-oil-ban-moscows-response/?utm_source=RSS&utm_medium=Referral&utm_campaign=RSS_all,-2.166890423100008
ref-stablelm-base-alpha-3b-v2,member,https://www.kswo.com/2022/05/26/it-almost-seemed-impossible-crews-rescue-donkeys-stranded-island/,-1.7925287243194008
ref-stablelm-base-alpha-3b-v2,member,https://www.wibw.com/prnewswire/2022/09/02/tko-miller-advises-howard-precision-metals-inc-its-sale-joseph-t-ryerson-amp-son-inc/,-1.6385515723435704
ref-stablelm-base-alpha-3b-v2,member,https://www.wkyt.com/prnewswire/2022/08/03/rising-prices-manufacturing-activity-drive-us-shipments-transport-equipment/,-1.8259962647044472
ref-stablelm-base-alpha-3b-v2,member,https://tucson.com/sports/pac-12-hotline/pac-12-hotline-as-camps-open-all-yes-on-leagues-new-qbs-dcs/article_adb21750-1296-11ed-8656-3b822f131d46.html,-0.35015899233609904
ref-stablelm-base-alpha-3b-v2,member,https://www.foxnews.com/lifestyle/great-gardening-tips-save-fruit-vegetable-seeds-next-year,0.4708871507769967
ref-stablelm-base-alpha-3b-v2,member,https://www.kxnet.com/hill-politics/us-to-ramp-up-restrictions-on-semiconductor-exports-to-china-report/,-1.8583516971833545
ref-stablelm-base-alpha-3b-v2,member,https://www.willistonherald.com/news/northwest-district-court-case-update/article_cd3cc3f4-e8de-11ec-b9cb-d3a77c53223d.html,0.3264286802560714
ref-stablelm-base-alpha-3b-v2,member,https://www.wbrc.com/prnewswire/2022/06/28/cme-group-launch-event-contracts-september-19/,-1.2817598491251203
ref-stablelm-base-alpha-3b-v2,member,https://www.dakotanewsnow.com/prnewswire/2022/09/16/wnc-fund-53-raised-153-million-institutional-lihtc-equity-develop-renovate-over-1300-affordable-housing-units/,-1.7817266038348032
ref-stablelm-base-alpha-3b-v2,member,https://www.kbtx.com/prnewswire/2022/08/17/grandin-road-halloween-haven-is-fully-unleashed/,-2.026546467292934
ref-stablelm-base-alpha-3b-v2,member,https://www.wptv.com/entertainment/goodfellas-actor-ray-liotta-voice-of-palm-beach-county-tourism-video-dies,0.4596582860653431
ref-stablelm-base-alpha-3b-v2,member,https://www.kttc.com/2022/06/28/jury-is-chosen-decide-florida-school-shooters-sentence/,-2.2248607209051685
ref-stablelm-base-alpha-3b-v2,member,https://www.wbrc.com/prnewswire/2022/07/07/future-skills-learning-rapidly-transforming-investment-industry/,-2.2640598559044243
ref-stablelm-base-alpha-3b-v2,member,https://www.wnem.com/2022/08/17/new-thrift-store-coming-saginaw/,0.10906562346433235
ref-stablelm-base-alpha-3b-v2,member,https://www.kold.com/prnewswire/2022/08/17/geisinger-medical-center-becomes-first-comprehensive-heart-attack-center-us/,-2.001717935809073
ref-stablelm-base-alpha-3b-v2,member,https://www.wbrc.com/prnewswire/2022/06/22/national-advertising-division-finds-brave-inc-claim-that-it-does-not-share-data-with-third-parties-supported-recommends-two-other-claims-be-discontinued/,-1.9709722967323726
ref-stablelm-base-alpha-3b-v2,member,https://www.kold.com/prnewswire/2022/06/29/boeing-releases-2022-sustainability-report-maps-sustainable-aerospace-progress/,-1.6017261920389785
ref-stablelm-base-alpha-3b-v2,member,https://www.clickorlando.com/business/2022/08/05/5-key-takeaways-from-the-july-jobs-report/,-2.028533125221178
ref-stablelm-base-alpha-3b-v2,member,https://www.dakotanewsnow.com/prnewswire/2022/06/15/datatonic-wins-google-cloud-specialization-partner-year-award-machine-learning/,-1.9080125995991173
ref-stablelm-base-alpha-3b-v2,member,https://www.texomashomepage.com/reviews/br/kitchen-br/bar-wine-br/best-wall-mounted-wine-rack/,-1.6448727619646957
ref-stablelm-base-alpha-3b-v2,member,https://wtmj.com/national/2022/07/07/twitter-says-it-removes-1-million-spam-accounts-a-day/,-1.9445257107788025
ref-stablelm-base-alpha-3b-v2,member,https://abc7ny.com/shark-sighting-rockaway-beach-sharks-new-york/12069237/,0.3486962857402611
ref-stablelm-base-alpha-3b-v2,member,https://www.cnet.com/science/space/nasas-james-webb-space-telescope-heres-what-youll-see-in-the-first-images/,0.05405272158802621
ref-stablelm-base-alpha-3b-v2,member,https://www.yourbasin.com/entertainment-news/fashion-creators-sue-hailey-bieber-over-her-new-brands-name/,-2.1043557171342764
ref-stablelm-base-alpha-3b-v2,member,https://www.fox16.com/news/national-news/how-to-book-a-flight-that-likely-wont-get-canceled/,-1.9897291935755488
ref-stablelm-base-alpha-3b-v2,member,https://www.seattlepi.com/news/article/Why-Apple-can-hold-the-line-on-iPhone-prices-as-17440756.php,-2.0063811046502913
ref-stablelm-base-alpha-3b-v2,member,https://www.wfmz.com/news/pr_newswire/pr_newswire_technology/led-lighting-market-by-installation-product-type-sales-channel-application-and-geography---global/article_1a84e091-42b9-521a-a0b4-9203b0442cce.html,0.06886914010925138
ref-stablelm-base-alpha-3b-v2,member,https://www.wbrc.com/2022/07/25/department-transportation-worker-stabbed-death-by-ex-wife-worksite-authorities-say/,-0.9397734958356724
ref-stablelm-base-alpha-3b-v2,member,https://www.idahopress.com/blueturfsports/live-blog-boise-state-takes-a-10-0-lead-over-new-mexico/article_9a2f5d94-3098-11ed-bbed-e7ee728b3594.html,0.23042205807672111
ref-stablelm-base-alpha-3b-v2,member,https://pressofatlanticcity.com/young-spartans-need-to-mature-quickly/article_9a29a008-16bb-11ed-af11-43c6142a46a3.html,0.07984704168665457
ref-stablelm-base-alpha-3b-v2,member,https://www.mysuncoast.com/prnewswire/2022/06/08/epco-named-agency-record-john-deere-construction/,-1.4155729846140348
ref-stablelm-base-alpha-3b-v2,member,https://www.sfchronicle.com/sports/article/Alert-American-basketball-star-Brittney-Griner-17278548.php,0.7511908512372956
ref-stablelm-base-alpha-3b-v2,member,https://www.kold.com/prnewswire/2022/08/30/ains-announces-strategic-partnership-with-ip-datasolutions/,-1.6043376649102834
ref-stablelm-base-alpha-3b-v2,member,https://www.beaumontenterprise.com/news/article/Palestinian-leader-Israeli-PM-hold-first-call-in-17292172.php,-1.6183470800173023
ref-stablelm-base-alpha-3b-v2,member,https://www.wcjb.com/prnewswire/2022/05/23/survivorship-celebrates-its-tenth-international-conference-survivorship-ritual-abuse-mind-control-conference/,-2.3557260200512027
ref-stablelm-base-alpha-3b-v2,member,https://www.springfieldnewssun.com/nation-world/live-updates-putin-companies-will-regret-leaving-russia/NBL5KFOFARCWHBPTZJGHX4FUDI/,-1.8585776634624778
ref-stablelm-base-alpha-3b-v2,member,https://www.wlbt.com/prnewswire/2022/06/21/nextnav-partners-with-gct-semiconductor-integrate-terrapoint-technology/,-1.9651470351915639
ref-stablelm-base-alpha-3b-v2,member,https://www.timesleader.com/wire/nation-world/1571074/six-months-on-ukraine-fights-war-faces-painful-aftermath,-2.322559652152544
ref-stablelm-base-alpha-3b-v2,member,https://www.cbs42.com/reviews/best-instant-air-fryer/,-1.3934359087167143
ref-stablelm-base-alpha-3b-v2,member,https://www.wistv.com/prnewswire/2022/07/20/solar-panel-recycling-all-energy-solar-keeps-waste-out-landfills/,-2.1060825628977473
ref-stablelm-base-alpha-3b-v2,member,https://www.beinsports.com/au/premier-league/news/liverpool-ties-down-young-gun-elliott-to-new-/1930555,-0.15178665232306687
ref-stablelm-base-alpha-3b-v2,member,https://www.wibw.com/prnewswire/2022/06/22/regenerx-licensee-expand-phase-3-clinical-trial-program-with-rgn-259/,-1.1403190021615726
ref-stablelm-base-alpha-3b-v2,member,https://www.wafb.com/prnewswire/2022/09/07/dekra-awarded-national-vehicle-inspection-program-costa-rica/,-0.7932622307277231
ref-stablelm-base-alpha-3b-v2,member,https://dentonrc.com/sports/colleges/mean_green/austin-aune-emerges-from-saturday-scrimmage-in-position-to-return-as-unts-starting-quarterback/article_84b43005-48fd-582a-9717-9dbf299858e8.html,0.32435226725205535
ref-stablelm-base-alpha-3b-v2,member,https://fox59.com/news/indy-plumbing-hvac-training/,0.23695745794759215
ref-stablelm-base-alpha-3b-v2,member,https://www.ourmidland.com/news/article/Delusional-man-found-competent-for-trial-in-17232770.php,-2.161619055024441
ref-stablelm-base-alpha-3b-v2,member,https://www.wric.com/reviews/br/home-br/decor-br/9-best-fairy-houses/,-2.2002718309262725
ref-stablelm-base-alpha-3b-v2,member,https://www.wflx.com/prnewswire/2022/06/10/ironclad-launches-first-phase-digital-contracting-certification-program-verify-skills-give-professionals-new-ways-stand-out-workplace/,-2.090431477127891
ref-stablelm-base-alpha-3b-v2,member,https://www.mrt.com/sports/article/Baltimore-Team-Stax-17360862.php,0.6827567856413106
ref-stablelm-base-alpha-3b-v2,member,https://www.kold.com/prnewswire/2022/06/07/bill-amy-gross-announce-final-city-approval-laguna-beach-artwork/,-1.966738069410321
ref-stablelm-base-alpha-3b-v2,member,https://www.wcjb.com/prnewswire/2022/05/04/inflation-homebuying-industry-how-industry-professionals-can-succeed-amid-rising-mortgage-rates/,-0.6386874801080182
ref-stablelm-base-alpha-3b-v2,member,https://cbs4indy.com/reviews/br/sports-fitness-br/yoga-pilates-br/best-yoga-wheel/,-1.6260394435771222
ref-stablelm-base-alpha-3b-v2,member,https://www.trentonian.com/2022/06/24/man-who-forced-standoff-with-police-charged-with-beverly-city-homicide/,0.3985999566103964
ref-stablelm-base-alpha-3b-v2,member,https://www.kfyrtv.com/prnewswire/2022/08/23/advarra-launches-dedicated-support-services-research-grant-applicants/,-2.1858327986941126
ref-stablelm-base-alpha-3b-v2,member,https://www.ourmidland.com/news/article/Russia-s-central-bank-slashes-rate-saying-17322283.php,-2.2836243247084362
ref-stablelm-base-alpha-3b-v2,member,https://www.wagmtv.com/prnewswire/2022/09/07/wtia-taps-kelly-fukai-vice-president-government-community-affairs-role/,-2.0967410711497063
ref-stablelm-base-alpha-3b-v2,member,https://www.cleveland19.com/prnewswire/2022/08/25/national-disability-institute-partners-with-calable-launch-we-are-calable-campaign/,-1.8969945622985522
ref-stablelm-base-alpha-3b-v2,member,https://www.mrt.com/sports/article/Cardinals-score-twice-in-bottom-of-the-9th-beat-17402895.php,-0.5865863291250166
ref-stablelm-base-alpha-3b-v2,member,https://www.wkyt.com/prnewswire/2022/09/12/iac-unveils-couture-gown-crafted-sustainable-automotive-materials-north-american-international-auto-show-event/,0.2784517630568373
ref-stablelm-base-alpha-3b-v2,member,https://www.wisn.com/article/crews-work-save-wwii-destroyer-water-buffalo/39729911,-1.8244811058790398
ref-stablelm-base-alpha-3b-v2,member,https://www.wnem.com/2022/06/27/beloved-artist-remembered-by-bay-city-community/,0.037269422389761164
ref-stablelm-base-alpha-3b-v2,member,https://www.valleynewslive.com/prnewswire/2022/08/02/caesars-sportsbook-goes-live-with-online-sports-betting-wyoming/,-1.4638990149005973
ref-stablelm-base-alpha-3b-v2,member,https://www.wistv.com/prnewswire/2022/06/01/blue-owl-capital-announces-launch-secondary-offering-class-common-shares/,-1.0220010896760596
ref-stablelm-base-alpha-3b-v2,member,https://www.sfgate.com/sports/article/Blake-s-3-saves-Uhre-s-2-goals-help-Union-beat-17340787.php,-1.603280483717586
ref-stablelm-base-alpha-3b-v2,member,https://www.kfyrtv.com/2022/05/16/pro-life-pro-choice-demonstrators-rally-north-dakota-state-capitol/,0.04032775962985946
ref-stablelm-base-alpha-3b-v2,member,https://www.wfaa.com/article/entertainment/entertainment-tonight/wendy-williams-ex-kevin-hunter-slams-production-company-for-unceremonious-final-episode-exclusive/603-d9ecac43-2ca7-44a0-9930-01f9a76fe13e,-0.3771385958816178
ref-stablelm-base-alpha-3b-v2,member,https://wtmj.com/national/2022/09/02/lufthansa-flights-grounded-as-pilots-up-pressure-over-pay/,-1.6910088942532921
ref-stablelm-base-alpha-3b-v2,member,https://www.kait8.com/prnewswire/2022/09/09/aviation-values-show-signs-cooling-across-all-used-aircraft-categories-inventory-levels-improve/,-2.014860166519533
ref-stablelm-base-alpha-3b-v2,member,https://www.kswo.com/2022/08/29/biden-calls-afghan-war-vets-ahead-withdrawal-anniversary/,-1.9837874942018905
ref-stablelm-base-alpha-3b-v2,member,https://phl17.com/nmw/britains-queen-elizabeth-ii-dies-at-96/,-1.8641569476742448
ref-stablelm-base-alpha-3b-v2,member,https://www.valleynewslive.com/prnewswire/2022/08/25/touchstone-investments-launches-its-fourth-distinctively-active-managed-etf/,-1.6589058639393075
ref-stablelm-base-alpha-3b-v2,member,https://www.kxnet.com/sports/ap-ap-source-mlb-players-reach-minor-league-union-deal/,-1.873557766822874
ref-stablelm-base-alpha-3b-v2,member,https://www.washingtonpost.com/sports/mlb/eugenio-suarez-homers-in-11th-as-mariners-top-blue-jays-5-2/2022/07/09/fc3e275a-ff50-11ec-b39d-71309168014b_story.html,-1.4681045891543396
ref-stablelm-base-alpha-3b-v2,member,https://www.wcjb.com/2022/08/17/texas-execute-man-slaying-dallas-real-estate-agent/,-1.7170871497867606
ref-stablelm-base-alpha-3b-v2,member,https://www.wcjb.com/prnewswire/2022/05/03/bausch-lomb-presents-data-second-pivotal-phase-3-trial-investigational-treatment-nov03-perfluorohexyloctane-association-research-vision-ophthalmology-annual-meeting/,-0.8295059226877094
ref-stablelm-base-alpha-3b-v2,member,https://www.seattletimes.com/nation-world/nation-politics/trump-ambassador-kelly-craft-joins-kentucky-governor-race/?utm_source=RSS&utm_medium=Referral&utm_campaign=RSS_nation-world,-1.8820381978798126
ref-stablelm-base-alpha-3b-v2,member,https://www.nepm.org/national-world-news/2022-06-03/uvalde-special-ed-staffer-seeks-to-depose-gunmaker-for-a-possible-lawsuit,-2.2497550556862693
ref-stablelm-base-alpha-3b-v2,member,https://www.wane.com/top-stories/fort-wayne-bmx-property-vandalized/,0.32060263600999805
ref-stablelm-base-alpha-3b-v2,member,https://www.seattlepi.com/news/article/Maryland-governor-lays-out-long-term-plan-for-17231250.php,-1.9021908216644405
ref-stablelm-base-alpha-3b-v2,member,https://www.myarklamiss.com/news/ap-top-headlines/ex-cia-engineer-convicted-in-massive-theft-of-secret-info/,-2.0476720798239545
ref-stablelm-base-alpha-3b-v2,member,https://www.fox5ny.com/news/salman-rushdie-attacker-hadi-matar-surprised-survived,-1.4924312417557108
ref-stablelm-base-alpha-3b-v2,member,https://www.springfieldnewssun.com/nation-world/senate-panel-backs-michael-barr-biden-pick-as-fed-regulator/GH6FT5EHOJHKZAVAGEBI2MYUWI/,-1.7167887527290326
ref-stablelm-base-alpha-3b-v2,member,https://www.kait8.com/prnewswire/2022/08/31/sts-inks-introduces-new-64-direct-film-printer/,-1.9344303682453454
ref-stablelm-base-alpha-3b-v2,member,https://www.wbay.com/prnewswire/2022/06/27/alcantara-becomes-german-car-year-program-sponsor-2022/,-2.1029256777475984
ref-stablelm-base-alpha-3b-v2,member,https://www.wane.com/news/business/ap-business/ap-oregon-adopts-calif-fire-tactic-shuts-power-amid-high-winds/,-2.2036151025761956
ref-stablelm-base-alpha-3b-v2,member,https://www.nbcphiladelphia.com/decision-2022/mccormick-concedes-giving-oz-victory-in-pa-gop-primary-for-u-s-senate/3260873/,-0.919261745230485
ref-stablelm-base-alpha-3b-v2,member,https://www.clickorlando.com/sports/2022/07/17/british-open-a-soggy-start-to-final-day-at-british-open/,-1.7300939320845103
ref-stablelm-base-alpha-3b-v2,member,https://www.wfmz.com/news/pr_newswire/pr_newswire_stocks/metaestate-has-closed-a-multi-million-dollar-strategic-round-of-funding-led-by-matrixport-and/article_0a6efdea-6202-5141-a94d-39795bb240ff.html,-2.265593365345662
ref-stablelm-base-alpha-3b-v2,member,https://www.wlbt.com/prnewswire/2022/09/07/stampli-doubles-down-enterprise-with-full-sap-integration-real-time-po-receiving/,-1.9427167300799069
ref-stablelm-base-alpha-3b-v2,member,https://www.sfchronicle.com/california/article/Ruling-will-change-California-DMV-rules-on-17318529.php,0.7585939115956704
ref-stablelm-base-alpha-3b-v2,member,https://phl17.com/national-news/driver-19-charged-in-rollover-that-killed-2-migrants-injured-9/,-1.7295809155086834
ref-stablelm-base-alpha-3b-v2,member,https://www.wbtv.com/prnewswire/2022/08/18/themathcompany-welcomes-sean-dwyer-chief-growth-officer/,0.4842910059161807
ref-stablelm-base-alpha-3b-v2,member,https://www.bostonglobe.com/2022/07/15/world/mexico-captures-infamous-drug-lord-rafael-caro-quintero/,-1.6058524413271635
ref-stablelm-base-alpha-3b-v2,member,https://www.sfgate.com/news/article/Trump-s-Ukraine-impeachment-shadows-war-risks-17220604.php,-2.1629545330450277
ref-stablelm-base-alpha-3b-v2,member,https://www.kbzk.com/news/crime-and-courts/butte-woman-sentenced-to-prison-after-pleading-guilty-to-defrauding-blind-elderly-woman-in-her-care,0.1170392220105172
ref-stablelm-base-alpha-3b-v2,member,https://www.kold.com/prnewswire/2022/05/24/nearity-unveil-91-element-beamforming-ceiling-array-microphone-during-infocomm-debut/,-1.7226010672072938
ref-stablelm-base-alpha-3b-v2,member,https://kion546.com/news/ap-national-news/2022/07/29/spains-leader-advises-going-sans-necktie-to-conserve-energy/,-1.8409097640731817
ref-stablelm-base-alpha-3b-v2,member,https://www.localsyr.com/news/national/solange-knowles-becomes-first-black-woman-to-compose-score-for-nyc-ballet/,-2.0342551993543343
ref-stablelm-base-alpha-3b-v2,member,https://www.seattlepi.com/news/article/Electric-motorcycles-flood-Havana-amid-diesel-17313389.php,-2.5267297913304265
ref-stablelm-base-alpha-3b-v2,member,https://www.wflx.com/prnewswire/2022/07/28/peoples-ltd-announces-second-quarter-results/,-1.613463994674603
ref-stablelm-base-alpha-3b-v2,member,https://www.kwch.com/prnewswire/2022/07/18/el-car-wash-announces-acquisition-by-warburg-pincus/,-1.5556723026488604
ref-stablelm-base-alpha-3b-v2,member,https://www.ourmidland.com/news/police_and_courts/article/Crime-log-Deputies-check-on-woman-hammering-17287324.php,0.14762389570176082
ref-stablelm-base-alpha-3b-v2,member,https://www.kswo.com/prnewswire/2022/08/15/legal-bay-lawsuit-pre-settlement-funding-announces-expanded-funding-medical-malpractice-cases/,-1.9225136253251098
ref-stablelm-base-alpha-3b-v2,member,https://www.wagmtv.com/prnewswire/2022/08/26/new-rally-house-store-joins-st-louis-market/,-1.929094207533444
ref-stablelm-base-alpha-3b-v2,member,https://www.wistv.com/prnewswire/2022/06/02/rc-mowers-continues-successful-great-american-road-show-into-summer/,-1.8736409735091375
ref-stablelm-base-alpha-3b-v2,member,https://www.wbay.com/prnewswire/2022/08/30/silicon-labs-present-citis-2022-global-technology-conference/,-1.3528462509690558
ref-stablelm-base-alpha-3b-v2,member,https://www.cbs42.com/news/national/biden-officials-ending-international-travel-testing-requirement/,-1.9846248822403192
ref-stablelm-base-alpha-3b-v2,member,https://abc7ny.com/bill-de-blasio-eric-adams-nyc-covid-coronavirus/12051747/,0.19523586500252144
ref-stablelm-base-alpha-3b-v2,member,https://www.cenlanow.com/politics/ap-politics/jurors-weigh-mans-self-defense-claim-in-capitol-riot-trial/,-1.7798640984670855
ref-stablelm-base-alpha-3b-v2,member,https://www.kbtx.com/prnewswire/2022/06/12/lg-energy-solution-sets-up-special-advisory-council-global-artificial-intelligence-experts/,-2.0382328851554425
ref-stablelm-base-alpha-3b-v2,member,https://www.abc15.com/news/political/elections/campaign-finance-complaint-filed-against-boldings-nonprofit-group,0.42691922956781614
ref-stablelm-base-alpha-3b-v2,member,https://www.kwch.com/prnewswire/2022/07/20/skf-half-year-report-2022-solid-growth-increasing-price-realization-helping-mitigate-high-cost-inflation/,-1.8454841183347446
ref-stablelm-base-alpha-3b-v2,member,https://www.wflx.com/prnewswire/2022/07/21/cargolux-selects-777-8-freighter-preferred-replacement-747-400-fleet/,-1.5646223363083815
ref-stablelm-base-alpha-3b-v2,member,https://www.twincities.com/2022/08/14/twins-cap-1-4-road-trip-with-loss-to-angels/,0.10123742821056614
ref-stablelm-base-alpha-3b-v2,member,https://www.wlbt.com/2022/06/09/who-covid-origins-unclear-lab-leak-theory-needs-study/,-2.073268579691058
ref-stablelm-base-alpha-3b-v2,member,https://www.beaumontenterprise.com/weather/article/TX-Fort-Worth-TX-Zone-Forecast-17334270.php,-0.16078948479109062
ref-stablelm-base-alpha-3b-v2,member,https://www.wibw.com/prnewswire/2022/06/23/goodyear-further-demonstrates-its-commitment-corporate-responsibility-2021-report/,-1.5474277065121058
ref-stablelm-base-alpha-3b-v2,member,https://www.kait8.com/prnewswire/2022/06/01/retailmenot-kicks-off-new-season-with-summer-savings/,-1.829680300512328
ref-stablelm-base-alpha-3b-v2,member,https://www.mynews13.com/fl/orlando/ap-top-news/2022/08/13/climate-bill-could-coal-communities-shift-to-nuclear,-2.2582812214829078
ref-stablelm-base-alpha-3b-v2,member,https://www.king5.com/article/entertainment/television/programs/evening/restaurants-with-views-western-washington/281-2d65797d-8884-4672-8893-e871d2aa32f4,0.6940681573260998
ref-stablelm-base-alpha-3b-v2,member,https://www.kwch.com/prnewswire/2022/08/04/echostar-announces-financial-results-three-six-months-ended-june-30-2022/,-1.1744323040848652
ref-stablelm-base-alpha-3b-v2,member,https://whyy.org/articles/strike-force-abortion-rights-new-jersey/,0.041929806149962
ref-stablelm-base-alpha-3b-v2,member,https://www.weau.com/prnewswire/2022/07/26/zerosum-market-first-report-july-2022-automotive-new-used-ev-inventory-data-sales-forecasts/,-1.992340004392651
ref-stablelm-base-alpha-3b-v2,member,https://www.ourmidland.com/weather/article/CA-WFO-SAN-FRANCISCO-BAY-AREA-Warnings-Watches-17313681.php,-1.5306580895861752
ref-stablelm-base-alpha-3b-v2,member,https://www.kivitv.com/news/national-politics/can-democrats-pass-a-reconciliation-bill-this-month,-1.5212910047945165
ref-stablelm-base-alpha-3b-v2,member,https://www.mrt.com/sports/article/L-A-Angels-Team-Stax-17199789.php,0.7867046664866577
ref-stablelm-base-alpha-3b-v2,member,https://www.ksby.com/news/national/biden-administration-says-federal-law-preempts-state-abortion-bans-during-emergencies,-1.786118707026906
ref-stablelm-base-alpha-3b-v2,member,https://www.mrt.com/sports/article/Minnesota-Team-Stax-17146420.php,0.8454304560173029
ref-stablelm-base-alpha-3b-v2,member,https://www.mynews13.com/fl/orlando/news/2022/07/21/heard-depp-appeal-defamation,-1.6451206305256403
ref-stablelm-base-alpha-3b-v2,member,https://pix11.com/sports/nfl/giants-2-0-for-first-time-in-6-years-beat-panthers-19-16/,-1.6687976941989286
ref-stablelm-base-alpha-3b-v2,member,https://www.wbay.com/prnewswire/2022/07/06/improving-hiring-experience-candidates-employers-strategic-partnership-between-unicuspar-incipio-workforce-solutions/,-2.282121413629344
ref-stablelm-base-alpha-3b-v2,member,https://www.cenlanow.com/national/how-much-covid-is-in-your-county-new-cdc-data-shows-local-spread-of-ba-2/,-1.8258832977229515
ref-stablelm-base-alpha-3b-v2,member,https://www.kxlf.com/news/montana-news/economists-midyear-outlook-forecasts-changing-growth-trends-in-montana,0.14624803577397438
ref-stablelm-base-alpha-3b-v2,member,https://www.orlandosentinel.com/sports/fl-sp-marlins-mets-sat-20220625-vqnzupwbejbilivaimq3276wte-story.html,-1.410503581518648
ref-stablelm-base-alpha-3b-v2,member,https://www.sfgate.com/weather/article/TX-WFO-LUBBOCK-Warnings-Watches-and-Advisories-17206041.php,-1.1790256191907997
ref-stablelm-base-alpha-3b-v2,member,https://www.nbcphiladelphia.com/news/coronavirus/schooling-in-a-pandemic/mask-up-philly-schools-once-again-requiring-face-masks-in-classrooms/3247866/,0.06257989135196995
ref-stablelm-base-alpha-3b-v2,member,https://www.sfchronicle.com/weather/article/NY-WFO-BINGHAMTON-Warnings-Watches-and-17236967.php,-1.5728795701308935
ref-stablelm-base-alpha-3b-v2,member,https://www.wagmtv.com/prnewswire/2022/07/12/jrw-realty-facilitates-purchase-scheels-great-falls-montana/,-1.9486137127633851
ref-stablelm-base-alpha-3b-v2,member,https://www.wjhl.com/sports/us-world-sports/dodgers-kershaw-on-il-with-low-back-pain-taylor-activated/,-1.4186357673187562
ref-stablelm-base-alpha-3b-v2,member,https://www.lcsun-news.com/story/news/local/2022/07/05/las-cruces-nmsu-host-fourth-of-july-celebration-concert-and-fireworks-show/65367322007/,0.539938706827304
ref-stablelm-base-alpha-3b-v2,member,https://www.wkyt.com/prnewswire/2022/08/15/more-than-fast-jackery-set-unveil-new-flagship-product-ifa-2022/,-2.1480089880977924
ref-stablelm-base-alpha-3b-v2,member,https://www.kbtx.com/2022/09/09/woman-trying-retrieve-phone-goes-over-68-foot-waterfall-survives/,-1.5374245054665947
ref-stablelm-base-alpha-3b-v2,member,https://www.mysuncoast.com/prnewswire/2022/05/18/flogistix-expands-manufacturing-capabilities/,-1.9591679607518804
ref-stablelm-base-alpha-3b-v2,member,https://www.wbay.com/prnewswire/2022/09/14/mcdonalds-open-speedee-labs-within-companys-chicago-global-headquarters/,-1.907802397815505
ref-stablelm-base-alpha-3b-v2,member,https://www.kmvt.com/prnewswire/2022/08/22/american-medical-association-issues-technology-specific-cpt-code-figur8s-advanced-musculoskeletal-assessment-system/,-2.206442771932045
ref-stablelm-base-alpha-3b-v2,member,https://www.orlandosentinel.com/sports/highschool/football/os-sp-hs-spring-football-lake-southwest-volusia-country-storylines-0425-20220424-cf2elvmdo5hkvfi65t3pjmzzs4-story.html,0.3588254075900732
ref-stablelm-base-alpha-3b-v2,member,https://www.kxii.com/prnewswire/2022/09/07/centinel-spine-announces-first-commercial-use-prodisc-cervical-total-disc-replacement-portfolio-that-allows-disc-be-matched-patient-anatomy/,-2.010561516138826
ref-stablelm-base-alpha-3b-v2,member,https://www.annistonstar.com/the_daily_home/dh_news/childersburg-man-accused-of-14-sex-offenses-involving-two-underage-girls/article_57604d0e-c1b5-11ec-9473-331d119cddf7.html,0.38521590721086296
ref-stablelm-base-alpha-3b-v2,member,https://www.apr.org/science-health/2022-08-06/what-a-decade-of-curiosity-has-taught-us-about-life-on-mars,-2.003699912438365
ref-stablelm-base-alpha-3b-v2,member,https://www.beaumontenterprise.com/news/article/Court-won-t-fast-track-Arizona-AG-s-election-17288849.php,-1.9976728042646281
ref-stablelm-base-alpha-3b-v2,member,https://www.mysuncoast.com/prnewswire/2022/05/12/volpara-health-showcases-enhancements-its-integrated-breast-health-platform-sbi/,-0.8843027663340297
ref-stablelm-base-alpha-3b-v2,member,https://wtmj.com/sports/2022/06/02/daz-camerons-hr-in-8th-lifts-surging-tigers-past-twins-3-2-4/,-1.672189306145111
ref-stablelm-base-alpha-3b-v2,member,https://www.al.com/news/2022/09/911-anniversary-remembering-140-of-alabamas-fallen-soldiers.html,0.4105646570393364
ref-stablelm-base-alpha-3b-v2,member,https://fox59.com/news/national-world/ap-international/germanys-scholz-g7-to-discuss-marshall-plan-for-ukraine/,-1.9453389747190533
ref-stablelm-base-alpha-3b-v2,member,https://www.valleynewslive.com/prnewswire/2022/07/06/fcp-expands-multifamily-portfolio-colorado-with-55-million-acquisition-heights-huron-apartments-northglenn/,-1.9871456739805904
ref-stablelm-base-alpha-3b-v2,member,https://www.wkyt.com/prnewswire/2022/05/31/lifebrand-adds-los-angeles-charger-austin-ekeler-new-equity-stakeholder-brand-ambassador/,-2.0971778848499083
ref-stablelm-base-alpha-3b-v2,member,https://kion546.com/news/2022/07/16/mbs-hits-back-at-biden-after-the-president-confronts-saudi-prince-about-khashoggi/,-0.9637318612419223
ref-stablelm-base-alpha-3b-v2,member,https://www.herald-dispatch.com/coronavirus/active-covid-cases-exceed-200-in-cabell-county/article_42226ce0-f15c-5952-8fdc-28a73bc19563.html,-0.5077668227673775
ref-stablelm-base-alpha-3b-v2,member,https://www.abc10.com/article/news/national/shootings-expose-divisions-on-gun-issue-in-faith-communities-in-america/103-71e5f56c-c464-49d9-8744-cf63ced26be0,-2.1099587660329444
ref-stablelm-base-alpha-3b-v2,member,https://www.wistv.com/prnewswire/2022/05/17/new-study-published-cell-reports-medicine-further-validates-potential-urolithin-supplementation-supporting-muscle-health/,-1.2366618872131405
ref-stablelm-base-alpha-3b-v2,member,https://www.wagmtv.com/prnewswire/2022/04/26/richmond-american-enters-albuquerque-housing-market/,-1.2650158250905326
ref-stablelm-base-alpha-3b-v2,member,https://www.krgv.com/news/aep-secures-leaning-pole-near-weslaco-home,0.4511256308547358
ref-stablelm-base-alpha-3b-v2,member,https://www.wearegreenbay.com/reviews/br/health-wellness-br/supplements-br/best-prenatal-vitamin/,-1.6782782200621629
ref-stablelm-base-alpha-3b-v2,member,https://www.wfmz.com/news/area/lehighvalley/lehigh-county-based-yourway-to-build-new-depot-in-ireland-to-serve-european-customers/article_654c2ea6-e654-11ec-b8ce-7724c11c5d90.html,0.3591362986447293
ref-stablelm-base-alpha-3b-v2,member,https://tucson.com/saddlebag/arts-and-leisure/ready-to-give-meditation-a-try/article_0a714d1a-e2ba-11ec-8194-939e1179ef21.html,0.6739703682218257
ref-stablelm-base-alpha-3b-v2,member,https://www.fox16.com/news/world-news/ap-international/hong-kong-burnishes-china-ties-as-luster-as-global-hub-fades/,-2.2399300494771537
ref-stablelm-base-alpha-3b-v2,member,https://www.kalb.com/prnewswire/2022/09/01/sept-1-established-national-hotel-employee-day/,-1.4968174108203325
ref-stablelm-base-alpha-3b-v2,member,https://www.cenlanow.com/national/impending-demise-of-roe-v-wade-puts-a-spotlight-on-a-major-privacy-risk-your-phone-reveals-more-about-you-than-you-think/,-2.5328726946715268
ref-stablelm-base-alpha-3b-v2,member,https://www.wistv.com/prnewswire/2022/07/06/broadway-exchange-announces-formation-creative-council/,-1.9282122004442532
ref-stablelm-base-alpha-3b-v2,member,https://www.fox29.com/news/monkeypox-what-you-should-know-as-the-disease-spreads-around-the-world,-0.7844703260230805
ref-stablelm-base-alpha-3b-v2,member,https://www.ourmidland.com/sports/article/N-Y-Mets-Philadelphia-Runs-17387052.php,-0.9164928974012955
ref-stablelm-base-alpha-3b-v2,member,https://www.wowktv.com/news/u-s-world/tips-for-helping-sensitive-ears-cope-with-fourth-of-july-firework-blasts/,-1.6851794959027213
ref-stablelm-base-alpha-3b-v2,member,https://www.wlbt.com/prnewswire/2022/09/07/markel-announces-jed-rhoads-retire-president-chief-underwriting-officer-global-reinsurance-division/,-1.5129288598101398
ref-stablelm-base-alpha-3b-v2,member,https://www.unionleader.com/news/scitech/nuclear-fusion-power-inches-closer-to-reality/article_b9aa3566-63d9-502b-8ec7-67be4cd661c3.html,0.6334244169438401
ref-stablelm-base-alpha-3b-v2,member,https://www.koin.com/reviews/br/kitchen-br/pressure-slow-cookers-br/best-cheap-pressure-cooker/,-1.3342748589628097
ref-stablelm-base-alpha-3b-v2,member,https://www.wsls.com/news/local/2022/08/10/liberty-university-hires-executive-search-firm-to-find-next-president/,0.20362395155184698
ref-stablelm-base-alpha-3b-v2,member,https://aldianews.com/en/leadership/advocacy/financially-responsible,0.08820485432223713
ref-stablelm-base-alpha-3b-v2,member,https://pantagraph.com/weather/update-flash-flood-warning-cancelled-for-mclean-county-severe-weather-threat-comes-to-an-end/article_6cd0a5ba-f4ed-11ec-9b6a-c32ede6ad122.html,-0.043533561942171506
ref-stablelm-base-alpha-3b-v2,member,https://www.kmvt.com/2022/06/30/firework-bans-place-blaine-county-bellevue-ketchum/,0.30031533982469627
ref-stablelm-base-alpha-3b-v2,member,https://www.wflx.com/prnewswire/2022/07/11/biomarin-presents-findings-studies-valoctocogene-roxaparvovec-investigational-gene-therapy-international-society-thrombosis-haemostasis-isth-2022-congress-july-9-12-including-4-oral-2-poster-presentations/,-1.4839862663598498
ref-stablelm-base-alpha-3b-v2,member,https://catcountry1073.com/brigantine-nj-woman-charged-with-vehicular-homicide-for-2021-crash/,0.3905118482161054
ref-stablelm-base-alpha-3b-v2,member,https://fox59.com/news/national-world/ap-us-news/drugmaker-teva-latest-to-settle-opioid-lawsuits-nationally/,-2.0288101118285953
ref-stablelm-base-alpha-3b-v2,member,https://www.latimes.com/politics/story/2022-06-20/facebook-greitens-rino-hunting-video-violates-standards,-1.656599897590116
ref-stablelm-base-alpha-3b-v2,member,https://www.wptv.com/news/treasure-coast/region-st-lucie-county/former-st-lucie-county-deputy-sentenced-to-7-years-behind-bars,0.20412101822004836
ref-stablelm-base-alpha-3b-v2,member,https://www.washingtonpost.com/sports/auto-racing/fernando-alonso-to-join-f1-team-aston-martin-next-season/2022/08/01/3e77a440-117e-11ed-8482-06c1c84ce8f2_story.html,-1.8100203006287956
ref-stablelm-base-alpha-3b-v2,member,https://www.krqe.com/sports/mlb-baseball/gallen-superb-on-mound-d-backs-beat-struggling-nats-10-1/,-1.52936113384674
ref-stablelm-base-alpha-3b-v2,member,https://www.kold.com/prnewswire/2022/08/02/new-opportunity-quality-reporting-led-by-avalere-health-academy-nutrition-dietetics-will-improve-treatment-people-with-malnutrition/,-1.6114607945004344
ref-stablelm-base-alpha-3b-v2,member,https://www.1011now.com/2022/07/06/amber-alert-issued-missing-15-year-old-girl-florida/,-1.3241591500739769
ref-stablelm-base-alpha-3b-v2,member,https://www.kens5.com/article/sports/baseball/100-year-old-navy-veteran-gets-one-day-contract-with-buffalo-bisons/71-d7806cfc-04ee-4910-ba5f-c2ffd03b924a,0.043996707531923196
ref-stablelm-base-alpha-3b-v2,member,https://www.krgv.com/gallery-videos/police-edinburg-woman-killed-in-crash-involving-tractor-trailer-in-mcallen,-0.3225649441145686
ref-stablelm-base-alpha-3b-v2,member,https://www.wkyt.com/prnewswire/2022/08/18/lootmogul-aftermath-islands-metaverse-form-strategic-metaverse-multi-chain-partnership-global-sports-fans/,-0.24684489593382986
ref-stablelm-base-alpha-3b-v2,member,https://www.kfyrtv.com/prnewswire/2022/05/31/xian-china-seeing-past-present-across-millennia-culture-tourism-innovation-animates-new-forms-consumption/,-2.427559440408694
ref-stablelm-base-alpha-3b-v2,member,https://www.kmvt.com/prnewswire/2022/08/11/medical-innovation-challenge-announces-contenders-200000-award/,-2.484928396812656
ref-stablelm-base-alpha-3b-v2,member,https://www.seattlepi.com/news/article/Men-women-split-on-equity-gains-since-Title-IX-17242422.php,-1.8802839201221477
ref-stablelm-base-alpha-3b-v2,member,https://www.wkyt.com/prnewswire/2022/05/25/arlington-asset-investment-corp-declares-second-quarter-2022-dividends-preferred-stock/,-0.9763467023171469
ref-stablelm-base-alpha-3b-v2,member,https://www.wagmtv.com/prnewswire/2022/06/07/does-auto-industry-have-an-electric-vehicle-generation-gap/,-1.5938924712477287
ref-stablelm-base-alpha-3b-v2,member,https://www.kmvt.com/prnewswire/2022/09/06/imax-names-jennifer-horsley-senior-vice-president-investor-relations/,-1.5995533489878355
ref-stablelm-base-alpha-3b-v2,member,https://www.wktv.com/sports/comets-stunned-by-amerks-at-home-calder-cup-run-comes-to-a-close/article_911eb866-d7ed-11ec-bab7-17d55f456fda.html,0.2776718904838833
ref-stablelm-base-alpha-3b-v2,member,https://www.fox16.com/news/national-news/hawley-vows-to-vote-no-on-adding-sweden-and-finland-to-nato/,-1.9567842221910312
ref-stablelm-base-alpha-3b-v2,member,https://www.1011now.com/prnewswire/2022/08/31/ppk-kicks-off-tastykake-relationship-with-back-to-school-campaign/,-2.068356075971746
ref-stablelm-base-alpha-3b-v2,member,https://www.wflx.com/prnewswire/2022/08/11/remote-work-requires-redesigned-enterprise-network-improved-security-connectivity-says-info-tech-research-group/,-2.3336562491919928
ref-stablelm-base-alpha-3b-v2,member,https://www.wfmz.com/news/pr_newswire/pr_newswire_pennsylvania/power-home-remodeling-announces-travel-and-lodging-reimbursement-as-part-of-newly-enhanced-employee-health/article_ba76941a-1406-54ca-86f4-ee24ecf9af71.html,-1.7309729284553523
ref-stablelm-base-alpha-3b-v2,member,https://www.wafb.com/prnewswire/2022/06/29/3spine-inc-completes-first-us-surgeries/,-1.4539348015357079
ref-stablelm-base-alpha-3b-v2,member,https://www.wafb.com/prnewswire/2022/07/20/equable-institute-analysis-finds-state-municipal-pension-funds-facing-largest-single-year-decline-funded-ratio-since-great-recession/,-2.02989332167521
ref-stablelm-base-alpha-3b-v2,member,https://www.valleynewslive.com/prnewswire/2022/07/06/clorox-announces-aug-3-webcast-fourth-quarter-fiscal-year-2022-results/,-1.4227726498092783
ref-stablelm-base-alpha-3b-v2,member,https://www.sfchronicle.com/sports/article/Bay-Area-sports-calendar-June-7-8-17223848.php,1.6694324510116099
ref-stablelm-base-alpha-3b-v2,member,https://phl17.com/reviews/br/kitchen-br/utensils-gadgets-br/best-marble-mortar-and-pestle/,-1.6140657397203606
ref-stablelm-base-alpha-3b-v2,member,https://www.seattletimes.com/sports/bautista-agut-wins-11th-career-atp-title-in-kitzbuhel/?utm_source=RSS&utm_medium=Referral&utm_campaign=RSS_all,-1.0848898316245177
ref-stablelm-base-alpha-3b-v2,member,https://www.myarklamiss.com/news/international/sweden-2-wounded-in-shopping-center-shooting/,-1.8737017131762461
ref-stablelm-base-alpha-3b-v2,member,https://www.ksn.com/sports/ap-sports/korda-set-to-defend-title-at-womens-pga-championship/,-1.8728037911109872
ref-stablelm-base-alpha-3b-v2,member,https://www.seattlepi.com/sports/article/Rodr-guez-HR-again-3-run-shot-in-7th-Mariners-17333647.php,-1.5000597431655258
ref-stablelm-base-alpha-3b-v2,member,https://www.wsaz.com/prnewswire/2022/07/19/optimism-construction-industry-growth-remains-high-its-digital-transformation-success-hinges-human-centric-implementation-outlook-says/,-2.221570705459319
ref-stablelm-base-alpha-3b-v2,member,https://www.kmvt.com/prnewswire/2022/09/13/pasturebird-unveils-new-packaging-launches-into-retail-2022-natural-products-expo-east/,-1.8284612713353898
ref-stablelm-base-alpha-3b-v2,member,https://www.cenlanow.com/national/ap-hearing-to-determine-if-missouri-boarding-school-will-close/,-2.219980230726184
ref-stablelm-base-alpha-3b-v2,member,https://www.wkyt.com/prnewswire/2022/08/25/ardagh-announces-approval-science-based-targets-reduce-greenhouse-gas-emissions/,-1.5502864159763958
ref-stablelm-base-alpha-3b-v2,member,https://wgntv.com/news/south-suburbs/second-tornado-confirmed-in-saturday-mornings-severe-weather/,0.12498934845920529
ref-stablelm-base-alpha-3b-v2,member,https://www.seattletimes.com/nation-world/nation-politics/us-says-airstrikes-in-syria-intended-to-send-message-to-iran/?utm_source=RSS&utm_medium=Referral&utm_campaign=RSS_all,-2.095815241961329
ref-stablelm-base-alpha-3b-v2,member,https://www.apr.org/politics-government/politics-government/2022-07-26/a-democratic-ad-in-a-michigan-race-is-the-latest-instance-of-meddling-in-a-gop-primary,-1.679625113058902
ref-stablelm-base-alpha-3b-v2,member,https://www.yourcentralvalley.com/news/u-s-world/night-of-terror-women-raped-groped-after-indiana-jailer-sold-access-to-their-housing-for-1000-lawsuits-claim/,-1.7124126080877402
ref-stablelm-base-alpha-3b-v2,member,https://www.myarklamiss.com/news/national-news/ap-missouri-boarding-school-can-remain-open-with-oversight/,-2.2754369011239532
ref-stablelm-base-alpha-3b-v2,member,https://cw33.com/news/nexstar-media-wire/should-you-get-the-monkeypox-vaccine/,-1.629360776234184
ref-stablelm-base-alpha-3b-v2,member,https://www.kxii.com/prnewswire/2022/07/26/aci-mechanical-hvac-sales-announces-new-partnership-with-yaskawa/,-2.257841312917719
ref-stablelm-base-alpha-3b-v2,member,https://www.ourmidland.com/news/article/Former-Chicago-high-school-basketball-star-gunned-17333310.php,-1.1751103150513451
ref-stablelm-base-alpha-3b-v2,member,https://www.dakotanewsnow.com/2022/05/30/1-missing-1-dead-11-hospitalized-after-boat-capsizes-colorado/,-1.8984958449686224
ref-stablelm-base-alpha-3b-v2,member,https://www.kfyrtv.com/prnewswire/2022/06/27/enlightened-embraces-whimsical-ice-cream-flavors-with-rebrand/,-1.8540976611171125
ref-stablelm-base-alpha-3b-v2,member,https://www.wafb.com/prnewswire/2022/08/18/nj-propane-gas-association-highlights-omissions-assumptions-emp-cost-report-calls-full-disclosure-all-cost-factors-including-capital-operating-subsidies/,-2.2318749690800073
ref-stablelm-base-alpha-3b-v2,member,https://www.kold.com/prnewswire/2022/09/08/miro-bolsters-executive-team-with-appointment-hollie-castro-chief-people-officer/,-1.3568147723610273
ref-stablelm-base-alpha-3b-v2,member,https://richmond.com/news/local/govt-and-politics/grtc-to-purchase-19-new-buses-build-new-vehicle-facility-with-11m-in-federal-funding/article_0a6c08eb-1ad4-55a3-a514-3fe5a1edb471.html,0.3338565652984373
ref-stablelm-base-alpha-3b-v2,member,https://www.wane.com/dont-miss/careless-and-reckless-video-shows-youtuber-crashing-plane-on-purpose-faa-says/,-1.962539425757488
ref-stablelm-base-alpha-3b-v2,member,https://fox59.com/news/national-world/ap-us-news/ap-epa-to-designate-forever-chemicals-as-hazardous-substances/,-1.9157067225287527
ref-stablelm-base-alpha-3b-v2,member,https://www.kivitv.com/news/national/no-one-hits-mega-millions-jackpot-pushes-fridays-top-prize-to-630-million,-1.753345283887044
ref-stablelm-base-alpha-3b-v2,member,https://www.cleveland19.com/prnewswire/2022/09/02/healogics-is-raising-awareness-peripheral-artery-disease-healing-chronic-wounds-during-september/,-1.9348288978485724
ref-stablelm-base-alpha-3b-v2,member,https://www.kait8.com/prnewswire/2022/06/21/kenon-announces-court-approval-capital-reduction-record-date-other-information-relating-distribution-shareholders/,-1.2350196006901981
ref-stablelm-base-alpha-3b-v2,member,https://www.mrt.com/sports/article/Detroit-Team-Stax-17237365.php,0.9929939836876005
ref-stablelm-base-alpha-3b-v2,member,https://www.providencejournal.com/story/news/education/2022/06/27/bristol-principal-deb-dibiase-mount-hope-high-school-moved-central-office/7745497001/,0.25882250973454646
ref-stablelm-base-alpha-3b-v2,member,https://pix11.com/tiktok/,-0.07962803029091559
ref-stablelm-base-alpha-3b-v2,member,https://pantagraph.com/news-6-18-22/article_9fd5455e-ed0b-11ec-9e9a-bbce69da2384.html,0.07987875704751035
ref-stablelm-base-alpha-3b-v2,member,https://kion546.com/entertainment/cnn-entertainment/2022/06/10/first-kill-stakes-out-another-teen-vampire-love-story-without-much-bite/,-0.1134168936991582
ref-stablelm-base-alpha-3b-v2,member,https://www.wafb.com/prnewswire/2022/07/07/igt-celebrates-15-years-environmental-social-governance-excellence-with-publication-2021-sustainability-report/,-1.397110752104676
ref-stablelm-base-alpha-3b-v2,member,https://www.registerguard.com/story/opinion/columns/2022/08/28/oregon-workers-need-the-snake-river-dams-kate-brown/65418491007/,0.4733930996328115
ref-stablelm-base-alpha-3b-v2,member,https://www.kfyrtv.com/prnewswire/2022/06/20/code-ninjas-offers-summer-camps-beat-summer-boredom/,-1.4723936751880162
ref-stablelm-base-alpha-3b-v2,member,https://www.kold.com/2022/05/18/house-voting-domestic-terrorism-bill-after-buffalo-attack/,-2.1083431195826585
ref-stablelm-base-alpha-3b-v2,member,https://www.springfieldnewssun.com/news/ohio/marshall-university-in-wva-extends-lower-rates-to-wider-area/LYGJ2OWR45D4XCEKPZ3MRRI3TM/,-1.3866176524386162
ref-stablelm-base-alpha-3b-v2,member,https://www.wistv.com/2022/07/30/court-70-year-old-indicted-capital-murder-charges-alabama-church-triple-slaying/,-1.8024959514753998
ref-stablelm-base-alpha-3b-v2,member,https://www.kfyrtv.com/prnewswire/2022/07/04/fx168-financial-group-hold-vancouver-international-financial-summit-vifs-2022-september-2-3/,-2.1655733243569983
ref-stablelm-base-alpha-3b-v2,member,https://www.wdtn.com/news/politics/ap-politics/trumps-turbulent-white-house-years-culminate-in-fla-search/,-2.1341915992246605
ref-stablelm-base-alpha-3b-v2,member,https://www.kark.com/sports/golf/crocker-eagles-last-to-take-2-shot-lead-at-hero-open-2/,-1.8938509560372692
ref-stablelm-base-alpha-3b-v2,member,https://www.sfgate.com/weather/article/TX-WFO-MIDLAND-ODESSA-Warnings-Watches-and-17378373.php,-1.6733261210775618
ref-stablelm-base-alpha-3b-v2,member,https://www.kfyrtv.com/prnewswire/2022/07/18/forty51-ventures-announces-first-close-fund-i-its-first-investment/,-1.3614896452540848
ref-stablelm-base-alpha-3b-v2,member,https://www.bangordailynews.com/2022/08/29/news/aroostook/red-cross-diverse-blood-donors-joam40zk0w/,0.4047554217153153
ref-stablelm-base-alpha-3b-v2,member,https://www.mysuncoast.com/prnewswire/2022/08/01/media-advisory-roadkill-nights-powered-by-dodge-returns-woodward-avenue-legal-street-drag-racing-dodge-direct-connection-grudge-race/,-1.8190121366386645
ref-stablelm-base-alpha-3b-v2,member,https://www.pahomepage.com/news/national-news/supreme-court-sides-with-praying-coach-in-washington-state/,-2.0192665241898706
ref-stablelm-base-alpha-3b-v2,member,https://www.sfchronicle.com/news/article/Sri-Lanka-president-s-brother-quits-Parliament-17229981.php,-1.8496071927106297
ref-stablelm-base-alpha-3b-v2,member,https://www.wsaz.com/prnewswire/2022/08/03/rosewood-hotels-amp-resorts-announces-rosewood-residences-beverly-hills/,-1.6963078117679085
ref-stablelm-base-alpha-3b-v2,member,https://www.mrt.com/news/article/Judge-rules-against-required-coverage-of-HIV-17425575.php,-2.1280014044967257
ref-stablelm-base-alpha-3b-v2,member,https://www.dakotanewsnow.com/prnewswire/2022/09/07/braven-launches-city-college-new-york/,-2.269258237082003
ref-stablelm-base-alpha-3b-v2,member,https://www.ksn.com/sports/condoleezza-rice-added-to-new-broncos-ownership-group/,-1.4878954434662914
ref-stablelm-base-alpha-3b-v2,member,https://shepherdexpress.com/news/features/medicaid-expansion-funds-could-help-raise-the-quality-of-wis/,0.47683880496338027
ref-stablelm-base-alpha-3b-v2,member,https://www.wmur.com/article/maura-murray-search-new-hampshire-71422/40613277,0.2837829361843869
ref-stablelm-base-alpha-3b-v2,member,https://www.wflx.com/prnewswire/2022/05/20/lear-acquire-ig-bauerhin-global-leader-seat-climate-control/,-1.7698397430594772
ref-stablelm-base-alpha-3b-v2,member,https://www.seattlepi.com/news/article/VCU-reaches-settlement-with-family-of-hazing-17450272.php,-1.969623906439076
ref-stablelm-base-alpha-3b-v2,member,https://www.kmvt.com/2022/09/02/jane-fonda-says-she-has-cancer-is-dealing-well-with-chemo/,-1.596112702343964
ref-stablelm-base-alpha-3b-v2,member,https://www.wibw.com/prnewswire/2022/07/13/sk-ii-world-pitera-day-celebrating-skincare-icon/,-1.9863589067842307
ref-stablelm-base-alpha-3b-v2,member,https://www.foxnews.com/sports/avalanche-advance-2nd-round-sweep-predators,-1.8654904760888757
ref-stablelm-base-alpha-3b-v2,member,https://www.wfmz.com/news/pr_newswire/pr_newswire_entertainment/poly-identifies-twelve-considerations-for-navigating-hybrid-working/article_6fb0c316-1877-52d2-9769-a0bcbe7e487a.html,-2.1523204940401923
ref-stablelm-base-alpha-3b-v2,member,http://klax-tv.com/protestors-rally-after-overturning-of-roe-vs-wade/?utm_source=rss&utm_medium=rss&utm_campaign=protestors-rally-after-overturning-of-roe-vs-wade,-0.04539365125782879
ref-stablelm-base-alpha-3b-v2,member,https://www.wearegreenbay.com/news/national/lunchflation-means-the-cost-of-your-meal-is-going-up/,-2.2304896032582575
ref-stablelm-base-alpha-3b-v2,member,https://www.wtvq.com/update-the-death-toll-rises-to-28-people-after-flooding-in-ky/,0.11073207849993305
ref-stablelm-base-alpha-3b-v2,member,https://www.wfmz.com/news/pr_newswire/pr_newswire_food_beverages/aw-nutrition-ceo-felipe-guevara-bringing-the-superfoods-and-exotic-fruits-of-ecuador-to-the/article_3c43aa98-79c4-5807-8431-583dc5b1a03b.html,0.4261535543638799
ref-stablelm-base-alpha-3b-v2,member,https://www.yourbasin.com/sports/case-of-slain-puerto-rican-boxer-macho-camacho-crumbles/,-2.119484142693506
ref-stablelm-base-alpha-3b-v2,member,https://www.foxnews.com/sports/cubs-christopher-morel-first-career-home-run-major-league-debut,0.1939624746368338
ref-stablelm-base-alpha-3b-v2,member,https://www.yourbasin.com/reviews/br/sports-fitness-br/baseball-softball-br/best-new-balance-baseball-cleats/,-1.53998969309832
ref-stablelm-base-alpha-3b-v2,member,https://www.texomashomepage.com/news/business/asian-shares-sink-after-inflation-driven-retreat-on-wall-st/,-2.0962957947297363
ref-stablelm-base-alpha-3b-v2,member,https://www.seattlepi.com/weather/article/NY-WFO-ALBANY-Warnings-Watches-and-Advisories-17390891.php,-1.5930663789635535
ref-stablelm-base-alpha-3b-v2,member,https://www.kbtx.com/2022/09/12/us-takes-aim-some-trump-offshore-safety-rule-rollbacks/,-2.1934064870803818
ref-stablelm-base-alpha-3b-v2,member,https://www.kark.com/news/national/feds-9-indicted-in-mafia-led-racket-including-detective/,-2.2087220863975
ref-stablelm-base-alpha-3b-v2,member,https://www.pahomepage.com/news/protesters-and-supporters-emerge-amid-trumps-arrival/,0.26589443466622065
ref-stablelm-base-alpha-3b-v2,member,https://www.beaumontenterprise.com/sports/article/Grant-becomes-1st-female-golfer-to-win-on-17236435.php,-2.1152567978664436
ref-stablelm-base-alpha-3b-v2,member,https://www.wcjb.com/prnewswire/2022/06/13/mnemo-therapeutics-launches-rhu-project-collaboration-with-leading-european-research-partners-institut-curie-meary-cell-gene-therapy-center-ap-hp/,-2.030170396210048
ref-stablelm-base-alpha-3b-v2,member,https://www.kait8.com/prnewswire/2022/07/20/icims-introduces-enhanced-labor-market-data-advisory-offerings/,-1.8456886225636748
ref-stablelm-base-alpha-3b-v2,member,https://wtmj.com/national/2022/05/07/jill-biden-hears-heartbreak-of-ukrainian-moms-now-in-romania-3/,-1.8725833767504738
ref-stablelm-base-alpha-3b-v2,member,https://tucson.com/sports/pac-12-hotline/pac-12-hotline-mailbag-wsu-and-osu-on-the-brink-ucla-s-compliance-with-ab/article_8e04f602-feeb-11ec-861c-c737c75d9cdb.html,-0.10007353985977341
ref-stablelm-base-alpha-3b-v2,member,https://www.abc10.com/article/life/bisexual-visibility-erasure-and-stigmas-pride-month-june-2022/65-4fefdf91-f5f1-43a7-b13f-e2eed5e64648,0.39137497504519914
ref-stablelm-base-alpha-3b-v2,member,https://www.kvue.com/article/entertainment/entertainment-tonight/jo-koy-addresses-chelsea-handler-split-says-the-love-is-still-there/603-29e7659b-720e-4a11-bac7-ba4665a25fa4,-0.17464593769894865
ref-stablelm-base-alpha-3b-v2,member,https://www.ksn.com/news/national-world/ap-international/kremlin-critic-navalny-says-hes-in-solitary-confinement/,-2.2980755310437955
ref-stablelm-base-alpha-3b-v2,member,https://www.kfyrtv.com/prnewswire/2022/06/01/nulogy-appoints-retail-technology-leader-rosemary-hua-board-directors/,-1.9846966286563663
ref-stablelm-base-alpha-3b-v2,member,https://wtmj.com/sports/2022/09/05/ohtani-trout-power-angels-to-10-0-win-over-tigers-2/,-1.0052637129657631
ref-stablelm-base-alpha-3b-v2,member,https://www.kenoshanews.com/death-notice/article_d8c452fc-2879-11ed-aa02-3b5b7a4e0fb2.html,-0.46853644182435206
ref-stablelm-base-alpha-3b-v2,member,https://www.unionleader.com/sports/nadal-calls-wimbledon-ban-on-russian-and-belarusian-players-unfair/article_370be346-6de2-54d0-a254-f699adf65f79.html,-1.3276822409442066
ref-stablelm-base-alpha-3b-v2,member,https://www.wibw.com/prnewswire/2022/06/27/realsee-helping-revive-tourism-win-new-business/,-2.6927442566168134
ref-stablelm-base-alpha-3b-v2,member,https://www.kold.com/2022/08/09/200-year-old-tree-explodes-because-oregon-heat-wave-expert-says/,-2.0521000935380522
ref-stablelm-base-alpha-3b-v2,member,https://www.wkyt.com/2022/08/15/purported-thief-leaves-flyers-asking-donations-stop-stealing/,-2.085349610738813
ref-stablelm-base-alpha-3b-v2,member,https://www.sfchronicle.com/news/article/Alert-Congo-s-military-blames-Rwanda-after-M23-17238656.php,1.1582059333676225
ref-stablelm-base-alpha-3b-v2,member,https://www.sfgate.com/weather/article/TX-WFO-HOUSTON-GALVESTON-Warnings-Watches-and-17396173.php,-1.5411353659076537
ref-stablelm-base-alpha-3b-v2,member,https://www.delawareonline.com/story/news/2022/06/10/gas-prices-have-breached-5-and-theyre-not-stopping-there/10003703002/,0.2841538610575234
ref-stablelm-base-alpha-3b-v2,member,https://www.latimes.com/food/newsletter/2022-07-24/cooking-cold-recipes-for-hot-weather-cooking-editorial,0.6229399731646135
ref-stablelm-base-alpha-3b-v2,member,https://www.wric.com/reviews/br/kitchen-br/microwaves-br/best-panasonic-microwave/,-1.668328048564935
ref-stablelm-base-alpha-3b-v2,member,https://www.dakotanewsnow.com/prnewswire/2022/07/18/nel-asa-receives-record-size-purchase-order-200-mw-alkaline-electrolyser-equipment/,-1.9827289061252285
ref-stablelm-base-alpha-3b-v2,member,https://www.ktre.com/prnewswire/2022/07/05/cupshe-collaborates-with-model-amp-body-positive-advocate-tabria-majors-first-plus-size-collection/,-0.6909133558343299
ref-stablelm-base-alpha-3b-v2,member,https://www.wvpublic.org/2022-07-30/marcus-jades-tiny-desk-contest-entry-legs-and-bones-speaks-to-his-resilience,-2.2735561704698406
ref-stablelm-base-alpha-3b-v2,member,https://www.wfmz.com/news/pr_newswire/pr_newswire_automotive/settlement-reached-with-occupant-safety-systems-manufacturer-in-price-fixing-class-action-lawsuit/article_1119d775-14ce-5c3c-8293-aa7bfd8df60c.html,-1.5295214161517208
ref-stablelm-base-alpha-3b-v2,member,https://www.latimes.com/entertainment-arts/movies/story/2022-06-10/bryce-dallas-howard-jurassic-world-dominion-star-wars,0.2444212768817997
ref-stablelm-base-alpha-3b-v2,member,https://www.wisn.com/article/jimmy-kimmel-joke-during-quinta-brunsons-emmy-acceptance-miffed-some-viewers-heres-what-happened/41184455,-0.9591252162385482
ref-stablelm-base-alpha-3b-v2,member,https://www.mrt.com/business/article/Sunrun-CEO-Powell-sees-need-for-more-rooftop-solar-17389114.php,-2.211318038543155
ref-stablelm-base-alpha-3b-v2,member,https://www.kgw.com/article/news/verify/government-verify/congress-not-exempt-from-irs-audits-fact-check/536-1586c78c-445a-491a-b0db-2a44345f7995,-1.7999523014526067
ref-stablelm-base-alpha-3b-v2,member,https://kion546.com/news/2022/06/09/european-central-bank-confirms-plans-for-first-rate-hike-in-11-years/,-0.03305760422649051
ref-stablelm-base-alpha-3b-v2,member,https://www.seattlepi.com/news/article/North-Carolina-ferries-hit-by-COVID-19-17194651.php,-1.5859157117319085
ref-stablelm-base-alpha-3b-v2,member,https://www.kmvt.com/prnewswire/2022/06/10/states-united-prevent-gun-violence-launches-psa-campaign/,-2.0139809896724112
ref-stablelm-base-alpha-3b-v2,member,https://wcfcourier.com/news/national/ap-news-summary-at-8-12-a-m-edt/article_df3f2387-6642-5d5d-b66b-1de8ebe186e0.html,-1.794172216000547
ref-stablelm-base-alpha-3b-v2,member,https://www.sfchronicle.com/entertainment/article/Director-Haggis-appears-in-Italy-court-amid-17257342.php,-1.6888492633386396
ref-stablelm-base-alpha-3b-v2,member,https://abc30.com/rare-disease-bacteria-in-usa-germs/12078822/,-1.837035872455706
ref-stablelm-base-alpha-3b-v2,member,https://www.yourbasin.com/health-2/ap-health/spain-leads-europe-in-monkeypox-struggles-to-check-spread/,-2.3194274818987792
ref-stablelm-base-alpha-3b-v2,member,https://cw33.com/news/international/ap-international/a-brief-history-of-the-rise-fall-of-sri-lankas-president/,-1.9565136523046645
ref-stablelm-base-alpha-3b-v2,member,https://www.kxii.com/prnewswire/2022/06/29/dropi-revives-1000-year-old-icelandic-tradition-cod-liver-oil-health/,-2.2045085607964605
ref-stablelm-base-alpha-3b-v2,member,https://www.fox43.com/article/travel/what-expect-labor-day-weekend-travels-harrisburg-interantional-airport-gas-prices/521-e543c9db-4cf5-4115-9332-de87a26bc6f3,0.10945021506710084
ref-stablelm-base-alpha-3b-v2,member,https://www.kgw.com/article/news/education/joey-harrington-foundation-oregon-future-leaders-scholarship/283-4e627e75-331a-4101-887f-79ee31b8c47f,0.26129175195021315
ref-stablelm-base-alpha-3b-v2,member,https://www.valleynewslive.com/prnewswire/2022/08/30/porsche-consulting-inc-appoints-gregor-harman-next-chief-executive-officer/,-1.503548337165113
ref-stablelm-base-alpha-3b-v2,member,https://www.dakotanewsnow.com/prnewswire/2022/09/06/protocol-test-system-approved-by-usb-if-usb-power-delivery-usb-type-c-usb-32-link-layer-compliance-testing/,-1.8467016982019206
ref-stablelm-base-alpha-3b-v2,member,https://www.wjhl.com/reviews/8-best-cedar-raised-garden-beds/,-1.9946712910839834
ref-stablelm-base-alpha-3b-v2,member,https://www.kfyrtv.com/prnewswire/2022/08/16/horatio-continues-expansion-opens-bigger-office-new-york-city/,-2.175627040358035
ref-stablelm-base-alpha-3b-v2,member,https://www.weau.com/prnewswire/2022/08/24/asieris-pharmaceuticals-688176sh-issued-2022-semi-annual-report-accelerated-global-clinical-development-progressive-implementation-its-integrated-diagnosis-treatment-commercialization-strategy/,-2.0621195243936143
ref-stablelm-base-alpha-3b-v2,member,https://www.eonline.com/news/1341765/back-to-school-fashion-trends?cmpid=rss-000000-rssfeed-365-topstories&utm_source=eonline&utm_medium=rssfeeds&utm_campaign=rss_topstories,0.6115780764473295
ref-stablelm-base-alpha-3b-v2,member,https://www.seattletimes.com/nation-world/world/us-navy-iran-have-tense-encounter-in-strait-of-hormuz/?utm_source=RSS&utm_medium=Referral&utm_campaign=RSS_nation-world,-2.0971998893536132
ref-stablelm-base-alpha-3b-v2,member,https://www.wafb.com/prnewswire/2022/08/25/west-michigan-international-opens-michigans-first-public-commercial-vehicle-charging-station/,-2.100365611825312
ref-stablelm-base-alpha-3b-v2,member,https://www.springfieldnewssun.com/nation-world/explainer-what-to-know-ahead-of-swedens-election-sunday/TNMIGWXLVVDVTMQYOZAKVZLSDM/,-2.0659545769062566
ref-stablelm-base-alpha-3b-v2,member,https://www.wistv.com/2022/04/06/mcmaster-weighs-war-crimes-ukraine-invasion/,-0.07580235189316609
ref-stablelm-base-alpha-3b-v2,member,https://www.weau.com/prnewswire/2022/07/15/pandamonium-tyga-rich-kid-las-vegas-august-13th/,-2.251835081534993
ref-stablelm-base-alpha-3b-v2,member,https://www.beaumontenterprise.com/news/article/More-than-1-million-voters-switch-to-GOP-in-17267385.php,-2.2557557325202544
ref-stablelm-base-alpha-3b-v2,member,https://www.wbay.com/prnewswire/2022/07/12/lendingtree-unveils-reimagined-customer-experience/,-1.8841965968234637
ref-stablelm-base-alpha-3b-v2,member,https://www.ourmidland.com/news/article/Police-report-describes-Vagos-bikers-ambush-by-17210792.php,-2.057339309670329
ref-stablelm-base-alpha-3b-v2,member,https://www.wfaa.com/article/news/local/texas/disney-hulu-netflix-owe-texas-cities-money-in-unpaid-fees/269-c084b97c-68ef-408b-851e-c2c34440509b,-0.6500567090363885
ref-stablelm-base-alpha-3b-v2,member,https://www.golfchannel.com/news/greg-norman-promises-defend-players-who-bolt-liv-serie,-0.4361783189550037
ref-stablelm-base-alpha-3b-v2,member,https://www.wbtv.com/prnewswire/2022/09/06/scte-cable-tec-expo-2022-general-session-unveiled/,-2.017210172123157
ref-stablelm-base-alpha-3b-v2,member,https://cw33.com/reviews/best-swinging-camping-chair/,-1.5914785549364299
ref-stablelm-base-alpha-3b-v2,member,https://www.koin.com/news/ap-top-headlines/revolutionary-high-court-term-on-abortion-guns-and-more/,-2.3974573600066553
ref-stablelm-base-alpha-3b-v2,member,https://www.cleveland19.com/prnewswire/2022/07/18/k11s-first-flagship-project-chinese-mainland-officially-named-k11-ecoast-creating-new-harbourfront-cultural-retail-destination-greater-bay-area/,-2.15610108947768
ref-stablelm-base-alpha-3b-v2,member,https://globegazette.com/snoopy/article_255b6f4d-459f-5224-bf72-d7978d83ba6b.html,0.1880334304834297
ref-stablelm-base-alpha-3b-v2,member,https://www.5newsonline.com/article/news/nation-world/warning-abortion-ruling-increase-extremist-violence-nationwide/507-cc149007-26bb-4d1a-8a88-aa905c3ff520,-2.2868517057935125
ref-stablelm-base-alpha-3b-v2,member,https://phl17.com/reviews/br/kitchen-br/tea-equipment-br/best-tea-organizer/,-1.609553143148662
ref-stablelm-base-alpha-3b-v2,member,https://www.csmonitor.com/World/Asia-South-Central/2022/0829/No-more-social-death-In-India-villages-urge-compassion-for-widows?icid=rss,0.33896168856770625
ref-stablelm-base-alpha-3b-v2,member,https://www.wfla.com/hill-politics/biden-white-house-officials-get-involved-in-railway-talks-in-bid-to-avert-strike/,-2.0659578406200603
ref-stablelm-base-alpha-3b-v2,member,https://www.cenlanow.com/national/here-are-the-14-gop-senators-who-voted-to-advance-gun-safety-bill/,-1.1834426328360907
ref-stablelm-base-alpha-3b-v2,member,https://www.sfgate.com/news/article/Female-CEO-s-pay-rose-26-in-2021-but-ranks-17200206.php,-1.992889359987269
ref-stablelm-base-alpha-3b-v2,member,https://www.sfgate.com/news/article/NYC-mayor-Investigate-Giuliani-for-false-slap-17272750.php,-1.927976620692642
ref-stablelm-base-alpha-3b-v2,member,https://www.albanyherald.com/features/health/public-health-leaders-blast-biden-administration-for-inadequate-monkeypox-response/article_e2846f48-f2a3-5f01-b5f5-2dad1b981896.html,-0.95722741701348
ref-stablelm-base-alpha-3b-v2,member,https://www.kold.com/prnewswire/2022/09/12/overview-honda-exhibits-28th-its-world-congress-2022/,-2.196132160168585
ref-stablelm-base-alpha-3b-v2,member,https://www.foxnews.com/us/maryland-resident-squatters-bedroom-belongings-sold,0.1500282094314076
ref-stablelm-base-alpha-3b-v2,member,https://www.arkansasonline.com/news/2022/jul/22/hot-springs-man-33-accused-of-beating-stepfather/,0.29461170488922916
ref-stablelm-base-alpha-3b-v2,member,https://cbs4indy.com/reviews/br/lawn-garden-br/lawn-care-br/the-best-lawn-aerators-2022/,-1.6259741289904024
ref-stablelm-base-alpha-3b-v2,member,https://www.washingtonpost.com/arts-entertainment/2022/07/21/baltimore-symphony-jonathon-heyward/,0.4333743276067672
ref-stablelm-base-alpha-3b-v2,member,https://www.kait8.com/prnewswire/2022/05/20/dewy-lab-testifies-rise-development-clean-beauty-china/,-2.139934300799061
ref-stablelm-base-alpha-3b-v2,member,https://www.wfaa.com/article/news/crime/dfw-teens-arrested-aggravated-robbery-may-connected-at-least-10/287-104a010c-e35c-4a9c-a8b1-74ec813973d1,0.2827118071855188
ref-stablelm-base-alpha-3b-v2,member,https://www.koin.com/news/ap-top-headlines/arizona-gop-primary-tests-power-of-trumps-election-lies/,-2.0843351444858436
ref-stablelm-base-alpha-3b-v2,member,https://www.yourbasin.com/reviews/br/camping-outdoors-br/seating-br/best-outdoor-stool/,-1.8066952446784896
ref-stablelm-base-alpha-3b-v2,member,https://www.mrt.com/news/article/Richmond-officials-approve-plan-to-hold-gun-17240475.php,-1.8027385491908134
ref-stablelm-base-alpha-3b-v2,member,https://www.wfmz.com/news/pr_newswire/pr_newswire_business/leviev-diamonds-netflix-tinder-swindler-stars-collaborate-on-diamond-bracelet-stronger-together/article_4273d77c-1521-5ad4-85fa-a80dfdb78b84.html,0.7922595555772523
ref-stablelm-base-alpha-3b-v2,member,https://www.wibw.com/prnewswire/2022/06/27/truist-announces-planned-dividend-increase-following-release-2022-ccar-results/,-1.2069502776135264
ref-stablelm-base-alpha-3b-v2,member,https://www.ourmidland.com/news/article/US-approves-massive-arms-sale-to-Saudi-UAE-to-17346572.php,-1.7342691628548157
ref-stablelm-base-alpha-3b-v2,member,https://www.wbtv.com/prnewswire/2022/06/23/goodness-growth-holdings-launches-hicolor-cannabis-chews-new-york/,-1.759740833558709
ref-stablelm-base-alpha-3b-v2,member,https://www.wflx.com/prnewswire/2022/06/27/natural-phenomenon-or-eight-legged-ad-pringles-logo-spotted-somewhere-very-unexpected/,-1.8250469439451684
ref-stablelm-base-alpha-3b-v2,member,https://www.ktre.com/prnewswire/2022/09/06/ceco-environmental-present-upcoming-24th-annual-hc-wainwright-global-investment-conference-lake-street-6th-annual-best-ideas-growth-conference/,-1.6783924593943365
ref-stablelm-base-alpha-3b-v2,member,https://www.seattlepi.com/weather/article/CA-WFO-LAS-VEGAS-Warnings-Watches-and-Advisories-17355308.php,-1.6046292188880091
ref-stablelm-base-alpha-3b-v2,member,https://www.sfgate.com/shopping/article/Under-the-Banner-of-Heaven-hulu-critical-acclaim-17127616.php,0.23510821658588865
ref-stablelm-base-alpha-3b-v2,member,https://www.wivb.com/entertainment-news/man-shot-dead-while-working-at-law-order-film-location/,-1.5547267390440724
ref-stablelm-base-alpha-3b-v2,member,https://www.mcall.com/news/pennsylvania/capitol-ideas/mc-nws-pa-distill-brew-bill-20220907-66n36o74uvckrda6mcpdxccffu-story.html,0.4050399298214886
ref-stablelm-base-alpha-3b-v2,member,https://www.springfieldnewssun.com/nation-world/democrat-alex-lasry-to-drop-out-of-wisconsin-senate-race/KMQYWWGZMVFQHMFSNJUWWJVPH4/,-1.3365770653418865
ref-stablelm-base-alpha-3b-v2,member,https://www.kfyrtv.com/2022/08/30/2-more-r-kelly-accusers-testify-trial-chicago/,-2.106849936788429
ref-stablelm-base-alpha-3b-v2,member,https://www.dailycamera.com/2022/07/12/nsf-funding-20m-cu-environmental-science-effort/,0.131342912742217
ref-stablelm-base-alpha-3b-v2,member,https://www.wsaz.com/prnewswire/2022/06/22/hihotels-by-hospitality-international-expands-inncentive-instant-rewards-program-offer-more-value-savings/,-1.5042246504530996
ref-stablelm-base-alpha-3b-v2,member,https://www.wsaz.com/prnewswire/2022/08/22/20th-annual-pay-it-forward-911-inspires-random-acts-kindness-11-days-kindness-amp-unity/,-2.179870592604037
ref-stablelm-base-alpha-3b-v2,member,https://www.wric.com/news/u-s-world/derogatory-native-american-term-officially-scrubbed-from-federal-use/,-2.1566459442765513
ref-stablelm-base-alpha-3b-v2,member,https://wtmj.com/ap-news/2022/05/19/canada-bans-chinas-huawei-technologies-from-5g-networks-6/,-1.8795170241284997
ref-stablelm-base-alpha-3b-v2,member,https://www.ijpr.org/npr-news/2022-05-10/biden-names-combating-inflation-and-rising-costs-as-his-top-domestic-priority,-2.0339807473985996
ref-stablelm-base-alpha-3b-v2,member,https://www.kbtx.com/prnewswire/2022/06/29/glass-higgins-abraham-17-appointed-arcadia-university-board-trustees/,-0.8073345355980577
ref-stablelm-base-alpha-3b-v2,member,https://www.kalb.com/prnewswire/2022/07/05/wright-floods-kelly-nugent-promoted-senior-vice-president-sales-marketing/,-0.6397809569558954
ref-stablelm-base-alpha-3b-v2,member,https://www.wtvr.com/news/local-news/metro-richmond-gas-averages-rise,0.05676509043253919
ref-stablelm-base-alpha-3b-v2,member,https://phl17.com/news/international/ap-international/iran-us-eu-to-send-envoys-to-vienna-for-nuclear-talks/,-1.9970319442616544
ref-stablelm-base-alpha-3b-v2,member,https://www.sfchronicle.com/news/article/EXPLAINER-Can-Europe-live-without-Russian-17316966.php,-2.2999315309071506
ref-stablelm-base-alpha-3b-v2,member,https://www.cenlanow.com/sports/ap-source-browns-work-out-qbs-while-awaiting-watson-ruling/,-1.6385552509439734
ref-stablelm-base-alpha-3b-v2,member,https://fox59.com/sports/ap-sports/65000-tickets-sold-in-24-hours-for-england-us-womens-game/,-1.723203947895109
ref-stablelm-base-alpha-3b-v2,member,https://www.wdtn.com/news/u-s-world/ap-international/gabon-and-togo-admitted-into-commonwealth-group-of-nations/,-2.086222352146203
ref-stablelm-base-alpha-3b-v2,member,https://phl17.com/national-news/1on1-chris-trevino-on-usc-ucla-joining-the-big-ten/,0.23077099488460417
ref-stablelm-base-alpha-3b-v2,nonmember,https://www.valleynewslive.com/prnewswire/2022/09/15/guild-guardians-teams-up-with-biggest-names-esports-bring-web3-gaming-millions/,-2.0485266875958907
ref-stablelm-base-alpha-3b-v2,nonmember,https://www.kalb.com/prnewswire/2022/08/15/daewoong-pharmaceutical-announces-us-fda-clearance-ind-application-dwp213388-first-in-class-irreversible-oral-dual-acting-inhibitor-autoimmune-diseases/,-1.6049726493262875
ref-stablelm-base-alpha-3b-v2,nonmember,https://www.kxii.com/prnewswire/2022/08/11/florida-southern-college-doctor-nursing-practice-students-present-capstone-projects/,-1.7187759860822394
ref-stablelm-base-alpha-3b-v2,nonmember,https://www.weau.com/prnewswire/2022/06/08/new-office-model-ushering-reduced-carbon-improved-circularity/,-1.740853864593869
ref-stablelm-base-alpha-3b-v2,nonmember,https://wcfcourier.com/news/local/education/uni-interpreters-theatre-opening-fall-season-with-roses-are-red/article_8d54ba24-9622-5889-b40a-02bad07a8ee5.html,0.3660668703297869
ref-stablelm-base-alpha-3b-v2,nonmember,https://kion546.com/cnn-other/2022/06/08/atlanta-passenger-cleared-security-with-bag-that-may-have-held-a-gun-official-says-2/,-0.12743298191554686
ref-stablelm-base-alpha-3b-v2,nonmember,https://www.mynews13.com/fl/orlando/ap-online/2022/08/24/utah-sues-biden-over-move-to-restore-2-national-monuments,-2.1599979201740003
ref-stablelm-base-alpha-3b-v2,nonmember,https://www.wric.com/news/u-s-world/why-bidens-bet-on-a-rapid-economic-rebound-may-have-backfired/,-2.368066537582826
ref-stablelm-base-alpha-3b-v2,nonmember,https://www.seattlepi.com/business/article/Business-Highlights-Wall-Street-rally-17264378.php,-1.9712196478998947
ref-stablelm-base-alpha-3b-v2,nonmember,https://www.apr.org/2008-07-13/small-town-murder-in-sarah-graves-eastport,0.5244546427130117
ref-stablelm-base-alpha-3b-v2,nonmember,https://www.kold.com/prnewswire/2022/06/10/sony-electronics-introduces-two-new-car-av-receivers/,-1.9491814772018239
ref-stablelm-base-alpha-3b-v2,nonmember,https://www.arkansasonline.com/news/2022/jun/02/this-weeks-professional-golf-tournaments/,0.4421944079741884
ref-stablelm-base-alpha-3b-v2,nonmember,https://www.beaumontenterprise.com/news/article/Magnified-sunlight-Texas-wildfire-Possum-Kingdom-17338230.php,0.07141248240336173
ref-stablelm-base-alpha-3b-v2,nonmember,https://www.dakotanewsnow.com/prnewswire/2022/06/09/honor-discusses-future-mobile-imaging-counterpoint-research-webinar/,-2.1401878136439514
ref-stablelm-base-alpha-3b-v2,nonmember,https://www.12news.com/article/news/crime/derek-chauvin-transferred-from-state-to-federal-prison-facility/89-7a3459e4-0f90-4176-b395-861d8a2ab8fb,-0.07887177528241351
ref-stablelm-base-alpha-3b-v2,nonmember,https://www.kold.com/prnewswire/2022/08/04/tampa-general-hospitals-vice-president-innovation-chosen-among-top-leaders-keeping-american-health-care-cutting-edge/,-1.9772375613629403
ref-stablelm-base-alpha-3b-v2,nonmember,https://www.kalb.com/2022/05/31/us-consumer-confidence-slips-may-amid-stubborn-inflation/,-1.7876011986803755
ref-stablelm-base-alpha-3b-v2,nonmember,https://www.seattletimes.com/sports/seahawks/wanted-wentz-expected-to-stabilize-commanders-qb-situation/?utm_source=RSS&utm_medium=Referral&utm_campaign=RSS_all,-2.143561960182066
ref-stablelm-base-alpha-3b-v2,nonmember,https://www.shreveporttimes.com/story/news/local/2022/06/10/meet-barksdales-new-b-52-squadron-commander-first-woman-air-force/7482387001/,0.3632699140230584
ref-stablelm-base-alpha-3b-v2,nonmember,https://www.kbzk.com/news/national/olympian-survives-michigan-plane-crash-with-husband-niece-and-puppy,-0.7640515628819751
ref-stablelm-base-alpha-3b-v2,nonmember,https://www.seattlepi.com/news/article/Slain-man-wounded-officer-identified-in-Vegas-17436782.php,-2.0290503110676807
ref-stablelm-base-alpha-3b-v2,nonmember,https://www.wistv.com/prnewswire/2022/06/28/inventhelp-presents-adjustable-comfort-pillow-sdb-1633/,-1.4804506033208036
ref-stablelm-base-alpha-3b-v2,nonmember,https://www.wibw.com/prnewswire/2022/07/18/prime-therapeutics-intervention-pilot-opioid-users-improves-outcomes/,-2.012616988555654
ref-stablelm-base-alpha-3b-v2,nonmember,https://www.eonline.com/ca/news/1331877/pauline-chalamet-s-morning-routine-includes-not-looking-at-her-phone-until-noon,0.23677354216016333
ref-stablelm-base-alpha-3b-v2,nonmember,https://www.wkyt.com/prnewswire/2022/05/17/kellogg-company-announces-scholarship-program-develop-local-talent/,-1.5924098455034077
ref-stablelm-base-alpha-3b-v2,nonmember,https://journalstar.com/entertainment/music/the-third-times-a-charm----michael-feinstein-finally-playing-lied-after-two/article_99b97c5b-224c-5210-a881-3e731b45ea50.html,0.2374272442883587
ref-stablelm-base-alpha-3b-v2,nonmember,https://www.kait8.com/prnewswire/2022/09/09/readworks-rolls-out-back-to-school-features-making-it-easier-teachers-integrate-online-reading-tools-into-every-classroom/,-2.443087488355439
ref-stablelm-base-alpha-3b-v2,nonmember,https://www.wbrc.com/prnewswire/2022/07/11/national-survey-finds-most-engaged-couples-are-interested-eloping-this-year/,-1.9447516849107944
ref-stablelm-base-alpha-3b-v2,nonmember,https://www.springfieldnewssun.com/nation-world/stafford-rams-hold-off-falcons-for-31-27-victory/6SRZUXOFDNE5DK2XX6KSQBK7HI/,-0.4398942369012362
ref-stablelm-base-alpha-3b-v2,nonmember,https://www.nbcnewyork.com/news/national-international/jury-awards-21m-to-family-of-pregnant-teen-shot-by-police/3750131/,-1.9702134672691722
ref-stablelm-base-alpha-3b-v2,nonmember,https://www.fox35orlando.com/news/8-injured-after-flight-hits-severe-turbulence-over-florida-officials-say,-1.0670798250086695
ref-stablelm-base-alpha-3b-v2,nonmember,https://cw33.com/news/u-s-news/ap-us-headlines/we-build-the-wall-trial-ends-in-mistrial-jury-deadlocked/,-2.3257821784098884
ref-stablelm-base-alpha-3b-v2,nonmember,https://www.ktre.com/prnewswire/2022/06/16/june-is-national-safety-month-sabre-launches-three-new-personal-safety-defense-products-summer-activities/,-2.1365692391380717
ref-stablelm-base-alpha-3b-v2,nonmember,https://www.beaumontenterprise.com/news/article/Oregon-botched-drug-treatment-plan-tied-to-17215993.php,-2.295528848087397
ref-stablelm-base-alpha-3b-v2,nonmember,https://www.wbay.com/prnewswire/2022/06/02/ambri-announces-its-innovation-hub-expanding-manufacturing-capacity-with-new-facility-massachusetts-major-milestone-its-commercialization/,-2.0527216715550956
ref-stablelm-base-alpha-3b-v2,nonmember,https://www.kait8.com/prnewswire/2022/06/29/epson-signs-advanced-motion-amp-controls-distributor-ontario-region/,-1.7965558517588336
ref-stablelm-base-alpha-3b-v2,nonmember,https://www.kxxv.com/news/national/std-sti-cases-rise-yearly-so-why-isnt-the-u-s-making-any-progress,-1.4378443982020932
ref-stablelm-base-alpha-3b-v2,nonmember,https://www.kbtx.com/2022/07/07/ohio-water-tower-gets-sweet-new-design/,-1.9226771571837853
ref-stablelm-base-alpha-3b-v2,nonmember,https://www.kxii.com/prnewswire/2022/07/01/alithya-closes-acquisition-datum/,-1.9717608183590403
ref-stablelm-base-alpha-3b-v2,nonmember,https://www.tdtnews.com/news/central_texas_news/article_f8035d68-1508-11ed-ac8c-23e71de96907.html,-0.0783263704016206
ref-stablelm-base-alpha-3b-v2,nonmember,https://www.wsaz.com/prnewswire/2022/08/01/omni-fiber-announces-first-wave-ohio-markets-be-served-with-new-100-fiber-network/,-1.492908359958315
ref-stablelm-base-alpha-3b-v2,nonmember,https://www.ourmidland.com/news/article/Germany-Pressure-grows-on-Scholz-over-tax-scam-17366272.php,-2.0265535194951196
ref-stablelm-base-alpha-3b-v2,nonmember,https://www.wlfi.com/news/new-vendors-new-event-director-for-2022-taste-of-tippecanoe/article_3097713a-eb58-11ec-a009-6f48b13f2a29.html,0.29963115084042835
ref-stablelm-base-alpha-3b-v2,nonmember,https://www.wsaz.com/prnewswire/2022/07/21/miro-named-2022-gartner-peer-insights-customers-choice-meeting-solutions/,-1.7944358757383616
ref-stablelm-base-alpha-3b-v2,nonmember,https://www.wsls.com/news/2022/08/28/francis-praises-humility-of-13th-century-pope-who-resigned/,-2.183487720561265
ref-stablelm-base-alpha-3b-v2,nonmember,https://www.abc15.com/news/national/scotland-becomes-first-country-to-make-period-products-free-of-charge,-1.4521459961424488
ref-stablelm-base-alpha-3b-v2,nonmember,https://www.foxnews.com/entertainment/pete-seeger-folk-singer-activist-gets-stamp,-1.4273377822544058
ref-stablelm-base-alpha-3b-v2,nonmember,https://www.kalb.com/2022/07/20/parents-charged-after-3-kids-found-living-without-food-running-water/,-1.9169996721100024
ref-stablelm-base-alpha-3b-v2,nonmember,https://www.wnem.com/2022/06/22/gop-lawmakers-poised-end-special-session-abortion-ban/,-1.6588850805567057
ref-stablelm-base-alpha-3b-v2,nonmember,https://www.wane.com/news/building-in-nigerias-commercial-hub-collapses-5-dead/,-1.8981305357996183
ref-stablelm-base-alpha-3b-v2,nonmember,https://phl17.com/news/international/ap-international/armed-man-demanding-savings-holds-beirut-bank-staff-hostage/,-2.0733424582754196
ref-stablelm-base-alpha-3b-v2,nonmember,https://www.arkansasonline.com/news/2022/may/30/rockabilly-pioneer-and-arkansas-native-ronnie/,0.6430547823577997
ref-stablelm-base-alpha-3b-v2,nonmember,https://www.foxnews.com/politics/senate-ratifies-sweden-finland-bid-to-join-nato-amid-russias-war-ukraine,-0.05728736667321854
ref-stablelm-base-alpha-3b-v2,nonmember,https://www.capitalgazette.com/maryland/cc-covid-update-20220818-tk5zgztfxfg6xa5gwbs7rrht2a-story.html,-0.07205551731622606
ref-stablelm-base-alpha-3b-v2,nonmember,https://www.kfyrtv.com/prnewswire/2022/07/07/scenthound-announces-key-hires-executive-team-support-infrastructure-continued-growth/,-1.948480876879435
ref-stablelm-base-alpha-3b-v2,nonmember,https://www.mysuncoast.com/prnewswire/2022/08/03/carolinas-agcs-betsy-bailey-honored-government-relations-lobbying-efforts/,-1.810321040229288
ref-stablelm-base-alpha-3b-v2,nonmember,https://www.lcsun-news.com/story/news/education/nmsu/2022/07/30/hunt-scholarship-boosts-successful-outcomes-for-more-dacc-students/65386527007/,0.39916884536028885
ref-stablelm-base-alpha-3b-v2,nonmember,https://www.mrt.com/weather/article/TX-WFO-MIDLAND-ODESSA-Warnings-Watches-and-17423075.php,-1.279166381588393
ref-stablelm-base-alpha-3b-v2,nonmember,https://www.sfchronicle.com/news/article/Bad-Kitty-German-town-grounds-cats-to-save-rare-17180769.php,-2.212817710951835
ref-stablelm-base-alpha-3b-v2,nonmember,https://www.wfaa.com/article/news/crime/gonzalo-lopez-search-update-five-dead-leon-county-home/285-48082e85-a854-4750-bd72-1eba99c7d64d,-1.119771980368372
ref-stablelm-base-alpha-3b-v2,nonmember,https://www.wptv.com/news/national/biden-tests-negative-for-covid-19-ahead-of-planned-kentucky-visit-second-negative-test-pending,-1.1204531554291735
ref-stablelm-base-alpha-3b-v2,nonmember,https://www.kark.com/mlb/padres-chase-sweep-in-low-scoring-series-vs-d-backs/,-0.29590204619737315
ref-stablelm-base-alpha-3b-v2,nonmember,https://www.wbrc.com/prnewswire/2022/06/20/pitchbook-collision-unveil-fifth-venture-investor-survey-2022-conference/,-1.4802203960016223
ref-stablelm-base-alpha-3b-v2,nonmember,https://cw33.com/reviews/br/home-br/cleaning-tools-supplies-br/best-feather-duster/,-1.628233793704006
ref-stablelm-base-alpha-3b-v2,nonmember,https://www.kcbx.org/npr-top-news/npr-top-news/2022-08-24/trump-has-raised-millions-he-may-run-in-2024-so-where-will-all-that-money-go,-2.0379762025672554
ref-stablelm-base-alpha-3b-v2,nonmember,https://blackchronicle.com/matt-ryan-could-become-first-qb-in-nfl-history-to-lose-to-all-32-teams-and-heres-how-it-could-happen-in-2022/,-0.4035919115982045
ref-stablelm-base-alpha-3b-v2,nonmember,https://www.twincities.com/2022/08/15/thao-kueng-say-they-rejected-plea-deal-in-george-floyd-killing/,-1.4092420335533753
ref-stablelm-base-alpha-3b-v2,nonmember,https://www.wearegreenbay.com/international/ap-international/china-calls-covid-lab-leak-theory-a-lie-after-who-report/,-2.1401707047118865
ref-stablelm-base-alpha-3b-v2,nonmember,https://www.kbtx.com/prnewswire/2022/07/13/scripps-report-second-quarter-2022-operating-results-aug-5/,-1.5463382099333447
ref-stablelm-base-alpha-3b-v2,nonmember,https://www.wibw.com/2022/07/07/gas-prices-double-edged-sword-hurts-drivers-helps-climate/,-2.1984358236355526
ref-stablelm-base-alpha-3b-v2,nonmember,https://www.wearegreenbay.com/news/national/relatives-worry-mourn-in-wake-of-elementary-school-shooting/,-2.3255584993734257
ref-stablelm-base-alpha-3b-v2,nonmember,https://www.sfgate.com/weather/article/WA-Spokane-WA-Zone-Forecast-17124064.php,-0.5192088546843072
ref-stablelm-base-alpha-3b-v2,nonmember,https://www.wfmz.com/news/pr_newswire/pr_newswire_new_jersey/abused-inmates-of-new-jerseys-womens-prison-allege-new-jersey-department-of-corrections-failed-to/article_423d7cbf-bced-5a1e-a11f-fe1d5be8099f.html,-1.0145870732323272
ref-stablelm-base-alpha-3b-v2,nonmember,https://www.valleynewslive.com/prnewswire/2022/07/18/blitz-motors-announcing-strategic-deal-sell-400-smart-e-mopeds-its-franchisee-south-africa/,-0.8553780152743273
ref-stablelm-base-alpha-3b-v2,nonmember,https://www.wowktv.com/sports/verstappen-edges-alonso-to-win-pole-for-canadian-grand-prix/,-2.054408674522012
ref-stablelm-base-alpha-3b-v2,nonmember,https://www.twincities.com/2022/07/30/baltimore-born-boxer-hasim-rahman-jr-s-fight-with-jake-paul-off-because-of-weight-issue/,-0.5730898000884164
ref-stablelm-base-alpha-3b-v2,nonmember,https://www.latimes.com/california/story/2022-08-03/fatal-shooting-near-valley-indoor-swap-meet-in-panorama-city,0.11299982284762389
ref-stablelm-base-alpha-3b-v2,nonmember,https://www.wbtv.com/prnewswire/2022/07/13/manning-amp-napier-inc-report-second-quarter-results-announces-june-30-2022-assets-under-management/,-1.3526625575971565
ref-stablelm-base-alpha-3b-v2,nonmember,https://www.kxii.com/prnewswire/2022/09/14/i-80-gold-recipient-four-nevada-mining-association-safety-awards/,-1.4376231386027387
ref-stablelm-base-alpha-3b-v2,nonmember,https://www.wbrc.com/prnewswire/2022/06/23/fda-denies-authorization-market-juul-products/,-1.8216852208274614
ref-stablelm-base-alpha-3b-v2,nonmember,https://www.wrtv.com/news/national/publix-supermarkets-not-offering-covid-vaccine-to-young-kids,-1.794479381669874
ref-stablelm-base-alpha-3b-v2,nonmember,https://www.mysuncoast.com/2022/08/14/police-man-killed-himself-after-ramming-us-capitol-barrier/,-1.7822873806966502
ref-stablelm-base-alpha-3b-v2,nonmember,https://wgntv.com/news/highland-park-parade-shooting/highland-park-shooting-suspect-to-appear-in-bond-court-wednesday/,-1.7892097963074325
ref-stablelm-base-alpha-3b-v2,nonmember,https://www.wymt.com/prnewswire/2022/08/11/mdu-resources-declares-quarterly-dividend-common-stock/,-1.2649920580193608
ref-stablelm-base-alpha-3b-v2,nonmember,https://www.bostonglobe.com/2022/08/07/sports/joohyung-kim-20-shoots-61-claim-wyndham-championship/,-1.4604409234358462
ref-stablelm-base-alpha-3b-v2,nonmember,https://www.krqe.com/news/washington-dc/house-leaders-optimistic-for-senate-bipartisan-gun-reform-bill/,-1.8023014535776478
ref-stablelm-base-alpha-3b-v2,nonmember,https://www.sfchronicle.com/news/article/Police-ID-woman-two-daughters-slain-in-western-17213053.php,-1.8523545146026603
ref-stablelm-base-alpha-3b-v2,nonmember,https://www.localsyr.com/sports/sports-news/bruins-back-home-beat-hurricanes-5-2-to-force-7th-game/,-1.6842554283151565
ref-stablelm-base-alpha-3b-v2,nonmember,https://www.binghamtonhomepage.com/news/international/ap-explainer-what-to-know-ahead-of-swedens-election-sunday/,-2.0766771077869994
ref-stablelm-base-alpha-3b-v2,nonmember,https://www.kait8.com/prnewswire/2022/09/07/kodiak-sciences-present-2022-morgan-stanley-healthcare-conference/,-1.468311079737111
ref-stablelm-base-alpha-3b-v2,nonmember,https://www.wfmz.com/news/pr_newswire/pr_newswire_business/big3-partners-with-vyre-network-to-stream-select-2022-games-live/article_3387ec0d-5a6e-575c-aec9-9e3eb8c44e18.html,-2.2106478436885237
ref-stablelm-base-alpha-3b-v2,nonmember,https://www.cleveland19.com/prnewswire/2022/06/28/robocorp-releases-survey-results-identifying-benefits-challenges-rpa/,-1.2294595344748775
ref-stablelm-base-alpha-3b-v2,nonmember,https://www.foxnews.com/world/uk-reliant-china-medical-supplies-report,0.2315117375832978
ref-stablelm-base-alpha-3b-v2,nonmember,https://phl17.com/reviews/br/lawn-garden-br/lawn-care-br/lawn-alternatives-to-help-your-yard-thrive-this-summer-no-matter-the-climate/,-1.7537718244440947
ref-stablelm-base-alpha-3b-v2,nonmember,https://www.seattletimes.com/nation-world/world/explainer-why-rwanda-and-congo-are-sliding-toward-war-again/?utm_source=RSS&utm_medium=Referral&utm_campaign=RSS_world,-2.0044865770575147
ref-stablelm-base-alpha-3b-v2,nonmember,https://www.fox16.com/reviews/br/bed-bath-br/toilets-toilet-seats-br/best-bidet-attachments/,-1.7332344020708326
ref-stablelm-base-alpha-3b-v2,nonmember,https://www.wkyt.com/prnewswire/2022/09/01/freeport-village-station-celebrates-grand-opening-newly-expanded-lindt-chocolate-amp-new-lindt-chocolate-bar/,-1.605624617831608
ref-stablelm-base-alpha-3b-v2,nonmember,https://www.cleveland19.com/prnewswire/2022/07/01/cpgtoolbox-psignite-merge-bring-clients-completely-reimagined-fully-integrated-rgm-suite/,-2.285945742151417
ref-stablelm-base-alpha-3b-v2,nonmember,https://www.1011now.com/2022/06/22/armed-wig-wearing-couple-accused-robbing-circle-k-stations-arizona/,-1.672585966564072
ref-stablelm-base-alpha-3b-v2,nonmember,https://www.wkyt.com/prnewswire/2022/07/14/china-liberal-education-holdings-limited-completes-acquisition-oriental-wisdom-cultural-development-co-ltd/,-1.7748558339580396
ref-stablelm-base-alpha-3b-v2,nonmember,https://www.sfgate.com/news/article/Pope-Francis-meets-transgender-guests-of-Rome-17366363.php,-2.155815514513149
ref-stablelm-base-alpha-3b-v2,nonmember,https://www.beaumontenterprise.com/news/article/Italy-opens-humanitarian-corridor-for-300-Afghan-17326954.php,-2.056549858820399
ref-stablelm-base-alpha-3b-v2,nonmember,https://www.cleveland19.com/prnewswire/2022/08/04/bright-scholar-announces-unaudited-financial-results-third-fiscal-quarter-fiscal-2022/,-1.0879006911585927
ref-stablelm-base-alpha-3b-v2,nonmember,https://www.abcactionnews.com/news/national/uvalde-little-league-plays-on-after-mass-school-shooting,-1.5296322184948594
ref-stablelm-base-alpha-3b-v2,nonmember,https://www.fox13news.com/news/us-companies-hurdles-covering-abortion-travel-costs-roe-v-wade-overturned,-1.9352729595484597
ref-stablelm-base-alpha-3b-v2,nonmember,https://wgntv.com/news/nexstar-media-wire/deputy-police-chief-showed-up-at-florida-prostitution-sting-with-180-pack-of-white-claw-sheriff-says/,-1.8213794355677746
ref-stablelm-base-alpha-3b-v2,nonmember,https://phl17.com/business/ap-business/greedflation-is-price-gouging-helping-fuel-high-inflation/,-2.201036821368728
ref-stablelm-base-alpha-3b-v2,nonmember,https://www.krqe.com/sports/mlb-baseball/orioles-look-to-replicate-success-against-rangers/,-0.7636005744341278
ref-stablelm-base-alpha-3b-v2,nonmember,https://www.foxnews.com/us/former-massachusetts-corrections-officer-arrested-1988-slaying-11-year-old-girl,-0.16867836562615435
ref-stablelm-base-alpha-3b-v2,nonmember,https://www.kwch.com/2022/09/11/george-w-bush-part-mlbs-911-anniversary-tribute/,-1.9821683533326622
ref-stablelm-base-alpha-3b-v2,nonmember,https://www.1011now.com/prnewswire/2022/07/18/what-ophthalmologists-want-you-know-about-kids-concussion/,-1.3766403681249428
ref-stablelm-base-alpha-3b-v2,nonmember,https://www.wmur.com/article/more-than-100-classified-trump-docs-recovered-during-mar-a-lago-search-earlier-this-year/40969914,-2.011739749208896
ref-stablelm-base-alpha-3b-v2,nonmember,https://www.wcjb.com/prnewswire/2022/08/29/viva-biotech-announced-2022-interim-results/,-2.0404284974620954
ref-stablelm-base-alpha-3b-v2,nonmember,https://www.valleynewslive.com/prnewswire/2022/08/08/angry-orchard-hard-cider-kicks-off-fall-season-with-new-hardcore-8-abv-imperial-cider/,-1.59115724150853
ref-stablelm-base-alpha-3b-v2,nonmember,https://www.thv11.com/article/news/local/father-daughter-doctors-perform-heart-surgery-together/63-be1dc9e2-af7f-4610-8543-00eb0b268357,0.23583911215366005
ref-stablelm-base-alpha-3b-v2,nonmember,https://www.wbtv.com/prnewswire/2022/06/27/companies-that-prioritize-suppliers-procurement-can-weather-todays-crises-win-tomorrows-postpandemic-opportunities-says-new-book-bcg/,-1.7801058319846432
ref-stablelm-base-alpha-3b-v2,nonmember,https://www.sfchronicle.com/sports/article/Popp-powers-Germany-past-France-into-Euro-2022-17333897.php,-1.9240245830067995
ref-stablelm-base-alpha-3b-v2,nonmember,https://www.wcjb.com/prnewswire/2022/09/01/balance-money-launches-its-new-digital-banking-service-built-help-users-organize-their-money-provide-peace-mind/,-1.8233721100042461
ref-stablelm-base-alpha-3b-v2,nonmember,https://www.sfgate.com/sports/article/Flying-museum-to-honor-Maradona-ahead-of-World-Cup-17201391.php,-1.8912462978612523
ref-stablelm-base-alpha-3b-v2,nonmember,https://www.krqe.com/sports/mlb-baseball/guardians-look-to-maintain-momentum-vs-red-sox/,0.005201978448446276
ref-stablelm-base-alpha-3b-v2,nonmember,https://www.wafb.com/prnewswire/2022/06/15/partners-capital-appoints-new-public-equities-sustainable-investing-heads/,-1.3993039428944953
ref-stablelm-base-alpha-3b-v2,nonmember,https://www.wcjb.com/prnewswire/2022/07/14/us-private-investor-buys-enerdel-inc/,-1.8394060633250429
ref-stablelm-base-alpha-3b-v2,nonmember,https://www.wafb.com/prnewswire/2022/07/18/orvana-reports-49-quarterly-production-increase-promising-drill-intercepts-ortosa-west-orovalle-spain/,-1.8986703404464886
ref-stablelm-base-alpha-3b-v2,nonmember,https://www.kmvt.com/2022/08/17/man-accused-security-breach-causing-airport-chaos-couldnt-wait-flight-police-say/,-1.8798347480919029
ref-stablelm-base-alpha-3b-v2,nonmember,https://www.wkyt.com/prnewswire/2022/08/10/heather-schimmel-joins-tandym-group-chief-operations-officer/,-1.7525276485609917
ref-stablelm-base-alpha-3b-v2,nonmember,https://www.sfchronicle.com/weather/article/CA-Sacramento-CA-Zone-Forecast-17324257.php,-0.570901126870693
ref-stablelm-base-alpha-3b-v2,nonmember,https://www.kait8.com/prnewswire/2022/06/15/procare-solutions-marcopolo-learning-partner-deliver-award-winning-digital-learning-videos-educational-resources-child-care-centers/,-1.8523733551187311
ref-stablelm-base-alpha-3b-v2,nonmember,https://kion546.com/news/2022/08/31/california-lawmakers-rejecting-new-firearms-tax-for-2nd-year/,-1.8173236783755318
ref-stablelm-base-alpha-3b-v2,nonmember,https://www.mrt.com/entertainment/article/Lukas-Dhont-s-tender-boyhood-drama-Close-stirs-17203422.php,-1.7061755029374601
ref-stablelm-base-alpha-3b-v2,nonmember,https://www.wivb.com/news/business/crypto-meltdown-prompts-yellen-to-call-for-new-regulation/,-2.3385691599384346
ref-stablelm-base-alpha-3b-v2,nonmember,https://www.wcjb.com/2022/05/09/hip-be-smart-jeopardy-savors-run-super-champions/,-2.219956313544233
ref-stablelm-base-alpha-3b-v2,nonmember,https://www.wvpublic.org/2022-08-08/lord-of-the-flies-with-teen-girls-yellowjackets-actor-leans-into-the-role,-2.0235224090234762
ref-stablelm-base-alpha-3b-v2,nonmember,https://www.ktre.com/prnewswire/2022/07/12/passport-announces-david-field-head-strategic-accounts/,-2.0368431102359654
ref-stablelm-base-alpha-3b-v2,nonmember,https://www.wane.com/news/shooting-at-dutch-home-for-the-disabled-kills-2-wounds-2/,-1.896299926925184
ref-stablelm-base-alpha-3b-v2,nonmember,https://www.beaumontenterprise.com/living/article/Stylish-green-available-Antique-furniture-is-17211921.php,-2.5112466094979577
ref-stablelm-base-alpha-3b-v2,nonmember,https://www.wlbt.com/prnewswire/2022/08/25/frigo-cheese-heads-launches-new-we-are-all-cheese-heads-campaign-celebrate-fuel-tweens-individuality/,-1.827686830561024
ref-stablelm-base-alpha-3b-v2,nonmember,https://www.theadvocate.com/baton_rouge/news/article_61af2528-d54c-11ec-8040-7b2d7b1072a6.html,0.4515888357193587
ref-stablelm-base-alpha-3b-v2,nonmember,https://www.wdtn.com/news/politics/ap-politics/manchin-declines-to-say-if-he-wants-dems-to-retain-control/,-2.0948441958946566
ref-stablelm-base-alpha-3b-v2,nonmember,https://www.kxnet.com/sports/ap-soccer-resuming-in-britain-after-pause-due-to-queens-death/,-1.6710998435094973
ref-stablelm-base-alpha-3b-v2,nonmember,https://www.mrt.com/news/local/article/Gas-price-increase-in-Midland-was-second-largest-17133692.php,0.2970794578187157
ref-stablelm-base-alpha-3b-v2,nonmember,https://www.kswo.com/prnewswire/2022/07/20/cgtn-beyond-tianshan-mountains-xinjiang-is-land-wonders/,-2.1456049422759698
ref-stablelm-base-alpha-3b-v2,nonmember,https://www.nwitimes.com/news/jerry-davich-is-your-child-worth-310-605-as-a-father-of-four-i-could/article_8aebebbb-75a4-5958-947d-a11bd26a10d0.html,0.530076534169321
ref-stablelm-base-alpha-3b-v2,nonmember,https://www.ktvb.com/article/entertainment/entertainment-tonight/megan-fox-stands-out-in-eye-catching-neon-green-outfit-at-machine-gun-kellys-concert/603-5f6b62bc-7e82-4556-beef-1235990f45ea,-0.3553572003825516
ref-stablelm-base-alpha-3b-v2,nonmember,https://www.kbtx.com/2022/08/12/trump-calls-immediate-release-mar-a-lago-warrant/,-2.1192528867791753
ref-stablelm-base-alpha-3b-v2,nonmember,https://www.wsgw.com/1-dead-after-coast-guard-ship-collides-with-fishing-boat-near-puerto-rico/,-0.2844377793000057
ref-stablelm-base-alpha-3b-v2,nonmember,https://www.mysuncoast.com/prnewswire/2022/06/01/cmp-pharma-inc-announces-that-norliqva-first-only-fda-approved-liquid-solution-amlodipine-is-now-available/,-1.3902305380687796
ref-stablelm-base-alpha-3b-v2,nonmember,https://www.sfchronicle.com/sports/article/Phils-star-Harper-back-Friday-2-months-after-17398507.php,-1.7994786371247948
ref-stablelm-base-alpha-3b-v2,nonmember,https://www.kxnet.com/entertainment-news/ap-entertainment/russian-journalist-sells-nobel-prize-for-ukrainian-children/,-2.045773443645388
ref-stablelm-base-alpha-3b-v2,nonmember,https://www.beaumontenterprise.com/news/article/Gulf-Coast-vacation-best-beaches-se-Texas-17154743.php,0.47719961593821525
ref-stablelm-base-alpha-3b-v2,nonmember,https://www.kswo.com/prnewswire/2022/08/02/skeletal-remains-found-mass-revolutionary-war-battlefield-grave/,-2.066926655315649
ref-stablelm-base-alpha-3b-v2,nonmember,https://www.texomashomepage.com/reviews/br/home-br/decor-br/best-black-and-white-throw-blanket/,-1.6494927067882361
ref-stablelm-base-alpha-3b-v2,nonmember,https://www.yourbasin.com/sports/manfred-says-rays-as-need-new-ballpark-deals-soon/,-2.1838560884706126
ref-stablelm-base-alpha-3b-v2,nonmember,https://www.wistv.com/prnewswire/2022/08/29/ideaya-announces-achievement-first-milestone-ongoing-collaboration-with-gsk-potential-first-in-class-pol-theta-helicase-inhibitor-development-candidate/,-1.3605164895204531
ref-stablelm-base-alpha-3b-v2,nonmember,https://www.kalb.com/prnewswire/2022/06/30/criminal-justice-reforms-passed-with-unanimous-bipartisan-support-go-into-effect-florida/,-1.9973944835481308
ref-stablelm-base-alpha-3b-v2,nonmember,https://www.ksby.com/news/local-news/central-coast-businesses-struggle-to-bring-on-new-staff-despite-nationwide-job-growth,0.30799611224529233
ref-stablelm-base-alpha-3b-v2,nonmember,https://www.yourcentralvalley.com/sports/will-smith-max-muncy-drive-dodgers-past-padres-again-8-3/,-1.686354684196968
ref-stablelm-base-alpha-3b-v2,nonmember,https://www.wbrc.com/2022/06/29/former-alabama-us-attorney-reacts-president-bidens-new-gun-reform-laws/,0.02868230690113016
ref-stablelm-base-alpha-3b-v2,nonmember,https://www.idahopress.com/townnews/fleet/body-of-missing-man-found-at-lucky-peak/article_72d75c68-24ba-11ed-9a44-3f3b16505eda.html,-0.10015720234902958
ref-stablelm-base-alpha-3b-v2,nonmember,https://www.foxnews.com/media/cattle-mutilations-stump-law-enforcement-ranchers-the-greatest-unsolved-serial-crime-spree-in-history,0.6179161272880731
ref-stablelm-base-alpha-3b-v2,nonmember,https://www.kalb.com/prnewswire/2022/06/29/collplant-advances-its-3d-bioprinted-regenerative-breast-implants-into-porcine-study/,-1.131486882028875
ref-stablelm-base-alpha-3b-v2,nonmember,https://www.kark.com/news/arkansas-soccer-earns-no-8-ranking-usc-preseason-poll/,0.15010866990048122
ref-stablelm-base-alpha-3b-v2,nonmember,https://www.kalb.com/prnewswire/2022/06/02/direxion-changes-index-financial-transportation-leveraged-etfs/,-1.5739283787763994
ref-stablelm-base-alpha-3b-v2,nonmember,https://www.kron4.com/news/world/ap-international/congo-to-reassess-un-force-after-36-killed-in-protests/,-1.7871829169444948
ref-stablelm-base-alpha-3b-v2,nonmember,https://www.binghamtonhomepage.com/sports/ap-sargent-pepi-ferreira-on-us-roster-for-world-cup-warmups/,-1.774988780316592
ref-stablelm-base-alpha-3b-v2,nonmember,https://www.kold.com/prnewswire/2022/06/29/walker-amp-dunlop-completes-sale-richwood-texas-apartments/,-1.7830915404489445
ref-stablelm-base-alpha-3b-v2,nonmember,https://www.king5.com/article/news/local/port-orchard-man-ar-15-gun-texas-shooting/281-9c53ab55-62f2-4790-844e-e703ecbe030c,0.3159157440694593
ref-stablelm-base-alpha-3b-v2,nonmember,https://www.annistonstar.com/sports/high_school/prep-baseball-roundup-haney-slugs-two-homer-in-donoho-victory/article_f3ee33b2-b6f6-11ec-b442-b3796fb84f77.html,0.19910242950145607
ref-stablelm-base-alpha-3b-v2,nonmember,https://www.wtae.com/article/us-retail-sales-were-flat-in-july/40918234,-1.9958254947675467
ref-stablelm-base-alpha-3b-v2,nonmember,https://www.kxii.com/prnewswire/2022/08/11/opportunity-zone-redevelopment-areas-continue-track-nationwide-home-price-increases-second-quarter/,-1.9359287349930805
ref-stablelm-base-alpha-3b-v2,nonmember,https://www.binghamtonhomepage.com/news/politics/us-aims-to-leverage-russia-ukraine-bloc-against-china/,-1.7883776051906746
ref-stablelm-base-alpha-3b-v2,nonmember,https://www.1011now.com/2022/04/12/murder-charge-over-self-induced-abortion-dismissed-texas/,-1.9803390768065414
ref-stablelm-base-alpha-3b-v2,nonmember,https://phl17.com/national-news/noah-baumbachs-white-noise-to-open-new-york-film-festival/,-1.553905173419923
ref-stablelm-base-alpha-3b-v2,nonmember,https://www.al.com/motorsports/2022/08/bubba-wallace-signs-contract-extension-with-23xi-racing-weve-come-a-long-way-together.html,-1.0890306054057413
ref-stablelm-base-alpha-3b-v2,nonmember,https://www.pahomepage.com/sports/ap-online-bets-surge-as-nfl-kicks-off-indicating-a-busy-year/,-2.0347295664888585
ref-stablelm-base-alpha-3b-v2,nonmember,https://wausaupilotandreview.com/2022/06/17/governor-evers-announces-new-rustic-road-guide-featuring-123-routes/,0.28683724014153134
ref-stablelm-base-alpha-3b-v2,nonmember,https://www.wflx.com/2022/05/10/st-lucie-school-board-decide-millage-tax-november-ballot/,0.1968336729939848
ref-stablelm-base-alpha-3b-v2,nonmember,https://www.wistv.com/2022/05/18/its-twins-again-couple-welcomes-3rd-set-twins-2-years/,-0.9278935796084176
ref-stablelm-base-alpha-3b-v2,nonmember,https://www.wfmz.com/news/pr_newswire/pr_newswire_technology/the-worldwide-optical-communication-and-networking-equipment-industry-is-expected-to-reach-36-6-billion/article_43baa884-342d-5c68-99ac-327634efa662.html,0.13244287161355017
ref-stablelm-base-alpha-3b-v2,nonmember,https://www.kswo.com/prnewswire/2022/08/04/winston-salem-weaver-fire-air-quality-worse-than-reported-by-agencies/,-2.181345373799506
ref-stablelm-base-alpha-3b-v2,nonmember,https://www.eonline.com/ca/news/1336564/todd-chrisley-shares-update-on-family-life-after-verdict,0.06673618244203183
ref-stablelm-base-alpha-3b-v2,nonmember,https://www.ijpr.org/npr-news/2022-05-20/judge-rules-that-pandemic-border-restrictions-must-continue-a-win-for-gop-led-states,-1.7769328022207358
ref-stablelm-base-alpha-3b-v2,nonmember,https://www.kold.com/prnewswire/2022/04/12/adge-pharmaceuticals-advances-its-rare-disease-programs-attends-ascend-2022-rett-syndrome-national-summit/,-1.710624029467012
ref-stablelm-base-alpha-3b-v2,nonmember,https://www.weau.com/prnewswire/2022/05/31/mitchell-resnick-lead-walker-amp-dunlops-newly-formed-investment-management-amp-proprietary-capital-group/,-1.847736163976209
ref-stablelm-base-alpha-3b-v2,nonmember,https://www.mynews13.com/fl/orlando/ap-online/2022/08/11/ukraine-wants-donors-to-give-more-money-to-stop-russia,-1.8367320308907076
ref-stablelm-base-alpha-3b-v2,nonmember,https://www.wearegreenbay.com/technology/ap-technology/ap-internet-service-providers-drop-challenge-of-privacy-law/,-1.9962790718797305
ref-stablelm-base-alpha-3b-v2,nonmember,https://www.washingtonpost.com/sports/mlb/mccarthy-helps-diamondbacks-beat-sliding-white-sox-10-5/2022/08/27/066576d6-267d-11ed-a72f-1e7149072fbc_story.html,-0.45016285058202765
ref-stablelm-base-alpha-3b-v2,nonmember,https://cbs4indy.com/news/national-world/good-samaritan-praised-for-actions-in-indiana-mall-shooting/,-1.772199013835449
ref-stablelm-base-alpha-3b-v2,nonmember,https://www.wbay.com/prnewswire/2022/06/10/ronn-torossian-joins-judging-committee-2022-international-business-awards/,-1.4591075396864641
ref-stablelm-base-alpha-3b-v2,nonmember,https://www.springfieldnewssun.com/news/fountain-on-main-owner-at-a-loss-after-leases-cancellation/7C2BW4IROVDGJCP4SKX357JSSQ/,0.14036467488863336
ref-stablelm-base-alpha-3b-v2,nonmember,https://www.santafenewmexican.com/news/local_news/lujan-grisham-attacks-ronchetti-on-police-sound-bite-in-new-ad/article_621763be-129f-11ed-8d52-ab32a53a50e1.html,0.18417743562904776
ref-stablelm-base-alpha-3b-v2,nonmember,https://www.ourmidland.com/news/article/Colorado-Democrats-call-for-new-national-monument-17400304.php,-2.059083974439594
ref-stablelm-base-alpha-3b-v2,nonmember,https://www.kmvt.com/prnewswire/2022/07/28/alithya-signs-up-c108-million-digital-transformation-contracts-with-quebec-government-agency/,-1.5028267347581634
ref-stablelm-base-alpha-3b-v2,nonmember,https://www.wdiy.org/2011-06-21/sachal-vasandani-a-nice-indian-kid-learns-to-sing-jazz,0.3139513044744384
ref-stablelm-base-alpha-3b-v2,nonmember,https://www.mrt.com/news/article/Man-charged-with-attempted-murder-in-shooting-of-17370187.php,-2.0039354163734298
ref-stablelm-base-alpha-3b-v2,nonmember,https://www.kfyrtv.com/prnewswire/2022/07/13/360factors-expands-executive-team-with-key-new-hire/,-1.9142580610888476
ref-stablelm-base-alpha-3b-v2,nonmember,https://www.sfgate.com/news/article/UN-chief-Military-activity-at-Ukraine-nuke-plant-17367035.php,-1.8825477798034416
ref-stablelm-base-alpha-3b-v2,nonmember,https://www.cnet.com/tech/services-and-software/why-spider-man-no-way-home-isnt-streaming-but-doctor-strange-is/,0.44001252208154273
ref-stablelm-base-alpha-3b-v2,nonmember,https://www.fox35orlando.com/news/msp-airport-mock-airplane-cabin-travel-anxiety,0.29765837578588883
ref-stablelm-base-alpha-3b-v2,nonmember,https://www.kait8.com/2022/06/08/migration-gets-top-billing-biden-hosts-hemisphere-leaders/,-2.251585696982463
ref-stablelm-base-alpha-3b-v2,nonmember,https://www.kmvt.com/prnewswire/2022/06/30/change-number-shares-votes-boliden/,-1.3600456889750068
ref-stablelm-base-alpha-3b-v2,nonmember,https://www.seattlepi.com/news/article/Escaped-North-Dakota-inmate-arrested-in-South-17290244.php,-1.67134390061684
ref-stablelm-base-alpha-3b-v2,nonmember,https://www.cenlanow.com/national/truck-carrying-highly-flammable-material-catches-fire-on-ohio-turnpike-video-shows/,-1.817758149921132
ref-stablelm-base-alpha-3b-v2,nonmember,https://www.wibw.com/prnewswire/2022/08/01/centerspace-reports-second-quarter-2022-financial-results/,-1.271729554380646
ref-stablelm-base-alpha-3b-v2,nonmember,https://www.conchovalleyhomepage.com/news/texas/woman-in-need-of-kidney-death-row-inmate-could-save-my-life/,-2.1751198606713973
ref-stablelm-base-alpha-3b-v2,nonmember,https://www.wibw.com/2022/08/18/cute-miniature-horse-born-without-use-rear-legs-takes-off-running-new-wheelchair/,-1.9540961515000115
ref-stablelm-base-alpha-3b-v2,nonmember,https://www.wistv.com/2022/06/07/infants-among-22-worshippers-killed-nigeria-church-attack/,-2.0159428845769796
ref-stablelm-base-alpha-3b-v2,nonmember,https://www.kcbx.org/2022-06-04/marvels-first-muslim-superhero-to-headline-a-comic-makes-her-mcu-debut,-1.9320379955911218
ref-stablelm-base-alpha-3b-v2,nonmember,https://www.al.com/opinion/2022/07/guest-opinion-finally-despite-the-complaining-space-command-heads-to-alabama.html,0.40875501840319917
ref-stablelm-base-alpha-3b-v2,nonmember,https://www.wfmz.com/news/pr_newswire/pr_newswire_stocks/ashford-trust-sets-second-quarter-earnings-release-and-conference-call-dates/article_75264033-d163-54e6-b8c6-7e63ffddb1c1.html,-0.6881797997372864
ref-stablelm-base-alpha-3b-v2,nonmember,https://www.wtvr.com/news/national/uk-parliament-summons-elon-musk-to-discuss-twitter-purchase,-1.893134481266923
ref-stablelm-base-alpha-3b-v2,nonmember,https://www.wflx.com/prnewswire/2022/07/25/pacaso-announces-government-advisory-board/,-1.4584373023182027
ref-stablelm-base-alpha-3b-v2,nonmember,https://www.kgun9.com/news/national/child-dies-from-suspected-case-of-brain-eating-amoeba,-0.14260962698741642
ref-stablelm-base-alpha-3b-v2,nonmember,https://www.cnet.com/tech/mobile/apple-watch-pro-rumored-to-feature-bigger-display-body-temperature-sensor/,-0.07433301645601698
ref-stablelm-base-alpha-3b-v2,nonmember,https://www.kmvt.com/prnewswire/2022/05/24/computex-2022-returns-in-person-with-virtual-physical-exhibition/,-2.089517251997099
ref-stablelm-base-alpha-3b-v2,nonmember,https://www.wric.com/news/u-s-world/jon-stewart-to-receive-mark-twain-prize-for-american-humor/,-1.9315388583846294
ref-stablelm-base-alpha-3b-v2,nonmember,https://www.wfla.com/news/politics/ap-politics/senate-tees-up-vote-on-bill-to-aid-vets-exposed-to-burn-pits/,-2.0967592819729424
ref-stablelm-base-alpha-3b-v2,nonmember,https://www.wistv.com/prnewswire/2022/08/23/hatback-bar-amp-grille-steelheads-alley-celebrate-grand-opening/,-2.0776088892241824
ref-stablelm-base-alpha-3b-v2,nonmember,https://www.mlive.com/tigers/2022/08/our-favorite-photos-from-the-detroit-tigers-matchup-with-the-tampa-bay-rays.html,-0.11843862363598046
ref-stablelm-base-alpha-3b-v2,nonmember,https://www.washingtonpost.com/politics/2022/05/31/mccarthy-letter-jan-6/,0.34897693931084683
ref-stablelm-base-alpha-3b-v2,nonmember,https://www.ksby.com/news/local-news/a-look-back-at-queen-elizabeths-trip-to-santa-barbara,0.18299922038468042
ref-stablelm-base-alpha-3b-v2,nonmember,https://www.wfla.com/news/national/investigative-journalist-found-stabbed-to-death-outside-his-home/,0.014370951821276012
ref-stablelm-base-alpha-3b-v2,nonmember,https://www.wtvr.com/news/local-news/hanover-cafeteria-manager-inducted-into-school-lunch-hall-of-fame,0.36068198001167184
ref-stablelm-base-alpha-3b-v2,nonmember,https://www.kfyrtv.com/prnewswire/2022/06/29/vymo-publishes-kaleidoscope-book-digital-workforce-transformation-insurance-companies/,-1.82014156837421
ref-stablelm-base-alpha-3b-v2,nonmember,https://www.foxnews.com/media/biden-covid-diagnosis-msnbc-cnn-abc-float-new-mask-restrictions-tout-boosters,0.04003490454717662
ref-stablelm-base-alpha-3b-v2,nonmember,https://www.sfgate.com/news/article/EU-Schengen-travel-restrictions-badly-checked-17238279.php,-1.8679073387758773
ref-stablelm-base-alpha-3b-v2,nonmember,https://www.myarklamiss.com/reviews/br/sports-fitness-br/football-br/best-under-armour-football-gloves/,-1.5987103124225435
ref-stablelm-base-alpha-3b-v2,nonmember,https://www.abc10.com/article/news/nation-world/allyson-felix-comes-out-of-retirement-for-final-race/507-6c6ec10c-b1d4-4f8e-b016-c24c4f3f2fda,-2.159958379130823
ref-stablelm-base-alpha-3b-v2,nonmember,https://www.phillytrib.com/news/across_america/embattled-rep-john-thompson-defends-conduct-in-traffic-stop/article_dc268e79-6cb2-5a99-aa94-2a32b9c475ac.html,-1.8032235845976237
ref-stablelm-base-alpha-3b-v2,nonmember,https://www.kwch.com/2022/07/02/family-loses-home-fire-amid-tornado-rebuild-dont-know-if-we-can-do-it-again/,-1.8179074334534084
ref-stablelm-base-alpha-3b-v2,nonmember,https://www.valleynewslive.com/prnewswire/2022/08/11/pacific-production-services-reels-growth-investment-arena-investors-lp/,-2.105647066765264
ref-stablelm-base-alpha-3b-v2,nonmember,https://www.wistv.com/prnewswire/2022/05/11/mdu-resources-declares-quarterly-dividend-common-stock/,-1.2060886498534358
ref-stablelm-base-alpha-3b-v2,nonmember,https://www.wrtv.com/news/national/u-s-adds-372-000-jobs-in-june-as-job-market-remains-strong,-1.8084451291308288
ref-stablelm-base-alpha-3b-v2,nonmember,https://www.conchovalleyhomepage.com/sports/ap-sports/santanas-homer-rallies-mariners-for-4-3-win-over-yankees/,-1.8922456433631447
ref-stablelm-base-alpha-3b-v2,nonmember,https://www.foxnews.com/media/denver-district-attorney-liberal-prosecutors-rising-crime,0.13902900053877598
ref-stablelm-base-alpha-3b-v2,nonmember,https://www.springfieldnewssun.com/nation-world/blaney-truex-eyeing-playoff-spot-on-sunday-at-richmond/T6KAR62ZFBAJZLR42RZSG4LMOY/,-1.9396243774430497
ref-stablelm-base-alpha-3b-v2,nonmember,https://www.wric.com/entertainment-news/jury-finds-man-guilty-of-murder-of-rapper-nipsey-hussle/,-2.0191401778894837
ref-stablelm-base-alpha-3b-v2,nonmember,https://www.kfyrtv.com/prnewswire/2022/07/07/schwazze-debuts-star-buds-brand-evolution-with-remodel-star-buds-aurora-colorado/,-1.7840118734658073
ref-stablelm-base-alpha-3b-v2,nonmember,https://bismarcktribune.com/weather/jun-11-2022-evening-weather-update-for-bismarck/article_d1f9f0ad-4445-56c3-9882-af8b98204e4f.html,-1.6318385172256287
ref-stablelm-base-alpha-3b-v2,nonmember,https://www.cnet.com/culture/entertainment/wwe-founder-ceo-vince-mcmahon-retires-what-you-need-to-know/,0.33376861829379134
ref-stablelm-base-alpha-3b-v2,nonmember,https://www.kbzk.com/news/fire-watch/moose-fire-determined-to-be-human-caused,-0.5754393662861244
ref-stablelm-base-alpha-3b-v2,nonmember,https://www.kron4.com/news/world/ap-international/iran-media-revolutionary-guard-accuses-diplomats-of-spying/,-2.3254133429665984
ref-stablelm-base-alpha-3b-v2,nonmember,https://www.sfchronicle.com/news/article/Cars-hit-pack-of-wild-boars-in-Greece-2-killed-17298826.php,-1.6671483128008673
ref-stablelm-base-alpha-3b-v2,nonmember,https://www.valleynewslive.com/prnewswire/2022/04/14/biohaven-real-world-study-highlights-increased-healthcare-utilization-among-americans-with-episodic-migraine-having-higher-levels-migraine-related-disability/,-1.4016534554914133
ref-stablelm-base-alpha-3b-v2,nonmember,https://www.ourmidland.com/sports/article/Houston-Team-Stax-17259917.php,1.1950230977777374
ref-stablelm-base-alpha-3b-v2,nonmember,https://www.kxlf.com/news/national/seattle-teachers-still-on-strike-as-classes-canceled-monday,-2.0571620901533993
ref-stablelm-base-alpha-3b-v2,nonmember,https://www.kait8.com/2022/06/22/bono-mayor-honored-with-leadership-award/,0.25239668230276413
ref-stablelm-base-alpha-3b-v2,nonmember,https://www.apr.org/business-education/2006-08-24/deep-fried-fuel-a-biodiesel-kitchen-vision,0.6003346451067006
ref-stablelm-base-alpha-3b-v2,nonmember,https://www.1011now.com/prnewswire/2022/07/14/zymo-researchs-dnarna-shield-inactivates-monkeypox-collection-transportation-samples/,-1.95852877905542
ref-stablelm-base-alpha-3b-v2,nonmember,https://www.kait8.com/prnewswire/2022/09/16/this-week-transportation-news-10-stories-you-need-see/,-2.203767089519085
ref-stablelm-base-alpha-3b-v2,nonmember,https://www.11alive.com/article/life/food/chickfila-top-customer-service-ranking-8th-year/101-a365663e-1a6d-4891-ad08-0b01a5a8f02a,-0.35116574463666517
ref-stablelm-base-alpha-3b-v2,nonmember,https://wtmj.com/sports/2022/07/14/ntsb-dad-not-boy-was-driving-truck-that-hit-golfers-van-5/,-1.7956317455575728
ref-stablelm-base-alpha-3b-v2,nonmember,https://www.newswest9.com/article/news/verify/money-verify/no-government-program-free-solar-panels/536-b8a67f1d-8ea3-43dd-8b3e-46c26aa8f6e1,-1.6776241924883106
ref-stablelm-base-alpha-3b-v2,nonmember,https://www.fox35orlando.com/news/rising-sea-levels-to-flood-nearly-650000-oceanfront-properties-across-us-by-2050-study-finds,0.14704626053966363
ref-stablelm-base-alpha-3b-v2,nonmember,https://www.wric.com/washington-dc/bittersweet-biden-signs-bill-for-veterans-exposed-to-toxic-burn-pits/,-2.2529171294522
ref-stablelm-base-alpha-3b-v2,nonmember,https://wtmj.com/entertainment/2022/06/24/stars-turn-out-for-diors-19000-blooms-at-paris-show-3/,-2.847977531473566
ref-stablelm-base-alpha-3b-v2,nonmember,https://www.seattletimes.com/nation-world/nation/6-french-tourists-on-plane-that-crashed-into-lake-killing-2/?utm_source=RSS&utm_medium=Referral&utm_campaign=RSS_all,-1.794464100249197
ref-stablelm-base-alpha-3b-v2,nonmember,https://www.kait8.com/prnewswire/2022/07/05/mako-mining-provides-update-one-year-anniversary-since-declaring-commercial-production/,-1.9591828021320405
ref-stablelm-base-alpha-3b-v2,nonmember,https://www.wibw.com/prnewswire/2022/08/01/non-tapered-catheter-success-critical-limb-ischemia-pedal-artery-access/,-2.2469222147552026
ref-stablelm-base-alpha-3b-v2,nonmember,https://www.binghamtonhomepage.com/news/local-news/organization-teams-with-local-barber-shops-to-provide-free-back-to-school-haircuts/,0.2413958378331449
ref-stablelm-base-alpha-3b-v2,nonmember,https://cbs4indy.com/news/chris-cuomos-new-podcast-among-apples-top-shows/,-2.0021279567633226
ref-stablelm-base-alpha-3b-v2,nonmember,https://www.bostonherald.com/2022/07/15/orioles-mock-draft-roundup-for-unpredictable-club-theres-a-clear-top-choice-for-no-1-overall-pick/,0.05851131277506694
ref-stablelm-base-alpha-3b-v2,nonmember,https://www.wfmz.com/news/pr_newswire/pr_newswire_entertainment/rbmedia-signs-audiobook-deal-with-award-winning-author-and-tiktok-star-alex-aster/article_e3fe6a4c-6e6e-52ad-a6e6-3a3c341a5fe3.html,0.4522570273169304
ref-stablelm-base-alpha-3b-v2,nonmember,https://www.kwch.com/2022/07/08/thousands-expected-participate-womens-march-abortion-access/,-1.5662121796701094
ref-stablelm-base-alpha-3b-v2,nonmember,https://www.wfla.com/news/pinellas-county/move-over-or-pay-up-officers-enforce-the-move-over-law-in-pinellas-county/,0.31712337398173496
ref-stablelm-base-alpha-3b-v2,nonmember,https://www.wsaz.com/prnewswire/2022/08/01/inventhelp-develops-lawnmower-debris-collector-poo-426/,-1.6254378449850855
ref-stablelm-base-alpha-3b-v2,nonmember,https://www.conchovalleyhomepage.com/health-2/ap-health/flash-floods-strand-1k-people-in-death-valley-national-park/,-2.0464633190450847
ref-stablelm-base-alpha-3b-v2,nonmember,https://www.wistv.com/prnewswire/2022/08/01/hcsc-expand-medicare-offerings-11m-more-seniors-150-new-counties/,-1.7828800772997655
ref-stablelm-base-alpha-3b-v2,nonmember,https://www.abc15.com/news/national/amazon-rite-aid-cap-purchase-of-emergency-contraceptives,-2.014750932449394
ref-stablelm-base-alpha-3b-v2,nonmember,https://www.mysuncoast.com/prnewswire/2022/08/18/china-automotive-systems-announces-annual-meeting-august-26-2022/,-0.9598123030256606
ref-stablelm-base-alpha-3b-v2,nonmember,https://www.localsyr.com/sports/sports-news/degrominant-degrom-dominates-again-as-mets-edge-phils-1-0/,-1.5098072234170496
ref-stablelm-base-alpha-3b-v2,nonmember,https://www.wlbt.com/prnewswire/2022/08/15/singlepoint-clarifies-earlier-release-concerning-frontline-power-solutions-multi-state-licensed-energy-services-company/,-1.8169683355994126
ref-stablelm-base-alpha-3b-v2,nonmember,https://www.al.com/palabra/2022/05/can-border-patrols-pattern-of-mistreating-migrants-without-recourse-be-reversed.html,0.216833692669002
ref-stablelm-base-alpha-3b-v2,nonmember,https://www.pahomepage.com/news/business/ap-business/japans-honda-sees-declining-profits-on-semiconductor-crunch/,-2.0127509877242273
ref-stablelm-base-alpha-3b-v2,nonmember,https://www.valleynewslive.com/prnewswire/2022/07/21/bingx-introduces-futures-grid-trading-energise-traders-crypto-winter/,-2.454392178143145
ref-stablelm-base-alpha-3b-v2,nonmember,https://www.kmvt.com/prnewswire/2022/08/10/theres-better-way-detect-high-risk-medications-older-adults-with-cancer-according-new-study-jnccn/,-1.8328803151928053
ref-stablelm-base-alpha-3b-v2,nonmember,https://www.wbrc.com/prnewswire/2022/08/04/dover-increases-dividend/,-1.371561915892235
ref-stablelm-base-alpha-3b-v2,nonmember,https://www.mrt.com/news/article/Falling-object-from-airplane-nearly-hits-Maine-17374995.php,-2.4795820958099117
ref-stablelm-base-alpha-3b-v2,nonmember,https://www.wric.com/news/northern-virginia/police-in-search-of-two-suspects-after-woodbridge-dealership-break-in/,0.20318531994940825
ref-stablelm-base-alpha-3b-v2,nonmember,https://fox59.com/news/indynews/nasa-hopes-to-attract-aliens-with-messages-including-naked-images-of-humans/,0.33527606009426725
ref-stablelm-base-alpha-3b-v2,nonmember,https://www.djournal.com/obituaries/djournal/oswalt-donald-ray/article_7f48976f-702a-5d10-a12b-794f801d4690.html,-0.7138871155772248
ref-stablelm-base-alpha-3b-v2,nonmember,https://warm1069.com/post-malone-claims-man-suing-him-over-circles-deleted-critical-evidence-doctored-texts/,0.041836360143046925
ref-stablelm-base-alpha-3b-v2,nonmember,https://www.cnet.com/health/medical/monkeypox-rash-may-not-be-so-obvious-according-to-the-cdc/,0.24901722112809277
ref-stablelm-base-alpha-3b-v2,nonmember,https://www.kunm.org/npr-news/npr-news/2022-07-17/nearly-400-officers-were-in-uvalde-before-the-gunman-was-killed-a-new-report-finds,-2.208169630046591
ref-stablelm-base-alpha-3b-v2,nonmember,https://www.kait8.com/prnewswire/2022/07/15/xinhua-silk-road-shanghai-remains-3rd-place-isc20-ranking-2022-xinhua-baltic-report/,-2.1785791654163384
ref-stablelm-base-alpha-3b-v2,nonmember,https://www.wweek.com/culture/2022/07/13/theres-a-casual-magic-to-portland-parks-recreation-outdoor-screenings/,0.48692393087170993
ref-stablelm-base-alpha-3b-v2,nonmember,https://www.wkyt.com/prnewswire/2022/08/26/her-majesty-queen-rania-jordan-announced-co-chair-kering-foundations-first-ever-caring-women-dinner/,-1.9242487156306733
ref-stablelm-base-alpha-3b-v2,nonmember,https://www.kswo.com/prnewswire/2022/05/20/escoffier-designated-great-place-work-certified-company-third-consecutive-year/,-1.7932879971060955
ref-stablelm-base-alpha-3b-v2,nonmember,https://www.sfgate.com/business/article/Gates-Foundation-women-s-tennis-partnering-on-17292248.php,-2.2502753835384706
ref-stablelm-base-alpha-3b-v2,nonmember,https://www.kens5.com/article/news/local/tiktok-injured-richmond-indiana-officer-seara-burton-fiancee-sierra-neal-wedding/531-3d683eec-b521-4bc3-aa17-0fa80f6fe0ca,-0.35017826242673666
ref-stablelm-base-alpha-3b-v2,nonmember,https://www.wdtn.com/news/ap-top-headlines/ap-judge-jury-can-see-swastikas-school-shooter-drew-in-class/,-2.3368270179537545
ref-stablelm-base-alpha-3b-v2,nonmember,https://www.lehighvalleylive.com/advice/2022/05/dear-abby-friendship-evaporates-amidst-shoplifting-and-shortchanging.html,-1.6292910569596633
ref-stablelm-base-alpha-3b-v2,nonmember,https://www.mcall.com/news/nation-world/ct-aud-nw-george-floyd-cop-20220518-qtvmntxbnfdttevzcw72m7ucwq-story.html,-1.5003448270447193
ref-stablelm-base-alpha-3b-v2,nonmember,https://www.wagmtv.com/prnewswire/2022/06/07/audi-teams-up-with-three-michelin-star-restaurant-noma-global-nonprofit-mad-spark-conversations-around-sustainability/,-1.9090719872457924
ref-stablelm-base-alpha-3b-v2,nonmember,https://www.wbay.com/prnewswire/2022/06/27/neptune-report-fourth-quarter-fiscal-2022-financial-results-june-29-2022/,-1.0362431911862935
ref-stablelm-base-alpha-3b-v2,nonmember,https://www.kait8.com/prnewswire/2022/09/13/embedded-finance-transaction-value-more-than-double-7-trillion-us-by-2026-financial-institutions-must-move-quickly-keep-up-bain-amp-company-bain-capital-report/,-2.081031108933836
ref-stablelm-base-alpha-3b-v2,nonmember,https://www.cenlanow.com/entertainment-news/ap-tom-ford-closes-fashion-week-with-big-hair-miles-of-sparkle/,-2.8698290645344255
ref-stablelm-base-alpha-3b-v2,nonmember,https://www.wbtv.com/2022/06/02/records-show-coordinated-arizona-ballot-collection-scheme/,-2.2442527233083953
ref-stablelm-base-alpha-3b-v2,nonmember,https://www.seattletimes.com/business/ukrainians-flee-grim-life-in-russian-occupied-kherson/?utm_source=RSS&utm_medium=Referral&utm_campaign=RSS_all,-2.2334642439116217
ref-stablelm-base-alpha-3b-v2,nonmember,https://www.sfgate.com/sports/article/World-Golf-Ranking-17195702.php,0.9578576663663187
ref-stablelm-base-alpha-3b-v2,nonmember,https://www.wruf.com/headlines/2022/05/11/miami-heat-remain-perfect-at-home-take-3-2-series-lead-over-76ers/,0.06750941059301874
ref-stablelm-base-alpha-3b-v2,nonmember,https://www.kvue.com/article/entertainment/entertainment-tonight/shawn-mendes-postpones-shows-to-take-care-of-his-mental-health-ive-hit-a-breaking-point/603-c0597d92-d2de-4c98-88a6-b99ad07958cc,-1.4549645325575185
ref-stablelm-base-alpha-3b-v2,nonmember,https://www.wane.com/news/business/ap-business/spacex-reported-to-fire-employees-critical-of-ceo-elon-musk/,-2.2557669416604975
ref-stablelm-base-alpha-3b-v2,nonmember,https://www.wptv.com/news/national/virginia-governor-seeks-new-transgender-student-policies,-2.1209317985617164
ref-stablelm-base-alpha-3b-v2,nonmember,https://www.sfchronicle.com/sports/article/Howard-blanks-Morehouse-College-31-0-in-New-York-17449234.php,-1.6003161283723473
ref-stablelm-base-alpha-3b-v2,nonmember,https://www.gjsentinel.com/gjrealestateweekly/ask-dave/article_0e3d466a-f886-11ec-a3a7-e3aef030b190.html,0.5947337577683949
ref-stablelm-base-alpha-3b-v2,nonmember,https://www.ourmidland.com/news/article/Ukraine-graft-concerns-resurface-as-Russia-war-17316307.php,-2.0899212720440095
ref-stablelm-base-alpha-3b-v2,nonmember,https://www.timesleader.com/wire/nation-world/1562982/harris-emerges-as-top-abortion-voice-warns-of-more-fallout,-2.2413171037887714
ref-stablelm-base-alpha-3b-v2,nonmember,https://www.nprillinois.org/2022-07-31/this-fish-evolved-to-walk-on-land-then-said-nope-and-went-back-to-the-water,-1.7919926863137743
ref-stablelm-base-alpha-3b-v2,nonmember,https://who13.com/sports/ap-sports/ap-texas-techs-ramirez-carted-off-at-no-16-nc-state/,-1.8105141867047372
ref-stablelm-base-alpha-3b-v2,nonmember,https://www.valleynewslive.com/prnewswire/2022/06/02/hagens-berman-national-trial-attorneys-encourages-ionq-inc-ionq-investors-with-significant-losses-contact-firms-attorneys-securities-fraud-case-filed/,-1.258067906150646
ref-stablelm-base-alpha-3b-v2,nonmember,https://kion546.com/politics/cnn-us-politics/2022/07/26/first-on-cnn-jill-bidens-press-secretary-leaving-white-house/,-0.2082748958455971
ref-stablelm-base-alpha-3b-v2,nonmember,https://www.wsaz.com/prnewswire/2022/08/04/amgen-reports-second-quarter-2022-financial-results/,-1.2961196659045342
ref-stablelm-base-alpha-3b-v2,nonmember,https://www.mrt.com/weather/article/TX-WFO-LUBBOCK-Warnings-Watches-and-Advisories-17216879.php,-1.4742811593012812
ref-stablelm-base-alpha-3b-v2,nonmember,https://www.seattlepi.com/news/article/Algeria-s-top-diplomat-backs-Syria-s-return-to-17326912.php,-1.4472522656723767
ref-stablelm-base-alpha-3b-v2,nonmember,https://www.mlive.com/public-interest/2022/08/ev-sales-are-hitting-record-highs-will-the-chips-act-continue-momentum.html,0.08792112133709296
ref-stablelm-base-alpha-3b-v2,nonmember,https://www.wfla.com/news/international/ap-international/latvia-to-topple-soviet-era-monument-a-week-after-estonia/,-1.851109057711049
ref-stablelm-base-alpha-3b-v2,nonmember,https://ktbb.com/post/?p=1154173,0.18660179887141526
ref-stablelm-base-alpha-3b-v2,nonmember,https://www.localsyr.com/news/national/tourism-helicopter-in-hawaii-crashes-into-lava-field/,-1.8819381785123275
ref-stablelm-base-alpha-3b-v2,nonmember,https://cbs4indy.com/news/ice-cream-connected-with-deadly-multistate-listeria-outbreak-recalled-after-contamination-found-in-processing-facility/,-0.13619263450690355
ref-stablelm-base-alpha-3b-v2,nonmember,https://www.weau.com/prnewswire/2022/08/16/your-natural-dog-offers-free-holistic-pet-wellness-event-online/,-2.2226137192133915
ref-stablelm-base-alpha-3b-v2,nonmember,https://globegazette.com/cleo/article_c4ee7aae-c34e-5e56-91c3-52403a486afe.html,0.7760860836239623
ref-stablelm-base-alpha-3b-v2,nonmember,https://www.wfmz.com/news/pr_newswire/pr_newswire_entertainment/composers-for-encanto-the-white-lotus-and-more-take-home-ascap-composers-choice-award-honors/article_4690a26b-72d1-54d0-80e0-be4b2e614fad.html,-1.3365133403765472
ref-stablelm-base-alpha-3b-v2,nonmember,https://www.1011now.com/prnewswire/2022/05/20/escoffier-designated-great-place-work-certified-company-third-consecutive-year/,-1.7932879971060955
ref-stablelm-base-alpha-3b-v2,nonmember,https://localnews8.com/entertainment/cnn-entertainment/2022/07/31/maneskin-on-feeling-free-finding-fame-and-embarking-on-their-first-world-tour/,0.05785890371089586
ref-stablelm-base-alpha-3b-v2,nonmember,https://www.ktre.com/prnewswire/2022/08/29/capital-squares-first-opportunity-zone-fund-development-secures-long-term-financing-issues-special-distribution-investors/,-1.663759017001147
ref-stablelm-base-alpha-3b-v2,nonmember,https://www.santafenewmexican.com/news/local_news/gas-prices-in-santa-fe-across-u-s-hit-record-high/article_0b756868-d1fd-11ec-bba0-9fa999ad7916.html,0.18146432475020458
ref-stablelm-base-alpha-3b-v2,nonmember,https://www.ktre.com/prnewswire/2022/05/31/omv-medical-inc-is-now-provizor-federal-inc/,-2.0947633192879143
ref-stablelm-base-alpha-3b-v2,nonmember,https://www.mrt.com/business/article/American-Airlines-gives-rosier-outlook-for-summer-17217646.php,-1.9666459363827606
ref-stablelm-base-alpha-3b-v2,nonmember,https://www.wbtv.com/prnewswire/2022/09/15/novelis-celebrates-opening-35-million-customer-solution-center-automotive-market-michigan/,-1.760438300164959
ref-stablelm-base-alpha-3b-v2,nonmember,https://www.mainepublic.org/npr-news/npr-news/2022-08-19/the-new-u-s-monkeypox-vaccine-strategy-offers-more-doses-and-uncertainty,-2.143795264312572
ref-stablelm-base-alpha-3b-v2,nonmember,https://www.wivb.com/sports/ap-sports/ap-source-jokic-nuggets-agree-on-record-264m-extension/,-1.5893931621282726
ref-stablelm-base-alpha-3b-v2,nonmember,https://www.kswo.com/prnewswire/2022/05/18/vestin-realty-mortgage-i-inc-suncrest-holdings-llc-announce-definitive-merger-agreement/,-1.0718494941617118
ref-stablelm-base-alpha-3b-v2,nonmember,https://www.wsls.com/news/world/2022/08/28/medic-who-cared-for-mariupol-wounded-heads-for-ukraine-front/,-1.9884436767079061
ref-stablelm-base-alpha-3b-v2,nonmember,https://www.wymt.com/prnewswire/2022/08/30/allegro-senior-living-introduces-allegro-fort-lauderdale-providing-new-premier-lifestyle-driven-community-florida-seniors-prime-waterfront-location/,-1.4740010214644996
ref-stablelm-base-alpha-3b-v2,nonmember,https://www.valleynewslive.com/2022/07/16/armed-robber-shot-killed-by-customer-convenience-store-police-say/,-1.5088825880816252
ref-stablelm-base-alpha-3b-v2,nonmember,https://www.yourbasin.com/news/national-news/at-least-47-top-companies-at-risk-of-having-russia-seize-key-assets-report/,-2.3807253283448158
ref-stablelm-base-alpha-3b-v2,nonmember,https://www.fox16.com/mlb/wheelers-arm-hoskins-bat-power-phillies-past-braves-7-3/,-1.6433101229638771
ref-stablelm-base-alpha-3b-v2,nonmember,https://www.mrt.com/sports/article/Picault-and-the-Houston-Dynamo-visit-Los-Angeles-17448142.php,-0.6837343459365752
ref-stablelm-base-alpha-3b-v2,nonmember,https://www.wistv.com/prnewswire/2022/06/01/gotion-high-tech-launchs-semi-solid-state-battery-amp-mobile-charging-pile-its-11th-technology-conference/,-2.1861379677110135
ref-stablelm-base-alpha-3b-v2,nonmember,https://www.kbtx.com/2022/05/10/no-charges-mike-tyson-punching-airplane-passenger/,-1.7930044162249708
ref-stablelm-base-alpha-3b-v2,nonmember,https://www.wflx.com/prnewswire/2022/07/25/almirall-achieves-core-net-sales-growth-51-4366-mm-euros-h1/,-1.4024177891617424
ref-stablelm-base-alpha-3b-v2,nonmember,https://www.weau.com/prnewswire/2022/08/02/cat-financial-announces-second-quarter-2022-results/,-1.3027692122164989
ref-stablelm-base-alpha-3b-v2,nonmember,https://www.wflx.com/prnewswire/2022/05/25/mon-power-potomac-edison-now-subscribing-solar-energy-customers-west-virginia/,-1.7369482847602278
ref-stablelm-base-alpha-3b-v2,nonmember,https://www.seattletimes.com/seattle-news/health/wyoming-abortion-ban-takes-effect-amid-legal-effort-to-block/?utm_source=RSS&utm_medium=Referral&utm_campaign=RSS_seattle-news,-1.987358446505883
ref-stablelm-base-alpha-3b-v2,nonmember,https://www.kait8.com/prnewswire/2022/08/02/sandboxaq-announces-partnership-with-evolutionq-part-its-new-strategic-investment-program/,-1.6340300287462899
ref-stablelm-base-alpha-3b-v2,nonmember,https://www.wivb.com/news/us-allies-must-move-at-the-speed-of-war-to-help-ukraine/,-2.131619242620798
ref-stablelm-base-alpha-3b-v2,nonmember,https://www.washingtonpost.com/wellness/2022/05/31/feminine-wash-honey-pot-history/,0.3977877652243835
ref-stablelm-base-alpha-3b-v2,nonmember,https://www.wsaz.com/prnewswire/2022/07/20/bedgears-new-innovations-focus-adjustable-bases-m3-performance-mattress-retail-theater-las-vegas-market-summer-2022/,-2.195872815561034
ref-stablelm-base-alpha-3b-v2,nonmember,https://www.kxnet.com/news/top-stories/ap-top-headlines/federal-study-new-climate-law-to-slice-carbon-pollution-40/,-2.0159177625597247
ref-stablelm-base-alpha-3b-v2,nonmember,https://www.kfyrtv.com/prnewswire/2022/08/26/largest-compensatory-verdict-wa-won-by-fong-law-advocate-capital-client/,-2.186752717894949
ref-stablelm-base-alpha-3b-v2,nonmember,https://cbs4indy.com/business/ap-business/peloton-to-stop-making-its-own-bikes-treadmills/,-2.274950626704309
ref-stablelm-base-alpha-3b-v2,nonmember,https://www.wvasfm.org/sports/sports/2022-05-21/saturday-sports-equal-pay-in-u-s-soccer-nba-and-nhl-playoffs-continue,-2.080060036225764
ref-stablelm-base-alpha-3b-v2,nonmember,https://www.wibw.com/prnewswire/2022/06/27/new-oracle-cloud-cx-utilities-solution-helps-agents-resolve-issues-faster-better-support-customers/,-2.1408464052403504
ref-stablelm-base-alpha-3b-v2,nonmember,https://www.kalb.com/prnewswire/2022/07/20/passport-showcase-mobility-management-platform-ipmi/,-2.0215498116627795
ref-stablelm-base-alpha-3b-v2,nonmember,https://www.dakotanewsnow.com/prnewswire/2022/09/10/new-late-breaking-results-phase-3-trials-skyrizi-risankizumab-evaluating-long-term-effect-skin-joint-symptoms-patients-with-psoriatic-arthritis-week-100/,-1.1703508600396357
ref-stablelm-base-alpha-3b-v2,nonmember,https://fox59.com/news/national-world/international-terminal-at-san-francisco-airport-evacuated-after-discovery-of-possibly-incendiary-package/,-1.6067972930210814
ref-stablelm-base-alpha-3b-v2,nonmember,https://pix11.com/reviews/br/kitchen-br/cookware-cooking-tools-br/air-fryer-vs-instant-pot/,-1.4505116514791778
ref-stablelm-base-alpha-3b-v2,nonmember,https://www.santafenewmexican.com/news/local_news/gonzales-community-school-teacher-surprised-with-25k-award/article_30146998-c0ce-11ec-818c-7398c12ffe8c.html,0.4207498230027684
ref-stablelm-base-alpha-3b-v2,nonmember,https://www.seattletimes.com/nation-world/nation/new-york-lawmakers-to-vote-on-new-gun-rules-following-ruling/?utm_source=RSS&utm_medium=Referral&utm_campaign=RSS_all,-1.9573186979027026
ref-stablelm-base-alpha-3b-v2,nonmember,https://www.wjhl.com/sports/us-world-sports/blatter-platini-face-20-month-suspended-jail-sentences/,-2.155400604071964
ref-stablelm-base-alpha-3b-v2,nonmember,https://www.abcactionnews.com/news/national/griners-russian-trial-considers-medicinal-use-of-cannabis,-2.0621751798033143
ref-stablelm-base-alpha-3b-v2,nonmember,https://www.wflx.com/prnewswire/2022/07/26/farm-aid-festival-set-north-carolina-sept-24/,-1.6556297409563425
ref-stablelm-base-alpha-3b-v2,nonmember,https://www.sfchronicle.com/business/article/Bitcoin-tumbles-a-stablecoin-plunges-in-wild-17171418.php,-1.849311531710584
ref-stablelm-base-alpha-3b-v2,nonmember,https://wtmj.com/ap-news/2022/07/12/twitter-sues-to-force-musk-to-complete-his-44b-acquisition-12/,-2.3194082959061677
ref-stablelm-base-alpha-3b-v2,nonmember,https://www.kalb.com/prnewswire/2022/09/02/lego-themes-collide-lego-brawls-smashes-onto-consoles/,-1.5902217910573435
ref-stablelm-base-alpha-3b-v2,nonmember,https://www.pahomepage.com/news/alleged-sex-trafficker-may-have-hundreds-of-victims-fbi-says/,-1.7962643396003761
ref-stablelm-base-alpha-3b-v2,nonmember,https://www.seattletimes.com/nation-world/world/poland-investigates-ecological-catastrophe-of-fish-die-off/?utm_source=RSS&utm_medium=Referral&utm_campaign=RSS_world,-2.083052020455253
ref-stablelm-base-alpha-3b-v2,nonmember,https://www.capitalgazette.com/maryland/bs-md-ci-cr-luther-trent-sentencing-20220914-r4pqrjxvivhf7bfqoojsrmj6ae-story.html,0.25113403453885397
ref-stablelm-base-alpha-3b-v2,nonmember,https://www.wymt.com/prnewswire/2022/08/29/capstone-expands-brokerage-teams-southeast-opens-new-raleigh-office/,-1.710553258530835
ref-stablelm-base-alpha-3b-v2,nonmember,https://www.springfieldnewssun.com/obituaries/angel-megan/SKVET6JVVBFTJOVMVCIISVVUVM/,0.3601804496365646
ref-stablelm-base-alpha-3b-v2,nonmember,https://www.wkyt.com/prnewswire/2022/08/16/kootenay-silver-intercepts-113-meters-449-gpt-silver-03-lead-066-zinc-15-meters-averaging-1395-gpt-silver-094-lead-53-zinc-columba-high-grade-silver-project-mexico/,-1.633924972237614
ref-stablelm-base-alpha-3b-v2,nonmember,https://www.kmvt.com/prnewswire/2022/08/05/project-solar-raises-23-million-series-expand-its-low-cost-digital-solar-offering/,-1.8679091554883263
ref-stablelm-base-alpha-3b-v2,nonmember,https://www.kgun9.com/operation-safe-roads/almost-67-mil-to-fix-pima-co-roads,0.11513369429522236
ref-stablelm-base-alpha-3b-v2,nonmember,https://www.ksby.com/news/national/firefighters-conduct-swift-water-rescues-near-las-vegas,-1.420121515618674
ref-stablelm-base-alpha-3b-v2,nonmember,https://www.wibw.com/prnewswire/2022/07/27/vanda-pharmaceuticals-announce-second-quarter-2022-financial-results-august-3-2022/,-0.9702606239336105
ref-stablelm-base-alpha-3b-v2,nonmember,https://www.nj.com/yankees/2022/08/yankees-fans-cheer-vin-scully-after-moment-of-silence-aaron-boone-reflects-on-broadcasting-giant.html,0.21972882926554105
ref-stablelm-base-alpha-3b-v2,nonmember,https://www.kmvt.com/prnewswire/2022/07/25/churnzero-achieves-record-hiring-first-two-quarters-2022-more-than-doubles-staff-last-12-months/,-1.5520667318447356
ref-stablelm-base-alpha-3b-v2,nonmember,https://wtmj.com/ap-news/2022/05/10/asian-stocks-follow-wall-st-down-on-rate-hike-economy-fears-3/,-1.5250365325675268
ref-stablelm-base-alpha-3b-v2,nonmember,https://www.foxnews.com/sports/commanders-owner-dan-snyder-has-begun-testifying-in-front-of-congressional-committee,-1.5634772982450436
ref-stablelm-base-alpha-3b-v2,nonmember,https://www.wcjb.com/prnewswire/2022/06/17/java-monster-brightens-up-your-morning-with-new-cold-brew-launch/,-1.6437499147376737
ref-stablelm-base-alpha-3b-v2,nonmember,https://www.wtvr.com/brand-spotlight/best-bitcoin-casinos,0.4007931449788462
ref-stablelm-base-alpha-3b-v2,nonmember,https://www.seattlepi.com/news/article/Why-Roe-v-Wade-s-demise-unlike-gay-rights-or-17272362.php,-2.187516911634774
ref-stablelm-base-alpha-3b-v2,nonmember,https://www.kbtx.com/prnewswire/2022/06/15/china-amp-india-drive-global-mineral-wool-insulation-gains-through-2025/,-1.5484186262630568
ref-stablelm-base-alpha-3b-v2,nonmember,https://www.kark.com/news/state-news/man-found-dead-in-texarkana-home-with-child-inside/,-0.05144718700556905
ref-stablelm-base-alpha-3b-v2,nonmember,https://www.gjsentinel.com/news/western_colorado/conservation-groups-offer-alternate-plan-for-colorado-wolf-reintroduction/article_b262190a-06aa-11ed-a3ab-eb95c79b842a.html,0.41870718327345724
ref-stablelm-base-alpha-3b-v2,nonmember,https://www.wibw.com/prnewswire/2022/08/16/statement-signing-inflation-reduction-act/,-1.9165885196687449
ref-stablelm-base-alpha-3b-v2,nonmember,https://www.twincities.com/2022/09/06/boy-1-dies-after-deputies-respond-to-report-of-possible-overdose-in-little-canada/,0.03404497986545163
ref-stablelm-base-alpha-3b-v2,nonmember,https://www.cenlanow.com/crime/14-firearms-2k-rounds-of-ammunition-drugs-seized-during-traffic-stop-in-lafayette/,0.04877599568673574
ref-stablelm-base-alpha-3b-v2,nonmember,https://www.mrt.com/sports/article/San-Francisco-Team-Stax-17433563.php,1.5343580294365822
ref-stablelm-base-alpha-3b-v2,nonmember,https://www.kens5.com/article/entertainment/backstreet-boys-christmas-album-october-14-boy-band/531-f2d78d53-3401-43d8-a73a-9b2593349cac,-0.8238633697008679
ref-stablelm-base-alpha-3b-v2,nonmember,https://www.wibw.com/prnewswire/2022/07/25/bmore-submits-fda-investigational-new-drug-application-psilocybin-alcohol-use-disorder-program/,-1.378693644960464
ref-stablelm-base-alpha-3b-v2,nonmember,https://www.wcbi.com/hot-and-dry-this-weekend-cooler-next-week/,0.2501000034822831
ref-stablelm-base-alpha-3b-v2,nonmember,https://whyy.org/articles/wilmington-jumpstart-grads-affordable-housing-delaware/,0.23612184222849564
ref-stablelm-base-alpha-3b-v2,nonmember,https://www.ourmidland.com/news/article/Germany-flying-6-fighters-13k-miles-in-24-hours-17376072.php,-2.1370530686763805
ref-stablelm-base-alpha-3b-v2,nonmember,https://pix11.com/reviews/br/travel-br/luggage-br/best-victorinox-luggage/,-1.560901727769884
ref-stablelm-base-alpha-3b-v2,nonmember,https://www.wkyt.com/prnewswire/2022/09/01/hisense-fifa-launch-environmental-programme-south-african-children/,-2.141022146099033
ref-stablelm-base-alpha-3b-v2,nonmember,https://www.wagmtv.com/2022/06/09/watching-your-wallet-how-put-breaks-rising-car-insurance-costs/,-2.003248124389603
ref-stablelm-base-alpha-3b-v2,nonmember,https://www.wafb.com/prnewswire/2022/08/11/radcom-reports-second-quarter-2022-results/,-1.3599770447658974
ref-stablelm-base-alpha-3b-v2,nonmember,https://1019therock.com/firefighters-extinguish-blaze-at-building-being-renovated-in-caribou/,0.35420646337717043
ref-stablelm-base-alpha-3b-v2,nonmember,https://www.localsyr.com/health/victims-of-uk-tainted-blood-scandal-to-get-government-payout/,-2.0201848067060917
ref-stablelm-base-alpha-3b-v2,nonmember,https://www.seattlepi.com/business/article/EXPLAINER-More-pressure-on-the-Fed-from-April-17155006.php,-1.9385351569067264
ref-stablelm-base-alpha-3b-v2,nonmember,https://www.mrt.com/sports/article/Milwaukee-Team-Stax-17270469.php,1.1081746375274455
ref-stablelm-base-alpha-3b-v2,nonmember,https://www.ktre.com/prnewswire/2022/06/07/yili-reaches-strategic-cooperation-with-argentina-national-football-team/,-1.6753323336278059
ref-stablelm-base-alpha-3b-v2,nonmember,https://www.wbay.com/prnewswire/2022/07/07/pdftron-extends-eu-presence-with-acquisition-pdflib/,-2.145484709467294
ref-stablelm-base-alpha-3b-v2,nonmember,https://pressofatlanticcity.com/sports/baseball/professional/daily-mike-trout-report-scores-twice-but-angels-lose-slugfest/article_282a3b34-f181-11ec-9b1f-6f0eecb2bf7f.html,-0.08354846609229805
ref-stablelm-base-alpha-3b-v2,nonmember,https://www.kait8.com/prnewswire/2022/05/16/hawaii-state-federal-credit-union-names-lumin-digital-enhanced-digital-banking-services-partner/,-1.8484419605399973
ref-stablelm-base-alpha-3b-v2,nonmember,https://www.expressnews.com/news/article/Alert-Inflation-in-19-European-countries-using-17409333.php,1.0949534064878619
ref-stablelm-base-alpha-3b-v2,nonmember,https://www.ktvb.com/article/news/nation-world/white-house-biden-tests-positive-for-covid-19/507-20243fa3-4c9b-41e3-b105-b1dcd10e9e55,-1.7275251857104303
ref-stablelm-base-alpha-3b-v2,nonmember,https://www.dakotanewsnow.com/prnewswire/2022/09/09/byron-allens-hbcu-gothe-grio-attracts-major-fortune-500-sponsors-historically-black-colleges-universities-sports-network/,-1.8197608687924545
ref-stablelm-base-alpha-3b-v2,nonmember,https://www.djournal.com/new-albany/new-century-club/article_6e60fa6f-6ec5-5929-84fa-0d1bb316dd66.html,0.6236356511790992
ref-stablelm-base-alpha-3b-v2,nonmember,https://www.wivb.com/news/world/norway-mourns-victims-of-oslo-shooting-with-memorial-service/,-1.9955954927667148
ref-stablelm-base-alpha-3b-v2,nonmember,https://www.kmvt.com/2022/05/06/mother-turns-social-media-baby-formula-shortage-grows/,-1.9909044295343734
ref-stablelm-base-alpha-3b-v2,nonmember,https://www.wflx.com/prnewswire/2022/08/11/ivwatch-extends-its-global-reach-signing-three-new-distribution-partners/,-2.000651891193943
ref-stablelm-base-alpha-3b-v2,nonmember,https://www.kbtx.com/prnewswire/2022/06/23/basis-group-accelerates-expansion-following-record-performance-year-across-all-divisions/,-2.08251668761572
ref-stablelm-base-alpha-3b-v2,nonmember,https://www.cnet.com/health/fda-recalls-cheeses-check-your-fridge-for-these-brands/,-0.5159219325350393
ref-stablelm-base-alpha-3b-v2,nonmember,https://www.kfyrtv.com/prnewswire/2022/08/09/ruthmann-reachmaster-expands-north-american-presence/,-2.2758731507521994
ref-stablelm-base-alpha-3b-v2,nonmember,https://www.5newsonline.com/article/sports/ncaa/week-3-preview-bama-baylor-out-to-avoid-more-sun-belt-upsets-alabama-football-byu-football-oklahoma-football-texas-football-baylor-football-georgia/535-8a0e0b3f-dacd-446a-a9bb-0437839339b6,-2.2048741622387773
ref-stablelm-base-alpha-3b-v2,nonmember,https://www.cleveland19.com/2022/06/29/cleveland-browns-qb-deshaun-watsons-future-with-nfl-be-decided/,-0.13834323285803718
ref-stablelm-base-alpha-3b-v2,nonmember,https://www.orlandosentinel.com/health/os-ne-health-olympics-special-disabilities-orlando-20220609-c5s25xyu35h7rbysaqs3dcnh5m-story.html,0.270967773919109
ref-stablelm-base-alpha-3b-v2,nonmember,https://www.wric.com/sports/sports-headlines/us-beats-morocco-3-0-in-world-cup-warmup-on-night-of-debuts/,-2.005773800053102
ref-stablelm-base-alpha-3b-v2,nonmember,https://www.kait8.com/prnewswire/2022/06/22/government-kingdom-cambodia-announces-ford-opens-new-assembly-plant-cambodia/,-1.2938222109101933
ref-stablelm-base-alpha-3b-v2,nonmember,https://www.myarklamiss.com/louisiana-news/family-begs-for-suspect-to-come-forward-after-army-veteran-father-killed-in-louisiana-hit-and-run/,0.1730293928390405
ref-stablelm-base-alpha-3b-v2,nonmember,https://www.santafenewmexican.com/opinion/commentary/we-dont-need-the-second-amendment/article_e32d2f76-eb33-11ec-a248-3b54736f4466.html,0.4823771377474042
ref-stablelm-base-alpha-3b-v2,nonmember,https://www.dakotanewsnow.com/prnewswire/2022/08/15/livly-hits-record-breaking-sales-july-2022/,-1.8041291865721605
ref-stablelm-base-alpha-3b-v2,nonmember,https://www.wnem.com/2022/08/25/patient-dies-paramedic-critically-hurt-after-ambulance-fire-possible-explosion-outside-hawaii-hospital/,-1.7290154963969304
ref-stablelm-base-alpha-3b-v2,nonmember,https://who13.com/news/national-news/bob-costas-criticizes-unvaccinated-mlb-players-youre-hurting-your-own-team/,-1.9184529253497913
ref-stablelm-base-alpha-3b-v2,nonmember,https://www.beaumontenterprise.com/sports/article/After-lengthy-skid-Angels-will-try-to-defy-17237404.php,-1.772694493346701
ref-stablelm-base-alpha-3b-v2,nonmember,https://www.wistv.com/prnewswire/2022/06/23/conns-homeplus-announces-new-store-santa-fe/,-1.6443455107767921
ref-stablelm-base-alpha-3b-v2,nonmember,https://www.kold.com/prnewswire/2022/07/27/lincoln-avenue-capital-acquires-affordable-housing-property-columbia-south-carolina-plans-sustainable-upgrades/,-1.3414706757882677
ref-stablelm-base-alpha-3b-v2,nonmember,https://www.kwch.com/prnewswire/2022/08/11/emocha-health-featured-three-2022-gartner-hype-cycles/,-1.759300845789249
ref-stablelm-base-alpha-3b-v2,nonmember,https://fox59.com/reviews/best-gilmore-girls-gift/,-1.844391141783311
ref-stablelm-base-alpha-3b-v2,nonmember,https://www.orlandoweekly.com/arts/ahead-of-citrus-brawl-in-kissimmee-impact-wrestling-debuts-new-pride-themed-shirt-and-partnership-with-cfsl-31579089,0.1704106969702739
ref-stablelm-base-alpha-3b-v2,nonmember,https://www.foxnews.com/sports/rich-strike-jockey-sonny-leon-suspended,0.0806742305469883
ref-stablelm-base-alpha-3b-v2,nonmember,https://www.krqe.com/news/world/over-50-feared-dead-in-nigeria-church-attack-officials-say/,-1.9547923577457733
ref-stablelm-base-alpha-3b-v2,nonmember,https://www.kswo.com/prnewswire/2022/06/09/xenotransplantation-innovation-heart-failure-late-breaking-clinical-trials-announced-topics-daily-plenary-sessions-hfsa-annual-scientific-meeting-2022/,-1.7001028689039002
ref-stablelm-base-alpha-3b-v2,nonmember,https://www.mysuncoast.com/prnewswire/2022/08/02/suncoke-energy-inc-increases-quarterly-cash-dividend-008-per-share/,-1.5241112147693103
ref-stablelm-base-alpha-3b-v2,nonmember,https://www.dakotanewsnow.com/prnewswire/2022/08/31/spatial-biology-cro-flagship-biosciences-acquires-pharma-services-business-interpace-biosciences/,-2.03883849473552
ref-stablelm-base-alpha-3b-v2,nonmember,https://www.seattlepi.com/business/article/CF-Q2-Earnings-Snapshot-17343836.php,-0.5777220947649906
ref-stablelm-base-alpha-3b-v2,nonmember,https://www.mrt.com/news/article/New-York-court-rejects-congressional-maps-drawn-17131030.php,-1.9530771037544907
ref-stablelm-base-alpha-3b-v2,nonmember,https://www.kxii.com/prnewswire/2022/09/14/procurement-expert-presents-supplier-diversty-transformation-nglcc-conference/,-1.9070164975431378
ref-stablelm-base-alpha-3b-v2,nonmember,https://www.kttc.com/2022/07/25/rochester-residents-get-creative-with-chalk/,0.24420258354285407
ref-stablelm-base-alpha-3b-v2,nonmember,https://www.kbzk.com/news/national/bill-intended-to-lure-manufacturers-from-china-could-impact-small-businesses,-0.9923236779899234
ref-stablelm-base-alpha-3b-v2,nonmember,https://www.localsyr.com/reviews/br-reviews/baby-kids-br/health-safety-br/best-uv-sterilizer-for-babies/,-1.6477930943820553
ref-stablelm-base-alpha-3b-v2,nonmember,https://www.swoknews.com/news/law-looking-for-lawton-man-for-child-rape-allegation/article_ecdc69b0-59e6-5805-a025-7c3919febc47.html,0.0975776529157053
ref-stablelm-base-alpha-3b-v2,nonmember,https://www.wric.com/news/u-s-world/venezuelans-big-presence-in-caravan-after-visa-requirement/,-2.3492093155920757
ref-stablelm-base-alpha-3b-v2,nonmember,https://www.1011now.com/prnewswire/2022/08/04/next-pathway-partner-with-microsoft-migrate-customers-microsoft-azure/,-1.4871486506430887
ref-stablelm-base-alpha-3b-v2,nonmember,https://www.al.com/life/2022/06/walmart-announces-the-arrival-of-walmart-weekend.html,0.08956140279081981
ref-stablelm-base-alpha-3b-v2,nonmember,https://wcfcourier.com/news/national/obituaries/live-updates-biden-arrives-in-london-for-queens-funeral/article_edabea70-c52d-51a6-b1f2-27a17559dbd9.html,-1.8487997633485933
ref-stablelm-base-alpha-3b-v2,nonmember,https://www.washingtonpost.com/politics/rishi-sunak-heir-apparent-who-ran-afoul-of-boris-johnson/2022/07/20/65e18756-083e-11ed-80b6-43f2bfcc6662_story.html,-2.011127116837782
ref-stablelm-base-alpha-3b-v2,nonmember,https://www.ksn.com/news/why-are-flags-flying-at-half-staff-friday/,-1.5101266058944591
ref-stablelm-base-alpha-3b-v2,nonmember,https://www.texomashomepage.com/news/biden-to-sign-policing-order-on-anniversary-of-floyds-death/,-2.1190731292687315
ref-stablelm-base-alpha-3b-v2,nonmember,https://www.ourmidland.com/weather/article/NY-Storm-Prediction-Ctr-Norman-OK-Warnings-17213594.php,-1.5809558024359391
ref-stablelm-base-alpha-3b-v2,nonmember,https://www.wafb.com/prnewswire/2022/07/01/trulieve-opening-morgantown-wv-medical-dispensary/,-1.5449158815373674
ref-stablelm-base-alpha-3b-v2,nonmember,https://www.wjhl.com/business/ap-business/asian-shares-mixed-after-china-cuts-key-rate-japan-gdp-up/,-1.6597936464011418
ref-stablelm-base-alpha-3b-v2,nonmember,https://www.wane.com/news/business/ap-business/ap-best-buy-q2-results-fall-amid-softening-demand-for-gadgets/,-1.9819932057865521
ref-stablelm-base-alpha-3b-v2,nonmember,https://www.kxlf.com/news/national/mall-of-america-on-lockdown-after-incident-videos-shared-on-social-media-show-people-fleeing,-1.6425601259510854
ref-stablelm-base-alpha-3b-v2,nonmember,https://www.ksn.com/automotive/2023-jeep-grand-cherokee-2022-tesla-model-s-top-this-weeks-new-car-reviews/,-2.119599654065643
ref-stablelm-base-alpha-3b-v2,nonmember,https://www.kait8.com/prnewswire/2022/07/07/automated-trading-strategies-ats-introduces-api-version-its-successful-trading-bots/,-2.6064383433830667
ref-stablelm-base-alpha-3b-v2,nonmember,https://www.knau.org/npr-news/2022-06-10/geico-may-have-to-pay-5-2-million-to-a-woman-who-got-an-std-in-an-insured-car,-1.8754976105978567
ref-stablelm-base-alpha-3b-v2,nonmember,https://www.kswo.com/prnewswire/2022/08/02/horizon-technology-finance-announces-monthly-distributions-october-november-december-2022-totaling-030-per-share/,-1.3347209432902503
ref-stablelm-base-alpha-3b-v2,nonmember,https://www.valleynewslive.com/prnewswire/2022/08/30/curimeta-launches-collaboration-with-bjc-healthcare-washington-university-st-louis-empower-researchers-with-advanced-real-world-health-data/,-1.8404349063244214
ref-stablelm-base-alpha-3b-v2,nonmember,https://www.cenlanow.com/national/woman-dead-after-residents-served-dishwashing-liquid-at-california-senior-living-facility/,-1.9663406773095353
ref-stablelm-base-alpha-3b-v2,nonmember,https://www.lehighvalleylive.com/news/2022/08/3-amazon-workers-died-on-the-job-in-nj-over-past-month-osha-says.html,-0.012399139443376894
ref-stablelm-base-alpha-3b-v2,nonmember,https://www.wibw.com/prnewswire/2022/06/09/pace-international-hosts-thought-leaders-discuss-industry-innovations-research-postharvest-academy-customer-event/,-2.226186017520904
ref-stablelm-base-alpha-3b-v2,nonmember,https://www.conchovalleyhomepage.com/news/national-news/succession-ted-lasso-top-emmy-awards-1st-time-winners-shine/,-2.269896855445078
ref-stablelm-base-alpha-3b-v2,nonmember,https://www.seattletimes.com/nation-world/in-japan-abe-suspects-grudge-against-unification-church-is-a-familiar-one/?utm_source=RSS&utm_medium=Referral&utm_campaign=RSS_all,0.7380091660315826
ref-stablelm-base-alpha-3b-v2,nonmember,https://www.wvpublic.org/2022-07-25/for-swedish-musician-jens-lekman-recrafting-old-albums-was-a-lesson-in-self-love,-1.62239907682636
ref-stablelm-base-alpha-3b-v2,nonmember,https://www.arkansasonline.com/news/2022/jul/16/hutchinson-yields-helm-of-governors-association/,-1.1062304032430124
ref-stablelm-base-alpha-3b-v2,nonmember,https://www.wane.com/news/national-world/ap-international/ap-another-us-congressional-delegation-in-taiwan-amid-tensions/,-1.9168406636684292
ref-stablelm-base-alpha-3b-v2,nonmember,https://www.koin.com/border-report-tour/birding-enthusiasts-on-alert-as-cdc-confirms-1st-u-s-case-of-human-bird-flu/,-2.21681563782973
ref-stablelm-base-alpha-3b-v2,nonmember,https://www.nwitimes.com/news/local/obituaries/lola-christine-rains/article_7c4b5a49-d179-5c1d-bc9b-fc3404146fad.html,0.35746047721885477
ref-stablelm-base-alpha-3b-v2,nonmember,https://www.springfieldnewssun.com/nation-world/mo-donegal-finishes-1st-at-belmont-another-pletcher-win/4GCAOX6WZNFLLOMUITNMA6RMNI/,-1.993660186829715
ref-stablelm-base-alpha-3b-v2,nonmember,https://pantagraph.com/news/local/crime-and-courts/normal-man-charged-with-selling-meth/article_3d02ff90-35de-11ed-9dce-8feba39ea2cc.html,0.31902129484784325
ref-stablelm-base-alpha-3b-v2,nonmember,https://www.dallasobserver.com/music/jack-harlow-has-his-own-kfc-meal-and-it-sucks-14365047,0.5153364555505449
ref-stablelm-base-alpha-3b-v2,nonmember,https://www.orlandoweekly.com/news/ucf-will-join-big-12-in-july-2023-31805454,0.19380510628173564
ref-stablelm-base-alpha-3b-v2,nonmember,https://www.myarklamiss.com/news/national-news/82-year-old-colorado-mans-dance-moves-go-viral-it-really-inspires-people-his-son-says/,-1.4452192983001222
ref-stablelm-base-alpha-3b-v2,nonmember,https://www.wistv.com/prnewswire/2022/07/19/california-schools-partner-with-subjects-virtual-education-platform-provide-students-teachers-with-curriculum-solutions-imperial-county/,-2.009915407962958
ref-stablelm-base-alpha-3b-v2,nonmember,https://www.kxxv.com/news/in-depth/guns-in-america-the-lockdown-generation-fears-being-shot-wants-to-be-heard-by-lawmakers,0.2721282491395991
ref-stablelm-base-alpha-3b-v2,nonmember,https://www.wlbt.com/prnewswire/2022/08/03/media-advisory-hut-8-release-q2-2022-results-august-11/,-1.8323308797170037
ref-stablelm-base-alpha-3b-v2,nonmember,https://www.texomashomepage.com/border-report/no-compromise-border-patrol-insists-on-new-border-walls-at-friendship-park/,-1.1544832418867594
ref-stablelm-base-alpha-3b-v2,nonmember,https://www.kold.com/prnewswire/2022/07/28/alexco-obtains-interim-order-provides-transaction-update/,-1.1752429751044255
ref-stablelm-base-alpha-3b-v2,nonmember,https://kion546.com/news/ap-california/2022/06/13/2-women-killed-in-suspected-street-takeover-crash-near-la/,-1.498736065048242
ref-stablelm-base-alpha-3b-v2,nonmember,https://www.wrtv.com/baby-giraffes-life-saved-custom-leg-braces,-1.7661861400840264
ref-stablelm-base-alpha-3b-v2,nonmember,https://www.apr.org/politics-government/politics-government/2022-08-03/why-conservative-kansas-handed-victory-to-abortion-rights,-1.229978729280167
ref-stablelm-base-alpha-3b-v2,nonmember,https://www.wtsp.com/article/news/crime/pursuit-crash-closes-i-69-in-fishers/531-299a768f-0866-4c61-91b2-695d106894b4,-0.068925914266875
ref-stablelm-base-alpha-3b-v2,nonmember,https://www.binghamtonhomepage.com/reviews/br/kitchen-br/food-br/best-atkins-bar/,-1.4717611317720607
ref-stablelm-base-alpha-3b-v2,nonmember,https://www.kswo.com/prnewswire/2022/05/04/ssek-law-firm-represents-texas-retirees-6-figure-gwg-l-bond-claim-against-centaurus-financial/,-0.4064298154351098
ref-stablelm-base-alpha-3b-v2,nonmember,https://cw33.com/lifestyle/food-and-drink/dunkin-pumpkin-spice-goldfish-yes-theyre-real-but-for-a-limited-time-only/,-0.25503122595933747
ref-stablelm-base-alpha-3b-v2,nonmember,https://www.mrt.com/business/article/Black-Knight-Q1-Earnings-Snapshot-17149915.php,-0.5354393327990099
ref-stablelm-base-alpha-3b-v2,nonmember,https://www.abc12.com/news/national/biden-administration-announces-plan-to-develop-floating-offshore-wind-turbines-for-west-coast/article_3a44a11a-363d-5ef8-9efe-f18a61ed4223.html,-0.07337497941608762
ref-stablelm-base-alpha-3b-v2,nonmember,https://www.arkansasonline.com/news/2022/jul/22/news-in-brief/,0.20254306926928267
ref-stablelm-base-alpha-3b-v2,nonmember,https://www.kimt.com/news/iowa/worth-co-supervisors-approve-declaration-of-ems-an-essential-service-heads-to-november-ballot/article_48a9000c-db15-11ec-ac84-c30c5bffa70c.html,0.24892667284243863
ref-stablelm-base-alpha-3b-v2,nonmember,https://www.ktre.com/prnewswire/2022/08/18/prospect-ridge-resources-announces-start-drilling-knauss-creek-property/,-1.335835716644463
ref-stablelm-base-alpha-3b-v2,nonmember,https://www.kmvt.com/prnewswire/2022/06/20/farrowtechs-wireless-sensors-powered-by-inplays-nanobeacon-bluetooth-beacon-technology/,-1.8778249214714917
ref-stablelm-base-alpha-3b-v2,nonmember,https://www.wibw.com/prnewswire/2022/08/31/semler-scientific-present-upcoming-investor-conferences/,-1.5588942530931578
ref-stablelm-base-alpha-3b-v2,nonmember,https://www.heraldtimesonline.com/story/news/local/2022/05/16/chamber-economic-initiatives-tied-income-tax-increase-needed-soon/9746730002/,0.4118943787663665
ref-stablelm-base-alpha-3b-v2,nonmember,https://richmond.com/opinion/editorial/editorial-in-dealing-with-the-commanders-patience-must-win-out-for-virginia/article_54d3d9d3-6de1-59ca-8155-0cc9cbbe7e5b.html,0.22832078266445732
ref-stablelm-base-alpha-3b-v2,nonmember,https://www.ksby.com/news/california-news/reports-california-homicides-violent-crime-rose-in-2021,-1.8748669050600648
ref-stablelm-base-alpha-3b-v2,nonmember,https://www.koin.com/news/majority-worried-about-student-loan-forgiveness-impact-on-inflation-poll/,-1.9358622221439608
ref-stablelm-base-alpha-3b-v2,nonmember,https://www.myarklamiss.com/sports/ap-sports/michael-andretti-calls-mid-ohio-team-actions-unacceptable/,-1.834901825931877
ref-stablelm-base-alpha-3b-v2,nonmember,https://www.wistv.com/prnewswire/2022/06/28/modera-wealth-management-welcomes-laurie-vitali-chief-people-officerchief-human-resources-officer/,-1.2352365085870813
ref-stablelm-base-alpha-3b-v2,nonmember,https://www.wane.com/news/national-world/ap-international/explainer-why-germany-is-pushing-for-a-climate-club/,-2.1264745323124563
ref-stablelm-base-alpha-3b-v2,nonmember,https://www.ksn.com/news/health/ap-health/nurse-gets-year-in-prison-for-replacing-fentanyl-with-saline/,-2.220365683919319
ref-stablelm-base-alpha-3b-v2,nonmember,https://www.kxxv.com/news/national/groundwater-sources-face-threats-of-pollution-droughts-and-increasing-demand,-0.17165927965438588
ref-stablelm-base-alpha-3b-v2,nonmember,https://www.wlrn.org/news/2022-06-30/overdose-deaths-behind-bars-rise-as-drug-crisis-swells,0.14470212132683224
ref-stablelm-base-alpha-3b-v2,nonmember,https://www.wbaltv.com/article/pitching-in-to-combat-severe-weather/39784894,-0.7959095457813542
ref-stablelm-base-alpha-3b-v2,nonmember,https://www.wistv.com/prnewswire/2022/05/10/cleanspark-reports-second-quarter-fy2022-financial-results/,-1.284669231291214
ref-stablelm-base-alpha-3b-v2,nonmember,https://www.cleveland19.com/prnewswire/2022/07/29/unlimeat-begins-plant-based-jerky-sales-amazon/,-1.9455047702286246
ref-stablelm-base-alpha-3b-v2,nonmember,https://www.seattletimes.com/nation-world/south-korean-leader-seoul-wont-seek-own-nuclear-deterrent/?utm_source=RSS&utm_medium=Referral&utm_campaign=RSS_nation-world,-2.160289887492126
ref-stablelm-base-alpha-3b-v2,nonmember,https://www.sfchronicle.com/sports/article/Alert-Major-League-Baseball-to-pay-185-million-17308692.php,1.278368590175309
ref-stablelm-base-alpha-3b-v2,nonmember,https://www.ktre.com/prnewswire/2022/08/14/innovative-eyewear-inc-announces-pricing-735-million-initial-public-offering/,-0.9927680556854875
ref-stablelm-base-alpha-3b-v2,nonmember,https://fox59.com/news/national-world/ap-international/canada-to-release-equipment-for-russia-germany-gas-pipeline/,-2.2645384843740297
ref-stablelm-base-alpha-3b-v2,nonmember,https://www.kimt.com/news/parents-waited-late-into-the-night-for-dead-children-to-be-identified-after-texas-elementary/article_bff28f54-01d5-53a6-94b4-b9665a1ae140.html,-1.9558866411295919
ref-stablelm-base-alpha-3b-v2,nonmember,https://www.orlandosentinel.com/sports/ny-ben-simmons-playoff-return-rumors-20220414-m5l6zkrc2bfunje34py555fjzq-story.html,-0.0842615284815158
ref-stablelm-base-alpha-3b-v2,nonmember,https://www.yourbasin.com/reviews/br/lawn-garden-br/tools-br-lawn-garden-br/arts-crafts-br/if-your-kid-loves-crayola-globbles-check-out-these-15-fidget-toys/,-1.6665657551920545
ref-stablelm-base-alpha-3b-v2,nonmember,https://www.wbay.com/prnewswire/2022/07/14/lummus-introduces-industrys-first-net-zero-ethane-cracker/,-1.9959277579422459
ref-stablelm-base-alpha-3b-v2,nonmember,https://www.kait8.com/prnewswire/2022/07/07/meridian-bioscience-announces-preliminary-results-fiscal-2022-third-quarter/,-1.6456652438282415
ref-stablelm-base-alpha-3b-v2,nonmember,https://www.wflx.com/prnewswire/2022/04/27/joyce-chow-former-texas-teachers-director-joins-gi-partners-real-estate/,-0.9081119866847877
ref-stablelm-base-alpha-3b-v2,nonmember,https://www.kmvt.com/prnewswire/2022/09/07/national-latino-professional-development-program-launches-through-latino-leadership-institutes-ignite-program/,-1.916018695090667
ref-stablelm-base-alpha-3b-v2,nonmember,https://www.wkyt.com/prnewswire/2022/06/08/linear-systems-showcase-ultra-high-performance-discrete-semiconductors-sensors-converge-exhibition-san-jose-ca/,-1.7941903949478826
ref-stablelm-base-alpha-3b-v2,nonmember,https://www.kalb.com/prnewswire/2022/07/25/beckman-coulter-partners-with-mass-general-barda-identify-severe-pediatric-infections-emergency-departments/,-1.3388557050571146
ref-stablelm-base-alpha-3b-v2,nonmember,https://www.fox43.com/article/news/railroads-ready-to-strike-how-it-might-affect-the-economy-wnep-newswatch16-jack-culkin-scranton/523-166f5725-b378-406c-a767-f52094c7280e,0.2194619148832473
ref-stablelm-base-alpha-3b-v2,nonmember,https://www.thv11.com/article/news/nation-world/woman-dies-flood-zion-national-park/507-b427b912-b372-4a7b-8bfa-79042e2af965,-2.0833620118829663
ref-stablelm-base-alpha-3b-v2,nonmember,https://www.sfgate.com/news/article/Nurse-uses-skills-to-focus-on-wellness-in-new-17122515.php,-1.4029794595254574
ref-stablelm-base-alpha-3b-v2,nonmember,https://www.cenlanow.com/sports/pac-12-scraps-divisions-moments-after-ncaa-paves-way/,-2.279783883833468
ref-stablelm-base-alpha-3b-v2,nonmember,https://www.mrt.com/news/article/Eastern-Shore-birthplace-to-commemorate-the-Rev-17219527.php,-2.1314991712526985
ref-stablelm-base-alpha-3b-v2,nonmember,https://pix11.com/sports/ap-sports/donaldson-carpenter-lead-yanks-over-red-sox-12-5/,-1.7265124163288064
ref-stablelm-base-alpha-3b-v2,nonmember,https://www.wymt.com/prnewswire/2022/06/22/contrast-security-named-enterprise-security-tech-cyber-top-20-list/,-1.1429480585332712
ref-stablelm-base-alpha-3b-v2,nonmember,https://www.wkyt.com/prnewswire/2022/07/12/burst-oral-care-launches-professional-grade-whitening-trays-dental-office-results-at-home/,-1.8951544843241435
ref-stablelm-base-alpha-3b-v2,nonmember,https://www.expressnews.com/sports/article/Lightning-kills-runner-on-Greek-mountain-race-17387958.php,-1.9653287607319898
ref-stablelm-base-alpha-3b-v2,nonmember,https://www.baltimoresun.com/maryland/baltimore-county/bs-md-co-towson-residence-hall-rename-20220619-27v2pfpxknenferl45p3npahiy-story.html,0.25623475799674766
ref-stablelm-base-alpha-3b-v2,nonmember,https://kion546.com/news/national-world/cnn-national/2022/06/10/mississippi-police-officer-killed-while-responding-to-disturbance-call-that-left-one-woman-dead/,-0.5644475951377084
ref-stablelm-base-alpha-3b-v2,nonmember,https://www.12news.com/article/news/nation-world/wall-street/507-dbb3076c-f6c3-435e-b2d8-55e82ef5a4cd,-1.879150682317113
ref-stablelm-base-alpha-3b-v2,nonmember,https://www.kold.com/prnewswire/2022/08/09/jack-henry-amp-associates-acquire-payrailz/,-1.602373593376593
ref-stablelm-base-alpha-3b-v2,nonmember,https://www.wrtv.com/news/national/abortion-trigger-laws-slated-to-take-effect-in-several-states-this-week,-1.709869775005548
ref-stablelm-base-alpha-3b-v2,nonmember,https://www.ksn.com/news/national-world/ap-international/greece-stranded-on-tiny-island-migrant-mother-gives-birth/,-1.8303140148431316
ref-stablelm-base-alpha-3b-v2,nonmember,https://www.jsonline.com/story/communities/lake-country/2022/09/09/rockwell-park-fundraising-begins-again-in-oconomowoc/8021595001/,0.2750737005210362
ref-stablelm-base-alpha-3b-v2,nonmember,https://www.seattletimes.com/sports/chimaev-badly-misses-weight-for-ufc-279-main-event-vs-diaz/?utm_source=RSS&utm_medium=Referral&utm_campaign=RSS_all,-0.5881438972636162
ref-stablelm-base-alpha-3b-v2,nonmember,https://www.sfgate.com/sports/article/Dodgers-open-with-record-310M-tax-payroll-would-17218718.php,-2.0952302805049174
ref-stablelm-base-alpha-3b-v2,nonmember,https://www.seattletimes.com/nation-world/nation/report-on-unlv-student-boxing-death-draws-anger-not-action/?utm_source=RSS&utm_medium=Referral&utm_campaign=RSS_all,-1.730461022310774
ref-stablelm-base-alpha-3b-v2,nonmember,https://fox59.com/news/how-rural-indiana-communities-are-working-to-address-mental-health-needs/,0.29364331779358155
ref-stablelm-base-alpha-3b-v2,nonmember,https://kobi5.com/news/many-pacific-northwest-hospitals-at-capacity-as-they-struggle-with-staffing-192020/,0.05015411021648308
ref-stablelm-base-alpha-3b-v2,nonmember,https://wtlcfm.com/3249026/p-valley-episode-3-recap/,0.11626354511140446
ref-stablelm-base-alpha-3b-v2,nonmember,https://www.kold.com/prnewswire/2022/06/07/murlarkeys-alchemy-continues-first-straight-bourbon-release-takes-double-gold-nyisc-while-salsa-borracha-whiskey-takes-gold-adi/,-1.7406629906733961
ref-stablelm-base-alpha-3b-v2,nonmember,https://www.wafb.com/2022/09/11/mothers-boyfriend-arrested-killing-8-year-old-california-girl/,-1.6919452132487613
ref-stablelm-base-alpha-3b-v2,nonmember,https://www.kwch.com/prnewswire/2022/08/05/latest-data-lecanemab-presented-alzheimers-association-international-conference-aaic-bioarctic/,-1.6349905650303886
ref-stablelm-base-alpha-3b-v2,nonmember,https://www.wkyt.com/prnewswire/2022/07/29/twenty-three-georgia-urology-physicians-receive-top-doctors-honors-atlanta-magazine/,-1.2438470751982045
ref-stablelm-base-alpha-3b-v2,nonmember,https://www.pahomepage.com/entertainment-news/ap-prince-charles-edits-british-black-newspaper-the-voice/,-1.8917407886267363
ref-stablelm-base-alpha-3b-v2,nonmember,https://www.wagmtv.com/prnewswire/2022/08/04/timkensteel-announces-second-quarter-2022-results/,-1.4201882812319777
ref-stablelm-base-alpha-3b-v2,nonmember,https://www.mrt.com/things_to_do/article/Going-to-the-AIRSHO-Here-s-what-you-need-to-17413181.php,0.5727506007412915
ref-stablelm-base-alpha-3b-v2,nonmember,https://www.myarklamiss.com/news/lifestyles/healthminute/in-rural-west-more-worries-about-access-to-abortion-clinics/,-2.2111512805460594
ref-stablelm-base-alpha-3b-v2,nonmember,https://www.wkyt.com/2022/07/25/beshear-weighing-executive-action-medical-cannabis/,0.14216754261638354
ref-stablelm-base-alpha-3b-v2,nonmember,https://www.ourmidland.com/weather/article/TX-WFO-EL-PASO-Warnings-Watches-and-Advisories-17367873.php,-1.50501278708586
ref-stablelm-base-alpha-3b-v2,nonmember,https://www.wric.com/news/u-s-world/if-roe-falls-some-das-wont-enforce-anti-abortion-laws/,-2.292603799052958
ref-stablelm-base-alpha-3b-v2,nonmember,https://www.1011now.com/prnewswire/2022/08/02/ls-networks-taps-former-meta-fiber-investments-executive-ceo/,-1.720322926773211
ref-stablelm-base-alpha-3b-v2,nonmember,https://www.wflx.com/2022/04/08/cheers-jackson-biden-declares-moment-real-change/,-1.982016785094307
ref-stablelm-base-alpha-3b-v2,nonmember,https://www.wcjb.com/prnewswire/2022/06/11/abbvie-investigation-initiated-by-former-louisiana-attorney-general-kahn-swick-amp-foti-llc-investigates-officers-directors-abbvie-inc-abbv/,-1.184178554884834
ref-stablelm-base-alpha-3b-v2,nonmember,https://www.lehighvalleylive.com/coronavirus/2021/05/nj-gov-phil-murphy-to-make-major-covid-reopening-announcement-how-to-watch-live-today.html,0.3727158684777687
ref-stablelm-base-alpha-3b-v2,nonmember,https://www.localsyr.com/entertainment-news/chrissy-metz-of-this-is-us-writes-book-for-children/,-1.9980209926987982
ref-stablelm-base-alpha-3b-v2,nonmember,https://phl17.com/news/ap-top-headlines/serena-loses-1st-match-since-saying-shes-prepared-to-retire/,-2.0166295776020027
ref-stablelm-base-alpha-3b-v2,nonmember,https://www.mrt.com/news/article/Judge-to-hear-requests-to-reset-trial-for-2-in-17254042.php,-1.7303364317721577
ref-stablelm-base-alpha-3b-v2,nonmember,https://www.foxnews.com/entertainment/how-many-kids-brian-austin-green-inside-90210-actors-relationships-family-life,0.30886482945438365
ref-stablelm-base-alpha-3b-v2,nonmember,https://pix11.com/sports/ap-sports/wainwright-reunited-with-molina-hurls-cards-past-cubs-6-0/,-1.5665113041420144
ref-stablelm-base-alpha-3b-v2,nonmember,https://www.ourmidland.com/news/article/Mississippi-teen-recounts-rescuing-4-people-from-17293792.php,-1.9748635091055702
ref-stablelm-base-alpha-3b-v2,nonmember,https://www.kalb.com/prnewswire/2022/08/31/careers-suncoast-what-its-like-work-where-you-want-live/,-1.8632670179467774
ref-stablelm-base-alpha-3b-v2,nonmember,https://www.abc10.com/article/news/nation-world/cnn-cancels-reliable-sources-brian-stelter-leaving/507-58b03395-be32-4bb5-b517-701c736b5002,-1.8064655804283583
ref-stablelm-base-alpha-3b-v2,nonmember,https://www.myarklamiss.com/news/national-news/us-basketball-star-griner-appears-in-russian-court/,-1.945409946720925
ref-stablelm-base-alpha-3b-v2,nonmember,https://www.wsaz.com/prnewswire/2022/09/01/americas-conservative-insurance-group-created-fight-wokeness/,-2.1330615233203485
ref-stablelm-base-alpha-3b-v2,nonmember,https://nj1015.com/hessian-mass-grave-unearthed-at-revolutionary-war-battle-site/,-2.017120665641372
ref-stablelm-base-alpha-3b-v2,nonmember,https://www.wbtv.com/prnewswire/2022/08/11/srh-total-return-fund-inc-declares-quarterly-distribution/,-1.624272963899078
ref-stablelm-base-alpha-3b-v2,nonmember,https://www.wkyt.com/prnewswire/2022/07/19/aep-declares-quarterly-dividend-common-stock/,-1.3385526763105984
ref-stablelm-base-alpha-3b-v2,nonmember,https://theworldlink.com/news/local/obituaries/thomas-tom-mills/article_f6e901a0-2249-11ed-bf7c-b7da3902915f.html,0.5046858838979134
ref-stablelm-base-alpha-3b-v2,nonmember,https://www.wagmtv.com/prnewswire/2022/08/09/medair-labs-ceo-discuss-startups-innovative-technology-usptos-invention-con/,-1.8084377459025927
ref-stablelm-base-alpha-3b-v2,nonmember,https://www.wane.com/news/isu-reacts-to-crash-that-killed-3-and-injured-2-students/,-0.43967233958703233
ref-stablelm-base-alpha-3b-v2,nonmember,https://www.seattlepi.com/business/article/Bank-regulators-overhaul-low-income-17151319.php,-1.9882084372344861
ref-stablelm-base-alpha-3b-v2,nonmember,https://www.latimes.com/california/story/2022-06-22/mistrial-in-suge-knight-wrongful-death-suit,0.28431450006818926
ref-stablelm-base-alpha-3b-v2,nonmember,https://www.seattletimes.com/business/bank-of-jamaica-to-launch-nationwide-digital-currency/?utm_source=RSS&utm_medium=Referral&utm_campaign=RSS_business,-1.7517483597555519
ref-stablelm-base-alpha-3b-v2,nonmember,https://www.fox35orlando.com/news/oreology-scientists-study-why-oreo-creme-cant-split-evenly-on-both-cookies,-0.026168114453438474
ref-stablelm-base-alpha-3b-v2,nonmember,https://www.wcjb.com/prnewswire/2022/08/08/national-cbd-day-ignites-huge-event-industry-leader-fab-cbd/,-1.7581610317995704
ref-stablelm-base-alpha-3b-v2,nonmember,https://www.wsls.com/sports/2022/07/13/nba-stiffens-take-foul-penalty-will-keep-play-in-tournament/,-2.097599305137669
ref-stablelm-base-alpha-3b-v2,nonmember,https://www.arkansasonline.com/news/2022/sep/04/little-rock-steel-maker-getting-notice-for-its/,0.4271634752132907
ref-stablelm-base-alpha-3b-v2,nonmember,https://www.kswo.com/prnewswire/2022/06/06/bedsure-releases-new-cooling-blanket-that-is-twice-effective/,-1.9559586192324063
ref-stablelm-base-alpha-3b-v2,nonmember,https://www.mysuncoast.com/2022/05/02/call-988-new-suicide-hotline-number-launch-july/,-1.8145559701449656
ref-stablelm-base-alpha-3b-v2,nonmember,https://kobi5.com/news/the-effects-that-the-oak-knoll-fire-had-on-ashland-12-years-later-194261/,0.1594028881189482
ref-stablelm-base-alpha-3b-v2,nonmember,https://www.kalb.com/prnewswire/2022/07/11/taiga-begins-deliveries-its-orca-electric-personal-watercraft/,-1.6814982320338119
ref-stablelm-base-alpha-3b-v2,nonmember,https://www.wistv.com/prnewswire/2022/04/13/sands-campaign-rolls-out-faith-leaders-coalition/,-1.8246310044458358
ref-stablelm-base-alpha-3b-v2,nonmember,https://www.ktre.com/2022/08/16/nitrile-glove-manufacturer-coming-lufkin/,0.08970264466331956
ref-stablelm-base-alpha-3b-v2,nonmember,https://www.koin.com/reviews/br/sports-fitness-br/gymnastics-br/best-gymnastics-mat/,-1.6777219132803864
ref-stablelm-base-alpha-3b-v2,nonmember,https://www.wearegreenbay.com/news/local-news/dog-attacks-another-dog-while-out-for-a-walk-in-manitowoc/,0.27680237130373
ref-stablelm-base-alpha-3b-v2,nonmember,https://www.kbtx.com/prnewswire/2022/04/27/emerge-americas-ironhack-present-200000-tech-scholarships/,-1.9173768414912393
ref-stablelm-base-alpha-3b-v2,nonmember,https://www.localsyr.com/news/international/burkina-faso-fashion-designers-more-to-nation-than-conflict/,-2.414091950724699
ref-stablelm-base-alpha-3b-v2,nonmember,https://www.expressnews.com/weather/article/CT-WFO-BOSTON-Warnings-Watches-and-Advisories-17419250.php,-1.6665528479311402
ref-stablelm-base-alpha-3b-v2,nonmember,https://www.ourmidland.com/weather/article/TX-Corpus-Christi-TX-Zone-Forecast-17251687.php,-0.21908298320644132
ref-stablelm-base-alpha-3b-v2,nonmember,https://www.1011now.com/prnewswire/2022/08/04/bmall-only-nft-marketplace-giving-back-fees-communities/,-1.8543785738566956
ref-stablelm-base-alpha-3b-v2,nonmember,https://www.clickorlando.com/news/local/2022/08/18/1-injured-in-shooting-at-dona-vista-gaming-establishment-deputies-say/,-0.06991738690774985
ref-stablelm-base-alpha-3b-v2,nonmember,https://www.washingtonpost.com/sports/mlb/mariners-use-2-homers-kirbys-pitching-to-stop-braves-3-1/2022/09/11/0a568fc0-3189-11ed-bcc6-0874b26ae296_story.html,-0.7526289247341302
ref-stablelm-base-alpha-3b-v2,nonmember,https://www.theadvocate.com/acadiana/news/courts/article_3ad717f6-1a86-11ed-83f7-4b87ecb0012c.html,0.14794692437717893
ref-stablelm-base-alpha-3b-v2,nonmember,https://cw33.com/news/nexstar-media-wire/noaa-predicts-3-to-5-major-hurricanes-in-coming-months/,-1.7331253822986428
ref-stablelm-base-alpha-3b-v2,nonmember,https://www.mysuncoast.com/prnewswire/2022/05/19/baltimore-banner-wypr-announce-partnership-strengthen-local-news-maryland/,-2.0310311662830522
ref-stablelm-base-alpha-3b-v2,nonmember,https://www.kalb.com/prnewswire/2022/08/09/clint-crews-joins-fortis-head-colorado-commercial-specialty-lending/,-1.5214711796741294
ref-stablelm-base-alpha-3b-v2,nonmember,https://www.kfyrtv.com/prnewswire/2022/08/26/starbucks-thailand-launches-its-foodshare-program-collaboration-with-scholars-sustenance-thailand/,-2.08230767718957
ref-stablelm-base-alpha-3b-v2,nonmember,https://www.seattletimes.com/nation-world/nation/reduced-u-s-testing-is-blurring-view-of-the-pandemic/?utm_source=RSS&utm_medium=Referral&utm_campaign=RSS_all,0.10315357931761282
ref-stablelm-base-alpha-3b-v2,nonmember,https://www.seattletimes.com/business/alaska-used-car-prices-run-amok-in-a-ridiculous-market/?utm_source=RSS&utm_medium=Referral&utm_campaign=RSS_all,0.37954228156487924
ref-stablelm-base-alpha-3b-v2,nonmember,https://www.mrt.com/news/article/Arizona-House-speaker-who-rejected-Trump-pleas-17344555.php,-2.2806563956665347
ref-stablelm-base-alpha-3b-v2,nonmember,https://www.dw.com/en/uvalde-shooting-texas-official-labels-police-response-abject-failure/a-62213136,-0.7552586583749226
ref-stablelm-base-alpha-3b-v2,nonmember,https://www.wlbt.com/prnewswire/2022/07/27/nomad-foods-report-second-quarter-2022-results-wednesday-august-10-2022/,-1.2950757018419459
ref-stablelm-base-alpha-3b-v2,nonmember,https://www.wbtv.com/prnewswire/2022/07/11/alaska-airlines-surprises-employees-with-90000-miles-travel-globe/,-1.9268520202559358
ref-stablelm-base-alpha-3b-v2,nonmember,https://www.wbtv.com/prnewswire/2022/08/01/chemomab-therapeutics-report-second-quarter-2022-financial-results-provide-business-update/,-1.2704764497662455
ref-stablelm-base-alpha-3b-v2,nonmember,https://www.yourbasin.com/news/financial-aid-for-odessa-nursing-students/,0.05166720674888703
ref-stablelm-base-alpha-3b-v2,nonmember,https://www.wdtn.com/reviews/br/music-br/string-instruments-br/best-acoustic-guitar-strap/,-1.4980278641418294
ref-stablelm-base-alpha-3b-v2,nonmember,https://www.abqjournal.com/2514353/with-us-dollar-nearly-equal-to-euro-impact-is-being-felt.html,-2.019856845953745
ref-stablelm-base-alpha-3b-v2,nonmember,https://www.wdiy.org/npr-news/2022-07-01/shredded-trees-dead-dolphins-and-wildfires-how-russias-invasion-is-hurting-nature,-2.1976248455074527
ref-stablelm-base-alpha-3b-v2,nonmember,https://www.wkyt.com/2022/06/28/california-woman-opens-home-people-seeking-abortion-pregnancy-care/,-1.879191701824663
ref-stablelm-base-alpha-3b-v2,nonmember,https://www.wafb.com/2022/08/18/media-ask-judge-release-trump-search-warrant-affidavit/,-1.9068598133201329
ref-stablelm-base-alpha-3b-v2,nonmember,https://www.wweek.com/promotions/2022/06/23/so-much-coast-so-little-summer/,0.7329805746785403
ref-stablelm-base-alpha-3b-v2,nonmember,https://www.kwch.com/prnewswire/2022/08/04/bristow-group-reports-first-quarter-fiscal-year-2023-results/,-1.4895541219088904
ref-stablelm-base-alpha-3b-v2,nonmember,https://www.dakotanewsnow.com/2022/08/04/autopsies-3-family-members-killed-iowa-state-park-campground-were-shot-stabbed-strangled/,-1.6184662608454767
ref-stablelm-base-alpha-3b-v2,nonmember,https://www.weau.com/2022/08/29/some-businesses-experience-growth-during-pandemic/,0.054498402316388805
ref-stablelm-base-alpha-3b-v2,nonmember,https://www.wsaz.com/prnewswire/2022/07/26/monitoredu-announces-new-blended-event-remote-testing-model/,-2.0539868441324143
ref-stablelm-base-alpha-3b-v2,nonmember,https://azdailysun.com/lifestyles/columnists/dear-abby-husband-keeps-explicit-media-from-previous-relationships/article_343c5fe8-c5a2-11ec-bcaf-bfa7ecae374f.html,-1.408017446465566
ref-stablelm-base-alpha-3b-v2,nonmember,https://www.mynews13.com/fl/orlando/ap-online/2022/08/17/chinese-factories-close-as-drought-hurts-hydropower,-2.112407018717402
ref-stablelm-base-alpha-3b-v2,nonmember,https://www.ksn.com/news/washington-dc/pelosi-visits-taiwan-defying-warnings-from-china/,-1.8169453288511668
ref-stablelm-base-alpha-3b-v2,nonmember,https://www.kmvt.com/prnewswire/2022/07/21/duke-energy-ramps-up-environmental-efforts-joins-forces-protect-vulnerable-wildlife-florida/,-1.6987307598020989
ref-stablelm-base-alpha-3b-v2,nonmember,https://www.eonline.com/ca/news/1344911/christina-haack-and-husband-josh-hall-celebrate-hawaiian-wedding-relive-their-love-story,-0.4566640371607855
ref-stablelm-base-alpha-3b-v2,nonmember,https://www.kmvt.com/prnewswire/2022/05/11/kanpai-pandas-bringing-luxury-experiences-nft-space/,-0.7941292843348651
ref-stablelm-base-alpha-3b-v2,nonmember,https://www.cleveland19.com/prnewswire/2022/09/01/third-consecutive-year-my-take-named-top-innovative-supplier-market-research/,-1.6722113196914417
ref-stablelm-base-alpha-3b-v2,nonmember,https://www.wibw.com/prnewswire/2022/07/19/hci-equity-partners-announces-sale-southernag-carriers/,-1.2578792714053018
ref-stablelm-base-alpha-3b-v2,nonmember,http://www.birminghamtimes.com/2022/07/black-and-latina-women-hold-the-most-student-debt/,0.19626961198935788
ref-stablelm-base-alpha-3b-v2,nonmember,https://www.wfla.com/reviews/br/toys-games-br/action-figures-playsets-br/best-playmobil-scooby-doo-toy/,-1.369805514529657
ref-stablelm-base-alpha-3b-v2,nonmember,https://www.nbcnewyork.com/news/national-international/107-cases-of-brain-tumors-led-to-investigation-at-nj-high-school-mayor-announces-results/3710930/,0.15851964813181318
ref-stablelm-base-alpha-3b-v2,nonmember,https://www.kold.com/prnewswire/2022/06/27/neurosense-therapeutics-reports-positive-results-stage-iii-als-biomarker-study/,-1.6310914401138326
ref-stablelm-base-alpha-3b-v2,nonmember,https://www.ktre.com/prnewswire/2022/08/23/lirium-power-digital-asset-access-mexican-fintech-expands-footprint-across-latin-america/,-1.8455502943220505
ref-stablelm-base-alpha-3b-v2,nonmember,https://www.weau.com/2022/06/04/firm-proposes-taser-armed-drones-stop-school-shootings/,-2.296149092203443
ref-stablelm-base-alpha-3b-v2,nonmember,https://www.abcactionnews.com/news/national/free-mom-hugs-help-guide-parents-through-lgbtq-world,-0.6679845733081979
ref-stablelm-base-alpha-3b-v2,nonmember,https://www.wbtv.com/prnewswire/2022/07/13/onebill-receives-2022-unified-communications-product-year-award-fifth-consecutive-year/,-1.758506075777552
ref-stablelm-base-alpha-3b-v2,nonmember,https://pix11.com/ap-political/supreme-court-rules-for-inmates-seeking-reduced-prison-terms/,-1.8310039897288044
ref-stablelm-base-alpha-3b-v2,nonmember,https://www.apr.org/2008-08-31/unraveling-a-fathers-secrets-and-sorrows,0.45122979031314703
ref-stablelm-base-alpha-3b-v2,nonmember,https://www.nbcnewyork.com/news/national-international/childs-body-11th-victim-found-after-tour-boat-sank-in-japans-far-north/3660751/,-2.2350313413228795
ref-stablelm-base-alpha-3b-v2,nonmember,https://phl17.com/business/ap-business/goodbye-nyc-estimates-show-big-city-losses-sunbelt-gains/,-2.014213051756125
ref-stablelm-base-alpha-3b-v2,nonmember,https://www.wane.com/news/local-news/pfw-offers-programs-for-young-pianists-to-enhance-skills/,0.41867507311444996
ref-stablelm-base-alpha-3b-v2,nonmember,https://www.nprillinois.org/2022-07-18/heat-torches-southern-europe-killing-hundreds,-2.225367951301354
ref-stablelm-base-alpha-3b-v2,nonmember,https://www.eonline.com/news/1342098/the-real-reason-why-brooklyn-beckham-and-nicola-peltz-combined-their-last-names?cmpid=rss-000000-rssfeed-365-topstories&utm_source=eonline&utm_medium=rssfeeds&utm_campaign=rss_topstories,0.17996046057834914
ref-stablelm-base-alpha-3b-v2,nonmember,https://www.wflx.com/prnewswire/2022/06/23/wynn-resorts-macau-sa-macau-sar-government-enter-into-concession-extension-agreement/,-1.7322773066736237
ref-stablelm-base-alpha-3b-v2,nonmember,https://www.nj.com/yankees/2022/06/angels-phil-nevin-among-4-ex-yankees-on-the-short-list-to-replace-joe-maddon.html,0.09125041866316108
ref-stablelm-base-alpha-3b-v2,nonmember,https://www.wbay.com/prnewswire/2022/07/07/content-partners-llc-hires-rob-amir-senior-executive-vice-president/,-2.0165757204699064
ref-stablelm-base-alpha-3b-v2,nonmember,https://www.sfchronicle.com/news/article/Immersed-in-crisis-Peru-neglects-Amazon-s-17215939.php,-2.130084461980986
ref-stablelm-base-alpha-3b-v2,nonmember,https://abc7ny.com/nyc-crime-nypd-officer-attacked-bronx/12159247/,0.02302906768691515
ref-stablelm-base-alpha-3b-v2,nonmember,https://www.ourmidland.com/weather/article/NY-WFO-ALBANY-Warnings-Watches-and-Advisories-17300867.php,-1.4624806697299495
ref-stablelm-base-alpha-3b-v2,nonmember,https://www.wbrc.com/prnewswire/2022/08/11/coates-group-named-mcdonalds-global-provider-digital-menu-board-content-management-system/,-1.9069620331772188
ref-stablelm-base-alpha-3b-v2,nonmember,https://www.binghamtonhomepage.com/hill-politics/white-house-blasts-graham-abortion-bill-as-wildly-out-of-step-2/,-1.7955993994550723
ref-stablelm-base-alpha-3b-v2,nonmember,https://www.wdtn.com/reviews/br/toys-games-br/theme-toys-br/most-popular-sesame-street-toys-you-can-buy-online-now/,-1.7706660796287979
ref-stablelm-base-alpha-3b-v2,nonmember,https://www.wcjb.com/prnewswire/2022/07/28/heineken-usa-partners-with-silverbullet-accelerate-its-data-strategy-deliver-meaningful-consumer-experiences-scale/,-2.19597754929742
ref-stablelm-base-alpha-3b-v2,nonmember,https://www.dakotanewsnow.com/prnewswire/2022/08/24/peak-rock-capital-continues-team-expansion-promotes-new-managing-director-principals-vice-presidents/,-1.8238355967063702
ref-stablelm-base-alpha-3b-v2,nonmember,https://www.bostonherald.com/2022/07/03/the-revolution-extend-unbeaten-streak-with-2-2-draw-with-cincinnati/,0.06372740347443218
ref-stablelm-base-alpha-3b-v2,nonmember,https://www.apr.org/arts-life/2011-06-23/an-ocean-of-loss-through-a-poets-prism,0.6747255847913296
ref-stablelm-base-alpha-3b-v2,nonmember,https://www.bostonglobe.com/2022/08/02/metro/wayland-moves-ahead-with-climate-action-plan/,0.27178382292810044
ref-stablelm-base-alpha-3b-v2,nonmember,https://www.foxnews.com/world/3-year-old-mexican-girl-reportedly-wakes-up-her-own-funeral-dies-hours-later,0.11624121007022747
ref-stablelm-base-alpha-3b-v2,nonmember,https://www.kswo.com/prnewswire/2022/08/08/oxi-fresh-continues-growing-strong-following-national-expansion/,-1.597969803139448
ref-stablelm-base-alpha-3b-v2,nonmember,https://www.bostonglobe.com/2022/07/27/lifestyle/moms-script-is-now-being-flipped/,-0.43448091967998304
ref-stablelm-base-alpha-3b-v2,nonmember,https://www.koin.com/news/ap-top-headlines/russias-fsb-blames-ukrainian-intelligence-for-car-bombing/,-1.939964966644869
ref-stablelm-base-alpha-3b-v2,nonmember,https://www.kold.com/prnewswire/2022/05/23/chinas-chongqing-shares-growth-dividends-after-year-into-comprehensive-pilot-program-sevice-sector-opening/,-2.368667167490948
ref-stablelm-base-alpha-3b-v2,nonmember,https://www.sfgate.com/news/article/Italy-s-Draghi-warns-5-Stars-against-political-17299765.php,-2.2977074593606517
ref-stablelm-base-alpha-3b-v2,nonmember,https://fox59.com/sports/ap-sports/mets-get-naquin-reliever-from-reds-for-2-minor-leaguers/,-1.761653524255349
ref-stablelm-base-alpha-3b-v2,nonmember,https://www.sfgate.com/shopping/article/Palm-Springs-boutique-hotels-17359201.php,0.6998379420905985
ref-stablelm-base-alpha-3b-v2,nonmember,https://www.texomashomepage.com/sports/kolozsvary-scores-on-game-ending-balk-as-reds-beat-rays-2-1/,-1.4915573309416894
ref-stablelm-base-alpha-3b-v2,nonmember,https://www.koin.com/sports/ap-sports/ashleigh-buhai-wins-womens-british-open-after-playoff/,-1.6850780215140846
ref-stablelm-base-alpha-3b-v2,nonmember,https://www.wafb.com/prnewswire/2022/06/23/bic-recognized-its-path-towards-more-sustainable-future/,-2.2843307324056346
ref-stablelm-base-alpha-3b-v2,nonmember,https://www.myarklamiss.com/reviews/br/office-br/office-supplies-br/best-electric-stapler/,-1.7385323471603473
ref-stablelm-base-alpha-3b-v2,nonmember,https://www.wibw.com/prnewswire/2022/09/15/sirtex-medical-secures-positive-approval-sir-spheres-y-90-resin-microspheres-hcc-treatment-brazil/,-1.7265749384183187
ref-stablelm-base-alpha-3b-v2,nonmember,https://www.kswo.com/prnewswire/2022/08/09/dhi-group-inc-present-upcoming-investor-conferences/,-1.6598524586113514
ref-stablelm-base-alpha-3b-v2,nonmember,https://www.ourmidland.com/weather/article/NY-Albany-NY-Zone-Forecast-17280861.php,-0.2551284692366194
ref-stablelm-base-alpha-3b-v2,nonmember,https://www.wibw.com/prnewswire/2022/07/12/soil-health-institute-announces-five-strategic-goals/,-1.7041435339886886
ref-stablelm-base-alpha-3b-v2,nonmember,https://www.wcjb.com/prnewswire/2022/07/27/daz-3d-drop-nft-collection-promoting-hope-positivity-difficult-times/,-1.7933635081176669
ref-stablelm-base-alpha-3b-v2,nonmember,https://www.wagmtv.com/prnewswire/2022/08/25/origin-agritech-offers-preliminary-assessment-this-years-corn-harvest/,-1.6468238120988552
ref-stablelm-base-alpha-3b-v2,nonmember,https://www.kwch.com/prnewswire/2022/06/28/service-express-completes-integration-blue-chip-icc-group/,-2.0331589834144568
ref-stablelm-base-alpha-3b-v2,nonmember,https://www.wflx.com/prnewswire/2022/05/20/resolute-announces-ratification-collective-agreement-seven-canadian-pulp-paper-mills/,-1.724122944727904
ref-stablelm-base-alpha-3b-v2,nonmember,https://www.dakotanewsnow.com/prnewswire/2022/07/12/activatework-expands-it-career-training-employment-opportunities-through-partnership-with-comptia-apprenticeships-tech/,-1.7676500638241945
ref-stablelm-base-alpha-3b-v2,nonmember,https://www.1011now.com/prnewswire/2022/08/09/mpe-partners-mshs-announce-acquisition-pacific-power-group/,-1.5149193226070021
ref-stablelm-base-alpha-3b-v2,nonmember,https://www.kait8.com/prnewswire/2022/05/15/vida-introduces-new-ai-enabled-biomarker-services/,-2.311451336683581
ref-stablelm-base-alpha-3b-v2,nonmember,https://www.wafb.com/prnewswire/2022/06/17/ball-corporation-recommends-rejection-amended-below-market-mini-tender-offer-by-trc-capital-corporation/,-1.7917883251432298
ref-stablelm-base-alpha-3b-v2,nonmember,https://www.wthr.com/article/news/local/indiana-task-force-1-returns-after-kentucky-deployment-flash-flood-relief/531-0b96385b-cdd6-4027-aff1-8e57d952179e,0.22745785559275822
ref-stablelm-base-alpha-3b-v2,nonmember,https://www.kwch.com/prnewswire/2022/09/14/rev-capital-announces-new-appointment-commercial-finance-division/,-1.564981933962799
ref-stablelm-base-alpha-3b-v2,nonmember,https://www.cenlanow.com/international/ap-international/brazil-police-remains-found-those-of-british-journalist/,-2.238985454090468
ref-stablelm-base-alpha-3b-v2,nonmember,https://www.wflx.com/prnewswire/2022/05/16/faron-announces-us-food-drug-administration-finnish-medicines-agency-approval-initiate-phase-iii-bexmarilimab-combination-study-hematologic-malignancies/,-1.6022899435947389
ref-stablelm-base-alpha-3b-v2,nonmember,https://dentonrc.com/rsssports/unt-community-shocked-by-the-death-of-former-mean-green-running-back-michael-hickmon/article_c4eb68cb-ea13-5825-8f63-136ca718955a.html,0.2285592161731933
ref-stablelm-base-alpha-3b-v2,nonmember,https://www.abc12.com/news/local/bay-veterans-foundation-hosts-escaped-vietnam-prisoner-of-war/article_23ea0d38-2efd-11ed-98d6-db8eeb54f59e.html,0.579919955137798
ref-stablelm-base-alpha-3b-v2,nonmember,https://www.wistv.com/prnewswire/2022/05/28/vaporesso-exciting-new-product-tech-amp-street-artist-collaboration-vaper-expo-uk-birmingham-nec-27th-29th-may-2022/,-2.362594307083189
ref-stablelm-base-alpha-3b-v2,nonmember,https://www.1011now.com/2022/08/10/unl-researchers-work-make-berry-more-mainstream/,0.2626161897434769
ref-stablelm-base-alpha-3b-v2,nonmember,https://www.azcentral.com/story/news/local/scottsdale-education/2022/06/22/arizona-attorney-general-sues-scottsdale-school-district-and-board-member-jann-michael-greenburg/7692208001/,0.4128580205465404
ref-stablelm-base-alpha-3b-v2,nonmember,https://www.kswo.com/prnewswire/2022/06/02/brooks-group-plans-change-how-salespeople-learn/,-2.137735632800282
ref-stablelm-base-alpha-3b-v2,nonmember,https://www.mrt.com/news/article/Alert-Jury-orders-Infowars-Alex-Jones-to-pay-17352499.php,0.5565525658602071
ref-stablelm-base-alpha-3b-v2,nonmember,https://www.wafb.com/prnewswire/2022/08/02/owl-rock-announces-investment-amergin-asset-management/,-1.5863084122144018
ref-stablelm-base-alpha-3b-v2,nonmember,https://www.wane.com/news/experts-say-us-suspension-of-covid-aid-will-prolong-pandemic/,-2.195423332087893
ref-stablelm-base-alpha-3b-v2,nonmember,https://www.expressnews.com/news/article/Alert-US-envoy-John-Kerry-tells-AP-that-domestic-17280004.php,1.281846722143153
ref-stablelm-base-alpha-3b-v2,nonmember,https://www.kalb.com/prnewswire/2022/09/09/remembering-911-with-blood-drive-save-lives/,-1.7748785083460776
ref-stablelm-base-alpha-3b-v2,nonmember,https://www.wcjb.com/prnewswire/2022/08/09/new-book-bcg-helps-family-businesses-work-through-inevitable-conflict/,-1.5893890437934426
ref-stablelm-base-alpha-3b-v2,nonmember,https://www.sfchronicle.com/business/article/Bangladesh-cuts-school-office-hours-to-save-17391560.php,-2.060410120364086
ref-stablelm-base-alpha-3b-v2,nonmember,https://www.wistv.com/prnewswire/2022/04/25/annals-family-medicine-researchers-develop-online-guide-help-family-medicine-doctors-discuss-vaccine-hesitancy-with-patients/,-1.975865185996813
ref-stablelm-base-alpha-3b-v2,nonmember,https://www.wsls.com/news/world/2022/07/20/forgotten-us-victims-of-mexican-drug-lord-want-justice/,-2.144491320791145
ref-stablelm-base-alpha-3b-v2,nonmember,https://www.myarklamiss.com/hill-politics/every-living-us-president-pays-tribute-to-elizabeth/,-1.758301702850003
ref-stablelm-base-alpha-3b-v2,nonmember,https://www.wcjb.com/prnewswire/2022/07/07/haemalogix-strengthens-board-with-appointment-dr-geoff-nichol/,-1.904963402811811
ref-stablelm-base-alpha-3b-v2,nonmember,https://www.seattlepi.com/sports/article/Tua-Jones-together-again-as-Pats-visit-Miami-in-17425681.php,-1.8637064134664778
ref-stablelm-base-alpha-3b-v2,nonmember,https://www.nj.com/business/2022/07/wawa-opens-another-nj-store-amid-continued-expansion.html,0.034898628417351585
ref-stablelm-base-alpha-3b-v2,nonmember,https://wcfcourier.com/news/national/stocks-fall-broadly-in-afternoon-trading-on-wall-street/article_74b8ea65-0a97-5794-a9c2-9040392bdc94.html,-1.884202436717908
ref-stablelm-base-alpha-3b-v2,nonmember,https://www.wfaa.com/article/entertainment/entertainment-tonight/matt-james-reveals-if-hes-thinking-about-proposing-to-rachael-kirkconnell-exclusive/603-450065d2-e65b-4276-b15f-de9052fcc0c4,0.2571403465534088
ref-stablelm-base-alpha-3b-v2,nonmember,https://pix11.com/news/national-news/ap-national/report-police-knew-of-injured-at-texas-school-while-waiting/,-2.0630693182938398
ref-stablelm-base-alpha-3b-v2,nonmember,https://www.kait8.com/prnewswire/2022/09/08/42gears-announces-zero-day-support-ios-16-ipados-16-ahead-new-version-release/,-1.5236715538286787
ref-stablelm-base-alpha-3b-v2,nonmember,https://www.pahomepage.com/news/national/rescued-oklahoma-tigers-get-care-in-california-and-new-home/,-2.0491970887005744
ref-stablelm-base-alpha-3b-v2,nonmember,https://www.wunc.org/education/2022-05-23/qa-whats-proposal-change-how-north-carolina-teachers-paid-licensed,0.43702446428321595
ref-stablelm-base-alpha-3b-v2,nonmember,https://www.knau.org/npr-news/2022-07-17/russia-strikes-south-ukraine-city-presses-attacks-in-east,-2.029376066619793
ref-stablelm-base-alpha-3b-v2,nonmember,https://www.kxii.com/2022/08/03/new-crypto-oversight-legislation-arrives-industry-shakes/,-1.8384868129870777
ref-stablelm-base-alpha-3b-v2,nonmember,https://www.kens5.com/article/news/nation-world/infant-swing-rocker-recalled/507-87b2bd6b-94d1-4b0e-9de6-58b2a7fb15f2,-1.3494686672715983
ref-stablelm-base-alpha-3b-v2,nonmember,https://www.beaumontenterprise.com/news/article/Serena-Williams-implies-she-ll-play-at-Wimbledon-17240213.php,-2.0713055467841643
ref-stablelm-base-alpha-3b-v2,nonmember,https://www.kxii.com/prnewswire/2022/08/09/medical-cannabis-leader-khiron-opens-brazils-first-zerenia-clinic/,-1.8163064100499517
ref-stablelm-base-alpha-3b-v2,nonmember,https://www.fox16.com/news/national/madison-estate-rehires-staff-let-go-during-recent-turmoil/,-2.32989117674885
ref-stablelm-base-alpha-3b-v2,nonmember,https://www.beaumontenterprise.com/weather/article/TX-WFO-MIDLAND-ODESSA-Warnings-Watches-and-17213725.php,-1.3535427828351279
ref-stablelm-base-alpha-3b-v2,nonmember,https://fox59.com/indy-now/house-painting-exterior-heritage-custom/,0.7298733438017226
ref-stablelm-base-alpha-3b-v2,nonmember,https://www.12news.com/article/news/local/arizona/extreme-heat-dangerous-for-valley-delivery-drivers/75-c187fe96-da3c-4b71-a519-39b256030876,0.05082614153736653
ref-stablelm-base-alpha-3b-v2,nonmember,https://www.wflx.com/prnewswire/2022/06/27/invitation-immunovias-presentation-panfam-1-results/,-1.8001242160003061
ref-stablelm-base-alpha-3b-v2,nonmember,https://www.myarklamiss.com/sports/ap-sports/harrington-holds-on-to-edge-stricker-and-win-us-senior-open/,-1.9134395259057366
ref-stablelm-base-alpha-3b-v2,nonmember,https://www.wagmtv.com/prnewswire/2022/06/20/indianapolis-electrical-experts-provide-safety-tips-vacationers/,-1.2225488951609298
ref-stablelm-base-alpha-3b-v2,nonmember,https://www.valleynewslive.com/prnewswire/2022/07/14/atura-power-awards-owners-engineering-representative-team-cem-sacr-davey-innovative-20mw-green-hydrogen-facility-ontario-canada/,-1.7919142957912118
ref-stablelm-base-alpha-3b-v2,nonmember,https://www.expressnews.com/sports/article/Chicago-White-Sox-Oakland-Runs-17434606.php,-0.2980429960093952
ref-stablelm-base-alpha-3b-v2,nonmember,https://www.binghamtonhomepage.com/sports/ap-epicenter-wins-travers-stakes-decisively-at-saratoga/,-1.8004604068015628
ref-stablelm-base-alpha-3b-v2,nonmember,https://www.wric.com/business/us-world-business/delta-to-begin-paying-flight-attendants-during-boarding/,-2.003041254467787
ref-stablelm-base-alpha-3b-v2,nonmember,https://www.nj.com/jets/2022/08/jets-training-camp-observations-falcons-joint-practice-day-1-punches-thrown-early-elijah-moore-breaks-out.html,0.14652529576072082
ref-stablelm-base-alpha-3b-v2,nonmember,https://www.sfgate.com/sports/article/White-Sox-put-Eloy-Jimenez-on-10-day-IL-likely-17123160.php,-1.6703636973235394
ref-stablelm-base-alpha-3b-v2,nonmember,https://www.localsyr.com/news/international/australia-china-continue-pacific-rivalry-with-island-visits/,-2.1434812993500354
ref-stablelm-base-alpha-3b-v2,nonmember,https://cbs4indy.com/news/national-world/cdc-official-several-hundred-polio-cases-likely-circulating-in-new-york/,-1.809312878632933
ref-stablelm-base-alpha-3b-v2,nonmember,https://www.wfla.com/sports/ap-sports/leading-off-soto-arrives-in-sd-castillo-debuts-for-ms/,-1.7385238935069474
ref-stablelm-base-alpha-3b-v2,nonmember,https://www.kfyrtv.com/prnewswire/2022/07/15/ericsson-receives-regulatory-approval-complete-acquisition-vonage/,-1.4300941504332136
ref-stablelm-base-alpha-3b-v2,nonmember,https://www.wane.com/news/nba-wnba-owner-suspended-1-year-fined-10m-in-misconduct-probe/,-1.9204098811913202
ref-stablelm-base-alpha-3b-v2,nonmember,https://www.twincities.com/2022/04/24/hawks-john-collins-heat-dont-have-a-polite-way-of-playing-basketball/,-0.29337506677570513
ref-stablelm-base-alpha-3b-v2,nonmember,https://www.kenoshanews.com/news/local/lifeguard-shortage-forces-anderson-washington-pools-to-open-and-close-on-alternating-days/article_c87c2942-ec65-11ec-9747-bfe84fae551b.html,0.34462975430137677
ref-stablelm-base-alpha-3b-v2,nonmember,https://www.wbtv.com/prnewswire/2022/08/29/teamsters-school-alumni-university-minnesotas-abusive-labor-practices/,-2.025001282916869
ref-stablelm-base-alpha-3b-v2,nonmember,https://www.wfmz.com/news/pr_newswire/pr_newswire_health/lupus-research-alliance-awards-2022-lupus-insight-prize-to-immunologist-dr-akiko-iwasaki/article_c64a34cb-178b-5b63-b72c-8fa94545280a.html,-1.6650127991646757
ref-stablelm-base-alpha-3b-v2,nonmember,https://www.mrt.com/sports/article/Gore-hired-to-be-player-advisor-to-PGA-Tour-17385834.php,-2.083386625096062
ref-stablelm-base-alpha-3b-v2,nonmember,https://www.ktre.com/prnewswire/2022/07/19/tennessee-titans-nissan-stadium-zippin-launch-five-checkout-free-stores-time-pre-season/,-1.5131456284193967
ref-stablelm-base-alpha-3b-v2,nonmember,https://www.wymt.com/prnewswire/2022/08/11/choice-hotels-international-completes-acquisition-radisson-hotels-americas/,-1.094947795583983
ref-stablelm-base-alpha-3b-v2,nonmember,https://www.clickorlando.com/news/politics/2022/07/16/ocasio-cortez-navigates-the-expectations-that-come-with-fame/,-2.020996692699561
ref-stablelm-base-alpha-3b-v2,nonmember,https://www.kttc.com/2022/06/13/many-baby-formula-plants-werent-inspected-because-covid/,-2.1225663524402303
ref-stablelm-base-alpha-3b-v2,nonmember,https://www.kmvt.com/prnewswire/2022/05/23/corry-pennsylvania-becomes-first-certified-blue-zones-community-northeast/,-2.146450745384531
ref-stablelm-base-alpha-3b-v2,nonmember,https://www.wlbt.com/prnewswire/2022/09/01/w-foundations-1st-conference-global-climate-action-fund-gcaf-net-zero-concludes-successfully/,-1.9994251075975638
ref-stablelm-base-alpha-3b-v2,nonmember,https://kion546.com/news/ap-california/2022/07/10/orioles-beat-skidding-angels-9-5-for-8th-straight-win-2/,-1.578234860328815
ref-stablelm-base-alpha-3b-v2,nonmember,https://www.kmvt.com/prnewswire/2022/07/13/algonquin-power-amp-utilities-corp-announces-dates-second-quarter-2022-financial-results-conference-call/,-1.264493195627615
ref-stablelm-base-alpha-3b-v2,nonmember,https://www.eonline.com/ca/news/1338581/lili-reinhart-s-look-both-ways-explores-two-very-different-paths-in-life?cmpid=rss-000000-rssfeed-365-topstories&utm_source=eonline&utm_medium=rssfeeds&utm_campaign=rss_topstories,0.26128649379629154
ref-stablelm-base-alpha-3b-v2,nonmember,https://www.wptv.com/news/education/school-district-of-palm-beach-county-faces-scrutiny-in-grand-jury-report-on-school-safety,0.3471535148907625
ref-stablelm-base-alpha-3b-v2,nonmember,https://www.ktre.com/prnewswire/2022/06/28/key-step-centerpoint-energys-long-term-electric-generation-transition-plan-receives-approval/,-1.7198471099801245
ref-stablelm-base-alpha-3b-v2,nonmember,https://www.wtsp.com/article/news/local/florida-acha-medicaid-transgender-gender-affirming-care/67-83c8bbf6-3b8c-4a12-942b-63243e7f1719,0.06730347637539635
ref-stablelm-base-alpha-3b-v2,nonmember,https://pix11.com/entertainment/ap-entertainment/spain-prosecutors-to-seek-8-year-prison-term-for-shakira/,-1.735541703407166
ref-stablelm-base-alpha-3b-v2,nonmember,https://www.wnep.com/article/news/local/montour-county/roadways-busy-4th-of-july/523-6863e42d-b31d-4d12-98c6-5700c9081122,0.26082593678780475
ref-stablelm-base-alpha-3b-v2,nonmember,https://www.mainepublic.org/npr-news/npr-news/2022-05-17/the-great-replacement-conspiracy-theory-isnt-fringe-anymore-its-mainstream,-2.2927500309221323
ref-stablelm-base-alpha-3b-v2,nonmember,https://www.kfyrtv.com/prnewswire/2022/08/18/sirnaomics-doses-first-patient-phase-iii-clinical-study-rnai-therapeutic-stp705-treatment-facial-squamous-cell-skin-cancer-situ/,-0.5523606161114349
ref-stablelm-base-alpha-3b-v2,nonmember,https://www.kens5.com/article/news/local/j-j-watt-rattlesnake-in-the-bathroom/75-1548c2bb-a2a4-4515-adfc-8c5b8b94b1a8,-0.33978961337830116
ref-stablelm-base-alpha-3b-v2,nonmember,https://www.valleynewslive.com/2022/06/16/senate-set-enhance-benefits-vets-exposed-burn-pits/,-2.0917283969477407
ref-stablelm-base-alpha-3b-v2,nonmember,https://www.wtva.com/weather/forecast/drier-weather-will-be-the-rule-for-our-friday/article_db127b2e-e2c9-11ec-827c-43d0025f1253.html,-0.4422717612554574
ref-stablelm-base-alpha-3b-v2,nonmember,https://www.expressnews.com/weather/article/WA-Spokane-WA-Zone-Forecast-17267725.php,-0.48360597282779055
ref-stablelm-base-alpha-3b-v2,nonmember,https://www.11alive.com/article/news/local/monday-night-brewing-charlotte-atlanta-beer/275-8451352d-3ae7-48bc-91ae-152ccc5e018c,-0.3004955197889103
ref-stablelm-base-alpha-3b-v2,nonmember,https://www.cleveland19.com/2022/06/18/7-arrested-house-office-building-linked-colbert-show/,-1.8904564309233078
ref-stablelm-base-alpha-3b-v2,nonmember,https://www.weau.com/prnewswire/2022/07/20/sapiens-announce-second-quarter-2022-financial-results-august-3rd-2022/,-1.424699083222363
ref-stablelm-base-alpha-3b-v2,nonmember,https://www.wptv.com/news/national/most-say-nation-on-wrong-track-including-dems-ap-norc-poll,-1.880472582233338
ref-stablelm-base-alpha-3b-v2,nonmember,https://www.kfyrtv.com/prnewswire/2022/08/08/leading-organizations-prefer-spinnaker-support-their-most-important-security-needs/,-1.9325884961434472
ref-stablelm-base-alpha-3b-v2,nonmember,https://www.washingtonpost.com/national/yellowstone-bison-gores-colorado-man-causes-arm-injury/2022/06/29/f9c17d50-f7c2-11ec-81db-ac07a394a86b_story.html,-1.4342137079449957
ref-stablelm-base-alpha-3b-v2,nonmember,https://www.kold.com/prnewswire/2022/07/18/818-tequila-announces-global-expansion-with-chinabev-llc-partnership/,-1.625978165510502
ref-stablelm-base-alpha-3b-v2,nonmember,https://www.kens5.com/article/news/local/man-pinned-inside-his-jeep-after-rollover-crash-near-downtown-san-antonio-texas-accident/273-59c45fdc-5a51-41ca-9e77-7f601524bd81,-1.0834860259194845
ref-stablelm-base-alpha-3b-v2,nonmember,https://www.sfchronicle.com/sports/49ers/article/49ers-trey-lance-jimmy-garoppolo-17365836.php,0.2495497245074203
ref-stablelm-base-alpha-3b-v2,nonmember,https://www.wflx.com/prnewswire/2022/07/21/flagstar-bancorp-announces-quarterly-dividend-006-per-share/,-1.0620894306868327
ref-stablelm-base-alpha-3b-v2,nonmember,https://www.binghamtonhomepage.com/news/national/workers-grapple-with-new-stresses-as-they-return-to-office/,-2.0670844451122545
ref-stablelm-base-alpha-3b-v2,nonmember,https://www.myarklamiss.com/sports/ap-sports/castellanos-hr-after-overturned-call-phils-beat-braves-3-1/,-1.74211895015556
ref-stablelm-base-alpha-3b-v2,nonmember,https://www.mysuncoast.com/prnewswire/2022/05/17/leopard-imaging-showcase-2d3d-solutions-based-nvidia-jetson-agx-orin-embedded-vision-summit/,-2.072872460680166
ref-stablelm-base-alpha-3b-v2,nonmember,https://www.localsyr.com/news/international/cars-hit-tires-dumped-on-dutch-highway-amid-farmer-protests/,-2.3384162604848084
ref-stablelm-base-alpha-3b-v2,nonmember,https://www.bostonglobe.com/2022/07/14/metro/these-four-charts-show-just-how-dry-mass-is-this-summer-so-far/,0.2972837337462395
ref-stablelm-base-alpha-3b-v2,nonmember,https://www.wbrc.com/prnewswire/2022/08/31/mg-properties-expands-arizona-portfolio-with-107-million-multifamily-deal/,-1.8350331805828775
ref-stablelm-base-alpha-3b-v2,nonmember,https://www.wdiy.org/npr-news/npr-news/2022-08-22/why-teachers-from-one-of-ohios-largest-school-districts-are-on-strike,-1.8155521017130136
ref-stablelm-base-alpha-3b-v2,nonmember,https://wtmj.com/sports/2022/07/20/for-ukrainian-high-jumper-world-silver-feels-like-gold-2/,-2.1545104003312807
ref-stablelm-base-alpha-3b-v2,nonmember,https://www.localsyr.com/news/national/himars-and-howitzers-west-helps-ukraine-with-key-weaponry/,-1.9676871127145796
ref-stablelm-base-alpha-3b-v2,nonmember,https://www.myarklamiss.com/sports/ap-sports/edman-walkoff-homer-lifts-cards-over-reds-goldy-streak-ends/,-1.7288423697660975
ref-stablelm-base-alpha-3b-v2,nonmember,https://wcfcourier.com/lifestyles/health-med-fit/florida-man-pleads-guilty-to-2-6m-covid-19-relief-fraud/article_19785714-1bfe-5578-b499-7a7cb917d666.html,-1.6185272281404812
ref-stablelm-base-alpha-3b-v2,nonmember,https://www.weau.com/2022/07/11/girl-8-hit-by-flying-cell-phone-while-riding-roller-coaster/,-1.725505569259488
ref-stablelm-base-alpha-3b-v2,nonmember,https://www.krqe.com/news/national/lawmakers-propose-bill-to-give-public-workers-second-chance-at-student-loan-relief/,-1.9140786037899475
ref-stablelm-base-alpha-3b-v2,nonmember,https://www.wibw.com/prnewswire/2022/06/23/inns-monterey-announces-new-adventure-package-this-summer/,-1.9672583259380971
ref-stablelm-base-alpha-3b-v2,nonmember,https://www.washingtonpost.com/business/ntsb-investigators-look-into-fatal-missouri-amtrak-accident/2022/06/28/b0b84f42-f6f2-11ec-81db-ac07a394a86b_story.html,-1.99127800459704
ref-stablelm-base-alpha-3b-v2,nonmember,https://www.wflx.com/prnewswire/2022/09/08/tekniplex-rebrands-streamlining-corporate-identity/,-1.7884413032999815
ref-stablelm-base-alpha-3b-v2,nonmember,https://www.wlbt.com/prnewswire/2022/08/30/drop-refines-75-mechanical-keyboard-category-with-new-sense75/,-1.8813639192965232
ref-stablelm-base-alpha-3b-v2,nonmember,https://www.mrt.com/sports/article/Celtics-Smart-optimistic-he-ll-be-available-for-17151304.php,-1.78512759147393
ref-stablelm-base-alpha-3b-v2,nonmember,https://www.kmvt.com/prnewswire/2022/08/30/target-als-alzheimers-drug-discovery-foundation-announce-award-recipients-biomarker-research/,-1.8164943814402252
ref-stablelm-base-alpha-3b-v2,nonmember,https://www.wmar2news.com/news/national/russia-ukraine-conflict/leader-in-russian-backed-chechnya-warns-poland-could-be-next-ukraine,-2.010367884644854
ref-stablelm-base-alpha-3b-v2,nonmember,https://www.wflx.com/prnewswire/2022/07/06/atlis-motor-vehicles-adds-caryn-nightengale-its-board-directors/,-1.8073714677115638
ref-stablelm-base-alpha-3b-v2,nonmember,https://www.al.com/opinion/2022/08/top-10-alabama-vs-auburn-iron-bowl-caption-contest-winners.html,0.5184001359696322
ref-stablelm-base-alpha-3b-v2,nonmember,https://www.wlbt.com/prnewswire/2022/06/16/fastbridge-fiber-bring-its-newly-constructed-ultra-fast-fiber-internet-pennsylvania-residents-businesses/,-1.4695154990048795
ref-stablelm-base-alpha-3b-v2,nonmember,https://www.seattlepi.com/living/article/Pickled-jalapenos-and-vinegary-brine-boost-17296685.php,-1.5374301565409925
ref-stablelm-base-alpha-3b-v2,nonmember,https://fox59.com/news/man-injured-in-lafayette-shooting-arrested-on-murder-charges/,0.3441329591950384
ref-stablelm-base-alpha-3b-v2,nonmember,https://www.kswo.com/prnewswire/2022/08/23/intelichart-exhibit-2022-community-health-institute-chi-amp-expo/,-2.0127537722927347
ref-stablelm-base-alpha-3b-v2,nonmember,https://www.seattlepi.com/sports/article/Ecclestone-arrested-in-Brazil-for-carrying-pistol-17200426.php,-1.6391956803283925
ref-stablelm-base-alpha-3b-v2,nonmember,https://www.fox16.com/nfl/first-place-seahawks-relish-unexpected-1-0-start-to-season/,-1.7268257753112544
ref-stablelm-base-alpha-3b-v2,nonmember,https://pix11.com/ap-international/amnesty-taliban-crackdown-on-rights-is-suffocating-women/,-1.9936619422037016
ref-stablelm-base-alpha-3b-v2,nonmember,https://www.kswo.com/prnewswire/2022/07/14/aha-inaugurates-nonstop-flights-reno-tahoe-santa-rosa-with-free-tickets-first-100-passengers/,-1.7719001530459961
ref-stablelm-base-alpha-3b-v2,nonmember,https://www.mrt.com/weather/article/CA-Reno-NV-Zone-Forecast-17248187.php,-0.7165309893013414
ref-stablelm-base-alpha-3b-v2,nonmember,https://www.weau.com/prnewswire/2022/09/10/bahamas-ministry-tourism-investments-amp-aviation-brings-bahamas-fort-lauderdale-fla-first-series-tourism-focused-events/,-2.1365271823213385
ref-stablelm-base-alpha-3b-v2,nonmember,https://phl17.com/health/ap-health/ap-louisiana-woman-denied-abortion-wants-vague-ban-clarified/,-2.056206781611279
ref-stablelm-base-alpha-3b-v2,nonmember,https://www.wbaa.org/2022-09-04/chileans-have-rejected-a-new-progressive-constitution,-2.1421368889818693
ref-stablelm-base-alpha-3b-v2,nonmember,https://www.eonline.com/ca/news/1339852/former-nba-player-adreian-payne-s-cause-of-death-revealed,-0.029540102250576572
ref-stablelm-base-alpha-3b-v2,nonmember,https://www.wfmz.com/news/pr_newswire/pr_newswire_business/greenberg-traurigs-todd-basile-presents-on-attracting-investors-by-protecting-innovations-in-medical-robotics/article_d4d3f30f-8ad6-586c-9c90-a2d9e26e8aa0.html,-0.2052476496116422
ref-stablelm-base-alpha-3b-v2,nonmember,https://www.kxnet.com/news/politics/ap-politics/us-disrupts-north-korean-hackers-that-targeted-hospitals/,-2.0132912226295585
ref-stablelm-base-alpha-3b-v2,nonmember,https://www.cbs42.com/news/national/crump-to-represent-randy-cox-black-man-hurt-in-police-van/,-1.9646582324732296
ref-stablelm-base-alpha-3b-v2,nonmember,https://www.wfmz.com/news/pr_newswire/pr_newswire_stocks/georgia-dermatology-center-merges-with-olansky-dermatology-aesthetics/article_781b75d3-fc1f-54ca-9897-cc6c95be912c.html,0.3735832066869742
ref-stablelm-base-alpha-3b-v2,nonmember,https://www.mainepublic.org/npr-news/npr-news/2022-08-03/abortion-rights-shockwave-rocks-the-midterms-and-3-other-takeaways-from-primaries,-2.051824816128167
ref-stablelm-base-alpha-3b-v2,nonmember,https://www.kmvt.com/prnewswire/2022/06/09/geneva-financial-announces-new-california-mortgage-branch-headed-by-branch-manager-brenda-hale/,-1.9212969313737687
ref-stablelm-base-alpha-3b-v2,nonmember,https://www.ktre.com/2022/07/25/police-2-killed-5-injured-shooting-los-angeles-park/,-1.6048460342401945
ref-stablelm-base-alpha-3b-v2,nonmember,https://www.mrt.com/sports/article/Orlando-City-visits-Austin-after-shutout-win-17188764.php,-0.8570361070557848
ref-stablelm-base-alpha-3b-v2,nonmember,https://www.kron4.com/news/national/magic-mushrooms-could-help-heavy-drinkers-quit-study-suggests/,-1.9501726584584833
ref-stablelm-base-alpha-3b-v2,nonmember,https://www.latimes.com/california/story/2022-06-05/80th-anniversary-battle-midway,0.48536970845266225
ref-stablelm-base-alpha-3b-v2,nonmember,https://wgntv.com/news/international/ap-international/explainer-methanol-in-south-africa-teen-deaths-often-fatal/,-2.1202271045039893
ref-stablelm-base-alpha-3b-v2,nonmember,https://www.kark.com/news/local-news/september-suicide-prevention-walk-scheduled-for-pine-bluff/,0.3260512416079693
ref-stablelm-base-alpha-3b-v2,nonmember,https://www.wkyt.com/prnewswire/2022/05/31/elite-agents-around-world-gather-coldwell-banker-exclusive-three-day-global-luxury-summit/,-0.3867024252132223
ref-stablelm-base-alpha-3b-v2,nonmember,https://www.wcjb.com/prnewswire/2022/05/31/comerica-banks-shred-day-returns-southeast-michigan-june-11/,-1.2543015119469616
ref-stablelm-base-alpha-3b-v2,nonmember,https://www.wfmz.com/news/pr_newswire/pr_newswire_technology/acer-refreshes-travelmate-p4-travelmate-spin-p4-and-travelmate-p2-series-business-laptops/article_fd364b2e-0a61-543c-822a-22a661fb3c09.html,-1.3695951720673691
ref-stablelm-base-alpha-3b-v2,nonmember,https://www.wmar2news.com/news/national/communities-neighborhoods-increasingly-using-private-security-to-deter-crime,-0.7348645751996694
ref-stablelm-base-alpha-3b-v2,nonmember,https://www.wflx.com/prnewswire/2022/05/12/exro-technologies-announces-first-quarter-2022-financial-results/,-1.4931228647695571
ref-stablelm-base-alpha-3b-v2,nonmember,https://www.wane.com/news/national-world/mercedes-recalls-1m-vehicles-due-to-brake-issue/,-1.7641510229112831
ref-stablelm-base-alpha-3b-v2,nonmember,https://www.wjhl.com/news/local/bristol-va-business-leaders-support-public-camping-ban/,0.1642330161672665
ref-stablelm-base-alpha-3b-v2,nonmember,https://www.ktre.com/2022/07/12/patient-charged-after-nurse-paramedic-stabbed-missouri-hospital/,-1.4810456688722724
ref-stablelm-base-alpha-3b-v2,nonmember,https://www.ourmidland.com/entertainment/article/Rachel-Zegler-to-star-in-Hunger-Games-prequel-17209389.php,-1.9293963708045632
ref-stablelm-base-alpha-3b-v2,nonmember,https://richmond.com/news/local/education/why-these-chesterfield-students-are-heading-back-to-class-now/article_656cb855-5459-5835-a8ad-db4d9ffa2e04.html,0.34094287639157583
ref-stablelm-base-alpha-3b-v2,nonmember,https://www.sfchronicle.com/sports/article/Watson-helps-Washington-State-beat-No-19-17432999.php,-0.8767801763900263
ref-stablelm-base-alpha-3b-v2,nonmember,https://www.ourmidland.com/news/article/New-blow-Algeria-ends-2-decade-friendship-treaty-17228132.php,-1.990622944576629
ref-stablelm-base-alpha-3b-v2,nonmember,https://www.kfyrtv.com/prnewswire/2022/09/01/nasa-noaa-invite-media-polar-orbiting-weather-satellite-launch/,-1.4107950894715122
ref-stablelm-base-alpha-3b-v2,nonmember,https://www.kswo.com/prnewswire/2022/07/18/virgo-pr-expands-israel-pr-division/,-2.149049069188994
ref-stablelm-base-alpha-3b-v2,nonmember,https://www.news-journalonline.com/story/sports/high-school/baseball/2022/06/02/kyle-marsh-signs-new-flagler-palm-coast-head-baseball-coach/7472545001/,0.2903482025067028
ref-stablelm-base-alpha-3b-v2,nonmember,https://www.mrt.com/news/article/Leahy-discharged-from-rehab-center-following-hip-17338601.php,-1.5826444082681883
ref-stablelm-base-alpha-3b-v2,nonmember,https://www.kivitv.com/news/national/microtransit-can-help-fill-transportation-gaps-in-cities-across-the-us,-2.2223527198879736
ref-stablelm-base-alpha-3b-v2,nonmember,https://www.wbay.com/prnewswire/2022/06/01/pmb-announces-eit-health-supported-flashknife-consortium-towards-clinical-application-flash-radiation-therapy/,-1.7207176330941278
ref-stablelm-base-alpha-3b-v2,nonmember,https://www.valleynewslive.com/prnewswire/2022/08/09/pangaea-logistics-solutions-ltd-reports-record-financial-results-quarter-ended-june-30-2022/,-1.5337717477781647
ref-stablelm-base-alpha-3b-v2,nonmember,https://www.1011now.com/prnewswire/2022/08/04/ati-announces-second-quarter-2022-results/,-1.6371375039153868
ref-stablelm-base-alpha-3b-v2,nonmember,https://www.wdtn.com/sports/ap-sports/fury-to-walk-away-from-boxing-after-short-lived-comeback/,-1.709134052124329
ref-stablelm-base-alpha-3b-v2,nonmember,https://www.1011now.com/prnewswire/2022/07/20/willingboro-municipal-utilities-authoritys-infrastructure-esip-earns-top-project-year-energy-environment-leader/,-2.364293659973115
ref-stablelm-base-alpha-3b-v2,nonmember,https://www.kenoshanews.com/darcy/article_0430726e-c0e4-5887-9410-08569517556d.html,-0.5945154987874242
ref-stablelm-base-alpha-3b-v2,nonmember,https://www.inquirer.com/health/opioid-addiction/philadelphia-addiction-deaths-tyreek-lewis-20220903.html,0.44860854278428564
ref-stablelm-base-alpha-3b-v2,nonmember,https://www.wlbt.com/2022/06/15/fauci-tests-positive-covid-19/,-1.1059145617706905
ref-stablelm-base-alpha-3b-v2,nonmember,https://www.eonline.com/news/1340566/fboy-island-boss-breaks-down-that-shocking-season-2-finale-twist,0.29191365239715106
ref-stablelm-base-alpha-3b-v2,nonmember,https://www.kwch.com/prnewswire/2022/08/26/zim-updates-withholding-tax-procedures-september-2022-cash-dividend/,-1.4998514207951255
ref-stablelm-base-alpha-3b-v2,nonmember,https://www.wcjb.com/prnewswire/2022/09/15/ifbta-brings-food-beverage-professionals-together-with-new-programs/,-1.9723084103507496
ref-stablelm-base-alpha-3b-v2,nonmember,https://www.twincities.com/2022/08/05/explainer-how-do-we-know-when-a-recession-has-begun-2/,-1.9579920421577621
ref-stablelm-base-alpha-3b-v2,nonmember,https://www.wafb.com/prnewswire/2022/09/05/prospection-partners-with-leading-japanese-healthcare-data-provider-medical-data-vision-improve-treatment-access-patients/,-1.4750402201336088
ref-stablelm-base-alpha-3b-v2,nonmember,https://www.fox29.com/news/video-attempted-child-kidnapping-hamilton-ohio-deric-mcpherson,-0.5196896340695609
ref-stablelm-base-alpha-3b-v2,nonmember,https://www.kfyrtv.com/prnewswire/2022/06/21/email-threats-spike-101-remains-top-attack-vector/,-1.9872725728854963
ref-stablelm-base-alpha-3b-v2,nonmember,https://www.trentonian.com/2022/07/06/pirates-spoil-taillons-return-beat-mlb-best-yankees/,-1.8109389602571024
ref-stablelm-base-alpha-3b-v2,nonmember,https://www.tacomadailyindex.com/blog/no-21-4-00506-41-notice-to-creditors/2456238/,-0.6058163944219097
ref-stablelm-base-alpha-3b-v2,nonmember,https://www.mrt.com/news/article/Beshear-denounces-near-total-abortion-ban-as-17277773.php,-1.897914602611753
ref-stablelm-base-alpha-3b-v2,nonmember,https://www.dakotanewsnow.com/prnewswire/2022/05/18/dryden-street-school-westbury-new-york-wins-2022-colgate-bright-smiles-kids-awards-grand-prize/,-1.9867949038655055
ref-stablelm-base-alpha-3b-v2,nonmember,https://www.iowapublicradio.org/news-from-npr/news-from-npr/2022-08-12/deshaun-watson-will-be-suspended-for-11-games-after-allegations-of-sexual-misconduct,-1.850156003122285
ref-stablelm-base-alpha-3b-v2,nonmember,https://www.weau.com/prnewswire/2022/07/20/sony-semiconductor-solutions-release-industrys-first1-cmos-image-sensor-security-cameras-that-simultaneously-delivers-full-pixel-output-captured-images-high-speed-output-regions-interest/,-2.0881100194326354
ref-stablelm-base-alpha-3b-v2,nonmember,https://www.abcactionnews.com/news/national/jackson-mississippis-water-crisis-coming-to-an-end-nearly-a-week-later,-1.660350860679067
ref-stablelm-base-alpha-3b-v2,nonmember,https://www.wflx.com/prnewswire/2022/05/24/knauf-insulation-earns-first-asthma-amp-allergy-friendly-certification-fiberglass-acoustic-panel/,-1.2939205015626118
ref-stablelm-base-alpha-3b-v2,nonmember,https://www.kait8.com/2022/07/12/dry-weather-leads-farmer-struggles/,0.04764555274171833
ref-stablelm-base-alpha-3b-v2,nonmember,https://www.wymt.com/prnewswire/2022/09/07/health-net-providing-special-assistance-members-affected-by-wildfires/,-1.8502907085302622
ref-stablelm-base-alpha-3b-v2,nonmember,https://www.fox29.com/news/video-mugger-beats-victim-with-pistol-in-queens-nypd,0.04622224127982255
ref-stablelm-base-alpha-3b-v2,nonmember,https://www.wbrc.com/2022/07/18/florida-high-school-shooters-penalty-trial-set-begin/,-2.050650408154721
ref-stablelm-base-alpha-3b-v2,nonmember,https://www.1011now.com/prnewswire/2022/07/01/meta-announce-second-quarter-2022-results/,-1.4280942773640752
ref-stablelm-base-alpha-3b-v2,nonmember,https://www.wweek.com/outdoors/2022/08/23/viento-state-park-is-closed-for-upgrades-that-will-help-complete-the-historic-columbia-river-highway-state-trail/,0.5538064926296644
ref-stablelm-base-alpha-3b-v2,nonmember,https://www.valleynewslive.com/2022/04/20/father-facing-cruelty-charges-after-leaving-child-car-6-hours-police-say/,-1.6131141702010452
ref-stablelm-base-alpha-3b-v2,nonmember,https://www.kttc.com/2022/07/18/elgin-man-shows-off-his-jersey-vinyl-collection/,0.20198362360244415
ref-stablelm-base-alpha-3b-v2,nonmember,https://www.weau.com/prnewswire/2022/06/13/oracle-announces-fiscal-2022-fourth-quarter-fiscal-full-year-financial-results/,-1.5633056968192427
ref-stablelm-base-alpha-3b-v2,nonmember,https://www.krqe.com/reviews/br/home-br/decor-br/best-coir-doormat/,-1.8958453062863987
ref-stablelm-base-alpha-3b-v2,nonmember,https://www.kbtx.com/prnewswire/2022/07/21/lordstown-motors-announces-timing-second-quarter-2022-financial-results-webcast/,-1.789160077184834
ref-stablelm-base-alpha-3b-v2,nonmember,https://www.wbay.com/prnewswire/2022/06/10/hmh-digital-first-connected-solution-writable-with-hmh-into-literature-wins-siia-codie-awards/,-1.9468748687503465
ref-stablelm-base-alpha-3b-v2,nonmember,https://www.wkyt.com/prnewswire/2022/08/02/california-schools-have-started-submitting-finalized-purchase-orders-airbox-certified-hepa-air-purification-units-provided-by-box-pure-air-part-california-department-education-arp-eans-ii-grant/,-1.9040884061395842
ref-stablelm-base-alpha-3b-v2,nonmember,https://www.krqe.com/sports/mlb-baseball/blue-jays-ride-manoahs-arm-more-than-their-bats-beat-bosox/,-1.3456992204999978
ref-stablelm-base-alpha-3b-v2,nonmember,https://www.sfgate.com/sports/article/Kim-s-double-clears-bases-Padres-finish-sweep-of-17134528.php,-1.3610770367217175
ref-stablelm-base-alpha-3b-v2,nonmember,https://kion546.com/sports/ap-national-sports/2022/08/24/49ers-hoping-qb-trey-lance-helps-them-take-next-step-2/,-0.9028265823741586
ref-stablelm-base-alpha-3b-v2,nonmember,https://www.wnem.com/2022/06/09/potential-intruder-confronted-outside-elementary-school-alabama-superintendent-says/,-1.5153896093503896
ref-stablelm-base-alpha-3b-v2,nonmember,https://www.wmar2news.com/eye-cream-dark-circles-less-than-20-amazon,0.08717223838107313
ref-stablelm-base-alpha-3b-v2,nonmember,https://www.wflx.com/prnewswire/2022/08/04/desert-mountain-energy-has-significant-shows-helium-gunnar-dome-wildcat-well/,-1.9341995959886633
ref-stablelm-base-alpha-3b-v2,nonmember,https://www.wsaz.com/prnewswire/2022/06/14/lexus-x-100-thieves-customized-vehicle-features-first-design-generated-by-championship-gameplay/,-1.6699727470099743
ref-stablelm-base-alpha-3b-v2,nonmember,https://www.kswo.com/prnewswire/2022/06/30/bulletin-annual-general-meeting-hansa-biopharma-ab-publ/,-1.368444782750477
ref-stablelm-base-alpha-3b-v2,nonmember,https://www.kmvt.com/prnewswire/2022/06/22/three-quarters-employees-say-racial-equity-policies-are-not-genuine/,-1.5485202900566695
ref-stablelm-base-alpha-3b-v2,nonmember,https://www.kxnet.com/news/business-beat/ap-business/uk-inflation-rate-hits-new-40-year-high-of-9-1/,-1.9365128382863466
ref-stablelm-base-alpha-3b-v2,nonmember,https://www.kwch.com/prnewswire/2022/09/12/beliveai-drive-your-store-with-ai/,-2.2971738728485174
ref-stablelm-base-alpha-3b-v2,nonmember,https://www.wfmz.com/news/pr_newswire/pr_newswire_stocks/sports-and-entertainment-leader-rita-mort-joins-phit-america-board/article_4e00cd89-62f7-570e-9741-597239200680.html,-1.5479168441063766
ref-stablelm-base-alpha-3b-v2,nonmember,https://www.kait8.com/prnewswire/2022/06/13/russell-reynolds-associates-appoints-gretchen-anderson-lead-its-global-culture-offering-clients-worldwide/,-1.9692067740688137
ref-stablelm-base-alpha-3b-v2,nonmember,https://www.foxnews.com/politics/pennsylvania-manufacturing-workers-blast-bidens-student-loan-handout,0.0840041268082432
ref-stablelm-base-alpha-3b-v2,nonmember,https://kion546.com/politics/cnn-us-politics/2022/08/04/biden-administration-plans-to-declare-the-monkeypox-outbreak-a-public-health-emergency-2/,-1.4240696070116963
ref-stablelm-base-alpha-3b-v2,nonmember,https://phl17.com/reviews/br/health-wellness-br/incontinence-br/bedpan-vs-fracture-pan/,-1.4175796860126433
ref-stablelm-base-alpha-3b-v2,nonmember,https://pix11.com/reviews/br/home-br/decor-br/best-black-and-white-throw-blanket/,-1.6494927067882361
ref-stablelm-base-alpha-3b-v2,nonmember,https://www.albanyherald.com/news/more-than-40-of-earths-land-surface-must-be-conserved-to-stop-the-biodiversity-crisis/article_3a846035-fce1-5c2e-8f7e-e66d5548692b.html,-0.19397589672011817
ref-stablelm-base-alpha-3b-v2,nonmember,https://www.seattlepi.com/news/article/Free-Staters-roil-New-Hampshire-politics-in-ski-17403213.php,-2.063057882619771
ref-stablelm-base-alpha-3b-v2,nonmember,https://www.wearegreenbay.com/entertainment/ap-entertainment/carrie-underwood-amps-up-her-wattage-with-new-album-tour/,-2.277197103334317
ref-stablelm-base-alpha-3b-v2,nonmember,https://www.cleveland19.com/prnewswire/2022/06/15/shiftmeds-nurses-choice-awards-celebrate-exceptional-healthcare-facilities/,-1.8211054707601508
ref-stablelm-base-alpha-3b-v2,nonmember,https://www.fox43.com/article/news/nation-world/leon-vitali-stanley-kubrick-right-hand-man-dies/507-b9fc40ce-4487-45ce-b010-584d08bf3119,-2.0302292828959363
ref-stablelm-base-alpha-3b-v2,nonmember,https://www.knau.org/npr-news/npr-news/2022-07-23/rights-groups-are-urging-sri-lanka-not-to-use-force-against-protesters,-1.8289481605728646
ref-stablelm-base-alpha-3b-v2,nonmember,https://www.1011now.com/prnewswire/2022/06/27/varian-receives-investigational-device-exemption-ide-flash-technology-clinical-trial-fast-02/,-1.8444155150984596
ref-stablelm-base-alpha-3b-v2,nonmember,https://cbs4indy.com/reviews/br/sports-fitness-br/football-br/best-flag-football-set-2/,-1.8636810242545727
ref-stablelm-base-alpha-3b-v2,nonmember,https://hot1009.com/3420097/cardi-b-and-her-family-celebrate-son-waves-birthday-in-matching-custom-denim-outfits/,-0.35823301855358247
ref-stablelm-base-alpha-3b-v2,nonmember,https://www.jacksonsun.com/story/news/2022/05/16/jackson-rotary-clubs-donate-socks-shoes-east-southside-denmark-elementary/9789900002/,0.26899777429024274
ref-stablelm-base-alpha-3b-v2,nonmember,https://www.ourmidland.com/sports/article/Reynolds-homer-lifts-Pirates-to-6-4-win-over-17245092.php,-1.4014565516220474
ref-stablelm-base-alpha-3b-v2,nonmember,https://www.wunc.org/2022-08-08/covid-sewage-surveillance-labs-join-the-hunt-for-monkeypox,-2.141756101511692
ref-stablelm-base-alpha-3b-v2,nonmember,https://www.sfchronicle.com/news/article/Woman-sues-over-residency-requirement-for-17398741.php,-1.8642483966389027
ref-stablelm-base-alpha-3b-v2,nonmember,https://www.wbtv.com/prnewswire/2022/08/02/jtech-introduces-virtual-service-kiosk/,-1.9262140584306588
ref-stablelm-base-alpha-3b-v2,nonmember,https://www.seattletimes.com/nation-world/war-guilt-and-last-kisses-a-deceptive-uneasy-calm-for-kyiv/?utm_source=RSS&utm_medium=Referral&utm_campaign=RSS_world,-2.6983745567876425
ref-stablelm-base-alpha-3b-v2,nonmember,https://www.valleynewslive.com/prnewswire/2022/05/23/woolpert-selected-by-pacific-community-spc-topo-bathy-lidar-aerial-imagery-vanuatu/,-1.8838858666548202
ref-stablelm-base-alpha-3b-v2,nonmember,https://www.cleveland19.com/prnewswire/2022/08/23/calamu-protect-now-available-aws-marketplace/,-1.9817883751400802
ref-stablelm-base-alpha-3b-v2,nonmember,https://www.arkansasonline.com/news/2022/jul/31/drone-explosion-hits-russias-black-sea-fleet-headquarters/,-2.0616440258627042
ref-stablelm-base-alpha-3b-v2,nonmember,https://www.wtvr.com/eat-it-virginia/buffalo-wild-wings-richmond-august-15-2022,-0.1694797355363613
ref-stablelm-base-alpha-3b-v2,nonmember,https://www.wafb.com/prnewswire/2022/09/01/betr-launches-worlds-first-micro-betting-app/,-1.6995586780056307
ref-stablelm-base-alpha-3b-v2,nonmember,https://www.texomashomepage.com/news/international/ap-australia-says-its-navy-can-resume-visits-to-solomon-islands/,-1.8903259490908644
ref-stablelm-base-alpha-3b-v2,nonmember,https://www.wbtv.com/prnewswire/2022/09/14/nikon-announces-investment-hybrid-manufacturing-technologies-global-inc/,-2.375923706315288
ref-stablelm-base-alpha-3b-v2,nonmember,https://www.fox16.com/reviews/best-futon-bed/,-1.5949543863674223
ref-stablelm-base-alpha-3b-v2,nonmember,https://cw33.com/sports/ap-sports/ap-trouts-hr-streak-ends-at-7-games-guardians-win-5th-in-row/,-1.7547196168638926
ref-stablelm-base-alpha-3b-v2,nonmember,https://www.fox29.com/news/arizona-man-arrested-accused-of-praising-uvalde-texas-school-shooting-pd,-0.42733555191210093
ref-stablelm-base-alpha-3b-v2,nonmember,https://www.eonline.com/ca/news/1337606/bachelorettes-gabby-windey-and-rachel-recchia-react-to-season-19-s-contestant-arrivals?cmpid=rss-000000-rssfeed-365-topstories&utm_source=eonline&utm_medium=rssfeeds&utm_campaign=rss_topstories,0.4207655943151316
ref-stablelm-base-alpha-3b-v2,nonmember,https://www.sfgate.com/news/article/SpaceX-T-Mobile-attempt-to-reach-remote-areas-17399839.php,-2.1572006512284934
ref-stablelm-base-alpha-3b-v2,nonmember,https://www.kalb.com/prnewswire/2022/06/29/congressional-medal-honor-society-announces-passing-medal-honor-recipient-hershel-woody-williams/,-1.2548868199349257
ref-stablelm-base-alpha-3b-v2,nonmember,https://www.cleveland19.com/prnewswire/2022/06/14/aip-becomes-owner-aluminium-duffel/,-1.8000285675348076
ref-stablelm-base-alpha-3b-v2,nonmember,https://www.wcjb.com/prnewswire/2022/06/21/exodus-cry-urges-congress-protect-children-online-porn-amp-sexual-exploitation-through-policy/,-2.0963709713923766
ref-stablelm-base-alpha-3b-v2,nonmember,https://www.baltimoresun.com/sports/high-school/ac-cs-ally-keith-spalding-field-hockey-q-and-a-20220808-6ppmxpr7engr7epbtoh4rbfvmm-story.html,0.24876988505287922
ref-stablelm-base-alpha-3b-v2,nonmember,https://www.wsaz.com/prnewswire/2022/07/25/zulily-unveils-its-third-annual-top-toy-list-2022/,-1.6063492667130264
ref-stablelm-base-alpha-3b-v2,nonmember,https://www.mysuncoast.com/prnewswire/2022/07/12/table-trac-is-expanding-with-stillwater-gaming-by-installing-casinotrac-management-system-lucky-strike-casino/,-1.7089092074777745
ref-stablelm-base-alpha-3b-v2,nonmember,https://www.kalb.com/prnewswire/2022/05/14/tech-brings-leaders-together-build-opportunities-womens-stem-success/,-2.004369484297862
ref-stablelm-base-alpha-3b-v2,nonmember,https://www.weau.com/prnewswire/2022/09/15/j-ints-bio-poster-presentation-further-preclinical-data-its-novel-oral-4th-generation-egfr-tki-jin-a02-2022-european-society-medical-oncology-congress-paris-france-esmo-2022/,-1.8521534969992297
ref-stablelm-base-alpha-3b-v2,nonmember,https://www.washingtonpost.com/business/2022/07/13/dollar-euro-parity/,0.16601516919963677
ref-stablelm-base-alpha-3b-v2,nonmember,https://www.wvasfm.org/business/2022-07-01/india-begins-to-ban-single-use-plastics-including-cups-and-straws,-2.201866955550471
ref-stablelm-base-alpha-3b-v2,nonmember,https://www.wbay.com/prnewswire/2022/09/12/cnx-resources-corporation-announces-tender-offer-its-7250-senior-notes-due-2027/,-0.7885238630293362
ref-stablelm-base-alpha-3b-v2,nonmember,https://www.wfmz.com/news/pr_newswire/pr_newswire_technology/ebet-inc-to-participate-in-a-fireside-chat-at-the-17th-annual-needham-technology-media/article_2d506aad-9883-51e6-9a29-af40f2c3af6d.html,-1.20473801304496
ref-stablelm-base-alpha-3b-v2,nonmember,https://www.mrt.com/news/article/Shanghai-s-landmark-park-revived-as-COVID-17214483.php,-2.3943546502697997
ref-stablelm-base-alpha-3b-v2,nonmember,https://www.kbtx.com/prnewswire/2022/05/03/top-business-leadership-podcast-c-suite-intelligence-renewed-second-season/,-0.5433415677532769
ref-stablelm-base-alpha-3b-v2,nonmember,https://www.myarklamiss.com/reviews/br/camping-outdoors-br/gear-br/best-merrell-hiking-boots/,-1.7280221951722703
ref-stablelm-base-alpha-3b-v2,nonmember,https://www.kark.com/sports/ap-sports/ap-horschel-homa-among-6-players-added-to-presidents-cup-team/,-1.994634646480418
ref-stablelm-base-alpha-3b-v2,nonmember,https://www.mrt.com/weather/article/WA-WFO-SPOKANE-Warnings-Watches-and-Advisories-17289621.php,-1.520639164905434
ref-stablelm-base-alpha-3b-v2,nonmember,https://www.sfgate.com/sports/article/Pittsburgh-Chicago-Cubs-Runs-17122124.php,-0.5990976103607488
ref-stablelm-base-alpha-3b-v2,nonmember,https://www.kens5.com/article/entertainment/san-antonio-concert-tech-port-center-modest-mouse-beach-house-music/273-a0e0d4a2-0501-47fe-8641-4416a59f40e7,-0.5754394657998154
ref-stablelm-base-alpha-3b-v2,nonmember,https://kion546.com/news/2022/09/01/1-year-old-dies-after-accidentally-shooting-himself-in-st-louis-city-police-say/,-0.6574447732605344
ref-stablelm-base-alpha-3b-v2,nonmember,https://www.wptv.com/news/world/cannes-film-festival-opens-with-video-address-from-volodymyr-zelenskyy,-1.9645879042305991
ref-stablelm-base-alpha-3b-v2,nonmember,https://www.texomashomepage.com/news/political-news/biden-g-7-leaders-huddle-on-energy-inflation-ukraine-war/,-2.123183477528911
ref-stablelm-base-alpha-3b-v2,nonmember,https://www.seattlepi.com/sports/article/AP-source-Commanders-buy-Va-land-for-possible-17192979.php,-1.6818299827832894
ref-stablelm-base-alpha-3b-v2,nonmember,https://www.newscentermaine.com/article/news/nation-world/twitter-sues-to-force-elon-musk-to-complete-acquisition/507-fc2c393b-afda-4d53-916c-ad405daceb00,-2.4199987619712195
ref-stablelm-base-alpha-3b-v2,nonmember,https://www.azfamily.com/2022/08/28/videos-reveal-animals-kept-awful-conditions-popular-sanctuary-activists-say/,-0.8307468717831643
ref-stablelm-base-alpha-3b-v2,nonmember,https://www.eonline.com/news/1335960/nordstrom-4th-of-july-2022-deals-score-up-to-81-off-tory-burch-le-creuset-free-people-more,0.3622928477994798
ref-stablelm-base-alpha-3b-v2,nonmember,https://www.wafb.com/prnewswire/2022/07/27/wix-announce-second-quarter-2022-results-august-10-2022/,-1.4255635570936378
ref-stablelm-base-alpha-3b-v2,nonmember,https://www.1011now.com/prnewswire/2022/07/29/delic-completes-offering-debentures/,-1.2355872431361294
ref-stablelm-base-alpha-3b-v2,nonmember,https://www.conchovalleyhomepage.com/news/national-news/anne-heche-dead-at-53-actress-removed-from-life-support-after-organs-harvested/,-1.881560500073843
ref-stablelm-base-alpha-3b-v2,nonmember,https://www.wivb.com/reviews/br/sports-fitness-br/baseball-softball-br/best-easton-baseball-bat/,-1.6015055042777524
ref-stablelm-base-alpha-3b-v2,nonmember,https://www.yourbasin.com/news/national-news/will-this-be-the-summer-of-student-debt-cancellation/,-2.089232132257967
ref-stablelm-base-alpha-3b-v2,nonmember,https://www.cenlanow.com/national/dispatcher-accused-of-hanging-up-on-buffalo-supermarket-shooting-call-is-fired/,-1.8685930445513717
ref-stablelm-base-alpha-3b-v2,nonmember,https://www.wfla.com/reviews/br/home-br/party-supplies-br/steve-martin-may-soon-retire-heres-what-you-need-to-throw-a-watch-party-and-celebrate-his-legacy/,-2.0560555917632275
ref-stablelm-base-alpha-3b-v2,nonmember,https://www.wistv.com/2022/08/12/firefighters-rescue-lost-ram-re-home-it-their-station/,-2.06298666262742
ref-stablelm-base-alpha-3b-v2,nonmember,https://www.wfmz.com/news/pr_newswire/pr_newswire_technology/cgtn-why-chinas-development-philosophy-can-help-promote-global-prosperity/article_2a607901-b7e4-5466-aa21-b89c8efd60b0.html,-2.1529435646431843
ref-stablelm-base-alpha-3b-v2,nonmember,https://cbs4indy.com/sports/ap-sports/ap-blues-sign-jordan-kyrou-to-8-year-65-million-extension/,-1.6802130072061794
ref-stablelm-base-alpha-3b-v2,nonmember,https://www.1011now.com/prnewswire/2022/08/30/shutterstock-rebrands-newsroom-splash-news/,-1.6332857483465724
ref-stablelm-base-alpha-3b-v2,nonmember,https://www.gainesville.com/story/lifestyle/2022/08/17/12-members-dayspring-baptist-church-were-elevated-ministry-sunday/10328962002/,0.45127810657389755
ref-stablelm-base-alpha-3b-v2,nonmember,https://www.wflx.com/prnewswire/2022/07/07/invesco-real-estate-income-trust-inc-acquires-two-self-storage-portfolios/,-1.6685237169619156
ref-stablelm-base-alpha-3b-v2,nonmember,https://www.weau.com/prnewswire/2022/08/26/momentum-grows-around-vision-2045-campaign-cleaner-business/,-2.2410537989439607
ref-stablelm-base-alpha-3b-v2,nonmember,https://www.sfchronicle.com/news/article/Alaska-Senate-minority-leader-doesn-t-plan-to-run-17215946.php,-2.05813294860939
ref-stablelm-base-alpha-3b-v2,nonmember,https://www.wistv.com/prnewswire/2022/07/21/covid-19-cases-deaths-rise-mississippis-nursing-homes/,-1.5287036329109958
ref-stablelm-base-alpha-3b-v2,nonmember,https://www.wlbt.com/prnewswire/2022/09/06/protalix-biotherapeutics-present-hc-wainwright-24th-annual-global-investment-conference/,-1.5276106195277241
ref-stablelm-base-alpha-3b-v2,nonmember,https://www.ksn.com/news/fire-ravages-downtown-las-vegas-destroying-buildings/,-1.8423037591639737
ref-stablelm-base-alpha-3b-v2,nonmember,https://www.wbtv.com/prnewswire/2022/07/25/kalahari-resorts-conventions-celebrates-fifth-annual-national-waterpark-day/,-1.1240635855733332
ref-stablelm-base-alpha-3b-v2,nonmember,https://www.mysuncoast.com/prnewswire/2022/07/26/head-back-school-with-eyebuydirects-cool-classroom-styles/,-1.4761516287365786
ref-stablelm-base-alpha-3b-v2,nonmember,https://cbs4indy.com/news/national-world/young-boy-3-men-who-tried-to-save-him-die-in-river/,-2.089366235714442
ref-stablelm-base-alpha-3b-v2,nonmember,https://newstalk1290.com/johnny-depps-popularity-decreased-during-trial/,0.1675894224994443
ref-stablelm-base-alpha-3b-v2,nonmember,https://www.seattlepi.com/sports/article/Steve-Stricker-out-of-Senior-PGA-with-positive-17196023.php,-1.8269495335269696
ref-stablelm-base-alpha-3b-v2,nonmember,https://www.kfyrtv.com/prnewswire/2022/06/22/bitcoin-americas-all-female-team-makes-an-impact-btc-2022/,-2.1084925137343675
ref-stablelm-base-alpha-3b-v2,nonmember,https://www.yourbasin.com/political/ap-declassified-report-shows-us-predictions-of-is-group-threat/,-2.0585212280403224
ref-stablelm-base-alpha-3b-v2,nonmember,https://www.wane.com/news/business/ap-business/nevada-court-fights-raise-caution-flags-on-green-energy-push/,-2.0461491021819813
ref-stablelm-base-alpha-3b-v2,nonmember,https://www.fayobserver.com/story/sports/college/football/2022/09/11/fayetteville-state-football-vs-wingate-methodist-football-vs-guilford/8039449001/,0.3609090081016477
ref-stablelm-base-alpha-3b-v2,nonmember,https://www.wkyt.com/prnewswire/2022/09/06/tetra-collaborates-with-cellvera-develop-potential-oral-combination-treatment-covid-19-patients/,-1.4564530800578968
ref-stablelm-base-alpha-3b-v2,nonmember,https://www.mlive.com/news/flint/2022/07/burton-woman-killed-in-shooting-at-mobile-home-park.html,0.07725810098054398
ref-stablelm-base-alpha-3b-v2,nonmember,https://www.valleynewslive.com/prnewswire/2022/08/18/deloreans-gullwing-doors-return-after-40-years/,-1.8164227340658765
ref-stablelm-base-alpha-3b-v2,nonmember,https://www.kold.com/prnewswire/2022/05/20/nsb-first-asian-american-music-group-debuts-single-you-are-my-star/,-2.1751679525666296
ref-stablelm-base-alpha-3b-v2,nonmember,https://www.kxii.com/prnewswire/2022/06/24/bradley-adds-real-estate-partner-lauren-smyth-dallas-office/,-1.3510355586804663
ref-stablelm-base-alpha-3b-v2,nonmember,https://fox59.com/news/ap-top-headlines/ap-woman-arrested-after-accusing-taliban-official-of-rape/,-1.9917319515996743
ref-stablelm-base-alpha-3b-v2,nonmember,https://www.phillymag.com/be-well-philly/2022/04/06/foot-pain-shoe-tips/,0.4879921451798839
ref-stablelm-base-alpha-3b-v2,nonmember,https://www.wlbt.com/prnewswire/2022/09/06/ovintiv-names-ralph-izzo-its-board-directors/,-1.396316386747004
ref-stablelm-base-alpha-3b-v2,nonmember,https://www.kalb.com/prnewswire/2022/06/29/kewaunee-scientific-reports-results-fiscal-year-fourth-quarter/,-1.319016742784673
ref-stablelm-base-alpha-3b-v2,nonmember,https://www.kfyrtv.com/prnewswire/2022/08/03/del-monte-foods-inc-acquires-kitchen-basics-build-national-retail-presence-broth-stocks/,-1.6340643793884908
ref-stablelm-base-alpha-3b-v2,nonmember,https://www.ourmidland.com/weather/article/CA-WFO-MEDFORD-Warnings-Watches-and-Advisories-17238204.php,-1.743762557990571
ref-stablelm-base-alpha-3b-v2,nonmember,https://www.jsonline.com/story/news/education/2022/08/30/student-loan-forgiveness-plan-may-mean-higher-tax-bill-wisconsin/7904355001/,0.22666066901653448
ref-stablelm-base-alpha-3b-v2,nonmember,https://www.wflx.com/prnewswire/2022/05/26/sepios-hac-1-solution-verified-citrix-ready/,-1.5585807131220437
ref-stablelm-base-alpha-3b-v2,nonmember,https://www.kbzk.com/news/montana-news/overnight-shooting-reported-in-great-falls,-0.4389357719521878
ref-stablelm-base-alpha-3b-v2,nonmember,https://www.wymt.com/prnewswire/2022/07/18/evolves-in-depth-vacation-rental-industry-trends-summer-2022-report-examines-current-state-industry/,-1.8987264172074638
ref-stablelm-base-alpha-3b-v2,nonmember,https://www.kait8.com/prnewswire/2022/06/21/therorna-completes-series-financing-accelerate-pipeline-development-clinical-transformation-circrna-based-platform/,-2.209973840817213
ref-stablelm-base-alpha-3b-v2,nonmember,https://www.tauntongazette.com/story/sports/high-school/2022/05/01/weekend-high-school-scores-b-r-girls-lax-rallies-past-bishop-stang/9611890002/,0.2362544735624188
ref-stablelm-base-alpha-3b-v2,nonmember,https://www.fayobserver.com/story/news/education/2022/05/21/fayetteville-technical-community-college-holds-graduation-may-13/9853045002/,0.2409278967352706
ref-stablelm-base-alpha-3b-v2,nonmember,https://www.currentargus.com/story/entertainment/books/2022/05/29/photo-essay-book-look-into-human-condition-around-world/9870860002/,0.3506692010312302
ref-stablelm-base-alpha-3b-v2,nonmember,https://www.mysuncoast.com/prnewswire/2022/06/28/synopsys-arm-strengthen-partnership-advance-next-gen-mobile-socs-arms-total-compute-solutions/,-1.7862168005949486
ref-stablelm-base-alpha-3b-v2,nonmember,https://www.nprillinois.org/2022-08-14/trumps-name-is-not-on-the-ballot-tuesday-but-his-thumb-rests-heavily-on-the-scale,-2.2955846252489613
ref-stablelm-base-alpha-3b-v2,nonmember,https://www.wearegreenbay.com/top-stories/ap-judge-delays-gov-kemps-testimony-in-georgia-election-probe/,-1.7612798276499348
ref-stablelm-base-alpha-3b-v2,nonmember,https://www.abc10.com/article/news/local/elk-grove/sky-river-casino-elk-grove/103-0d21fb1a-83d3-4fe3-9913-c875b7d51917,0.15577227749294442
ref-stablelm-base-alpha-3b-v2,nonmember,https://www.11alive.com/article/news/nation-world/brittney-griner-trial/507-4b23405a-dd92-4fcc-93e4-7a9e9460beb0,-2.0410970465593565
ref-stablelm-base-alpha-3b-v2,nonmember,https://www.valleynewslive.com/prnewswire/2022/07/21/robb-reports-event-dream-machines-land-amp-air-makes-its-annual-return-las-vegas-celebrating-newest-machines-unique-adventures-luxury-experiences-avid-adventurer-partnership-with-resorts-world-las-vegas/,-1.990818450376096
ref-stablelm-base-alpha-3b-v2,nonmember,https://wcfcourier.com/news/national/wall-street-falls-as-jobs-data-suggests-fed-hikes-not-over/article_b2030e18-559e-52b2-81cc-75fa7415bc06.html,-1.9626443620611957
ref-stablelm-base-alpha-3b-v2,nonmember,https://www.mrt.com/weather/article/NY-WFO-BUFFALO-Warnings-Watches-and-Advisories-17387194.php,-1.470545206333209
ref-stablelm-base-alpha-3b-v2,nonmember,https://www.kmvt.com/prnewswire/2022/07/21/diamond-j-properties-announces-grand-opening-land-sale-event-lakefront-community-stillwater-shores-july-30th-2022/,-1.9133377065467607
ref-stablelm-base-alpha-3b-v2,nonmember,https://www.wlbt.com/prnewswire/2022/08/22/mainstream-renewable-power-ocean-winds-win-18-gw-scotwind-site/,-1.908690870151738
ref-stablelm-base-alpha-3b-v2,nonmember,https://www.wbrc.com/prnewswire/2022/07/26/health-catalyst-akron-childrens-hospital-team-up-advance-population-health-efforts/,-1.5842589925035038
ref-stablelm-base-alpha-3b-v2,nonmember,https://www.washingtonpost.com/obituaries/2022/06/08/labor-activist-charles-kernaghan-dead/,0.5936412680930818
ref-stablelm-base-alpha-3b-v2,nonmember,https://www.wfla.com/glance-at-the-galaxy/no-viral-video-does-not-show-moon-blocking-sun-over-north-pole/,-1.9549029743096586
ref-stablelm-base-alpha-3b-v2,nonmember,https://wausaupilotandreview.com/2022/05/14/u-s-house-panel-weighs-labor-law-amendment-to-protect-workers-from-wage-theft/,0.06765462022767532
ref-stablelm-base-alpha-3b-v2,nonmember,https://www.valleynewslive.com/prnewswire/2022/06/30/google-cloud-announces-new-partnership-with-global-fashion-retailer/,-1.5854283156431221
ref-stablelm-base-alpha-3b-v2,nonmember,https://www.dakotanewsnow.com/prnewswire/2022/06/21/davids-bridal-launches-semi-annual-sale-a-bration-with-unprecedented-deals-limited-time/,-1.8601334753121717
ref-stablelm-base-alpha-3b-v2,nonmember,https://www.wfmz.com/news/pr_newswire/pr_newswire_stocks/ivf-flordas-marcelo-j-barrionuevo-m-d-invited-as-keynote-speaker-at-the-south-florida/article_aadeb719-351e-5503-808b-f95816ca4a88.html,0.4560358652926293
ref-stablelm-base-alpha-3b-v2,nonmember,https://www.kark.com/news/national-news/brain-eating-amoeba-causes-rare-infection-in-missouri-patient-first-in-35-years/,-1.3396686344855195
ref-stablelm-base-alpha-3b-v2,nonmember,https://lptv.org/shop-owner-turned-mayor-of-emily-gets-sidewalks-fixed-along-highway-6/,0.34179156227830454
ref-stablelm-base-alpha-3b-v2,nonmember,https://www.newschannel6now.com/2022/08/26/scammers-take-money-grieving-mother-burying-son-im-sitting-here-crying/,-1.7656425250270322
ref-stablelm-base-alpha-3b-v2,nonmember,https://www.valleynewslive.com/prnewswire/2022/05/30/qyou-media-reports-year-over-year-revenue-increase-208k-q1-2021-52-million-q1-2022-representing-highest-q1-revenue-mark-company-history/,-1.550062220740704
ref-stablelm-base-alpha-3b-v2,nonmember,https://www.texomashomepage.com/news/business/ap-russian-top-oil-executive-dies-reports-suggest-suicide/,-1.754732601304325
ref-stablelm-base-alpha-3b-v2,nonmember,https://www.postregister.com/postregister/high-school-golf-boys-all-area-player-of-the-year-is-ashton-mcarthur-madison/article_a3e93c2a-2326-5556-8e10-27d0df4014c3.html,0.46532908838636944
ref-stablelm-base-alpha-3b-v2,nonmember,https://www.wsaz.com/prnewswire/2022/07/26/aacc-announces-2022-corporate-supporter-award-recipients-thanks-organizations-their-invaluable-support/,-1.4857955134329588
ref-stablelm-base-alpha-3b-v2,nonmember,https://www.kbtx.com/prnewswire/2022/09/07/woodinville-moscatel-finished-straight-bourbon-whiskey-national-release/,-2.0425943814429264
ref-stablelm-base-alpha-3b-v2,nonmember,https://www.wflx.com/2022/08/16/new-scottish-law-makes-menstrual-products-free-all/,-1.6817655738208774
ref-stablelm-base-alpha-3b-v2,nonmember,https://www.kron4.com/sports/ap-sports/boylen-set-to-lead-usa-basketball-into-world-cup-qualifiers/,-2.187992559814153
ref-stablelm-base-alpha-3b-v2,nonmember,https://www.wowktv.com/news/u-s-world/native-childrens-remains-to-be-moved-from-army-cemetery/,-2.0353250433398
ref-stablelm-base-alpha-3b-v2,nonmember,https://www.sfgate.com/news/article/First-formula-flights-from-Europe-to-arrive-this-17188524.php,-2.235410139654057
ref-stablelm-base-alpha-3b-v2,nonmember,https://www.kold.com/prnewswire/2022/09/17/late-breaking-data-show-breadth-abbotts-minimally-invasive-structural-heart-technologies/,-1.7219328928148399
ref-stablelm-base-alpha-3b-v2,nonmember,https://www.wflx.com/prnewswire/2022/06/15/announcing-exciting-staff-developments-our-best-life-companies/,-1.476441343297841
ref-stablelm-base-alpha-3b-v2,nonmember,https://www.wivb.com/news/defenders-inside-ukrainian-steel-mill-refuse-to-surrender/,-2.040681649546115
ref-stablelm-base-alpha-3b-v2,nonmember,https://www.krgv.com/news/steve-bannon-surrenders-in-ny-court-in-wall-donor-case,-1.9646155921790305
ref-stablelm-base-alpha-3b-v2,nonmember,https://www.wruf.com/headlines/2022/09/06/nl-wild-card-update/,0.3727774212358135
ref-stablelm-base-alpha-3b-v2,nonmember,https://www.koat.com/article/ben-and-jerrys-sues-parent-company-to-block-sale-of-israeli-business/40527099,-1.5961192701390887
ref-stablelm-base-alpha-3b-v2,nonmember,https://www.kait8.com/prnewswire/2022/09/13/koninklijke-kpn-nv-announces-any-all-debt-tender-offer/,-1.3125576571409159
ref-stablelm-base-alpha-3b-v2,nonmember,https://www.krqe.com/news/national/man-fatally-shoots-himself-after-crashing-into-capitol-barricade-authorities-say/,-1.6512812439368962
ref-stablelm-base-alpha-3b-v2,nonmember,https://www.sfgate.com/weather/article/CA-WFO-MEDFORD-Warnings-Watches-and-Advisories-17381182.php,-1.8363688017522242
ref-stablelm-base-alpha-3b-v2,nonmember,https://www.myarklamiss.com/news/business/ap-business/von-der-leyen-eu-wants-north-macedonia/,-2.1881049481354524
ref-stablelm-base-alpha-3b-v2,nonmember,https://www.mysuncoast.com/prnewswire/2022/06/16/ambees-pollen-dataset-tracks-pollen-avoid-seasonal-allergies-like-never-before/,-2.0671342087295637
ref-stablelm-base-alpha-3b-v2,nonmember,https://www.sfchronicle.com/news/article/Limits-on-early-abortion-drive-more-women-to-get-17214098.php,-1.959991760933277
ref-stablelm-base-alpha-3b-v2,nonmember,https://www.theadvocate.com/baton_rouge/entertainment_life/article_caf8de38-f96f-11ec-b4a4-67cf6adebc20.html,0.2653790873418571
ref-stablelm-base-alpha-3b-v2,nonmember,https://www.wibw.com/2022/06/30/supreme-court-rejects-covid-19-shot-mandate-case-new-york/,-1.564210923951292
ref-stablelm-base-alpha-3b-v2,nonmember,https://www.cleveland19.com/2022/07/14/cleveland-clinic-offers-clinics-dedicated-contraceptive-options/,0.06732630869878276
ref-stablelm-base-alpha-3b-v2,nonmember,https://wtmj.com/national/2022/05/24/ukraines-president-accuses-russia-of-waging-total-war/,-1.8222819764752303
ref-stablelm-base-alpha-3b-v2,nonmember,https://www.heraldtimesonline.com/story/sports/high-school/softball/2022/05/11/bloomington-south-softball-wins-first-ever-conference-indiana-title/9644347002/,0.35657285439686026
ref-stablelm-base-alpha-3b-v2,nonmember,https://www.washingtonpost.com/transportation/2022/07/29/dc-right-red-idaho-stop/,0.4670147804178959
ref-stablelm-base-alpha-3b-v2,nonmember,https://kion546.com/news/national-world/cnn-europe-mideast-africa/2022/09/08/as-ukraine-pushes-southern-offensive-it-also-hits-russia-in-the-northeast-2/,-0.5347865599795354
ref-stablelm-base-alpha-3b-v2,nonmember,https://www.kbia.org/2022-06-22/inside-the-marathon-zoom-call-where-amazon-seeks-to-overturn-historic-union-victory,-1.9910298662341612
ref-stablelm-base-alpha-3b-v2,nonmember,https://www.weau.com/prnewswire/2022/08/18/case-report-long-term-complete-response-hepatocellular-carcinoma-carsgens-gpc3-car-t-cells-ct011-published-frontiers-immunology/,-0.07176884389738958
ref-stablelm-base-alpha-3b-v2,nonmember,https://www.seattlepi.com/news/article/Tropical-Storm-Fiona-bringing-heavy-rains-to-17446015.php,-1.7719095750515859
ref-stablelm-base-alpha-3b-v2,nonmember,https://www.texomashomepage.com/news/crime/crime-crime/scotland-park-murder-suspect-calls-police-on-himself-affidavit-reveals/,0.1252910130508338
ref-stablelm-base-alpha-3b-v2,nonmember,https://www.cbs42.com/news/politics/ap-politics/biden-to-call-for-3-month-suspension-of-gas-and-diesel-taxes/,-2.1145086714105177
ref-stablelm-base-alpha-3b-v2,nonmember,https://wtmj.com/sports/2022/08/01/ap-source-brewers-close-to-sending-all-star-hader-to-padres-3/,-1.2899266917263106
ref-stablelm-base-alpha-3b-v2,nonmember,https://www.kxii.com/prnewswire/2022/07/07/gfl-environmental-inc-announces-quarterly-dividend/,-1.1746895320544537
ref-stablelm-base-alpha-3b-v2,nonmember,https://www.wkyt.com/prnewswire/2022/06/14/matchbook-advances-trusted-data-business-intelligence-with-snowflake-partnership/,-2.050200538093635
ref-stablelm-base-alpha-3b-v2,nonmember,https://www.kfyrtv.com/prnewswire/2022/05/31/melio-launches-international-payments-over-70-countries/,-0.96620490115087
ref-stablelm-base-alpha-3b-v2,nonmember,https://www.wgal.com/article/person-struck-by-vehicle-lancaster-county/40211986,-0.047592865882581936
ref-stablelm-base-alpha-3b-v2,nonmember,https://www.wagmtv.com/prnewswire/2022/06/15/direxion-appoints-laura-morrison-chief-revenue-officer/,-1.5097933337095197
ref-stablelm-base-alpha-3b-v2,nonmember,https://www.djournal.com/benton-tippah-track-stars-bring-home-13-medals-from-state-meets/article_b8aac067-5afd-5656-b408-2fde60a15c1b.html,0.34776826265159055
ref-stablelm-base-alpha-3b-v2,nonmember,https://www.kxnet.com/news/inflation-expenses-rise-sharply-as-priorities-for-americans-poll-finds/,-2.098400804638082
ref-stablelm-base-alpha-3b-v2,nonmember,https://www.seattlepi.com/weather/article/TX-WFO-SAN-ANGELO-Warnings-Watches-and-17180196.php,-1.2414068004665504
ref-stablelm-base-alpha-3b-v2,nonmember,https://www.wbrc.com/prnewswire/2022/06/30/genyouth-appoints-ann-marie-krautheim-ma-rd-ld-chief-executive-officer/,-1.8795371862176298
ref-stablelm-base-alpha-3b-v2,nonmember,https://www.pahomepage.com/news/business/ap-business/ap-eu-recommends-suspending-billions-in-funding-to-hungary/,-2.195203366628477
ref-stablelm-base-alpha-3b-v2,nonmember,https://www.ktre.com/prnewswire/2022/05/31/nickel-creek-platinum-announces-results-2022-annual-general-special-meeting/,-1.6575455996001878
ref-stablelm-base-alpha-3b-v2,nonmember,https://www.wlbt.com/prnewswire/2022/08/01/polarityte-report-q2-2022-financial-results-august-11-2022/,-1.263504421328129
ref-stablelm-base-alpha-3b-v2,nonmember,https://www.mrt.com/weather/article/CA-WFO-PHOENIX-Warnings-Watches-and-Advisories-17259474.php,-1.5553300280121178
ref-stablelm-base-alpha-3b-v2,nonmember,https://www.wymt.com/2022/05/15/bowling-green-birth-professional-creates-way-moms-get-formula-they-need-amid-nationwide-shortage/,0.19350497854548454
ref-stablelm-base-alpha-3b-v2,nonmember,https://www.yourcentralvalley.com/news/fire-hydrant-theft-caught-on-video/,-2.0531613343082866
ref-stablelm-base-alpha-3b-v2,nonmember,https://www.kvue.com/article/news/crime/police-raid-elected-official-home-in-las-vegas-review-journal-reporter-death/507-3832f159-f8c5-4f3b-9d01-d0a4c15959ed,-2.126267053789424
ref-stablelm-base-alpha-3b-v2,nonmember,https://www.wkyt.com/prnewswire/2022/08/02/real-good-foods-announces-launch-high-protein-low-carb-grain-free-nutritious-chicken-nuggets-amp-strips/,-1.9147851949254755
ref-stablelm-base-alpha-3b-v2,nonmember,https://www.gjsentinel.com/opinion/letters/emailed-letters-aug-11-2022/article_7a57d9bc-18f9-11ed-b22d-b3ed1572fbeb.html,0.31975984415370906
ref-stablelm-base-alpha-3b-v2,nonmember,https://www.kmvt.com/prnewswire/2022/07/06/by-training-underrepresented-groups-inventors-patent-academy-aims-foster-more-diverse-inventor-pipeline/,-1.93252147095586
ref-stablelm-base-alpha-3b-v2,nonmember,https://www.wfla.com/reviews/bose-vs-samsung-earbuds/,-1.6715192819897466
ref-stablelm-base-alpha-3b-v2,nonmember,https://www.sfgate.com/sports/article/Silver-confident-that-the-NBA-s-take-foul-policy-17218843.php,-2.2616542388660474
ref-stablelm-base-alpha-3b-v2,nonmember,https://www.wcbi.com/hot-start-to-the-week-higher-rain-chances-arrive-mid-week/,0.2325246898363127
ref-stablelm-base-alpha-3b-v2,nonmember,https://www.ktre.com/prnewswire/2022/06/01/ecopetrol-publishes-measures-guarantee-adequate-representation-its-shareholders-extraordinary-general-shareholders-meeting-be-held-june-17-2022/,-1.9171084543629033
ref-stablelm-base-alpha-3b-v2,nonmember,https://www.foxnews.com/media/the-view-hosts-praise-bidens-anti-maga-republican-language-how-is-that-divisive,0.08570453325086591
ref-stablelm-base-alpha-3b-v2,nonmember,https://www.valleynewslive.com/prnewswire/2022/06/16/fathers-day-alibi-just-time-forgetful-americans/,-0.8163099030671828
ref-stablelm-base-alpha-3b-v2,nonmember,https://www.sfgate.com/news/article/Democrat-Haugen-drops-from-ND-House-race-after-17421844.php,-1.7148297704468183
ref-stablelm-base-alpha-3b-v2,nonmember,https://www.wnem.com/2022/04/22/oldest-texas-death-row-inmate-executed-officers-death/,-2.0217335844814235
ref-stablelm-base-alpha-3b-v2,nonmember,https://www.kalb.com/prnewswire/2022/08/05/transmedics-announces-upsize-pricing-public-offering-common-stock/,-0.7862716989868412
ref-stablelm-base-alpha-3b-v2,nonmember,https://www.wymt.com/prnewswire/2022/07/20/marquette-national-corporation-declares-dividend-028-per-share/,-1.3693977566330173
ref-stablelm-base-alpha-3b-v2,nonmember,https://www.wvtm13.com/article/rare-portrait-francis-bacon-million-at-auction/40304078,-0.5498000301394568
ref-stablelm-base-alpha-3b-v2,nonmember,https://www.washingtonpost.com/sports/2022/06/09/north-carolina-track-duane-ross/,0.3876955319035442
ref-stablelm-base-alpha-3b-v2,nonmember,https://www.mrt.com/sports/article/Rutgers-hires-Nikki-McCray-Penson-as-assistant-17271627.php,-1.4428846285311048
ref-stablelm-base-alpha-3b-v2,nonmember,https://www.eonline.com/ca/news/1331737/congresswoman-alexandria-ocasio-cortez-is-engaged-to-riley-roberts,0.10445447592645829
ref-stablelm-base-alpha-3b-v2,nonmember,https://www.wearegreenbay.com/news/local-news/winnebago-county-district-attorney-issues-statement-regarding-boat-crash-being-forwarded-to-doj/,-0.03670305659454254
ref-stablelm-base-alpha-3b-v2,nonmember,https://wgntv.com/news/nexstar-media-wire/nfl-star-sporting-goods-company-help-12-year-old-struggling-to-find-extra-large-helmet/,-2.016793246051705
ref-stablelm-base-alpha-3b-v2,nonmember,https://www.wflx.com/prnewswire/2022/07/12/edgecortix-collaborates-with-renesas-deliver-enhanced-feature-rich-compiler-renesas-drp-ai-ai-accelerator/,-2.2330007005213557
ref-stablelm-base-alpha-3b-v2,nonmember,https://www.seattletimes.com/sports/seahawks/virginia-general-assembly-tabling-commanders-stadium-bill/?utm_source=RSS&utm_medium=Referral&utm_campaign=RSS_all,-2.1524641339223938
ref-stablelm-base-alpha-3b-v2,nonmember,https://www.kswo.com/prnewswire/2022/06/09/sentinel-u-introduces-align-community-health-course-digital-teaching-resources/,-2.1468403186650717
ref-stablelm-base-alpha-3b-v2,nonmember,https://www.cbs42.com/weather/hot-fewer-storms-today-and-friday/,-0.06031215496030784
ref-stablelm-base-alpha-3b-v2,nonmember,https://www.texomashomepage.com/news/business/several-factors-are-converging-to-push-gas-prices-higher/,-1.989477064839545
ref-stablelm-base-alpha-3b-v2,nonmember,https://www.seattlepi.com/weather/article/CT-WFO-NEW-YORK-CITY-Warnings-Watches-and-17320074.php,-1.2563594505436917
ref-stablelm-base-alpha-3b-v2,nonmember,https://www.seattletimes.com/sports/raikkonen-to-drive-cup-race-at-watkins-glen-for-trackhouse/?utm_source=RSS&utm_medium=Referral&utm_campaign=RSS_all,-1.529351622320597
ref-stablelm-base-alpha-3b-v2,nonmember,https://www.wfla.com/news/national/holiday-travel-chaos-airlines-brace-for-huge-weekend-crowds/,-2.1717300691855677
ref-stablelm-base-alpha-3b-v2,nonmember,https://www.mlive.com/news/jackson/2022/08/incumbent-commissioners-win-in-jackson-county-primary.html,0.17931420192005332
ref-stablelm-base-alpha-3b-v2,nonmember,https://fox59.com/reviews/br/electronics-br/laptop-computers-br/hp-chromebook-vs-samsung-chromebook/,-1.556256475490786
ref-stablelm-base-alpha-3b-v2,nonmember,https://www.kark.com/news/education/some-pcssd-students-forced-to-move-campuses-district-says-some-classes-are-too-full/,0.2524151039549367
ref-stablelm-base-alpha-3b-v2,nonmember,https://www.kxnet.com/news/bank-of-england-under-pressure-to-aggressively-raise-rates/,-1.8785924139103911
ref-stablelm-base-alpha-3b-v2,nonmember,https://www.valleynewslive.com/prnewswire/2022/07/25/creatd-delivers-regulation-sho-notification-its-information-agent-df-king/,-1.2406490336613762
ref-stablelm-base-alpha-3b-v2,nonmember,https://www.ktre.com/prnewswire/2022/06/28/more-than-half-americans-planning-least-one-micro-cation-this-summer/,-1.8908353898001535
ref-stablelm-base-alpha-3b-v2,nonmember,https://www.kait8.com/prnewswire/2022/07/05/marriott-vacations-worldwide-certified-most-loved-workplace-named-top-company-travel-amp-hospitality-by-linkedin/,-0.7941386878211081
ref-stablelm-base-alpha-3b-v2,nonmember,https://www.springfieldnewssun.com/nation-world/contreras-brothers-enjoying-being-on-same-all-star-squad/7V5CN34DLZGBPKY47WIAYQ3WOQ/,-1.9710274128079242
ref-stablelm-base-alpha-3b-v2,nonmember,https://www.wbay.com/prnewswire/2022/06/16/operation-hope-executive-mary-ehrsam-receives-highest-award-gettysburg-college/,-1.6575970110697473
ref-stablelm-base-alpha-3b-v2,nonmember,https://www.cbs42.com/news/international/police-shootout-at-rio-de-janeiro-favela-kills-more-than-20/,-2.2449063080200684
ref-stablelm-base-alpha-3b-v2,nonmember,https://www.myarklamiss.com/reviews/br/toys-games-br/pretend-play-br/best-toy-alligator/,-1.6136342441978282
ref-stablelm-base-alpha-3b-v2,nonmember,https://www.fox16.com/klrt-good-day/department-of-human-services-reminds-parents-of-hot-car-dangers/,0.27430587030377085
ref-stablelm-base-alpha-3b-v2,nonmember,https://www.tacomadailyindex.com/blog/no-22-4-01716-6-notice-to-creditors/2459879/,-0.6702092314866654
ref-stablelm-base-alpha-3b-v2,nonmember,https://www.wane.com/news/business/ap-business/leonardo-del-vecchio-founded-luxottica-eyewear-empire-dies/,-2.2453878392592928
ref-stablelm-base-alpha-3b-v2,nonmember,https://www.kfyrtv.com/prnewswire/2022/06/08/kyowa-kirin-host-expert-roundtable-addressing-racial-health-inequities-cancer-care/,-1.6599846893707926
ref-stablelm-base-alpha-3b-v2,nonmember,https://www.wagmtv.com/2022/04/20/weather-web-2/,0.1130948250477819
ref-stablelm-base-alpha-3b-v2,nonmember,https://www.kens5.com/article/news/verify/medicine/pennyroyal-tea-abortion-dangerous-causes-death/536-8c957fd9-446a-47e8-8138-981f24f4a985,-0.8091052999673998
ref-stablelm-base-alpha-3b-v2,nonmember,https://www.kxnet.com/news/business-beat/ap-business/musk-subpoenas-former-twitter-ceo-and-friend-jack-dorsey/,-2.1108601809789818
ref-stablelm-base-alpha-3b-v2,nonmember,https://pix11.com/ap-international/climate-migration-growing-but-not-fully-recognized-by-world/,-2.155233140448981
ref-stablelm-base-alpha-3b-v2,nonmember,https://www.wsls.com/weather/2022/07/07/heat-scattered-storms-continue-through-end-of-the-week/,0.11702348010755736
ref-stablelm-base-alpha-3b-v2,nonmember,https://www.yourbasin.com/news/national-news/police-shooting-at-uvalde-park-people-injured/,-1.7720492306935995
ref-stablelm-base-alpha-3b-v2,nonmember,https://www.nbcnewyork.com/news/national-international/las-vegas-resort-surprises-5400-workers-with-5k-bonuses/3684901/,-2.396517809270082
ref-stablelm-base-alpha-3b-v2,nonmember,https://www.wkyt.com/2022/06/08/trump-set-undergo-questioning-july-ny-civil-probe/,-1.6360508448472368
ref-stablelm-base-alpha-3b-v2,nonmember,https://www.dw.com/en/in-latin-america-synthetic-drugs-becoming-more-popular-than-cocaine-and-marijuana/a-62633710,0.34377669647263187
ref-stablelm-base-alpha-3b-v2,nonmember,https://www.wflx.com/prnewswire/2022/04/27/cousins-maine-lobster-celebrates-ten-year-milestone-amp-strong-q1-with-new-deals-across-us/,-0.7972845157334307
ref-stablelm-base-alpha-3b-v2,nonmember,https://www.wkyt.com/prnewswire/2022/07/07/geneva-financial-announces-new-illinois-mortgage-branch-headed-by-branch-manager-jonathan-gonzalez/,-2.080141409857015
ref-stablelm-base-alpha-3b-v2,nonmember,https://www.seattletimes.com/opinion/letters-to-the-editor/voting-reform-illusion-of-choice/?utm_source=RSS&utm_medium=Referral&utm_campaign=RSS_all,0.4064407640506924
ref-stablelm-base-alpha-3b-v2,nonmember,https://www.wfmz.com/news/pr_newswire/pr_newswire_business/travelx-and-kiu-system-solutions-partner-to-enable-73-airlines-to-distribute-inventory-via-blockchain/article_c8cc45e1-519d-58df-b34d-a253b28ca08b.html,-0.7372963564240116
ref-stablelm-base-alpha-3b-v2,nonmember,https://www.bostonherald.com/2022/08/25/ask-ira-could-montrezl-harrell-have-provided-heat-answers/,-0.17828011531996668
ref-stablelm-base-alpha-3b-v2,nonmember,https://www.wfla.com/top-stories/ap-top-headlines/alabama-cites-abortion-ruling-in-transgender-medication-case/,-1.9399651101727615
ref-stablelm-base-alpha-3b-v2,nonmember,https://www.kmvt.com/prnewswire/2022/09/06/optimove-raises-commitment-security-privacy-completes-soc-2-type-ii-compliance/,-1.879920646870956
ref-stablelm-base-alpha-3b-v2,nonmember,https://www.kgun9.com/virginia-zoo-auctioning-chance-name-baby-siamang,-1.6524480777968147
ref-stablelm-base-alpha-3b-v2,nonmember,https://www.weau.com/prnewswire/2022/06/20/texas-woman-awarded-250000-revenge-porn-lawsuit-against-ex-boyfriend/,-1.6852766539506066
ref-stablelm-base-alpha-3b-v2,nonmember,https://www.nj.com/hudson/2022/08/18-story-project-inches-closer-to-approval-but-theres-no-end-in-sight-to-bayonne-development-pause.html,0.23690438092393462
ref-stablelm-base-alpha-3b-v2,nonmember,https://www.wkyt.com/2022/08/02/chilling-video-released-by-national-guard-shows-rescues-eastern-ky/,-0.44722564960659517
ref-stablelm-base-alpha-3b-v2,nonmember,https://magicvalley.com/news/local/shoshone-arts-in-the-park/article_585a41b6-fd6e-11ec-9790-377be49ddc99.html,0.4081352689000657
ref-stablelm-base-alpha-3b-v2,nonmember,https://www.kmvt.com/prnewswire/2022/08/09/california-community-foundation-announces-55-million-gift-philanthropist-mackenzie-scott-support-housing-amp-immigration-grantmaking-efforts-los-angeles/,-2.0097435172572737
ref-stablelm-base-alpha-3b-v2,nonmember,https://www.wistv.com/prnewswire/2022/07/14/nikola-stockholders-vote-now-less-than-1-outstanding-shares-needed-approve-proposal-2/,-1.436717986766688
ref-stablelm-base-alpha-3b-v2,nonmember,https://www.kpcnews.com/newssun/article_7b1acc8f-3992-593a-bd6b-4eab69d41c12.html,0.2622554429744808
ref-stablelm-base-alpha-3b-v2,nonmember,https://www.dakotanewsnow.com/prnewswire/2022/08/09/axon-reports-record-revenue-up-31-286-million-raises-full-year-outlook/,-1.9740385566429175
ref-stablelm-base-alpha-3b-v2,nonmember,https://www.wfmz.com/news/pr_newswire/pr_newswire_stocks/palo-alto-networks-to-present-at-upcoming-investor-events/article_c898f2b1-5229-568e-b0bd-0d2ca03c73b8.html,-1.071800284963947
ref-stablelm-base-alpha-3b-v2,nonmember,https://www.krqe.com/sports/mlb-baseball/riley-homers-wright-throws-6-scoreless-in-atlantas-6-0-win/,-1.6889534829000326
ref-stablelm-base-alpha-3b-v2,nonmember,https://www.sfgate.com/weather/article/CA-WFO-LOS-ANGELES-Warnings-Watches-and-17158360.php,-1.2598943587628784
ref-stablelm-base-alpha-3b-v2,nonmember,https://www.cenlanow.com/sports/reunited-with-tom-brady-logan-ryan-has-clear-goal-in-tampa/,-1.915820941791749
ref-stablelm-base-alpha-3b-v2,nonmember,https://www.mysuncoast.com/prnewswire/2022/05/02/linkbancorp-inc-announces-first-quarter-2022-financial-results/,-1.4816924044722706
ref-stablelm-base-alpha-3b-v2,nonmember,https://www.knau.org/npr-news/2022-08-19/seattle-just-had-one-of-its-hottest-nights-on-record,-1.6068105361104688
ref-stablelm-base-alpha-3b-v2,nonmember,https://q961.com/tractor-trailer-driver-arrested-for-oui-on-i-95-sydney-maine/,0.45419073852890435
ref-stablelm-base-alpha-3b-v2,nonmember,https://www.kark.com/reviews/br/toys-games-br/theme-toys-br/best-aladdin-toy/,-1.6999539678109126
ref-stablelm-base-alpha-3b-v2,nonmember,https://www.abc12.com/news/business/apple-unveils-new-iphones-apple-watches-and-airpods/article_730f4930-a850-530e-83d2-0e6858cdc16f.html,-2.0058236592032084
ref-stablelm-base-alpha-3b-v2,nonmember,https://www.ktre.com/prnewswire/2022/06/07/crystal-clinic-orthopaedic-center-tees-up-partnership-with-pga-tour-champions-bridgestone-senior-players-championship/,-1.623336710067186
ref-stablelm-base-alpha-3b-v2,nonmember,https://www.kbtx.com/prnewswire/2022/08/16/deloittes-cio-program-names-john-marcante-us-cio-in-residence/,-1.3911448702540405
ref-stablelm-base-alpha-3b-v2,nonmember,https://www.wfla.com/news/international/ap-international/ap-new-wildfires-hit-southwestern-france-amid-record-heat/,-2.3376635313002505
ref-stablelm-base-alpha-3b-v2,nonmember,https://www.mrt.com/sports/article/Rodr-guez-homers-on-Montas-1st-pitch-M-s-beat-17282673.php,-1.6188039907652318
ref-stablelm-base-alpha-3b-v2,nonmember,https://www.kold.com/prnewswire/2022/05/11/news-conference-tomorrow-thursday-saltz-mogeluzzi-amp-bendesky-pc-announce-major-developments-following-tiktok-blackout-challenge-death-10-year-old-pennsylvania-girl/,-1.1001508550747359
ref-stablelm-base-alpha-3b-v2,nonmember,https://www.dakotanewsnow.com/prnewswire/2022/08/16/warren-sharp-joins-sportsgrid-lead-pro-football-analyst/,-2.360546642142211
ref-stablelm-base-alpha-3b-v2,nonmember,https://www.expressnews.com/news/article/Publix-supermarkets-not-offering-COVID-vaccine-to-17261085.php,-2.0732220449796563
ref-stablelm-base-alpha-3b-v2,nonmember,https://www.detroitnews.com/story/news/nation/2022/07/18/uvalde-texas-school-shooter-nickname/50503049/,-2.397274622700105
ref-stablelm-base-alpha-3b-v2,nonmember,https://www.kold.com/prnewswire/2022/08/01/snickers-seasoning-blend-launches-nationwide/,-1.579649572870024
ref-stablelm-base-alpha-3b-v2,nonmember,https://www.wdtn.com/news/bossware-your-employer-may-be-tracking-you-during-remote-work/,-1.9022386403859894
ref-stablelm-base-alpha-3b-v2,nonmember,https://www.kfyrtv.com/prnewswire/2022/08/08/florida-international-university-leads-alliance-build-hospitality-pipeline-underrepresented-minority-students-diverse-leadership-hospitality/,-1.811997931552572
ref-stablelm-base-alpha-3b-v2,nonmember,https://www.wistv.com/prnewswire/2022/07/06/iconic-multifunctional-stylish/,-1.9012826448958473
ref-stablelm-base-alpha-3b-v2,nonmember,https://www.seattlepi.com/news/article/5-ways-to-reduce-school-shootings-17214592.php,-2.1981329591584617
ref-stablelm-base-alpha-3b-v2,nonmember,https://www.sfgate.com/sports/article/Cincinnati-Arizona-Runs-17242482.php,-1.0852289207428336
ref-stablelm-base-alpha-3b-v2,nonmember,https://www.wivb.com/sports/ap-sports/lances-deep-td-pass-leads-49ers-to-28-21-win-vs-packers/,-1.7262122503876258
ref-stablelm-base-alpha-3b-v2,nonmember,https://www.wistv.com/prnewswire/2022/09/13/joysuds-partners-with-see-turtles-pledge-help-save-endangered-sea-turtles/,-1.7264561228124085
ref-stablelm-base-alpha-3b-v2,nonmember,https://www.wbtv.com/prnewswire/2022/09/12/us-news-announces-2022-2023-best-colleges-rankings/,-0.8426265201858881
ref-stablelm-base-alpha-3b-v2,nonmember,https://www.wbrc.com/prnewswire/2022/08/10/andersen-capital-selects-proteus-structure-amp-operate-new-hedge-fund/,-1.9212883892480526
ref-stablelm-base-alpha-3b-v2,nonmember,https://www.kalb.com/prnewswire/2022/07/19/sobi-publishes-q2-2022-report/,-1.2691402970330234
ref-stablelm-base-alpha-3b-v2,nonmember,https://www.wbay.com/prnewswire/2022/07/21/synchrony-announces-quarterly-common-stock-dividend-023-per-share/,-1.2970486105173946
ref-stablelm-base-alpha-3b-v2,nonmember,https://www.kxii.com/prnewswire/2022/07/20/massage-envy-teams-up-with-american-red-cross-donation-drive/,-1.7160748172571807
ref-stablelm-base-alpha-3b-v2,nonmember,https://www.fox35orlando.com/news/johnny-depp-popularity-dips-amber-heard-trial-baby-boomers-poll,-0.6788576636412189
ref-stablelm-base-alpha-3b-v2,nonmember,https://www.kxnet.com/sports/sydney-mclaughlin-obliterates-world-record-in-400-hurdles/,-2.2356890918842205
ref-stablelm-base-alpha-3b-v2,nonmember,https://www.wibw.com/prnewswire/2022/06/08/arelk-publishes-its-14th-sustainability-report/,-1.7674588007779204
ref-stablelm-base-alpha-3b-v2,nonmember,https://www.wcjb.com/prnewswire/2022/05/26/moleculin-commences-dosing-healthy-volunteers-phase-1a-clinical-trial-wp1122-treatment-covid-19/,-1.2996860022339183
ref-stablelm-base-alpha-3b-v2,nonmember,https://www.wagmtv.com/prnewswire/2022/06/24/subaru-america-announces-pricing-2023-impreza-models/,-1.4035171915142086
ref-stablelm-base-alpha-3b-v2,nonmember,https://www.wfmz.com/news/pr_newswire/pr_newswire_business/preipo-signs-agreement-to-acquire-tabs-diligence-as-a-service-suite-adds-founders-to-c/article_1ca63513-8046-5f9e-95aa-92e548eb5482.html,0.03026002803806893
ref-stablelm-base-alpha-3b-v2,nonmember,https://www.mrt.com/business/article/APA-Q2-Earnings-Snapshot-17349718.php,-0.47815803336992785
ref-stablelm-base-alpha-3b-v2,nonmember,https://kion546.com/entertainment/cnn-style/2022/07/21/australias-largest-music-festival-sinks-into-the-mud-forcing-first-day-cancellation/,-0.10223778393605576
ref-stablelm-base-alpha-3b-v2,nonmember,https://www.ourmidland.com/entertainment/article/Spielberg-among-big-donors-to-Wisconsin-17314558.php,-1.4049675652262676
ref-stablelm-base-alpha-3b-v2,nonmember,https://www.wibw.com/2022/06/08/this-was-intentional-mechanic-warns-engine-light-tape-scam-used-cars/,-1.7809409710221842
ref-stablelm-base-alpha-3b-v2,nonmember,https://www.kgw.com/article/sports/golf/lpga-portland-classic-day-1-recap/283-1b33708f-0111-43f4-8ea7-812f836553d5,-1.9294854893877664
ref-stablelm-base-alpha-3b-v2,nonmember,https://www.kmvt.com/prnewswire/2022/05/31/jd-martin-selected-rep-southwire-co-wy/,-1.9540998600017163
ref-stablelm-base-alpha-3b-v2,nonmember,https://www.wsls.com/news/world/2022/06/28/navalny-appeal-rejected-another-kremlin-critic-jailed/,-2.07321708811922
ref-stablelm-base-alpha-3b-v2,nonmember,https://www.washingtonpost.com/sports/nfl/mayfield-throws-2-td-passes-as-panthers-defeat-bills-21-0/2022/08/26/a8dd2490-25b0-11ed-a72f-1e7149072fbc_story.html,-1.5521929202730582
ref-stablelm-base-alpha-3b-v2,nonmember,https://www.koin.com/news/international/icc-seeks-arrest-of-3-suspects-linked-to-russo-georgian-war/,-2.004165245948264
ref-stablelm-base-alpha-3b-v2,nonmember,https://www.cbs42.com/news/weird/final-ex-ebay-employee-in-cyberstalking-case-pleads-guilty/,-2.1221875893950872
ref-stablelm-base-alpha-3b-v2,nonmember,https://www.wunc.org/2022-09-03/whatever-happened-to-the-african-born-pizza-chef-who-won-over-biased-italians,-2.4582104991035987
ref-stablelm-base-alpha-3b-v2,nonmember,https://www.binghamtonhomepage.com/news/business/more-americans-apply-for-jobless-aid-for-5th-straight-week/,-1.862516636376906
ref-stablelm-base-alpha-3b-v2,nonmember,https://www.kold.com/prnewswire/2022/05/24/cinch-home-services-announces-partnership-with-homesmart-international/,-1.5984689620609096
ref-stablelm-base-alpha-3b-v2,nonmember,https://www.1011now.com/prnewswire/2022/09/15/workwave-announces-modernization-servman-by-workwave/,-1.9353088338997821
ref-stablelm-base-alpha-3b-v2,nonmember,https://www.sfchronicle.com/sports/article/Lloyd-has-26-sends-Storm-over-Aces-in-WNBA-semis-17403797.php,-1.5259306428426265
ref-stablelm-base-alpha-3b-v2,nonmember,https://www.wnep.com/article/news/local/schuylkill-county/pottsville-cleaning-up-for-recovery-month/523-ba6b6a1a-4a8e-4d78-856b-ffd9b73d093f,0.1877254192961888
ref-stablelm-base-alpha-3b-v2,nonmember,https://www.kxlf.com/news/national/aftershock-in-afghanistan-as-earthquake-death-toll-rises-to-1-150,-2.1771351698413652
ref-stablelm-base-alpha-3b-v2,nonmember,https://www.wkyt.com/prnewswire/2022/05/26/5wpr-tapped-support-miami-fashion-week-return/,-1.6609853459268535
ref-stablelm-base-alpha-3b-v2,nonmember,https://www.kivitv.com/cordless-heating-pad-massage-sale-amazon,-1.845000729782879
ref-stablelm-base-alpha-3b-v2,nonmember,https://www.ktre.com/prnewswire/2022/06/14/john-hancock-retirements-latest-state-participant-report-finds-more-than-half-plan-participants-are-retirement-ready-with-least-70-income-replacement/,-1.9454940638007245
ref-stablelm-base-alpha-3b-v2,nonmember,https://www.abcactionnews.com/news/national/triangle-of-sadness-actor-model-charlbi-dean-dies-at-32,-1.7781521142873449
ref-stablelm-base-alpha-3b-v2,nonmember,https://www.kait8.com/prnewswire/2022/07/11/books-a-million-kicks-off-its-limited-time-member-exclusive-sales-event/,-1.490727155590907
ref-stablelm-base-alpha-3b-v2,nonmember,https://www.expressnews.com/news/article/AP-source-Top-aide-to-Pence-testifies-before-1-6-17328222.php,-1.6693405109974926
ref-stablelm-base-alpha-3b-v2,nonmember,https://www.kxnet.com/sports/pressure-is-on-panthers-rangers-flames-down-2-1-in-series/,-1.859717679578352
ref-stablelm-base-alpha-3b-v2,nonmember,https://www.seattletimes.com/sports/realmuto-phils-rally-past-alcantara-marlins-7th-w-in-row/?utm_source=RSS&utm_medium=Referral&utm_campaign=RSS_all,-1.650424932096782
ref-stablelm-base-alpha-3b-v2,nonmember,https://www.foxnews.com/sports/bears-hoping-new-stadium-chicago-mayor-releases-plans-soldier-field-renovations,-1.4790711978864362
ref-stablelm-base-alpha-3b-v2,nonmember,https://www.kalb.com/2022/06/27/14-million-breaker-boxes-recalled-burn-fire-hazards/,-1.9580919243560047
ref-stablelm-base-alpha-3b-v2,nonmember,https://www.valleynewslive.com/prnewswire/2022/07/12/blackbaud-announces-date-second-quarter-2022-financial-results/,-1.1619909888019266
ref-stablelm-base-alpha-3b-v2,nonmember,https://www.ksn.com/news/national-world/bond-denied-for-highland-park-shooting-suspect/,-2.059378638800549
ref-stablelm-base-alpha-3b-v2,nonmember,https://www.springfieldnewssun.com/nation-world/sex-pistols-aim-to-give-queens-jubilee-a-touch-of-punk/HZ6HTZBQ7NE7XAZCA6KUCE6ZTE/,-0.6269859007716272
ref-stablelm-base-alpha-3b-v2,nonmember,https://www.wgal.com/article/coca-cola-is-putting-jack-coke-in-a-can/40273657,-2.143304098091853
ref-stablelm-base-alpha-3b-v2,nonmember,https://www.twincities.com/2022/06/27/florida-georgia-line-added-to-minnesota-state-fair-grandstand-schedule/,0.3148928854018993
ref-stablelm-base-alpha-3b-v2,nonmember,https://www.wagmtv.com/prnewswire/2022/05/23/cambridge-bancorp-northmark-bank-sign-definitive-agreement/,-1.2390177256162418
ref-stablelm-base-alpha-3b-v2,nonmember,https://www.wnem.com/2022/04/28/turkey-terrorizing-people-dc-trail/,-2.1012617316472797
ref-stablelm-base-alpha-3b-v2,nonmember,https://www.wbay.com/prnewswire/2022/07/21/danaher-reports-second-quarter-2022-results/,-1.530124157175807
ref-stablelm-base-alpha-3b-v2,nonmember,https://www.kait8.com/prnewswire/2022/06/16/home-sales-california-dip-below-pre-pandemic-levels-effects-rising-interest-rates-begin-show-even-prices-set-another-record-car-reports/,-1.5780768325901515
ref-stablelm-base-alpha-3b-v2,nonmember,https://www.kxlf.com/news/national/who-opts-not-to-declare-monkeypox-a-global-health-emergency,-1.6998890358765113
ref-stablelm-base-alpha-3b-v2,nonmember,https://www.wbay.com/2022/08/20/pence-says-he-didnt-leave-office-with-classified-material/,-1.879384243488303
ref-stablelm-base-alpha-3b-v2,nonmember,https://www.krqe.com/news/top-stories/ap-top-headlines/lawsuit-texans-turned-a-blind-eye-to-qb-watsons-actions/,-1.8198463442137836
ref-stablelm-base-alpha-3b-v2,nonmember,https://www.wfmz.com/news/pr_newswire/pr_newswire_technology/goertek-released-a-second-generation-ar-reference-design-based-on-snapdragon-xr2/article_04f6ab83-78ea-560e-8c0a-102af7940510.html,-1.9405724292318824
ref-stablelm-base-alpha-3b-v2,nonmember,https://www.nbcphiladelphia.com/news/national-international/800k-pills-containing-fentanyl-seized-by-mexican-army-on-way-to-border/3333372/,-1.7544485153770375
ref-stablelm-base-alpha-3b-v2,nonmember,https://www.wagmtv.com/prnewswire/2022/08/31/payments-giant-joins-crypto-compliance-initiative-amid-bankruptcies/,-1.5156150005284128
ref-stablelm-base-alpha-3b-v2,nonmember,https://www.wowktv.com/top-stories/ap-top-headlines/verdict-looms-in-trial-over-2015-paris-extremist-attacks/,-2.347992914860011
ref-stablelm-base-alpha-3b-v2,nonmember,https://www.wflx.com/prnewswire/2022/05/24/phyto-organix-announces-225-million-state-of-the-art-net-zero-plant-protein-processing-facility-strathmore-ab/,-1.8676385234020556
ref-stablelm-base-alpha-3b-v2,nonmember,https://www.binghamtonhomepage.com/news/cheese-filled-pierogis-recalled-due-to-undeclared-milk/,-0.0688863369856132
ref-stablelm-base-alpha-3b-v2,nonmember,https://www.cenlanow.com/national/rushdies-attacker-indicted-expected-to-appear-in-court/,-1.9508715446592908
ref-stablelm-base-alpha-3b-v2,nonmember,https://www.kold.com/prnewswire/2022/06/29/northwest-extremity-specialists-unity-msk-partner-with-tigard-orthopedic-fracture-clinic/,-1.5525006799358507
ref-stablelm-base-alpha-3b-v2,nonmember,https://www.seattletimes.com/pacific-nw-magazine/theres-a-lot-of-movement-music-and-connection-in-the-martial-art-capoeira-plus-the-occasional-backflip/?utm_source=RSS&utm_medium=Referral&utm_campaign=RSS_all,0.7644459471040435
ref-stablelm-base-alpha-3b-v2,nonmember,https://www.seattlepi.com/weather/article/CA-WFO-RENO-Warnings-Watches-and-Advisories-17199067.php,-2.0401945023074166
ref-stablelm-base-alpha-3b-v2,nonmember,https://www.kwch.com/prnewswire/2022/08/23/national-lubricant-container-recycling-coalition-announces-atlanta-lubricant-container-recycling-pilot/,-2.472963482415233
ref-stablelm-base-alpha-3b-v2,nonmember,https://abc7ny.com/annmarie-drago-evelyn-rodriguez-conviction-overturned-brentwood/12049635/,0.2724147088166968
ref-stablelm-base-alpha-3b-v2,nonmember,https://www.binghamtonhomepage.com/sports/bradley-off-to-fast-start-in-bid-to-make-fedex-cup-finale/,-2.126477198231263
ref-stablelm-base-alpha-3b-v2,nonmember,https://www.kbtx.com/prnewswire/2022/08/02/mplx-lp-reports-second-quarter-2022-financial-results/,-1.4072675033388484
ref-stablelm-base-alpha-3b-v2,nonmember,https://www.myarklamiss.com/reviews/br/electronics-br/computer-monitors-br/best-samsung-monitor/,-1.709989680022352
ref-stablelm-base-alpha-3b-v2,nonmember,https://www.wbay.com/prnewswire/2022/07/07/burgerfi-gopuff-expand-pilot-deliver-fresh-made-burgers-fries-customers-nationwide/,-2.0139837986772804
ref-stablelm-base-alpha-3b-v2,nonmember,https://www.wafb.com/prnewswire/2022/09/06/dan-os-seasoning-launches-new-everything-bagel-seasoning-blend/,-1.5356891119667766
ref-stablelm-base-alpha-3b-v2,nonmember,https://www.newswest9.com/article/news/local/midland-county-sheriffs-office-donates-some-law-enforcement-tokens-for-a-special-cause/513-d48787ef-3898-409e-82fa-b6be6d713def,0.4818108640091485
ref-stablelm-base-alpha-3b-v2,nonmember,https://www.kxii.com/2022/06/11/us-chinas-military-activity-around-taiwan-threatens-region/,-1.8329384361028622
ref-stablelm-base-alpha-3b-v2,nonmember,https://www.wagmtv.com/prnewswire/2022/09/16/huntsman-updates-third-quarter-2022-outlook/,-1.5989932863454177
ref-stablelm-base-alpha-3b-v2,nonmember,https://www.mysuncoast.com/prnewswire/2022/08/09/planet-fitness-promotes-jamie-medeiros-chief-brand-officer/,-1.454169134888992
ref-stablelm-base-alpha-3b-v2,nonmember,https://www.abcactionnews.com/news/national/queen-elizabeth-ii-britains-longest-serving-monarch-dead-at-96,-1.3821608009019564
ref-stablelm-base-alpha-3b-v2,nonmember,https://www.pahomepage.com/entertainment-news/monkeypox-cancels-free-concert-held-at-southern-decadence/,-1.9845392284466343
ref-stablelm-base-alpha-3b-v2,nonmember,https://www.dakotanewsnow.com/prnewswire/2022/06/14/american-national-climate-policy-inaction-leads-emboldened-emerging-voices-communities-policy-successes/,-2.2306710454692493
ref-stablelm-base-alpha-3b-v2,nonmember,https://www.arkansasonline.com/news/2022/sep/18/the-permanent-pandemic-economy/,0.268737030554723
ref-stablelm-base-alpha-3b-v2,nonmember,https://www.wane.com/sports/ap-sports/ap-dixon-still-in-indycar-title-fight-despite-indy-500-gaffe/,-2.219273660394752
ref-stablelm-base-alpha-3b-v2,nonmember,https://www.wric.com/news/politics/capitol-connection/gov-youngkin-signs-700-bills-into-virginia-law/,0.09724179326926308
ref-stablelm-base-alpha-3b-v2,nonmember,https://www.mrt.com/news/article/After-10-years-Delaware-church-still-feeds-the-17432241.php,-1.3127641752347523
ref-stablelm-base-alpha-3b-v2,nonmember,https://www.kalb.com/prnewswire/2022/07/15/bmw-group-joins-linux-foundations-yocto-project/,-2.0068661416364355
ref-stablelm-base-alpha-3b-v2,nonmember,https://www.cleveland19.com/prnewswire/2022/06/28/perdue-farms-delivers-25000-foodbank-southeastern-va-eastern-shore-backpack-program-10000-pounds-nutritious-protein/,-1.7365888383997181
ref-stablelm-base-alpha-3b-v2,nonmember,https://richmond.com/bazooka/article_1ac2b46c-fd42-550f-b2b7-bd7742f3ef0c.html,-0.061874076333571004
ref-stablelm-base-alpha-3b-v2,nonmember,https://www.wric.com/reviews/br/toys-games-br/best-minecraft-gifts-for-kids/,-1.8646765689445484
ref-stablelm-base-alpha-3b-v2,nonmember,https://www.seattlepi.com/weather/article/NY-WFO-ALBANY-Warnings-Watches-and-Advisories-17359813.php,-1.4374986678410127
ref-stablelm-base-alpha-3b-v2,nonmember,https://www.ksn.com/reviews/br/sports-fitness-br/baseball-softball-br/what-is-the-best-wooden-baseball-bat/,-1.9850977107115575
ref-stablelm-base-alpha-3b-v2,nonmember,https://www.kmvt.com/prnewswire/2022/08/09/national-western-life-focuses-growth-by-announcing-reinsurance-transaction/,-1.6757179530504633
ref-stablelm-base-alpha-3b-v2,nonmember,https://www.kait8.com/prnewswire/2022/08/29/annovis-bio-appoints-henry-hagopian-iii-chief-financial-officer/,-1.3474037695097087
ref-stablelm-base-alpha-3b-v2,nonmember,https://www.wflx.com/2022/09/16/doctor-accused-injecting-drugs-into-iv-bags-causing-death/,-1.9717157533210186
ref-stablelm-base-alpha-3b-v2,nonmember,https://www.wkyt.com/prnewswire/2022/08/25/david-cash-brings-high-end-large-scale-artworks-curation-decentralands-metaverse-art-week/,-2.39112486780121
ref-stablelm-base-alpha-3b-v2,nonmember,https://www.binghamtonhomepage.com/sports/mike-trout-leaves-angels-game-with-upper-back-spasms/,-1.5202958069356975
ref-stablelm-base-alpha-3b-v2,nonmember,https://magicvalley.com/news/opinion/columns/jacob-sullum-trumps-defense-suggests-his-treatment-of-classified-material-was-remarkably-cavalier/article_b4624720-1f19-11ed-a18b-83cdf4c1e5f8.html,-0.06725939558268212
ref-stablelm-base-alpha-3b-v2,nonmember,https://phl17.com/nmw/dangerous-counterfeit-drugs-are-putting-millions-of-us-consumers-at-risk-according-to-a-new-study/,-2.252986390332902
ref-stablelm-base-alpha-3b-v2,nonmember,https://www.wric.com/news/u-s-world/el-jefe-the-jaguar-famed-in-us-photographed-in-mexico/,-2.366920731715934
ref-stablelm-base-alpha-3b-v2,nonmember,https://www.nprillinois.org/2022-07-02/fourth-of-july-fireworks-canceled-and-delayed-due-to-worker-shortage,-2.120355924650128
ref-stablelm-base-alpha-3b-v2,nonmember,https://www.sfchronicle.com/entertainment/article/Chanel-gets-gently-geometric-in-far-flung-Paris-17285559.php,-2.8824455321667344
ref-stablelm-base-alpha-3b-v2,nonmember,https://www.krgv.com/gallery-videos/911-calls-during-school-shooting-in-uvalde-remain-unanswered,-0.8860908939210388
ref-stablelm-base-alpha-3b-v2,nonmember,https://who13.com/news/national-news/ap-us-news/odessa-texas-remains-without-water-as-temperatures-soar/,-2.225008768122173
ref-stablelm-base-alpha-3b-v2,nonmember,https://www.wafb.com/prnewswire/2022/08/17/wallix-announces-expansion-plan-north-america/,-1.7461554399759773
ref-stablelm-base-alpha-3b-v2,nonmember,https://www.ktre.com/2022/07/22/man-loses-large-part-arm-after-alligator-bite-florida-lake-officials-say/,-1.7063375120904072
ref-stablelm-base-alpha-3b-v2,nonmember,https://www.wistv.com/2022/09/18/biden-host-2021-world-series-champion-atlanta-braves/,-1.9922006834084822
ref-stablelm-base-alpha-3b-v2,nonmember,https://www.kxii.com/prnewswire/2022/09/07/dr-antonio-fojo-joins-imaging-endpoints-scientific-advisory-board/,-0.44397737277179083
ref-stablelm-base-alpha-3b-v2,nonmember,https://www.wibw.com/prnewswire/2022/07/20/cit-serves-lead-arranger-88-million-financing-texas-battery-energy-storage-system/,-1.8957196226078497
ref-stablelm-base-alpha-3b-v2,nonmember,https://www.12news.com/article/news/nation-world/highland-park-july-4-parade-shooting/507-db5f2f84-d1c6-4442-b329-906696ab533b,-1.9208544937288412
ref-stablelm-base-alpha-3b-v2,nonmember,https://www.kold.com/prnewswire/2022/08/10/texas-lawyer-honors-bals-chief-technology-officer-chanille-juneau-with-legal-innovator-award/,-1.9204279802432003
ref-stablelm-base-alpha-3b-v2,nonmember,https://www.kxlf.com/sports/big-sky-conference/montana-state-bobcats/montana-state-wide-receivers-step-up-amidst-injuries-at-running-back,-0.027509117548506712
ref-stablelm-base-alpha-3b-v2,nonmember,https://www.cleveland19.com/prnewswire/2022/08/25/greenpower-delivers-three-beast-electric-school-buses-west-virginia-appoints-dealer-state/,-1.634369839970641
ref-stablelm-base-alpha-3b-v2,nonmember,https://www.kswo.com/prnewswire/2022/06/02/record-scholarship-amount-record-number-students/,-1.8407176115407504
ref-stablelm-base-alpha-3b-v2,nonmember,https://who13.com/sports/ap-sports/elliott-wins-pole-as-he-tries-to-defend-road-america-title/,-1.752433884606601
ref-stablelm-base-alpha-3b-v2,nonmember,https://www.kwch.com/prnewswire/2022/07/19/wnc-appoints-jacqueline-wiegleb-assistant-vice-president-originations/,-1.7855339944288406
ref-stablelm-base-alpha-3b-v2,nonmember,https://www.dakotanewsnow.com/prnewswire/2022/08/17/udacity-expands-executive-leadership-team-with-key-promotions/,-1.6434333094315017
ref-stablelm-base-alpha-3b-v2,nonmember,https://www.foxnews.com/media/journalists-biden-ultra-maga,0.1816030156679651
ref-stablelm-base-alpha-3b-v2,nonmember,https://wtmj.com/national/2022/04/20/live-updates-russia-tests-new-nuclear-capable-missile-2/,-1.7502102426745278
ref-stablelm-base-alpha-3b-v2,nonmember,https://www.willistonherald.com/opinion/columnists/korematsu-a-heart-breaking-landmark-decision/article_0730bc66-0f39-11ed-a584-1ba45e8c9866.html,0.5766630194081612
ref-stablelm-base-alpha-3b-v2,nonmember,https://www.wearegreenbay.com/reviews/br/appliances-br/dishwashers-br/best-frigidaire-dishwasher/,-1.389564410414111
ref-stablelm-base-alpha-3b-v2,nonmember,https://www.inquirer.com/business/bruce-toll-bros-ukraine-investment-apartments-homes-cars-anthracite-coal-20220427.html,0.44028769304095805
ref-stablelm-base-alpha-3b-v2,nonmember,https://www.wbay.com/prnewswire/2022/08/26/top-5-most-popular-eyewear-frames-2022/,-1.996055986235502
ref-stablelm-base-alpha-3b-v2,nonmember,https://www.kmvt.com/2022/07/29/failure-veterans-health-care-bill-senate-angers-supporters/,-1.9859047586146024
ref-stablelm-base-alpha-3b-v2,nonmember,https://www.cleveland19.com/prnewswire/2022/07/28/eiger-biopharmaceuticals-host-conference-call-second-quarter-2022-financial-results-business-update-thursday-august-4/,-1.2955146987590127
ref-stablelm-base-alpha-3b-v2,nonmember,https://www.ktre.com/prnewswire/2022/06/21/genesis-san-diego-lands-first-life-science-tenant/,-1.5347336262455777
ref-stablelm-base-alpha-3b-v2,nonmember,https://www.wivb.com/news/world/ap-explainer-what-help-are-north-korean-weapons-to-russia/,-2.302159601300465
ref-stablelm-base-alpha-3b-v2,nonmember,https://www.sfgate.com/food/article/San-Francisco-Chinatown-restaurant-burglarized-17354973.php,0.2515253438648961
ref-stablelm-base-alpha-3b-v2,nonmember,https://www.kalb.com/prnewswire/2022/06/06/petuum-inception-institute-ai-partner-advanced-ai/,-1.3979392479796722
ref-stablelm-base-alpha-3b-v2,nonmember,https://cw33.com/business/ap-business/we-dont-have-food-african-leaders-meet-as-crises-grow/,-2.204260424626172
ref-stablelm-base-alpha-3b-v2,nonmember,https://www.kait8.com/prnewswire/2022/08/18/pushpress-secures-11-million-series-funding-led-by-altos-ventures/,1.2592871763939995
ref-stablelm-base-alpha-3b-v2,nonmember,https://www.dakotanewsnow.com/prnewswire/2022/08/31/national-report-reveals-need-data-driven-instructional-coaching-programs-support-teachers-improve-student-outcomes/,-1.890876459281903
ref-stablelm-base-alpha-3b-v2,nonmember,https://cbs4indy.com/sports/ap-sports/castillo-early-power-send-mariners-past-cole-yankees-7-3/,-1.6602790157642748
ref-stablelm-base-alpha-3b-v2,nonmember,https://www.weau.com/2022/09/06/knoxville-company-recalls-beef-jerky-products-due-possible-listeria-concerns/,-0.8544296661142419
ref-stablelm-base-alpha-3b-v2,nonmember,https://www.delawareonline.com/story/sports/pro/2022/06/02/what-sixers-do-with-first-round-pick-depends-on-daryl-morey-off-season-plan-76ers-nba-draft/65358322007/,0.23963492261305142
ref-stablelm-base-alpha-3b-v2,nonmember,https://www.sfchronicle.com/sports/article/NASCAR-faces-more-questions-about-new-car-after-17450119.php,-2.3117899150771626
ref-stablelm-base-alpha-3b-v2,nonmember,https://www.seattlepi.com/business/article/Survey-finds-young-people-follow-news-but-17409082.php,-2.093365376023234
ref-stablelm-base-alpha-3b-v2,nonmember,https://www.yourbasin.com/reviews/br/home-br/lighting-br/best-bankers-lamp/,-1.6345396292307475
ref-stablelm-base-alpha-3b-v2,nonmember,https://www.knau.org/npr-news/npr-news/2022-08-06/president-biden-has-tested-negative-for-covid-again-but-will-remain-in-isolation,-1.6658479842363008
ref-stablelm-base-alpha-3b-v2,nonmember,https://www.11alive.com/article/news/local/faith-leaders-georgia-heart-beat-law-roe-v-wade-overturned/85-b4151215-b232-43da-b496-47980185d599,0.33756912862029553
ref-stablelm-base-alpha-3b-v2,nonmember,https://www.expressnews.com/sports/article/Bethancourt-stars-at-plate-on-mound-as-Rays-beat-17393937.php,-1.3803383017780884
ref-stablelm-base-alpha-3b-v2,nonmember,https://www.sfgate.com/business/article/Agco-Q1-Earnings-Snapshot-17143881.php,-0.24947410975851542
ref-stablelm-base-alpha-3b-v2,nonmember,https://www.kwch.com/prnewswire/2022/09/09/tva-prices-500-million-new-30-year-bonds/,-1.531216322673818
ref-stablelm-base-alpha-3b-v2,nonmember,https://www.myarklamiss.com/hill-politics/king-charles-iii-to-give-televised-address-tomorrow/,-1.8077768994015513
ref-stablelm-base-alpha-3b-v2,nonmember,https://www.dakotanewsnow.com/2022/08/14/reports-anne-heche-be-taken-off-life-support/,-1.9300821979753653
ref-stablelm-base-alpha-3b-v2,nonmember,https://www.theledger.com/story/lifestyle/2022/07/26/weeks-workout/10142707002/,0.6336645197341073
ref-stablelm-base-alpha-3b-v2,nonmember,https://www.kark.com/entertainment-news/label-says-bts-plan-for-solo-projects-plan-is-not-a-hiatus/,-2.2344452100933765
ref-stablelm-base-alpha-3b-v2,nonmember,https://www.kswo.com/2022/06/28/biden-suspends-rules-limiting-immigrant-arrest-deportation/,-1.9722007331456464
ref-stablelm-base-alpha-3b-v2,nonmember,https://www.wkyt.com/prnewswire/2022/07/21/pampf-industries-report-results-three-month-period-ended-june-30-2022/,-1.4082155191503487
ref-stablelm-base-alpha-3b-v2,nonmember,https://www.foxnews.com/sports/angels-fire-manager-joe-maddon-during-losing-streak,-0.011936397055787529
ref-stablelm-base-alpha-3b-v2,nonmember,https://www.wkyt.com/prnewswire/2022/05/27/three-ways-you-can-make-difference-world-hunger-day/,-1.3884236889376025
ref-stablelm-base-alpha-3b-v2,nonmember,https://www.kunm.org/npr-news/npr-news/2022-06-20/japan-court-says-ban-on-same-sex-marriage-is-constitutional,-1.9632679271254119
ref-stablelm-base-alpha-3b-v2,nonmember,https://www.wistv.com/prnewswire/2022/04/12/candid-altius-partner-bring-clear-aligner-convenience-texas/,-1.8947566306508907
ref-stablelm-base-alpha-3b-v2,nonmember,https://www.fox5ny.com/news/monkeypox-virus-who-rename-stigma,-1.0665562284050765
ref-stablelm-base-alpha-3b-v2,nonmember,https://www.valleynewslive.com/prnewswire/2022/06/22/stoneback-endorsed-by-tribune-well-community-leaders-16th-district/,-1.3032088035368594
ref-stablelm-base-alpha-3b-v2,nonmember,https://www.kait8.com/prnewswire/2022/05/17/huya-inc-reports-first-quarter-2022-unaudited-financial-results/,-0.9936272337841016
ref-stablelm-base-alpha-3b-v2,nonmember,https://fox59.com/news/ap-top-headlines/italy-all-11-hikers-killed-in-glacier-avalanche-identified/,-2.1528607217585565
ref-stablelm-base-alpha-3b-v2,nonmember,https://www.tdtnews.com/obituaries/article_d2894ff0-023b-11ed-8b08-a71b0fb5b66e.html,0.07021501666541452
ref-stablelm-base-alpha-3b-v2,nonmember,https://www.ksn.com/sports/pitch-clocks-and-bigger-bases-mlb-announces-major-rule-changes-for-2023-season/,-1.9798967241377925
ref-stablelm-base-alpha-3b-v2,nonmember,https://www.fox16.com/news/national-news/biden-to-delaware-graduates-no-time-to-sit-on-the-sidelines/,-2.1304275470230043
ref-stablelm-base-alpha-3b-v2,nonmember,https://www.wfmz.com/news/pr_newswire/pr_newswire_technology/cyber-guards-partners-with-ericom-software-to-add-zero-trust-security-solutions-to-its-managed/article_3a242215-5277-5458-808b-c05e1c7c4d4d.html,0.35768421575960874
ref-stablelm-base-alpha-3b-v2,nonmember,https://www.wlfi.com/community/local-dietician-gives-back-to-school-nutrition-advice/article_466b9c52-19b1-11ed-8bda-57869759eaad.html,0.20065770518252934
ref-stablelm-base-alpha-3b-v2,nonmember,https://www.krqe.com/news/top-stories/ap-explainer-states-scramble-as-us-abortion-landscape-shifts/,-2.0449892689226243
ref-stablelm-base-alpha-3b-v2,nonmember,https://www.cleveland19.com/2022/08/01/man-charged-with-driving-161-mph-interstate-police-say/,-1.4964259797055455
ref-stablelm-base-alpha-3b-v2,nonmember,https://www.salina.com/story/sports/pro/2022/05/08/salina-liberty-pick-up-huge-win-over-billings-stay-playoff-hunt/9614886002/,0.30629725184725776
ref-stablelm-base-alpha-3b-v2,nonmember,https://www.wflx.com/prnewswire/2022/08/25/wrth-industry-north-america-delivers-strong-sales-results-through-divisional-structure/,-2.254034820257553
ref-stablelm-base-alpha-3b-v2,nonmember,https://www.wbrc.com/prnewswire/2022/08/08/hoffman-amp-associates-announces-first-general-partner-fund/,-1.4179714952645657
ref-stablelm-base-alpha-3b-v2,nonmember,https://www.kxnet.com/news/international/ap-international/greece-large-forest-blaze-forces-evacuations-west-of-athens/,-1.9597600572118494
ref-stablelm-base-alpha-3b-v2,nonmember,https://www.wlfi.com/news/bill-banning-almost-all-abortions-moves-to-full-indiana-senate/article_911d65ac-0d34-11ed-b91e-bb34a1ac8484.html,0.19943226117388857
ref-stablelm-base-alpha-3b-v2,nonmember,https://www.kswo.com/prnewswire/2022/06/23/o3-mining-announces-results-annual-special-shareholders-meeting/,-1.0720389433413113
ref-stablelm-base-alpha-3b-v2,nonmember,https://www.theadvocate.com/acadiana/sports/article_f16e1fae-2248-11ed-8561-c759e41edb6c.html,0.9365121186357985
ref-stablelm-base-alpha-3b-v2,nonmember,https://www.newschannel6now.com/2022/09/06/suspect-wanted-after-newspaper-reporter-found-stabbed-death-outside-home-police-say/,-1.4307370230683596
ref-stablelm-base-alpha-3b-v2,nonmember,https://q961.com/tick-population-explodes-this-year-heres-how-mainers-should-protect-themselves/,0.5602250092729064
ref-stablelm-base-alpha-3b-v2,nonmember,https://www.wric.com/sports/sports-headlines/mickelson-others-sue-pga-tour-over-liv-golf-suspensions/,-1.8888449825669134
ref-stablelm-base-alpha-3b-v2,nonmember,https://www.kalb.com/prnewswire/2022/05/27/boqii-announce-fourth-quarter-full-fiscal-year-2022-unaudited-financial-results-june-6-2022/,-1.2065337210046228
ref-stablelm-base-alpha-3b-v2,nonmember,https://www.azcentral.com/in-depth/news/politics/elections/2022/08/23/alaska-voting-rights-history/10238579002/,0.4412122517426891
ref-stablelm-base-alpha-3b-v2,nonmember,https://www.cnet.com/science/space/nasa-eyes-date-for-next-artemis-i-rocket-launch-but-hurdles-remain/,0.02555292692079858
ref-stablelm-base-alpha-3b-v2,nonmember,https://www.kxii.com/prnewswire/2022/06/15/ccig-continues-growth-us-with-southwest-expansion/,-1.8616831960573716
ref-stablelm-base-alpha-3b-v2,nonmember,https://www.cleveland19.com/prnewswire/2022/08/02/inventhelp-inventor-develops-cool-fan-avt-113/,-1.9729481642974682
ref-stablelm-base-alpha-3b-v2,nonmember,https://www.wfaa.com/article/sports/soccer/fc-dallas-maarten-paes-permanent-transfer/287-4dd17a1e-67a5-4f65-a82c-15e444550f64,0.096397047205802
ref-stablelm-base-alpha-3b-v2,nonmember,https://www.eonline.com/ca/news/1341481/normani-says-she-has-real-life-s-t-going-on-in-her-personal-life,0.3480096068495877
ref-stablelm-base-alpha-3b-v2,nonmember,https://cw33.com/news/politics/ap-politics/democrats-delay-primary-order-decision-until-after-2022-vote/,-2.3072321847909865
ref-stablelm-base-alpha-3b-v2,nonmember,https://greensboro.com/news/local/education/watch-now-guilford-county-schools-readying-to-place-weapons-scanners-in-regular-high-schools/article_b860260e-092e-11ed-94a5-3fbb8f667eab.html,0.34548696038682314
ref-stablelm-base-alpha-3b-v2,nonmember,https://www.kttc.com/2022/06/30/wisconsin-court-bats-down-challenge-kohler-golf-course/,-1.4840490999145548
ref-stablelm-base-alpha-3b-v2,nonmember,https://www.news-journalonline.com/story/news/crime/2022/06/17/4th-person-arrested-shootings-killed-2-fpc-students-flagler-palm-coast-bunnell/7656810001/,0.31105690700114286
ref-stablelm-base-alpha-3b-v2,nonmember,https://tucson.com/news/local/subscriber/tucson-mexican-restaurant-will-become-home-to-a-smoothie-shop/article_42f07bbe-f0c2-11ec-9c49-efeaf6384a5d.html,0.5453466044918924
ref-stablelm-base-alpha-3b-v2,nonmember,https://www.sfchronicle.com/news/article/German-climate-activists-aim-to-stir-friction-17306724.php,-2.105385187695338
ref-stablelm-base-alpha-3b-v2,nonmember,https://www.weau.com/prnewswire/2022/07/28/landsouth-breaks-ground-waterleaf-salt-creek/,-1.8690025983784988
ref-stablelm-base-alpha-3b-v2,nonmember,https://warm1069.com/at-madame-tussauds-new-york-attend-the-met-gala-with-katy-perry-lady-gaga-justin-bieber-and-more/,0.8088396478856024
ref-stablelm-base-alpha-3b-v2,nonmember,https://www.ourmidland.com/news/article/After-year-of-violence-US-schools-try-to-tame-17259855.php,-2.3033604953424462
ref-stablelm-base-alpha-3b-v2,nonmember,https://www.wistv.com/prnewswire/2022/06/28/injuries-popular-july-fourth-activities-are-rise-heres-how-stay-safe/,-1.3991239709584562
ref-stablelm-base-alpha-3b-v2,nonmember,https://www.yourcentralvalley.com/sports/ohtani-a-2-way-all-star-again-6-yankees-5-braves-astros/,-1.7159523626160216
ref-stablelm-base-alpha-3b-v2,nonmember,https://www.weau.com/2022/08/26/sparta-high-school-student-killed-crash-thursday-night/,-0.013415766448584332
ref-stablelm-base-alpha-3b-v2,nonmember,https://www.beaumontenterprise.com/news/article/Oklahoma-County-jail-inmate-dies-after-fight-with-17300497.php,-1.2714215228852628
ref-stablelm-base-alpha-3b-v2,nonmember,https://www.twincities.com/2022/08/03/rain-delay-doesnt-faze-lance-lynn-as-the-chicago-white-sox-win-back-to-back-home-series-for-the-1st-time-since-april/,-0.055167281401720336
ref-stablelm-base-alpha-3b-v2,nonmember,https://www.wagmtv.com/2022/08/24/suit-brinks-driver-was-asleep-during-pricey-jewelry-heist/,-1.9995267076737946
ref-stablelm-base-alpha-3b-v2,nonmember,https://www.cbs42.com/reviews/br/home-br/vacuums-br/best-bagless-vacuum/,-1.5117271593169566
ref-stablelm-base-alpha-3b-v2,nonmember,https://www.ktre.com/prnewswire/2022/07/07/mckinsey-amp-company-commits-nearly-doubling-tech-workforce-atlanta-by-2025/,-1.9465640246367557
ref-stablelm-base-alpha-3b-v2,nonmember,https://www.kmvt.com/prnewswire/2022/05/10/amy-bradley-joins-ameriserv-financial-inc-board-directors/,-0.6691245516596886
ref-stablelm-base-alpha-3b-v2,nonmember,https://www.wlbt.com/prnewswire/2022/07/26/donna-riley-bebb-joins-thoma-bravo-head-esg/,-1.1387380441528787
ref-stablelm-base-alpha-3b-v2,nonmember,https://www.ktre.com/prnewswire/2022/07/11/sky-zone-bring-active-play-chandler-az/,-1.9287068714442996
ref-stablelm-base-alpha-3b-v2,nonmember,https://cbs4indy.com/news/national-world/illinois-democrat-sean-casten-announces-17-year-old-daughters-death/,-1.921035302903602
ref-stablelm-base-alpha-3b-v2,nonmember,https://www.kfyrtv.com/prnewswire/2022/05/31/cisco-announces-june-2022-events-with-financial-community/,-0.7335902193572003
ref-stablelm-base-alpha-3b-v2,nonmember,https://www.ktre.com/prnewswire/2022/06/15/flacktek-speedmixer-named-most-innovative-cannabis-technology-platform-2021-by-global-health-pharma/,-1.8737981205804917
ref-stablelm-base-alpha-3b-v2,nonmember,https://www.lehighvalleylive.com/news/2022/05/little-rock-nine-awards-honor-minority-easton-area-school-district-students.html,0.4262641865432637
ref-stablelm-base-alpha-3b-v2,nonmember,https://www.1011now.com/prnewswire/2022/08/31/sectra-extends-medical-diagnostics-business-include-genomics-it/,-1.971768751316814
ref-stablelm-base-alpha-3b-v2,nonmember,https://www.seattletimes.com/seattle-news/homeless/illegally-placed-concrete-blocks-have-taken-over-public-parking-in-seattle-why-are-they-there/?utm_source=RSS&utm_medium=Referral&utm_campaign=RSS_all,0.3681662310497109
ref-stablelm-base-alpha-3b-v2,nonmember,https://www.binghamtonhomepage.com/entertainment-news/man-sentenced-to-10-years-in-rapper-mac-millers-drug-death/,-1.5673951640323986
ref-stablelm-base-alpha-3b-v2,nonmember,https://www.springfieldnewssun.com/obituaries/whiteaker-beecher/RJ66CHTCZREWFEMJOTS7JGZDKU/,0.11101801206029238
ref-stablelm-base-alpha-3b-v2,nonmember,https://www.wibw.com/prnewswire/2022/07/23/natures-sunshine-products-inc-issues-allergy-alert-undeclared-milk-aivia-whey-protein-power-herbs-meal-replacement-shakes/,-1.7873187041168734
ref-stablelm-base-alpha-3b-v2,nonmember,https://www.fox10phoenix.com/news/january-6-hearing-did-trump-commit-a-crime,-2.1450220655574577
ref-stablelm-base-alpha-3b-v2,nonmember,https://www.cleveland19.com/prnewswire/2022/06/23/women-business-collaborative-receives-first-place-award-gula-tech-foundation-cybersecurity-grant-competition/,-1.8462176532472911
ref-stablelm-base-alpha-3b-v2,nonmember,https://www.kbtx.com/prnewswire/2022/06/28/supreme-court-makes-right-decision-dobbs-says-association-american-physicians-surgeons-aaps/,-1.4633574552552366
ref-stablelm-base-alpha-3b-v2,nonmember,https://cbs4indy.com/news/ap-top-headlines/anti-mandate-protesters-converge-on-new-zealand-parliament/,-2.1216769320926803
ref-stablelm-base-alpha-3b-v2,nonmember,https://www.wbay.com/prnewswire/2022/07/07/holland-america-line-introduces-new-chef-ethan-stowell-dishes-dining-room-menu-showcasing-commitment-wild-sustainable-alaska-seafood/,-2.046774800834975
ref-stablelm-base-alpha-3b-v2,nonmember,https://www.kold.com/prnewswire/2022/06/06/leading-build-for-rent-company-triples-its-portfolio-one-year/,-1.1238170674108132
ref-stablelm-base-alpha-3b-v2,nonmember,https://www.wkyt.com/prnewswire/2022/05/25/modine-reports-fourth-quarter-fiscal-2022-results/,-1.3969842444213467
ref-stablelm-base-alpha-3b-v2,nonmember,https://www.wesh.com/article/lakeland-suv-crash-deadly/40827712,0.1471971685321849
ref-stablelm-base-alpha-3b-v2,nonmember,https://www.wnem.com/2022/07/12/woman-paralyzed-icu-after-chiropractic-visit/,-1.9636006286321483
ref-stablelm-base-alpha-3b-v2,nonmember,https://www.dakotanewsnow.com/prnewswire/2022/06/30/democrats-illinois-house-announce-leadership-change/,-1.9401129261073624
ref-stablelm-base-alpha-3b-v2,nonmember,https://www.wowktv.com/news/nexstar-media-wire/tattoo-inks-may-have-cancer-causing-chemicals-study-shows/,-2.1464796327440383
ref-stablelm-base-alpha-3b-v2,nonmember,https://www.cenlanow.com/entertainment-news/ap-sweetie-pie-star-found-guilty-in-nephews-shooting-death/,-1.9250661217959486
ref-stablelm-base-alpha-3b-v2,nonmember,https://www.dakotanewsnow.com/prnewswire/2022/08/18/introducing-upshop-total-store-operations-platform/,0.36446054749635204
ref-stablelm-base-alpha-3b-v2,nonmember,https://www.cenlanow.com/national/vfw-launches-campaign-to-showcase-veterans-stillserving/,0.20428334213500365
ref-stablelm-base-alpha-3b-v2,nonmember,https://www.wmur.com/article/volodymyr-zhukovskyy-trial-71922/40651477,0.162632432979138
ref-stablelm-base-alpha-3b-v2,nonmember,https://www.sfgate.com/sports/article/Ex-NFL-WR-Golden-Tate-signs-with-summer-baseball-17241908.php,-1.3117736343356077
ref-stablelm-base-alpha-3b-v2,nonmember,https://localnews8.com/entertainment/cnn-entertainment/2022/04/30/country-music-legend-naomi-judd-one-half-of-the-judds-has-died/,-1.1341188334363588
ref-stablelm-base-alpha-3b-v2,nonmember,https://wgntv.com/reviews/br/baby-kids-br/nursery-br/the-best-baby-crib/,-1.4636393461118455
ref-stablelm-base-alpha-3b-v2,nonmember,https://www.ourmidland.com/sports/article/2022-Dallas-Cowboys-Roster-17440959.php,0.12475551834428744
ref-stablelm-base-alpha-3b-v2,nonmember,https://trib.com/news/local/casper/duck-dynasty-star-will-speak-at-wednesdays-boys-and-girls-club-breakfast/article_8fcb7478-32d2-11ed-93ce-cb986daaf403.html,0.4004554488066352
ref-stablelm-base-alpha-3b-v2,nonmember,https://www.ourmidland.com/news/article/Washington-school-shooter-sentenced-to-40-years-17385558.php,-1.8083101309126
ref-stablelm-base-alpha-3b-v2,nonmember,https://www.kark.com/news/national-news/suspect-in-buffalo-supermarket-shooting-charged-with-federal-hate-crimes/,-1.897249552460025
ref-stablelm-base-alpha-3b-v2,nonmember,https://www.wkyt.com/prnewswire/2022/09/01/norwex-envirocloth-cleaning-paste-named-winner-good-housekeepings-2022-best-cleaning-amp-organizing-awards/,-1.7941978698199783
ref-stablelm-base-alpha-3b-v2,nonmember,https://www.abcactionnews.com/news/national/who-monkeypox-likely-spread-by-sex-at-raves-in-europe,-1.5513914711480687
ref-stablelm-base-alpha-3b-v2,nonmember,https://www.localsyr.com/news/international/germany-again-rejects-russian-explanation-for-gas-supply-cut/,-2.210859413135067
ref-stablelm-base-alpha-3b-v2,nonmember,https://www.wane.com/reviews/13-most-popular-sheet-masks-on-sephora/,-1.5745221316190612
ref-stablelm-base-alpha-3b-v2,nonmember,https://www.kfyrtv.com/2022/08/04/williston-basin-school-district-looking-into-alternate-lunch-policy/,0.0494547895110129
ref-stablelm-base-alpha-3b-v2,nonmember,https://www.cnet.com/culture/entertainment/house-of-the-dragon-vs-lord-of-the-rings-vs-she-hulk-vs-star-wars/,0.6191780642272473
ref-stablelm-base-alpha-3b-v2,nonmember,https://www.wfmz.com/news/pr_newswire/pr_newswire_stocks/mcloud-announces-first-quarter-2022-financial-results/article_f04f2be9-2345-5fdf-95d5-7bd392b50047.html,-0.8703654198414161
ref-stablelm-base-alpha-3b-v2,nonmember,https://www.wistv.com/prnewswire/2022/06/07/starling-debuts-atlantas-latest-lifestyle-hotel-joining-curio-collection-by-hilton/,-1.7893213166297497
ref-stablelm-base-alpha-3b-v2,nonmember,https://www.theledger.com/story/sports/outdoors/fishing/2022/07/28/tides-and-solunars-know-when-hit-outdoors/10157711002/,0.1422271831694183
ref-stablelm-base-alpha-3b-v2,nonmember,https://www.mrt.com/weather/article/TX-WFO-MIDLAND-ODESSA-Warnings-Watches-and-17213046.php,-1.5987402244048994
ref-stablelm-base-alpha-3b-v2,nonmember,https://www.wptv.com/garth-brooks-helps-open-police-station-nashville,-1.1386285247252235
ref-stablelm-base-alpha-3b-v2,nonmember,https://www.kold.com/prnewswire/2022/09/01/happydic-is-reinventing-usa-streetwear-new-generation-sustainable-ethical-shoppers/,-1.7092115175541478
ref-stablelm-base-alpha-3b-v2,nonmember,https://www.thetimes-tribune.com/news/crime-emergencies/power-restored-to-most-north-scranton-customers/article_54a2e288-ac1f-5b11-9a5f-7c5c3e8b85da.html,-0.6940694125616762
ref-stablelm-base-alpha-3b-v2,nonmember,https://www.krqe.com/news/national/youve-seen-the-webb-telescopes-stunning-images-but-have-you-heard-them/,-2.3893523344069862
ref-stablelm-base-alpha-3b-v2,nonmember,https://www.kalb.com/2022/09/16/bed-bath-beyond-releases-store-closure-list/,-1.297254711279686
ref-stablelm-base-alpha-3b-v2,nonmember,https://www.kait8.com/prnewswire/2022/06/08/mercury-insurance-offers-new-coverages-discounts-illinois/,-1.7766569332545483
ref-stablelm-base-alpha-3b-v2,nonmember,https://www.sfgate.com/business/article/Cedar-Q2-Earnings-Snapshot-17352743.php,-0.42695664277096235
ref-stablelm-base-alpha-3b-v2,nonmember,https://who13.com/news/national-news/ap-us-news/ap-alex-jones-faces-second-trial-over-sandy-hook-hoax-claims/,-1.921417616467794
ref-stablelm-base-alpha-3b-v2,nonmember,https://www.sfgate.com/news/article/Microplastics-increasingly-found-in-Colorado-s-17356410.php,-0.2172073782229491
ref-stablelm-base-alpha-3b-v2,nonmember,https://www.wdtn.com/entertainment-news/ap-entertainment/uk-royals-spending-up-17-mostly-for-palace-overhaul-costs/,-2.2227750526142587
ref-stablelm-base-alpha-3b-v2,nonmember,https://www.kswo.com/prnewswire/2022/06/29/bahamasair-relaunches-nonstop-service-orlando-grand-bahama-island/,-1.1304001839502347
ref-stablelm-base-alpha-3b-v2,nonmember,https://www.weau.com/prnewswire/2022/08/04/unity-software-inc-company-news-berger-montague-investigates-securities-fraud-allegations-against-unity-software-inc-nyse-u-lead-plaintiff-deadline-is-september-6-2022/,-1.5131931556527882
ref-stablelm-base-alpha-3b-v2,nonmember,https://www.yourbasin.com/news/national-news/naacp-abortion-ruling-will-disproportionately-impact-black-women/,-1.9293363676891384
ref-stablelm-base-alpha-3b-v2,nonmember,https://www.wbay.com/2022/08/07/consumer-first-alert-fbi-sees-increase-sextortion-targeting-teen-boys/,0.2442207241219836
ref-stablelm-base-alpha-3b-v2,nonmember,https://www.cleveland19.com/prnewswire/2022/06/01/mendix-expands-relationship-with-capgemini-digitize-streamline-insurance-industry/,-2.053800832108111
ref-stablelm-base-alpha-3b-v2,nonmember,https://www.1011now.com/prnewswire/2022/07/25/rush-recommerce-announces-129-million-series-funding-round/,-1.5856480381207871
ref-stablelm-base-alpha-3b-v2,nonmember,https://www.seattletimes.com/nation-world/world/1st-ukraine-grain-ship-for-horn-of-africa-reaches-djibouti/?utm_source=RSS&utm_medium=Referral&utm_campaign=RSS_nation-world,-1.8726955516272057
ref-stablelm-base-alpha-3b-v2,nonmember,https://www.jsonline.com/story/sports/college/uw/2022/09/13/wisconsins-clay-cundiff-must-overcome-fumble-vs-washington-state/10360506002/,0.137505745833141
ref-stablelm-base-alpha-3b-v2,nonmember,https://www.kxnet.com/news/politics/ap-politics/report-federal-debt-lower-in-2022-still-poised-to-climb/,-2.246294159912368
ref-stablelm-base-alpha-3b-v2,nonmember,https://www.cleveland19.com/prnewswire/2022/07/08/childrens-cancer-research-fund-seeking-60000-cyclists-help-kick-cancers-butt-during-great-cycle-challenge-usa-this-september/,-1.7143639313924208
ref-stablelm-base-alpha-3b-v2,nonmember,https://www.ourmidland.com/sports/article/Judge-hits-55th-homer-Yanks-mark-for-17425592.php,-1.6767748453676965
ref-stablelm-base-alpha-3b-v2,nonmember,https://www.wjhl.com/reviews/the-best-metal-wind-spinners/,-1.9848530877115442
ref-stablelm-base-alpha-3b-v2,nonmember,https://www.wibw.com/prnewswire/2022/07/06/dequency-launches-music-rights-portal-create-first-open-two-sided-sync-licensing-marketplace/,-2.2585549022012175
ref-stablelm-base-alpha-3b-v2,nonmember,https://www.sfgate.com/news/article/US-home-sales-fell-again-in-July-as-housing-17381728.php,-0.5627940264927449
ref-stablelm-base-alpha-3b-v2,nonmember,https://www.wcjb.com/prnewswire/2022/06/19/max-stock-limited-announces-stock-buyback-plan/,-1.8462578660062352
ref-stablelm-base-alpha-3b-v2,nonmember,https://www.kwch.com/prnewswire/2022/06/16/finally-theres-vitalite-plant-based-cheese/,-1.697458353788163
ref-stablelm-base-alpha-3b-v2,nonmember,https://www.mrt.com/weather/article/TX-WFO-LUBBOCK-Warnings-Watches-and-Advisories-17410730.php,-1.5156323309545843
ref-stablelm-base-alpha-3b-v2,nonmember,https://www.beaumontenterprise.com/weather/article/CA-Sacramento-CA-Zone-Forecast-17227041.php,-0.4855830012449599
ref-stablelm-base-alpha-3b-v2,nonmember,https://www.pahomepage.com/washington/washington-dc/sen-markey-emphasizes-maintaining-peaceful-relations-after-trip-to-asia/,-1.5221426161605556
ref-stablelm-base-alpha-3b-v2,nonmember,https://www.ktre.com/prnewswire/2022/09/01/edible-makes-back-school-sweet-experience-with-customizable-care-packages/,-2.0182765664675033
ref-stablelm-base-alpha-3b-v2,nonmember,https://www.knkx.org/2022-07-19/steve-dettelbach-steps-in-at-a-critical-time-to-lead-the-atf,-2.022149021685013
ref-stablelm-base-alpha-3b-v2,nonmember,https://www.wkyt.com/prnewswire/2022/06/17/claflin-university-receives-500000-bank-america-support-center-social-justice/,-1.1746543291576486
ref-stablelm-base-alpha-3b-v2,nonmember,https://www.kxii.com/prnewswire/2022/07/20/belatina-tv-host-celebrity-dentist-former-real-housewives-miami-star-karent-sierra-shares-her-3-step-routine-healthy-summer-smile/,-1.8768000034313492
ref-stablelm-base-alpha-3b-v2,nonmember,https://www.wbay.com/prnewswire/2022/06/15/priceline-makes-travel-easy-affordable-with-summer-sale-expanded-loyalty-program/,-1.6317628489715021
ref-stablelm-base-alpha-3b-v2,nonmember,https://wtmj.com/national/2022/04/24/2-suspects-sought-as-100-die-in-nigeria-oil-refinery-blast-2/,-1.9441420970345935
ref-stablelm-base-alpha-3b-v2,nonmember,https://www.kwch.com/prnewswire/2022/07/26/fairtility-launches-ai-academy-demystify-use-artificial-intelligence-fertility-care/,-1.435305665641155
ref-stablelm-base-alpha-3b-v2,nonmember,https://www.dakotanewsnow.com/prnewswire/2022/08/18/canadian-solar-reports-second-quarter-2022-results/,-0.28969063372848924
ref-stablelm-base-alpha-3b-v2,nonmember,https://www.wkyt.com/prnewswire/2022/08/03/pepsico-pepsico-foundation-partner-with-world-central-kitchen-save-children-provide-relief-families-impacted-by-kentucky-flooding/,-1.6881006718533098
ref-stablelm-base-alpha-3b-v2,nonmember,https://www.kcra.com/article/dying-to-ask-podcast-dorm-designers-phone-dumps-and-all-things-college-101/40860366,0.5732864432384921
ref-stablelm-base-alpha-3b-v2,nonmember,https://kion546.com/news/2022/09/08/families-of-2-innocent-victims-killed-amid-lapd-pursuit-to-sue-department-and-city/,0.0031570483096805546
ref-stablelm-base-alpha-3b-v2,nonmember,https://www.kxii.com/prnewswire/2022/09/13/ozy-genius-awards-announces-search-class-2023-with-special-focus-students-hbcus/,-1.9952183618831763
ref-stablelm-base-alpha-3b-v2,nonmember,https://www.myarklamiss.com/news/international/explosions-gunfire-at-a-military-base-near-malis-capital/,-1.8965140056996537
ref-stablelm-base-alpha-3b-v2,nonmember,https://www.bostonglobe.com/2022/06/16/metro/diossa-calls-pryor-step-down-commerce-secretary/,0.272361819540071
ref-stablelm-base-alpha-3b-v2,nonmember,https://www.cleveland19.com/prnewswire/2022/08/30/digital-brand-architects-announces-acquisition-digital-golf-collective/,-1.7824682795923228
ref-stablelm-base-alpha-3b-v2,nonmember,https://www.wafb.com/prnewswire/2022/08/25/genesis-ranks-highest-overall-tech-innovation-jd-power-2022-us-tech-experience-index-study/,-1.8336344902804393
ref-stablelm-base-alpha-3b-v2,nonmember,https://www.texomashomepage.com/news/national/ap-2-plead-guilty-in-scheme-to-sell-bidens-daughters-diary/,-2.1219723594009454
ref-stablelm-base-alpha-3b-v2,nonmember,https://www.seattlepi.com/news/article/For-Republican-governors-all-economic-success-is-17386573.php,-2.295055465772108
ref-stablelm-base-alpha-3b-v2,nonmember,https://phl17.com/news/international/ap-international/family-of-comatose-boy-seek-to-have-him-moved-to-hospice/,-1.8391490068535303
ref-stablelm-base-alpha-3b-v2,nonmember,https://www.wnem.com/2022/08/30/man-charged-with-arson-after-mt-morris-house-fire/,0.0439856966110459
ref-stablelm-base-alpha-3b-v2,nonmember,https://www.wafb.com/2022/07/25/lavrov-says-russian-goal-oust-ukraines-president/,-1.9050756529713015
ref-stablelm-base-alpha-3b-v2,nonmember,https://www.wkyt.com/prnewswire/2022/09/01/legendary-irish-poet-patrick-kavanaghs-work-brought-life-new-record-by-readings-hozier-liam-neeson-imelda-may-bono-more/,-1.4518717611044352
ref-stablelm-base-alpha-3b-v2,nonmember,https://www.texomashomepage.com/news/health/top-french-official-accused-of-rape-during-gynecology-exams/,-1.9655950743983495
ref-stablelm-base-alpha-3b-v2,nonmember,https://www.fox16.com/news/education/arkansas-summer-learning-programs-rake-up-1-8-million-in-esser-iii-grants/,0.36693940851223106
ref-stablelm-base-alpha-3b-v2,nonmember,https://www.wthr.com/article/news/crime/man-indicted-in-rape-of-9-year-old-columbus-girl-who-traveled-to-indiana-for-abortion-gerson-fuentes-caitlin-bernard-todd-rokita-ohio-columbus/531-be793ac2-3fbd-438b-84de-5f8125b2ba68,-0.3191584146491806
ref-stablelm-base-alpha-3b-v2,nonmember,https://www.kron4.com/news/bay-area/sf-cheese-fest-returns-post-covid-but-not-in-sf/,0.46114789817164237
ref-stablelm-base-alpha-3b-v2,nonmember,https://www.mysuncoast.com/2022/06/23/fda-orders-all-juul-electronic-cigarettes-removed-us-market/,-1.9145833840543738
ref-stablelm-base-alpha-3b-v2,nonmember,https://phl17.com/nmw/taco-bell-unveils-big-cheez-it-tostada-and-crunchwrap-supreme/,-1.6159263359917853
ref-stablelm-base-alpha-3b-v2,nonmember,https://www.kxxv.com/news/national/two-americas/government-data-shows-most-big-cities-remain-racially-segregated,-1.7721771904882355
ref-stablelm-base-alpha-3b-v2,nonmember,https://www.orlandosentinel.com/news/florida/os-ne-gofundme-florida-teen-who-lost-shark-20220720-fltdiisqtjbe5nx3xph5zicnrq-story.html,0.005942622520621388
ref-stablelm-base-alpha-3b-v2,nonmember,https://www.normantranscript.com/news/open-meeting-act-violation-commissioner-bows-of-meeting-monday/article_98054868-c049-11ec-9572-4b12d4df2f15.html,0.25550228534367125
ref-stablelm-base-alpha-3b-v2,nonmember,https://www.ktre.com/2022/06/26/officer-suspended-off-duty-actions-abortion-protest/,-1.7095984787725476
ref-stablelm-base-alpha-3b-v2,nonmember,https://www.kfyrtv.com/prnewswire/2022/08/26/tuya-smart-launches-its-latest-matter-solutions-support-global-customers/,-2.5808626530446617
ref-stablelm-base-alpha-3b-v2,nonmember,https://www.idahopress.com/community/life/movie-guy-minions-rise-up-for-laughs/article_7cc3916b-6818-5a40-be9f-99286c99a6d4.html,0.23705263915109764
ref-stablelm-base-alpha-3b-v2,nonmember,https://www.kxii.com/prnewswire/2022/08/25/wats3d-ai-platform-included-american-gastroenterological-association-aga-clinical-practice-update-new-technology-innovation-surveillance-screening-barretts-esophagus/,-2.1221531896042642
ref-stablelm-base-alpha-3b-v2,nonmember,https://www.seattletimes.com/pacific-nw-magazine/july-10-readers-lens/?utm_source=RSS&utm_medium=Referral&utm_campaign=RSS_all,0.48029755520367656
ref-stablelm-base-alpha-3b-v2,nonmember,https://www.cleveland19.com/prnewswire/2022/08/11/byron-allens-allen-media-group-elevates-chris-malone-chief-financial-officer/,-1.9449460048375389
ref-stablelm-base-alpha-3b-v2,nonmember,https://who13.com/news/national-news/what-is-bereal-new-anti-influencer-social-media-app-gains-popularity/,-2.353492133818912
ref-stablelm-base-alpha-3b-v2,nonmember,https://www.wkyt.com/prnewswire/2022/08/19/childrens-eye-surgeons-team-up-with-safe-eyes-america-oppose-lowering-eye-surgery-licensing-requirements/,-1.9949944441399368
ref-stablelm-base-alpha-3b-v2,nonmember,https://www.abcactionnews.com/news/national/coronavirus/fda-authorizes-at-home-nonprescription-test-that-detects-covid-19-rsv-and-flu,-1.4989520803247502
ref-stablelm-base-alpha-3b-v2,nonmember,https://www.kold.com/2022/05/06/local-restaurants-face-tequila-shortage-amid-supply-chain-crisis/,0.14365790633501385
ref-stablelm-base-alpha-3b-v2,nonmember,https://www.kff.org/racial-equity-and-health-policy/issue-brief/2022-changes-to-the-public-charge-inadmissibility-rule-and-the-implications-for-health-care/,0.6936684843363274
ref-stablelm-base-alpha-3b-v2,nonmember,https://www.wfaa.com/article/news/verify/national-verify/two-weeks-notice-not-legally-required-quitting-job/536-1c4fd0f1-e284-4e75-bffc-7f24ccb70cac,-1.6353997482981049
ref-stablelm-base-alpha-3b-v2,nonmember,https://www.eonline.com/news/1339365/tristan-thompson-twins-with-5-year-old-son-prince-in-car-selfie?cmpid=rss-000000-rssfeed-365-topstories&utm_source=eonline&utm_medium=rssfeeds&utm_campaign=rss_topstories,-0.12091518218885233
ref-stablelm-base-alpha-3b-v2,nonmember,https://www.wibw.com/prnewswire/2022/06/13/bechtel-support-construction-new-airport-indias-capital-city/,-2.011567252970987
ref-stablelm-base-alpha-3b-v2,nonmember,https://www.wlbt.com/2022/05/22/biden-says-monkeypox-cases-something-be-concerned-about/,-1.7257006635912069
ref-stablelm-base-alpha-3b-v2,nonmember,https://www.sfchronicle.com/bayarea/article/mask-mandate-alameda-17216427.php,0.20643014441060004
ref-stablelm-base-alpha-3b-v2,nonmember,https://www.texomashomepage.com/news/national-news/the-original-dunkin-donut-used-to-have-a-handle-for-dunking/,-2.092337037582876
ref-stablelm-base-alpha-3b-v2,nonmember,https://www.koin.com/news/large-portion-of-multnomah-county-budget-going-towards-homeless-services/,0.1518749382803133
ref-stablelm-base-alpha-3b-v2,nonmember,https://www.mysuncoast.com/prnewswire/2022/06/06/unisys-announces-winners-13th-annual-unisys-innovation-program-uip-contest/,-1.6975136261364236
ref-stablelm-base-alpha-3b-v2,nonmember,https://www.mysuncoast.com/prnewswire/2022/06/15/associated-banc-corp-announces-executive-leadership-appointments/,-1.0371818065003202
ref-stablelm-base-alpha-3b-v2,nonmember,https://www.kwch.com/prnewswire/2022/08/09/vial-announces-emr-interface-with-modmed-power-clinical-trial-patient-recruitment/,-2.18565275172053
ref-stablelm-base-alpha-3b-v2,nonmember,https://www.santafenewmexican.com/news/local_news/arson-suspect-faces-new-fake-name-charge/article_586fc490-0e90-11ed-b6b3-275554c05b74.html,0.3264768813761485
ref-stablelm-base-alpha-3b-v2,nonmember,https://www.wsaz.com/2022/07/13/doctors-transplant-pig-hearts-into-2-brain-dead-patients/,-2.259111026094956
ref-stablelm-base-alpha-3b-v2,nonmember,https://www.unionleader.com/news/health/saint-gobain-agrees-to-permanent-alternative-drinking-water-solutions-for-1-000-properties/article_8f8bd17b-9186-5916-a25a-fcc02c2f7125.html,0.17711081636848247
ref-stablelm-base-alpha-3b-v2,nonmember,https://www.wfla.com/sports/ap-sports/gareth-bale-says-hes-at-lafc-to-win-trophies-not-to-retire/,-2.181985212196441
ref-stablelm-base-alpha-3b-v2,nonmember,https://www.seattlepi.com/sports/article/Jets-QB-Wilson-injures-knee-in-preseason-game-17370838.php,-1.6021533899170732
ref-stablelm-base-alpha-3b-v2,nonmember,https://www.kimt.com/news/major-drug-bust-leads-to-five-arrests-in-southern-minnesota/article_0947d0fe-c671-11ec-9f1f-a347dcc10a26.html,0.12181582340445463
ref-stablelm-base-alpha-3b-v2,nonmember,https://www.newschannel6now.com/2022/08/26/pa-man-who-attacked-police-jan-6-gets-46-month-sentence/,-1.670761317752312
ref-stablelm-base-alpha-3b-v2,nonmember,https://www.wivb.com/news/national/kids-mullet-championship-2022-young-finalists-keep-business-up-front-party-in-the-back/,-2.1880695216620634
ref-stablelm-base-alpha-3b-v2,nonmember,https://www.wflx.com/2022/05/12/mega-millions-mistake-ny-lottery-temporarily-pauses-payments-after-human-error/,-1.9751144364456739
ref-stablelm-base-alpha-3b-v2,nonmember,https://www.kark.com/news/state-news/documents-reveal-background-of-deputies-officer-involved-in-violent-mulberry-arrest/,0.12785266482582758
ref-stablelm-base-alpha-3b-v2,nonmember,https://www.kwch.com/prnewswire/2022/09/14/robert-half-names-george-denlinger-operational-president-us-technology-marketing-legal-talent-solutions/,-1.6415508837179833
ref-stablelm-base-alpha-3b-v2,nonmember,https://www.kmvt.com/prnewswire/2022/07/01/acclaimed-artist-derrick-adams-launches-derrick-adams-editions-funtime-unicorn/,-1.7697122251850268
ref-stablelm-base-alpha-3b-v2,nonmember,https://www.1011now.com/prnewswire/2022/06/16/first-ever-servicetitan-hvac-national-championship-shine-light-hvac-trade-professionals-apprentices-across-country/,-1.4609161827414894
ref-stablelm-base-alpha-3b-v2,nonmember,https://www.ourmidland.com/sports/article/Kansas-City-Team-Stax-17298737.php,0.883589859035149
ref-stablelm-base-alpha-3b-v2,nonmember,https://www.seattletimes.com/business/shelling-kills-1-in-ukraine-russia-wants-nuke-plant-pledges/?utm_source=RSS&utm_medium=Referral&utm_campaign=RSS_all,-1.674104422450555
ref-stablelm-base-alpha-3b-v2,nonmember,https://www.koin.com/news/international/uk-conservatives-picking-final-2-in-race-to-replace-johnson/,-2.0971723312952637
ref-stablelm-base-alpha-3b-v2,nonmember,https://fox59.com/news/national-world/ap-international/war-damaged-russian-tanks-to-go-on-display-in-polish-square/,-1.8022843732325975
ref-stablelm-base-alpha-3b-v2,nonmember,https://www.wane.com/top-stories/ap-top-headlines/amazon-prime-day-comes-amid-slowdown-in-online-sales-growth/,-2.251621138043376
ref-stablelm-base-alpha-3b-v2,nonmember,https://www.kunm.org/npr-news/2022-08-02/pregnant-georgia-says-that-fetus-counts-as-a-dependent-on-your-taxes,-1.9867566336084481
ref-stablelm-base-alpha-3b-v2,nonmember,https://www.kron4.com/reviews/br/camping-outdoors-br/sleeping-br/10-best-camping-cots/,-1.708932022753981
ref-stablelm-base-alpha-3b-v2,nonmember,https://www.tacomadailyindex.com/blog/no-22-2-07666-1-summons-by-publication/2459413/,0.6803955452125006
ref-stablelm-base-alpha-3b-v2,nonmember,https://www.ksn.com/sports/ap-sports/chez-reavie-has-late-eagle-leads-barracuda-championship/,-2.017566837310888
ref-stablelm-base-alpha-3b-v2,nonmember,https://www.valleynewslive.com/prnewswire/2022/06/01/9th-annual-national-strip-tillage-conference-returns-iowa/,-2.463756892154758
ref-stablelm-base-alpha-3b-v2,nonmember,https://phl17.com/news/international/ap-international/ap-g-7-pledges-to-move-forward-with-russia-oil-price-cap-system/,-2.0942391587170914
ref-stablelm-base-alpha-3b-v2,nonmember,https://www.wlbt.com/prnewswire/2022/06/09/susana-suarez-gonzalez-joins-amcor-chief-human-resources-officer/,-1.6280387402260525
ref-stablelm-base-alpha-3b-v2,nonmember,https://www.yourcentralvalley.com/hill-politics/white-house-preparing-contingencies-in-event-of-rail-worker-strike/,-2.113803212498746
ref-stablelm-base-alpha-3b-v2,nonmember,https://www.wbay.com/prnewswire/2022/08/23/milliman-analysis-public-pensions-recover-majority-junes-market-losses-reach-773-funded-july-31/,-1.5608611509157233
ref-stablelm-base-alpha-3b-v2,nonmember,https://www.arkansasonline.com/news/2022/jul/03/pb-official-returns-to-crime-scene/,0.2609323887396986
ref-stablelm-base-alpha-3b-v2,nonmember,https://www.clickorlando.com/business/2022/08/12/publisher-of-usa-today-other-papers-axes-staff-to-cut-costs/,-1.8813515277081456
ref-stablelm-base-alpha-3b-v2,nonmember,https://www.wbrc.com/prnewswire/2022/06/16/exclusive-new-brain-program-developed-by-brc-recovery-doctors-phd-focuses-life-story-human-experience-an-individual/,-2.4098254566226114
ref-stablelm-base-alpha-3b-v2,nonmember,https://www.sfgate.com/sports/article/Avalanche-Lightning-show-importance-of-making-17269260.php,-2.1050470076818746
ref-stablelm-base-alpha-3b-v2,nonmember,https://www.mysuncoast.com/prnewswire/2022/05/19/businessesforsalecom-buyer-survey-us-business-buyers-are-securing-their-futures/,-1.8476409644361147
ref-stablelm-base-alpha-3b-v2,nonmember,https://www.washingtonpost.com/kidspost/2022/06/08/roman-mcconn-rescues-shelter-dogs/,0.5723899343039913
ref-stablelm-base-alpha-3b-v2,nonmember,https://www.localsyr.com/sports/sports-news/wallace-says-his-frustrations-result-from-his-passion-to-win/,-1.875103005041129
ref-stablelm-base-alpha-3b-v2,nonmember,https://www.kwch.com/prnewswire/2022/07/26/eri-group-link-product-development-announce-merger/,-1.3990353469964156
ref-stablelm-base-alpha-3b-v2,nonmember,https://www.twincities.com/2022/07/27/robert-quinn-says-hes-on-board-with-the-chicago-bears-despite-speculation-i-never-expected-to-go-anywhere/,0.06739065288411306
ref-stablelm-base-alpha-3b-v2,nonmember,https://www.wymt.com/2022/04/28/shotgun-armed-estranged-husband-breaks-into-wifes-home-while-shes-inside-with-two-men-deputies-say/,0.1573890788517145
ref-stablelm-base-alpha-3b-v2,nonmember,https://www.dakotanewsnow.com/prnewswire/2022/08/09/circuit-clinical-trial-site-staff-fully-certified-best-in-class-medidata-dct-rave-edc-technology/,-2.2181627586415393
ref-stablelm-base-alpha-3b-v2,nonmember,https://www.cleveland19.com/prnewswire/2022/06/02/palace-project-launches-new-platform-app-enable-equitable-econtent-access/,-1.945587863171759
ref-stablelm-base-alpha-3b-v2,nonmember,https://kion546.com/stacker-entertainment/2022/07/06/iconic-movies-shot-in-15-major-u-s-cities/,0.4057001987418525
ref-stablelm-base-alpha-3b-v2,nonmember,https://www.mrt.com/news/article/Joshua-Tree-reopens-roads-that-were-hit-by-flash-17364193.php,-1.262800887938944
ref-stablelm-base-alpha-3b-v2,nonmember,https://www.kfyrtv.com/2022/09/14/bingo-lite-brite-nerf-among-toy-hall-fame-finalists/,-1.9668965426335074
ref-stablelm-base-alpha-3b-v2,nonmember,https://www.cleveland19.com/prnewswire/2022/06/01/bronstein-gewirtz-amp-grossman-llc-notifies-allianz-global-investors-us-llc-allianzgi-shareholders-class-action-encourages-investors-contact-firm/,-1.000113868134484
ref-stablelm-base-alpha-3b-v2,nonmember,https://www.sfchronicle.com/weather/article/CA-WFO-LAS-VEGAS-Warnings-Watches-and-Advisories-17371310.php,-1.3937219638270024
ref-stablelm-base-alpha-3b-v2,nonmember,https://www.twincities.com/2022/08/05/chicago-cubs-catcher-willson-contreras-plays-the-hero-in-his-homecoming-and-is-ready-to-talk-with-jed-hoyer-at-anytime/,-0.048908914470686016
ref-stablelm-base-alpha-3b-v2,nonmember,https://www.valleynewslive.com/prnewswire/2022/07/13/valens-company-reports-second-quarter-fiscal-2022-financial-results/,-1.7387052002398782
ref-stablelm-base-alpha-3b-v2,nonmember,https://www.wkyt.com/prnewswire/2022/09/13/oracle-opens-first-cloud-region-spain/,-1.839892746602552
ref-stablelm-base-alpha-3b-v2,nonmember,https://www.ijpr.org/npr-news/2022-06-04/a-small-plane-flew-near-bidens-beach-house-in-delaware,-1.7524859114532048
ref-stablelm-base-alpha-3b-v2,nonmember,https://www.wistv.com/2022/07/22/vince-mcmahon-retires-wwe/,-1.7150535998618885
ref-stablelm-base-alpha-3b-v2,nonmember,https://www.wbrc.com/prnewswire/2022/07/14/masterclass-announces-kris-jenner-teach-power-personal-branding/,-1.897808977233699
ref-stablelm-base-alpha-3b-v2,nonmember,https://www.wibw.com/2022/07/07/former-theranos-exec-ramesh-balwani-convicted-fraud/,-1.988241012375786
ref-stablelm-base-alpha-3b-v2,nonmember,https://www.tuscaloosanews.com/story/sports/college/football/2022/08/07/alabama-football-pete-golding-dui-arrest-rebuilding-trust/10187468002/,0.4533659026949759
ref-stablelm-base-alpha-3b-v2,nonmember,https://www.albanyherald.com/entertainment/lea-michele-will-replace-beanie-feldstein-in-funny-girl/article_365bd3fb-9067-59f5-93aa-b0bbe6b3871f.html,-0.45315571349134687
ref-stablelm-base-alpha-3b-v2,nonmember,https://www.wflx.com/prnewswire/2022/08/16/exro-technologies-signs-multiyear-agreement-with-sea-electric-supply-coil-drive-systems-next-generation-commercial-electric-vehicles/,-1.5663141384491437
ref-stablelm-base-alpha-3b-v2,nonmember,https://www.mrt.com/weather/article/CA-WFO-PHOENIX-Warnings-Watches-and-Advisories-17259481.php,-1.6258851539331234
ref-stablelm-base-alpha-3b-v2,nonmember,https://www.kbtx.com/prnewswire/2022/05/02/flyersrights-responds-faas-argument-that-it-does-not-need-follow-congressional-mandate-establish-seat-size-standards/,-1.6807941619492333
ref-stablelm-base-alpha-3b-v2,nonmember,https://www.yourcentralvalley.com/news/u-s-world/jurors-see-gruesome-video-of-florida-school-shooting/,-1.997736703810507
ref-stablelm-base-alpha-3b-v2,nonmember,https://www.wflx.com/2022/07/08/join-wptv-first-alert-weather-spotters-team/,0.5490222953593924
ref-stablelm-base-alpha-3b-v2,nonmember,https://www.expressnews.com/sports/article/Patriots-facing-2-opponents-this-week-heat-and-17420359.php,-2.0779684218876353
ref-stablelm-base-alpha-3b-v2,nonmember,https://www.kswo.com/prnewswire/2022/08/30/hsbc-holdings-plc-amends-consideration-exchange-offers-concurrent-cash-tender-offers-subordinated-notes-extends-expiration-deadline/,-1.049127963939583
ref-stablelm-base-alpha-3b-v2,nonmember,https://www.wearegreenbay.com/international/ap-international/somalia-names-former-al-shabab-deputy-a-government-minister/,-1.9018497168366069
ref-stablelm-base-alpha-3b-v2,nonmember,https://azdailysun.com/loretta-lynn/article_9d38ae56-fe1e-5743-8a69-ea3b38c5339c.html,1.095574855627877
ref-stablelm-base-alpha-3b-v2,nonmember,https://www.dailyuw.com/sports/what-goals-do-uw-s-coaches-have-for-the-season-opener/article_45af108e-2aee-11ed-8434-9b0b0bdaf0e5.html,0.13762623552015807
ref-stablelm-base-alpha-3b-v2,nonmember,https://www.mrt.com/news/article/Zimbabweans-hit-by-soaring-inflation-Will-gold-17383784.php,-2.2813731157824053
ref-stablelm-base-alpha-3b-v2,nonmember,https://www.fox5ny.com/news/watch-winnie-the-pooh-blood-and-honey-horror-film-trailer,-0.10233889151411901
ref-stablelm-base-alpha-3b-v2,nonmember,https://www.inquirer.com/sixers/philadelphia-76ers-danny-green-acl-injury-contract-20220518.html,-0.0020494398222572485
ref-stablelm-base-alpha-3b-v2,nonmember,https://www.twincities.com/2022/09/08/high-school-football-fridays-week-2-predictions-2/,0.16098747336426888
ref-stablelm-base-alpha-3b-v2,nonmember,https://www.nj.com/yankees/2022/07/yankees-guardians-lineups-sunday-no-aaron-judge-jordan-montgomery-on-mound-7322.html,-0.14063665358534982
ref-stablelm-base-alpha-3b-v2,nonmember,https://www.wsaz.com/prnewswire/2022/08/15/zynex-announces-first-enrollments-apheresis-donation-clinical-trial-with-second-generation-fluid-monitoring-system/,-1.3701336506662962
ref-stablelm-base-alpha-3b-v2,nonmember,https://www.wnem.com/2022/05/03/more-than-200-sailors-moved-off-navy-aircraft-carrier-after-multiple-suicides/,-1.747617771419871
ref-stablelm-base-alpha-3b-v2,nonmember,https://www.thetimes-tribune.com/zz-dnp/paul-calderone/article_15a8ab2a-292d-5944-81d5-a8827b33882a.html,-0.1953825225756738
ref-stablelm-base-alpha-3b-v2,nonmember,https://www.kswo.com/prnewswire/2022/06/04/us-conference-mayors-announces-winners-police-racial-justice-grants/,-1.9810000504030976
ref-stablelm-base-alpha-3b-v2,nonmember,https://www.wivb.com/news/biden-says-olympians-brought-a-bit-of-unity-to-weary-nation/,-2.2212519246030507
ref-stablelm-base-alpha-3b-v2,nonmember,https://www.kait8.com/prnewswire/2022/09/01/decentralised-security-provider-silence-laboratories-raises-17-million-seed-funding/,-2.7617624392164775
ref-stablelm-base-alpha-3b-v2,nonmember,https://www.kxii.com/prnewswire/2022/08/01/harris-associates-lp-announces-oakmark-portfolio-manager-changes/,-1.5690479893796778
ref-stablelm-base-alpha-3b-v2,nonmember,https://www.cbs42.com/news/national/jan-6-panel-changed-script-for-star-witness-at-a-steep-cost/,-2.2272132145298507
ref-stablelm-base-alpha-3b-v2,nonmember,https://www.wlbt.com/prnewswire/2022/06/22/college-costs-inflation-both-skyrocket-fafsa-is-more-confusing-than-ever/,-1.374344506647828
ref-stablelm-base-alpha-3b-v2,nonmember,https://www.wbtv.com/prnewswire/2022/09/13/lumen-announces-ceo-transition/,-1.62193650782009
ref-stablelm-base-alpha-3b-v2,nonmember,https://www.weau.com/2022/07/28/obama-white-house-portrait-be-unveiled-sept-7-event/,-1.9646022394594038
ref-stablelm-base-alpha-3b-v2,nonmember,https://cbs4indy.com/news/national-world/ap-international/hong-kong-book-fair-kicks-off-with-fewer-political-books/,-2.2791013685216353
ref-stablelm-base-alpha-3b-v2,nonmember,https://www.seattletimes.com/sports/no-1-woman-swiatek-no-2-nadal-set-for-u-s-open-4th-round/?utm_source=RSS&utm_medium=Referral&utm_campaign=RSS_all,-0.5700677990280946
ref-stablelm-base-alpha-3b-v2,nonmember,https://www.expressnews.com/sports/article/Arizona-Kansas-City-Runs-17394102.php,-0.8730740584530234
ref-stablelm-base-alpha-3b-v2,nonmember,https://www.kait8.com/prnewswire/2022/09/15/holiday-elves-are-here-help-with-hectic-holidays/,-1.96061366786335
ref-stablelm-base-alpha-3b-v2,nonmember,https://www.wistv.com/prnewswire/2022/05/17/neosec-achieves-soc-2-type-ii-compliance-leveraging-its-own-security-platform-application-api-level-controls/,-2.1861702900051996
ref-stablelm-base-alpha-3b-v2,nonmember,https://www.mrt.com/news/article/Instagram-hides-some-posts-that-mention-abortion-17271917.php,-2.424385584504002
ref-stablelm-base-alpha-3b-v2,nonmember,https://kion546.com/cnn-other/2022/07/02/your-july-fourth-celebrations-will-be-more-expensive-this-year/,-1.64208167733518
ref-stablelm-base-alpha-3b-v2,nonmember,https://www.wearegreenbay.com/international/ap-international/ap-israeli-tycoon-appeals-corruption-conviction-in-swiss-court/,-2.153012340187195
ref-stablelm-base-alpha-3b-v2,nonmember,https://www.wcjb.com/prnewswire/2022/08/18/angeles-investors-recognize-top-funders-amp-venture-capital-firms-investing-hispanic-latinx-startups-with-2022-angeles-estrellas-award/,0.7161313890642198
ref-stablelm-base-alpha-3b-v2,nonmember,https://www.wcjb.com/2022/05/12/stolen-dog-reunited-with-her-original-family-5-years-later/,-1.3966875340676244
ref-stablelm-base-alpha-3b-v2,nonmember,https://www.sfchronicle.com/news/article/Total-bloodbath-Witnesses-describe-Ethiopia-17265128.php,-2.276752237967307
ref-stablelm-base-alpha-3b-v2,nonmember,https://www.weau.com/prnewswire/2022/08/03/inception-fertility-partners-with-carters-launch-campaign-help-aspiring-parents-make-dreams-come-true/,-1.6052688664608026
ref-stablelm-base-alpha-3b-v2,nonmember,https://www.wdtn.com/news/u-s-world/ap-international/mediterranean-ships-find-5-dead-rescue-over-1100-migrants/,-2.027601983638286
ref-stablelm-base-alpha-3b-v2,nonmember,https://www.dakotanewsnow.com/prnewswire/2022/06/23/famed-cricket-star-chris-gayle-partners-with-group-33-launch-chris-gayle-universe-show/,-2.330313592424483
ref-stablelm-base-alpha-3b-v2,nonmember,https://www.sfchronicle.com/news/article/911-dispatcher-who-took-Buffalo-shooting-call-put-17182900.php,-2.1578359546492543
ref-stablelm-base-alpha-3b-v2,nonmember,https://www.washingtonpost.com/world/2022/09/08/chinas-chengdu-city-21-million-extends-its-coronavirus-lockdown/,0.12689984866891457
ref-stablelm-base-alpha-3b-v2,nonmember,https://www.koin.com/news/jury-reaches-verdict-in-johnny-depp-amber-heard-libel-trial/,-1.6895048237156793
ref-stablelm-base-alpha-3b-v2,nonmember,https://www.indystar.com/story/news/crime/2022/07/03/indianapolis-police-respond-shooting-death-bretton-wood-drive/7799010001/,-0.030203650264485793
ref-stablelm-base-alpha-3b-v2,nonmember,https://www.wfmz.com/news/pr_newswire/pr_newswire_sports/ksa-fitness-equipment-market-is-expected-to-expand-at-a-cagr-of-18-7-on/article_29495b4b-e32f-57f7-9a75-b9071cf93294.html,0.2726981317538706
ref-stablelm-base-alpha-3b-v2,nonmember,https://www.mrt.com/news/article/Alert-Joe-Yetter-wins-Democratic-nomination-for-17180576.php,1.501045549108182
ref-stablelm-base-alpha-3b-v2,nonmember,https://www.seattlepi.com/weather/article/TX-Houston-Galveston-TX-Zone-Forecast-17363598.php,-0.28231123344239084
ref-stablelm-base-alpha-3b-v2,nonmember,https://www.unionleader.com/opinion/op-eds/rep-jason-osborne-build-on-gop-victories-in-2023/article_f87892ff-7cb5-5bba-9ea4-6fea908bcf66.html,0.37985848856811
ref-stablelm-base-alpha-3b-v2,nonmember,https://www.santafenewmexican.com/news/local_news/higher-than-normal-temps-hit-new-mexico-but-relief-may-ahead/article_02cd0e22-0787-11ed-b9bd-b3c034d990f0.html,0.3310364363559246
ref-stablelm-base-alpha-3b-v2,nonmember,https://www.conchovalleyhomepage.com/news/business/mackenzie-scott-gives-39-million-to-junior-achievement-usa/,-2.020410127618252
ref-stablelm-base-alpha-3b-v2,nonmember,https://www.kfyrtv.com/prnewswire/2022/06/02/liquified-creative-celebrates-15th-anniversary-by-announcing-new-public-relations-division/,-2.162496315818204
ref-stablelm-base-alpha-3b-v2,nonmember,https://www.kmvt.com/prnewswire/2022/08/10/endo-unsecured-noteholders-group-reiterates-that-bankruptcy-is-unwarranted-light-recent-results/,-1.3393261196729633
ref-stablelm-base-alpha-3b-v2,nonmember,https://www.unionleader.com/news/courts/indictment-trucker-who-killed-trooper-had-marijuana-in-his-system/article_aab2ce2e-5b52-5f42-a253-7bb9c21322b2.html,0.3948614432010906
ref-stablelm-base-alpha-3b-v2,nonmember,https://cbs4indy.com/sports/ap-sports/cameron-smith-out-of-bmw-championship-with-sore-hip/,-2.1011723031433096
ref-stablelm-base-alpha-3b-v2,nonmember,https://azdailysun.com/opinion/letters/letter-to-the-editor-putzova-situation-puts-some-on-city-council-in-voters-hot-seat/article_179ddcca-c694-11ec-8ac4-334620464b01.html,0.33535035436752736
ref-stablelm-base-alpha-3b-v2,nonmember,https://www.kfyrtv.com/prnewswire/2022/06/29/roan-holdings-group-co-announces-signing-strategic-letter-intent-new-energy-storage-industrial-park/,-1.3047905921255427
ref-stablelm-base-alpha-3b-v2,nonmember,https://wtmj.com/national/2022/06/05/japanese-man-83-ready-for-more-after-crossing-pacific-solo/,-2.0997430642214514
ref-stablelm-base-alpha-3b-v2,nonmember,https://www.kwch.com/prnewswire/2022/06/29/aarp-invests-34-million-through-260-community-improvement-projects/,-1.203371148662504
ref-stablelm-base-alpha-3b-v2,nonmember,https://www.wivb.com/news/national/army-paratrooper-shot-to-death-at-his-north-carolina-apartment/,-1.4605282298712094
ref-stablelm-base-alpha-3b-v2,nonmember,https://nbc-2.com/news/health/2022/06/29/us-to-offer-monkeypox-vaccines-in-states-with-high-case-rates/,-1.5416776099242058
ref-stablelm-base-alpha-3b-v2,nonmember,https://www.mrt.com/news/article/Teen-appeared-to-fall-out-of-Florida-ride-halfway-17145085.php,-1.9966960348277343
ref-stablelm-base-alpha-3b-v2,nonmember,https://www.thetimes-tribune.com/news/crime-emergencies/psp-man-fled-troopers-serving-arrest-warrant-illegally-possessed-pistol/article_2fbf4d01-671a-503a-a0d2-e58ea6a28e24.html,-0.7240929568451477
ref-stablelm-base-alpha-3b-v2,nonmember,https://www.wnem.com/2022/06/03/man-accused-stashing-cocaine-wheelchair-airport/,-1.7010605414824151
ref-stablelm-base-alpha-3b-v2,nonmember,https://www.kbtx.com/prnewswire/2022/08/24/steakholder-foods-reports-financial-results-q2-2022-provides-business-update/,-1.4524053130035919
ref-stablelm-base-alpha-3b-v2,nonmember,https://www.apr.org/science-health/2022-06-25/monkeypox-outbreak-in-u-s-is-bigger-than-the-cdc-reports-testing-is-abysmal,-2.0893083005954862
ref-stablelm-base-alpha-3b-v2,nonmember,https://www.wdiy.org/npr-news/2022-06-29/woody-williams-the-last-surviving-wwii-medal-of-honor-recipient-dies-at-98,-2.0331931427015606
ref-stablelm-base-alpha-3b-v2,nonmember,https://www.fox43.com/article/news/nation-world/justice-dept-provides-judge-with-redacted-version-of-trump-affidavit/507-641c168d-0b91-4488-81c8-9e6766db7467,-1.9761748749007126
ref-stablelm-base-alpha-3b-v2,nonmember,https://www.kmvt.com/prnewswire/2022/06/09/tribute-home-care-accelerates-growth-with-expansion-into-northern-virginia/,-1.6635865622988533
ref-stablelm-base-alpha-3b-v2,nonmember,https://www.twincities.com/2022/08/09/democrat-barnes-set-to-challenge-gop-wisconsin-sen-johnson/,-1.854321596179224
ref-stablelm-base-alpha-3b-v2,nonmember,https://www.kxii.com/prnewswire/2022/09/13/black-web-fest-awards-over-20000-black-creators/,-1.9178617143701562
ref-stablelm-base-alpha-3b-v2,nonmember,https://www.kold.com/prnewswire/2022/06/01/zapier-announces-winners-2022-marketing-ops-awards/,-1.9298857890928178
ref-stablelm-base-alpha-3b-v2,nonmember,https://www.expressnews.com/sports/article/Tigers-GM-Al-Avila-fired-after-7-years-no-17365232.php,-1.8693906620350402
ref-stablelm-base-alpha-3b-v2,nonmember,https://www.al.com/life/2022/05/video-shows-james-franco-visited-amber-heard-night-before-alleged-johnny-depp-abuse.html,-0.5083495737391173
ref-stablelm-base-alpha-3b-v2,nonmember,https://blackchronicle.com/76ers-top-needs-in-2022-nba-offseason-bleacher-report/,0.9671815323556063
ref-stablelm-base-alpha-3b-v2,nonmember,https://www.wmar2news.com/news/national/police-3-people-including-alleged-shooter-found-dead-inside-oregon-supermarket,-1.5476938905394644
ref-stablelm-base-alpha-3b-v2,nonmember,https://www.kxnet.com/reviews/br/electronics-br/camera-photo-br/best-nikon-digital-camera/,-1.6400828325551213
ref-stablelm-base-alpha-3b-v2,nonmember,https://www.1011now.com/prnewswire/2022/05/20/us-news-amp-world-report-names-watercrest-columbia-2022-23-best-assisted-living-community/,-1.9802268972832604
ref-stablelm-base-alpha-3b-v2,nonmember,https://www.mysuncoast.com/prnewswire/2022/07/28/newly-developed-1-motor-hybrid-transmission-used-toyotas-new-crown/,-2.4019377781694584
ref-stablelm-base-alpha-3b-v2,nonmember,https://www.weau.com/prnewswire/2022/05/30/tyan-highlights-optimized-hpc-platforms-accelerate-compute-intensive-applications-isc-2022/,-1.8764677215369114
ref-stablelm-base-alpha-3b-v2,nonmember,https://www.koin.com/news/international/spain-probes-blessing-of-soldiers-at-dictators-monument/,-2.173205191051168
ref-stablelm-base-alpha-3b-v2,nonmember,https://www.twincities.com/2022/09/04/sigelman-mehlman-airline-meltdowns-are-the-canary-in-the-coal-mine/,0.2055621665236278
ref-stablelm-base-alpha-3b-v2,nonmember,https://www.wflx.com/prnewswire/2022/07/06/raelian-embassy-extraterrestrials-project-presented-50-cities-around-world/,-1.7960186829051197
ref-stablelm-base-alpha-3b-v2,nonmember,https://www.wjhl.com/news/politics/go-broke-dates-pushed-back-for-social-security-medicare/,-2.092038492932184
ref-stablelm-base-alpha-3b-v2,nonmember,https://www.abc10.com/article/news/nation-world/los-angeles-dodgers-honoring-vin-scully-in-pre-game-ceremony/507-a1129161-fa59-483b-823c-45b1f7bdddea,-1.8140565686263141
ref-stablelm-base-alpha-3b-v2,nonmember,https://www.citizensvoice.com/news/crime-emergencies/1-dead-following-suspicious-plains-twp-blaze/article_db7ae093-a99f-5b78-ba50-46be69e6e22d.html,-0.033873352601974105
ref-stablelm-base-alpha-3b-v2,nonmember,https://www.kxnet.com/sports/video-shows-piquet-adding-homophobic-slur-against-hamilton/,-2.1203818220994206
ref-stablelm-base-alpha-3b-v2,nonmember,https://www.wearegreenbay.com/reviews/br/sports-fitness-br/boxing-br/best-boxing-equipment-for-beginners/,-1.650916982034018
ref-stablelm-base-alpha-3b-v2,nonmember,https://www.wflx.com/prnewswire/2022/05/25/borrego-announces-spin-off-sale-development-business-ecp/,-1.753231733751533
ref-stablelm-base-alpha-3b-v2,nonmember,https://www.weau.com/prnewswire/2022/09/07/leader-digital-engineering-services-encora-appoints-melissa-ribeiro-chief-people-officer/,-1.290884648854773
ref-stablelm-base-alpha-3b-v2,nonmember,https://tucson.com/sports/arizonawildcats/football/3-star-db-sean-brown-is-latest-ua-commit-as-wildcats-look-to-rebuild-secondary/article_f134058a-f0d9-11ec-ae7f-87f0618d696e.html,0.12014967164726365
ref-stablelm-base-alpha-3b-v2,nonmember,https://www.mrt.com/news/article/UN-chief-Governments-inaction-on-climate-is-17239902.php,-1.866958966222615
ref-stablelm-base-alpha-3b-v2,nonmember,https://www.expressnews.com/news/article/Florida-to-schools-Don-t-follow-federal-LGBTQ-17338702.php,-1.8984719616003314
ref-stablelm-base-alpha-3b-v2,nonmember,https://richmond.com/news/local/inaugural-run-richmond-16-19-a-cultural-running-experience-started-by-amistad-actor-to-be/article_e5c6342b-e2e8-5419-9168-a9cd5147177c.html,0.5120447522454401
ref-stablelm-base-alpha-3b-v2,nonmember,https://www.wagmtv.com/prnewswire/2022/06/28/jazz-pharmaceuticals-announces-top-line-results-phase-3-trial-evaluating-nabiximols-oromucosal-spray-adult-participants-with-multiple-sclerosis-spasticity/,-1.3200774325953772
ref-stablelm-base-alpha-3b-v2,nonmember,https://www.mysuncoast.com/2022/06/20/dad-shot-mouth-protecting-daughter-robber/,-1.9317693743876125
ref-stablelm-base-alpha-3b-v2,nonmember,https://newstalk1290.com/elvis-movie-cast/,0.058457182613242065
ref-stablelm-base-alpha-3b-v2,nonmember,https://www.valleynewslive.com/prnewswire/2022/05/18/eci-group-acquires-verso-luxury-apartments-davenport-fl/,-1.865837910685618
ref-stablelm-base-alpha-3b-v2,nonmember,https://www.mysuncoast.com/prnewswire/2022/05/25/igt-elevates-entertainment-harrington-raceway-casino-via-multi-product-systems-agreement/,-1.6332485202273244
ref-stablelm-base-alpha-3b-v2,nonmember,https://www.ourmidland.com/news/article/Swedish-leader-tackles-crime-energy-fears-on-17418800.php,-2.294273218053126
ref-stablelm-base-alpha-3b-v2,nonmember,https://www.mysuncoast.com/2022/09/10/i-was-crying-womans-quick-stop-store-turns-into-777777-lottery-jackpot/,-1.552014311632155
ref-stablelm-base-alpha-3b-v2,nonmember,https://www.weau.com/prnewswire/2022/08/30/zacatecas-reports-completed-phase-one-diamond-drilling-el-cristo-with-multiple-silver-base-metal-rich-epithermal-vein-systems-over-15-kilometre-strike-length/,-1.9071242446285122
ref-stablelm-base-alpha-3b-v2,nonmember,https://www.nwitimes.com/news/local/crime-and-courts/new-supreme-court-justice-from-northwest-indiana-participates-in-first-oral-arguments/article_addfbaab-38f8-56e4-a891-a459fe933c9d.html,0.6629814470458804
ref-stablelm-base-alpha-3b-v2,nonmember,https://www.ourmidland.com/sports/article/Kansas-City-Team-Stax-17421374.php,0.7451550991121674
ref-stablelm-base-alpha-3b-v2,nonmember,https://wtmj.com/national/2022/09/14/nba-considered-suspending-sarver-for-more-than-1-year/,-2.0288094693182304
ref-stablelm-base-alpha-3b-v2,nonmember,https://www.wishtv.com/news/inside-indiana-business/hoosier-breweries-win-medals-at-world-beer-cup/,0.8790407312511377
ref-stablelm-base-alpha-3b-v2,nonmember,https://www.wymt.com/prnewswire/2022/06/22/blackberry-software-is-now-embedded-over-215-million-vehicles/,-0.7863348212478618
ref-stablelm-base-alpha-3b-v2,nonmember,https://www.expressnews.com/news/article/UK-watchdog-probes-police-stop-of-sprinter-dos-17376288.php,-1.9169878695833247
ref-stablelm-base-alpha-3b-v2,nonmember,https://pix11.com/news/ap-general/sopranos-actor-tony-sirico-paulie-walnuts-dies-at-79/,-1.8456527295323517
ref-stablelm-base-alpha-3b-v2,nonmember,https://www.kbtx.com/2022/07/08/vandals-destroy-76-year-old-womans-wheelchair-ramp/,-1.6914680445157169
ref-stablelm-base-alpha-3b-v2,nonmember,https://www.wbrc.com/prnewswire/2022/08/26/bluerock-residential-growth-reit-blackstone-real-estate-announce-anticipated-closing-date-acquisition-spin-off/,-1.2341855011025444
ref-stablelm-base-alpha-3b-v2,nonmember,https://www.wtae.com/article/matt-fitzpatrick-hangs-on-wins-us-open-by-1/40343460,-1.9026910451482961
ref-stablelm-base-alpha-3b-v2,nonmember,https://www.fox16.com/sports/local-sports/historic-day-garners-national-honor-for-razorback-britton-wilson/,0.28888991971872
ref-stablelm-base-alpha-3b-v2,nonmember,https://cbs4indy.com/automotive/2023-honda-hrv-not-just-the-millennials-love-it/,-2.038640550706332
ref-stablelm-base-alpha-3b-v2,nonmember,https://www.localsyr.com/reviews/br-reviews/travel-br/small-travel-bags-br/best-jansport-backpack/,-1.381041781834491
ref-stablelm-base-alpha-3b-v2,nonmember,https://www.1011now.com/2022/07/05/omaha-officer-disciplined-after-use-force-controversy/,0.3086858168698503
ref-stablelm-base-alpha-3b-v2,nonmember,https://www.wdiy.org/npr-news/npr-news/2022-08-13/drug-gangs-unleash-violence-in-northern-mexican-cities,-1.950360163744928
ref-stablelm-base-alpha-3b-v2,nonmember,https://www.wibw.com/prnewswire/2022/09/01/schools-survival-mode-find-staffing-relief-through-automation/,-2.2410549588294693
ref-stablelm-base-alpha-3b-v2,nonmember,https://www.wane.com/news/tentative-railway-labor-deal-reached-to-avert-strike-biden-says/,-2.329933239902241
ref-stablelm-base-alpha-3b-v2,nonmember,https://www.valleynewslive.com/prnewswire/2022/04/27/senstar-technologies-announces-filing-2021-annual-report/,-1.6131763564238903
ref-stablelm-base-alpha-3b-v2,nonmember,https://who13.com/sports/ap-sports/phillies-harper-homers-in-1st-at-bat-in-triple-a-rehab-game/,-2.3491451392974523
ref-stablelm-base-alpha-3b-v2,nonmember,https://www.wmar2news.com/news/national/inflationary-psychology-could-be-pushing-the-prices-of-goods-up-faster,-2.1270614041817786
ref-stablelm-base-alpha-3b-v2,nonmember,https://www.wafb.com/2022/06/25/debate-over-abortion-moves-court-states-voters/,-1.6713111155994798
ref-stablelm-base-alpha-3b-v2,nonmember,https://www.kold.com/prnewswire/2022/06/08/iab-tech-lab-expands-open-measurement-sdk-connected-tv/,-2.018107445782997
ref-stablelm-base-alpha-3b-v2,nonmember,https://www.cleveland19.com/prnewswire/2022/07/13/finding-life-with-meaning-washington-state-man-credits-goodwill-career-services-program/,-1.9561657894340756
ref-stablelm-base-alpha-3b-v2,nonmember,https://www.tacomadailyindex.com/blog/best-cbd-oil-updated/2458431/,0.5122446007523611
ref-stablelm-base-alpha-3b-v2,nonmember,https://localnews8.com/weather/alerts-weather/2022/05/19/wind-advisory-issued-may-19-at-228pm-mdt-until-may-19-at-900pm-mdt-by-nws-pocatello-id-3/,-1.1805900755927836
ref-stablelm-base-alpha-3b-v2,nonmember,https://www.washingtonpost.com/politics/2022/05/31/one-gun-step-democrats-can-take-their-own/,0.2646595957256048
ref-stablelm-base-alpha-3b-v2,nonmember,https://6abc.com/abington-high-school-vandalism-baseball-field-montgomery-county-pennsylvania/12179097/,0.3325268535602919
ref-stablelm-base-alpha-3b-v2,nonmember,https://www.kbtx.com/prnewswire/2022/08/02/marshberry-platform-first-choice-agents-alliance-combine-create-insurance-industrys-most-robust-aggregator/,-2.0569397710651347
ref-stablelm-base-alpha-3b-v2,nonmember,https://www.cleveland19.com/prnewswire/2022/07/14/why-are-there-so-many-free-silent-disco-parties-2022/,-1.9300409717186078
ref-stablelm-base-alpha-3b-v2,nonmember,https://www.wbrc.com/prnewswire/2022/07/07/trinet-adds-former-pepsico-chairman-ceo-indra-nooyi-global-superstar-entertainer-lilly-singh-editor-author-tina-brown-former-nasa-astronaut-mike-massimino-roster-distinguished-speakers-trinet-peopleforce-2022/,-1.7408602364490935
ref-stablelm-base-alpha-3b-v2,nonmember,https://www.kbtx.com/prnewswire/2022/06/01/scad-commencement-2022/,-1.813948395728119
ref-stablelm-base-alpha-3b-v2,nonmember,https://www.mysuncoast.com/prnewswire/2022/09/08/lifearc-portfolio-company-ducentis-biotherapeutics-acquired-by-arcutis-biotherapeutics-up-400-million/,-1.4482201642755155
ref-stablelm-base-alpha-3b-v2,nonmember,https://www.wric.com/news/u-s-world/he-said-she-said-accounts-from-depp-and-heard-rarely-match/,-1.991633735265937
ref-stablelm-base-alpha-3b-v2,nonmember,https://www.wfla.com/nextstar-news-wire/florida-deputy-resigns-after-pointing-gun-at-pregnant-black-woman/,-2.0297932391768256
ref-stablelm-base-alpha-3b-v2,nonmember,https://www.seattlepi.com/news/article/School-shooter-s-brain-exams-to-be-subject-of-17372577.php,-2.3714607365595675
ref-stablelm-base-alpha-3b-v2,nonmember,https://q961.com/investigators-work-to-identify-human-remains-found-in-saint-john/,0.13870360801266512
ref-stablelm-base-alpha-3b-v2,nonmember,https://www.wfaa.com/article/news/local/fort-worth-texas-students-offer-help-in-wildfires/287-764bc7d7-4825-4c92-971e-c528f07c9fa5,0.404883576066132
ref-stablelm-base-alpha-3b-v2,nonmember,https://www.wistv.com/prnewswire/2022/09/14/nippon-express-obtains-gdp-certification-compliance-with-who-standards-east-japan-pharmaceutical-center/,-1.9195435088229036
ref-stablelm-base-alpha-3b-v2,nonmember,https://who13.com/news/politics/ap-politics/oregons-prison-chief-in-lead-for-top-federal-prisons-job/,-1.7882031233813969
ref-stablelm-base-alpha-3b-v2,nonmember,https://www.ktre.com/prnewswire/2022/06/08/wells-fargo-awards-850k-american-indian-graduate-center/,-1.7979018441453645
ref-stablelm-base-alpha-3b-v2,nonmember,https://www.wbrc.com/prnewswire/2022/07/07/one-summit-north-america-hosted-by-lf-networking-invites-industry-experts-across-access-edge-cloud-core-collaborate-in-person-november-15-16-2022/,-1.9175067185477002
ref-stablelm-base-alpha-3b-v2,nonmember,https://www.wivb.com/automotive/internet-brands/will-the-2024-ford-mustang-be-the-last-and-only-v-8-muscle-car-around/,-2.381434486431756
ref-stablelm-base-alpha-3b-v2,nonmember,https://www.dakotanewsnow.com/prnewswire/2022/07/27/mhc-included-leader-quadrant-2022-ccm-cxm-aspire-leaderboard/,-2.1060307039754367
ref-stablelm-base-alpha-3b-v2,nonmember,https://www.kbzk.com/money/consumer/dont-waste-your-money/facebook-messenger-scam-snags-10-million-victims-more-conned-every-day,-1.5060993422840667
ref-stablelm-base-alpha-3b-v2,nonmember,https://www.wcjb.com/prnewswire/2022/09/16/inventhelp-inventor-develops-convenient-way-wash-hands-on-the-go-all-2823/,-1.213314512661352
ref-stablelm-base-alpha-3b-v2,nonmember,https://www.valleynewslive.com/2022/05/17/2-children-admitted-tennessee-hospital-due-nationwide-formula-shortage/,-1.974081158905869
ref-stablelm-base-alpha-3b-v2,nonmember,https://www.wagmtv.com/prnewswire/2022/09/15/finance-500-inc-appoints-jeffrey-rigsby-chairman-ceo/,-1.8136104403394566
ref-stablelm-base-alpha-3b-v2,nonmember,https://azdailysun.com/opinion/letters/letter-to-the-editor-daggett-supporter-says-criticism-of-politician-misplaced/article_de6a8b6c-f3f5-11ec-bff6-17672c20a06e.html,0.4022520143112711
ref-stablelm-base-alpha-3b-v2,nonmember,https://www.kmvt.com/prnewswire/2022/05/31/inventhelp-inventor-develops-device-prevent-snakes-entering-toilets-all-2802/,-1.281687782454144
ref-stablelm-base-alpha-3b-v2,nonmember,https://www.wbrc.com/prnewswire/2022/06/15/north-jersey-federal-credit-union-chooses-lumin-digital-partner-enhanced-digital-banking-services/,-1.7724540130903654
ref-stablelm-base-alpha-3b-v2,nonmember,https://www.kait8.com/prnewswire/2022/07/11/pomerantz-llp-announces-settlement-class-action-involving-purchasers-2u-inc-common-stock/,-1.111984012267571
ref-stablelm-base-alpha-3b-v2,nonmember,https://www.wjhl.com/hispanic-heritage-month/miranda-helps-launch-latinx-lgbtq-support-program/,-2.1693506967094898
ref-stablelm-base-alpha-3b-v2,nonmember,https://www.wbrc.com/prnewswire/2022/08/09/smartfluence-fastest-growing-saas-influencer-marketing-platform-closes-215-million-seed-round-led-by-paca-ventures/,-1.9084933625161544
ref-stablelm-base-alpha-3b-v2,nonmember,https://www.mysuncoast.com/2022/07/11/girl-8-targeted-by-child-predator-roblox-mom-says/,-1.8028928553470174
ref-stablelm-base-alpha-3b-v2,nonmember,https://www.kait8.com/prnewswire/2022/07/20/ucla-anderson-executive-education-joins-nacd-education-network/,-1.937393553511693
ref-stablelm-base-alpha-3b-v2,nonmember,https://www.wbtv.com/2022/09/10/owen-was-best-hands-newborn-baby-receives-worlds-first-partial-heart-transplant/,-0.9555094125636057
ref-stablelm-base-alpha-3b-v2,nonmember,https://www.detroitnews.com/story/news/nation/2022/07/19/highway-safety-agency-running-ads-effort-curb-speeding/10099955002/,-1.464678060703945
ref-stablelm-base-alpha-3b-v2,nonmember,https://wtmj.com/national/2022/07/02/strong-earthquake-kills-5-in-southern-iran-2/,-1.5916854851416893
ref-stablelm-base-alpha-3b-v2,nonmember,https://www.beaumontenterprise.com/news/article/Ferrari-earnings-up-22-on-surging-deliveries-to-17344985.php,-1.7515880705246867
ref-stablelm-base-alpha-3b-v2,nonmember,https://www.apr.org/politics-government/2011-10-06/a-budget-target-disaster-money-is-secure-for-now,0.44549967061663587
ref-stablelm-base-alpha-3b-v2,nonmember,https://www.dakotanewsnow.com/prnewswire/2022/06/16/canon-usa-inc-supports-new-york-marine-rescue-center-cold-stunned-turtle-program-student-book-launch/,-1.6376425102417356
ref-stablelm-base-alpha-3b-v2,nonmember,https://www.wbay.com/2022/08/21/patchy-fog-tonight-quiet-warm-start-work-week/,-0.1696291492757882
ref-stablelm-base-alpha-3b-v2,nonmember,https://www.localsyr.com/news/local-news/first-rome-pop-up-project-on-june-18/,0.05966761833915779
ref-stablelm-base-alpha-3b-v2,nonmember,https://www.eonline.com/ca/news/1332281/target-summer-savings-sale-swim-sandals-summer-styles-more-start-at-just-5,0.31626492539264417
ref-stablelm-base-alpha-3b-v2,nonmember,https://www.cleveland19.com/2022/09/16/organization-hosts-press-conference-expose-alleged-corruption-east-cleveland/,0.15615115405026314
ref-stablelm-base-alpha-3b-v2,nonmember,https://www.valleynewslive.com/prnewswire/2022/08/04/intel-471-introduces-471-cyber-threat-report/,-2.044918934145175
ref-stablelm-base-alpha-3b-v2,nonmember,https://www.kmvt.com/prnewswire/2022/08/04/cryoport-reports-results-second-quarter-2022/,-1.3655371428437455
ref-stablelm-base-alpha-3b-v2,nonmember,https://www.wistv.com/prnewswire/2022/08/05/california-fire-foundation-disaster-relief-cash-cards-provide-more-than-87000-support-survivors-oak-fire/,-1.9207588909902196
ref-stablelm-base-alpha-3b-v2,nonmember,https://www.foxnews.com/lifestyle/mothers-day-protests-pro-abortion-activists-brokenness,0.4722634356716666
ref-stablelm-base-alpha-3b-v2,nonmember,https://www.dailyuw.com/news/sexual-abuse-in-privately-operated-ice-detention-centers-digital-prisons-and-mass-surveillance/article_b966a0ea-00b0-11ed-82e4-9bdcac195f18.html,0.45217240235335376
ref-stablelm-base-alpha-3b-v2,nonmember,https://www.abqjournal.com/2516827/monroe-gallery-exhibit-strives-to-draw-parallels-between-past-and-curre.html,0.3881289632705265
ref-stablelm-base-alpha-3b-v2,nonmember,https://www.kron4.com/top-stories/ap-top-headlines/german-climate-activists-aim-to-stir-friction-with-blockades/,-2.082432788764126
ref-stablelm-base-alpha-3b-v2,nonmember,https://www.expressnews.com/weather/article/CT-WFO-NEW-YORK-CITY-Warnings-Watches-and-17400961.php,-1.5212945496320336
ref-stablelm-base-alpha-3b-v2,nonmember,https://www.kfyrtv.com/prnewswire/2022/06/27/trimech-solid-solutions-unite/,-1.9533406569169651
ref-stablelm-base-alpha-3b-v2,nonmember,https://www.ktre.com/prnewswire/2022/06/09/cambria-hotels-drives-coast-to-coast-expansion-with-10-new-franchise-agreements-four-groundbreakings/,-1.6440626224011858
ref-stablelm-base-alpha-3b-v2,nonmember,https://www.fox13news.com/news/national-whale-shark-day-celebrates-largest-fish-in-the-world,0.5195195325519797
ref-stablelm-base-alpha-3b-v2,nonmember,https://www.springfieldnewssun.com/news/clark-county-common-pleas-court-cases/TZXNNN6WO5FVHEM45IHGJM5YX4/,0.29477565917839854
ref-stablelm-base-alpha-3b-v2,nonmember,https://kion546.com/news/ap-california/2022/06/11/wilson-scores-season-high-35-as-aces-beat-sparks-89-72-3/,-1.1966477262660775
ref-stablelm-base-alpha-3b-v2,nonmember,https://www.ourmidland.com/news/article/Northern-Kentucky-free-pharmacy-moving-expanding-17282280.php,-1.614569163751484
ref-stablelm-base-alpha-3b-v2,nonmember,https://www.kxii.com/prnewswire/2022/06/28/green-streets-datalink-provides-easy-access-wealth-proprietary-commercial-real-estate-data/,-1.5073751006924403
ref-stablelm-base-alpha-3b-v2,nonmember,https://www.nbcphiladelphia.com/news/sports/nba-twitter-reacts-to-stunning-report-of-kevin-durants-trade-request/3287364/,-0.17347770755452174
ref-stablelm-base-alpha-3b-v2,nonmember,https://www.dailycamera.com/2022/06/01/coroners-office-identifies-man-who-died-in-police-pursuit-as-53-year-old-loveland-man/,0.04371787532872973
ref-stablelm-base-alpha-3b-v2,nonmember,https://www.wflx.com/prnewswire/2022/05/18/sequoia-living-introduces-legacy-talks-environmental-education-stewardship/,-2.1153978447032045
ref-stablelm-base-alpha-3b-v2,nonmember,https://www.koin.com/news/national/school-shooters-jury-selection-enters-final-stretch/,-2.3572063494703
ref-stablelm-base-alpha-3b-v2,nonmember,https://www.ourmidland.com/news/article/Daughter-of-Putin-s-brain-ideologist-killed-in-17387655.php,-1.8952523424696273
ref-stablelm-base-alpha-3b-v2,nonmember,https://www.wfmz.com/news/pr_newswire/pr_newswire_technology/veon-investment-to-accelerate-the-digitalisation-of-uzbekistan/article_24978d1f-3fe9-548d-805d-460fb56b5311.html,-1.0315521957191436
ref-stablelm-base-alpha-3b-v2,nonmember,https://www.fox35orlando.com/news/onlyfans-model-and-accused-boyfriend-killer-courtney-clenney-denied-bond-in-miami-court,-0.33443548123117717
ref-stablelm-base-alpha-3b-v2,nonmember,https://www.wkyt.com/prnewswire/2022/08/24/supercom-awarded-33-million-national-electronic-monitoring-contract-eu-member-country/,-1.91643838781596
ref-stablelm-base-alpha-3b-v2,nonmember,https://www.ourmidland.com/news/article/Stuart-Woods-author-of-Stone-Barrington-novels-17332971.php,-1.5409524623427586
ref-stablelm-base-alpha-3b-v2,nonmember,https://www.1011now.com/2022/05/10/surveillance-video-shows-day-care-employee-binding-childs-hands-with-tape/,-1.6085425230463481
ref-stablelm-base-alpha-3b-v2,nonmember,https://www.wjhl.com/sports/us-world-sports/padres-profar-collapses-after-collision-taken-off-on-cart/,-1.6436896941652857
ref-stablelm-base-alpha-3b-v2,nonmember,https://www.wbrc.com/prnewswire/2022/08/24/kingship-mars-partner-limited-edition-mampms-featuring-worlds-first-nft-supergroup/,-2.0800542833540137
ref-stablelm-base-alpha-3b-v2,nonmember,https://www.mrt.com/sports/article/Toronto-Team-Stax-17394117.php,1.6252057383520002
ref-stablelm-base-alpha-3b-v2,nonmember,https://www.wbay.com/2022/09/06/uvalde-school-year-starts-amid-fear-unfinished-security/,-2.1551446744786693
ref-stablelm-base-alpha-3b-v2,nonmember,https://www.wric.com/news/why-youngkin-changed-covid-policy-for-daycares-schools-camps/,-0.17133674426894618
ref-stablelm-base-alpha-3b-v2,nonmember,https://www.sfchronicle.com/sf/article/Another-lawsuit-for-SFUSD-Vote-to-close-schools-17382340.php,0.41680197164279686
ref-stablelm-base-alpha-3b-v2,nonmember,https://www.texomashomepage.com/entertainment-news/mexican-icon-frida-kahlo-to-be-subject-of-new-stage-musical/,-2.2111339129513414
ref-stablelm-base-alpha-3b-v2,nonmember,https://www.weau.com/2022/05/22/who-chief-covid-pandemic-is-most-certainly-not-over/,-1.8358228327979587
ref-stablelm-base-alpha-3b-v2,nonmember,https://www.seattletimes.com/business/dems-want-to-tax-high-earners-to-protect-medicare-solvency/?utm_source=RSS&utm_medium=Referral&utm_campaign=RSS_seattle-news,-2.2074844118247587
ref-stablelm-base-alpha-3b-v2,nonmember,https://www.knau.org/npr-news/npr-news/2022-07-21/biden-tests-positive-for-covid-and-shows-mild-symptoms-white-house-says,-2.0638190216871606
ref-stablelm-base-alpha-3b-v2,nonmember,https://www.cleveland19.com/prnewswire/2022/08/01/aflac-incorporated-announces-second-quarter-results-reports-second-quarter-net-earnings-14-billion-declares-third-quarter-cash-dividend/,-1.4664692995966377
ref-stablelm-base-alpha-3b-v2,nonmember,https://www.kait8.com/2022/06/13/suspect-arrested-osceola-mans-murder/,-0.05360379300258389
ref-stablelm-base-alpha-3b-v2,nonmember,https://www.wsaz.com/prnewswire/2022/07/28/whirlpool-corp-named-forbes-list-americas-best-employers-women-2022/,-1.8169747868355006
ref-stablelm-base-alpha-3b-v2,nonmember,https://www.kswo.com/prnewswire/2022/05/26/corepath-laboratories-announces-partnership-with-cizzle-biotechnology-develop-simple-blood-test-early-lung-cancer-detection/,-1.255888317111327
ref-stablelm-base-alpha-3b-v2,nonmember,https://www.kalb.com/prnewswire/2022/09/13/cleantech-company-hitachi-zosen-inova-selects-ifs-cloud-support-global-transformation-project/,-1.9120383522641096
ref-stablelm-base-alpha-3b-v2,nonmember,https://www.kbtx.com/prnewswire/2022/05/03/national-pta-honors-student-artists-across-country-their-talents-creativity/,-1.7812884915250526
ref-stablelm-base-alpha-3b-v2,nonmember,https://www.kold.com/2022/06/17/biden-signs-bill-protect-supreme-court-justices-into-law/,-1.83026373667677
ref-stablelm-base-alpha-3b-v2,nonmember,https://www.mysuncoast.com/prnewswire/2022/06/06/abortions-may-become-riskier-according-journal-american-physicians-surgeons/,-1.0491905783605384
ref-stablelm-base-alpha-3b-v2,nonmember,https://richmond.com/entertainment/dining/blue-cow-ice-cream-opens-new-richmond-shop-with-free-scoops-on-friday/article_65487d2d-1c7f-5576-bdda-c5b813b8b311.html,0.4170020265216259
ref-stablelm-base-alpha-3b-v2,nonmember,https://www.dakotanewsnow.com/2022/06/18/buttigieg-us-may-act-against-airlines-consumers-behalf/,-2.1867641581176325
ref-stablelm-base-alpha-3b-v2,nonmember,https://tucson.com/sports/sundays-tv-radio-sports-best-bets/article_ef5c29c2-ff0c-11ec-bbcf-d3b7dec79f61.html,-0.13737830351977642
ref-stablelm-base-alpha-3b-v2,nonmember,https://www.binghamtonhomepage.com/reviews/br/toys-games-br/hobby-collectibles-br/best-dnd-dice-set/,-1.781536089105114
ref-stablelm-base-alpha-3b-v2,nonmember,https://www.wistv.com/prnewswire/2022/09/08/intermap-announces-new-subscription-solar-projects/,-1.8059568172529377
ref-stablelm-base-alpha-3b-v2,nonmember,https://www.sfchronicle.com/business/article/Macy-s-Dollar-Tree-rise-Nutanix-Medtronic-fall-17201578.php,-1.0902005234749526
ref-stablelm-base-alpha-3b-v2,nonmember,https://wtmj.com/national/2022/04/26/explainer-how-is-trans-dniester-related-to-war-in-ukraine/,-1.850722150353105
ref-stablelm-base-alpha-3b-v2,nonmember,https://1019therock.com/join-mars-hill-blaine-wear-blue-wednesday-to-honor-libby-grass/,0.35421971673951225
ref-stablelm-base-alpha-3b-v2,nonmember,https://www.wkyt.com/prnewswire/2022/07/27/qualys-lead-four-sessions-black-hat-2022-def-con-30/,-2.079814650109557
ref-stablelm-base-alpha-3b-v2,nonmember,https://www.springfieldnewssun.com/nation-world/explainer-whats-known-about-biden-catching-covid-19/DVWUIY4MQNDR3PXWDYWEPFPYOA/,-1.762866912341998
ref-stablelm-base-alpha-3b-v2,nonmember,https://www.valleynewslive.com/prnewswire/2022/05/26/ame-church-files-lawsuit-against-former-department-retirement-services-executive-director-dr-harris-others-conspiracy-defraud-embezzle-clergy-retirement-funds/,-1.44300980614626
ref-stablelm-base-alpha-3b-v2,nonmember,https://www.nepm.org/national-world-news/2006-04-25/gas-prices-play-big-on-the-campaign-trail,0.1644861408897369
ref-stablelm-base-alpha-3b-v2,nonmember,https://www.wagmtv.com/prnewswire/2022/07/01/fannie-mae-announces-results-tender-offer-any-all-certain-cas-debt-notes/,-1.3225739104574061
ref-stablelm-base-alpha-3b-v2,nonmember,https://www.sfchronicle.com/weather/article/TX-Brownsville-TX-Zone-Forecast-17237491.php,-0.29188811921032315
ref-stablelm-base-alpha-3b-v2,nonmember,https://www.detroitnews.com/story/business/2022/08/10/us-inflation-slips-40-year-peak-remains-high-consumer-prices/10284866002/,-1.956095098816511
ref-stablelm-base-alpha-3b-v2,nonmember,https://www.kxii.com/prnewswire/2022/08/17/commercial-class-action-litigation-partner-mohamed-awan-joins-crowell-amp-moring/,-1.6729037296705136
ref-stablelm-base-alpha-3b-v2,nonmember,https://localnews8.com/politics/cnn-us-politics/2022/05/15/maryland-sen-van-hollen-hospitalized-after-stroke-but-says-no-long-term-damage/,-0.7525852131755589
ref-stablelm-base-alpha-3b-v2,nonmember,https://www.cbs42.com/sports/correa-cleared-of-covid-19-rejoins-twins-to-face-yankees/,-1.9482513480091463
ref-stablelm-base-alpha-3b-v2,nonmember,https://www.ourmidland.com/news/article/This-lawyer-musician-relearned-how-to-sing-note-17307680.php,-1.4318386873838156
ref-stablelm-base-alpha-3b-v2,nonmember,https://www.weau.com/prnewswire/2022/09/08/svb-financial-group-cfo-participate-fireside-chat-hosted-by-barclays/,-1.1391177573619735
ref-stablelm-base-alpha-3b-v2,nonmember,https://wcfcourier.com/news/national/after-abortion-ruling-wva-could-become-1st-to-pass-new-bill/article_3a70c857-a558-5dad-9697-65ee49e17fe8.html,-2.1986585400210608
ref-stablelm-base-alpha-3b-v2,nonmember,https://www.wunc.org/2022-07-02/these-candidates-lost-badly-but-now-are-claiming-fraud,-2.3177894557356633
ref-stablelm-base-alpha-3b-v2,nonmember,https://www.kbzk.com/news/national/biden-urges-syrian-government-to-aid-in-return-of-missing-us-journalist-austin-tice,-1.554885749578634
ref-stablelm-base-alpha-3b-v2,nonmember,https://www.wbtv.com/prnewswire/2022/07/25/black-knight-report-second-quarter-2022-financial-results-august-4-2022/,-1.1840225505869764
ref-stablelm-base-alpha-3b-v2,nonmember,https://www.ourmidland.com/news/article/Mideast-s-Jordan-River-Rich-in-holiness-poor-in-17381104.php,-2.3640570614264074
ref-stablelm-base-alpha-3b-v2,nonmember,https://www.wivb.com/border-report-tour/more-beach-closures-okd-for-spacex-tests-in-south-texas/,-2.230763051468869
ref-stablelm-base-alpha-3b-v2,nonmember,https://www.seattletimes.com/business/state-farm-subsidiary-to-pay-100m-for-false-katrina-claims/?utm_source=RSS&utm_medium=Referral&utm_campaign=RSS_all,-1.9800536041659031
ref-stablelm-base-alpha-3b-v2,nonmember,https://www.seattlepi.com/weather/article/WA-Seattle-WA-Zone-Forecast-17200080.php,-0.2804794003041438
ref-stablelm-base-alpha-3b-v2,nonmember,https://www.wcjb.com/prnewswire/2022/09/12/wom-sa-announces-extension-early-participation-deadline-tender-offer-consent-solicitation-kenbourne-invest-sas-oustanding-us510000000-6-78-senior-notes-due-2024-us435000000-47-senior-notes-due-2028/,-1.1601984176321305
ref-stablelm-base-alpha-3b-v2,nonmember,https://www.kbtx.com/prnewswire/2022/08/09/thorne-healthtech-reports-second-quarter-2022-results/,-1.2532346412491047
ref-stablelm-base-alpha-3b-v2,nonmember,https://www.kalb.com/prnewswire/2022/08/04/point32health-foundation-commits-1-million-organizations-working-social-racial-justice/,-1.9239087357896254
ref-stablelm-base-alpha-3b-v2,nonmember,https://www.cleveland19.com/prnewswire/2022/05/27/gibson-wins-historic-definitive-ruling-its-iconic-guitar-shapes-trademarks/,-2.5022358137748313
ref-stablelm-base-alpha-3b-v2,nonmember,https://www.wafb.com/prnewswire/2022/08/16/gopro-subscription-service-surpasses-two-million-subscribers/,-1.6366356918058491
ref-stablelm-base-alpha-3b-v2,nonmember,https://www.ourmidland.com/sports/article/Cole-Irvin-strikes-out-8-over-7-innings-A-s-beat-17324099.php,-1.8066881941473785
ref-stablelm-base-alpha-3b-v2,nonmember,https://www.kbzk.com/what-is-castile-soap-heres-why-people-still-love-this-centuries-old-formula,-1.7497029502055195
ref-stablelm-base-alpha-3b-v2,nonmember,https://www.localsyr.com/news/international/alleged-member-of-is-beatles-charged-in-uk-with-terrorism/,-1.679364171092409
ref-stablelm-base-alpha-3b-v2,nonmember,https://www.dakotanewsnow.com/prnewswire/2022/06/08/delta-dental-arkansas-foundation-opens-2023-community-grant-cycle/,-0.9961199138383231
ref-stablelm-base-alpha-3b-v2,nonmember,https://www.abcactionnews.com/money/consumer/dont-waste-your-money/mans-stolen-license-plate-racks-up-over-1-000-in-violations,-1.4032855017468737
ref-stablelm-base-alpha-3b-v2,nonmember,https://kion546.com/news/2022/06/14/2-semis-collide-on-wisconsin-highway-fatalities-reported/,-0.7997578424021394
ref-stablelm-base-alpha-3b-v2,nonmember,https://www.kait8.com/prnewswire/2022/06/27/uphealth-annual-meeting-delayed-allow-delaware-court-chancery-hear-full-case-brought-by-creditor-dissident-director/,-1.43245448503481
ref-stablelm-base-alpha-3b-v2,nonmember,https://www.yourcentralvalley.com/news/business/ap-pipeline-operator-agrees-to-guilty-plea-in-california-spill/,-1.9486171769290166
ref-stablelm-base-alpha-3b-v2,nonmember,https://www.kivitv.com/auto-emptying-smart-robot-vacuum-mop-dreame,0.9074561442787552
ref-stablelm-base-alpha-3b-v2,nonmember,https://www.sfgate.com/sports/article/US-officials-Griner-now-considered-wrongfully-17144047.php,-1.6909859312817441
ref-stablelm-base-alpha-3b-v2,nonmember,https://www.wbrc.com/prnewswire/2022/07/07/canntrust-extends-time-call-annual-general-meeting/,-1.481043338828167
ref-stablelm-base-alpha-3b-v2,nonmember,https://abc7ny.com/nyc-covid-mask-mandate-new-york-statistics/11984439/,-0.3328322210929353
ref-stablelm-base-alpha-3b-v2,nonmember,https://www.wbrc.com/prnewswire/2022/09/02/free-speech-social-media-platform-parler-returns-google-play-store/,-1.9808995344441644
ref-stablelm-base-alpha-3b-v2,nonmember,https://www.wlbt.com/prnewswire/2022/08/04/bmo-expands-presence-japan-with-securities-license/,-1.9216364724245476
ref-stablelm-base-alpha-3b-v2,nonmember,https://www.wlbt.com/2022/07/14/dentist-confesses-killing-wife-during-argument-with-girlfriend-federal-prosecutor-says/,-2.1270984271195794
ref-stablelm-base-alpha-3b-v2,nonmember,https://www.wafb.com/prnewswire/2022/09/16/fastbase-inc-otc-fbse-has-released-following-shareholder-update/,-2.553998703580099
ref-stablelm-base-alpha-3b-v2,nonmember,https://www.sfgate.com/news/article/Teen-charged-in-fatal-shooting-near-Chicago-17175437.php,-1.8321155948720245
ref-stablelm-base-alpha-3b-v2,nonmember,https://www.washingtonpost.com/business/ge-ceo-culp-to-lead-companys-aviation-unit/2022/06/27/a2975628-f62b-11ec-81db-ac07a394a86b_story.html,-1.945333639397886
ref-stablelm-base-alpha-3b-v2,nonmember,https://www.weau.com/prnewswire/2022/08/17/aeropay-flyhi-announce-strategic-partnership-bringing-cashless-cannabis-delivery-payments-colorado/,-1.9871173901737467
ref-stablelm-base-alpha-3b-v2,nonmember,https://www.wane.com/news/masks-no-longer-required-at-fort-wayne-international-airport/,-0.15099566517375584
ref-stablelm-base-alpha-3b-v2,nonmember,https://www.fox35orlando.com/news/military-recruitment-lags-despite-reduced-targets-record-incentives-to-boost-interest,0.15095346649625485
ref-stablelm-base-alpha-3b-v2,nonmember,https://www.kalb.com/prnewswire/2022/08/25/search-fall-getaways-is-up-40-americans-welcome-sweater-weather-its-savings-expedia-reports/,-1.8162233909715415
ref-stablelm-base-alpha-3b-v2,nonmember,https://www.cleveland19.com/prnewswire/2022/06/29/agree-realty-releases-2021-environmental-social-amp-governance-report/,-0.9329228478431533
ref-stablelm-base-alpha-3b-v2,nonmember,https://www.chicoer.com/2022/08/24/chico-state-enrollment-has-declined/,-0.00653752752829595
ref-stablelm-base-alpha-3b-v2,nonmember,https://www.wbay.com/prnewswire/2022/06/15/braxia-scientific-expands-clinic-footprint-canada-providing-greater-access-network-specialists-delivering-ketamine-psilocybin-treatments-depression-related-mental-health-disorders/,-1.7410159720926743
ref-stablelm-base-alpha-3b-v2,nonmember,https://www.mlive.com/news/2022/05/michigans-bacon-festival-coming-to-lansing-this-summer.html,0.32872188471207187
ref-stablelm-base-alpha-3b-v2,nonmember,https://www.wric.com/sports/sports-headlines/ap-gooch-has-1-shot-lead-over-niemann-in-liv-golf-boston-event/,-2.0158527314039487
ref-stablelm-base-alpha-3b-v2,nonmember,https://www.wisn.com/article/r-kelly-acquitted-rigging-trial-why/41236851,-2.1637343769396544
ref-stablelm-base-alpha-3b-v2,nonmember,https://www.12news.com/article/news/local/valley/whats-next-for-brittney-griner-in-russia-court/75-8658ed1c-0bc2-428f-981b-6f304337642b,0.18679461862217828
ref-stablelm-base-alpha-3b-v2,nonmember,https://www.kwch.com/prnewswire/2022/07/20/tumi-featured-sony-pictures-upcoming-summer-film-bullet-train/,-2.0262676660393835
ref-stablelm-base-alpha-3b-v2,nonmember,https://www.ktvb.com/article/news/nation-world/mega-millions-jackpot-third-largest-prize-ever-660-million/507-cb8a11eb-6498-4207-8c45-779c62dc9a9f,-1.5971321410750754
ref-stablelm-base-alpha-3b-v2,nonmember,https://www.wcjb.com/prnewswire/2022/07/06/fotografiska-appoints-sophie-wright-its-new-executive-director-new-york/,-2.0655242590041976
ref-stablelm-base-alpha-3b-v2,nonmember,https://www.ktre.com/prnewswire/2022/06/30/big-win-patients-aetna-drops-prior-authorization-most-cataract-surgeries/,-1.9053106227255006
ref-stablelm-base-alpha-3b-v2,nonmember,https://www.wagmtv.com/prnewswire/2022/08/09/novaliq-submits-new-drug-application-seeking-approval-first-of-a-kind-dry-eye-disease-treatment-cyclasol/,-2.0365427223135018
ref-stablelm-base-alpha-3b-v2,nonmember,https://www.pahomepage.com/news/national/ap-this-old-house-restoration-honors-black-atlanta-postmaster/,-2.5710558924566986
ref-stablelm-base-alpha-3b-v2,nonmember,https://www.wfmz.com/news/pr_newswire/pr_newswire_business/corenoc-inc-announces-strategic-consulting-agreement-to-bring-broadband-connection-to-southeast-alaska-native-communities/article_a22bba3e-34f1-55ef-8768-4a49aa50494a.html,-1.93517525161227
ref-stablelm-base-alpha-3b-v2,nonmember,https://q961.com/armed-robbery-at-saint-john-new-brunswick-restaurant/,0.2877258686294597
ref-stablelm-base-alpha-3b-v2,nonmember,https://www.foxnews.com/sports/grizzlies-taylor-jenkins-multiyear-deal,-1.0024864962452094
ref-stablelm-base-alpha-3b-v2,nonmember,https://www.wkyt.com/prnewswire/2022/07/13/former-shindigz-ceo-international-chairman-ypo-joins-ceo-coaching-international/,-2.0123339059462415
ref-stablelm-base-alpha-3b-v2,nonmember,https://www.dakotanewsnow.com/prnewswire/2022/06/02/cold-stone-creamery-announces-return-fundraiser-benefiting-best-buddies-international/,-1.6861128567245227
ref-stablelm-base-alpha-3b-v2,nonmember,https://www.kpcnews.com/newssun/article_654d3f23-007c-538f-8d51-750339547db5.html,0.3866808090451248
ref-stablelm-base-alpha-3b-v2,nonmember,https://www.apr.org/science-health/2008-02-04/lawyer-chronicles-struggle-with-bipolar-disorder,0.47387120242456837
ref-stablelm-base-alpha-3b-v2,nonmember,https://www.kwch.com/prnewswire/2022/07/12/diamond-braces-selects-eob-era-automation-software-by-zentist/,-1.8495003790292663
ref-stablelm-base-alpha-3b-v2,nonmember,https://www.cantonrep.com/story/lifestyle/2022/05/08/straight-talk-secret-shopper-job-sounds-cool-but-its-scam/9646573002/,0.5788029561767973
ref-stablelm-base-alpha-3b-v2,nonmember,https://www.wivb.com/news/u-s-headlines/indiana-republicans-struggle-to-find-abortion-ban-agreement/,-1.9256355744551716
ref-stablelm-base-alpha-3b-v2,nonmember,https://www.kmvt.com/2022/04/26/delta-begin-paying-flight-attendants-during-boarding/,-2.0062268887785857
ref-stablelm-base-alpha-3b-v2,nonmember,https://www.kalb.com/prnewswire/2022/06/21/prosource-acquires-vandyke-inc-bolsters-technology-imaging-solutions-footprint-midwest/,-1.2191868832806207
ref-stablelm-base-alpha-3b-v2,nonmember,https://www.kold.com/2022/08/03/millions-inaccurate-equifax-credit-scores-sent-lenders/,-1.7785864952436492
ref-stablelm-base-alpha-3b-v2,nonmember,https://www.1011now.com/prnewswire/2022/08/17/forbes-recognizes-aarete-one-worlds-best-management-consulting-firms-2022/,-1.7860406538308342
ref-stablelm-base-alpha-3b-v2,nonmember,https://www.myarklamiss.com/reviews/best-cbd-balm/,-1.8391410561643844
ref-stablelm-base-alpha-3b-v2,nonmember,https://cw33.com/business/ap-business/firm-behind-popular-us-dollar-stablecoin-to-launch-euro-coin/,-1.9912312122437377
ref-stablelm-base-alpha-3b-v2,nonmember,https://nbc-2.com/news/local/2022/05/19/elementary-school-staff-sleeps-on-schools-roof-after-students-win-reading-bet/,0.43740759871554147
ref-stablelm-base-alpha-3b-v2,nonmember,https://www.wbrc.com/prnewswire/2022/07/27/arizona-state-university-sponsors-registered-apprenticeship-program-tech-project-coordinators/,-1.875816696245384
ref-stablelm-base-alpha-3b-v2,nonmember,https://www.beaumontenterprise.com/weather/article/TX-WFO-NORMAN-Warnings-Watches-and-Advisories-17214067.php,-1.6808336917477718
ref-stablelm-base-alpha-3b-v2,nonmember,https://kion546.com/news/national-world/cnn-national/2022/09/17/us-postal-service-appoints-manhattans-first-latina-postmaster/,-0.04105793392088475
ref-stablelm-base-alpha-3b-v2,nonmember,https://www.wane.com/border-report-tour/credentials-for-cosmetic-surgery-centers-in-tijuana-to-be-scrutinized/,-0.8462211543595786
ref-stablelm-base-alpha-3b-v2,nonmember,https://wtmj.com/national/2022/04/17/ukrainian-defenders-in-mariupol-defy-surrender-or-die-demand-3/,-1.9036305594549856
ref-stablelm-base-alpha-3b-v2,nonmember,https://kion546.com/news/2022/08/02/lamb-set-to-be-no-1-as-injuries-mount-for-cowboys-receivers/,-2.0204897749499287
ref-stablelm-base-alpha-3b-v2,nonmember,https://www.cnet.com/health/uppababy-stroller-recalled-after-childs-fingertip-amputated-by-brake-disc/,-0.1315477447297524
ref-stablelm-base-alpha-3b-v2,nonmember,https://journalstar.com/sports/huskers/football/as-ncaa-works-to-eliminate-collectives-involvement-in-recruiting-nu-believes-it-has-nothing-to/article_f954ad9a-de17-5266-85b9-fd30cf8583be.html,0.19899873343472363
ref-stablelm-base-alpha-3b-v2,nonmember,https://www.wane.com/news/people-greet-opening-day-of-new-jerseys-recreational-marijuana-sales/,-2.2535949629981764
ref-stablelm-base-alpha-3b-v2,nonmember,https://www.cenlanow.com/national/montana-schools-chief-cited-in-case-of-illegal-bus-passing/,-1.9508170435305279
ref-stablelm-base-alpha-3b-v2,nonmember,https://fox59.com/weather/tracking-rain-and-storms-severe-threat-southeast/,0.2219495042994133
ref-stablelm-base-alpha-3b-v2,nonmember,https://www.wtvr.com/news/national/former-nfl-player-kevin-ware-indicted-for-2021-murder-of-girlfriend,-1.4319304392382082
ref-stablelm-base-alpha-3b-v2,nonmember,https://www.wbtv.com/prnewswire/2022/08/23/healthcare-initiative-support-rural-residents-washington/,-2.1620551420419196
ref-stablelm-base-alpha-3b-v2,nonmember,https://www.nbcnewyork.com/news/national-international/fries-to-fuel-how-dfw-airport-powers-jets-from-cooking-oil/3681455/,0.10868009387084321
ref-stablelm-base-alpha-3b-v2,nonmember,https://www.wearegreenbay.com/reviews/br/toys-games-br/video-games-br/best-resident-evil-games/,-1.5976396654861578
ref-stablelm-base-alpha-3b-v2,nonmember,https://www.fox35orlando.com/news/drug-could-help-thousands-with-advanced-breast-cancer-researchers-say,-1.7405195541030876
ref-stablelm-base-alpha-3b-v2,nonmember,https://www.kpcnews.com/sports/latest/article_871fa651-ad76-5030-8f77-e73297dc6965.html,0.2847877298827415
ref-stablelm-base-alpha-3b-v2,nonmember,https://cw33.com/health/ap-health/german-panel-recommends-vaccines-after-exposure-to-monkeypox/,-2.0007650732815567
ref-stablelm-base-alpha-3b-v2,nonmember,https://www.albanyherald.com/news/a-florida-teen-was-accepted-into-all-eight-ivy-league-schools----and/article_432bea78-081f-5987-9042-7048ee35150b.html,-1.976384262363754
ref-stablelm-base-alpha-3b-v2,nonmember,https://www.wsaz.com/prnewswire/2022/07/15/diamondrock-hospitality-announces-updated-schedule-second-quarter-2022-earnings-release-conference-call/,-1.488332416211511
ref-stablelm-base-alpha-3b-v2,nonmember,https://www.kait8.com/prnewswire/2022/07/18/new-capital-partners-hires-will-saxton-principal/,-1.5009859533184022
ref-stablelm-base-alpha-3b-v2,nonmember,https://www.kalb.com/prnewswire/2022/05/17/hadley-offers-invaluable-help-visually-impaired-travelers-make-most-vacation/,-2.091602524830416
ref-stablelm-base-alpha-3b-v2,nonmember,https://www.sfchronicle.com/crime/article/S-F-police-announce-arrests-following-brutal-17375048.php,0.26764959268699595
ref-stablelm-base-alpha-3b-v2,nonmember,https://localnews8.com/sports/ap-national-sports/2022/05/03/us-officials-griner-now-considered-wrongfully-detained/,-1.6194195997543703
ref-stablelm-base-alpha-3b-v2,nonmember,https://www.tuscaloosanews.com/story/sports/college/2022/09/13/alabama-football-win-over-texas-averaged-10-million-viewers/69492621007/,0.267318499414805
ref-stablelm-base-alpha-3b-v2,nonmember,https://www.knau.org/npr-news/npr-news/2022-07-23/fast-moving-wildfire-near-yosemite-remains-uncontained,-1.7592686768982129
ref-stablelm-base-alpha-3b-v2,nonmember,https://www.kfyrtv.com/prnewswire/2022/06/16/sesame-software-announces-high-volume-data-connector-marketo-integrate-replicate-data-any-data-warehouse/,-1.997578840035032
ref-stablelm-base-alpha-3b-v2,nonmember,https://www.sfgate.com/sports/article/Shoemaker-sparks-comeback-Sam-Houston-tops-17449444.php,-1.2942390520408034
ref-stablelm-base-alpha-3b-v2,nonmember,https://www.eonline.com/news/1337885/olympic-swimmer-michael-klim-shares-his-cidp-diagnosis-and-drastically-deteriorating-health,0.3606536912262266
ref-stablelm-base-alpha-3b-v2,nonmember,https://cw33.com/lifestyle/its-national-no-dirty-dishes-day-here-are-10-food-items-people-order-to-avoid-doing-dishes/,0.36595868393146747
ref-stablelm-base-alpha-3b-v2,nonmember,https://www.fox16.com/sports/yordan-alvarez-gets-4-strikes-in-ab-during-astros-win/,-1.5693507424122113
ref-stablelm-base-alpha-3b-v2,nonmember,https://www.dakotanewsnow.com/prnewswire/2022/07/13/advarra-launches-cloud-based-secure-document-exchange-accelerate-study-startup/,-2.0574919326465295
ref-stablelm-base-alpha-3b-v2,nonmember,https://www.bangordailynews.com/2022/09/04/opinion/opinion-contributor/restaurant-workers-deserve-the-right-to-join-unions/,0.27593079598343806
ref-stablelm-base-alpha-3b-v2,nonmember,https://who13.com/news/ap-top-headlines/kadris-ot-goal-lifts-avalanche-over-lightning-3-2-in-game-4/,-1.6846359998333533
ref-stablelm-base-alpha-3b-v2,nonmember,https://www.apr.org/arts-life/2010-07-23/gilded-romances-of-dashing-dandies-brooding-beaus,0.9781902953418382
ref-stablelm-base-alpha-3b-v2,nonmember,https://www.sfgate.com/news/article/Helen-Mirren-Harrison-Ford-to-star-in-17179578.php,-1.9536125898843337
ref-stablelm-base-alpha-3b-v2,nonmember,https://www.nbcdfw.com/news/sports/big-12-championship-staying-in-arlington-through-2025/3040264/,-1.8506462690156908
ref-stablelm-base-alpha-3b-v2,nonmember,https://www.sfchronicle.com/news/article/Idaho-Supreme-Court-sets-hearing-in-abortion-case-17215681.php,-1.7790057923514238
ref-stablelm-base-alpha-3b-v2,nonmember,https://www.kenoshanews.com/news/local/crime-and-courts/man-charged-after-allegedly-stabbing-husband-in-kenosha-home/article_0688a4ca-199a-11ed-8307-abf45b2f7bb1.html,-0.13156733369071438
ref-stablelm-base-alpha-3b-v2,nonmember,https://www.sfchronicle.com/news/article/Carbon-removal-technologies-to-get-3-5B-federal-17185349.php,-2.082903511333779
ref-stablelm-base-alpha-3b-v2,nonmember,https://www.bostonglobe.com/2022/06/17/business/larry-summers-sees-risk-us-unemployment-needing-climb-toward-6-percent/,-0.053649798059417275
ref-stablelm-base-alpha-3b-v2,nonmember,https://www.arkansasonline.com/news/2022/jun/02/gwen-rockwood-whats-in-your-head-spring-cleaning/,0.801056257842748
ref-stablelm-base-alpha-3b-v2,nonmember,https://www.wibw.com/prnewswire/2022/08/23/tres-generaciones-tequila-teams-up-with-global-rampb-sensation-givon-launch-its-new-creative-platform-get-up-tres-celebration-imperfect-journey/,-1.8067495165376393
ref-stablelm-base-alpha-3b-v2,nonmember,https://www.wagmtv.com/prnewswire/2022/07/15/notification-major-holdings-kindred-group-plc/,-1.6272838736429884
ref-stablelm-base-alpha-3b-v2,nonmember,https://www.thv11.com/article/news/verify/gas-prices-verify/these-us-states-passed-gas-tax-holidays-2022/536-a10e6c15-9dba-4691-8129-e65d7b046447,-1.1274332023506708
ref-stablelm-base-alpha-3b-v2,nonmember,https://who13.com/news/ap-top-headlines/biden-to-meet-saudi-king-prince-mbs-after-human-rights-rift/,-2.137472300028138
ref-stablelm-base-alpha-3b-v2,nonmember,https://www.fox43.com/article/news/nation-world/could-flag-football-be-an-olympic-sport-nfl-wants-it-2028/507-ec8f9f3f-9def-4614-a893-dc7743ecf9e6,-2.072859374138587
ref-stablelm-base-alpha-3b-v2,nonmember,https://1019therock.com/rcmp-seize-explosive-device-drugs-in-south-tetagouche-n-b/,0.28886984056748943
ref-stablelm-base-alpha-3b-v2,nonmember,https://www.kxnet.com/news/local-news/wellness-month-focuses-on-self-care-managing-stress/,0.039334484430827654
ref-stablelm-base-alpha-3b-v2,nonmember,https://www.wkyt.com/prnewswire/2022/09/02/floods-pakistan-examined-national-press-club-newsmaker-friday-september-9/,-1.9755343296490662
ref-stablelm-base-alpha-3b-v2,nonmember,https://www.seattlepi.com/weather/article/TX-WFO-EL-PASO-Warnings-Watches-and-Advisories-17405882.php,-0.9375396305132734
ref-stablelm-base-alpha-3b-v2,nonmember,https://www.kxii.com/2022/07/31/new-york-city-declares-monkeypox-public-health-emergency/,-1.7705607176411529
ref-stablelm-base-alpha-3b-v2,nonmember,https://www.kmvt.com/prnewswire/2022/05/25/rael-raises-35m-series-b-funding-largest-investment-feminine-care-category-date/,-1.868355315588041
ref-stablelm-base-alpha-3b-v2,nonmember,https://www.eonline.com/news/1333091/facebook-coo-sheryl-sandberg-leaving-meta-after-14-years,-0.5133644830034907
ref-stablelm-base-alpha-3b-v2,nonmember,https://www.wcjb.com/prnewswire/2022/05/25/deepredsky-nft-marketplace-powered-by-parler-is-now-accepting-multiple-crypto-currencies-building-upon-credit-card-payments-adding-more-convenient-options-soon/,-2.312179158070005
ref-stablelm-base-alpha-3b-v2,nonmember,https://www.wfla.com/community/health/ap-health/indiana-abortion-debate-draws-protest-crowds-vice-president/,-1.7707762315413818
ref-stablelm-base-alpha-3b-v2,nonmember,https://www.washingtonpost.com/business/explainer-esg-investing-and-the-debate-surrounding-it/2022/05/19/b85961e4-d7a0-11ec-be17-286164974c54_story.html,-2.1409978976300543
ref-stablelm-base-alpha-3b-v2,nonmember,https://www.wearegreenbay.com/news/national/nfl-appealing-deshaun-watsons-suspension/,-1.8220656512818596
ref-stablelm-base-alpha-3b-v2,nonmember,https://www.wcjb.com/prnewswire/2022/07/28/acdlabs-tetrascience-partner-help-customers-increase-scientific-data-effectiveness/,-2.1260151494536834
ref-stablelm-base-alpha-3b-v2,nonmember,https://www.dakotanewsnow.com/2022/06/01/dog-tests-positive-meth-after-walk/,-1.8598063994804026
ref-stablelm-base-alpha-3b-v2,nonmember,https://ktbb.com/post/?p=1162471,-0.1257194588040469
ref-stablelm-base-alpha-3b-v2,nonmember,https://www.kron4.com/news/gop-nominee-for-illinois-governor-apologizes-after-calling-for-people-to-move-on-after-shooting/,-1.899622036647959
ref-stablelm-base-alpha-3b-v2,nonmember,https://pix11.com/news/national-news/ap-national/ap-georgia-man-guilty-of-manslaughter-in-shooting-of-teen-girl/,-1.8545209233682811
ref-stablelm-base-alpha-3b-v2,nonmember,https://www.kmvt.com/prnewswire/2022/08/04/trevi-therapeutics-report-q2-2022-financial-results-provide-corporate-update-august-11-2022/,-1.3005316934600635
ref-stablelm-base-alpha-3b-v2,nonmember,https://www.wfmz.com/news/pr_newswire/pr_newswire_entertainment/vp-hosts-nasa-for-family-stem-event-disney-pixars-lightyear-viewing/article_ac2d5eba-3f99-569a-b0c4-6f902a74f1aa.html,-1.4331671627098606
ref-stablelm-base-alpha-3b-v2,nonmember,https://www.kxnet.com/news/health/ap-health/ap-egypt-latest-in-mideast-to-detect-1st-case-of-monkeypox/,-1.88060023045432
ref-stablelm-base-alpha-3b-v2,nonmember,https://www.mlive.com/spartans/2022/05/michigan-back-in-the-playoff-mix-michigan-state-building-a-long-term-contender-big-ten-playoff-preview.html,-0.47889636989773376
ref-stablelm-base-alpha-3b-v2,nonmember,https://globegazette.com/sports/high-school/football/boys/aplington-parkersburg-comes-from-behind-to-stop-osage-34-17/article_f2aa6a39-5129-5a78-b404-9afd458c6ec7.html,-1.1598243638492667
ref-stablelm-base-alpha-3b-v2,nonmember,https://www.sfgate.com/news/article/Convicted-rapist-pleads-not-guilty-to-rapes-in-17214944.php,-2.150504687523157
ref-stablelm-base-alpha-3b-v2,nonmember,https://www.kbtx.com/prnewswire/2022/06/15/an-effort-democratize-plant-based-wellness-equilibria-lowers-prices-offers-free-one-on-one-consults-all/,-2.1506027042004607
ref-stablelm-base-alpha-3b-v2,nonmember,https://www.weau.com/prnewswire/2022/09/14/good-dogg-beverage-sponsors-first-pack-philanthropic-pga-tour-players-kelly-kraft-sam-ryder-their-instructor-adam-schriber/,-1.9227972761599728
ref-stablelm-base-alpha-3b-v2,nonmember,https://www.wivb.com/news/national/more-recalls-of-products-containing-jif-peanut-butter-due-to-salmonella/,-1.495562653996476
ref-stablelm-base-alpha-3b-v2,nonmember,https://www.kbtx.com/2022/08/28/unarmed-man-dies-struggle-with-police-video-shows-lack-de-escalation/,-1.9952914976049632
ref-stablelm-base-alpha-3b-v2,nonmember,https://www.mlive.com/news/muskegon/2022/07/baker-college-campus-in-muskegon-officially-sold-to-county.html,0.29259630021409055
ref-stablelm-base-alpha-3b-v2,nonmember,https://www.sfgate.com/sports/article/Thunder-GM-Presti-hopes-Holmgren-is-latest-star-17265922.php,-1.8523453299801915
ref-stablelm-base-alpha-3b-v2,nonmember,https://www.wbay.com/prnewswire/2022/08/04/space-gallery-st-barth-opens-home-collection-personal-works-by-multidisciplinary-artist-hannah-polskin/,-2.2818754897062923
ref-stablelm-base-alpha-3b-v2,nonmember,https://www.nj.com/hudson/2022/07/jersey-city-busts-illegal-cannabis-dispensary-and-seizes-marijuana-from-smoke-shop.html,0.3138924655733608
ref-stablelm-base-alpha-3b-v2,nonmember,https://www.kswo.com/2022/05/25/teachers-tennessee-hold-down-intruder-until-police-arrive/,-2.0328867527195795
ref-stablelm-base-alpha-3b-v2,nonmember,https://www.wflx.com/prnewswire/2022/06/28/memorial-hermann-helix-partner-population-genomics-initiative-aimed-driving-precision-health-care-texans/,-1.8690076393058135
ref-stablelm-base-alpha-3b-v2,nonmember,https://www.kswo.com/prnewswire/2022/05/24/vision-impact-institute-joins-partners-bring-good-vision-vulnerable-populations-panama/,-2.170700685379748
ref-stablelm-base-alpha-3b-v2,nonmember,https://www.wistv.com/prnewswire/2022/07/18/pretium-adds-ramki-ramaswamy-chief-digital-technology-officer/,-1.728114646146022
ref-stablelm-base-alpha-3b-v2,nonmember,https://www.wtvr.com/news/national/desperation-becomes-sorrow-after-elementary-school-shooting,-2.1809086426425
ref-stablelm-base-alpha-3b-v2,nonmember,https://www.wcjb.com/prnewswire/2022/07/21/ilumivu-announces-completion-venture-funding-pisgah-fund/,-2.1065113117652867
ref-stablelm-base-alpha-3b-v2,nonmember,https://www.washingtonpost.com/sports/colleges/reed-propels-western-kentucky-to-49-17-rout-of-hawaii/2022/09/04/6d7fb54e-2c26-11ed-a90a-fce4015dfc8f_story.html,-1.4519631544730751
ref-stablelm-base-alpha-3b-v2,nonmember,https://www.myarklamiss.com/local-news/italy-relocates-migrants-after-lampedusa-center-overwhelmed/,-2.1576238426272525
ref-stablelm-base-alpha-3b-v2,nonmember,https://1019therock.com/have-you-seen-this-stolen-side-by-side-from-cocagne-new-brunswick/,0.4183661871102804
ref-stablelm-base-alpha-3b-v2,nonmember,https://www.abcactionnews.com/news/national/boy-fights-muscular-dystrophy-and-ghosts-with-customized-ghostbusters-wheelchair,-1.138505358188394
ref-stablelm-base-alpha-3b-v2,nonmember,https://k2radio.com/what-is-the-most-popular-cheap-beer-in-wyoming/,0.4335484247134014
ref-stablelm-base-alpha-3b-v2,nonmember,https://bismarcktribune.com/olive/article_4b49ef52-323f-52b1-8a10-419712a9c8f1.html,1.306872737318336
ref-stablelm-base-alpha-3b-v2,nonmember,https://cbs4indy.com/reviews/br/fashion-accessories-br/watches-br/movado-smartwatch-vs-michael-kors-smartwatch/,-1.7747714830576569
ref-stablelm-base-alpha-3b-v2,nonmember,https://cw33.com/lifestyle/food-and-drink/loosen-your-belts-north-texas-where-to-get-the-best-junk-fast-food-in-dallas-according-to-yelp/,0.3522850600910128
ref-stablelm-base-alpha-3b-v2,nonmember,https://www.wfla.com/news/washington-dc/gillibrand-introduces-bill-to-prevent-future-baby-formula-shortages/,-2.183234931263743
ref-stablelm-base-alpha-3b-v2,nonmember,https://www.kswo.com/prnewswire/2022/06/30/inventhelp-inventors-develop-hair-care-applicator-massager-brk-4118/,-1.444882225135026
ref-stablelm-base-alpha-3b-v2,nonmember,https://www.foxnews.com/us/pilot-dies-small-plane-crashes-washington-state-forest,0.3141632377035819
ref-stablelm-base-alpha-3b-v2,nonmember,https://www.ksn.com/news/national-world/ap-international/ap-palestinian-man-shot-dead-after-wounding-israeli-soldier/,-1.8683191575818712
ref-stablelm-base-alpha-3b-v2,nonmember,https://www.wowktv.com/news/u-s-world/bartering-increases-in-argentina-as-inflation-keeps-soaring/,-2.2122454472833613
ref-stablelm-base-alpha-3b-v2,nonmember,https://greensboro.com/news/local/summer-arrives-for-guilford-countys-public-pools/article_17e13fba-e5a7-11ec-a50c-ab9010cf04b6.html,0.41137745465775666
ref-stablelm-base-alpha-3b-v2,nonmember,https://www.localsyr.com/news/international/italian-govt-staves-off-immediate-prospect-of-early-election/,-2.4393662417922677
ref-stablelm-base-alpha-3b-v2,nonmember,https://www.wkyt.com/prnewswire/2022/06/13/former-redfin-head-marketing-joins-new-western-chief-marketing-officer/,-2.0087883073189814
ref-stablelm-base-alpha-3b-v2,nonmember,https://www.expressnews.com/sports/article/Kyle-Larson-lucks-out-wins-Xfinity-race-at-17387160.php,-1.8248633538478831
ref-stablelm-base-alpha-3b-v2,nonmember,https://fox59.com/news/indycrime/police-searching-for-suspects-who-beat-68-year-old-man-in-speedway-store-parking-lot/,0.22296871377203398
ref-stablelm-base-alpha-3b-v2,nonmember,https://www.wsaz.com/prnewswire/2022/09/13/opera-crypto-browser-integrates-metamask-other-wallets-unveils-industry-first-web3-wallet-selector-ahead-merge/,-1.7199593548177288
ref-stablelm-base-alpha-3b-v2,nonmember,https://www.weau.com/prnewswire/2022/08/16/edison-interactive-ranks-no-1105-inc-5000/,-1.6085912465749825
ref-stablelm-base-alpha-3b-v2,nonmember,https://www.wymt.com/prnewswire/2022/08/10/nrx-pharmaceuticals-report-second-quarter-2022-results-august-15-2022/,-1.311274867653285
ref-stablelm-base-alpha-3b-v2,nonmember,https://www.binghamtonhomepage.com/news/business/starbucks-must-reinstate-fired-workers-federal-judge-rules/,-1.8965218860156972
ref-stablelm-base-alpha-3b-v2,nonmember,https://www.wivb.com/news/business/european-central-bank-to-gather-after-borrowing-costs-rise/,-2.136618501806784
ref-stablelm-base-alpha-3b-v2,nonmember,https://www.newscentermaine.com/article/news/local/after-abortion-ruling-critics-renew-blasts-at-sen-collins-maine-national-politics-supreme-court/97-70c32003-f782-42c7-9365-69fb1d59bd56,-2.1346317260436605
ref-stablelm-base-alpha-3b-v2,nonmember,https://www.wkyt.com/prnewswire/2022/08/24/godfrey-hotel-hollywood-welcomes-konstantine-kabilafkas-new-general-manager/,-2.0668437851443024
ref-stablelm-base-alpha-3b-v2,nonmember,https://www.seattletimes.com/business/queens-death-renews-interest-in-uk-memorabilia-in-hong-kong/?utm_source=RSS&utm_medium=Referral&utm_campaign=RSS_nation-world,-2.130993972080588
ref-stablelm-base-alpha-3b-v2,nonmember,https://www.wmar2news.com/news/national/sen-tammy-baldwin-of-wisconsin-confronts-marco-rubio-on-calling-same-sex-marriage-vote-stupid-waste-of-time,-1.744961962482863
ref-stablelm-base-alpha-3b-v2,nonmember,https://www.kxii.com/prnewswire/2022/09/14/leap-partners-hires-home-service-expert-lead-technician-training-program/,-1.5665367942387385
ref-stablelm-base-alpha-3b-v2,nonmember,https://www.beinsports.com/au/serie-a/video/vlahovic-stunner-seals-juventus-win/1941917,0.11583658416240206
ref-stablelm-base-alpha-3b-v2,nonmember,https://www.koin.com/news/politics/a-look-at-trevor-reed-the-texan-released-in-prisoner-swap/,-2.1986349516166968
ref-stablelm-base-alpha-3b-v2,nonmember,https://tucson.com/business/jt-dale-talk-jobs-turning-a-new-college-degree-into-a-career/article_d56b2e44-e749-11ec-af8e-37bd74e8626d.html,0.314968747605612
ref-stablelm-base-alpha-3b-v2,nonmember,https://www.wfmz.com/news/pr_newswire/pr_newswire_business/hmp-global-launches-great-debates-updates-program-focusing-on-diabetic-foot-syndrome/article_310fde8d-ecf5-525c-a71d-7f0f9872ed0c.html,-0.08729165300372754
ref-stablelm-base-alpha-3b-v2,nonmember,https://www.wishtv.com/news/crime-watch-8/18-year-old-arrested-in-fatal-shooting-of-whiteland-high-school-student-in-greenwood/,0.22542117932730843
ref-stablelm-base-alpha-3b-v2,nonmember,https://www.kmvt.com/prnewswire/2022/05/04/hycroft-provides-first-quarter-2022-operating-financial-results/,-1.5148023750651272
ref-stablelm-base-alpha-3b-v2,nonmember,https://www.kold.com/2022/09/16/former-all-star-catcher-john-stearns-dies-71/,-1.777605708215412
ref-stablelm-base-alpha-3b-v2,nonmember,https://www.sfgate.com/entertainment/article/Jan-6-hearing-dominates-top-TV-networks-17321572.php,-2.2655765553032126
ref-stablelm-base-alpha-3b-v2,nonmember,https://www.pahomepage.com/news/politics/congresswoman-billionaire-to-faceoff-in-la-mayors-race/,-2.087163561585132
ref-stablelm-base-alpha-3b-v2,nonmember,https://www.wagmtv.com/prnewswire/2022/06/17/zeroeyes-promotes-jt-wilkins-senior-vice-president-government-solutions-dustin-kisling-senior-vice-president-strategy/,-1.7892610493258754
ref-stablelm-base-alpha-3b-v2,nonmember,https://www.kgw.com/article/news/nation-world/cougar-california-classroom/507-8651beb7-9d69-4f20-b79f-2af7544b8713,-2.234809296722562
ref-stablelm-base-alpha-3b-v2,nonmember,https://www.ourmidland.com/news/article/Adopting-an-Envigo-beagle-She-s-just-the-17433784.php,-0.14532324885298986
ref-stablelm-base-alpha-3b-v2,nonmember,https://www.ksn.com/news/national-world/battle-lines-emerge-over-out-of-state-abortion/,-2.0658393542906546
ref-stablelm-base-alpha-3b-v2,nonmember,https://www.sfchronicle.com/weather/article/TX-Austin-San-Antonio-TX-Zone-Forecast-17245308.php,-0.22194421804352626
ref-stablelm-base-alpha-3b-v2,nonmember,https://www.wsaz.com/prnewswire/2022/07/28/fairmont-hotels-amp-resorts-announces-signing-fairmont-breakers-long-beach/,-1.8603578721391483
ref-stablelm-base-alpha-3b-v2,nonmember,https://www.wearegreenbay.com/international/ap-international/thousands-rescued-at-flood-hit-hindu-pilgrimage-in-kashmir/,-2.101964029148526
ref-stablelm-base-alpha-3b-v2,nonmember,https://www.kbtx.com/prnewswire/2022/07/29/afton-apple-orchard-installs-two-solar-arrays-with-all-energy-solar/,-1.8140046684297613
ref-stablelm-base-alpha-3b-v2,nonmember,https://www.fox16.com/weather/weather-forecasts/arkansas-storm-team-forecast-scattered-storm-chances-continue-this-weekend/,-0.7535097133509621
ref-stablelm-base-alpha-3b-v2,nonmember,https://www.kfyrtv.com/prnewswire/2022/08/24/viavi-selected-test-equipment-supplier-kyrio-o-ran-test-amp-integration-lab/,-1.8055001030493503
ref-stablelm-base-alpha-3b-v2,nonmember,https://www.kfyrtv.com/prnewswire/2022/06/27/clearwave-fiber-begins-buildout-fiber-internet-lansing-ks/,-2.0560114555877407
ref-stablelm-base-alpha-3b-v2,nonmember,https://www.dakotanewsnow.com/2022/06/03/graphic-man-army-fatigues-accused-raping-teen-after-offering-vape-pens-affidavit-reads/,-1.7800875319624812
ref-stablelm-base-alpha-3b-v2,nonmember,https://www.wbrc.com/prnewswire/2022/08/16/wolf-home-products-unveils-first-shower-line/,-2.1228235133399322
ref-stablelm-base-alpha-3b-v2,nonmember,https://www.abqjournal.com/2502132/ucla-to-pay-record-of-nearly-700m-in-doctor-abuse-lawsuits.html,-2.0037520276512906
ref-stablelm-base-alpha-3b-v2,nonmember,https://www.valleynewslive.com/prnewswire/2022/06/23/goldmining-inc-discovers-extension-its-la-garrucha-target-la-mina-project-colombia-drill-results-include-34554-metres-074-gt-aueq/,-1.718425483176299
ref-stablelm-base-alpha-3b-v2,nonmember,https://www.expressnews.com/weather/article/WA-WFO-SPOKANE-Warnings-Watches-and-Advisories-17370825.php,-1.6282770603336039
ref-stablelm-base-alpha-3b-v2,nonmember,https://www.washingtonpost.com/sports/nfl/hurts-eagles-beat-lions-38-35/2022/09/11/10ff5954-3212-11ed-a0d6-415299bfebd5_story.html,-0.972676096521153
ref-stablelm-base-alpha-3b-v2,nonmember,https://www.koat.com/article/jill-biden-tests-negative-covid-19/40949598,-1.305404125726701
ref-stablelm-base-alpha-3b-v2,nonmember,https://www.apr.org/politics-government/politics-government/2022-06-15/biden-is-under-pressure-on-gas-prices-so-hes-putting-pressure-on-oil-companies,-2.060098755034523
ref-stablelm-base-alpha-3b-v2,nonmember,https://www.myarklamiss.com/entertainment-news/tarantino-receives-honorary-degree-from-israeli-university/,-1.6494289350550544
ref-stablelm-base-alpha-3b-v2,nonmember,https://www.wfla.com/automotive/here-is-the-first-electric-cadillac-the-lyriq/,-1.7547781832050822
ref-stablelm-base-alpha-3b-v2,nonmember,https://www.wlbt.com/prnewswire/2022/06/21/tyson-group-named-selling-power-magazines-top-sales-training-companies-2022-list/,-2.1024135934886248
ref-stablelm-base-alpha-3b-v2,nonmember,https://www.wdtn.com/news/local-news/first-monkeypox-case-confirmed-in-miami-valley/,-0.2063984719247003
ref-stablelm-base-alpha-3b-v2,nonmember,https://www.ourmidland.com/news/article/What-s-Happening-Nov-24-2021-17322077.php,0.8520652555548711
ref-stablelm-base-alpha-3b-v2,nonmember,https://www.kold.com/prnewswire/2022/08/10/virgin-mobile-terminates-tra-connection-with-acquisition-by-sprint-nextel-corporation/,-1.7742750058712646
ref-stablelm-base-alpha-3b-v2,nonmember,https://www.kold.com/prnewswire/2022/06/14/firstenergy-announces-pricing-terms-accepted-tender-amounts-cash-tender-offer/,-1.3656471581178753
ref-stablelm-base-alpha-3b-v2,nonmember,https://www.wbrc.com/prnewswire/2022/07/26/my-plates-officially-launches-three-new-classic-silver-license-plate-designs/,-1.5650827279388242
ref-stablelm-base-alpha-3b-v2,nonmember,https://www.kalb.com/prnewswire/2022/06/23/quantix-promotes-alex-buck-group-president-export-distribution-centers-enhanced-services-3pl/,-2.015513434215601
ref-stablelm-base-alpha-3b-v2,nonmember,https://www.eonline.com/news/1343873/taylor-swift-just-made-an-enchanting-appearance-at-the-2022-mtv-vmas?cmpid=rss-000000-rssfeed-365-topstories&utm_source=eonline&utm_medium=rssfeeds&utm_campaign=rss_topstories,0.11588922658393397
ref-stablelm-base-alpha-3b-v2,nonmember,https://www.latimes.com/california/story/2022-08-14/san-bernardino-mountains-hit-with-flash-floods-as-summer-downpours-continue,0.06096552003298816
ref-stablelm-base-alpha-3b-v2,nonmember,https://www.wbtv.com/prnewswire/2022/07/12/dodgesrt-drivers-ready-conquer-thunder-mountain-dodge-power-brokers-mile-high-nationals/,-1.9335241991239631
ref-stablelm-base-alpha-3b-v2,nonmember,https://www.wthr.com/article/news/verify/education-verify/biden-student-loan-debt-forgiveness-plan-who-qualifies-how-to-apply/536-759ec5e6-9968-45f7-8518-909b76cd4d35,-1.5000862020301
ref-stablelm-base-alpha-3b-v2,nonmember,https://www.wafb.com/prnewswire/2022/08/25/nextworld-fastclose-announce-partnership-provide-real-time-financial-reporting/,-2.2450082180593167
ref-stablelm-base-alpha-3b-v2,nonmember,https://www.wistv.com/prnewswire/2022/09/06/turpaz-reports-record-results-q22022-sales-grow-by-50-303-million-net-profit-increased-by-327-42-million/,-1.2645558437927937
ref-stablelm-base-alpha-3b-v2,nonmember,https://www.wtae.com/article/rabies-vaccines-wildlife-raccoons/41003927,-2.202861429390005
ref-stablelm-base-alpha-3b-v2,nonmember,https://www.wbrc.com/prnewswire/2022/07/20/freshrealm-closes-200-million-investment/,-2.375317987491961
ref-stablelm-base-alpha-3b-v2,nonmember,https://warm1069.com/elton-john-shouts-out-britney-spears-thoughtful-gift-after-hold-me-closer-release/,0.12590121792636788
ref-stablelm-base-alpha-3b-v2,nonmember,https://www.gjsentinel.com/news/western_colorado/council-delays-richmark-vote-to-sept-7/article_9d0eb492-1432-11ed-a8d8-f3a146fcc4ac.html,0.10481556131477188
ref-stablelm-base-alpha-3b-v2,nonmember,https://www.koin.com/news/ap-top-headlines/trump-hogan-fight-emerges-in-marylands-gop-governors-race/,-1.8578558542394958
ref-stablelm-base-alpha-3b-v2,nonmember,https://www.wivb.com/hill-politics/mccarthy-says-he-knows-who-recorded-him-criticizing-trump/,-2.045456330437668
ref-stablelm-base-alpha-3b-v2,nonmember,https://www.mysuncoast.com/prnewswire/2022/08/08/root-brands-collaboration-with-international-science-nutrition-society/,-2.2035351982289075
ref-stablelm-base-alpha-3b-v2,nonmember,https://www.fox16.com/reviews/br/office-br/furniture-br/best-small-computer-desk/,-1.460366204995699
ref-stablelm-base-alpha-3b-v2,nonmember,https://www.newscentermaine.com/article/life/animals/coyote-vs-cat-fight/285-819c4b4a-6909-42ef-9340-245e3f1bd1ec,0.0482175256470021
ref-stablelm-base-alpha-3b-v2,nonmember,https://www.valleynewslive.com/prnewswire/2022/05/30/cgi-completes-acquisition-french-based-harwell-management-offer-broader-range-financial-consulting-services/,-1.5434638115426735
ref-stablelm-base-alpha-3b-v2,nonmember,https://www.koin.com/reviews/br/home-br/laundering-fabric-care-br/best-reusable-lint-roller/,-1.919159567883304
ref-stablelm-base-alpha-3b-v2,nonmember,https://who13.com/news/ap-top-headlines/4-days-in-january-trump-push-for-capitol-coda-to-2020-vote/,-2.039390436505269
ref-stablelm-base-alpha-3b-v2,nonmember,https://www.wymt.com/prnewswire/2022/09/12/paving-way-skilled-mediation-2022-aamlbvr-divorce-conference/,-1.9718460834654428
ref-stablelm-base-alpha-3b-v2,nonmember,https://www.wtae.com/article/chronicle-ice-cream-social-the-different-takes-on-ice-cream/40625630,0.39196582654090184
ref-stablelm-base-alpha-3b-v2,nonmember,https://www.cenlanow.com/crime/how-a-gun-used-to-shoot-an-officer-went-from-teen-to-teen/,-1.908024623402659
ref-stablelm-base-alpha-3b-v2,nonmember,https://www.expressnews.com/news/article/Biden-seeking-37B-for-fighting-crime-hiring-17318987.php,-2.0319767971734675
ref-stablelm-base-alpha-3b-v2,nonmember,https://www.citizensvoice.com/zz-dnp/jean-louise-davies/article_7d189818-3a1c-5613-b9ab-cfaa898d7de7.html,0.20396052207170512
ref-stablelm-base-alpha-3b-v2,nonmember,https://www.wafb.com/2022/08/02/et-pedals-it-way-imax-theaters-films-40th-anniversary/,-1.2581243300549687
ref-stablelm-base-alpha-3b-v2,nonmember,https://wtmj.com/national/2022/08/14/will-zalatoris-gets-1st-pga-tour-win-in-playoff-at-memphis/,-2.0038461842248267
ref-stablelm-base-alpha-3b-v2,nonmember,https://www.kold.com/prnewswire/2022/07/19/green-development-building-energy-efficient-ict-infrastructure/,-1.970699266767208
ref-stablelm-base-alpha-3b-v2,nonmember,https://www.kswo.com/prnewswire/2022/06/06/valencia-technologies-announces-first-commercial-implantation-ecoin-leadless-tibial-neurostimulator-treatment-urge-urinary-incontinence/,-1.1353542811145827
ref-stablelm-base-alpha-3b-v2,nonmember,https://www.1011now.com/prnewswire/2022/09/05/shemaroo-partners-with-seracle-web-30-expansions/,-2.0460690020867234
ref-stablelm-base-alpha-3b-v2,nonmember,https://www.ksn.com/news/weird-news/ap-strange-news/officials-cows-block-floridas-turnpike-after-truck-fire/,-1.7380446031811299
ref-stablelm-base-alpha-3b-v2,nonmember,https://www.ktre.com/prnewswire/2022/07/07/newest-member-mac-baldrige-society-center-organ-recovery-amp-education-core/,-1.7301230140283184
ref-stablelm-base-alpha-3b-v2,nonmember,https://www.wvasfm.org/arts/arts/2022-07-07/yu-gi-oh-creator-kazuki-takahashi-found-dead,-2.0600523642452955
ref-stablelm-base-alpha-3b-v2,nonmember,https://www.wbay.com/prnewswire/2022/07/25/welltower-announces-date-second-quarter-2022-earnings-release-conference-call-webcast/,-1.044829868504714
ref-stablelm-base-alpha-3b-v2,nonmember,https://www.seattletimes.com/nation-world/cambodian-japanese-among-winners-of-magsaysay-awards/?utm_source=RSS&utm_medium=Referral&utm_campaign=RSS_nation-world,-2.3119494120459887
ref-stablelm-base-alpha-3b-v2,nonmember,https://www.wdtn.com/news/politics/ap-politics/cheney-and-murkowski-trump-critics-facing-divergent-futures/,-2.1731297059884787
ref-stablelm-base-alpha-3b-v2,nonmember,https://www.ktre.com/prnewswire/2022/07/07/pastors-church-leaders-across-america-attend-bible-seminar/,-2.222212261660474
ref-stablelm-base-alpha-3b-v2,nonmember,https://www.ourmidland.com/weather/article/TX-WFO-CORPUS-CHRISTI-Warnings-Watches-and-17419061.php,-1.205011174576247
ref-stablelm-base-alpha-3b-v2,nonmember,https://www.wdtn.com/reviews/br/patio-br/pools-hot-tubs-br/the-best-hard-sided-pools/,-1.5468811157822357
ref-stablelm-base-alpha-3b-v2,nonmember,https://www.nbcphiladelphia.com/news/business/money-report/climbing-interest-rates-means-good-news-for-annuity-buyers/3244889/,0.4339472848412753
ref-stablelm-base-alpha-3b-v2,nonmember,https://www.wbtv.com/prnewswire/2022/09/05/simcere-pharmaceutical-announces-financial-results-2022-h1-27-year-over-year-revenue-growth-with-innovative-drugs-accounting-654-total-revenue/,-2.365045819228572
ref-stablelm-base-alpha-3b-v2,nonmember,https://www.unionleader.com/news/safety/justice-dept-offers-new-resource-for-police-agencies-seeking-change/article_de2a7741-4d41-5465-a66d-5cfcc9699220.html,0.4015640898524553
ref-stablelm-base-alpha-3b-v2,nonmember,https://www.nprillinois.org/2022-06-17/flight-cancelled-pete-buttigieg-is-telling-airlines-to-step-up-their-game,-1.84074282437074
ref-stablelm-base-alpha-3b-v2,nonmember,https://www.kswo.com/prnewswire/2022/06/10/insurtech-easysend-strengthens-japan-by-establishing-japanese-entity-order-accelerate-digitization-within-japanese-financial-industry/,-2.23704287805745
ref-stablelm-base-alpha-3b-v2,nonmember,https://www.wsaz.com/prnewswire/2022/07/01/clara-sola-costa-rican-film-about-debut-us-cinemas/,-1.6794247844811485
ref-stablelm-base-alpha-3b-v2,nonmember,https://www.kxlf.com/news/national/matthew-mcconaughey-calls-for-gun-responsibility-following-uvadle-school-shooting,-1.1297285471428415
ref-stablelm-base-alpha-3b-v2,nonmember,https://www.nwitimes.com/2-bedroom-home-in-cedar-lake---339-990/article_83016756-a12e-55b5-83aa-9cd0de365f6c.html,0.5695389980229191
ref-stablelm-base-alpha-3b-v2,nonmember,https://wtmj.com/national/2022/07/20/uvalde-schools-look-to-fire-chief-arredondo-after-shooting-4/,-1.8002192949037024
ref-stablelm-base-alpha-3b-v2,nonmember,https://www.nbcdfw.com/news/local/he-was-my-hero-my-protector-family-of-arlington-man-lit-on-fire-killed-shares-story/3040646/,0.12140533415779542
ref-stablelm-base-alpha-3b-v2,nonmember,https://www.valleynewslive.com/prnewswire/2022/07/12/envision-digital-acquires-global-asset-performance-management-leader-qos-energy/,-2.00218610821814
ref-stablelm-base-alpha-3b-v2,nonmember,https://www.kpcnews.com/thestar/article_1885e472-ee25-5ddc-82af-1aa70528f306.html,0.2865091158331783
ref-stablelm-base-alpha-3b-v2,nonmember,https://www.1011now.com/prnewswire/2022/06/27/fresh-start-surgical-gifts-partners-with-sanford-health-expand-services-further-their-mission-transforming-lives-children/,-1.9655996821095845
ref-stablelm-base-alpha-3b-v2,nonmember,https://www.wbtv.com/2022/07/26/some-texas-lawmakers-claim-immigration-amounts-an-invasion/,-2.0795078132254003
ref-stablelm-base-alpha-3b-v2,nonmember,https://www.wrtv.com/news/man-with-indiana-ties-helping-ukrainian-refugees-at-polish-hostel,0.2565341405931618
ref-stablelm-base-alpha-3b-v2,nonmember,https://www.wbrc.com/prnewswire/2022/06/29/pixability-joins-global-alliance-responsible-media-garm-providing-contextual-brand-safety-suitability-expertise-industry-standardization-efforts/,-1.9406748115921733
ref-stablelm-base-alpha-3b-v2,nonmember,https://cw33.com/news/nexstar-media-wire/florida-couple-accused-of-burning-raccoon-alive/,-1.985568210534692
ref-stablelm-base-alpha-3b-v2,nonmember,https://www.ktvb.com/article/entertainment/entertainment-tonight/offset-shares-sweet-photos-of-him-holding-his-and-cardi-bs-son-wave/603-947f1823-e9e8-4bb4-a062-55dfd8f4ef2e,-0.1453546782789168
ref-stablelm-base-alpha-3b-v2,nonmember,https://www.koat.com/article/brittney-griner-paul-whelan-proposed-us-russia-prisoner-swap/40742295,-0.8668990759889544
ref-stablelm-base-alpha-3b-v2,nonmember,https://www.kmvt.com/prnewswire/2022/06/06/ovo-energy-partners-with-noetic-cyber-deliver-critical-insights-into-cybersecurity-posture-readiness-across-organization/,-2.174478566076794
ref-stablelm-base-alpha-3b-v2,nonmember,https://www.wvasfm.org/arts/arts/2022-05-19/johnny-depps-former-business-manager-and-others-chart-the-actors-rise-and-fall,-1.9556259175234012
ref-stablelm-base-alpha-3b-v2,nonmember,https://www.kxii.com/prnewswire/2022/07/29/kbo-bike-launches-ranger-ebike-perfect-hauling-cargo/,-1.999683152672965
ref-stablelm-base-alpha-3b-v2,nonmember,https://kion546.com/news/ap-california/2022/06/17/padres-ace-musgrove-placed-on-covid-19-list-2/,-0.7889587728860981
ref-stablelm-base-alpha-3b-v2,nonmember,https://www.foxnews.com/politics/senate-republicans-demand-answers-mayorkas-disinformation-board-misleading-testimony,0.059319307365001794
ref-stablelm-base-alpha-3b-v2,nonmember,https://www.localsyr.com/news/local-news/oswego-harborfest-is-back-heres-what-to-expect-and-frequently-asked-questions/,0.43871040830794494
ref-stablelm-base-alpha-3b-v2,nonmember,https://www.wdiy.org/npr-news/npr-news/2022-08-17/after-decades-author-jamil-jan-kochai-reunites-with-the-teacher-who-changed-his-life,-1.9127502161456371
ref-stablelm-base-alpha-3b-v2,nonmember,https://www.al.com/alabama/2022/05/live-updates-alabama-faces-elimination-against-florida-in-sec-baseball-tournament.html,-0.11791831246538997
ref-stablelm-base-alpha-3b-v2,nonmember,https://www.kunm.org/npr-news/npr-news/2022-07-12/emmy-nominations-the-contenders-for-tvs-biggest-honors,-0.6763527870852868
ref-stablelm-base-alpha-3b-v2,nonmember,https://www.wcjb.com/2022/08/05/brick-city-center-arts-will-have-opening-reception-art-aging-exhibit-secrets-life/,0.038283743766479805
ref-stablelm-base-alpha-3b-v2,nonmember,https://www.kttc.com/2022/04/14/police-identify-remains-missing-8-year-old-boy-nationwide-arrest-warrant-includes-father/,-1.764273633719211
ref-stablelm-base-alpha-3b-v2,nonmember,https://journalstar.com/news/local/i-am-terrified-alten-study-finds-pesticides-in-mead-womans-home/article_3168cdde-f785-5246-83d3-ee66a91e08c5.html,0.41605264550096255
ref-stablelm-base-alpha-3b-v2,nonmember,https://www.wnem.com/2022/09/13/burger-king-has-400m-plan-make-you-fall-love-with-whopper-again/,-1.9757119376817924
ref-stablelm-base-alpha-3b-v2,nonmember,https://www.sfchronicle.com/sports/article/Serena-Venus-Williams-get-US-Open-doubles-17402285.php,-1.4935355033485076
ref-stablelm-base-alpha-3b-v2,nonmember,https://www.wcjb.com/prnewswire/2022/07/20/etsy-names-kruti-patel-goyal-chief-executive-officer-depop-promotes-nick-daniel-chief-product-officer-etsy/,-1.7323277622780617
ref-stablelm-base-alpha-3b-v2,nonmember,https://www.kalb.com/prnewswire/2022/06/10/cti-biopharma-presents-pivotal-data-pacritinib-program-european-hematology-association-eha-2022-congress/,-1.2912811658335026
ref-stablelm-base-alpha-3b-v2,nonmember,https://www.wbtv.com/prnewswire/2022/08/03/tenurex-appoints-former-gartner-vp-board-advisor/,-1.8112658103971935
ref-stablelm-base-alpha-3b-v2,nonmember,https://www.wagmtv.com/prnewswire/2022/09/02/byron-allens-hbcu-go-announces-the-hbcu-go-sports-kickoff-show/,-1.721588985715362
ref-stablelm-base-alpha-3b-v2,nonmember,https://www.wibw.com/prnewswire/2022/06/30/bank-london-appoints-tam-holmes-co-president-amp-group-chief-product-officer/,-1.9820944632511304
ref-stablelm-base-alpha-3b-v2,nonmember,https://www.wistv.com/prnewswire/2022/06/14/high-tide-reports-second-quarter-2022-financial-results-featuring-98-increase-revenue-ninth-straight-quarter-positive-adjusted-ebitda/,-1.42460175163298
ref-stablelm-base-alpha-3b-v2,nonmember,https://www.mrt.com/sports/article/Texas-Houston-Runs-17423693.php,-0.5609033105122548
ref-stablelm-base-alpha-3b-v2,nonmember,https://www.wagmtv.com/prnewswire/2022/06/23/family-bonds-foundation-offers-raffle-exciting-travel-prizes-with-every-10-donation/,-2.0177035093989946
ref-stablelm-base-alpha-3b-v2,nonmember,https://www.wistv.com/prnewswire/2022/05/16/hyundai-hope-gary-rome-hyundai-donate-25000-combat-hunger-dealerships-25th-anniversary-celebration/,-1.7226952351385423
ref-stablelm-base-alpha-3b-v2,nonmember,https://www.mysuncoast.com/prnewswire/2022/08/30/aker-solutions-schlumberger-subsea-7-create-joint-venture/,-1.733397232184171
ref-stablelm-base-alpha-3b-v2,nonmember,https://www.wsaz.com/prnewswire/2022/08/23/plume-leading-gender-affirming-virtual-care-provider-announces-24m-series-b-funding-expand-coverage-nationwide/,-1.475561479613638
ref-stablelm-base-alpha-3b-v2,nonmember,https://www.columbiagorgenews.com/hoodriver/live-day-2-osaa-hs-state-championships/article_b8af6cda-d92e-11ec-b077-6f4a385f476b.html,0.3284043001814605
ref-stablelm-base-alpha-3b-v2,nonmember,https://www.wymt.com/2022/05/05/heard-depp-team-enablers-shielded-his-drug-alcohol-use/,-1.717897817302589
ref-stablelm-base-alpha-3b-v2,nonmember,https://www.wowktv.com/news/nexstar-media-wire/disney-adds-3-r-rated-movies-to-platform/,-2.0784228662136894
ref-stablelm-base-alpha-3b-v2,nonmember,https://www.kens5.com/article/money/consumer/holiday-shopping-amazon-surcharge/285-c9489d36-3cde-4e66-9620-b4f1bd7c8883,0.3496593648669801
ref-stablelm-base-alpha-3b-v2,nonmember,https://www.kold.com/prnewswire/2022/08/30/progress-solar-solutions-announces-new-mobile-solar-ev-electric-vehicle-charging-model/,-1.932069021774073
ref-stablelm-base-alpha-3b-v2,nonmember,https://www.wistv.com/prnewswire/2022/04/06/vital-pet-life-announces-membership-sustainable-packaging-coalition-part-their-continued-commitment-being-circular-business/,-1.4639215181922378
ref-stablelm-base-alpha-3b-v2,nonmember,https://www.wishtv.com/news/coronavirus/indiana-reports-11063-new-covid-19-cases-15-deaths-in-previous-week/,-0.15945152852732902
ref-stablelm-base-alpha-3b-v2,nonmember,https://www.mrt.com/news/article/Biden-headed-to-Milwaukee-Pittsburgh-on-Labor-Day-17404970.php,-1.7207228641590646
ref-stablelm-base-alpha-3b-v2,nonmember,https://www.eonline.com/news/1338633/inside-khloe-kardashian-s-dating-life-amid-tristan-thompson-baby-news,-0.2585209243340727
ref-stablelm-base-alpha-3b-v2,nonmember,https://www.1011now.com/prnewswire/2022/08/17/cleco-power-desri-announce-240-mwac-solar-power-agreement/,-1.5775685489042395
ref-stablelm-base-alpha-3b-v2,nonmember,https://www.thestranger.com/slog-pm/2022/08/23/78197288/slog-pm-get-ready-for-more-heat-ave-starbucks-workers-strike-why-dinosaurs-are-better-than-humans,0.48358981848517546
ref-stablelm-base-alpha-3b-v2,nonmember,https://pressofatlanticcity.com/lower-cape-may-reg-20-pennsville-10-final/article_46fb6be6-3079-11ed-bbd8-df5d2795d4dd.html,-0.5752337956105071
ref-stablelm-base-alpha-3b-v2,nonmember,https://www.cenlanow.com/national/petito-lawsuit-reveals-wish-list-of-witnesses-sought-to-testify-including-laundries/,-1.6649951717305647
ref-stablelm-base-alpha-3b-v2,nonmember,https://www.cbs42.com/news/national/help-nasa-hunt-for-storms-on-jupiter/,-2.181204274257278
ref-stablelm-base-alpha-3b-v2,nonmember,https://www.wjhl.com/news/national/twitter-users-report-outage-across-the-country/,-1.7186236194682933
ref-stablelm-base-alpha-3b-v2,nonmember,https://www.kxii.com/prnewswire/2022/09/12/xello-announces-new-higher-education-council-deepen-students-post-secondary-planning-experience/,-1.9900088290069584
ref-stablelm-base-alpha-3b-v2,nonmember,https://www.wjhl.com/news/national/cooler-new-mexico-weather-aids-big-wildfire-fight-for-now/,-2.26509156456401
ref-stablelm-base-alpha-3b-v2,nonmember,https://www.valleynewslive.com/2022/06/10/we-asked-governor-walz-questions-about-some-big-issues-here-are-his-answers/,0.05979419238250605
ref-stablelm-base-alpha-3b-v2,nonmember,https://www.myarklamiss.com/entertainment-news/ap-artist-ai-weiwei-warns-against-hubris-in-troublesome-times/,-2.5929703758393545
ref-stablelm-base-alpha-3b-v2,nonmember,https://www.baltimoresun.com/maryland/carroll/education/cc-school-board-race-scanlan-20220714-zz543kl7zrg6rmaulbccsvd4li-story.html,0.2307278078254984
ref-stablelm-base-alpha-3b-v2,nonmember,https://www.eonline.com/news/1342154/keke-palmer-s-candid-message-about-adult-acne-is-refreshingly-relatable,0.19190890512293457
ref-stablelm-base-alpha-3b-v2,nonmember,https://www.foxnews.com/us/california-bill-voters-constitution-abortion,-0.15535210793793763
ref-stablelm-base-alpha-3b-v2,nonmember,https://www.dakotanewsnow.com/prnewswire/2022/07/25/venterra-realty-acquires-keystone-apartment-community-killeen/,-1.6293542955341414
ref-stablelm-base-alpha-3b-v2,nonmember,https://www.abc12.com/news/politics/meijer-says-returning-to-biden-trump-in-2024-would-be-pretty-sad-commentary-on-country/article_98ebf95b-8410-53cb-a69c-75178e3b63d7.html,-0.26236917277713867
ref-stablelm-base-alpha-3b-v2,nonmember,https://www.wbay.com/prnewswire/2022/07/27/rollins-inc-board-directors-approves-2023-ceo-succession-plan/,-1.4923072473141117
ref-stablelm-base-alpha-3b-v2,nonmember,https://www.kbtx.com/prnewswire/2022/06/22/case-tidewater-equipment-company-roll-into-southern-alabama-with-new-construction-equipment-sales-parts-service-operation-enterprise-alabama/,-1.9428736697658477
ref-stablelm-base-alpha-3b-v2,nonmember,https://www.wane.com/news/last-women-and-children-evacuated-from-ukrainian-steel-mill/,-1.9452832129526243
ref-stablelm-base-alpha-3b-v2,nonmember,https://www.kalb.com/prnewswire/2022/05/16/metroplushealth-experts-elected-officials-asian-american-groups-stress-importance-mental-health-care-aapi-communities/,-1.7395374571590734
ref-stablelm-base-alpha-3b-v2,nonmember,https://www.wrtv.com/news/politics/judge-involved-in-2019-white-castle-shooting-drops-out-of-reelection-race-crawford-co-gop,0.19243189383882697
ref-stablelm-base-alpha-3b-v2,nonmember,https://www.kbtx.com/prnewswire/2022/07/27/ai-driven-internal-talent-marketplaces-are-key-talent-growth-retention-reports-hr-research-firm-mclean-amp-company/,-1.5909754877964077
ref-stablelm-base-alpha-3b-v2,nonmember,https://www.wsaz.com/prnewswire/2022/08/26/yves-saint-laurent-beaut-announces-lil-nas-x-its-new-us-brand-ambassador/,-2.173628222392931
ref-stablelm-base-alpha-3b-v2,nonmember,https://www.wric.com/news/u-s-world/urban-combat-and-beyond-ukrainian-recruits-get-uk-training/,-2.1350082093969944
ref-stablelm-base-alpha-3b-v2,nonmember,https://wcfcourier.com/news/national/ap-news-in-brief-at-6-04-a-m-edt/article_d1f93f35-b7ab-5207-86e6-c66a23a2e087.html,-2.150546395430378
ref-stablelm-base-alpha-3b-v2,nonmember,https://www.kold.com/2022/04/09/vehicle-collides-with-food-truck-austin-texas-11-hurt/,-1.8544468732205686
ref-stablelm-base-alpha-3b-v2,nonmember,https://www.nbcnewyork.com/news/national-international/parents-of-shelton-teen-killed-at-house-party-to-hold-news-conference/3718996/,0.18237514852746783
ref-stablelm-base-alpha-3b-v2,nonmember,https://www.wbtv.com/prnewswire/2022/08/23/upcoming-us-flagship-msc-seascape-completes-successful-sea-trials/,-2.069802036463605
ref-stablelm-base-alpha-3b-v2,nonmember,https://www.sfgate.com/weather/article/CA-San-Diego-CA-Zone-Forecast-17202738.php,-0.3626071519081731
ref-stablelm-base-alpha-3b-v2,nonmember,https://www.beaumontenterprise.com/sports/article/Pinstripes-in-Paris-Yanks-want-to-play-2025-17247087.php,-1.9187916644475544
ref-stablelm-base-alpha-3b-v2,nonmember,https://www.wbtv.com/prnewswire/2022/06/29/inventhelp-inventor-develops-improved-construction-storagetransport-container-plb-158/,-0.8055001472028613
ref-stablelm-base-alpha-3b-v2,nonmember,https://www.wflx.com/prnewswire/2022/04/27/karyopharm-announces-selinexor-data-be-presented-2022-american-society-clinical-oncology-annual-meeting/,-1.1611090829626134
ref-stablelm-base-alpha-3b-v2,nonmember,https://www.wowktv.com/news/u-s-world/nra-opens-gun-convention-in-texas-after-school-massacre/,-2.136537712293928
ref-stablelm-base-alpha-3b-v2,nonmember,https://www.mysuncoast.com/prnewswire/2022/05/24/boston-globe-media-announces-new-chief-people-officer-rodrigo-tajonar/,-1.6950175219766492
ref-stablelm-base-alpha-3b-v2,nonmember,https://www.thetimes-tribune.com/news/crime-emergencies/postal-service-investigates-mailbox-break-ins-in-scranton-area/article_30b128e7-ae26-55da-866f-cc3a104da361.html,-0.7117140832887807
ref-stablelm-base-alpha-3b-v2,nonmember,https://www.localsyr.com/news/national/he-shot-my-arm-off-store-owner-blasts-would-be-robber-with-shotgun-police-say/,-1.826041032636362
ref-stablelm-base-alpha-3b-v2,nonmember,https://www.knau.org/npr-news/2022-06-28/troy-kotsur-billie-eilish-and-ariana-debose-are-invited-to-join-oscars-academy,-1.634514099584021
ref-stablelm-base-alpha-3b-v2,nonmember,https://www.wfla.com/nextstar-news-wire/jason-momoa-surprises-passengers-aboard-flight-to-hawaii/,-2.257353499113511
ref-stablelm-base-alpha-3b-v2,nonmember,https://www.beaumontenterprise.com/news/article/Out-of-wartime-hiding-Ukraine-s-first-lady-makes-17312695.php,-2.1138142813522527
ref-stablelm-base-alpha-3b-v2,nonmember,https://www.kwch.com/2022/09/17/one-injured-kingman-apartment-fire/,0.044960672488107534
ref-stablelm-base-alpha-3b-v2,nonmember,https://www.wagmtv.com/2022/09/16/biden-s-african-leader-discuss-ukraine-trade-climate/,-1.766223790503654
ref-stablelm-base-alpha-3b-v2,nonmember,https://www.sfchronicle.com/weather/article/CA-WFO-LOS-ANGELES-Warnings-Watches-and-17434451.php,-1.2292718130646243
ref-stablelm-base-alpha-3b-v2,nonmember,https://www.expressnews.com/news/local/article/Gavin-Newsom-Texas-billboards-abortion-17444283.php,0.08270215149512428
ref-stablelm-base-alpha-3b-v2,nonmember,https://www.sfchronicle.com/news/article/China-accuses-US-of-trying-to-hijack-support-in-17235912.php,-1.8486784393859421
ref-stablelm-base-alpha-3b-v2,nonmember,https://www.dakotanewsnow.com/prnewswire/2022/07/12/lawsuit-stop-retaliation-by-medical-specialty-boards-filed-by-association-american-physicians-surgeons-educational-foundation-aaps/,-2.0054113523809347
ref-stablelm-base-alpha-3b-v2,nonmember,https://journalstar.com/sports/high-school/football/prep-football-preview-the-defending-champions-who-to-watch-and-key-games-in-class-d/article_6f10d0bd-9620-5d55-a9ae-e2ffa5b5a4fe.html,0.2905769620132177
ref-stablelm-base-alpha-3b-v2,nonmember,https://www.wric.com/news/u-s-world/analysis-israeli-pms-gaza-gamble-seems-to-have-paid-off/,-2.3655109496724336
ref-stablelm-base-alpha-3b-v2,nonmember,https://www.kttc.com/2022/08/24/familiar-face-returns-lead-kasson-mantorville-volleyball-team/,0.29077795920349914
ref-stablelm-base-alpha-3b-v2,nonmember,https://www.wkyt.com/prnewswire/2022/05/24/2022-moms-choice-gold-award-winner-creta-class-named-best-family-friendly-media-products-services/,-1.8446630889552877
ref-stablelm-base-alpha-3b-v2,nonmember,https://www.kalb.com/prnewswire/2022/08/05/little-caesars-love-kitchen-serves-free-pizza-special-olympics-unified-cup-detroit-2022-athletes/,-1.8274456869655258
ref-stablelm-base-alpha-3b-v2,nonmember,https://www.cenlanow.com/crime/wrong-way-driver-causes-fatal-crash-in-washington-parish-five-others-injured/,-0.2981739466057036
ref-stablelm-base-alpha-3b-v2,nonmember,https://www.springfieldnewssun.com/obituaries/knop-ramona/HJHRX4TWEZGTDOLXCQ3UV6WTRY/,-0.024649256891471794
ref-stablelm-base-alpha-3b-v2,nonmember,https://www.wibw.com/prnewswire/2022/09/12/practising-law-institute-pli-legal-marketing-association-lma-partner-provide-educational-resources-legal-marketers/,-1.8221551677687695
ref-stablelm-base-alpha-3b-v2,nonmember,https://www.seattletimes.com/sports/mlb/trout-ohtani-betts-turner-to-start-all-star-game-in-la/?utm_source=RSS&utm_medium=Referral&utm_campaign=RSS_all,-1.6351987822767169
ref-stablelm-base-alpha-3b-v2,nonmember,https://www.wafb.com/prnewswire/2022/08/22/quility-insurance-announces-partnership-with-nfl-alumni-association/,-1.839462868925821
ref-stablelm-base-alpha-3b-v2,nonmember,https://www.kmvt.com/2022/05/06/us-added-428000-jobs-april-despite-surging-inflation/,-1.9068925548331874
ref-stablelm-base-alpha-3b-v2,nonmember,https://pantagraph.com/news/state-and-regional/2022-illinois-state-fair-butter-cow-unveiled/article_b67bceae-18f8-11ed-9ccd-1b60f178ee4d.html,0.3030471066561389
ref-stablelm-base-alpha-3b-v2,nonmember,https://www.bostonglobe.com/2022/07/08/metro/federal-court-rules-fisheries-officials-didnt-do-enough-protect-right-whales-lobster-gear/,0.442907430435052
ref-stablelm-base-alpha-3b-v2,nonmember,https://www.wcjb.com/prnewswire/2022/06/06/novartis-tafinlar-dabrafenib-mekinist-trametinib-demonstrates-unprecedented-efficacy-pediatric-patients-with-braf-v600-low-grade-gliomas-phase-iiiii-study/,-1.2931056999971506
ref-stablelm-base-alpha-3b-v2,nonmember,https://www.myarklamiss.com/news/woman-accused-of-pretending-to-be-nurse-trying-to-steal-newborn/,-1.63915527230119
ref-stablelm-base-alpha-3b-v2,nonmember,https://www.wbrc.com/2022/07/12/dettelbach-becomes-head-atf-1st-confirmed-chief-years/,-1.7504613840802952
ref-stablelm-base-alpha-3b-v2,nonmember,https://www.wnep.com/article/news/verify/scotus-verify/law-enforcement-required-miranda-rights/536-f3cd575f-fdd8-4dc7-a19b-bad6c695c454,-1.367235002115876
ref-stablelm-base-alpha-3b-v2,nonmember,https://www.wistv.com/prnewswire/2022/07/06/ecobat-announces-sale-stolberg/,-1.6661241219527083
ref-stablelm-base-alpha-3b-v2,nonmember,https://www.mrt.com/news/article/Fire-threatening-over-7-000-structures-in-17408172.php,-1.87632257382886
ref-stablelm-base-alpha-3b-v2,nonmember,https://www.kalb.com/prnewswire/2022/07/07/tqsky-launches-t1-smart-glasses-portable-entertainment-experience-like-never-before/,-2.108262999985946
ref-stablelm-base-alpha-3b-v2,nonmember,https://www.kmvt.com/2022/08/25/woman-helps-save-sergeants-life-with-epipen-after-he-was-stung-by-bees-police-say/,-1.8078410418183979
ref-stablelm-base-alpha-3b-v2,nonmember,https://www.kbia.org/2022-05-26/2-major-league-teams-use-their-social-media-to-raise-awareness-about-gun-violence,-1.5792835320556415
ref-stablelm-base-alpha-3b-v2,nonmember,https://www.ktre.com/prnewswire/2022/08/18/seniors-housing-market-is-back-stronger-than-ever/,-1.7086470308828532
ref-stablelm-base-alpha-3b-v2,nonmember,https://www.wymt.com/prnewswire/2022/06/27/air-products-showcase-industrial-gas-solutions-specialty-amp-agro-chemicals-america/,-1.7716065743784366
ref-stablelm-base-alpha-3b-v2,nonmember,https://www.cbs42.com/news/alabama-midwives-speak-out-against-proposed-regulations-for-birth-centers/,0.19479517328777707
ref-stablelm-base-alpha-3b-v2,nonmember,https://www.wistv.com/prnewswire/2022/06/15/enzu-announces-new-global-edge-solution/,-2.007519247298878
ref-stablelm-base-alpha-3b-v2,nonmember,https://www.myarklamiss.com/sports/ap-sports/rays-drew-rasmussen-perfect-through-6-against-orioles/,-1.7028614085181213
ref-stablelm-base-alpha-3b-v2,nonmember,https://kion546.com/cnn-regional/2022/07/13/many-sf-residents-turned-down-for-monkeypox-vaccine-2-days-in-row-amid-high-demand-limited-supply/,0.005288163037250548
ref-stablelm-base-alpha-3b-v2,nonmember,https://www.expressnews.com/sports/article/Brady-s-temper-flares-as-Bucs-snap-skid-vs-17450359.php,-1.6088475841364007
ref-stablelm-base-alpha-3b-v2,nonmember,https://www.kold.com/prnewswire/2022/06/28/inroads-college-links-program-impacts-over-700-students-with-digital-transformation-skills-designed-college-workplace-readiness/,-1.8418354564943087
ref-stablelm-base-alpha-3b-v2,nonmember,https://www.sfchronicle.com/news/article/Regents-expand-alcohol-sales-at-South-Dakota-17263116.php,-1.4675039171049542
ref-stablelm-base-alpha-3b-v2,nonmember,https://www.nbcphiladelphia.com/news/sports/when-was-mlbs-last-perfect-game-a-look-at-the-history-of-perfectos/3261318/,-0.10239813318667834
ref-stablelm-base-alpha-3b-v2,nonmember,https://www.kold.com/prnewswire/2022/09/06/inventhelp-inventor-develops-improved-traffic-safety-cone-lgt-207/,-1.3583089088225653
ref-stablelm-base-alpha-3b-v2,nonmember,https://www.fox35orlando.com/sports/orlando-city-hosts-the-houston-dynamo-in-non-conference-action,0.195453303651566
ref-stablelm-base-alpha-3b-v2,nonmember,https://www.seattletimes.com/business/explainer-effects-of-eu-russia-oil-ban-moscows-response/?utm_source=RSS&utm_medium=Referral&utm_campaign=RSS_all,-2.166890423100008
ref-stablelm-base-alpha-3b-v2,nonmember,https://www.kswo.com/2022/05/26/it-almost-seemed-impossible-crews-rescue-donkeys-stranded-island/,-1.7925287243194008
ref-stablelm-base-alpha-3b-v2,nonmember,https://www.wibw.com/prnewswire/2022/09/02/tko-miller-advises-howard-precision-metals-inc-its-sale-joseph-t-ryerson-amp-son-inc/,-1.6385515723435704
ref-stablelm-base-alpha-3b-v2,nonmember,https://www.wkyt.com/prnewswire/2022/08/03/rising-prices-manufacturing-activity-drive-us-shipments-transport-equipment/,-1.8259962647044472
ref-stablelm-base-alpha-3b-v2,nonmember,https://tucson.com/sports/pac-12-hotline/pac-12-hotline-as-camps-open-all-yes-on-leagues-new-qbs-dcs/article_adb21750-1296-11ed-8656-3b822f131d46.html,-0.35015899233609904
ref-stablelm-base-alpha-3b-v2,nonmember,https://www.foxnews.com/lifestyle/great-gardening-tips-save-fruit-vegetable-seeds-next-year,0.4708871507769967
ref-stablelm-base-alpha-3b-v2,nonmember,https://www.kxnet.com/hill-politics/us-to-ramp-up-restrictions-on-semiconductor-exports-to-china-report/,-1.8583516971833545
ref-stablelm-base-alpha-3b-v2,nonmember,https://www.willistonherald.com/news/northwest-district-court-case-update/article_cd3cc3f4-e8de-11ec-b9cb-d3a77c53223d.html,0.3264286802560714
ref-stablelm-base-alpha-3b-v2,nonmember,https://www.wbrc.com/prnewswire/2022/06/28/cme-group-launch-event-contracts-september-19/,-1.2817598491251203
ref-stablelm-base-alpha-3b-v2,nonmember,https://www.dakotanewsnow.com/prnewswire/2022/09/16/wnc-fund-53-raised-153-million-institutional-lihtc-equity-develop-renovate-over-1300-affordable-housing-units/,-1.7817266038348032
ref-stablelm-base-alpha-3b-v2,nonmember,https://www.kbtx.com/prnewswire/2022/08/17/grandin-road-halloween-haven-is-fully-unleashed/,-2.026546467292934
ref-stablelm-base-alpha-3b-v2,nonmember,https://www.wptv.com/entertainment/goodfellas-actor-ray-liotta-voice-of-palm-beach-county-tourism-video-dies,0.4596582860653431
ref-stablelm-base-alpha-3b-v2,nonmember,https://www.kttc.com/2022/06/28/jury-is-chosen-decide-florida-school-shooters-sentence/,-2.2248607209051685
ref-stablelm-base-alpha-3b-v2,nonmember,https://www.wbrc.com/prnewswire/2022/07/07/future-skills-learning-rapidly-transforming-investment-industry/,-2.2640598559044243
ref-stablelm-base-alpha-3b-v2,nonmember,https://www.wnem.com/2022/08/17/new-thrift-store-coming-saginaw/,0.10906562346433235
ref-stablelm-base-alpha-3b-v2,nonmember,https://www.kold.com/prnewswire/2022/08/17/geisinger-medical-center-becomes-first-comprehensive-heart-attack-center-us/,-2.001717935809073
ref-stablelm-base-alpha-3b-v2,nonmember,https://www.wbrc.com/prnewswire/2022/06/22/national-advertising-division-finds-brave-inc-claim-that-it-does-not-share-data-with-third-parties-supported-recommends-two-other-claims-be-discontinued/,-1.9709722967323726
ref-stablelm-base-alpha-3b-v2,nonmember,https://www.kold.com/prnewswire/2022/06/29/boeing-releases-2022-sustainability-report-maps-sustainable-aerospace-progress/,-1.6017261920389785
ref-stablelm-base-alpha-3b-v2,nonmember,https://www.clickorlando.com/business/2022/08/05/5-key-takeaways-from-the-july-jobs-report/,-2.028533125221178
ref-stablelm-base-alpha-3b-v2,nonmember,https://www.dakotanewsnow.com/prnewswire/2022/06/15/datatonic-wins-google-cloud-specialization-partner-year-award-machine-learning/,-1.9080125995991173
ref-stablelm-base-alpha-3b-v2,nonmember,https://www.texomashomepage.com/reviews/br/kitchen-br/bar-wine-br/best-wall-mounted-wine-rack/,-1.6448727619646957
ref-stablelm-base-alpha-3b-v2,nonmember,https://wtmj.com/national/2022/07/07/twitter-says-it-removes-1-million-spam-accounts-a-day/,-1.9445257107788025
ref-stablelm-base-alpha-3b-v2,nonmember,https://abc7ny.com/shark-sighting-rockaway-beach-sharks-new-york/12069237/,0.3486962857402611
ref-stablelm-base-alpha-3b-v2,nonmember,https://www.cnet.com/science/space/nasas-james-webb-space-telescope-heres-what-youll-see-in-the-first-images/,0.05405272158802621
ref-stablelm-base-alpha-3b-v2,nonmember,https://www.yourbasin.com/entertainment-news/fashion-creators-sue-hailey-bieber-over-her-new-brands-name/,-2.1043557171342764
ref-stablelm-base-alpha-3b-v2,nonmember,https://www.fox16.com/news/national-news/how-to-book-a-flight-that-likely-wont-get-canceled/,-1.9897291935755488
ref-stablelm-base-alpha-3b-v2,nonmember,https://www.seattlepi.com/news/article/Why-Apple-can-hold-the-line-on-iPhone-prices-as-17440756.php,-2.0063811046502913
ref-stablelm-base-alpha-3b-v2,nonmember,https://www.wfmz.com/news/pr_newswire/pr_newswire_technology/led-lighting-market-by-installation-product-type-sales-channel-application-and-geography---global/article_1a84e091-42b9-521a-a0b4-9203b0442cce.html,0.06886914010925138
ref-stablelm-base-alpha-3b-v2,nonmember,https://www.wbrc.com/2022/07/25/department-transportation-worker-stabbed-death-by-ex-wife-worksite-authorities-say/,-0.9397734958356724
ref-stablelm-base-alpha-3b-v2,nonmember,https://www.idahopress.com/blueturfsports/live-blog-boise-state-takes-a-10-0-lead-over-new-mexico/article_9a2f5d94-3098-11ed-bbed-e7ee728b3594.html,0.23042205807672111
ref-stablelm-base-alpha-3b-v2,nonmember,https://pressofatlanticcity.com/young-spartans-need-to-mature-quickly/article_9a29a008-16bb-11ed-af11-43c6142a46a3.html,0.07984704168665457
ref-stablelm-base-alpha-3b-v2,nonmember,https://www.mysuncoast.com/prnewswire/2022/06/08/epco-named-agency-record-john-deere-construction/,-1.4155729846140348
ref-stablelm-base-alpha-3b-v2,nonmember,https://www.sfchronicle.com/sports/article/Alert-American-basketball-star-Brittney-Griner-17278548.php,0.7511908512372956
ref-stablelm-base-alpha-3b-v2,nonmember,https://www.kold.com/prnewswire/2022/08/30/ains-announces-strategic-partnership-with-ip-datasolutions/,-1.6043376649102834
ref-stablelm-base-alpha-3b-v2,nonmember,https://www.beaumontenterprise.com/news/article/Palestinian-leader-Israeli-PM-hold-first-call-in-17292172.php,-1.6183470800173023
ref-stablelm-base-alpha-3b-v2,nonmember,https://www.wcjb.com/prnewswire/2022/05/23/survivorship-celebrates-its-tenth-international-conference-survivorship-ritual-abuse-mind-control-conference/,-2.3557260200512027
ref-stablelm-base-alpha-3b-v2,nonmember,https://www.springfieldnewssun.com/nation-world/live-updates-putin-companies-will-regret-leaving-russia/NBL5KFOFARCWHBPTZJGHX4FUDI/,-1.8585776634624778
ref-stablelm-base-alpha-3b-v2,nonmember,https://www.wlbt.com/prnewswire/2022/06/21/nextnav-partners-with-gct-semiconductor-integrate-terrapoint-technology/,-1.9651470351915639
ref-stablelm-base-alpha-3b-v2,nonmember,https://www.timesleader.com/wire/nation-world/1571074/six-months-on-ukraine-fights-war-faces-painful-aftermath,-2.322559652152544
ref-stablelm-base-alpha-3b-v2,nonmember,https://www.cbs42.com/reviews/best-instant-air-fryer/,-1.3934359087167143
ref-stablelm-base-alpha-3b-v2,nonmember,https://www.wistv.com/prnewswire/2022/07/20/solar-panel-recycling-all-energy-solar-keeps-waste-out-landfills/,-2.1060825628977473
ref-stablelm-base-alpha-3b-v2,nonmember,https://www.beinsports.com/au/premier-league/news/liverpool-ties-down-young-gun-elliott-to-new-/1930555,-0.15178665232306687
ref-stablelm-base-alpha-3b-v2,nonmember,https://www.wibw.com/prnewswire/2022/06/22/regenerx-licensee-expand-phase-3-clinical-trial-program-with-rgn-259/,-1.1403190021615726
ref-stablelm-base-alpha-3b-v2,nonmember,https://www.wafb.com/prnewswire/2022/09/07/dekra-awarded-national-vehicle-inspection-program-costa-rica/,-0.7932622307277231
ref-stablelm-base-alpha-3b-v2,nonmember,https://dentonrc.com/sports/colleges/mean_green/austin-aune-emerges-from-saturday-scrimmage-in-position-to-return-as-unts-starting-quarterback/article_84b43005-48fd-582a-9717-9dbf299858e8.html,0.32435226725205535
ref-stablelm-base-alpha-3b-v2,nonmember,https://fox59.com/news/indy-plumbing-hvac-training/,0.23695745794759215
ref-stablelm-base-alpha-3b-v2,nonmember,https://www.ourmidland.com/news/article/Delusional-man-found-competent-for-trial-in-17232770.php,-2.161619055024441
ref-stablelm-base-alpha-3b-v2,nonmember,https://www.wric.com/reviews/br/home-br/decor-br/9-best-fairy-houses/,-2.2002718309262725
ref-stablelm-base-alpha-3b-v2,nonmember,https://www.wflx.com/prnewswire/2022/06/10/ironclad-launches-first-phase-digital-contracting-certification-program-verify-skills-give-professionals-new-ways-stand-out-workplace/,-2.090431477127891
ref-stablelm-base-alpha-3b-v2,nonmember,https://www.mrt.com/sports/article/Baltimore-Team-Stax-17360862.php,0.6827567856413106
ref-stablelm-base-alpha-3b-v2,nonmember,https://www.kold.com/prnewswire/2022/06/07/bill-amy-gross-announce-final-city-approval-laguna-beach-artwork/,-1.966738069410321
ref-stablelm-base-alpha-3b-v2,nonmember,https://www.wcjb.com/prnewswire/2022/05/04/inflation-homebuying-industry-how-industry-professionals-can-succeed-amid-rising-mortgage-rates/,-0.6386874801080182
ref-stablelm-base-alpha-3b-v2,nonmember,https://cbs4indy.com/reviews/br/sports-fitness-br/yoga-pilates-br/best-yoga-wheel/,-1.6260394435771222
ref-stablelm-base-alpha-3b-v2,nonmember,https://www.trentonian.com/2022/06/24/man-who-forced-standoff-with-police-charged-with-beverly-city-homicide/,0.3985999566103964
ref-stablelm-base-alpha-3b-v2,nonmember,https://www.kfyrtv.com/prnewswire/2022/08/23/advarra-launches-dedicated-support-services-research-grant-applicants/,-2.1858327986941126
ref-stablelm-base-alpha-3b-v2,nonmember,https://www.ourmidland.com/news/article/Russia-s-central-bank-slashes-rate-saying-17322283.php,-2.2836243247084362
ref-stablelm-base-alpha-3b-v2,nonmember,https://www.wagmtv.com/prnewswire/2022/09/07/wtia-taps-kelly-fukai-vice-president-government-community-affairs-role/,-2.0967410711497063
ref-stablelm-base-alpha-3b-v2,nonmember,https://www.cleveland19.com/prnewswire/2022/08/25/national-disability-institute-partners-with-calable-launch-we-are-calable-campaign/,-1.8969945622985522
ref-stablelm-base-alpha-3b-v2,nonmember,https://www.mrt.com/sports/article/Cardinals-score-twice-in-bottom-of-the-9th-beat-17402895.php,-0.5865863291250166
ref-stablelm-base-alpha-3b-v2,nonmember,https://www.wkyt.com/prnewswire/2022/09/12/iac-unveils-couture-gown-crafted-sustainable-automotive-materials-north-american-international-auto-show-event/,0.2784517630568373
ref-stablelm-base-alpha-3b-v2,nonmember,https://www.wisn.com/article/crews-work-save-wwii-destroyer-water-buffalo/39729911,-1.8244811058790398
ref-stablelm-base-alpha-3b-v2,nonmember,https://www.wnem.com/2022/06/27/beloved-artist-remembered-by-bay-city-community/,0.037269422389761164
ref-stablelm-base-alpha-3b-v2,nonmember,https://www.valleynewslive.com/prnewswire/2022/08/02/caesars-sportsbook-goes-live-with-online-sports-betting-wyoming/,-1.4638990149005973
ref-stablelm-base-alpha-3b-v2,nonmember,https://www.wistv.com/prnewswire/2022/06/01/blue-owl-capital-announces-launch-secondary-offering-class-common-shares/,-1.0220010896760596
ref-stablelm-base-alpha-3b-v2,nonmember,https://www.sfgate.com/sports/article/Blake-s-3-saves-Uhre-s-2-goals-help-Union-beat-17340787.php,-1.603280483717586
ref-stablelm-base-alpha-3b-v2,nonmember,https://www.kfyrtv.com/2022/05/16/pro-life-pro-choice-demonstrators-rally-north-dakota-state-capitol/,0.04032775962985946
ref-stablelm-base-alpha-3b-v2,nonmember,https://www.wfaa.com/article/entertainment/entertainment-tonight/wendy-williams-ex-kevin-hunter-slams-production-company-for-unceremonious-final-episode-exclusive/603-d9ecac43-2ca7-44a0-9930-01f9a76fe13e,-0.3771385958816178
ref-stablelm-base-alpha-3b-v2,nonmember,https://wtmj.com/national/2022/09/02/lufthansa-flights-grounded-as-pilots-up-pressure-over-pay/,-1.6910088942532921
ref-stablelm-base-alpha-3b-v2,nonmember,https://www.kait8.com/prnewswire/2022/09/09/aviation-values-show-signs-cooling-across-all-used-aircraft-categories-inventory-levels-improve/,-2.014860166519533
ref-stablelm-base-alpha-3b-v2,nonmember,https://www.kswo.com/2022/08/29/biden-calls-afghan-war-vets-ahead-withdrawal-anniversary/,-1.9837874942018905
ref-stablelm-base-alpha-3b-v2,nonmember,https://phl17.com/nmw/britains-queen-elizabeth-ii-dies-at-96/,-1.8641569476742448
ref-stablelm-base-alpha-3b-v2,nonmember,https://www.valleynewslive.com/prnewswire/2022/08/25/touchstone-investments-launches-its-fourth-distinctively-active-managed-etf/,-1.6589058639393075
ref-stablelm-base-alpha-3b-v2,nonmember,https://www.kxnet.com/sports/ap-ap-source-mlb-players-reach-minor-league-union-deal/,-1.873557766822874
ref-stablelm-base-alpha-3b-v2,nonmember,https://www.washingtonpost.com/sports/mlb/eugenio-suarez-homers-in-11th-as-mariners-top-blue-jays-5-2/2022/07/09/fc3e275a-ff50-11ec-b39d-71309168014b_story.html,-1.4681045891543396
ref-stablelm-base-alpha-3b-v2,nonmember,https://www.wcjb.com/2022/08/17/texas-execute-man-slaying-dallas-real-estate-agent/,-1.7170871497867606
ref-stablelm-base-alpha-3b-v2,nonmember,https://www.wcjb.com/prnewswire/2022/05/03/bausch-lomb-presents-data-second-pivotal-phase-3-trial-investigational-treatment-nov03-perfluorohexyloctane-association-research-vision-ophthalmology-annual-meeting/,-0.8295059226877094
ref-stablelm-base-alpha-3b-v2,nonmember,https://www.seattletimes.com/nation-world/nation-politics/trump-ambassador-kelly-craft-joins-kentucky-governor-race/?utm_source=RSS&utm_medium=Referral&utm_campaign=RSS_nation-world,-1.8820381978798126
ref-stablelm-base-alpha-3b-v2,nonmember,https://www.nepm.org/national-world-news/2022-06-03/uvalde-special-ed-staffer-seeks-to-depose-gunmaker-for-a-possible-lawsuit,-2.2497550556862693
ref-stablelm-base-alpha-3b-v2,nonmember,https://www.wane.com/top-stories/fort-wayne-bmx-property-vandalized/,0.32060263600999805
ref-stablelm-base-alpha-3b-v2,nonmember,https://www.seattlepi.com/news/article/Maryland-governor-lays-out-long-term-plan-for-17231250.php,-1.9021908216644405
ref-stablelm-base-alpha-3b-v2,nonmember,https://www.myarklamiss.com/news/ap-top-headlines/ex-cia-engineer-convicted-in-massive-theft-of-secret-info/,-2.0476720798239545
ref-stablelm-base-alpha-3b-v2,nonmember,https://www.fox5ny.com/news/salman-rushdie-attacker-hadi-matar-surprised-survived,-1.4924312417557108
ref-stablelm-base-alpha-3b-v2,nonmember,https://www.springfieldnewssun.com/nation-world/senate-panel-backs-michael-barr-biden-pick-as-fed-regulator/GH6FT5EHOJHKZAVAGEBI2MYUWI/,-1.7167887527290326
ref-stablelm-base-alpha-3b-v2,nonmember,https://www.kait8.com/prnewswire/2022/08/31/sts-inks-introduces-new-64-direct-film-printer/,-1.9344303682453454
ref-stablelm-base-alpha-3b-v2,nonmember,https://www.wbay.com/prnewswire/2022/06/27/alcantara-becomes-german-car-year-program-sponsor-2022/,-2.1029256777475984
ref-stablelm-base-alpha-3b-v2,nonmember,https://www.wane.com/news/business/ap-business/ap-oregon-adopts-calif-fire-tactic-shuts-power-amid-high-winds/,-2.2036151025761956
ref-stablelm-base-alpha-3b-v2,nonmember,https://www.nbcphiladelphia.com/decision-2022/mccormick-concedes-giving-oz-victory-in-pa-gop-primary-for-u-s-senate/3260873/,-0.919261745230485
ref-stablelm-base-alpha-3b-v2,nonmember,https://www.clickorlando.com/sports/2022/07/17/british-open-a-soggy-start-to-final-day-at-british-open/,-1.7300939320845103
ref-stablelm-base-alpha-3b-v2,nonmember,https://www.wfmz.com/news/pr_newswire/pr_newswire_stocks/metaestate-has-closed-a-multi-million-dollar-strategic-round-of-funding-led-by-matrixport-and/article_0a6efdea-6202-5141-a94d-39795bb240ff.html,-2.265593365345662
ref-stablelm-base-alpha-3b-v2,nonmember,https://www.wlbt.com/prnewswire/2022/09/07/stampli-doubles-down-enterprise-with-full-sap-integration-real-time-po-receiving/,-1.9427167300799069
ref-stablelm-base-alpha-3b-v2,nonmember,https://www.sfchronicle.com/california/article/Ruling-will-change-California-DMV-rules-on-17318529.php,0.7585939115956704
ref-stablelm-base-alpha-3b-v2,nonmember,https://phl17.com/national-news/driver-19-charged-in-rollover-that-killed-2-migrants-injured-9/,-1.7295809155086834
ref-stablelm-base-alpha-3b-v2,nonmember,https://www.wbtv.com/prnewswire/2022/08/18/themathcompany-welcomes-sean-dwyer-chief-growth-officer/,0.4842910059161807
ref-stablelm-base-alpha-3b-v2,nonmember,https://www.bostonglobe.com/2022/07/15/world/mexico-captures-infamous-drug-lord-rafael-caro-quintero/,-1.6058524413271635
ref-stablelm-base-alpha-3b-v2,nonmember,https://www.sfgate.com/news/article/Trump-s-Ukraine-impeachment-shadows-war-risks-17220604.php,-2.1629545330450277
ref-stablelm-base-alpha-3b-v2,nonmember,https://www.kbzk.com/news/crime-and-courts/butte-woman-sentenced-to-prison-after-pleading-guilty-to-defrauding-blind-elderly-woman-in-her-care,0.1170392220105172
ref-stablelm-base-alpha-3b-v2,nonmember,https://www.kold.com/prnewswire/2022/05/24/nearity-unveil-91-element-beamforming-ceiling-array-microphone-during-infocomm-debut/,-1.7226010672072938
ref-stablelm-base-alpha-3b-v2,nonmember,https://kion546.com/news/ap-national-news/2022/07/29/spains-leader-advises-going-sans-necktie-to-conserve-energy/,-1.8409097640731817
ref-stablelm-base-alpha-3b-v2,nonmember,https://www.localsyr.com/news/national/solange-knowles-becomes-first-black-woman-to-compose-score-for-nyc-ballet/,-2.0342551993543343
ref-stablelm-base-alpha-3b-v2,nonmember,https://www.seattlepi.com/news/article/Electric-motorcycles-flood-Havana-amid-diesel-17313389.php,-2.5267297913304265
ref-stablelm-base-alpha-3b-v2,nonmember,https://www.wflx.com/prnewswire/2022/07/28/peoples-ltd-announces-second-quarter-results/,-1.613463994674603
ref-stablelm-base-alpha-3b-v2,nonmember,https://www.kwch.com/prnewswire/2022/07/18/el-car-wash-announces-acquisition-by-warburg-pincus/,-1.5556723026488604
ref-stablelm-base-alpha-3b-v2,nonmember,https://www.ourmidland.com/news/police_and_courts/article/Crime-log-Deputies-check-on-woman-hammering-17287324.php,0.14762389570176082
ref-stablelm-base-alpha-3b-v2,nonmember,https://www.kswo.com/prnewswire/2022/08/15/legal-bay-lawsuit-pre-settlement-funding-announces-expanded-funding-medical-malpractice-cases/,-1.9225136253251098
ref-stablelm-base-alpha-3b-v2,nonmember,https://www.wagmtv.com/prnewswire/2022/08/26/new-rally-house-store-joins-st-louis-market/,-1.929094207533444
ref-stablelm-base-alpha-3b-v2,nonmember,https://www.wistv.com/prnewswire/2022/06/02/rc-mowers-continues-successful-great-american-road-show-into-summer/,-1.8736409735091375
ref-stablelm-base-alpha-3b-v2,nonmember,https://www.wbay.com/prnewswire/2022/08/30/silicon-labs-present-citis-2022-global-technology-conference/,-1.3528462509690558
ref-stablelm-base-alpha-3b-v2,nonmember,https://www.cbs42.com/news/national/biden-officials-ending-international-travel-testing-requirement/,-1.9846248822403192
ref-stablelm-base-alpha-3b-v2,nonmember,https://abc7ny.com/bill-de-blasio-eric-adams-nyc-covid-coronavirus/12051747/,0.19523586500252144
ref-stablelm-base-alpha-3b-v2,nonmember,https://www.cenlanow.com/politics/ap-politics/jurors-weigh-mans-self-defense-claim-in-capitol-riot-trial/,-1.7798640984670855
ref-stablelm-base-alpha-3b-v2,nonmember,https://www.kbtx.com/prnewswire/2022/06/12/lg-energy-solution-sets-up-special-advisory-council-global-artificial-intelligence-experts/,-2.0382328851554425
ref-stablelm-base-alpha-3b-v2,nonmember,https://www.abc15.com/news/political/elections/campaign-finance-complaint-filed-against-boldings-nonprofit-group,0.42691922956781614
ref-stablelm-base-alpha-3b-v2,nonmember,https://www.kwch.com/prnewswire/2022/07/20/skf-half-year-report-2022-solid-growth-increasing-price-realization-helping-mitigate-high-cost-inflation/,-1.8454841183347446
ref-stablelm-base-alpha-3b-v2,nonmember,https://www.wflx.com/prnewswire/2022/07/21/cargolux-selects-777-8-freighter-preferred-replacement-747-400-fleet/,-1.5646223363083815
ref-stablelm-base-alpha-3b-v2,nonmember,https://www.twincities.com/2022/08/14/twins-cap-1-4-road-trip-with-loss-to-angels/,0.10123742821056614
ref-stablelm-base-alpha-3b-v2,nonmember,https://www.wlbt.com/2022/06/09/who-covid-origins-unclear-lab-leak-theory-needs-study/,-2.073268579691058
ref-stablelm-base-alpha-3b-v2,nonmember,https://www.beaumontenterprise.com/weather/article/TX-Fort-Worth-TX-Zone-Forecast-17334270.php,-0.16078948479109062
ref-stablelm-base-alpha-3b-v2,nonmember,https://www.wibw.com/prnewswire/2022/06/23/goodyear-further-demonstrates-its-commitment-corporate-responsibility-2021-report/,-1.5474277065121058
ref-stablelm-base-alpha-3b-v2,nonmember,https://www.kait8.com/prnewswire/2022/06/01/retailmenot-kicks-off-new-season-with-summer-savings/,-1.829680300512328
ref-stablelm-base-alpha-3b-v2,nonmember,https://www.mynews13.com/fl/orlando/ap-top-news/2022/08/13/climate-bill-could-coal-communities-shift-to-nuclear,-2.2582812214829078
ref-stablelm-base-alpha-3b-v2,nonmember,https://www.king5.com/article/entertainment/television/programs/evening/restaurants-with-views-western-washington/281-2d65797d-8884-4672-8893-e871d2aa32f4,0.6940681573260998
ref-stablelm-base-alpha-3b-v2,nonmember,https://www.kwch.com/prnewswire/2022/08/04/echostar-announces-financial-results-three-six-months-ended-june-30-2022/,-1.1744323040848652
ref-stablelm-base-alpha-3b-v2,nonmember,https://whyy.org/articles/strike-force-abortion-rights-new-jersey/,0.041929806149962
ref-stablelm-base-alpha-3b-v2,nonmember,https://www.weau.com/prnewswire/2022/07/26/zerosum-market-first-report-july-2022-automotive-new-used-ev-inventory-data-sales-forecasts/,-1.992340004392651
ref-stablelm-base-alpha-3b-v2,nonmember,https://www.ourmidland.com/weather/article/CA-WFO-SAN-FRANCISCO-BAY-AREA-Warnings-Watches-17313681.php,-1.5306580895861752
ref-stablelm-base-alpha-3b-v2,nonmember,https://www.kivitv.com/news/national-politics/can-democrats-pass-a-reconciliation-bill-this-month,-1.5212910047945165
ref-stablelm-base-alpha-3b-v2,nonmember,https://www.mrt.com/sports/article/L-A-Angels-Team-Stax-17199789.php,0.7867046664866577
ref-stablelm-base-alpha-3b-v2,nonmember,https://www.ksby.com/news/national/biden-administration-says-federal-law-preempts-state-abortion-bans-during-emergencies,-1.786118707026906
ref-stablelm-base-alpha-3b-v2,nonmember,https://www.mrt.com/sports/article/Minnesota-Team-Stax-17146420.php,0.8454304560173029
ref-stablelm-base-alpha-3b-v2,nonmember,https://www.mynews13.com/fl/orlando/news/2022/07/21/heard-depp-appeal-defamation,-1.6451206305256403
ref-stablelm-base-alpha-3b-v2,nonmember,https://pix11.com/sports/nfl/giants-2-0-for-first-time-in-6-years-beat-panthers-19-16/,-1.6687976941989286
ref-stablelm-base-alpha-3b-v2,nonmember,https://www.wbay.com/prnewswire/2022/07/06/improving-hiring-experience-candidates-employers-strategic-partnership-between-unicuspar-incipio-workforce-solutions/,-2.282121413629344
ref-stablelm-base-alpha-3b-v2,nonmember,https://www.cenlanow.com/national/how-much-covid-is-in-your-county-new-cdc-data-shows-local-spread-of-ba-2/,-1.8258832977229515
ref-stablelm-base-alpha-3b-v2,nonmember,https://www.kxlf.com/news/montana-news/economists-midyear-outlook-forecasts-changing-growth-trends-in-montana,0.14624803577397438
ref-stablelm-base-alpha-3b-v2,nonmember,https://www.orlandosentinel.com/sports/fl-sp-marlins-mets-sat-20220625-vqnzupwbejbilivaimq3276wte-story.html,-1.410503581518648
ref-stablelm-base-alpha-3b-v2,nonmember,https://www.sfgate.com/weather/article/TX-WFO-LUBBOCK-Warnings-Watches-and-Advisories-17206041.php,-1.1790256191907997
ref-stablelm-base-alpha-3b-v2,nonmember,https://www.nbcphiladelphia.com/news/coronavirus/schooling-in-a-pandemic/mask-up-philly-schools-once-again-requiring-face-masks-in-classrooms/3247866/,0.06257989135196995
ref-stablelm-base-alpha-3b-v2,nonmember,https://www.sfchronicle.com/weather/article/NY-WFO-BINGHAMTON-Warnings-Watches-and-17236967.php,-1.5728795701308935
ref-stablelm-base-alpha-3b-v2,nonmember,https://www.wagmtv.com/prnewswire/2022/07/12/jrw-realty-facilitates-purchase-scheels-great-falls-montana/,-1.9486137127633851
ref-stablelm-base-alpha-3b-v2,nonmember,https://www.wjhl.com/sports/us-world-sports/dodgers-kershaw-on-il-with-low-back-pain-taylor-activated/,-1.4186357673187562
ref-stablelm-base-alpha-3b-v2,nonmember,https://www.lcsun-news.com/story/news/local/2022/07/05/las-cruces-nmsu-host-fourth-of-july-celebration-concert-and-fireworks-show/65367322007/,0.539938706827304
ref-stablelm-base-alpha-3b-v2,nonmember,https://www.wkyt.com/prnewswire/2022/08/15/more-than-fast-jackery-set-unveil-new-flagship-product-ifa-2022/,-2.1480089880977924
ref-stablelm-base-alpha-3b-v2,nonmember,https://www.kbtx.com/2022/09/09/woman-trying-retrieve-phone-goes-over-68-foot-waterfall-survives/,-1.5374245054665947
ref-stablelm-base-alpha-3b-v2,nonmember,https://www.mysuncoast.com/prnewswire/2022/05/18/flogistix-expands-manufacturing-capabilities/,-1.9591679607518804
ref-stablelm-base-alpha-3b-v2,nonmember,https://www.wbay.com/prnewswire/2022/09/14/mcdonalds-open-speedee-labs-within-companys-chicago-global-headquarters/,-1.907802397815505
ref-stablelm-base-alpha-3b-v2,nonmember,https://www.kmvt.com/prnewswire/2022/08/22/american-medical-association-issues-technology-specific-cpt-code-figur8s-advanced-musculoskeletal-assessment-system/,-2.206442771932045
ref-stablelm-base-alpha-3b-v2,nonmember,https://www.orlandosentinel.com/sports/highschool/football/os-sp-hs-spring-football-lake-southwest-volusia-country-storylines-0425-20220424-cf2elvmdo5hkvfi65t3pjmzzs4-story.html,0.3588254075900732
ref-stablelm-base-alpha-3b-v2,nonmember,https://www.kxii.com/prnewswire/2022/09/07/centinel-spine-announces-first-commercial-use-prodisc-cervical-total-disc-replacement-portfolio-that-allows-disc-be-matched-patient-anatomy/,-2.010561516138826
ref-stablelm-base-alpha-3b-v2,nonmember,https://www.annistonstar.com/the_daily_home/dh_news/childersburg-man-accused-of-14-sex-offenses-involving-two-underage-girls/article_57604d0e-c1b5-11ec-9473-331d119cddf7.html,0.38521590721086296
ref-stablelm-base-alpha-3b-v2,nonmember,https://www.apr.org/science-health/2022-08-06/what-a-decade-of-curiosity-has-taught-us-about-life-on-mars,-2.003699912438365
ref-stablelm-base-alpha-3b-v2,nonmember,https://www.beaumontenterprise.com/news/article/Court-won-t-fast-track-Arizona-AG-s-election-17288849.php,-1.9976728042646281
ref-stablelm-base-alpha-3b-v2,nonmember,https://www.mysuncoast.com/prnewswire/2022/05/12/volpara-health-showcases-enhancements-its-integrated-breast-health-platform-sbi/,-0.8843027663340297
ref-stablelm-base-alpha-3b-v2,nonmember,https://wtmj.com/sports/2022/06/02/daz-camerons-hr-in-8th-lifts-surging-tigers-past-twins-3-2-4/,-1.672189306145111
ref-stablelm-base-alpha-3b-v2,nonmember,https://www.al.com/news/2022/09/911-anniversary-remembering-140-of-alabamas-fallen-soldiers.html,0.4105646570393364
ref-stablelm-base-alpha-3b-v2,nonmember,https://fox59.com/news/national-world/ap-international/germanys-scholz-g7-to-discuss-marshall-plan-for-ukraine/,-1.9453389747190533
ref-stablelm-base-alpha-3b-v2,nonmember,https://www.valleynewslive.com/prnewswire/2022/07/06/fcp-expands-multifamily-portfolio-colorado-with-55-million-acquisition-heights-huron-apartments-northglenn/,-1.9871456739805904
ref-stablelm-base-alpha-3b-v2,nonmember,https://www.wkyt.com/prnewswire/2022/05/31/lifebrand-adds-los-angeles-charger-austin-ekeler-new-equity-stakeholder-brand-ambassador/,-2.0971778848499083
ref-stablelm-base-alpha-3b-v2,nonmember,https://kion546.com/news/2022/07/16/mbs-hits-back-at-biden-after-the-president-confronts-saudi-prince-about-khashoggi/,-0.9637318612419223
ref-stablelm-base-alpha-3b-v2,nonmember,https://www.herald-dispatch.com/coronavirus/active-covid-cases-exceed-200-in-cabell-county/article_42226ce0-f15c-5952-8fdc-28a73bc19563.html,-0.5077668227673775
ref-stablelm-base-alpha-3b-v2,nonmember,https://www.abc10.com/article/news/national/shootings-expose-divisions-on-gun-issue-in-faith-communities-in-america/103-71e5f56c-c464-49d9-8744-cf63ced26be0,-2.1099587660329444
ref-stablelm-base-alpha-3b-v2,nonmember,https://www.wistv.com/prnewswire/2022/05/17/new-study-published-cell-reports-medicine-further-validates-potential-urolithin-supplementation-supporting-muscle-health/,-1.2366618872131405
ref-stablelm-base-alpha-3b-v2,nonmember,https://www.wagmtv.com/prnewswire/2022/04/26/richmond-american-enters-albuquerque-housing-market/,-1.2650158250905326
ref-stablelm-base-alpha-3b-v2,nonmember,https://www.krgv.com/news/aep-secures-leaning-pole-near-weslaco-home,0.4511256308547358
ref-stablelm-base-alpha-3b-v2,nonmember,https://www.wearegreenbay.com/reviews/br/health-wellness-br/supplements-br/best-prenatal-vitamin/,-1.6782782200621629
ref-stablelm-base-alpha-3b-v2,nonmember,https://www.wfmz.com/news/area/lehighvalley/lehigh-county-based-yourway-to-build-new-depot-in-ireland-to-serve-european-customers/article_654c2ea6-e654-11ec-b8ce-7724c11c5d90.html,0.3591362986447293
ref-stablelm-base-alpha-3b-v2,nonmember,https://tucson.com/saddlebag/arts-and-leisure/ready-to-give-meditation-a-try/article_0a714d1a-e2ba-11ec-8194-939e1179ef21.html,0.6739703682218257
ref-stablelm-base-alpha-3b-v2,nonmember,https://www.fox16.com/news/world-news/ap-international/hong-kong-burnishes-china-ties-as-luster-as-global-hub-fades/,-2.2399300494771537
ref-stablelm-base-alpha-3b-v2,nonmember,https://www.kalb.com/prnewswire/2022/09/01/sept-1-established-national-hotel-employee-day/,-1.4968174108203325
ref-stablelm-base-alpha-3b-v2,nonmember,https://www.cenlanow.com/national/impending-demise-of-roe-v-wade-puts-a-spotlight-on-a-major-privacy-risk-your-phone-reveals-more-about-you-than-you-think/,-2.5328726946715268
ref-stablelm-base-alpha-3b-v2,nonmember,https://www.wistv.com/prnewswire/2022/07/06/broadway-exchange-announces-formation-creative-council/,-1.9282122004442532
ref-stablelm-base-alpha-3b-v2,nonmember,https://www.fox29.com/news/monkeypox-what-you-should-know-as-the-disease-spreads-around-the-world,-0.7844703260230805
ref-stablelm-base-alpha-3b-v2,nonmember,https://www.ourmidland.com/sports/article/N-Y-Mets-Philadelphia-Runs-17387052.php,-0.9164928974012955
ref-stablelm-base-alpha-3b-v2,nonmember,https://www.wowktv.com/news/u-s-world/tips-for-helping-sensitive-ears-cope-with-fourth-of-july-firework-blasts/,-1.6851794959027213
ref-stablelm-base-alpha-3b-v2,nonmember,https://www.wlbt.com/prnewswire/2022/09/07/markel-announces-jed-rhoads-retire-president-chief-underwriting-officer-global-reinsurance-division/,-1.5129288598101398
ref-stablelm-base-alpha-3b-v2,nonmember,https://www.unionleader.com/news/scitech/nuclear-fusion-power-inches-closer-to-reality/article_b9aa3566-63d9-502b-8ec7-67be4cd661c3.html,0.6334244169438401
ref-stablelm-base-alpha-3b-v2,nonmember,https://www.koin.com/reviews/br/kitchen-br/pressure-slow-cookers-br/best-cheap-pressure-cooker/,-1.3342748589628097
ref-stablelm-base-alpha-3b-v2,nonmember,https://www.wsls.com/news/local/2022/08/10/liberty-university-hires-executive-search-firm-to-find-next-president/,0.20362395155184698
ref-stablelm-base-alpha-3b-v2,nonmember,https://aldianews.com/en/leadership/advocacy/financially-responsible,0.08820485432223713
ref-stablelm-base-alpha-3b-v2,nonmember,https://pantagraph.com/weather/update-flash-flood-warning-cancelled-for-mclean-county-severe-weather-threat-comes-to-an-end/article_6cd0a5ba-f4ed-11ec-9b6a-c32ede6ad122.html,-0.043533561942171506
ref-stablelm-base-alpha-3b-v2,nonmember,https://www.kmvt.com/2022/06/30/firework-bans-place-blaine-county-bellevue-ketchum/,0.30031533982469627
ref-stablelm-base-alpha-3b-v2,nonmember,https://www.wflx.com/prnewswire/2022/07/11/biomarin-presents-findings-studies-valoctocogene-roxaparvovec-investigational-gene-therapy-international-society-thrombosis-haemostasis-isth-2022-congress-july-9-12-including-4-oral-2-poster-presentations/,-1.4839862663598498
ref-stablelm-base-alpha-3b-v2,nonmember,https://catcountry1073.com/brigantine-nj-woman-charged-with-vehicular-homicide-for-2021-crash/,0.3905118482161054
ref-stablelm-base-alpha-3b-v2,nonmember,https://fox59.com/news/national-world/ap-us-news/drugmaker-teva-latest-to-settle-opioid-lawsuits-nationally/,-2.0288101118285953
ref-stablelm-base-alpha-3b-v2,nonmember,https://www.latimes.com/politics/story/2022-06-20/facebook-greitens-rino-hunting-video-violates-standards,-1.656599897590116
ref-stablelm-base-alpha-3b-v2,nonmember,https://www.wptv.com/news/treasure-coast/region-st-lucie-county/former-st-lucie-county-deputy-sentenced-to-7-years-behind-bars,0.20412101822004836
ref-stablelm-base-alpha-3b-v2,nonmember,https://www.washingtonpost.com/sports/auto-racing/fernando-alonso-to-join-f1-team-aston-martin-next-season/2022/08/01/3e77a440-117e-11ed-8482-06c1c84ce8f2_story.html,-1.8100203006287956
ref-stablelm-base-alpha-3b-v2,nonmember,https://www.krqe.com/sports/mlb-baseball/gallen-superb-on-mound-d-backs-beat-struggling-nats-10-1/,-1.52936113384674
ref-stablelm-base-alpha-3b-v2,nonmember,https://www.kold.com/prnewswire/2022/08/02/new-opportunity-quality-reporting-led-by-avalere-health-academy-nutrition-dietetics-will-improve-treatment-people-with-malnutrition/,-1.6114607945004344
ref-stablelm-base-alpha-3b-v2,nonmember,https://www.1011now.com/2022/07/06/amber-alert-issued-missing-15-year-old-girl-florida/,-1.3241591500739769
ref-stablelm-base-alpha-3b-v2,nonmember,https://www.kens5.com/article/sports/baseball/100-year-old-navy-veteran-gets-one-day-contract-with-buffalo-bisons/71-d7806cfc-04ee-4910-ba5f-c2ffd03b924a,0.043996707531923196
ref-stablelm-base-alpha-3b-v2,nonmember,https://www.krgv.com/gallery-videos/police-edinburg-woman-killed-in-crash-involving-tractor-trailer-in-mcallen,-0.3225649441145686
ref-stablelm-base-alpha-3b-v2,nonmember,https://www.wkyt.com/prnewswire/2022/08/18/lootmogul-aftermath-islands-metaverse-form-strategic-metaverse-multi-chain-partnership-global-sports-fans/,-0.24684489593382986
ref-stablelm-base-alpha-3b-v2,nonmember,https://www.kfyrtv.com/prnewswire/2022/05/31/xian-china-seeing-past-present-across-millennia-culture-tourism-innovation-animates-new-forms-consumption/,-2.427559440408694
ref-stablelm-base-alpha-3b-v2,nonmember,https://www.kmvt.com/prnewswire/2022/08/11/medical-innovation-challenge-announces-contenders-200000-award/,-2.484928396812656
ref-stablelm-base-alpha-3b-v2,nonmember,https://www.seattlepi.com/news/article/Men-women-split-on-equity-gains-since-Title-IX-17242422.php,-1.8802839201221477
ref-stablelm-base-alpha-3b-v2,nonmember,https://www.wkyt.com/prnewswire/2022/05/25/arlington-asset-investment-corp-declares-second-quarter-2022-dividends-preferred-stock/,-0.9763467023171469
ref-stablelm-base-alpha-3b-v2,nonmember,https://www.wagmtv.com/prnewswire/2022/06/07/does-auto-industry-have-an-electric-vehicle-generation-gap/,-1.5938924712477287
ref-stablelm-base-alpha-3b-v2,nonmember,https://www.kmvt.com/prnewswire/2022/09/06/imax-names-jennifer-horsley-senior-vice-president-investor-relations/,-1.5995533489878355
ref-stablelm-base-alpha-3b-v2,nonmember,https://www.wktv.com/sports/comets-stunned-by-amerks-at-home-calder-cup-run-comes-to-a-close/article_911eb866-d7ed-11ec-bab7-17d55f456fda.html,0.2776718904838833
ref-stablelm-base-alpha-3b-v2,nonmember,https://www.fox16.com/news/national-news/hawley-vows-to-vote-no-on-adding-sweden-and-finland-to-nato/,-1.9567842221910312
ref-stablelm-base-alpha-3b-v2,nonmember,https://www.1011now.com/prnewswire/2022/08/31/ppk-kicks-off-tastykake-relationship-with-back-to-school-campaign/,-2.068356075971746
ref-stablelm-base-alpha-3b-v2,nonmember,https://www.wflx.com/prnewswire/2022/08/11/remote-work-requires-redesigned-enterprise-network-improved-security-connectivity-says-info-tech-research-group/,-2.3336562491919928
ref-stablelm-base-alpha-3b-v2,nonmember,https://www.wfmz.com/news/pr_newswire/pr_newswire_pennsylvania/power-home-remodeling-announces-travel-and-lodging-reimbursement-as-part-of-newly-enhanced-employee-health/article_ba76941a-1406-54ca-86f4-ee24ecf9af71.html,-1.7309729284553523
ref-stablelm-base-alpha-3b-v2,nonmember,https://www.wafb.com/prnewswire/2022/06/29/3spine-inc-completes-first-us-surgeries/,-1.4539348015357079
ref-stablelm-base-alpha-3b-v2,nonmember,https://www.wafb.com/prnewswire/2022/07/20/equable-institute-analysis-finds-state-municipal-pension-funds-facing-largest-single-year-decline-funded-ratio-since-great-recession/,-2.02989332167521
ref-stablelm-base-alpha-3b-v2,nonmember,https://www.valleynewslive.com/prnewswire/2022/07/06/clorox-announces-aug-3-webcast-fourth-quarter-fiscal-year-2022-results/,-1.4227726498092783
ref-stablelm-base-alpha-3b-v2,nonmember,https://www.sfchronicle.com/sports/article/Bay-Area-sports-calendar-June-7-8-17223848.php,1.6694324510116099
ref-stablelm-base-alpha-3b-v2,nonmember,https://phl17.com/reviews/br/kitchen-br/utensils-gadgets-br/best-marble-mortar-and-pestle/,-1.6140657397203606
ref-stablelm-base-alpha-3b-v2,nonmember,https://www.seattletimes.com/sports/bautista-agut-wins-11th-career-atp-title-in-kitzbuhel/?utm_source=RSS&utm_medium=Referral&utm_campaign=RSS_all,-1.0848898316245177
ref-stablelm-base-alpha-3b-v2,nonmember,https://www.myarklamiss.com/news/international/sweden-2-wounded-in-shopping-center-shooting/,-1.8737017131762461
ref-stablelm-base-alpha-3b-v2,nonmember,https://www.ksn.com/sports/ap-sports/korda-set-to-defend-title-at-womens-pga-championship/,-1.8728037911109872
ref-stablelm-base-alpha-3b-v2,nonmember,https://www.seattlepi.com/sports/article/Rodr-guez-HR-again-3-run-shot-in-7th-Mariners-17333647.php,-1.5000597431655258
ref-stablelm-base-alpha-3b-v2,nonmember,https://www.wsaz.com/prnewswire/2022/07/19/optimism-construction-industry-growth-remains-high-its-digital-transformation-success-hinges-human-centric-implementation-outlook-says/,-2.221570705459319
ref-stablelm-base-alpha-3b-v2,nonmember,https://www.kmvt.com/prnewswire/2022/09/13/pasturebird-unveils-new-packaging-launches-into-retail-2022-natural-products-expo-east/,-1.8284612713353898
ref-stablelm-base-alpha-3b-v2,nonmember,https://www.cenlanow.com/national/ap-hearing-to-determine-if-missouri-boarding-school-will-close/,-2.219980230726184
ref-stablelm-base-alpha-3b-v2,nonmember,https://www.wkyt.com/prnewswire/2022/08/25/ardagh-announces-approval-science-based-targets-reduce-greenhouse-gas-emissions/,-1.5502864159763958
ref-stablelm-base-alpha-3b-v2,nonmember,https://wgntv.com/news/south-suburbs/second-tornado-confirmed-in-saturday-mornings-severe-weather/,0.12498934845920529
ref-stablelm-base-alpha-3b-v2,nonmember,https://www.seattletimes.com/nation-world/nation-politics/us-says-airstrikes-in-syria-intended-to-send-message-to-iran/?utm_source=RSS&utm_medium=Referral&utm_campaign=RSS_all,-2.095815241961329
ref-stablelm-base-alpha-3b-v2,nonmember,https://www.apr.org/politics-government/politics-government/2022-07-26/a-democratic-ad-in-a-michigan-race-is-the-latest-instance-of-meddling-in-a-gop-primary,-1.679625113058902
ref-stablelm-base-alpha-3b-v2,nonmember,https://www.yourcentralvalley.com/news/u-s-world/night-of-terror-women-raped-groped-after-indiana-jailer-sold-access-to-their-housing-for-1000-lawsuits-claim/,-1.7124126080877402
ref-stablelm-base-alpha-3b-v2,nonmember,https://www.myarklamiss.com/news/national-news/ap-missouri-boarding-school-can-remain-open-with-oversight/,-2.2754369011239532
ref-stablelm-base-alpha-3b-v2,nonmember,https://cw33.com/news/nexstar-media-wire/should-you-get-the-monkeypox-vaccine/,-1.629360776234184
ref-stablelm-base-alpha-3b-v2,nonmember,https://www.kxii.com/prnewswire/2022/07/26/aci-mechanical-hvac-sales-announces-new-partnership-with-yaskawa/,-2.257841312917719
ref-stablelm-base-alpha-3b-v2,nonmember,https://www.ourmidland.com/news/article/Former-Chicago-high-school-basketball-star-gunned-17333310.php,-1.1751103150513451
ref-stablelm-base-alpha-3b-v2,nonmember,https://www.dakotanewsnow.com/2022/05/30/1-missing-1-dead-11-hospitalized-after-boat-capsizes-colorado/,-1.8984958449686224
ref-stablelm-base-alpha-3b-v2,nonmember,https://www.kfyrtv.com/prnewswire/2022/06/27/enlightened-embraces-whimsical-ice-cream-flavors-with-rebrand/,-1.8540976611171125
ref-stablelm-base-alpha-3b-v2,nonmember,https://www.wafb.com/prnewswire/2022/08/18/nj-propane-gas-association-highlights-omissions-assumptions-emp-cost-report-calls-full-disclosure-all-cost-factors-including-capital-operating-subsidies/,-2.2318749690800073
ref-stablelm-base-alpha-3b-v2,nonmember,https://www.kold.com/prnewswire/2022/09/08/miro-bolsters-executive-team-with-appointment-hollie-castro-chief-people-officer/,-1.3568147723610273
ref-stablelm-base-alpha-3b-v2,nonmember,https://richmond.com/news/local/govt-and-politics/grtc-to-purchase-19-new-buses-build-new-vehicle-facility-with-11m-in-federal-funding/article_0a6c08eb-1ad4-55a3-a514-3fe5a1edb471.html,0.3338565652984373
ref-stablelm-base-alpha-3b-v2,nonmember,https://www.wane.com/dont-miss/careless-and-reckless-video-shows-youtuber-crashing-plane-on-purpose-faa-says/,-1.962539425757488
ref-stablelm-base-alpha-3b-v2,nonmember,https://fox59.com/news/national-world/ap-us-news/ap-epa-to-designate-forever-chemicals-as-hazardous-substances/,-1.9157067225287527
ref-stablelm-base-alpha-3b-v2,nonmember,https://www.kivitv.com/news/national/no-one-hits-mega-millions-jackpot-pushes-fridays-top-prize-to-630-million,-1.753345283887044
ref-stablelm-base-alpha-3b-v2,nonmember,https://www.cleveland19.com/prnewswire/2022/09/02/healogics-is-raising-awareness-peripheral-artery-disease-healing-chronic-wounds-during-september/,-1.9348288978485724
ref-stablelm-base-alpha-3b-v2,nonmember,https://www.kait8.com/prnewswire/2022/06/21/kenon-announces-court-approval-capital-reduction-record-date-other-information-relating-distribution-shareholders/,-1.2350196006901981
ref-stablelm-base-alpha-3b-v2,nonmember,https://www.mrt.com/sports/article/Detroit-Team-Stax-17237365.php,0.9929939836876005
ref-stablelm-base-alpha-3b-v2,nonmember,https://www.providencejournal.com/story/news/education/2022/06/27/bristol-principal-deb-dibiase-mount-hope-high-school-moved-central-office/7745497001/,0.25882250973454646
ref-stablelm-base-alpha-3b-v2,nonmember,https://pix11.com/tiktok/,-0.07962803029091559
ref-stablelm-base-alpha-3b-v2,nonmember,https://pantagraph.com/news-6-18-22/article_9fd5455e-ed0b-11ec-9e9a-bbce69da2384.html,0.07987875704751035
ref-stablelm-base-alpha-3b-v2,nonmember,https://kion546.com/entertainment/cnn-entertainment/2022/06/10/first-kill-stakes-out-another-teen-vampire-love-story-without-much-bite/,-0.1134168936991582
ref-stablelm-base-alpha-3b-v2,nonmember,https://www.wafb.com/prnewswire/2022/07/07/igt-celebrates-15-years-environmental-social-governance-excellence-with-publication-2021-sustainability-report/,-1.397110752104676
ref-stablelm-base-alpha-3b-v2,nonmember,https://www.registerguard.com/story/opinion/columns/2022/08/28/oregon-workers-need-the-snake-river-dams-kate-brown/65418491007/,0.4733930996328115
ref-stablelm-base-alpha-3b-v2,nonmember,https://www.kfyrtv.com/prnewswire/2022/06/20/code-ninjas-offers-summer-camps-beat-summer-boredom/,-1.4723936751880162
ref-stablelm-base-alpha-3b-v2,nonmember,https://www.kold.com/2022/05/18/house-voting-domestic-terrorism-bill-after-buffalo-attack/,-2.1083431195826585
ref-stablelm-base-alpha-3b-v2,nonmember,https://www.springfieldnewssun.com/news/ohio/marshall-university-in-wva-extends-lower-rates-to-wider-area/LYGJ2OWR45D4XCEKPZ3MRRI3TM/,-1.3866176524386162
ref-stablelm-base-alpha-3b-v2,nonmember,https://www.wistv.com/2022/07/30/court-70-year-old-indicted-capital-murder-charges-alabama-church-triple-slaying/,-1.8024959514753998
ref-stablelm-base-alpha-3b-v2,nonmember,https://www.kfyrtv.com/prnewswire/2022/07/04/fx168-financial-group-hold-vancouver-international-financial-summit-vifs-2022-september-2-3/,-2.1655733243569983
ref-stablelm-base-alpha-3b-v2,nonmember,https://www.wdtn.com/news/politics/ap-politics/trumps-turbulent-white-house-years-culminate-in-fla-search/,-2.1341915992246605
ref-stablelm-base-alpha-3b-v2,nonmember,https://www.kark.com/sports/golf/crocker-eagles-last-to-take-2-shot-lead-at-hero-open-2/,-1.8938509560372692
ref-stablelm-base-alpha-3b-v2,nonmember,https://www.sfgate.com/weather/article/TX-WFO-MIDLAND-ODESSA-Warnings-Watches-and-17378373.php,-1.6733261210775618
ref-stablelm-base-alpha-3b-v2,nonmember,https://www.kfyrtv.com/prnewswire/2022/07/18/forty51-ventures-announces-first-close-fund-i-its-first-investment/,-1.3614896452540848
ref-stablelm-base-alpha-3b-v2,nonmember,https://www.bangordailynews.com/2022/08/29/news/aroostook/red-cross-diverse-blood-donors-joam40zk0w/,0.4047554217153153
ref-stablelm-base-alpha-3b-v2,nonmember,https://www.mysuncoast.com/prnewswire/2022/08/01/media-advisory-roadkill-nights-powered-by-dodge-returns-woodward-avenue-legal-street-drag-racing-dodge-direct-connection-grudge-race/,-1.8190121366386645
ref-stablelm-base-alpha-3b-v2,nonmember,https://www.pahomepage.com/news/national-news/supreme-court-sides-with-praying-coach-in-washington-state/,-2.0192665241898706
ref-stablelm-base-alpha-3b-v2,nonmember,https://www.sfchronicle.com/news/article/Sri-Lanka-president-s-brother-quits-Parliament-17229981.php,-1.8496071927106297
ref-stablelm-base-alpha-3b-v2,nonmember,https://www.wsaz.com/prnewswire/2022/08/03/rosewood-hotels-amp-resorts-announces-rosewood-residences-beverly-hills/,-1.6963078117679085
ref-stablelm-base-alpha-3b-v2,nonmember,https://www.mrt.com/news/article/Judge-rules-against-required-coverage-of-HIV-17425575.php,-2.1280014044967257
ref-stablelm-base-alpha-3b-v2,nonmember,https://www.dakotanewsnow.com/prnewswire/2022/09/07/braven-launches-city-college-new-york/,-2.269258237082003
ref-stablelm-base-alpha-3b-v2,nonmember,https://www.ksn.com/sports/condoleezza-rice-added-to-new-broncos-ownership-group/,-1.4878954434662914
ref-stablelm-base-alpha-3b-v2,nonmember,https://shepherdexpress.com/news/features/medicaid-expansion-funds-could-help-raise-the-quality-of-wis/,0.47683880496338027
ref-stablelm-base-alpha-3b-v2,nonmember,https://www.wmur.com/article/maura-murray-search-new-hampshire-71422/40613277,0.2837829361843869
ref-stablelm-base-alpha-3b-v2,nonmember,https://www.wflx.com/prnewswire/2022/05/20/lear-acquire-ig-bauerhin-global-leader-seat-climate-control/,-1.7698397430594772
ref-stablelm-base-alpha-3b-v2,nonmember,https://www.seattlepi.com/news/article/VCU-reaches-settlement-with-family-of-hazing-17450272.php,-1.969623906439076
ref-stablelm-base-alpha-3b-v2,nonmember,https://www.kmvt.com/2022/09/02/jane-fonda-says-she-has-cancer-is-dealing-well-with-chemo/,-1.596112702343964
ref-stablelm-base-alpha-3b-v2,nonmember,https://www.wibw.com/prnewswire/2022/07/13/sk-ii-world-pitera-day-celebrating-skincare-icon/,-1.9863589067842307
ref-stablelm-base-alpha-3b-v2,nonmember,https://www.foxnews.com/sports/avalanche-advance-2nd-round-sweep-predators,-1.8654904760888757
ref-stablelm-base-alpha-3b-v2,nonmember,https://www.wfmz.com/news/pr_newswire/pr_newswire_entertainment/poly-identifies-twelve-considerations-for-navigating-hybrid-working/article_6fb0c316-1877-52d2-9769-a0bcbe7e487a.html,-2.1523204940401923
ref-stablelm-base-alpha-3b-v2,nonmember,http://klax-tv.com/protestors-rally-after-overturning-of-roe-vs-wade/?utm_source=rss&utm_medium=rss&utm_campaign=protestors-rally-after-overturning-of-roe-vs-wade,-0.04539365125782879
ref-stablelm-base-alpha-3b-v2,nonmember,https://www.wearegreenbay.com/news/national/lunchflation-means-the-cost-of-your-meal-is-going-up/,-2.2304896032582575
ref-stablelm-base-alpha-3b-v2,nonmember,https://www.wtvq.com/update-the-death-toll-rises-to-28-people-after-flooding-in-ky/,0.11073207849993305
ref-stablelm-base-alpha-3b-v2,nonmember,https://www.wfmz.com/news/pr_newswire/pr_newswire_food_beverages/aw-nutrition-ceo-felipe-guevara-bringing-the-superfoods-and-exotic-fruits-of-ecuador-to-the/article_3c43aa98-79c4-5807-8431-583dc5b1a03b.html,0.4261535543638799
ref-stablelm-base-alpha-3b-v2,nonmember,https://www.yourbasin.com/sports/case-of-slain-puerto-rican-boxer-macho-camacho-crumbles/,-2.119484142693506
ref-stablelm-base-alpha-3b-v2,nonmember,https://www.foxnews.com/sports/cubs-christopher-morel-first-career-home-run-major-league-debut,0.1939624746368338
ref-stablelm-base-alpha-3b-v2,nonmember,https://www.yourbasin.com/reviews/br/sports-fitness-br/baseball-softball-br/best-new-balance-baseball-cleats/,-1.53998969309832
ref-stablelm-base-alpha-3b-v2,nonmember,https://www.texomashomepage.com/news/business/asian-shares-sink-after-inflation-driven-retreat-on-wall-st/,-2.0962957947297363
ref-stablelm-base-alpha-3b-v2,nonmember,https://www.seattlepi.com/weather/article/NY-WFO-ALBANY-Warnings-Watches-and-Advisories-17390891.php,-1.5930663789635535
ref-stablelm-base-alpha-3b-v2,nonmember,https://www.kbtx.com/2022/09/12/us-takes-aim-some-trump-offshore-safety-rule-rollbacks/,-2.1934064870803818
ref-stablelm-base-alpha-3b-v2,nonmember,https://www.kark.com/news/national/feds-9-indicted-in-mafia-led-racket-including-detective/,-2.2087220863975
ref-stablelm-base-alpha-3b-v2,nonmember,https://www.pahomepage.com/news/protesters-and-supporters-emerge-amid-trumps-arrival/,0.26589443466622065
ref-stablelm-base-alpha-3b-v2,nonmember,https://www.beaumontenterprise.com/sports/article/Grant-becomes-1st-female-golfer-to-win-on-17236435.php,-2.1152567978664436
ref-stablelm-base-alpha-3b-v2,nonmember,https://www.wcjb.com/prnewswire/2022/06/13/mnemo-therapeutics-launches-rhu-project-collaboration-with-leading-european-research-partners-institut-curie-meary-cell-gene-therapy-center-ap-hp/,-2.030170396210048
ref-stablelm-base-alpha-3b-v2,nonmember,https://www.kait8.com/prnewswire/2022/07/20/icims-introduces-enhanced-labor-market-data-advisory-offerings/,-1.8456886225636748
ref-stablelm-base-alpha-3b-v2,nonmember,https://wtmj.com/national/2022/05/07/jill-biden-hears-heartbreak-of-ukrainian-moms-now-in-romania-3/,-1.8725833767504738
ref-stablelm-base-alpha-3b-v2,nonmember,https://tucson.com/sports/pac-12-hotline/pac-12-hotline-mailbag-wsu-and-osu-on-the-brink-ucla-s-compliance-with-ab/article_8e04f602-feeb-11ec-861c-c737c75d9cdb.html,-0.10007353985977341
ref-stablelm-base-alpha-3b-v2,nonmember,https://www.abc10.com/article/life/bisexual-visibility-erasure-and-stigmas-pride-month-june-2022/65-4fefdf91-f5f1-43a7-b13f-e2eed5e64648,0.39137497504519914
ref-stablelm-base-alpha-3b-v2,nonmember,https://www.kvue.com/article/entertainment/entertainment-tonight/jo-koy-addresses-chelsea-handler-split-says-the-love-is-still-there/603-29e7659b-720e-4a11-bac7-ba4665a25fa4,-0.17464593769894865
ref-stablelm-base-alpha-3b-v2,nonmember,https://www.ksn.com/news/national-world/ap-international/kremlin-critic-navalny-says-hes-in-solitary-confinement/,-2.2980755310437955
ref-stablelm-base-alpha-3b-v2,nonmember,https://www.kfyrtv.com/prnewswire/2022/06/01/nulogy-appoints-retail-technology-leader-rosemary-hua-board-directors/,-1.9846966286563663
ref-stablelm-base-alpha-3b-v2,nonmember,https://wtmj.com/sports/2022/09/05/ohtani-trout-power-angels-to-10-0-win-over-tigers-2/,-1.0052637129657631
ref-stablelm-base-alpha-3b-v2,nonmember,https://www.kenoshanews.com/death-notice/article_d8c452fc-2879-11ed-aa02-3b5b7a4e0fb2.html,-0.46853644182435206
ref-stablelm-base-alpha-3b-v2,nonmember,https://www.unionleader.com/sports/nadal-calls-wimbledon-ban-on-russian-and-belarusian-players-unfair/article_370be346-6de2-54d0-a254-f699adf65f79.html,-1.3276822409442066
ref-stablelm-base-alpha-3b-v2,nonmember,https://www.wibw.com/prnewswire/2022/06/27/realsee-helping-revive-tourism-win-new-business/,-2.6927442566168134
ref-stablelm-base-alpha-3b-v2,nonmember,https://www.kold.com/2022/08/09/200-year-old-tree-explodes-because-oregon-heat-wave-expert-says/,-2.0521000935380522
ref-stablelm-base-alpha-3b-v2,nonmember,https://www.wkyt.com/2022/08/15/purported-thief-leaves-flyers-asking-donations-stop-stealing/,-2.085349610738813
ref-stablelm-base-alpha-3b-v2,nonmember,https://www.sfchronicle.com/news/article/Alert-Congo-s-military-blames-Rwanda-after-M23-17238656.php,1.1582059333676225
ref-stablelm-base-alpha-3b-v2,nonmember,https://www.sfgate.com/weather/article/TX-WFO-HOUSTON-GALVESTON-Warnings-Watches-and-17396173.php,-1.5411353659076537
ref-stablelm-base-alpha-3b-v2,nonmember,https://www.delawareonline.com/story/news/2022/06/10/gas-prices-have-breached-5-and-theyre-not-stopping-there/10003703002/,0.2841538610575234
ref-stablelm-base-alpha-3b-v2,nonmember,https://www.latimes.com/food/newsletter/2022-07-24/cooking-cold-recipes-for-hot-weather-cooking-editorial,0.6229399731646135
ref-stablelm-base-alpha-3b-v2,nonmember,https://www.wric.com/reviews/br/kitchen-br/microwaves-br/best-panasonic-microwave/,-1.668328048564935
ref-stablelm-base-alpha-3b-v2,nonmember,https://www.dakotanewsnow.com/prnewswire/2022/07/18/nel-asa-receives-record-size-purchase-order-200-mw-alkaline-electrolyser-equipment/,-1.9827289061252285
ref-stablelm-base-alpha-3b-v2,nonmember,https://www.ktre.com/prnewswire/2022/07/05/cupshe-collaborates-with-model-amp-body-positive-advocate-tabria-majors-first-plus-size-collection/,-0.6909133558343299
ref-stablelm-base-alpha-3b-v2,nonmember,https://www.wvpublic.org/2022-07-30/marcus-jades-tiny-desk-contest-entry-legs-and-bones-speaks-to-his-resilience,-2.2735561704698406
ref-stablelm-base-alpha-3b-v2,nonmember,https://www.wfmz.com/news/pr_newswire/pr_newswire_automotive/settlement-reached-with-occupant-safety-systems-manufacturer-in-price-fixing-class-action-lawsuit/article_1119d775-14ce-5c3c-8293-aa7bfd8df60c.html,-1.5295214161517208
ref-stablelm-base-alpha-3b-v2,nonmember,https://www.latimes.com/entertainment-arts/movies/story/2022-06-10/bryce-dallas-howard-jurassic-world-dominion-star-wars,0.2444212768817997
ref-stablelm-base-alpha-3b-v2,nonmember,https://www.wisn.com/article/jimmy-kimmel-joke-during-quinta-brunsons-emmy-acceptance-miffed-some-viewers-heres-what-happened/41184455,-0.9591252162385482
ref-stablelm-base-alpha-3b-v2,nonmember,https://www.mrt.com/business/article/Sunrun-CEO-Powell-sees-need-for-more-rooftop-solar-17389114.php,-2.211318038543155
ref-stablelm-base-alpha-3b-v2,nonmember,https://www.kgw.com/article/news/verify/government-verify/congress-not-exempt-from-irs-audits-fact-check/536-1586c78c-445a-491a-b0db-2a44345f7995,-1.7999523014526067
ref-stablelm-base-alpha-3b-v2,nonmember,https://kion546.com/news/2022/06/09/european-central-bank-confirms-plans-for-first-rate-hike-in-11-years/,-0.03305760422649051
ref-stablelm-base-alpha-3b-v2,nonmember,https://www.seattlepi.com/news/article/North-Carolina-ferries-hit-by-COVID-19-17194651.php,-1.5859157117319085
ref-stablelm-base-alpha-3b-v2,nonmember,https://www.kmvt.com/prnewswire/2022/06/10/states-united-prevent-gun-violence-launches-psa-campaign/,-2.0139809896724112
ref-stablelm-base-alpha-3b-v2,nonmember,https://wcfcourier.com/news/national/ap-news-summary-at-8-12-a-m-edt/article_df3f2387-6642-5d5d-b66b-1de8ebe186e0.html,-1.794172216000547
ref-stablelm-base-alpha-3b-v2,nonmember,https://www.sfchronicle.com/entertainment/article/Director-Haggis-appears-in-Italy-court-amid-17257342.php,-1.6888492633386396
ref-stablelm-base-alpha-3b-v2,nonmember,https://abc30.com/rare-disease-bacteria-in-usa-germs/12078822/,-1.837035872455706
ref-stablelm-base-alpha-3b-v2,nonmember,https://www.yourbasin.com/health-2/ap-health/spain-leads-europe-in-monkeypox-struggles-to-check-spread/,-2.3194274818987792
ref-stablelm-base-alpha-3b-v2,nonmember,https://cw33.com/news/international/ap-international/a-brief-history-of-the-rise-fall-of-sri-lankas-president/,-1.9565136523046645
ref-stablelm-base-alpha-3b-v2,nonmember,https://www.kxii.com/prnewswire/2022/06/29/dropi-revives-1000-year-old-icelandic-tradition-cod-liver-oil-health/,-2.2045085607964605
ref-stablelm-base-alpha-3b-v2,nonmember,https://www.fox43.com/article/travel/what-expect-labor-day-weekend-travels-harrisburg-interantional-airport-gas-prices/521-e543c9db-4cf5-4115-9332-de87a26bc6f3,0.10945021506710084
ref-stablelm-base-alpha-3b-v2,nonmember,https://www.kgw.com/article/news/education/joey-harrington-foundation-oregon-future-leaders-scholarship/283-4e627e75-331a-4101-887f-79ee31b8c47f,0.26129175195021315
ref-stablelm-base-alpha-3b-v2,nonmember,https://www.valleynewslive.com/prnewswire/2022/08/30/porsche-consulting-inc-appoints-gregor-harman-next-chief-executive-officer/,-1.503548337165113
ref-stablelm-base-alpha-3b-v2,nonmember,https://www.dakotanewsnow.com/prnewswire/2022/09/06/protocol-test-system-approved-by-usb-if-usb-power-delivery-usb-type-c-usb-32-link-layer-compliance-testing/,-1.8467016982019206
ref-stablelm-base-alpha-3b-v2,nonmember,https://www.wjhl.com/reviews/8-best-cedar-raised-garden-beds/,-1.9946712910839834
ref-stablelm-base-alpha-3b-v2,nonmember,https://www.kfyrtv.com/prnewswire/2022/08/16/horatio-continues-expansion-opens-bigger-office-new-york-city/,-2.175627040358035
ref-stablelm-base-alpha-3b-v2,nonmember,https://www.weau.com/prnewswire/2022/08/24/asieris-pharmaceuticals-688176sh-issued-2022-semi-annual-report-accelerated-global-clinical-development-progressive-implementation-its-integrated-diagnosis-treatment-commercialization-strategy/,-2.0621195243936143
ref-stablelm-base-alpha-3b-v2,nonmember,https://www.eonline.com/news/1341765/back-to-school-fashion-trends?cmpid=rss-000000-rssfeed-365-topstories&utm_source=eonline&utm_medium=rssfeeds&utm_campaign=rss_topstories,0.6115780764473295
ref-stablelm-base-alpha-3b-v2,nonmember,https://www.seattletimes.com/nation-world/world/us-navy-iran-have-tense-encounter-in-strait-of-hormuz/?utm_source=RSS&utm_medium=Referral&utm_campaign=RSS_nation-world,-2.0971998893536132
ref-stablelm-base-alpha-3b-v2,nonmember,https://www.wafb.com/prnewswire/2022/08/25/west-michigan-international-opens-michigans-first-public-commercial-vehicle-charging-station/,-2.100365611825312
ref-stablelm-base-alpha-3b-v2,nonmember,https://www.springfieldnewssun.com/nation-world/explainer-what-to-know-ahead-of-swedens-election-sunday/TNMIGWXLVVDVTMQYOZAKVZLSDM/,-2.0659545769062566
ref-stablelm-base-alpha-3b-v2,nonmember,https://www.wistv.com/2022/04/06/mcmaster-weighs-war-crimes-ukraine-invasion/,-0.07580235189316609
ref-stablelm-base-alpha-3b-v2,nonmember,https://www.weau.com/prnewswire/2022/07/15/pandamonium-tyga-rich-kid-las-vegas-august-13th/,-2.251835081534993
ref-stablelm-base-alpha-3b-v2,nonmember,https://www.beaumontenterprise.com/news/article/More-than-1-million-voters-switch-to-GOP-in-17267385.php,-2.2557557325202544
ref-stablelm-base-alpha-3b-v2,nonmember,https://www.wbay.com/prnewswire/2022/07/12/lendingtree-unveils-reimagined-customer-experience/,-1.8841965968234637
ref-stablelm-base-alpha-3b-v2,nonmember,https://www.ourmidland.com/news/article/Police-report-describes-Vagos-bikers-ambush-by-17210792.php,-2.057339309670329
ref-stablelm-base-alpha-3b-v2,nonmember,https://www.wfaa.com/article/news/local/texas/disney-hulu-netflix-owe-texas-cities-money-in-unpaid-fees/269-c084b97c-68ef-408b-851e-c2c34440509b,-0.6500567090363885
ref-stablelm-base-alpha-3b-v2,nonmember,https://www.golfchannel.com/news/greg-norman-promises-defend-players-who-bolt-liv-serie,-0.4361783189550037
ref-stablelm-base-alpha-3b-v2,nonmember,https://www.wbtv.com/prnewswire/2022/09/06/scte-cable-tec-expo-2022-general-session-unveiled/,-2.017210172123157
ref-stablelm-base-alpha-3b-v2,nonmember,https://cw33.com/reviews/best-swinging-camping-chair/,-1.5914785549364299
ref-stablelm-base-alpha-3b-v2,nonmember,https://www.koin.com/news/ap-top-headlines/revolutionary-high-court-term-on-abortion-guns-and-more/,-2.3974573600066553
ref-stablelm-base-alpha-3b-v2,nonmember,https://www.cleveland19.com/prnewswire/2022/07/18/k11s-first-flagship-project-chinese-mainland-officially-named-k11-ecoast-creating-new-harbourfront-cultural-retail-destination-greater-bay-area/,-2.15610108947768
ref-stablelm-base-alpha-3b-v2,nonmember,https://globegazette.com/snoopy/article_255b6f4d-459f-5224-bf72-d7978d83ba6b.html,0.1880334304834297
ref-stablelm-base-alpha-3b-v2,nonmember,https://www.5newsonline.com/article/news/nation-world/warning-abortion-ruling-increase-extremist-violence-nationwide/507-cc149007-26bb-4d1a-8a88-aa905c3ff520,-2.2868517057935125
ref-stablelm-base-alpha-3b-v2,nonmember,https://phl17.com/reviews/br/kitchen-br/tea-equipment-br/best-tea-organizer/,-1.609553143148662
ref-stablelm-base-alpha-3b-v2,nonmember,https://www.csmonitor.com/World/Asia-South-Central/2022/0829/No-more-social-death-In-India-villages-urge-compassion-for-widows?icid=rss,0.33896168856770625
ref-stablelm-base-alpha-3b-v2,nonmember,https://www.wfla.com/hill-politics/biden-white-house-officials-get-involved-in-railway-talks-in-bid-to-avert-strike/,-2.0659578406200603
ref-stablelm-base-alpha-3b-v2,nonmember,https://www.cenlanow.com/national/here-are-the-14-gop-senators-who-voted-to-advance-gun-safety-bill/,-1.1834426328360907
ref-stablelm-base-alpha-3b-v2,nonmember,https://www.sfgate.com/news/article/Female-CEO-s-pay-rose-26-in-2021-but-ranks-17200206.php,-1.992889359987269
ref-stablelm-base-alpha-3b-v2,nonmember,https://www.sfgate.com/news/article/NYC-mayor-Investigate-Giuliani-for-false-slap-17272750.php,-1.927976620692642
ref-stablelm-base-alpha-3b-v2,nonmember,https://www.albanyherald.com/features/health/public-health-leaders-blast-biden-administration-for-inadequate-monkeypox-response/article_e2846f48-f2a3-5f01-b5f5-2dad1b981896.html,-0.95722741701348
ref-stablelm-base-alpha-3b-v2,nonmember,https://www.kold.com/prnewswire/2022/09/12/overview-honda-exhibits-28th-its-world-congress-2022/,-2.196132160168585
ref-stablelm-base-alpha-3b-v2,nonmember,https://www.foxnews.com/us/maryland-resident-squatters-bedroom-belongings-sold,0.1500282094314076
ref-stablelm-base-alpha-3b-v2,nonmember,https://www.arkansasonline.com/news/2022/jul/22/hot-springs-man-33-accused-of-beating-stepfather/,0.29461170488922916
ref-stablelm-base-alpha-3b-v2,nonmember,https://cbs4indy.com/reviews/br/lawn-garden-br/lawn-care-br/the-best-lawn-aerators-2022/,-1.6259741289904024
ref-stablelm-base-alpha-3b-v2,nonmember,https://www.washingtonpost.com/arts-entertainment/2022/07/21/baltimore-symphony-jonathon-heyward/,0.4333743276067672
ref-stablelm-base-alpha-3b-v2,nonmember,https://www.kait8.com/prnewswire/2022/05/20/dewy-lab-testifies-rise-development-clean-beauty-china/,-2.139934300799061
ref-stablelm-base-alpha-3b-v2,nonmember,https://www.wfaa.com/article/news/crime/dfw-teens-arrested-aggravated-robbery-may-connected-at-least-10/287-104a010c-e35c-4a9c-a8b1-74ec813973d1,0.2827118071855188
ref-stablelm-base-alpha-3b-v2,nonmember,https://www.koin.com/news/ap-top-headlines/arizona-gop-primary-tests-power-of-trumps-election-lies/,-2.0843351444858436
ref-stablelm-base-alpha-3b-v2,nonmember,https://www.yourbasin.com/reviews/br/camping-outdoors-br/seating-br/best-outdoor-stool/,-1.8066952446784896
ref-stablelm-base-alpha-3b-v2,nonmember,https://www.mrt.com/news/article/Richmond-officials-approve-plan-to-hold-gun-17240475.php,-1.8027385491908134
ref-stablelm-base-alpha-3b-v2,nonmember,https://www.wfmz.com/news/pr_newswire/pr_newswire_business/leviev-diamonds-netflix-tinder-swindler-stars-collaborate-on-diamond-bracelet-stronger-together/article_4273d77c-1521-5ad4-85fa-a80dfdb78b84.html,0.7922595555772523
ref-stablelm-base-alpha-3b-v2,nonmember,https://www.wibw.com/prnewswire/2022/06/27/truist-announces-planned-dividend-increase-following-release-2022-ccar-results/,-1.2069502776135264
ref-stablelm-base-alpha-3b-v2,nonmember,https://www.ourmidland.com/news/article/US-approves-massive-arms-sale-to-Saudi-UAE-to-17346572.php,-1.7342691628548157
ref-stablelm-base-alpha-3b-v2,nonmember,https://www.wbtv.com/prnewswire/2022/06/23/goodness-growth-holdings-launches-hicolor-cannabis-chews-new-york/,-1.759740833558709
ref-stablelm-base-alpha-3b-v2,nonmember,https://www.wflx.com/prnewswire/2022/06/27/natural-phenomenon-or-eight-legged-ad-pringles-logo-spotted-somewhere-very-unexpected/,-1.8250469439451684
ref-stablelm-base-alpha-3b-v2,nonmember,https://www.ktre.com/prnewswire/2022/09/06/ceco-environmental-present-upcoming-24th-annual-hc-wainwright-global-investment-conference-lake-street-6th-annual-best-ideas-growth-conference/,-1.6783924593943365
ref-stablelm-base-alpha-3b-v2,nonmember,https://www.seattlepi.com/weather/article/CA-WFO-LAS-VEGAS-Warnings-Watches-and-Advisories-17355308.php,-1.6046292188880091
ref-stablelm-base-alpha-3b-v2,nonmember,https://www.sfgate.com/shopping/article/Under-the-Banner-of-Heaven-hulu-critical-acclaim-17127616.php,0.23510821658588865
ref-stablelm-base-alpha-3b-v2,nonmember,https://www.wivb.com/entertainment-news/man-shot-dead-while-working-at-law-order-film-location/,-1.5547267390440724
ref-stablelm-base-alpha-3b-v2,nonmember,https://www.mcall.com/news/pennsylvania/capitol-ideas/mc-nws-pa-distill-brew-bill-20220907-66n36o74uvckrda6mcpdxccffu-story.html,0.4050399298214886
ref-stablelm-base-alpha-3b-v2,nonmember,https://www.springfieldnewssun.com/nation-world/democrat-alex-lasry-to-drop-out-of-wisconsin-senate-race/KMQYWWGZMVFQHMFSNJUWWJVPH4/,-1.3365770653418865
ref-stablelm-base-alpha-3b-v2,nonmember,https://www.kfyrtv.com/2022/08/30/2-more-r-kelly-accusers-testify-trial-chicago/,-2.106849936788429
ref-stablelm-base-alpha-3b-v2,nonmember,https://www.dailycamera.com/2022/07/12/nsf-funding-20m-cu-environmental-science-effort/,0.131342912742217
ref-stablelm-base-alpha-3b-v2,nonmember,https://www.wsaz.com/prnewswire/2022/06/22/hihotels-by-hospitality-international-expands-inncentive-instant-rewards-program-offer-more-value-savings/,-1.5042246504530996
ref-stablelm-base-alpha-3b-v2,nonmember,https://www.wsaz.com/prnewswire/2022/08/22/20th-annual-pay-it-forward-911-inspires-random-acts-kindness-11-days-kindness-amp-unity/,-2.179870592604037
ref-stablelm-base-alpha-3b-v2,nonmember,https://www.wric.com/news/u-s-world/derogatory-native-american-term-officially-scrubbed-from-federal-use/,-2.1566459442765513
ref-stablelm-base-alpha-3b-v2,nonmember,https://wtmj.com/ap-news/2022/05/19/canada-bans-chinas-huawei-technologies-from-5g-networks-6/,-1.8795170241284997
ref-stablelm-base-alpha-3b-v2,nonmember,https://www.ijpr.org/npr-news/2022-05-10/biden-names-combating-inflation-and-rising-costs-as-his-top-domestic-priority,-2.0339807473985996
ref-stablelm-base-alpha-3b-v2,nonmember,https://www.kbtx.com/prnewswire/2022/06/29/glass-higgins-abraham-17-appointed-arcadia-university-board-trustees/,-0.8073345355980577
ref-stablelm-base-alpha-3b-v2,nonmember,https://www.kalb.com/prnewswire/2022/07/05/wright-floods-kelly-nugent-promoted-senior-vice-president-sales-marketing/,-0.6397809569558954
ref-stablelm-base-alpha-3b-v2,nonmember,https://www.wtvr.com/news/local-news/metro-richmond-gas-averages-rise,0.05676509043253919
ref-stablelm-base-alpha-3b-v2,nonmember,https://phl17.com/news/international/ap-international/iran-us-eu-to-send-envoys-to-vienna-for-nuclear-talks/,-1.9970319442616544
ref-stablelm-base-alpha-3b-v2,nonmember,https://www.sfchronicle.com/news/article/EXPLAINER-Can-Europe-live-without-Russian-17316966.php,-2.2999315309071506
ref-stablelm-base-alpha-3b-v2,nonmember,https://www.cenlanow.com/sports/ap-source-browns-work-out-qbs-while-awaiting-watson-ruling/,-1.6385552509439734
ref-stablelm-base-alpha-3b-v2,nonmember,https://fox59.com/sports/ap-sports/65000-tickets-sold-in-24-hours-for-england-us-womens-game/,-1.723203947895109
ref-stablelm-base-alpha-3b-v2,nonmember,https://www.wdtn.com/news/u-s-world/ap-international/gabon-and-togo-admitted-into-commonwealth-group-of-nations/,-2.086222352146203
ref-stablelm-base-alpha-3b-v2,nonmember,https://phl17.com/national-news/1on1-chris-trevino-on-usc-ucla-joining-the-big-ten/,0.23077099488460417
